finding_id,current_term,complete_current_phrase,file,line,route_or_surface,persona,visible_to_user,usage_type,localization_key,current_english,current_arabic,proposed_english,proposed_arabic,classification,legal_or_regulatory_risk,rationale,implementation_status,validation_evidence
F0-001,dossier,strings.dossier row-action link text,apps/web/src/app/factories/FactoryList.tsx,93,/factories (Factory list),All authenticated web users,yes,JSX rendered link text,f360.list.dossier,dossier,(none found),View factory,عرض ملف المصنع,A,none,Factory-list row action navigating to a factory detail page - the exact scenario the ban targets,implemented,"typecheck pass; edited apps/web/src/app/factories/FactoryList.tsx (row-action rendered via strings.dossier, sourced from page.tsx t() fallback)"
F0-002,dossier,"t(""f360.list.dossier"", ""dossier"") fallback feeding FactoryList row link",apps/web/src/app/factories/page.tsx,51,/factories (Factory list),All authenticated web users,yes,translation fallback string,f360.list.dossier,dossier,(none found),View factory,عرض ملف المصنع,A,none,Same row-action string as F0-001; fix at the source of the translation fallback,implemented,typecheck pass; edited apps/web/src/app/factories/page.tsx:51
F0-003,dossier,This CR dossier is outside your authorized permissions.,apps/web/src/app/factories/cr/[id]/page.tsx,31,/factories/cr/:id (Factory profile - web),All authenticated web users,yes,translation fallback (EmptyState body),f360.permission.body,This CR dossier is outside your authorized permissions.,(none found),This CR profile is outside your authorized permissions.,ليس لديك صلاحية الوصول إلى ملف هذا المصنع.,A,none,Destination-page concept - CR dossier becomes CR profile,implemented,typecheck pass; edited apps/web/src/app/factories/cr/[id]/page.tsx:31 (EN verbatim per task spec: 'You do not have access to this factory profile.')
F0-004,dossier,Factory 360 dossier unavailable,apps/web/src/app/factories/cr/[id]/page.tsx,37,/factories/cr/:id (Factory profile - web),All authenticated web users,yes,translation fallback (Shell title),f360.notFound.title,Factory 360 dossier unavailable,(none found),Factory 360 profile unavailable,ملف المصنع الشامل غير متاح,A,none,"Keep ""Factory 360"" module name intact per instruction; only the trailing word changes",implemented,typecheck pass; edited apps/web/src/app/factories/cr/[id]/page.tsx:37
F0-005,dossier,This CR dossier is outside your authorized permissions. (iPad mirror),apps/web/src/app/field/factory-360/[id]/page.tsx,42,/field/factory-360/:id (Factory profile - iPad),Inspector (iPad field),yes,translation fallback (EmptyState body),f360.permission.body,This CR dossier is outside your authorized permissions.,(none found),This CR profile is outside your authorized permissions.,ليس لديك صلاحية الوصول إلى ملف هذا المصنع.,A,none,Shared key with F0-003 via the shared lib/factory360/dossier loader; web and iPad must change together to stay identical by construction,implemented,typecheck pass; edited apps/web/src/app/field/factory-360/[id]/page.tsx:42 (shared key with F0-003)
F0-006,dossier,Factory 360 dossier unavailable (iPad mirror),apps/web/src/app/field/factory-360/[id]/page.tsx,49,/field/factory-360/:id (Factory profile - iPad),Inspector (iPad field),yes,translation fallback (Shell title),f360.notFound.title,Factory 360 dossier unavailable,(none found),Factory 360 profile unavailable,ملف المصنع الشامل غير متاح,A,none,Shared key with F0-004,implemented,typecheck pass; edited apps/web/src/app/field/factory-360/[id]/page.tsx:49 (shared key with F0-004)
F0-007,dossier,"aria-label=""Loading factory dossier""",apps/web/src/app/factories/[id]/loading.tsx,6,/factories/:id (loading state),All authenticated web users,yes,aria-label (screen reader),(none - hardcoded attribute),Loading factory dossier,(none),Loading factory profile,جارٍ تحميل ملف المصنع,D,none,Screen-reader-only loading announcement; not localized via t(),implemented,typecheck pass; edited apps/web/src/app/factories/[id]/loading.tsx:6 aria-label
F0-008,dossier,Click a pin to open the visit or factory dossier.,apps/web/src/app/operations/page.tsx,382,/operations (Operations Center map),Operations staff,yes,translation fallback (map hint text),ops.map.selectHint,Click a pin to open the visit or factory dossier.,(none found),Click a pin to open the visit or factory profile.,انقر على دبوس لفتح الزيارة أو ملف المصنع.,A,none,Destination-page concept referenced in a hint sentence,pending,
F0-009,dossier,Factory 360 dossiers are read-only. (banner),apps/web/src/app/admin/integrations/factory-data/page.tsx,26,/admin/integrations/factory-data,Admin,yes,hardcoded JSX text (not localized),(none - hardcoded string),Factory 360 dossiers are read-only.,(none),Factory 360 profiles are read-only.,ملفات المصنع 360 للقراءة فقط.,A,none,Hardcoded banner text; also flag as a localization gap since it bypasses t(),implemented,typecheck pass; edited apps/web/src/app/admin/integrations/factory-data/page.tsx:26 (hardcoded banner text; not wired through t())
F0-010,dossier,Open read-only dossier (link text),apps/web/src/app/admin/integrations/factory-data/page.tsx,39,/admin/integrations/factory-data,Admin,yes,hardcoded JSX link text,(none - hardcoded string),Open read-only dossier,(none),Open read-only profile,فتح الملف للقراءة فقط,A,none,Row-action-like link to a factory profile; hardcoded (localization gap),pending,
F0-011,dossier,"openDossier: t(""admin.reg.r1.openDossier"", ""Open dossier"")",apps/web/src/app/admin/regulations/page.tsx,150,/admin/regulations (Compliance Library),Admin,yes,translation fallback (link/button label),admin.reg.r1.openDossier,Open dossier,فتح الملف,Open regulation detail,فتح السجل,A,none,"Not a factory context - this opens a regulation record detail, so it needs its own plain-language label rather than the factory glossary mapping verbatim; product to confirm exact wording",pending,
F0-012,dossier,openDossier: string prop + {s.openDossier} render,apps/web/src/app/admin/regulations/Controls.tsx,62,/admin/regulations (Compliance Library),Admin,yes,prop type + rendered label (line 338 renders it),admin.reg.r1.openDossier,(passthrough of F0-011 string),(passthrough),Open regulation detail,فتح السجل,A,none,Same string as F0-011 flowing through a typed prop; update together,pending,
F0-013,dossier,"dossier:""Point-in-time dossier"" heading",apps/web/src/app/admin/audit/AuditReplayWorkspace.tsx,13,/admin/audit (Flight Recorder),Admin,yes,object literal rendered as <h3>{L.dossier},(inline strings object - no t() wrapper),Point-in-time dossier,ملف الحالة في لحظة,Point-in-time profile,ملف الحالة في لحظة,A,none,"EN still says ""dossier""; AR translation already avoids it (uses ملف/""file""), so EN is the outlier needing alignment",pending,
F0-014,portfolio,"portfolio:""Portfolio / current readable scope""",apps/web/src/app/admin/audit/AuditReplayWorkspace.tsx,13,/admin/audit (Flight Recorder),Admin,yes,object literal rendered label,(inline strings object - no t() wrapper),Portfolio / current readable scope,المحفظة / النطاق المقروء الحالي,All licenses / current readable scope,كل التراخيص / النطاق المقروء الحالي,A,none,"Glossary swap portfolio -> All licenses; needs a compound-label rewrite since it is paired with """"current readable scope""""",pending,
F0-015,portfolio,"selectCase body text ""Portfolio or partial-page events never satisfy case completeness.""",apps/web/src/app/admin/audit/AuditReplayWorkspace.tsx,13,/admin/audit (Flight Recorder),Admin,yes,object literal rendered body text,(inline strings object - no t() wrapper),Portfolio or partial-page events never satisfy case completeness.,لا تحقق أحداث المحفظة أو الصفحة الجزئية اكتمال الحالة.,All-licenses or partial-page events never satisfy case completeness.,لا تحقق أحداث كل التراخيص أو الصفحة الجزئية اكتمال الحالة.,A,none,Same glossary swap in a different sentence in the same file,pending,
F0-016,dossier,"consequence text ""The committee decision dossier is not enabled here...""",apps/web/src/app/committee/page.tsx,18,/committee,Committee members / Admin,yes,translation fallback (NotYetBoundary consequence text),cmte.off,The committee decision dossier is not enabled here. PKI/EBDA verification is held.,(none found),The committee decision profile is not enabled here. PKI/EBDA verification is held.,سجل قرار اللجنة غير مُفعَّل هنا. التحقق عبر البنية التحتية للمفتاح العام/إبدأ موقوف.,A,none,Destination-page concept phrased as a feature description,pending,
F0-017,DOSSIER,"seam=""FEATURE_DECISION_DOSSIER=off + PKI/EBDA held""",apps/web/src/app/committee/page.tsx,19,/committee,Committee members / Admin,yes,raw env-var name rendered inside an expandable <details>/<summary> via NotYetBoundary seam prop,(none - hardcoded string; raw env var name),FEATURE_DECISION_DOSSIER=off + PKI/EBDA held,(none - same string; not localized),FEATURE_DECISION_PROFILE=off + PKI/EBDA held (or stop passing the raw flag name to the user-visible seam prop),(same treatment),F,none,"Dev-jargon leak: a curious user can expand ""Why / prerequisites"" (see apps/web/src/components/NotYetBoundary.tsx:43) and see the raw env-var name containing DOSSIER; low severity; needs a product call on whether renaming the flag is in scope vs. just not surfacing the raw name",pending,
F0-018,dossier,CD006-011 frontend strings migration UI copy,supabase/migrations/20260715210000_cd006_011_frontend_strings.sql,(see migration - admin.unauthorized.* keys),/admin (various admin screens),Admin,yes,ui_strings table row (en/ar columns),admin.unauthorized.body / admin.unauthorized.return,Return to your assigned workspace / Return to my workspace,العودة إلى مساحة العمل المخصصة لك / العودة إلى مساحتي,(workspace glossary swap - see WORKSPACE findings F0-020..F0-023; this row is unrelated to dossier; listed here as a ui_strings example),(pending decision),F,none,Confirms ui_strings is the single bilingual localization table (0013_ui_strings_localization.sql creates it); this row demonstrates the workspace term appearing in seeded copy outside apps/web source,pending,
F0-019,dossier,admin.reg.r1.openDossier ui_strings seed row,supabase/migrations/20260715100000_cd005_cd006_ar_strings.sql,38,/admin/regulations (Compliance Library),Admin,yes,ui_strings table row (en/ar columns),admin.reg.r1.openDossier,Open dossier,فتح الملف,Open regulation detail,فتح السجل,A,none,DB seed source for F0-011/F0-012; migration and app code must be updated together (new migration to update the row; not an edit to the frozen historical migration),pending,
F0-019b,dossier,admin.reg.r1.detail.auditNote body text,supabase/migrations/20260715100000_cd005_cd006_ar_strings.sql,77,/admin/regulations (Compliance Library detail),Admin,yes,ui_strings table row (en/ar columns),admin.reg.r1.detail.auditNote,Regulation-row changes are audit-tracked by the generic trigger. Clause additions on this dossier are NOT audited.,تُدقَّق تغييرات صف اللائحة عبر المُشغّل العام. إضافات البنود في هذا الملف غير مُدقَّقة.,Regulation-row changes are audit-tracked by the generic trigger. Clause additions on this record are NOT audited.,تُدقَّق تغييرات صف اللائحة عبر المُشغّل العام، كما تُدقَّق إضافات البنود في هذا السجل أيضًا (trg_audit_regulation_clauses).,A,none,"AR already avoids ""dossier"" (uses الملف); EN needs alignment via a new forward migration",pending,
F0-019c,dossier,admin.reg.r1.detail.blocked.route.reason body text,supabase/migrations/20260715100000_cd005_cd006_ar_strings.sql,101,/admin/regulations/:id (blocked route reason),Admin,yes,ui_strings table row (en/ar columns),admin.reg.r1.detail.blocked.route.reason,/admin/regulations/:id is not implemented — this dossier is a logical mode,‏/admin/regulations/:id غير مُنفّذ — هذا الملف وضع منطقي,/admin/regulations/:id is not implemented — this record view is a logical mode,‏/admin/regulations/:id غير مُنفّذ — هذا السجل وضع منطقي,A,none,Same pattern as F0-019b,pending,
F0-020,scan-first queue,Scan-first queue banner heading,apps/web/src/app/reviews/page.tsx,278,/reviews (Review queue),Reviewer / Committee,yes,translation fallback (banner heading + body),review.list.scanTitle / review.list.scanBody,"Scan-first queue / Opening a review is read-only. Starting and deciding happen in the workspace as explicit, audited actions. This queue never edits inspector content or mutates state.",(none found for either key),"Review overview / Opening a review is read-only. Starting and deciding happen in Open review as explicit, audited actions. This queue never edits inspector content or mutates state.",(pending AR authoring),A,none,Exact match to the approved glossary swap scan-first queue -> Review overview; isolated single occurrence,pending,
F0-021,workspace,"colOpen table header ""Workspace""",apps/web/src/app/reviews/page.tsx,236,/reviews (Review queue table),Reviewer / Committee,yes,translation fallback (table column header),review.list.colOpen,Workspace,(none found),Open review,المراجعة,A,none,Exact glossary match workspace -> Open review; table header for the row-action column,pending,
F0-022,workspace,"open row-action link text ""Open workspace""",apps/web/src/app/reviews/page.tsx,237,/reviews (Review queue table),Reviewer / Committee,yes,translation fallback (row-action link text),review.list.open,Open workspace,(none found),Open review,فتح المراجعة,A,none,Companion to F0-021; highest-priority workspace fix (row-action link),pending,
F0-023,workspace,"body copy ""...happen in the workspace as explicit, audited actions...""",apps/web/src/app/reviews/page.tsx,278,/reviews (Review queue banner),Reviewer / Committee,yes,translation fallback (banner body; same key as F0-020),review.list.scanBody,(see F0-020 full text),(none found),(see F0-020 proposed text),(pending AR authoring),A,none,Same string as F0-020; the word workspace appears mid-sentence in the same banner,pending,
F0-024,workspace,"ws.unauthBody ""This workspace requires the Level 2 Reviewer role...""",apps/web/src/app/reviews/[id]/page.tsx,61,/reviews/:id (Review detail - unauthorized),Reviewer / Committee,yes,translation fallback (unauthorized message body),review.ws.unauthBody,This workspace requires the Level 2 Reviewer role and matching scope. Navigation visibility is not authorization; RLS remains the boundary.,(none found),This review requires the Level 2 Reviewer role and matching scope. Navigation visibility is not authorization; access control remains the boundary.,تتطلب مساحة العمل هذه دور مراجع المستوى الثاني والنطاق المطابق له. ظهور الرابط في التنقل لا يعني وجود صلاحية.,A,none,"Workspace -> Open review glossary swap; also contains a second internal term ""RLS"" leaking into user copy, flagged separately as F0-040",pending,
F0-025,registry,The registry is temporarily unavailable. Nothing was changed.,apps/web/src/app/factories/cr/[id]/page.tsx,39,/factories/cr/:id (Factory profile - web),All authenticated web users,yes,translation fallback (error/neutral state),f360.err.neutral,The registry is temporarily unavailable. Nothing was changed.,(none found),The Factory list is temporarily unavailable. Nothing was changed.,قائمة المصانع غير متاحة مؤقتًا. لم يتم تغيير أي شيء.,A,none,Glossary swap registry -> Factory list; shared with the iPad mirror at F0-026,implemented,"typecheck pass; edited apps/web/src/app/factories/cr/[id]/page.tsx:39; EN applies literal glossary swap (registry -> Factory list), not the not-found phrasing, per task spec"
F0-026,registry,The registry is temporarily unavailable. Nothing was changed. (iPad mirror),apps/web/src/app/field/factory-360/[id]/page.tsx,51,/field/factory-360/:id (Factory profile - iPad),Inspector (iPad field),yes,translation fallback (error/neutral state),f360.err.neutral,The registry is temporarily unavailable. Nothing was changed.,(none found),The Factory list is temporarily unavailable. Nothing was changed.,قائمة المصانع غير متاحة مؤقتًا. لم يتم تغيير أي شيء.,A,none,Same key as F0-025; must change together per shared-loader construction,implemented,typecheck pass; edited apps/web/src/app/field/factory-360/[id]/page.tsx:51 (shared key with F0-025)
F0-027,registry,"admin.template.heading ""Governed template registry""",supabase/migrations/20260715210000_cd006_011_frontend_strings.sql,230,/admin (governed templates screen),Admin,yes,ui_strings table row (en/ar columns),admin.template.heading,Governed template registry,سجل القوالب المحكوم,Governed template list,قائمة القوالب المحكومة,B,none,"Admin-facing but still user-visible copy; glossary swap applies (registry -> list variant), needs product confirmation since this is an admin config screen not the Factory list",pending,
F0-028,portfolio,License portfolio section heading,apps/web/src/app/factories/cr/[id]/page.tsx,106,/factories/cr/:id (Factory profile - web),All authenticated web users,yes,translation fallback (section <h3>),f360.cr.portfolio,License portfolio,(none found),All licenses,جميع التراخيص,A,none,Glossary swap portfolio -> All licenses; shared with iPad at F0-029,implemented,typecheck pass; edited apps/web/src/app/factories/cr/[id]/page.tsx:106
F0-029,portfolio,"noAggregate caption ""Portfolio facts only...""",apps/web/src/app/factories/cr/[id]/page.tsx,115,/factories/cr/:id (Factory profile - web),All authenticated web users,yes,translation fallback (caption text),f360.cr.noAggregate,Portfolio facts only. No CR-level risk score or compliance rate is calculated.,(none found),All-licenses facts only. No CR-level risk score or compliance rate is calculated.,بيانات جميع التراخيص فقط. لا يُحتسب معدل مخاطر أو نسبة امتثال على مستوى السجل التجاري.,A,none,Same key rendered on both web and iPad (apps/web/src/app/field/factory-360/[id]/page.tsx:159),implemented,"typecheck pass; edited apps/web/src/app/factories/cr/[id]/page.tsx:115 and apps/web/src/app/field/factory-360/[id]/page.tsx:159 (shared key); AR not authored, no existing AR source found for f360.cr.noAggregate - left for Wave 4"
F0-030,lineage,"f360.enforcement.heading ""Penalty lineage""",apps/web/src/app/factories/cr/[id]/page.tsx,224,/factories/cr/:id (Factory profile - web),All authenticated web users,yes,translation fallback (section <h2>),f360.enforcement.heading,Penalty lineage,(none found),Penalty history,سجل العقوبات,A,none,Glossary swap lineage -> history; shared with iPad at apps/web/src/app/field/factory-360/[id]/page.tsx:198,implemented,typecheck pass; edited apps/web/src/app/factories/cr/[id]/page.tsx:224 and apps/web/src/app/field/factory-360/[id]/page.tsx:198 (shared key); EN 'Penalty history' per glossary
F0-031,lineage,"admin.reg.lineage.heading ""Version lineage""",apps/web/src/app/admin/regulations/page.tsx,403,/admin/regulations (Compliance Library detail),Admin,yes,translation fallback (section <h3>),admin.reg.lineage.heading,Version lineage,(none found),Version history,سجل الإصدارات,B,none,"Glossary swap lineage -> history; admin-facing, still user-visible",pending,
F0-032,lineage,"admin.reg.lineage.successor ""governed successor""",apps/web/src/app/admin/regulations/page.tsx,408,/admin/regulations (Compliance Library detail),Admin,yes,translation fallback (inline text near F0-031 heading),admin.reg.lineage.successor,governed successor,(none found),newer version,(pending AR authoring),B,none,Companion phrase to F0-031 in the same section,pending,
F0-033,SLA,"ops.sla.heading ""SLA watch (ENG-09)""",apps/web/src/app/operations/page.tsx,517,/operations (Operations Center),Operations staff,yes,translation fallback (section heading),ops.sla.heading,SLA watch (ENG-09),(none found),Deadline watch,تنبيهات المواعيد النهائية,A,none,"ENG-09 is an internal requirement ID leaking into a user-visible heading (see F0-041); operations staff are ordinary users per the glossary carve-out (SLA kept only in admin config), so this becomes Deadline",pending,
F0-034,SLA,"ops.sla.empty.title ""No SLA breaches in scope""",apps/web/src/app/operations/page.tsx,519,/operations (Operations Center),Operations staff,yes,translation fallback (EmptyState title),ops.sla.empty.title,No SLA breaches in scope,(none found),No deadline breaches in scope,لا توجد تنبيهات مواعيد نهائية ضمن النطاق,A,none,Companion empty-state to F0-033,pending,
F0-035,SLA,"ops.sla.th.sla table header ""SLA""",apps/web/src/app/operations/page.tsx,436,/operations (Operations Center table),Operations staff,yes,translation fallback (table column header),ops.sla.th.sla,SLA,(none found),Deadline status,حالة الموعد النهائي,A,none,"Table already has a separate ""Deadline"" column (ops.sla.th.deadline) at line 435 - the two headers are inconsistent today; product must decide the final two-column wording (e.g. Deadline / Deadline status) to avoid a duplicate ""Deadline"" header",pending,
F0-036,SLA,dashboard SLA breach rate metric title,apps/web/src/app/dashboard/DashboardView.tsx,182,/dashboard,All authenticated web users,yes,inline copy() call rendered as MetricCard title,(none - inline copy() helper; no t() key),SLA breach rate,معدل تجاوز اتفاقية الخدمة,Deadline breach rate,معدل تجاوز الموعد النهائي,A,none,Dashboard is an ordinary-user surface per glossary carve-out (SLA kept only in admin config screens),pending,
F0-037,SLA,dashboard SLA configuration error text,apps/web/src/app/dashboard/page.tsx,162,/dashboard,All authenticated web users,yes,inline text() helper rendered as error/status label,(none - inline text() helper; no t() key),SLA configuration,تهيئة اتفاقية مستوى الخدمة,Deadline configuration,تهيئة الموعد النهائي,A,none,Companion to F0-036 on the dashboard error path,pending,
F0-038,geofence,"ops.override.heading ""Geofence override approvals (M04-043)""",apps/web/src/app/operations/page.tsx,388,/operations (Operations Center),Operations staff,yes,translation fallback (section heading),ops.override.heading,Geofence override approvals (M04-043),(none found),Location exception approvals,طلبات استثناء الموقع,A,none,"Also leaks internal requirement code M04-043 into user-visible text (see F0-041); Operations Center is not the GIS-admin carve-out, so geofence -> location exception applies",pending,
F0-039,geofence,"field.start.geofenceHeading ""Geofence — {name}""",apps/web/src/app/field/[visitId]/page.tsx,99,/field/:visitId (Inspector check-in - iPad),Inspector (iPad field),yes,translation fallback (section heading),field.start.geofenceHeading,Geofence — {name},(none found),Location exception — {name},استثناء الموقع — {name},A,none,Inspector-facing per the glossary carve-out (geofence -> location exception for inspectors); companion string field.start.geofenceCheck at line 98 needs the same treatment,pending,
F0-040,RLS-scoped,"context lozenge ""SCR-WEB-300 · /reviews · RLS-scoped""",apps/web/src/app/reviews/page.tsx,268,/reviews (Review queue),Reviewer / Committee,yes,translation fallback rendered inside an legacy-lozenge badge,review.list.context,SCR-WEB-300 · /reviews · RLS-scoped,(none found),(needs product decision — likely remove or replace with plain-language scope note; badge may be an intentional traceability affordance; out of scope for this wave),قائمة للاطّلاع فقط,F,none,"Raw dev/DB-security term ""RLS-scoped"" and internal screen code SCR-WEB-300 shown in a user-visible badge; also occurs at apps/web/src/app/visits/page.tsx:202,214 (""SCR-WEB-200/210 · RLS-scoped""); flagged for a product decision before remediation since it may be a deliberate traceability convention",pending,
F0-041,ENG- / M0x- codes,"Requirement codes embedded in visible headings (ENG-09, M04-043, M07-001/-018)",apps/web/src/app/operations/page.tsx,517,/operations and related admin screens,Operations staff / Admin,yes,translation fallback headings containing bracketed requirement IDs,ops.sla.heading / ops.override.heading,SLA watch (ENG-09) / Geofence override approvals (M04-043),(none found),(strip the bracketed code from user-visible text; keep the code in code comments/tests only),(pending),F,none,Pattern repeats across Operations Center headings; representative sample only - a full sweep for bracketed requirement codes in headings is recommended as part of Wave 3 (Administration/Operations),pending,
F0-042,dossier,D3-07_factory-360.html <title> golden-screen mockup,design/retired-predecessor/d3/D3-07_factory-360.html,5,Design mockup (golden screen #6 - Factory 360),Design/engineering reviewers,yes,HTML <title> tag (browser tab text in the mockup),(none - static design HTML),retired predecessor D3 · SCR-WEB-400 — Factory 360 (golden #6 dossier half),(none),retired predecessor D3 · SCR-WEB-400 — Factory 360 (golden #6 profile half),(none),A,none,"Design source-of-truth HTML mockup; needs to be updated in lockstep with the app so future implementers do not reintroduce ""dossier""",implemented,typecheck pass; edited design/retired-predecessor/d3/D3-07_factory-360.html:5 <title>
F0-043,dossier,Export dossier (permission-gated) button,design/retired-predecessor/d3/D3-07_factory-360.html,27,Design mockup (golden screen #6 - Factory 360),Design/engineering reviewers,yes,HTML <button> visible text,(none - static design HTML),Export dossier (permission-gated),(none),Export profile (permission-gated),(none),E,none,Design mockup button text; corresponds to a future export/report feature — classify as export/report copy,implemented,typecheck pass; edited design/retired-predecessor/d3/D3-07_factory-360.html:27 button text
F0-044,dossier,Full dossier ↗ link text,design/retired-predecessor/d3/D3-03_single-planning-wizard.html,251,Design mockup (single planning wizard),Design/engineering reviewers,yes,HTML <a> visible text,(none - static design HTML),Full dossier ↗,(none),Full profile ↗,(none),A,none,Design mockup link to the Factory 360 golden screen; same destination-page wording rule applies,implemented,typecheck pass; edited design/retired-predecessor/d3/D3-03_single-planning-wizard.html:251 link text
F0-045,dossier,"Contract traceability heading mentioning ""Factory 360 dossier half""",design/retired-predecessor/d6/D6-01_operations-center.html,155,Design mockup (Operations Center golden screen),Design/engineering reviewers,yes,HTML <h5> visible text,(none - static design HTML),Contract traceability — GOLDEN SCREEN #6 (Operations half; Factory 360 dossier half = D3-F07),(none),Contract traceability — GOLDEN SCREEN #6 (Operations half; Factory 360 profile half = D3-F07),(none),A,none,Cross-reference heading between the two golden-screen mockups,implemented,typecheck pass; edited design/retired-predecessor/d6/D6-01_operations-center.html:155 heading text
F0-046,dossier,Contract traceability inline span (frame annotation),design/retired-predecessor/d3/D3-07_factory-360.html,144,Design mockup (golden screen #6 - Factory 360),Design/engineering reviewers,yes,HTML <span> visible text,(none - static design HTML),"Screen: SCR-WEB-400 Factory 360 — regions: profile; license; CR; location; metrics; history; findings; docs; timeline · states: subservice degraded; stale source (+ loading/restricted). Full-page dossier, not a card (M07-001/-018); entity dossier with longitudinal context, no marketing profile (Web spec §7).",(none),"Screen: SCR-WEB-400 Factory 360 — regions: profile; license; CR; location; metrics; history; findings; docs; timeline · states: subservice degraded; stale source (+ loading/restricted). Full-page profile, not a card (M07-001/-018); entity profile with longitudinal context, no marketing profile (Web spec §7).",(none),A,none,"Contains ""dossier"" twice in one annotation span; also already uses the word ""profile"" once for a different meaning (marketing profile) so the rewrite must disambiguate carefully",implemented,"typecheck pass; edited design/retired-predecessor/d3/D3-07_factory-360.html:144 span annotation (both dossier occurrences swapped, 'marketing profile' occurrence preserved)"
F0-047,dossier,Committee decision dossier design/contract reference,product-contract/mvp2/m2-05/... and product-contract/execution/CURRENT_SLICE.yaml,(various),product-contract specs,N/A (internal contract),no,contract ID / spec prose (decision_dossier_v1 design-artifact key),(n/a),(n/a - internal),(n/a),(n/a),(n/a),I,none,"False-positive class: contract-ID and spec-prose references such as decision_dossier_v1 are internal identifiers, not rendered UI copy — see HISTORICAL_DOCUMENT_KEEP summary in the proposal doc",pending,
F0-048,dossier,loadFactory360Dossier / Factory360Dossier symbol family,apps/web/src/lib/factory360/dossier.ts; apps/web/src/lib/factory360/canonical-projection.ts,(multiple - see summary),shared lib (web + iPad),N/A (internal code),no,function/type/file names,(n/a),(n/a - internal symbol names),(n/a),(n/a - do not rename in this wave; internal refactor is out of scope),(n/a),F,none,"Internal-only symbol/file-name family: apps/web/src/lib/factory360/dossier.ts (~10 hits), canonical-projection.ts (~18 hits), plus ~25 e2e spec file/selector references (e.g. factory360-cr-dossier-contract.spec.ts) and ~22 CSS class selectors in apps/web/src/app/login/login.css (lg-atlas3d__dossier*) and apps/web/src/app/login/SaudiIndustrialAtlas.tsx (dossierStrings prop, ~14 hits). None of these render literal ""dossier"" text to a user. Left unrenamed in Wave 0/1; a later refactor wave may rename for internal consistency but it is not required to satisfy the UI ban.",pending,
F0-049,dossier,login SaudiAtlasDossier component + DossierStrings type,apps/web/src/app/login/SaudiAtlasDossier.tsx; apps/web/src/app/login/StoryPanel.tsx; apps/web/src/app/login/page.tsx,(component-wide; page.tsx:118),/login,All users (pre-auth),no,"component/type/prop names; the strings object itself only has keys industry/state/close/mapLabel with no literal """"dossier"""" text rendered",(n/a),(n/a - internal),(n/a),"(n/a - no literal user-visible """"dossier"""" text found in this component; verified no rendered occurrence)",(n/a),I,none,"False positive for literal user-visible text: the component and prop names contain ""dossier"" but the strings actually rendered to the user do not include the word",pending,
F0-050,dossier,IdentityDossier.tsx component (Planning single-inspection wizard),apps/web/src/app/planning/single/IdentityDossier.tsx,(component-wide),/planning/single (Planning wizard),Planner,unverified — needs a closer read,component name + comments only found in this pass,(n/a),(n/a),(n/a),(n/a - recommend a dedicated read of this file's JSX in Wave 1 before concluding no user-visible text exists),(n/a),I,none,"Comments describe the panel (""Identity dossier: identifier grid…"") but no literal rendered ""dossier"" string was confirmed in this pass; flagged for a closer read rather than asserted internal-only, since this is one of the explicitly named target files for the Factory/CR identity panel",pending,
F0-051,immutable,Cluster of ~40+ user-visible immutable/Final-submitted-version strings,apps/web/src/app/visits/[id]/page.tsx; apps/web/src/app/admin/packages/page.tsx; apps/web/src/app/field/inspection/[id]/page.tsx; apps/web/src/app/reports/inspection/[id]/page.tsx; apps/web/src/app/reviews/page.tsx; apps/web/src/app/reviews/[id]/page.tsx; apps/web/src/app/factories/cr/[id]/page.tsx; and 10+ more files,(see summary - not individually enumerated in Wave 0),various (visits/admin/field/reports/reviews/factory profile),Mixed (all personas),yes,translation fallbacks + table headers + button text + badges,admin.pkg.immutable.title / .body; report.hist.immutable; and many more,(varies by file — see Wave 0 research notes),(varies),Final submitted version (contextual per string — badge vs. sentence vs. table header wording will differ),(pending per-string AR authoring),A,none,"Highest-volume glossary term after dossier itself; NOT exhaustively enumerated row-by-row in this Wave 0 CSV given the ~40+ distinct strings identified — recommend a dedicated Wave (Wave 2 candidate) with its own file-by-file inventory pass, since usages vary from short badges (""immutable"") to full sentences (""Published version — immutable."") to table headers (""Latest immutable version"")",pending,
F0-052,RLS,Test expectations asserting current EN copy for reviews/visits queues,apps/web/e2e/*.spec.ts (e.g. cd-031-factory-360.spec.ts; factory360-cr-dossier-contract.spec.ts),(multiple),e2e test suite,N/A (test code),no,Playwright assertions on visible text (toHaveText / getByText) referencing current strings containing dossier/registry/portfolio/lineage/workspace/scan-first,(n/a),(n/a - test code; not UI),(n/a),(n/a),(n/a),G,none,"Every A/B/C/D/E string change above has at least one Playwright spec asserting the current copy; each e2e spec touching a changed key must be updated in the same commit as the source change to avoid breaking the suite — not individually enumerated here (representative files: factory360-cr-dossier-contract.spec.ts, cd-031-factory-360.spec.ts, cd-022-identity-lens.spec.ts, remaining-requirements-backend.spec.ts, factory360-admin-control-plane.spec.ts, factory360-ipad-field.spec.ts, cd-005-006-regulations.spec.ts)",pending,
F0-053,dossier,product-contract audit/evidence prose describing the dossier feature,product-contract/evidence/*.md; product-contract/factory-360/*.csv; product-contract/mvp2/*; product-contract/mvp3/*,(n/a - 212 files contain a searched term across product-contract/),product-contract specs and evidence,N/A (internal contract/audit record),no,spec prose / audit verdicts / contract-column headers describing the built dossier feature,(n/a),(n/a - internal),(n/a),(n/a - historical documents kept as-is; contract authors should sanity-check that acceptance rows like DSG-026 still read correctly once the UI no longer uses the word),(n/a),H,none,"212 files across product-contract/ contain at least one searched term (evidence/ 87, factory-360/ 19, governance/ 13, execution/ 12, mvp2/ 7, mvp3/ 6, remainder scattered); sampled ~10+ files confirmed pattern is spec prose / audit verdicts / internal contract IDs, not literal proposed UI copy — kept as historical record, not remediated",pending,
F0-054,Commercial Registration / Violation / Compliance / Corrective Action,Legal/regulatory terms used contextually across Compliance and Enforcement surfaces,apps/web/src/app/admin/violations/page.tsx; apps/web/src/app/admin/compliance-requests/page.tsx; apps/web/src/app/admin/regulations/*.tsx,(multiple),/admin/violations; /admin/compliance-requests; /admin/regulations,Admin / Reviewer,yes,translation fallbacks using legal/regulatory vocabulary,(multiple keys — not individually enumerated),(varies),(varies),(no swap proposed — legal/regulatory terms are outside the plain-language glossary and require legal/business sign-off before any wording change),(n/a),C,yes — legal/regulatory terminology,"Legal-term class flagged for business/legal sign-off before any rewording is attempted, per the ban's own carve-out for Commercial Registration / Violation / Penalty / Compliance / Corrective Action / Approved-Rejected-Returned / Legal Identity vocabulary; representative surfaces only, not exhaustively enumerated in Wave 0",pending,
F0-052,dossier,"CR not in your scope or does not exist (shared f360.notFound.desc, 3 surfaces)",apps/web/src/app/field/factory-360/[id]/page.tsx; apps/web/src/app/factories/cr/[id]/page.tsx; apps/web/src/app/factories/[id]/page.tsx,50; 38; 94,/field/factory-360/:id + /factories/cr/:id + /factories/:id,All authenticated web users + Inspector (iPad field),yes,translation fallback (EmptyState title),f360.notFound.desc,CR not in your scope or does not exist / Not in your scope or does not exist,(none found),Factory registration not found or not available to you.,تسجيل المصنع غير موجود أو غير متاح لك.,A,none,Task-spec-mandated example mapping missed in Wave 0 discovery pass; caught during Wave 1 implementation review,implemented,typecheck pass; edited 3 files
F0-010,dossier,Open read-only dossier link,apps/web/src/app/admin/integrations/factory-data/page.tsx,39,/admin/integrations/factory-data,Admin,yes,hardcoded JSX text (not localized),(none - hardcoded string),Open read-only dossier,(none),Open read-only profile,(none),A,none,Missed finding_id in Wave 0 CSV; caught during Wave 1 review alongside F0-009 in the same file,implemented,typecheck pass; edited page.tsx:39
F0-053,dossier,Contract traceability h5 heading (uncatalogued in Wave 0),design/retired-predecessor/d3/D3-07_factory-360.html,143,Design mockup (golden screen #6 - Factory 360),Design/engineering reviewers,yes,HTML <h5> visible text,(none - static design HTML),"Contract traceability — this frame (golden #6, dossier half)",(none),"Contract traceability — this frame (golden #6, profile half)",(none),A,none,Adjacent to F0-046 in the same file; missed in Wave 0 CSV enumeration,implemented,typecheck pass; edited D3-07 line 143
W2-P-001,Bulk planning,Bulk planning — criteria & targeting,apps/web/src/app/planning/page.tsx,44,Planning,,,,,,,Plan multiple visits — criteria & targeting,,page-title/card-title,none,,implemented,Wave 2 (Planning); typecheck pass
W2-P-002,Single visit,Single visit,apps/web/src/app/planning/page.tsx,45,Planning,,,,,,,Plan one visit,,card-title,none,,implemented,Wave 2 (Planning); typecheck pass
W2-P-003,Immediate visit / Urgent dispatch,Immediate visit / Urgent dispatch; unregistered factory allowed with mandatory location,apps/web/src/app/planning/page.tsx,46,Planning,,,,,,,Create an urgent visit — Unregistered factory allowed with mandatory location,,card-title/description,none,,implemented,Wave 2 (Planning); typecheck pass
W2-P-004,factory master,AND/OR criteria over the factory master; many visits under one plan,apps/web/src/app/planning/page.tsx,44,Planning,,,,,,,AND/OR criteria over the Factory list; many visits under one plan,,card-description,none,,implemented,Wave 2 (Planning); typecheck pass
W2-P-005,No published inspection package,No published inspection package.,apps/web/src/app/planning/page.tsx,53,Planning,,,,,,,No active inspection checklist.,,banner,none,,implemented,Wave 2 (Planning); typecheck pass
W2-P-006,plan register,Open the plan register to inspect them.,apps/web/src/app/planning/page.tsx,68,Planning,,,,,,,Open Visit plans to inspect them. / Open Visit plans,,banner body / link text,none,,implemented,Wave 2 (Planning); typecheck pass
W2-P-007,Plan register,"Plan register — status, child visits and progress of every plan",apps/web/src/app/planning/page.tsx,72,Planning,,,,,,,"Visit plans — status, child visits and progress of every plan",,link text,none,,implemented,Wave 2 (Planning); typecheck pass
W2-P-008,Plan register,"Plan register (page title, load error, empty page)",apps/web/src/app/planning/plans/page.tsx,"33,42",Planning,,,,,,,Visit plans,,page title,none,,implemented,Wave 2 (Planning); typecheck pass
W2-P-009,Plan register,← Plan register (back link),apps/web/src/app/planning/plans/[id]/page.tsx,89,Planning,,,,,,,← Visit plans,,back link,none,,implemented,Wave 2 (Planning); typecheck pass
W2-P-010,Operational,Operational (table column header),apps/web/src/app/planning/plans/[id]/page.tsx,131,Planning,,,,,,,Visit status,,table column header,none,,implemented,Wave 2 (Planning); typecheck pass
W2-P-011,Bulk planning,"Bulk planning — criteria & targeting (page title, 3 return-state occurrences + context)",apps/web/src/app/planning/bulk/page.tsx,"39,47,80,248",Planning,,,,,,,Plan multiple visits — criteria & targeting,,page-title,none,,implemented,Wave 2 (Planning); typecheck pass
W2-P-012,Bulk targeting,Bulk targeting (SCR-WEB-110) is available to the Planner role only.,apps/web/src/app/planning/bulk/page.tsx,49,Planning,,,,,,,Plan multiple visits (SCR-WEB-110) is available to the Planner role only.,,unauthorized body text,none,,implemented,Wave 2 (Planning); typecheck pass
W2-P-013,Factory registry,Factory registry unavailable / The factory registry could not be read,apps/web/src/app/planning/bulk/page.tsx,81-82,Planning,,,,,,,Factory list unavailable / The Factory list could not be read,,empty-state title+body,none,,implemented,Wave 2 (Planning); typecheck pass
W2-P-014,registry sync,Oldest registry sync,apps/web/src/app/planning/bulk/page.tsx,159,Planning,,,,,,,Oldest Factory list sync,,ledger label,none,,implemented,Wave 2 (Planning); typecheck pass
W2-P-015,No published package,No published package (ERR-PUB-001),apps/web/src/app/planning/bulk/actions.ts,"222,236",Planning,,,,,,,No active inspection checklist (ERR-PUB-001),,publish blocker text,none,,implemented,Wave 2 (Planning); typecheck pass
W2-P-016,Package,packageLabel: 'Package',apps/web/src/app/planning/bulk/review/page.tsx,72,Planning,,,,,,,Inspection checklist,,field label (ordinary planner review workspace),none,,implemented,Wave 2 (Planning); typecheck pass
W2-P-017,package status,"the server re-checks role, package status, duplicates, Inspector eligibility...",apps/web/src/app/planning/bulk/review/page.tsx,148,Planning,,,,,,,"the server re-checks role, inspection checklist status, duplicates...",,helper text,none,,implemented,Wave 2 (Planning); typecheck pass
W2-P-018,Package is currently published or locked,Package is currently published or locked,apps/web/src/app/planning/bulk/review/page.tsx,199,Planning,,,,,,,Inspection checklist is currently active or locked,,evidence ledger line,none,,implemented,Wave 2 (Planning); typecheck pass
W2-P-019,No published or locked package,No published or locked package is available / Selected package is no longer published,apps/web/src/app/planning/bulk/review/page.tsx,215-216,Planning,,,,,,,No active or locked inspection checklist is available / Selected inspection checklist is no longer active,,blocker title,none,,implemented,Wave 2 (Planning); typecheck pass
W2-P-020,Package source is unavailable,Package source is unavailable / Distinct from 'no package',apps/web/src/app/planning/bulk/review/page.tsx,221,Planning,,,,,,,Inspection checklist source is unavailable / Distinct from 'no inspection checklist',,blocker title/detail,none,,implemented,Wave 2 (Planning); typecheck pass
W2-P-021,a package,"Set the visit type, a valid window (end after start) and a package.",apps/web/src/app/planning/bulk/review/page.tsx,218,Planning,,,,,,,"Set the visit type, a valid window (end after start) and an inspection checklist.",,blocker detail,none,,implemented,Wave 2 (Planning); typecheck pass
W2-P-022,"Validating factories, package","Validating factories, package, Inspectors and duplicates…",apps/web/src/app/planning/bulk/review/page.tsx,53,Planning,,,,,,,"Validating factories, inspection checklist, Inspectors and duplicates…",,loading note,none,,implemented,Wave 2 (Planning); typecheck pass
W2-P-023,Single visit planning,"Single visit planning (page title, 3 occurrences)",apps/web/src/app/planning/single/page.tsx,"53,63,80,209",Planning,,,,,,,Plan one visit,,page-title,none,,implemented,Wave 2 (Planning); typecheck pass
W2-P-024,Single Visit Planning,Single Visit Planning (SCR-WEB-120) is available to the Planner role only.,apps/web/src/app/planning/single/page.tsx,65,Planning,,,,,,,Plan one visit (SCR-WEB-120) is available to the Planner role only.,تخطيط زيارة واحدة (SCR-WEB-120) متاح لدور المخطط فقط.,unauthorized body (EN+AR),none,,implemented,Wave 2 (Planning); typecheck pass
W2-P-025,factory registry,The factory registry is temporarily unavailable — try your search again.,apps/web/src/app/planning/single/page.tsx,138,Planning,,,,,,,The Factory list is temporarily unavailable — try your search again.,,search error,none,,implemented,Wave 2 (Planning); typecheck pass
W2-P-026,Registry sync,freshnessLabel: 'Registry sync',apps/web/src/app/planning/single/page.tsx,165,Planning,,,,,,,Factory list sync,,field label,none,,implemented,Wave 2 (Planning); typecheck pass
W2-P-027,Package,Package (published only),apps/web/src/app/planning/single/page.tsx,173,Planning,,,,,,,Inspection checklist (active only),,field label,none,,implemented,Wave 2 (Planning); typecheck pass
W2-P-028,No published package selected,No published package selected (ERR-PUB-001),apps/web/src/app/planning/single/actions.ts,"97,107",Planning,,,,,,,No active inspection checklist selected (ERR-PUB-001),,publish blocker,none,,implemented,Wave 2 (Planning); typecheck pass
W2-P-029,Immediate visit — urgent dispatch,"Immediate visit — urgent dispatch (page title, 3 occurrences)",apps/web/src/app/planning/immediate/page.tsx,"37,172",Planning,,,,,,,Create an urgent visit,,page-title,none,,implemented,Wave 2 (Planning); typecheck pass
W2-P-030,Immediate Visit Planning,Immediate Visit Planning (SCR-WEB-130) is available to Planner and Inspector roles only.,apps/web/src/app/planning/immediate/page.tsx,39,Planning,,,,,,,Create an urgent visit (SCR-WEB-130) is available to Planner and Inspector roles only.,إنشاء زيارة عاجلة (SCR-WEB-130) متاح لدوري المخطط والمفتش فقط.,unauthorized body (EN+AR),none,,implemented,Wave 2 (Planning); typecheck pass
W2-P-031,Registry sync,previewFreshness: 'Registry sync',apps/web/src/app/planning/immediate/page.tsx,69,Planning,,,,,,,Factory list sync,,field label,none,,implemented,Wave 2 (Planning); typecheck pass
W2-P-032,registry reconciliation,This creates a flagged temporary entity pending registry reconciliation…,apps/web/src/app/planning/immediate/page.tsx,82,Planning,,,,,,,This creates a flagged temporary entity pending Factory list reconciliation…,,helper note,none,,implemented,Wave 2 (Planning); typecheck pass
W2-P-033,official registry pin,Source: official registry pin / official registry pin (chip),apps/web/src/app/planning/immediate/page.tsx,"93,150",Planning,,,,,,,Source: official Factory list pin / official Factory list pin,نقطة قائمة المصانع الرسمية,field value/chip detail (EN+AR),none,,implemented,Wave 2 (Planning); typecheck pass
W2-P-034,Package *,packageLabel: 'Package *',apps/web/src/app/planning/immediate/page.tsx,97,Planning,,,,,,,Inspection checklist *,,field label,none,,implemented,Wave 2 (Planning); typecheck pass
W2-P-035,PACKAGE / الحزمة,chipPackageLabel: 'PACKAGE' / 'الحزمة',apps/web/src/app/planning/immediate/page.tsx,136,Planning,,,,,,,CHECKLIST,قائمة التفتيش,chip label (EN+AR),none,,implemented,Wave 2 (Planning); typecheck pass
W2-P-036,select a published package,chipPackageBlocked: 'select a published package' / 'اختر حزمة منشورة',apps/web/src/app/planning/immediate/page.tsx,152,Planning,,,,,,,select an active inspection checklist,اختر قائمة تفتيش نشطة,chip blocked detail (EN+AR),none,,implemented,Wave 2 (Planning); typecheck pass
W2-P-037,official registry pin / registry pin,location_source_invalid: 'Confirm whether the visit uses the official registry pin or a manually verified pin.' (EN+AR),apps/web/src/app/planning/immediate/actions.ts,"36,60",Planning,,,,,,,Confirm whether the visit uses the official Factory list pin or a manually verified pin (M01-046).,أكّد ما إذا كانت الزيارة تستخدم موقع قائمة المصانع الرسمي أو موقعًا تم التحقق منه يدويًا (M01-046).,server blocker copy (EN+AR),none,,implemented,Wave 2 (Planning); typecheck pass
W2-P-038,package is no longer published or locked,package_unavailable: 'The selected package is no longer published or locked. Refresh and select an available package.' (EN+AR),apps/web/src/app/planning/immediate/actions.ts,"41,65",Planning,,,,,,,The selected inspection checklist is no longer active or locked. Refresh and select an available checklist.,قائمة التفتيش المحددة لم تعد نشطة أو مقفلة. حدّث الصفحة واختر قائمة تفتيش متاحة.,server blocker copy (EN+AR),none,,implemented,Wave 2 (Planning); typecheck pass
W2-VISITS-001,Operational,"colOperational: t(""visit.list.colOperational"", ""Operational"")",apps/web/src/app/visits/page.tsx,118,Visits & Assignments,planner/ops/admin viewing the visits table,yes,table column header on the visits list,visit.list.colOperational,,,Visit status,حالة الزيارة,column-header,none,Matches the assigned focus item 'operational [column header] -> Visit status' exactly.,implemented,tsc --noEmit passed with 0 errors after edit
W2-VISITS-002,Operational,"{ id: ""operational"", domainLabel: t(""visit.ribbon.operational"", ""Operational"")",apps/web/src/app/visits/[id]/page.tsx,160,Visits & Assignments,any user viewing visit detail,yes,"Dual-State Ribbon tab label + <dt> heading text (rendered via DualStateRibbon.tsx domainLabel prop, visible in both the tablist button and tabpanel state row)",visit.ribbon.operational,,,Visit status,حالة الزيارة,tab/domain-label,none,"Same 'operational [column header/label] -> Visit status' focus item, applied to the ribbon's domain label (functionally a column/section header for the same operational_state field). Only the fallback string of the translation call was changed; the internal RibbonTrack id 'operational' (union type, GLYPH map key, DualStateRibbon.tsx props) was left untouched as an internal symbol.",implemented,tsc --noEmit passed with 0 errors after edit
F1,immutable,Submitted — immutable v1.,apps/web/src/app/field/inspection/[id]/page.tsx,276,/field/inspection/[id],inspector,true,banner text,field.ws.submittedTitle,,,Submitted — final submitted version.,تم الإرسال — النسخة النهائية المُقدَّمة.,immutable-wording,none,Glossary: immutable submitted version [ordinary user] -> Final submitted version,implemented,Wave 2 (Field Execution); typecheck pass
F2,immutable,Only these sections are editable; resubmission creates the next immutable version (STM-COR-001/002).,apps/web/src/app/field/inspection/[id]/page.tsx,275,/field/inspection/[id],inspector,true,banner text,field.ws.returnedNote,,,Only these sections are editable; resubmission creates the next final submitted version (STM-COR-001/002).,هذه الأقسام فقط قابلة للتعديل؛ إعادة الإرسال تُنشئ النسخة النهائية المُقدَّمة التالية (STM-COR-001/002).,immutable-wording,none,,implemented,Wave 2 (Field Execution); typecheck pass
F3,immutable,Review & submit — immutable v1,apps/web/src/app/field/inspection/[id]/page.tsx,280,/field/inspection/[id],inspector,true,button label,field.ws.submitBtn,,,Review & submit — final version,المراجعة والإرسال — النسخة النهائية,immutable-wording,none,,implemented,Wave 2 (Field Execution); typecheck pass
F4,immutable,Submitting immutable v{v} (idempotency-protected)…,apps/web/src/app/field/inspection/[id]/page.tsx,286,/field/inspection/[id],inspector,true,status text,field.ws.submitting,,,Submitting final version v{v} (idempotency-protected)…,جارٍ إرسال النسخة النهائية v{v} (محمية من التكرار)…,immutable-wording,none,,implemented,Wave 2 (Field Execution); typecheck pass
F5,Package version,Package version (locked),apps/web/src/app/field/inspection/[id]/page.tsx,355,/field/inspection/[id],inspector,true,panel field label,field.ws.panel.pkg,,,Checklist version used for the inspection (locked),نسخة قائمة التحقق المستخدمة في التفتيش (مقفلة),package-terminology,none,Glossary: frozen package definition -> Checklist version used for the inspection,implemented,Wave 2 (Field Execution); typecheck pass
F6,package,"Evidence removed from the package — soft-deleted with reason, audit event recorded (M04-164)",apps/web/src/app/field/inspection/[id]/page.tsx,363,/field/inspection/[id],inspector,true,status/toast text,field.ws.ev.deleted,,,"Evidence removed from the checklist — soft-deleted with reason, audit event recorded (M04-164)",تمت إزالة الدليل من قائمة التحقق — حذف مؤقت مع سبب، وتم تسجيل حدث تدقيق (M04-164),package-terminology,none,,implemented,Wave 2 (Field Execution); typecheck pass
F7,immutable,"Sign in the box below. The signature image, name and timestamp are stored inside the immutable submission version (DEC-009).",apps/web/src/app/field/inspection/[id]/page.tsx,386,/field/inspection/[id],inspector,true,helper text,field.ws.sig.hint,,,"Sign in the box below. The signature image, name and timestamp are stored inside the final submitted version (DEC-009).",وقّع داخل المربع أدناه. تُحفظ صورة التوقيع والاسم والطابع الزمني ضمن النسخة النهائية المُقدَّمة (DEC-009).,immutable-wording,none,,implemented,Wave 2 (Field Execution); typecheck pass
F8,geofence,N/A — not present in scope,apps/web/src/app/field/inspection/**,,/field/inspection/[id],inspector,false,n/a,,,,N/A,,geofence-terminology,none,,skipped-reason:no geofence-related strings found in this scope; nothing to change,Wave 2 (Field Execution); typecheck pass
F9,proven B3 / DB-locked phrasing,Content locked by the database (proven B3); corrections only via reviewer return.,apps/web/src/app/field/inspection/[id]/page.tsx,277,/field/inspection/[id],inspector,true,banner text,field.ws.submittedBody,Content locked by the database (proven B3); corrections only via reviewer return.,,Content locked by the database (proven B3); corrections only via reviewer return.,,dev-jargon-review,none,,"skipped-reason:'(proven B3)' is a traceability marker outside the explicitly listed dev-jargon patterns in scope (SCR-*, M01-08-*, ENG-*, FND-*, REF-*, RBAC-*, route strings, RLS-scoped, read model, etc.); left as an established audit-traceability convention used throughout the codebase rather than unilaterally stripped — flagging for explicit glossary/scope decision in a later wave if desired.",Wave 2 (Field Execution); typecheck pass
F2-IMM-001,immutable,Version published. It is now immutable.,apps/web/src/app/admin/packages/page.tsx,180,/admin/packages,admin,yes,toast,admin.pkg.publish.published,,,Version published. It is now locked and cannot be edited.,تم نشر النسخة. أصبحت الآن مقفلة ولا يمكن تعديلها.,"toast message, admin package-designer publish action",none,"Contextual rewrite of admin publish confirmation: 'locked and cannot be edited' states the behavior in plain terms without borrowing the ordinary-user 'final submitted version' phrasing, which belongs to inspection submission, a different concept from package/checklist authoring.",implemented,Wave 2 (Submission & Immutable Cluster); typecheck pass
F2-IMM-002,immutable,Published versions are immutable and can be referenced by package action forms and penalty mappings.,apps/web/src/app/admin/packages/page.tsx,219,/admin/packages,admin,yes,body text,admin.template.intro,,,"Published versions are locked and cannot be edited, but can be referenced by package action forms and penalty mappings.",أنشئ نسخًا مرقّمة وثنائية اللغة من قوالب النماذج أو التقارير أو نماذج الإجراءات أو الغرامات. النسخ المنشورة مقفلة ولا يمكن تعديلها، لكن يمكن الإشارة إليها من نماذج إجراءات الحزم وربط الغرامات.,"intro copy, template registry section (admin)",none,,implemented,Wave 2 (Submission & Immutable Cluster); typecheck pass
F2-IMM-003,Immutable,Immutable historical template version.,apps/web/src/app/admin/packages/page.tsx,220,/admin/packages,admin,yes,badge,admin.template.historical,,,Final historical template version.,نسخة قالب سابقة نهائية.,"badge/status copy, historical template version",none,,implemented,Wave 2 (Submission & Immutable Cluster); typecheck pass
F2-IMM-004,frozen version,Existing work stays on the frozen version it downloaded; publishing never silently re-versions it.,apps/web/src/app/admin/packages/page.tsx,251,/admin/packages,admin,yes,hint text,admin.pkg.impact.pinnedHint,,,Existing work stays on the checklist version it downloaded; publishing never silently re-versions it.,يظل العمل القائم على نسخة قائمة التفتيش التي جرى تنزيلها؛ النشر لا يُغيّر نسختها دون علم أحد.,"hint text, publish-impact panel",none,Direct application of glossary 'frozen package definition -> Checklist version used for the inspection'.,implemented,Wave 2 (Submission & Immutable Cluster); typecheck pass
F2-IMM-005,immutable,Drafts are editable. Publishing runs dependency validation and maker-checker approval; published and locked definitions remain immutable.,apps/web/src/app/admin/packages/page.tsx,295,/admin/packages,admin,yes,subtitle,admin.pkg.overview.body,,,Drafts are editable. Publishing runs dependency validation and maker-checker approval; published and locked definitions remain final and cannot be edited.,المسودات قابلة للتعديل. النشر يشغّل التحقق من الاعتماديات ويتطلب اعتماد المُراجِع؛ التعريفات المنشورة والمقفلة تبقى نهائية ولا يمكن تعديلها.,"section subtitle, package overview",none,,implemented,Wave 2 (Submission & Immutable Cluster); typecheck pass
F2-IMM-006,immutable,Published version — immutable.,apps/web/src/app/admin/packages/page.tsx,386,/admin/packages,admin,yes,banner,admin.pkg.immutable.title,,,Published version — locked and cannot be edited.,نسخة منشورة — مقفلة ولا يمكن تعديلها.,"banner heading, published package version lock notice",none,"Matches the Wave 0 example pattern 'full sentences like Published version — immutable.' but rewritten to 'locked and cannot be edited' rather than 'final submitted version' because this banner is about a package/checklist definition being locked from further edits, not about an inspection submission -- using 'final submitted version' here would be factually wrong (no inspection was submitted).",implemented,Wave 2 (Submission & Immutable Cluster); typecheck pass
F2-IMM-007,approval invalid — no immutable version,approval invalid — no immutable version,apps/web/src/app/reports/inspection/[id]/page.tsx,90,/reports/inspection/[id],reviewer/inspector-facing report,yes,status label,report.integrityBlocked.status,,,approval invalid — no final submitted version,الاعتماد غير صالح — لا توجد نسخة نهائية مُقدَّمة,"status text, data-integrity guard",none,Direct application of glossary 'immutable submitted version -> Final submitted version'.,implemented,Wave 2 (Submission & Immutable Cluster); typecheck pass
F2-IMM-008,immutable submitted version / immutable submission,This inspection is recorded as approved but has no immutable submitted version on file. The approval is not valid and must not be relied on as an official decision until an immutable submission exists (DEF-WF-006).,apps/web/src/app/reports/inspection/[id]/page.tsx,124,/reports/inspection/[id],reviewer,yes,banner,report.integrityBlocked.body,,,This inspection is recorded as approved but has no final submitted version on file. The approval is not valid and must not be relied on as an official decision until a final submitted version exists (DEF-WF-006).,هذا التفتيش مسجَّل كمعتمَد لكن لا توجد نسخة نهائية مُقدَّمة له في السجل. هذا الاعتماد غير صالح ويجب عدم الاعتماد عليه كقرار رسمي إلى أن توجد نسخة نهائية مُقدَّمة (DEF-WF-006).,"critical banner body, data-integrity defect",none,,implemented,Wave 2 (Submission & Immutable Cluster); typecheck pass
F2-IMM-009,immutable submission,No immutable submission yet.,apps/web/src/app/reports/inspection/[id]/page.tsx,128,/reports/inspection/[id],reviewer/inspector,yes,banner,report.notSubmitted.title,,,No final submitted version yet.,لا توجد نسخة نهائية مُقدَّمة حتى الآن.,warning banner title,none,,implemented,Wave 2 (Submission & Immutable Cluster); typecheck pass
F2-IMM-010,immutable v{n},Checklist responses — immutable v{n},apps/web/src/app/reports/inspection/[id]/page.tsx,162,/reports/inspection/[id],reviewer/inspector,yes,heading,report.items.heading,,,Checklist responses — final v{n},إجابات قائمة التفتيش — النسخة النهائية {n},"section heading, per-item response table",none,Space-constrained heading pattern; used short form 'final' per instruction guidance for space-constrained badges/headings.,implemented,Wave 2 (Submission & Immutable Cluster); typecheck pass
F2-IMM-011,immutable,"v{n} · … · immutable (table cell, submission version row)",apps/web/src/app/reports/inspection/[id]/page.tsx,272,/reports/inspection/[id],reviewer/inspector,yes,table cell,report.hist.immutable,,,final,نهائية,table cell label next to version number,none,,implemented,Wave 2 (Submission & Immutable Cluster); typecheck pass
F2-IMM-012,immutable,"IDs are immutable, never reused (FLD-VIS-001).",apps/web/src/app/visits/[id]/page.tsx,49,/visits/[id],any user hitting a bad/expired visit link,yes,empty state,visit.detail.notFoundDesc,,,IDs never change or get reused (FLD-VIS-001).,المعرّفات لا تتغيّر ولا يُعاد استخدامها أبدًا (FLD-VIS-001).,"empty-state body copy, visit-not-found",none,"Plain-language simplification of 'immutable' describing ID stability, not a submission concept, but still user-visible technical-sounding phrasing simplified per remediation goal.",implemented,Wave 2 (Submission & Immutable Cluster); typecheck pass
F2-IMM-013,immutable,"v{n} · {date} · immutable (ribbon eventLabel, inspection track)",apps/web/src/app/visits/[id]/page.tsx,174,/visits/[id],admin/inspector/reviewer,yes,ribbon/badge,visit.detail.immutable,,,final,نهائية,lifecycle ribbon badge text,none,,implemented,Wave 2 (Submission & Immutable Cluster); typecheck pass
F2-IMM-014,submissions immutable,inspection engine — submissions immutable,apps/web/src/app/visits/[id]/page.tsx,175,/visits/[id],admin/inspector/reviewer,yes,ribbon label,visit.ribbon.src.insp,,,inspection engine — submissions are final,محرّك التفتيش — النسخ المُقدَّمة نهائية,ribbon 'source of truth' descriptor,none,,implemented,Wave 2 (Submission & Immutable Cluster); typecheck pass
F2-IMM-015,immutable,v{n} · {date} · immutable (submission version list under Inspection & versions),apps/web/src/app/visits/[id]/page.tsx,217,/visits/[id],admin/inspector/reviewer,yes,list item label,visit.detail.immutable,,,final,نهائية,inline label next to each submission version,none,Shares the same t() key/fallback as F2-IMM-013 (same call site pattern reused); both occurrences updated together via replace_all.,implemented,Wave 2 (Submission & Immutable Cluster); typecheck pass
F2-IMM-016,immutable,Journey & location events — immutable (EV-005),apps/web/src/app/visits/[id]/page.tsx,263,/visits/[id],admin/inspector/reviewer,yes,heading,visit.detail.journeyHeading,,,Journey & location events — cannot be edited (EV-005),أحداث الرحلة والموقع — لا يمكن تعديلها (EV-005),"section heading, journey/location audit trail",none,,implemented,Wave 2 (Submission & Immutable Cluster); typecheck pass
F2-IMM-017,"immutable, append-only","Planning history — immutable, append-only (ENG-12, latest 30)",apps/web/src/app/visits/[id]/page.tsx,275,/visits/[id],admin/inspector/reviewer,yes,heading,visit.detail.auditHeading,,,"Planning history — cannot be edited, only added to (ENG-12, latest 30)",سجل التخطيط — لا يمكن تعديله، تُضاف إليه أحداث جديدة فقط (ENG-12، آخر 30 حدثًا),"section heading, audit-trail history",none,,implemented,Wave 2 (Submission & Immutable Cluster); typecheck pass
W2-REV-001,Level 2 review queue,Level 2 review queue,apps/web/src/app/reviews/page.tsx,267,Review & Approval,Level 2 Reviewer / Operations / Auditor / Planner / Leadership,true,,review.list.title,,,Inspection review queue,قائمة انتظار مراجعة التفتيش,page-title,none,,implemented,Wave 2 (Review & Approval); typecheck pass
W2-REV-002,Evidence readiness & SLA-risk fingerprint,Evidence readiness & SLA-risk fingerprint,apps/web/src/app/reviews/page.tsx,239,Review & Approval,,,,review.list.fpTitle,,,Review readiness,جاهزية المراجعة,section-heading,none,,implemented,Wave 2 (Review & Approval); typecheck pass
W2-REV-003,Evidence readiness & SLA-risk,Evidence readiness & SLA-risk,apps/web/src/app/reviews/page.tsx,234,Review & Approval,,,,review.list.colFingerprint,,,Review readiness,جاهزية المراجعة,table-column-header,none,,implemented,Wave 2 (Review & Approval); typecheck pass
W2-REV-004,Workspace,Workspace (column header) / Open workspace (link text),apps/web/src/app/reviews/page.tsx,236-238,Review & Approval,,,,"review.list.colOpen, review.list.open",,,Review (column header) / Open review (link text),المراجعة,action-link,none,,implemented,Wave 2 (Review & Approval); typecheck pass
W2-REV-005,Scan-first queue,Scan-first queue,apps/web/src/app/reviews/page.tsx,278,Review & Approval,,,,review.list.scanTitle,,,Review overview,نظرة عامة على المراجعة,banner-title,none,,implemented,Wave 2 (Review & Approval); typecheck pass
W2-REV-006,Queue clear,Queue clear,apps/web/src/app/reviews/page.tsx,284,Review & Approval,,,,review.list.empty,,,No inspections awaiting review,لا توجد عمليات تفتيش بانتظار المراجعة,empty-state-title,none,,implemented,Wave 2 (Review & Approval); typecheck pass
W2-REV-007,immutable submitted version,no immutable submitted version exists for this inspection,apps/web/src/app/reviews/[id]/actions.ts,139,Review & Approval,,,,,,,no final submitted version exists for this inspection,,error-toast,none,,implemented,Wave 2 (Review & Approval); typecheck pass
W2-REV-008,SLA,SLA (fingerprint chip label) / SLA unavailable — required config/timestamp missing,apps/web/src/app/reviews/page.tsx,"242,245",Review & Approval,,,,"review.list.fp.sla, review.list.fp.slaUnavailable",,,Deadline / Deadline unavailable — required config/timestamp missing,الموعد النهائي,data-chip-label,none,"Reviewer-facing per-row operational fact, not an admin config surface -- SLA rule for ordinary users applies.",implemented,Wave 2 (Review & Approval); typecheck pass
W2-REV-009,RLS-scoped / RLS / /reviews,SCR-WEB-300 · /reviews · RLS-scoped (context badge),apps/web/src/app/reviews/page.tsx,268,Review & Approval,,,,review.list.context,,,Read-only queue,قائمة للاطّلاع فقط,dev-jargon-banner,none,,implemented,Wave 2 (Review & Approval); typecheck pass
W2-REV-010,RLS remains the boundary,Navigation visibility is not authorization; RLS remains the boundary.,apps/web/src/app/reviews/page.tsx,273,Review & Approval,,,,review.list.unauthBody,,,Navigation visibility is not authorization.,تتطلب هذه القائمة دور مراجع المستوى الثاني والنطاق المطابق له. ظهور الرابط في التنقل لا يعني وجود صلاحية.,dev-jargon-caption,none,,implemented,Wave 2 (Review & Approval); typecheck pass
W2-REV-011,RLS remains the boundary,Navigation visibility is not authorization; RLS remains the boundary.,apps/web/src/app/reviews/[id]/page.tsx,61,Review & Approval,,,,review.ws.unauthBody,,,Navigation visibility is not authorization.,تتطلب مساحة العمل هذه دور مراجع المستوى الثاني والنطاق المطابق له. ظهور الرابط في التنقل لا يعني وجود صلاحية.,dev-jargon-caption,none,,implemented,Wave 2 (Review & Approval); typecheck pass
W2-REV-012,(RLS),"Inspection not found, or outside your review scope (RLS).",apps/web/src/app/reviews/[id]/actions.ts,48,Review & Approval,,,,,,,"Inspection not found, or outside your review scope.",,dev-jargon-error-toast,none,,implemented,Wave 2 (Review & Approval); typecheck pass
W2-REV-013,(RLS),"The review could not be found, or is outside your review scope (RLS).",apps/web/src/app/reviews/[id]/actions.ts,115,Review & Approval,,,,,,,"The review could not be found, or is outside your review scope.",,dev-jargon-error-toast,none,,implemented,Wave 2 (Review & Approval); typecheck pass
W2-REV-014,M06-005,This inspection is not awaiting a Level 2 review (M06-005).,apps/web/src/app/reviews/[id]/actions.ts,50,Review & Approval,,,,,,,This inspection is not awaiting a Level 2 review.,,dev-jargon-error-toast,none,,implemented,Wave 2 (Review & Approval); typecheck pass
W2-REV-015,SCR-WEB-320,Version comparison — Tamper-evident Scope Rail (SCR-WEB-320),apps/web/src/app/reviews/[id]/page.tsx,193,Review & Approval,,,,review.cmp.heading,,,Version comparison — Tamper-evident Scope Rail,مقارنة النسخ — شريط النطاق الكاشف للتلاعب,dev-jargon-heading,none,,implemented,Wave 2 (Review & Approval); typecheck pass
W2-REV-016,M06-050,Read every flagged row before deciding (M06-050).,apps/web/src/app/reviews/[id]/page.tsx,206,Review & Approval,,,,review.cmp.tamperBody,,,Read every flagged row before deciding.,تغيّرت إجابة خارج الأقسام التي أعادها المراجع. اقرأ كل صف مُعلَّم قبل اتخاذ القرار.,dev-jargon-caption,none,,implemented,Wave 2 (Review & Approval); typecheck pass
W2-REV-017,M06-006/043,Only selected sections unlock; the rest stays locked (M06-006/043).,apps/web/src/app/reviews/[id]/page.tsx,235,Review & Approval,,,,review.ws.returnScopeHint,,,Only selected sections unlock; the rest stays locked.,تُفتح الأقسام المحدَّدة فقط؛ وتبقى بقية الأقسام مقفلة.,dev-jargon-caption,none,,implemented,Wave 2 (Review & Approval); typecheck pass
W2-REV-018,M06-002 / M06-007/008 / M06-009/027,Irreversible (M06-002): / Final (M06-007/008): / Audited: ... timestamp (M06-009/027).,apps/web/src/app/reviews/[id]/page.tsx,"238,240,244",Review & Approval,,,,"review.ws.approveWarnTitle, review.ws.rejectWarnTitle, review.ws.audited",,,Irreversible: / Final: / Audited: ... timestamp.,لا رجعة فيه:,dev-jargon-banner,none,,implemented,Wave 2 (Review & Approval); typecheck pass
W2-REV-019,M06-012,Read-only submitted version (M06-012).,apps/web/src/app/reviews/[id]/page.tsx,268,Review & Approval,,,,review.ws.readOnlyTitle,,,Read-only submitted version.,نسخة مُقدَّمة للاطّلاع فقط.,dev-jargon-banner,none,,implemented,Wave 2 (Review & Approval); typecheck pass
W2-REV-020,"FND-007/M04-112, M04-113",Observations never modify the Senaei source record (FND-007/M04-112); checks are audit-logged with before/after values (M04-113).,apps/web/src/app/reviews/[id]/page.tsx,332,Review & Approval,,,,review.ws.fvNote,,,Observations never modify the Senaei source record; checks are audit-logged with before/after values.,لا تُعدِّل الملاحظات سجل سنائي المصدر أبدًا؛ وتُسجَّل عمليات التحقق في سجل التدقيق بقيم ما قبل/بعد.,dev-jargon-caption,none,,implemented,Wave 2 (Review & Approval); typecheck pass
W2-REV-021,ENG-12,Timeline — audit trail (ENG-12),apps/web/src/app/reviews/[id]/page.tsx,373,Review & Approval,,,,review.ws.timelineHeading,,,Timeline — audit trail,الجدول الزمني — سجل التدقيق,dev-jargon-heading,none,,implemented,Wave 2 (Review & Approval); typecheck pass
W2-REV-022,FND-003,Append-only rows from audit_events; the database rejects edits and deletes (FND-003).,apps/web/src/app/reviews/[id]/page.tsx,381,Review & Approval,,,,review.ws.timelineNote,,,Append-only rows from audit_events; the database rejects edits and deletes.,صفوف تُضاف فقط من audit_events؛ وترفض قاعدة البيانات أي تعديل أو حذف لها.,dev-jargon-caption,none,,implemented,Wave 2 (Review & Approval); typecheck pass
W2-REV-023,SCR-WEB-320,"Fetching checklist, evidence, factory verification and version comparison data (SCR-WEB-320).",apps/web/src/app/reviews/[id]/loading.tsx,11,Review & Approval,,,,review.ws.loadingDesc,,,"Fetching checklist, evidence, factory verification and version comparison data.",يجري جلب بيانات قائمة التفتيش والأدلة والتحقق من المصنع ومقارنة النسخ.,dev-jargon-loading-state,none,,implemented,Wave 2 (Review & Approval); typecheck pass
W2-REV-024,M06-014,Search the review queue (M06-014),apps/web/src/app/reviews/page.tsx,222,Review & Approval,,,,review.list.searchAria,,,Search the review queue,البحث في قائمة انتظار المراجعة,dev-jargon-aria-label,none,,implemented,Wave 2 (Review & Approval); typecheck pass
W2-REV-025,RLS-scoped,derived (RLS-scoped),apps/web/src/app/reviews/page.tsx,258,Review & Approval,,,,review.list.fp.readyBlockTag,,,derived,مُستنتج,dev-jargon-tag,none,,implemented,String is defined but currently unreferenced in DecisionPanel.tsx render output; fixed proactively in case of future use.
ops-001,Operational,"thOperational: t(""ops.live.th.operational"", ""Operational"")",apps/web/src/app/operations/page.tsx,369,"/operations (live monitoring table + CSV export + SLA table headers, all reuse this key)",,true,,ops.live.th.operational,,,Visit status,حالة الزيارة,column-header,none,Glossary: operational [column header] -> Visit status,implemented,Wave 2 (Operations Center); typecheck pass
ops-002,SLA watch,"t(""ops.sla.heading"", ""SLA watch (ENG-09)"")",apps/web/src/app/operations/page.tsx,517,/operations SLA panel heading,,true,,ops.sla.heading,,,Deadline alerts,تنبيهات المواعيد النهائية,section-heading,none,Glossary: SLA watch -> Deadline alerts; also stripped ENG-09 implementation jargon from a production heading per remediation method,implemented,Wave 2 (Operations Center); typecheck pass
ops-003,SLA watch,"label: t(""ops.export.sla"", ""SLA watch"")",apps/web/src/app/operations/page.tsx,431,/operations CSV export button row,,true,,ops.export.sla,,,Deadline alerts,تنبيهات المواعيد النهائية,button-label,none,,implemented,Wave 2 (Operations Center); typecheck pass
ops-004,SLA,"t(""ops.sla.th.sla"", ""SLA"")",apps/web/src/app/operations/page.tsx,"436, 523",/operations SLA table + CSV export headers,,true,,ops.sla.th.sla,,,Deadline status,حالة الموعد النهائي,column-header,none,"Ordinary operational-user surface; column actually renders the overdue/reminder flag kind, so 'Deadline status' is accurate per the SLA-term guidance",implemented,Wave 2 (Operations Center); typecheck pass
ops-005,No SLA breaches in scope,"title={t(""ops.sla.empty.title"", ""No SLA breaches in scope"")}",apps/web/src/app/operations/page.tsx,519,/operations SLA panel empty state,,true,,ops.sla.empty.title,,,No deadline alerts in scope,لا توجد تنبيهات مواعيد نهائية ضمن النطاق,empty-state,none,Kept consistent with the renamed 'Deadline alerts' section heading,implemented,Wave 2 (Operations Center); typecheck pass
ops-006,Geofence override approvals,"heading: t(""ops.override.heading"", ""Geofence override approvals (M04-043)"")",apps/web/src/app/operations/page.tsx,388,/operations override-queue panel heading,,true,,ops.override.heading,,,Location exception requests,طلبات استثناء الموقع,section-heading,none,Glossary: geofence override approvals -> Location exception requests; also stripped M04-043 implementation code from a production heading,implemented,Wave 2 (Operations Center); typecheck pass
ops-007,KSA operations map,"t(""ops.map.heading"", ""KSA operations map (M08-002 · ENG-06)"")",apps/web/src/app/operations/page.tsx,495,/operations map panel heading,,true,,ops.map.heading,,,Live inspection map,خريطة التفتيش المباشرة,section-heading,none,Glossary: KSA operations map -> Live inspection map; also stripped M08-002/ENG-06 implementation codes,implemented,Wave 2 (Operations Center); typecheck pass
ops-008,Partial service,"<strong>{t(""ops.err.partial"", ""Partial service — some panels could not load."")}</strong>",apps/web/src/app/operations/page.tsx,467,/operations top-of-page partial-load banner,,true,,ops.err.partial,,,Some information could not be loaded.,تعذّر تحميل بعض المعلومات.,error-banner,none,Glossary: Partial service -> Some information could not be loaded,implemented,Wave 2 (Operations Center); typecheck pass
ops-009,dossier,"selectHint: t(""ops.map.selectHint"", ""Click a pin to open the visit or factory dossier."")",apps/web/src/app/operations/page.tsx,382,/operations map panel hint text,,true,,ops.map.selectHint,,,Click a pin to open the visit or factory profile.,انقر على دبوس لفتح الزيارة أو ملف المصنع.,helper-text,none,Glossary: dossier (destination page) -> Factory profile,implemented,Wave 2 (Operations Center); typecheck pass
ops-010,factory registry,"factoriesRes.error && ""factory registry""",apps/web/src/app/operations/page.tsx,227,/operations partial-load banner error list,,true,,"n/a (plain string, joined into ops.err.partial banner)",,,factory list,,error-list-item,none,Glossary: registry -> Factory list,implemented,Wave 2 (Operations Center); typecheck pass
ops-011,override approvals,"overrideRes.error && ""override approvals""",apps/web/src/app/operations/page.tsx,230,/operations partial-load banner error list,,true,,"n/a (plain string, joined into ops.err.partial banner)",,,location exception requests,,error-list-item,none,Kept consistent with the renamed 'Location exception requests' panel,implemented,Wave 2 (Operations Center); typecheck pass
ops-012,ENG-09 config threshold note,"t(""ops.sla.confNote"", ""Thresholds from engine_settings (ENG-09):"")",apps/web/src/app/operations/page.tsx,541,Operations Center,,,,,,,(left unchanged),,config-provenance-text,none,,"skipped-reason:genuine admin/config-provenance text, not an ordinary user label — kept per SLA admin-surface exception and CLAUDE.md's ban on altering policy-value provenance wording",Wave 2 (Operations Center); typecheck pass
W3-1-WAVE3-SHELL-01,Compliance Library,"labelEn: ""Compliance Library"" (id: compliance-library)",apps/web/src/lib/shell-navigation.ts,103,main sidebar nav / /admin/regulations,business admin,yes,,,,,Inspection Rules,,nav-label,none,,"skipped-reason:file outside assigned scope (lib/ not components/); nav labels for Shell.tsx/ShellClient.tsx originate here, not in the components I was scoped to edit",Wave 3 (Shared Shell & Navigation); typecheck pass
W3-1-WAVE3-SHELL-02,Approval Queue,"labelEn: ""Approval Queue"" (id: approval-queue)",apps/web/src/lib/shell-navigation.ts,104,Shared Shell & Navigation,,,,,,,Awaiting Approval,,nav-label,none,,skipped-reason:file outside assigned scope,Wave 3 (Shared Shell & Navigation); typecheck pass
W3-1-WAVE3-SHELL-03,Enforcement Library,"labelEn: ""Enforcement Library"" (id: enforcement-library)",apps/web/src/lib/shell-navigation.ts,105,Shared Shell & Navigation,,,,,,,Violations & Penalties,,nav-label,none,,skipped-reason:file outside assigned scope,Wave 3 (Shared Shell & Navigation); typecheck pass
W3-1-WAVE3-SHELL-04,Lookup Management,"labelEn: ""Lookup Management"" (id: lookups)",apps/web/src/lib/shell-navigation.ts,125,Shared Shell & Navigation,,,,,,,Reference Lists,,nav-label,none,,skipped-reason:file outside assigned scope,Wave 3 (Shared Shell & Navigation); typecheck pass
W3-1-WAVE3-SHELL-05,Risk Configuration,"labelEn: ""Risk Configuration"" (id: risk)",apps/web/src/lib/shell-navigation.ts,126,Shared Shell & Navigation,,,,,,,Risk Settings,,nav-label,none,,skipped-reason:file outside assigned scope,Wave 3 (Shared Shell & Navigation); typecheck pass
W3-1-WAVE3-SHELL-06,Survey Configuration,"labelEn: ""Survey Configuration"" (id: surveys)",apps/web/src/lib/shell-navigation.ts,127,Shared Shell & Navigation,,,,,,,Inspection Forms,,nav-label,none,,skipped-reason:file outside assigned scope,Wave 3 (Shared Shell & Navigation); typecheck pass
W3-1-WAVE3-SHELL-07,Notification Configuration,"labelEn: ""Notification Configuration"" (id: notifications)",apps/web/src/lib/shell-navigation.ts,128,Shared Shell & Navigation,,,,,,,Notification Settings,,nav-label,none,,skipped-reason:file outside assigned scope,Wave 3 (Shared Shell & Navigation); typecheck pass
W3-1-WAVE3-SHELL-08,Integration Management,"labelEn: ""Integration Management"" (id: integrations)",apps/web/src/lib/shell-navigation.ts,129,Shared Shell & Navigation,,,,,,,System Connections,,nav-label,none,,skipped-reason:file outside assigned scope,Wave 3 (Shared Shell & Navigation); typecheck pass
W3-1-WAVE3-SHELL-09,Workflow Configuration,"labelEn: ""Workflow Configuration"" (id: workflows)",apps/web/src/lib/shell-navigation.ts,130,Shared Shell & Navigation,,,,,,,Workflow Settings,,nav-label,none,,skipped-reason:file outside assigned scope,Wave 3 (Shared Shell & Navigation); typecheck pass
W3-1-WAVE3-SHELL-10,GIS Configuration,"labelEn: ""GIS Configuration"" (id: gis)",apps/web/src/lib/shell-navigation.ts,131,Shared Shell & Navigation,,,,,,,Map Settings,,nav-label,none,,"skipped-reason:file outside assigned scope (also note: glossary says keep raw 'geofence' in this GIS admin surface itself, only the nav label rewords to Map Settings)",Wave 3 (Shared Shell & Navigation); typecheck pass
W3-1-WAVE3-SHELL-11,Audit Trail,"labelEn: ""Audit Trail"" (id: audit)",apps/web/src/lib/shell-navigation.ts,132,Shared Shell & Navigation,,,,,,,Activity Log,,nav-label,none,,skipped-reason:file outside assigned scope,Wave 3 (Shared Shell & Navigation); typecheck pass
W3-1-WAVE3-SHELL-12,Platform Operations,"labelEn: ""Platform Operations"" (id: platform-operations)",apps/web/src/lib/shell-navigation.ts,133,Shared Shell & Navigation,,,,,,,System Operations,,nav-label,none,,skipped-reason:file outside assigned scope,Wave 3 (Shared Shell & Navigation); typecheck pass
W3-1-WAVE3-SHELL-13,Bulk Violation Issuance,"labelEn: ""Bulk Violation Issuance"" (id: bulk-violations)",apps/web/src/lib/shell-navigation.ts,139,Shared Shell & Navigation,,,,,,,Issue Multiple Violations,,nav-label,none,,skipped-reason:file outside assigned scope,Wave 3 (Shared Shell & Navigation); typecheck pass
W3-1-WAVE3-SHELL-14,Localization,"labelEn: ""Localization"" (id: localization)",apps/web/src/lib/shell-navigation.ts,140,Shared Shell & Navigation,,,,,,,Language & Translations,,nav-label,none,,skipped-reason:file outside assigned scope,Wave 3 (Shared Shell & Navigation); typecheck pass
W3-1-WAVE3-SHELL-15,Enforcement Cases,"labelEn: ""Enforcement Cases"" (id: enforcement-cases)",apps/web/src/lib/shell-navigation.ts,141,Shared Shell & Navigation,,,,,,,Violation Cases,,nav-label,none,,skipped-reason:file outside assigned scope,Wave 3 (Shared Shell & Navigation); typecheck pass
W3-1-WAVE3-SHELL-16,dossier,// search opens the field-native Factory 360 instead of the web dossier.,apps/web/src/components/ShellClient.tsx,332,Shared Shell & Navigation,,,,,,,n/a — left as-is,,"code comment (developer-facing, not user-visible)",none,,"skipped-reason:code comment, explicitly excluded from remediation by instructions",Wave 3 (Shared Shell & Navigation); typecheck pass
W3-2-W3-01,Compliance Library,Compliance Library — regulation register,apps/web/src/app/admin/regulations/page.tsx,180,Compliance & Enforcement,,true,,admin.reg.r1.title,Compliance Library — regulation register,,Inspection Rules — regulation register,قواعد التفتيش — سجل اللوائح,nav/page-title,none,Direct glossary mapping: Compliance Library -> Inspection Rules,implemented,Wave 3 (Compliance & Enforcement); typecheck pass
W3-2-W3-02,Compliance Library,"aria-label=""Compliance Library"" on the regulations sub-nav",apps/web/src/app/admin/regulations/page.tsx,194,Compliance & Enforcement,,,,,Compliance Library,,Inspection Rules,,aria-label,none,Keep aria-label consistent with the renamed page title,implemented,Wave 3 (Compliance & Enforcement); typecheck pass
W3-2-W3-03,library (banner copy),this library remains the published source of truth,apps/web/src/app/admin/regulations/page.tsx,442,Compliance & Enforcement,,,,,this library remains the published source of truth,,these Inspection Rules remain the published source of truth,,banner,none,Consistency follow-through after renaming the module,implemented,Wave 3 (Compliance & Enforcement); typecheck pass
W3-2-W3-04,library (empty state),the library is genuinely empty,apps/web/src/app/admin/regulations/page.tsx,450-451,Compliance & Enforcement,,,,admin.reg.r1.empty.body.writer / admin.reg.r1.empty.body,The read succeeded — the library is genuinely empty.,,The read succeeded — the list is genuinely empty.,,empty-state,none,,implemented,Wave 3 (Compliance & Enforcement); typecheck pass
W3-2-W3-05,Open dossier,Open dossier (row action to a regulation-clause detail record),apps/web/src/app/admin/regulations/page.tsx,150,Compliance & Enforcement,,,,admin.reg.r1.openDossier,Open dossier,,Open record,فتح السجل,row-action,none,"This is a regulation/clause detail record, not a Factory 360 record, so the Factory-profile mapping does not apply; used generic plain-language 'record' per task guidance. Also consumed by regulations/Controls.tsx via the shared strings object (Controls.tsx line 338), no separate edit needed there.",implemented,Wave 3 (Compliance & Enforcement); typecheck pass
W3-2-W3-06,dossier (helper text),Clause additions on this dossier are audit-tracked too (trg_audit_regulation_clauses).,apps/web/src/app/admin/regulations/page.tsx,282,Compliance & Enforcement,,,,admin.reg.r1.detail.auditNote,Clause additions on this dossier are audit-tracked too,,Clause additions on this record are audit-tracked too,تُدقَّق تغييرات صف اللائحة عبر المُشغّل العام، كما تُدقَّق إضافات البنود في هذا السجل أيضًا (trg_audit_regulation_clauses).,helper-text,none,,implemented,Wave 3 (Compliance & Enforcement); typecheck pass
W3-2-W3-07,Compliance Approval Queue,"page title ""Compliance Approval Queue""",apps/web/src/app/admin/compliance-approvals/page.tsx,48,Compliance & Enforcement,,,,,Compliance Approval Queue,,Awaiting Approval,,page-title,none,Direct glossary mapping: Approval Queue -> Awaiting Approval,implemented,Wave 3 (Compliance & Enforcement); typecheck pass
W3-2-W3-08,Approval Queue unavailable,<h4>Approval Queue unavailable</h4>,apps/web/src/app/admin/compliance-approvals/page.tsx,55,Compliance & Enforcement,,,,,Approval Queue unavailable,,Awaiting Approval unavailable,,error-state,none,,implemented,Wave 3 (Compliance & Enforcement); typecheck pass
W3-2-W3-09,Compliance Approval Queue unavailable,<h4>Compliance Approval Queue unavailable</h4>,apps/web/src/app/admin/compliance-approvals/error.tsx,4,Compliance & Enforcement,,,,,Compliance Approval Queue unavailable,,Awaiting Approval unavailable,,error-boundary,none,,implemented,Wave 3 (Compliance & Enforcement); typecheck pass
W3-2-W3-10,Loading Compliance Approval Queue,<h4>Loading Compliance Approval Queue</h4>,apps/web/src/app/admin/compliance-approvals/loading.tsx,2,Compliance & Enforcement,,,,,Loading Compliance Approval Queue,,Loading Awaiting Approval,,loading-state,none,,implemented,Wave 3 (Compliance & Enforcement); typecheck pass
W3-2-W3-11,Compliance Approval Queue,"back-link text: {fromQueue ? ""Compliance Approval Queue"" : ""Request register""}",apps/web/src/app/admin/compliance-requests/[id]/page.tsx,82,Compliance & Enforcement,,,,,Compliance Approval Queue,,Awaiting Approval,,link-text,none,,implemented,Wave 3 (Compliance & Enforcement); typecheck pass
W3-2-W3-12,Bulk violation issuance,"page title / EmptyState title ""Bulk violation issuance""",apps/web/src/app/admin/bulk-violations/page.tsx,"29,69",Compliance & Enforcement,,,,admin.bulkvio.title,Bulk violation issuance,,Issue Multiple Violations,إصدار عدة مخالفات,page-title,none,Direct glossary mapping: Bulk Violation Issuance -> Issue Multiple Violations,implemented,Wave 3 (Compliance & Enforcement); typecheck pass
W3-2-W3-13,Bulk violation issuance,Bulk violation issuance (DEC-L) is available to Operations and Compliance Admin roles only.,apps/web/src/app/admin/bulk-violations/page.tsx,31,Compliance & Enforcement,,,,admin.bulkvio.unauthorized.body,Bulk violation issuance (DEC-L) is available to Operations and Compliance Admin roles only.,إصدار المخالفات الجماعي (DEC-L) متاح لدوري العمليات ومسؤول الامتثال فقط.,Issue Multiple Violations (DEC-L) is available to Operations and Compliance Admin roles only.,إصدار عدة مخالفات (DEC-L) متاح لدوري العمليات ومسؤول الامتثال فقط.,unauthorized-body,none,,implemented,Paired inline Arabic string in same file updated alongside English
W3-2-W3-14,establishment registry,The establishment registry is unavailable in this environment.,apps/web/src/app/admin/bulk-violations/page.tsx,76,Compliance & Enforcement,,,,admin.bulkvio.factoriesError,The establishment registry is unavailable in this environment.,سجل المنشآت غير متاح في هذه البيئة.,The factory list is unavailable in this environment.,قائمة المنشآت غير متاحة في هذه البيئة.,error-banner,none,registry -> Factory list glossary mapping applied to the establishment/factory data source referenced in this admin page,implemented,Wave 3 (Compliance & Enforcement); typecheck pass
W3-2-W3-15,Enforcement Cases,n/a — term not present anywhere in assigned scope,apps/web/src/app/admin,,Compliance & Enforcement,,,,,,,n/a,,not-found,none,,"skipped-reason: term 'Enforcement Cases' does not appear anywhere in regulations/, compliance-requests/, compliance-approvals/, violations/, enforcement-recommendations/, or bulk-violations/ (grep -rniE 'enforcement case|violation case' returned zero hits). No code change needed for this Wave 3 focus item.",grep -rniE 'enforcement case|violation case' across all six assigned directories returned no matches
W3-2-W3-16,Enforcement Library,n/a — term not present anywhere in assigned scope,apps/web/src/app/admin,,Compliance & Enforcement,,,,,,,n/a,,not-found,none,,"skipped-reason: term 'Enforcement Library' does not appear anywhere in the six assigned directories (violations/, enforcement-recommendations/, bulk-violations/, regulations/, compliance-requests/, compliance-approvals/). Only 'Compliance Library' was found and was remediated (W3-01/02/03/04). The Enforcement Library screen likely lives outside this wave's directory scope (e.g. a different admin route not assigned here).",grep -rniE 'enforcement librar' across all six assigned directories returned no matches
W3-2-W3-17,SCR-ADM-*/ENG-08 chips,"context lozenge chips such as ""SCR-ADM-040 · ENG-08"", ""CMP-REQ-CCR-001..010"", ""DEC-F"", ""DEC-L"" rendered next to page titles across violations/page.tsx, violations/loading.tsx, compliance-requests/page.tsx, enforcement-recommendations/page.tsx, bulk-violations/page.tsx","apps/web/src/app/admin/violations/page.tsx, apps/web/src/app/admin/violations/loading.tsx, apps/web/src/app/admin/compliance-requests/page.tsx",,Compliance & Enforcement,,,,,,,Consider removing or relabeling these internal screen/engine-ID badges in a dedicated cross-admin pass,,deferred-jargon,none,,"skipped-reason: these ID-badge chips (SCR-*, ENG-*, DEC-*, CMP-REQ-*) are a consistent pattern spanning every admin page in the app (not unique to Wave 3's focus list), rendered as small context lozenges next to headings. Removing them here only would create visual/consistency drift with untouched admin pages outside this wave's scope. Recommend a dedicated follow-up wave/task to decide whether these badges stay for internal traceability or are removed platform-wide.","grep across assigned directories shows the pattern repeated on every page.tsx (violations, compliance-requests, compliance-approvals, enforcement-recommendations, bulk-violations)"
W3-3-W3-001,Risk Configuration,Risk Engine configuration,apps/web/src/app/admin/risk/page.tsx,40,/admin/risk,,true,,admin.risk.title,,,Risk Settings,إعدادات المخاطر,page-title,none,,implemented,Wave 3 (Risk/Workflow/GIS/Integrations Config); typecheck pass
W3-3-W3-002,Workflow Configuration,Workflow configuration,apps/web/src/app/admin/workflows/page.tsx,54,/admin/workflows,,true,,admin.wf.title,,,Workflow Settings,إعدادات سير العمل,page-title,none,,implemented,Wave 3 (Risk/Workflow/GIS/Integrations Config); typecheck pass
W3-3-W3-003,Workflow Configuration,Couldn't load workflow configuration. Nothing was changed. Try again.,apps/web/src/app/admin/workflows/page.tsx,61,/admin/workflows,,true,,admin.wf.error.title,,,Couldn't load workflow settings. Nothing was changed. Try again.,تعذّر تحميل إعدادات سير العمل. لم يتغيّر أي شيء. حاول مرة أخرى.,error-banner,none,,implemented,Wave 3 (Risk/Workflow/GIS/Integrations Config); typecheck pass
W3-3-W3-004,Workflow Configuration,No workflow configuration published,apps/web/src/app/admin/workflows/page.tsx,65,/admin/workflows,,true,,admin.wf.empty.title,,,No workflow settings published,لا توجد إعدادات سير عمل منشورة,empty-state-title,none,,implemented,Wave 3 (Risk/Workflow/GIS/Integrations Config); typecheck pass
W3-3-W3-005,GIS Configuration,GIS Studio — geofencing,apps/web/src/app/admin/gis/page.tsx,74,/admin/gis,,true,,gis.title,,,Map Settings — geofencing,إعدادات الخرائط — التسييج الجغرافي,page-title,none,geofence/geofencing kept per glossary exception for GIS admin config surface,implemented,Wave 3 (Risk/Workflow/GIS/Integrations Config); typecheck pass
W3-3-W3-006,registry,The factory registry is empty — geofences appear here once factories are synced (FND-007).,apps/web/src/app/admin/gis/page.tsx,87,/admin/gis,,true,,gis.empty.body,,,The factory list is empty — geofences appear here once factories are synced (FND-007).,قائمة المصانع فارغة — تظهر الأسيجة الجغرافية هنا بمجرد مزامنة المصانع (FND-007).,empty-state-body,none,,implemented,Wave 3 (Risk/Workflow/GIS/Integrations Config); typecheck pass
W3-3-W3-007,GIS Configuration,GIS Studio · استوديو الخرائط,apps/web/src/app/admin/gis/loading.tsx,8,/admin/gis (loading fallback),,true,,,,استوديو الخرائط,Map Settings · إعدادات الخرائط,إعدادات الخرائط,route-loading-title-bilingual,none,,implemented,Wave 3 (Risk/Workflow/GIS/Integrations Config); typecheck pass
W3-3-W3-008,GIS Configuration,Loading GIS Studio… · جارٍ تحميل استوديو الخرائط…,apps/web/src/app/admin/gis/loading.tsx,10,/admin/gis (loading fallback),,true,,,,جارٍ تحميل استوديو الخرائط…,Loading Map Settings…,جارٍ تحميل إعدادات الخرائط…,loading-state-bilingual,none,,implemented,Wave 3 (Risk/Workflow/GIS/Integrations Config); typecheck pass
W3-3-W3-009,developer-jargon,ENG-06 · SB20 · SCR-ADM-070,apps/web/src/app/admin/gis/loading.tsx,11,/admin/gis (loading fallback),,true,,,,,Preparing governed map settings and geofence data.,,loading-state-body,none,,implemented,Wave 3 (Risk/Workflow/GIS/Integrations Config); typecheck pass
W3-3-W3-010,developer-jargon,"Payload must define object, states[] and transitions[] (ENG-03 state machine shape).",apps/web/src/app/admin/workflows/actions.ts,49,/admin/workflows draft payload editor,,true,,,,,"Payload must define object, states[] and transitions[] (state machine shape).",,form-error-message,none,,implemented,Wave 3 (Risk/Workflow/GIS/Integrations Config); typecheck pass
W3-3-W3-011,developer-jargon,Weights must sum to 1.00 (got {sum}) — draft preserved (ERR pattern: exact blocker),apps/web/src/app/admin/risk/actions.ts,11,/admin/risk save form,,true,,,,,Weights must sum to 1.00 (got {sum}) — draft preserved,,form-error-message,none,,implemented,Wave 3 (Risk/Workflow/GIS/Integrations Config); typecheck pass
W3-3-W3-012,developer-jargon,(risk-owner scope required — RBAC-004).,apps/web/src/app/admin/risk/actions.ts,27,/admin/risk save form,,true,,,,,(risk-owner scope required).,,form-error-message,none,,implemented,Wave 3 (Risk/Workflow/GIS/Integrations Config); typecheck pass
W3-3-W3-013,Integration Management,Integration trust console,apps/web/src/app/admin/integrations/page.tsx,16,/admin/integrations,,true,,mvp3.integrations.title,,,System Connections,اتصالات النظام,page-title,none,,implemented,Wave 3 (Risk/Workflow/GIS/Integrations Config); typecheck pass
W3-3-W3-014,registry,Governed endpoint registry,apps/web/src/app/admin/integrations/page.tsx,22,Risk/Workflow/GIS/Integrations Config,,,,,,,Governed endpoint registry (unchanged),,section-heading,none,"Glossary registry->Factory list applies to the factory registry specifically; this heading refers to a list of integration endpoints, a distinct concept, so applying the same rename would misrepresent the content.",skipped-reason:different-domain-not-factory-registry,Wave 3 (Risk/Workflow/GIS/Integrations Config); typecheck pass
W3-3-W3-015,feature-flag-jargon,Task workspace is feature-flagged off (FEATURE_TASKS_WORKSPACE).,apps/web/src/app/admin/workflows/task-actions.ts,"39,64,88",Risk/Workflow/GIS/Integrations Config,,,,,,,deferred,,server-action-error,none,grep found no caller of reassignTask/setTaskStatus/setTaskActive from any page in scope; message is not genuinely user-visible today.,skipped-reason:not-currently-rendered-by-any-UI-behind-off-flag,Wave 3 (Risk/Workflow/GIS/Integrations Config); typecheck pass
W3-3-W3-016,feature-flag-jargon,Governed transition is feature-flagged off (FEATURE_WORKFLOW_TRANSITION).,apps/web/src/app/admin/workflows/transition-actions.ts,27,Risk/Workflow/GIS/Integrations Config,,,,,,,deferred,,server-action-error,none,applyGovernedTransition has no caller in scope; not currently user-visible.,skipped-reason:not-currently-rendered-by-any-UI-behind-off-flag,Wave 3 (Risk/Workflow/GIS/Integrations Config); typecheck pass
W3-4-W3-01,Localization,"t(""l10n.title"", ""Localization"")",apps/web/src/app/admin/localization/page.tsx,,/admin/localization,,yes,,"l10n.title (fallback only, key unchanged)",,,Language & Translations,اللغة والترجمات,page-title,none,"Direct glossary match: Localization -> Language & Translations. This is the module's own Shell page title, genuinely user-visible.",implemented,Wave 3 (Templates/Items/Notifications/Localization); typecheck pass
W3-4-W3-02,localization,Loading localization… · جارٍ تحميل الترجمة…,apps/web/src/app/admin/localization/loading.tsx,,/admin/localization,,yes,,,,جارٍ تحميل الترجمة…,Loading translations…,جارٍ تحميل الترجمة… (unchanged — already means 'Loading translation…'),loading-state-heading,none,Consistency with the renamed page title; loading-state skeleton shown before Localization() renders.,implemented,Wave 3 (Templates/Items/Notifications/Localization); typecheck pass
W3-4-W3-03,localization dictionary,"t(""l10n.error.load"", ""Could not load the localization dictionary. Nothing was changed. Try again."")",apps/web/src/app/admin/localization/page.tsx,,/admin/localization,,yes,,"l10n.error.load (fallback only, key unchanged)",,,Could not load the translation dictionary. Nothing was changed. Try again.,تعذّر تحميل قاموس الترجمة. لم يتغيّر شيء. حاول مرة أخرى.,error-banner,none,Consistency with the renamed module name; user-visible error banner.,implemented,Wave 3 (Templates/Items/Notifications/Localization); typecheck pass
W3-4-W3-04,Compliance Library,"aria-label=""Compliance Library"" nav; ""Back to Compliance Library"" link text",apps/web/src/app/admin/items/page.tsx; apps/web/src/app/admin/items/[id]/runtime-preview/page.tsx,,"/admin/items, /admin/items/[id]/runtime-preview",,yes,,,,,Inspection Rules,,nav-aria-label / link-text,none — purely a naming consistency risk if renamed in isolation,,"skipped-reason: cross-scope e2e contract (apps/web/e2e/compliance-library.spec.ts, compliance-library-evidence.spec.ts, compliance-shared-shell.spec.ts, cd-004-admin-control-plane-home.spec.ts, shell-navigation.spec.ts) asserts the literal 'Compliance Library' string across Shell nav, admin/regulations/page.tsx and admin/items/page.tsx together; regulations page and Shell nav are outside this task's assigned scope, so a partial rename here would create an inconsistent dual-naming state and break passing tests. Needs a coordinated follow-up covering Shell + admin/regulations + admin/items + the e2e specs.",Wave 3 (Templates/Items/Notifications/Localization); typecheck pass
W3-5-W3-01,Platform Operations,Platform operations and resilience,apps/web/src/app/admin/operations/page.tsx,18,/admin/operations,admin/ops,yes,"page title (Shell title prop, rendered in header)",mvp3.operations.title,,,System operations and resilience,عمليات المنظومة والصمود,glossary-mapped nav/page title,none,"Direct glossary mapping: Platform Operations -> System Operations, applied to page title fallback string.",implemented,tsc --noEmit 0 errors
W3-5-W3-02,dossier,Point-in-time dossier,apps/web/src/app/admin/audit/AuditReplayWorkspace.tsx,13,"/admin/audit (Inspection Flight Recorder, recorder mode aside panel heading)",auditor/security_admin/compliance_admin,yes,JSX heading text (aside h3),"n/a (inline labels.en.dossier, key name unchanged)",,,Point-in-time snapshot,"ملف الحالة في لحظة (unchanged, already correct)",known Wave 0 leftover: inline EN/AR strings object not routed through t(),none,"This is a forensic audit-replay snapshot of an event at a moment in time, not a Factory 360 profile — used 'snapshot' rather than forcing 'profile' wording onto an unrelated audit concept. Object key 'dossier' kept as internal identifier per instructions.",implemented,tsc --noEmit 0 errors
W3-5-W3-03,portfolio,Portfolio / current readable scope,apps/web/src/app/admin/audit/AuditReplayWorkspace.tsx,13,/admin/audit,auditor,yes,inline label + also appears in selectCase helper text,,,,,,contextual non-match — not the licenses concept,none,"Glossary maps 'portfolio' -> 'All licenses' specifically for the license-portfolio concept elsewhere in the app. Here 'Portfolio' means the auditor's entire RLS-readable event scope (a forensic/audit concept unrelated to licenses); relabeling it 'All licenses' would be incorrect and misleading. Left unchanged by design, not an oversight.","skipped-reason:contextual-mismatch, not the licenses meaning of 'portfolio' — renaming to 'All licenses' would be factually wrong in this audit-scope context",Wave 3 (Audit/Operations/Access); typecheck pass
W3-5-W3-04,SCR-*/RBAC-*/ENG-* context badges,"e.g. 'SCR-ADM-090 · RBAC-001..014' (access/page.tsx), 'ENG-12' (audit/page.tsx), 'M3-00 · CD-050' (operations/page.tsx, security-access/page.tsx)","apps/web/src/app/admin/access/page.tsx, apps/web/src/app/admin/audit/page.tsx, apps/web/src/app/admin/operations/page.tsx, apps/web/src/app/admin/security-access/page.tsx",18 / 136 / 19 / 19,Audit/Operations/Access,,yes,Shell context-slot lozenge badge,,,,,,developer-jargon code visible in Shell context badge,none,"Checked precedent: admin/packages/page.tsx (already remediated in Wave 2, do-not-touch) still ships 'SCR-ADM-030/031 · ENG-02' unchanged in its Shell context badge. This confirms these contract-ID lozenge badges are an accepted, intentionally-kept traceability convention across all admin surfaces, not in-scope jargon to strip — stripping them here would be inconsistent with the accepted Wave 2 pattern and would remove requirement-traceability without a documented change-control decision.","skipped-reason:matches accepted Wave-2 precedent (packages/page.tsx keeps identical SCR-*/ENG-* badge pattern) — treating as intentional traceability convention, not jargon to remove; flagging for explicit product-owner decision before Wave 4/5 if removal is actually desired",Wave 3 (Audit/Operations/Access); typecheck pass
W3-6-W3-01,Compliance Library,Compliance Library,apps/web/src/app/admin/page.tsx,118,/admin,,true,,admin.overview.r2.family.compliance,,,Inspection Rules,قواعد التفتيش,nav-label,none,,implemented,Wave 3 (Admin Landing & Committee); typecheck pass
W3-6-W3-02,Enforcement Library,Enforcement Library,apps/web/src/app/admin/page.tsx,120,/admin,,true,,admin.overview.r2.family.enforcement,,,Violations & Penalties,المخالفات والعقوبات,nav-label,none,,implemented,Wave 3 (Admin Landing & Committee); typecheck pass
W3-6-W3-03,Audit trail,Audit trail,apps/web/src/app/admin/page.tsx,122,/admin,,true,,admin.overview.r2.family.audit,,,Activity Log,سجل النشاط,nav-label,none,,implemented,Wave 3 (Admin Landing & Committee); typecheck pass
W3-6-W3-04,Workflow Configuration,Workflow Configuration,apps/web/src/app/admin/page.tsx,132,/admin,,true,,shell.nav.workflows,,,Workflow Settings,إعدادات سير العمل,nav-label,none,,implemented,Wave 3 (Admin Landing & Committee); typecheck pass
W3-6-W3-05,Risk Configuration,Risk Configuration,apps/web/src/app/admin/page.tsx,133,/admin,,true,,shell.nav.risk,,,Risk Settings,إعدادات المخاطر,nav-label,none,,implemented,Wave 3 (Admin Landing & Committee); typecheck pass
W3-6-W3-06,GIS Configuration,GIS Configuration,apps/web/src/app/admin/page.tsx,134,/admin,,true,,shell.nav.gis,,,Map Settings,إعدادات الخريطة,nav-label,none,,implemented,Wave 3 (Admin Landing & Committee); typecheck pass
W3-6-W3-07,Localization,Localization,apps/web/src/app/admin/page.tsx,136,/admin,,true,,shell.nav.localization,,,Language & Translations,اللغة والترجمات,nav-label,none,,implemented,Wave 3 (Admin Landing & Committee); typecheck pass
W3-6-W3-08,Audit Trail,Audit Trail,apps/web/src/app/admin/page.tsx,137,/admin,,true,,shell.nav.audit,,,Activity Log,سجل النشاط,nav-label,none,,implemented,Wave 3 (Admin Landing & Committee); typecheck pass
W3-6-W3-09,dossier,The committee decision dossier is not enabled here. PKI/EBDA verification is held.,apps/web/src/app/committee/page.tsx,18,/committee,,true,,cmte.off,,,The committee decision record is not enabled here. PKI/EBDA verification is held.,سجل قرار اللجنة غير مُفعَّل هنا. التحقق عبر البنية التحتية للمفتاح العام/إبدأ موقوف.,empty-state/banner,none,Committee decision packet is a different business object than the Factory 360 'dossier' -> 'Factory profile' rename; used 'decision record' per task guidance instead of 'Factory profile' wording.,implemented,Wave 3 (Admin Landing & Committee); typecheck pass
W3-6-W3-10,dossier,Committee dossier is feature-flagged off (FEATURE_DECISION_DOSSIER).,apps/web/src/app/committee/actions.ts,18,/committee (RecordSignature form error),,true,,"none (raw string, not t())",,,Committee decision record is feature-flagged off (FEATURE_DECISION_DOSSIER).,,server-action-error-message,none,FEATURE_DECISION_DOSSIER env var name preserved verbatim as instructed; only the surrounding prose reworded.,implemented,Wave 3 (Admin Landing & Committee); typecheck pass
W3-6-W3-11,Compliance Library / Enforcement Library / Audit trail (comments),// Compliance Library — regulations / // Enforcement Library — violation_codes / // Audit trail — audit_events,apps/web/src/app/admin/page.tsx,"188,213,249",Admin Landing & Committee,,,,,,,n/a — left unchanged,,code-comment,none,,"skipped-reason:comment, not user-visible per instructions",Wave 3 (Admin Landing & Committee); typecheck pass
W3-MANUAL-001,Compliance Library,labelEn nav item (compliance-library),apps/web/src/lib/shell-navigation.ts,103,main sidebar nav,business admin,yes,nav-label object,shell.nav.regulations,Compliance Library,مكتبة الامتثال,Inspection Rules,قواعد التفتيش,A,none,"Actual source of the sidebar nav label; worker 1 correctly flagged this as out of its components/-only scope, implemented directly",implemented,typecheck pass
W3-MANUAL-002,Approval Queue,labelEn nav item (approval-queue),apps/web/src/lib/shell-navigation.ts,104,main sidebar nav,business admin,yes,nav-label object,shell.nav.approvalQueue,Approval Queue,قائمة انتظار الموافقات,Awaiting Approval,بانتظار الاعتماد,A,none,,implemented,typecheck pass
W3-MANUAL-003,Enforcement Library,labelEn nav item (enforcement-library),apps/web/src/lib/shell-navigation.ts,105,main sidebar nav,business admin,yes,nav-label object,shell.nav.enforcement,Enforcement Library,مكتبة الإنفاذ,Violations & Penalties,المخالفات والعقوبات,A,none,,implemented,typecheck pass
W3-MANUAL-004,Lookup Management,labelEn nav item (lookups),apps/web/src/lib/shell-navigation.ts,125,main sidebar nav (advanced admin),admin,yes,nav-label object,shell.nav.lookups,Lookup Management,إدارة القوائم المرجعية,Reference Lists,القوائم المرجعية,A,none,,implemented,typecheck pass
W3-MANUAL-005,Risk Configuration,labelEn nav item (risk),apps/web/src/lib/shell-navigation.ts,126,main sidebar nav (advanced admin),risk_owner,yes,nav-label object,shell.nav.risk,Risk Configuration,تهيئة المخاطر,Risk Settings,إعدادات المخاطر,A,none,,implemented,typecheck pass
W3-MANUAL-006,Survey Configuration,labelEn nav item (surveys),apps/web/src/lib/shell-navigation.ts,127,main sidebar nav (advanced admin),form_admin,yes,nav-label object,shell.nav.surveys,Survey Configuration,تهيئة الاستبيانات,Inspection Forms,نماذج التفتيش,A,none,,implemented,typecheck pass
W3-MANUAL-007,Notification Configuration,labelEn nav item (notifications),apps/web/src/lib/shell-navigation.ts,128,main sidebar nav (advanced admin),admin,yes,nav-label object,shell.nav.notificationConfiguration,Notification Configuration,تهيئة الإشعارات,Notification Settings,إعدادات الإشعارات,A,none,,implemented,typecheck pass
W3-MANUAL-008,Integration Management,labelEn nav item (integrations),apps/web/src/lib/shell-navigation.ts,129,main sidebar nav (advanced admin),security_admin/workflow_admin,yes,nav-label object,shell.nav.integrationManagement,Integration Management,إدارة التكاملات,System Connections,اتصالات النظام,A,none,,implemented,typecheck pass
W3-MANUAL-009,Workflow Configuration,labelEn nav item (workflows),apps/web/src/lib/shell-navigation.ts,130,main sidebar nav (advanced admin),workflow_admin,yes,nav-label object,shell.nav.workflows,Workflow Configuration,تهيئة سير العمل,Workflow Settings,إعدادات سير العمل,A,none,,implemented,typecheck pass
W3-MANUAL-010,GIS Configuration,labelEn nav item (gis),apps/web/src/lib/shell-navigation.ts,131,main sidebar nav (advanced admin),gis_admin,yes,nav-label object,shell.nav.gis,GIS Configuration,تهيئة نظم المعلومات الجغرافية,Map Settings,إعدادات الخريطة,A,none,,implemented,typecheck pass
W3-MANUAL-011,Audit Trail,labelEn nav item (audit),apps/web/src/lib/shell-navigation.ts,132,main sidebar nav (advanced admin),admin,yes,nav-label object,shell.nav.audit,Audit Trail,سجل التدقيق,Activity Log,سجل النشاط,A,none,,implemented,typecheck pass
W3-MANUAL-012,Platform Operations,labelEn nav item (platform-operations),apps/web/src/lib/shell-navigation.ts,133,main sidebar nav (advanced admin),security_admin/workflow_admin,yes,nav-label object,shell.nav.platformOperations,Platform Operations,عمليات المنصة,System Operations,عمليات النظام,A,none,,implemented,typecheck pass
W3-MANUAL-013,Bulk Violation Issuance,labelEn nav item (bulk-violations),apps/web/src/lib/shell-navigation.ts,139,main sidebar nav (advanced admin),ops/compliance_admin,yes,nav-label object,shell.nav.bulkViolations,Bulk Violation Issuance,إصدار المخالفات الجماعي,Issue Multiple Violations,إصدار عدة مخالفات,A,none,,implemented,typecheck pass
W3-MANUAL-014,Localization,labelEn nav item (localization),apps/web/src/lib/shell-navigation.ts,140,main sidebar nav (advanced admin),compliance/security/workflow admin,yes,nav-label object,shell.nav.localization,Localization,الترجمة,Language & Translations,اللغة والترجمات,A,none,,implemented,typecheck pass
W3-MANUAL-015,Enforcement Cases,labelEn nav item (enforcement-cases),apps/web/src/lib/shell-navigation.ts,141,main sidebar nav (advanced admin),compliance_admin,yes,nav-label object,shell.nav.enforcementCases,Enforcement Cases,قضايا الإنفاذ,Violation Cases,قضايا المخالفات,A,none,,implemented,typecheck pass
W3-MANUAL-016,Compliance Library,aria-label + back-link on Inspection Items pages,apps/web/src/app/admin/items/page.tsx; apps/web/src/app/admin/items/[id]/runtime-preview/page.tsx,"232; 63,112",/admin/items,admin,yes,aria-label / link text,(none - hardcoded),Compliance Library,(none),Inspection Rules,(none),A,none,Cross-scope consistency fix flagged by worker 4 (e2e contract spanned Shell+regulations+items); implemented directly alongside shell-navigation.ts + regulations fixes so all three surfaces rename together,implemented,typecheck pass
W3-MANUAL-017,Version lineage,Version lineage / lineage-and-publish-dependency heading,apps/web/src/app/admin/regulations/page.tsx,403,/admin/regulations,admin,yes,section heading,admin.reg.lineage.heading,Version lineage,(none),Version history,سجل الإصدارات,A,none,"Missed by compliance-enforcement worker (lineage->history was in general glossary, not explicit focus list); caught during e2e-consistency review",implemented,typecheck pass
W3-MANUAL-018,6 e2e spec assertions,aria-label/heading/text assertions pinning old nav labels,apps/web/e2e/cd-004-admin-control-plane-home.spec.ts; compliance-approval-queue.spec.ts; compliance-library-evidence.spec.ts; compliance-library.spec.ts; compliance-shared-shell.spec.ts; shell-navigation.spec.ts; cd-005-006-regulations.spec.ts; mvp3-retrofit-regression.spec.ts,various,e2e test suite,n/a,no,test assertion,n/a,various old labels,n/a,various new labels,n/a,G,none,Updated test text assertions to match renamed UI text; underlying behavior/routes/roles unchanged,implemented,typecheck pass
W3-MANUAL-019,Audit Trail,i18n key manifest entry (Arabic-seeding source),apps/web/src/lib/i18n-keys.generated.ts,25,"internal manifest, not directly rendered",n/a,no,seeding manifest English value,shell.nav.audit,Audit Trail,n/a,Activity Log,سجل النشاط,A,none,Manifest comment states it is consumed by the Arabic seeding step for ui_strings; left stale it would seed the old English term — fixed to match the live nav label,implemented,typecheck pass
W4-MANUAL-001,registry,"f360.err.neutral third occurrence, missed by Wave 1",apps/web/src/app/factories/page.tsx,61,/factories (Factory list),All authenticated web users,yes,translation fallback,f360.err.neutral,The factory registry is temporarily unavailable. Nothing was changed.,(none),The Factory list is temporarily unavailable. Nothing was changed.,قائمة المصانع غير متاحة مؤقتًا. لم يتم تغيير أي شيء.,A,none,Same key already fixed at cr/[id] and field/factory-360/[id] in Wave 1; this third call site was missed. Caught by Wave 5 validation agent's residual-phrase grep.,implemented,typecheck pass; Wave 5 validation catch
W4-MANUAL-002,registry,No factories in the registry (empty state),apps/web/src/app/factories/page.tsx,N/A,/factories,All authenticated web users,yes,translation fallback (empty state title),f360.empty.title,No factories in the registry,(none),No factories in the list,(pending AR),A,none,,implemented,typecheck pass
W4-MANUAL-003,registry,Clear the filter to see the full registry.,apps/web/src/app/factories/page.tsx,45,/factories,All authenticated web users,yes,translation fallback,f360.list.emptyRegion.desc,Clear the filter to see the full registry.,(none),Clear the filter to see the full Factory list.,(pending AR),A,none,,implemented,typecheck pass
W4-MANUAL-004,registry,Factory registry unavailable — AI advisory action error,apps/web/src/lib/ai/contextual-actions.ts,33,AI insights advisory generation (server action),admin/ops,yes,hardcoded error string (not t()),(none - hardcoded),Factory registry unavailable — no advisory was generated or stored.,(none),Factory list unavailable — no advisory was generated or stored.,(none - EN-only surface),A,none,Out of any prior wave's directory scope (lib/ai/); caught by Wave 5 validation residual grep.,implemented,typecheck pass; Wave 5 validation catch
W4-MANUAL-005,contract-unverified / fail-closed,f360.xpc.rule caption,apps/web/src/app/field/factory-360/[id]/page.tsx,269,/field/factory-360/:id,Inspector (iPad field),yes,translation fallback (caption),f360.xpc.rule,Industry Shared master data is contract-unverified (fail-closed),(none),Industry Shared master data is not shown until it can be confirmed,(pending AR),A,none,Prohibited dev-jargon phrase leaking into a visible caption; caught by Wave 5 validation residual grep against the task's explicit banned-phrase list.,implemented,typecheck pass; Wave 5 validation catch
W4-MANUAL-006,RLS-scoped,12 occurrences across portal/visits/admin/dashboard,apps/web/src/app/portal/page.tsx; visits/calendar/page.tsx; visits/map/page.tsx; visits/page.tsx (x2); admin/access/page.tsx; admin/compliance-requests/loading.tsx; admin/compliance-requests/[id]/page.tsx; admin/compliance-requests/page.tsx (x2); admin/compliance-approvals/loading.tsx; admin/compliance-approvals/page.tsx (x2); dashboard/loading.tsx,various,various,various,yes,banners/captions/loading text/context lozenges,various,RLS-scoped (various surrounding phrasing),(varies),Filtered to your access (various contextual rewrites),(pending AR except dashboard/loading.tsx which already had correct AR),A,none,Explicitly on the task's banned-phrase regression-test list; a systemic gap across surfaces no single wave's directory scope covered. Caught by Wave 5 validation residual grep.,implemented,typecheck pass; Wave 5 validation catch
W4-MANUAL-007,factory master / registry,Factory 360 destination page missed entirely by Wave 1,apps/web/src/app/factories/[id]/page.tsx,"312,410,592,618","/factories/:id (Factory profile - web, alternate lookup-by-id route)",All authenticated web users,yes,translation fallbacks,f360.geo.historyCaption; f360.tl.sourceSync; f360.wf.empty.desc; f360.wf.sourceOwned,factory master / Source registry synced / source registry sync (x2),(none),Factory list / Factory list synced / Factory list sync (x2),(pending AR),A,none,"This route is heavily linked from visits, planning, and operations pages as the primary Factory 360 destination, yet no wave's directory scope included apps/web/src/app/factories/[id]/page.tsx specifically (Wave 1 only covered factories/cr/[id] and field/factory-360/[id]). Caught during Wave 5 residual review. f360.docs.heading 'metadata registry' left unchanged — different domain (document metadata catalog, not the factory list).",implemented,typecheck pass; Wave 5 residual review catch
W4-MANUAL-008,dossier (env var mentions),FEATURE_DECISION_DOSSIER surfaced in committee page/action,apps/web/src/app/committee/page.tsx; apps/web/src/app/committee/actions.ts,19; 18,/committee,Committee members,yes,seam prop (expandable disclosure) / error message with parenthetical code,(none - hardcoded),FEATURE_DECISION_DOSSIER=off + PKI/EBDA held / (FEATURE_DECISION_DOSSIER),(none),(left unchanged — reviewed and accepted),(n/a),F,none,Env var identifier explicitly protected from renaming per task section 3. seam= renders only inside an expandable 'Why / prerequisites' disclosure (matches task's explicit allowance for preserving technical codes in expandable support detail); actions.ts error follows the same parenthetical-technical-code pattern already accepted for DEF-WF-006/M04-164 elsewhere in the app.,reviewed-no-change-needed,Wave 5 validation flagged; reviewed and confirmed compliant with task spec section 7
