requirement_id,parent_capability_id,source_id,source_coordinate,classification,normalized_requirement,acceptance_criteria
REQ-R0C-00001,CAP-R0C-0001,SRC-01,Visit Planning-Planning!A2:M2,USER_ACTION,Select planning method.,Pass when the actor can complete this action and the resulting state is visible: Select planning method.
REQ-R0C-00002,CAP-R0C-0001,SRC-01,Visit Planning-Planning!A2:M2,SYSTEM_BEHAVIOR,Load the selected planning workflow.,Pass when the system behavior occurs under the cited trigger and context: Load the selected planning workflow.
REQ-R0C-00003,CAP-R0C-0001,SRC-01,Visit Planning-Planning!A2:M2,BUSINESS_RULE,"Three planning methods are supported: Bulk, Single and Immediate.","Pass when this rule is enforced and a violating path is prevented or handled: Three planning methods are supported: Bulk, Single and Immediate."
REQ-R0C-00004,CAP-R0C-0001,SRC-01,Visit Planning-Planning!A2:M2,ACCEPTANCE_CRITERION,User can access only the planning methods permitted by their role.,Pass when the source-stated acceptance condition is demonstrated: User can access only the planning methods permitted by their role.
REQ-R0C-00005,CAP-R0C-0002,SRC-01,Visit Planning-Planning!A3:M3,USER_ACTION,"Build search criteria, search factories, select/unselect factories, configure visit, publish.","Pass when the actor can complete this action and the resulting state is visible: Build search criteria, search factories, select/unselect factories, configure visit, publish."
REQ-R0C-00006,CAP-R0C-0002,SRC-01,Visit Planning-Planning!A3:M3,SYSTEM_BEHAVIOR,"Retrieve factories, validate duplicates, generate Visit Plan, generate Visit IDs, assign inspectors, notify inspectors, create audit logs.","Pass when the system behavior occurs under the cited trigger and context: Retrieve factories, validate duplicates, generate Visit Plan, generate Visit IDs, assign inspectors, notify inspectors, create audit logs."
REQ-R0C-00007,CAP-R0C-0002,SRC-01,Visit Planning-Planning!A3:M3,BUSINESS_RULE,One Visit Plan can generate multiple Visits. Every Visit receives a unique Visit ID while sharing the same Visit Plan ID.,Pass when this rule is enforced and a violating path is prevented or handled: One Visit Plan can generate multiple Visits. Every Visit receives a unique Visit ID while sharing the same Visit Plan ID.
REQ-R0C-00008,CAP-R0C-0002,SRC-01,Visit Planning-Planning!A3:M3,ACCEPTANCE_CRITERION,Planner successfully publishes a Visit Plan and all selected factories receive individual Visits.,Pass when the source-stated acceptance condition is demonstrated: Planner successfully publishes a Visit Plan and all selected factories receive individual Visits.
REQ-R0C-00009,CAP-R0C-0002,SRC-01,Visit Planning-Planning!A3:M3,DATA_REQUIREMENT,"Planning Criteria, Visit Configuration","Pass when the cited data field or contract element is present and valid: Planning Criteria, Visit Configuration"
REQ-R0C-00010,CAP-R0C-0002,SRC-01,Visit Planning-Planning!A3:M3,DATA_REQUIREMENT,Visit Plan + Multiple Visits,Pass when the cited data field or contract element is present and valid: Visit Plan + Multiple Visits
REQ-R0C-00011,CAP-R0C-0003,SRC-01,Visit Planning-Planning!A4:M4,USER_ACTION,"Add, edit and remove criteria using AND / OR conditions.","Pass when the actor can complete this action and the resulting state is visible: Add, edit and remove criteria using AND / OR conditions."
REQ-R0C-00012,CAP-R0C-0003,SRC-01,Visit Planning-Planning!A4:M4,SYSTEM_BEHAVIOR,Validate criteria and execute factory search.,Pass when the system behavior occurs under the cited trigger and context: Validate criteria and execute factory search.
REQ-R0C-00013,CAP-R0C-0003,SRC-01,Visit Planning-Planning!A4:M4,BUSINESS_RULE,Multiple filters can be combined. Both AND and OR conditions are supported.,Pass when this rule is enforced and a violating path is prevented or handled: Multiple filters can be combined. Both AND and OR conditions are supported.
REQ-R0C-00014,CAP-R0C-0003,SRC-01,Visit Planning-Planning!A4:M4,ACCEPTANCE_CRITERION,Planner can build one or multiple search criteria without limitation.,Pass when the source-stated acceptance condition is demonstrated: Planner can build one or multiple search criteria without limitation.
REQ-R0C-00015,CAP-R0C-0004,SRC-01,Visit Planning-Planning!A5:M5,SYSTEM_BEHAVIOR,Retrieve all matching factories.,Pass when the system behavior occurs under the cited trigger and context: Retrieve all matching factories.
REQ-R0C-00016,CAP-R0C-0004,SRC-01,Visit Planning-Planning!A5:M5,BUSINESS_RULE,Only factories matching all criteria are returned.,Pass when this rule is enforced and a violating path is prevented or handled: Only factories matching all criteria are returned.
REQ-R0C-00017,CAP-R0C-0005,SRC-01,Visit Planning-Planning!A6:M6,USER_ACTION,Select or remove factories individually or in bulk.,Pass when the actor can complete this action and the resulting state is visible: Select or remove factories individually or in bulk.
REQ-R0C-00018,CAP-R0C-0005,SRC-01,Visit Planning-Planning!A6:M6,SYSTEM_BEHAVIOR,Track selected factories and prepare Visit Plan.,Pass when the system behavior occurs under the cited trigger and context: Track selected factories and prepare Visit Plan.
REQ-R0C-00019,CAP-R0C-0005,SRC-01,Visit Planning-Planning!A6:M6,BUSINESS_RULE,Planner has full control over the selected factories before publishing.,Pass when this rule is enforced and a violating path is prevented or handled: Planner has full control over the selected factories before publishing.
REQ-R0C-00020,CAP-R0C-0006,SRC-01,Visit Planning-Planning!A7:M7,USER_ACTION,"Select Business Visit Type, Visit Window, Assignment Method, Notes.","Pass when the actor can complete this action and the resulting state is visible: Select Business Visit Type, Visit Window, Assignment Method, Notes."
REQ-R0C-00021,CAP-R0C-0006,SRC-01,Visit Planning-Planning!A7:M7,SYSTEM_BEHAVIOR,Validate mandatory fields.,Pass when the system behavior occurs under the cited trigger and context: Validate mandatory fields.
REQ-R0C-00022,CAP-R0C-0006,SRC-01,Visit Planning-Planning!A7:M7,BUSINESS_RULE,Configuration applies to every Visit generated from the same Visit Plan.,Pass when this rule is enforced and a violating path is prevented or handled: Configuration applies to every Visit generated from the same Visit Plan.
REQ-R0C-00023,CAP-R0C-0006,SRC-01,Visit Planning-Planning!A7:M7,DATA_REQUIREMENT,"Business Visit Type, Visit Window, Assignment Method, Notes","Pass when the cited data field or contract element is present and valid: Business Visit Type, Visit Window, Assignment Method, Notes"
REQ-R0C-00024,CAP-R0C-0007,SRC-01,Visit Planning-Planning!A8:M8,USER_ACTION,Select Auto Assignment.,Pass when the actor can complete this action and the resulting state is visible: Select Auto Assignment.
REQ-R0C-00025,CAP-R0C-0007,SRC-01,Visit Planning-Planning!A8:M8,SYSTEM_BEHAVIOR,Assign inspectors according to assignment strategy.,Pass when the system behavior occurs under the cited trigger and context: Assign inspectors according to assignment strategy.
REQ-R0C-00026,CAP-R0C-0007,SRC-01,Visit Planning-Planning!A8:M8,BUSINESS_RULE,Assignment occurs before publishing.,Pass when this rule is enforced and a violating path is prevented or handled: Assignment occurs before publishing.
REQ-R0C-00027,CAP-R0C-0008,SRC-01,Visit Planning-Planning!A9:M9,USER_ACTION,Select inspector for one or multiple visits.,Pass when the actor can complete this action and the resulting state is visible: Select inspector for one or multiple visits.
REQ-R0C-00028,CAP-R0C-0008,SRC-01,Visit Planning-Planning!A9:M9,SYSTEM_BEHAVIOR,Validate inspector availability.,Pass when the system behavior occurs under the cited trigger and context: Validate inspector availability.
REQ-R0C-00029,CAP-R0C-0008,SRC-01,Visit Planning-Planning!A9:M9,BUSINESS_RULE,Planner may override automatic recommendations.,Pass when this rule is enforced and a violating path is prevented or handled: Planner may override automatic recommendations.
REQ-R0C-00030,CAP-R0C-0009,SRC-01,Visit Planning-Planning!A10:M10,USER_ACTION,Review all configuration and assignments.,Pass when the actor can complete this action and the resulting state is visible: Review all configuration and assignments.
REQ-R0C-00031,CAP-R0C-0009,SRC-01,Visit Planning-Planning!A10:M10,SYSTEM_BEHAVIOR,Validate all required information.,Pass when the system behavior occurs under the cited trigger and context: Validate all required information.
REQ-R0C-00032,CAP-R0C-0009,SRC-01,Visit Planning-Planning!A10:M10,BUSINESS_RULE,Publishing is blocked until all mandatory information is completed.,Pass when this rule is enforced and a violating path is prevented or handled: Publishing is blocked until all mandatory information is completed.
REQ-R0C-00033,CAP-R0C-0009,SRC-01,Visit Planning-Planning!A10:M10,ACCEPTANCE_CRITERION,Planner reviews the complete Visit Plan before publishing.,Pass when the source-stated acceptance condition is demonstrated: Planner reviews the complete Visit Plan before publishing.
REQ-R0C-00034,CAP-R0C-0010,SRC-01,Visit Planning-Planning!A11:M11,SYSTEM_BEHAVIOR,"Create Visit Plan, create individual Visits, assign inspectors, update inspector calendars, generate audit records, send notifications.","Pass when the system behavior occurs under the cited trigger and context: Create Visit Plan, create individual Visits, assign inspectors, update inspector calendars, generate audit records, send notifications."
REQ-R0C-00035,CAP-R0C-0010,SRC-01,Visit Planning-Planning!A11:M11,BUSINESS_RULE,Every generated Visit becomes an independent business object while remaining linked to the originating Visit Plan.,Pass when this rule is enforced and a violating path is prevented or handled: Every generated Visit becomes an independent business object while remaining linked to the originating Visit Plan.
REQ-R0C-00036,CAP-R0C-0011,SRC-01,Visit Planning-Planning!A12:M12,USER_ACTION,"Select Bulk, Single or Immediate.","Pass when the actor can complete this action and the resulting state is visible: Select Bulk, Single or Immediate."
REQ-R0C-00037,CAP-R0C-0011,SRC-01,Visit Planning-Planning!A12:M12,SYSTEM_BEHAVIOR,Load corresponding planning workflow.,Pass when the system behavior occurs under the cited trigger and context: Load corresponding planning workflow.
REQ-R0C-00038,CAP-R0C-0011,SRC-01,Visit Planning-Planning!A12:M12,BUSINESS_RULE,Only one planning method can be selected per creation session.,Pass when this rule is enforced and a violating path is prevented or handled: Only one planning method can be selected per creation session.
REQ-R0C-00039,CAP-R0C-0012,SRC-01,Visit Planning-Planning!A13:M13,USER_ACTION,"Add/remove filters, combine using AND/OR.","Pass when the actor can complete this action and the resulting state is visible: Add/remove filters, combine using AND/OR."
REQ-R0C-00040,CAP-R0C-0012,SRC-01,Visit Planning-Planning!A13:M13,BUSINESS_RULE,Unlimited filter combinations supported.,Pass when this rule is enforced and a violating path is prevented or handled: Unlimited filter combinations supported.
REQ-R0C-00041,CAP-R0C-0012,SRC-01,Visit Planning-Planning!A13:M13,ACCEPTANCE_CRITERION,Planner can create valid search criteria.,Pass when the source-stated acceptance condition is demonstrated: Planner can create valid search criteria.
REQ-R0C-00042,CAP-R0C-0012,SRC-01,Visit Planning-Planning!A13:M13,DATA_REQUIREMENT,"Activity, Region, City, Risk, License Stage, Violations, Employees...","Pass when the cited data field or contract element is present and valid: Activity, Region, City, Risk, License Stage, Violations, Employees..."
REQ-R0C-00043,CAP-R0C-0013,SRC-01,Visit Planning-Planning!A14:M14,SYSTEM_BEHAVIOR,Execute search and return matching factories.,Pass when the system behavior occurs under the cited trigger and context: Execute search and return matching factories.
REQ-R0C-00044,CAP-R0C-0013,SRC-01,Visit Planning-Planning!A14:M14,BUSINESS_RULE,Only matching factories are returned.,Pass when this rule is enforced and a violating path is prevented or handled: Only matching factories are returned.
REQ-R0C-00045,CAP-R0C-0014,SRC-01,Visit Planning-Planning!A15:M15,USER_ACTION,"Sort, filter, open factory profile.","Pass when the actor can complete this action and the resulting state is visible: Sort, filter, open factory profile."
REQ-R0C-00046,CAP-R0C-0014,SRC-01,Visit Planning-Planning!A15:M15,SYSTEM_BEHAVIOR,Display factory information.,Pass when the system behavior occurs under the cited trigger and context: Display factory information.
REQ-R0C-00047,CAP-R0C-0014,SRC-01,Visit Planning-Planning!A15:M15,BUSINESS_RULE,Factories are read-only during review.,Pass when this rule is enforced and a violating path is prevented or handled: Factories are read-only during review.
REQ-R0C-00048,CAP-R0C-0015,SRC-01,Visit Planning-Planning!A16:M16,USER_ACTION,Select/unselect individual or multiple factories.,Pass when the actor can complete this action and the resulting state is visible: Select/unselect individual or multiple factories.
REQ-R0C-00049,CAP-R0C-0015,SRC-01,Visit Planning-Planning!A16:M16,SYSTEM_BEHAVIOR,Store selected factories.,Pass when the system behavior occurs under the cited trigger and context: Store selected factories.
REQ-R0C-00050,CAP-R0C-0015,SRC-01,Visit Planning-Planning!A16:M16,BUSINESS_RULE,Only selected factories proceed.,Pass when this rule is enforced and a violating path is prevented or handled: Only selected factories proceed.
REQ-R0C-00051,CAP-R0C-0016,SRC-01,Visit Planning-Planning!A17:M17,SYSTEM_BEHAVIOR,Generate campaign summary.,Pass when the system behavior occurs under the cited trigger and context: Generate campaign summary.
REQ-R0C-00052,CAP-R0C-0017,SRC-01,Visit Planning-Planning!A18:M18,USER_ACTION,"Select Visit Type, Visit Window, Assignment Method, Notes.","Pass when the actor can complete this action and the resulting state is visible: Select Visit Type, Visit Window, Assignment Method, Notes."
REQ-R0C-00053,CAP-R0C-0017,SRC-01,Visit Planning-Planning!A18:M18,SYSTEM_BEHAVIOR,Validate mandatory fields.,Pass when the system behavior occurs under the cited trigger and context: Validate mandatory fields.
REQ-R0C-00054,CAP-R0C-0017,SRC-01,Visit Planning-Planning!A18:M18,BUSINESS_RULE,Applies to all selected visits.,Pass when this rule is enforced and a violating path is prevented or handled: Applies to all selected visits.
REQ-R0C-00055,CAP-R0C-0018,SRC-01,Visit Planning-Planning!A19:M19,BUSINESS_RULE,Every visit must have an inspector.,Pass when this rule is enforced and a violating path is prevented or handled: Every visit must have an inspector.
REQ-R0C-00056,CAP-R0C-0019,SRC-01,Visit Planning-Planning!A20:M20,USER_ACTION,Select inspectors manually.,Pass when the actor can complete this action and the resulting state is visible: Select inspectors manually.
REQ-R0C-00057,CAP-R0C-0019,SRC-01,Visit Planning-Planning!A20:M20,BUSINESS_RULE,Manual assignment overrides auto assignment.,Pass when this rule is enforced and a violating path is prevented or handled: Manual assignment overrides auto assignment.
REQ-R0C-00058,CAP-R0C-0020,SRC-01,Visit Planning-Planning!A21:M21,SYSTEM_BEHAVIOR,"Validate duplicates, create Visit Plan, create Visits, notify inspectors, update calendars, audit.","Pass when the system behavior occurs under the cited trigger and context: Validate duplicates, create Visit Plan, create Visits, notify inspectors, update calendars, audit."
REQ-R0C-00059,CAP-R0C-0020,SRC-01,Visit Planning-Planning!A21:M21,BUSINESS_RULE,Visits become available to inspectors immediately.,Pass when this rule is enforced and a violating path is prevented or handled: Visits become available to inspectors immediately.
REQ-R0C-00060,CAP-R0C-0021,SRC-01,Visit Planning-Planning!A22:M22,USER_ACTION,Select Bulk Planning.,Pass when the actor can complete this action and the resulting state is visible: Select Bulk Planning.
REQ-R0C-00061,CAP-R0C-0021,SRC-01,Visit Planning-Planning!A22:M22,SYSTEM_BEHAVIOR,Load Bulk Planning workspace.,Pass when the system behavior occurs under the cited trigger and context: Load Bulk Planning workspace.
REQ-R0C-00062,CAP-R0C-0021,SRC-01,Visit Planning-Planning!A22:M22,BUSINESS_RULE,Planner must select one planning method before proceeding.,Pass when this rule is enforced and a violating path is prevented or handled: Planner must select one planning method before proceeding.
REQ-R0C-00063,CAP-R0C-0022,SRC-01,Visit Planning-Planning!A23:M23,USER_ACTION,"Add, remove and combine filter keys using AND / OR logic.","Pass when the actor can complete this action and the resulting state is visible: Add, remove and combine filter keys using AND / OR logic."
REQ-R0C-00064,CAP-R0C-0022,SRC-01,Visit Planning-Planning!A23:M23,SYSTEM_BEHAVIOR,Validate filters and prepare search query.,Pass when the system behavior occurs under the cited trigger and context: Validate filters and prepare search query.
REQ-R0C-00065,CAP-R0C-0022,SRC-01,Visit Planning-Planning!A23:M23,BUSINESS_RULE,Unlimited filters are supported. Multiple AND/OR conditions are allowed.,Pass when this rule is enforced and a violating path is prevented or handled: Unlimited filters are supported. Multiple AND/OR conditions are allowed.
REQ-R0C-00066,CAP-R0C-0022,SRC-01,Visit Planning-Planning!A23:M23,ACCEPTANCE_CRITERION,Planner can successfully define one or more planning criteria.,Pass when the source-stated acceptance condition is demonstrated: Planner can successfully define one or more planning criteria.
REQ-R0C-00067,CAP-R0C-0022,SRC-01,Visit Planning-Planning!A23:M23,DATA_REQUIREMENT,"Activity, Region, City, License Stage, License Status, Factory Status, Risk Level, Number of Violations, Number of Employees, Last Inspection Date, Inspection Type, Industrial City, Business Category and any configured factory attribute.","Pass when the cited data field or contract element is present and valid: Activity, Region, City, License Stage, License Status, Factory Status, Risk Level, Number of Violations, Number of Employees, Last Inspection Date, Inspection Type, Industrial City, Business Category and any configured factory attribute."
REQ-R0C-00068,CAP-R0C-0023,SRC-01,Visit Planning-Planning!A24:M24,SYSTEM_BEHAVIOR,Execute search and retrieve all matching factories.,Pass when the system behavior occurs under the cited trigger and context: Execute search and retrieve all matching factories.
REQ-R0C-00069,CAP-R0C-0023,SRC-01,Visit Planning-Planning!A24:M24,BUSINESS_RULE,Only factories satisfying the selected criteria are returned.,Pass when this rule is enforced and a violating path is prevented or handled: Only factories satisfying the selected criteria are returned.
REQ-R0C-00070,CAP-R0C-0024,SRC-01,Visit Planning-Planning!A25:M25,USER_ACTION,"View factory details, sort list, filter results, open factory profile.","Pass when the actor can complete this action and the resulting state is visible: View factory details, sort list, filter results, open factory profile."
REQ-R0C-00071,CAP-R0C-0024,SRC-01,Visit Planning-Planning!A25:M25,SYSTEM_BEHAVIOR,Display complete factory information.,Pass when the system behavior occurs under the cited trigger and context: Display complete factory information.
REQ-R0C-00072,CAP-R0C-0024,SRC-01,Visit Planning-Planning!A25:M25,BUSINESS_RULE,No visits are created during review.,Pass when this rule is enforced and a violating path is prevented or handled: No visits are created during review.
REQ-R0C-00073,CAP-R0C-0025,SRC-01,Visit Planning-Planning!A26:M26,USER_ACTION,"Select, unselect or select all factories.","Pass when the actor can complete this action and the resulting state is visible: Select, unselect or select all factories."
REQ-R0C-00074,CAP-R0C-0025,SRC-01,Visit Planning-Planning!A26:M26,SYSTEM_BEHAVIOR,Store selected factories.,Pass when the system behavior occurs under the cited trigger and context: Store selected factories.
REQ-R0C-00075,CAP-R0C-0025,SRC-01,Visit Planning-Planning!A26:M26,BUSINESS_RULE,Only selected factories proceed to planning.,Pass when this rule is enforced and a violating path is prevented or handled: Only selected factories proceed to planning.
REQ-R0C-00076,CAP-R0C-0026,SRC-01,Visit Planning-Planning!A27:M27,SYSTEM_BEHAVIOR,Generate campaign summary.,Pass when the system behavior occurs under the cited trigger and context: Generate campaign summary.
REQ-R0C-00077,CAP-R0C-0026,SRC-01,Visit Planning-Planning!A27:M27,BUSINESS_RULE,AI recommendations are advisory only and do not modify the plan automatically.,Pass when this rule is enforced and a violating path is prevented or handled: AI recommendations are advisory only and do not modify the plan automatically.
REQ-R0C-00078,CAP-R0C-0027,SRC-01,Visit Planning-Planning!A28:M28,USER_ACTION,"Configure Business Visit Type, Visit Window, Assignment Method and Notes.","Pass when the actor can complete this action and the resulting state is visible: Configure Business Visit Type, Visit Window, Assignment Method and Notes."
REQ-R0C-00079,CAP-R0C-0027,SRC-01,Visit Planning-Planning!A28:M28,SYSTEM_BEHAVIOR,Validate mandatory information.,Pass when the system behavior occurs under the cited trigger and context: Validate mandatory information.
REQ-R0C-00080,CAP-R0C-0027,SRC-01,Visit Planning-Planning!A28:M28,BUSINESS_RULE,Configuration applies to every generated visit.,Pass when this rule is enforced and a violating path is prevented or handled: Configuration applies to every generated visit.
REQ-R0C-00081,CAP-R0C-0027,SRC-01,Visit Planning-Planning!A28:M28,DATA_REQUIREMENT,"Business Visit Type, Visit Window, Assignment Method (Auto/Manual), Notes","Pass when the cited data field or contract element is present and valid: Business Visit Type, Visit Window, Assignment Method (Auto/Manual), Notes"
REQ-R0C-00082,CAP-R0C-0028,SRC-01,Visit Planning-Planning!A29:M29,USER_ACTION,Select Auto Assignment.,Pass when the actor can complete this action and the resulting state is visible: Select Auto Assignment.
REQ-R0C-00083,CAP-R0C-0028,SRC-01,Visit Planning-Planning!A29:M29,SYSTEM_BEHAVIOR,Assign inspectors according to configured strategy.,Pass when the system behavior occurs under the cited trigger and context: Assign inspectors according to configured strategy.
REQ-R0C-00084,CAP-R0C-0028,SRC-01,Visit Planning-Planning!A29:M29,BUSINESS_RULE,Every generated visit must have one assigned inspector before publishing.,Pass when this rule is enforced and a violating path is prevented or handled: Every generated visit must have one assigned inspector before publishing.
REQ-R0C-00085,CAP-R0C-0028,SRC-01,Visit Planning-Planning!A29:M29,ACCEPTANCE_CRITERION,All visits receive inspector assignments automatically.,Pass when the source-stated acceptance condition is demonstrated: All visits receive inspector assignments automatically.
REQ-R0C-00086,CAP-R0C-0029,SRC-01,Visit Planning-Planning!A30:M30,USER_ACTION,Select inspector for one or multiple visits.,Pass when the actor can complete this action and the resulting state is visible: Select inspector for one or multiple visits.
REQ-R0C-00087,CAP-R0C-0029,SRC-01,Visit Planning-Planning!A30:M30,SYSTEM_BEHAVIOR,Validate inspector eligibility and assignment conflicts.,Pass when the system behavior occurs under the cited trigger and context: Validate inspector eligibility and assignment conflicts.
REQ-R0C-00088,CAP-R0C-0029,SRC-01,Visit Planning-Planning!A30:M30,BUSINESS_RULE,Manual assignment overrides automatic assignment.,Pass when this rule is enforced and a violating path is prevented or handled: Manual assignment overrides automatic assignment.
REQ-R0C-00089,CAP-R0C-0030,SRC-01,Visit Planning-Planning!A31:M31,USER_ACTION,"Review selected factories, assignments and visit configuration.","Pass when the actor can complete this action and the resulting state is visible: Review selected factories, assignments and visit configuration."
REQ-R0C-00090,CAP-R0C-0030,SRC-01,Visit Planning-Planning!A31:M31,SYSTEM_BEHAVIOR,"Validate mandatory data, detect duplicate visits and highlight validation errors.","Pass when the system behavior occurs under the cited trigger and context: Validate mandatory data, detect duplicate visits and highlight validation errors."
REQ-R0C-00091,CAP-R0C-0030,SRC-01,Visit Planning-Planning!A31:M31,BUSINESS_RULE,Publishing is blocked until all mandatory validations pass.,Pass when this rule is enforced and a violating path is prevented or handled: Publishing is blocked until all mandatory validations pass.
REQ-R0C-00092,CAP-R0C-0031,SRC-01,Visit Planning-Planning!A32:M32,SYSTEM_BEHAVIOR,"Create Visit Plan, generate individual Visit IDs, assign inspectors, update inspector calendars, send notifications, create audit records and move visits to Published status.","Pass when the system behavior occurs under the cited trigger and context: Create Visit Plan, generate individual Visit IDs, assign inspectors, update inspector calendars, send notifications, create audit records and move visits to Published status."
REQ-R0C-00093,CAP-R0C-0031,SRC-01,Visit Planning-Planning!A32:M32,BUSINESS_RULE,"Every Visit receives a unique Visit ID. All Visits inherit the same Visit Plan ID. Inspectors receive only individual Visits, never the Visit Plan.","Pass when this rule is enforced and a violating path is prevented or handled: Every Visit receives a unique Visit ID. All Visits inherit the same Visit Plan ID. Inspectors receive only individual Visits, never the Visit Plan."
REQ-R0C-00094,CAP-R0C-0031,SRC-01,Visit Planning-Planning!A32:M32,DATA_REQUIREMENT,Published Visit Plan + Individual Visits,Pass when the cited data field or contract element is present and valid: Published Visit Plan + Individual Visits
REQ-R0C-00095,CAP-R0C-0032,SRC-01,Visit Planning-Planning!A33:M33,USER_ACTION,Modify one or more fields and save changes.,Pass when the actor can complete this action and the resulting state is visible: Modify one or more fields and save changes.
REQ-R0C-00096,CAP-R0C-0032,SRC-01,Visit Planning-Planning!A33:M33,SYSTEM_BEHAVIOR,Apply updates to all selected child visits and record audit logs.,Pass when the system behavior occurs under the cited trigger and context: Apply updates to all selected child visits and record audit logs.
REQ-R0C-00097,CAP-R0C-0032,SRC-01,Visit Planning-Planning!A33:M33,BUSINESS_RULE,Bulk Edit is allowed only before any selected visit has started inspection. All editable fields are supported.,Pass when this rule is enforced and a violating path is prevented or handled: Bulk Edit is allowed only before any selected visit has started inspection. All editable fields are supported.
REQ-R0C-00098,CAP-R0C-0032,SRC-01,Visit Planning-Planning!A33:M33,DATA_REQUIREMENT,"Business Visit Type, Visit Window, Inspector Assignment, Factory Location, Notes","Pass when the cited data field or contract element is present and valid: Business Visit Type, Visit Window, Inspector Assignment, Factory Location, Notes"
REQ-R0C-00099,CAP-R0C-0033,SRC-01,Visit Planning-Planning!A34:M34,USER_ACTION,Select visits and provide cancellation reason.,Pass when the actor can complete this action and the resulting state is visible: Select visits and provide cancellation reason.
REQ-R0C-00100,CAP-R0C-0033,SRC-01,Visit Planning-Planning!A34:M34,SYSTEM_BEHAVIOR,"Cancel selected visits, notify inspectors and record audit logs.","Pass when the system behavior occurs under the cited trigger and context: Cancel selected visits, notify inspectors and record audit logs."
REQ-R0C-00101,CAP-R0C-0033,SRC-01,Visit Planning-Planning!A34:M34,BUSINESS_RULE,Only visits that have not started inspection can be cancelled.,Pass when this rule is enforced and a violating path is prevented or handled: Only visits that have not started inspection can be cancelled.
REQ-R0C-00102,CAP-R0C-0033,SRC-01,Visit Planning-Planning!A34:M34,DATA_REQUIREMENT,"Selected Visits, Cancellation Reason","Pass when the cited data field or contract element is present and valid: Selected Visits, Cancellation Reason"
REQ-R0C-00103,CAP-R0C-0034,SRC-01,Visit Planning-Planning!A35:M35,USER_ACTION,Select Single Planning.,Pass when the actor can complete this action and the resulting state is visible: Select Single Planning.
REQ-R0C-00104,CAP-R0C-0034,SRC-01,Visit Planning-Planning!A35:M35,SYSTEM_BEHAVIOR,Load the Single Planning workspace.,Pass when the system behavior occurs under the cited trigger and context: Load the Single Planning workspace.
REQ-R0C-00105,CAP-R0C-0034,SRC-01,Visit Planning-Planning!A35:M35,BUSINESS_RULE,Only one factory can be planned within a Single Visit Plan.,Pass when this rule is enforced and a violating path is prevented or handled: Only one factory can be planned within a Single Visit Plan.
REQ-R0C-00106,CAP-R0C-0035,SRC-01,Visit Planning-Planning!A36:M36,USER_ACTION,Search using CR Number or Industrial License Number.,Pass when the actor can complete this action and the resulting state is visible: Search using CR Number or Industrial License Number.
REQ-R0C-00107,CAP-R0C-0035,SRC-01,Visit Planning-Planning!A36:M36,SYSTEM_BEHAVIOR,Validate search input and retrieve matching records.,Pass when the system behavior occurs under the cited trigger and context: Validate search input and retrieve matching records.
REQ-R0C-00108,CAP-R0C-0035,SRC-01,Visit Planning-Planning!A36:M36,BUSINESS_RULE,Search supports CR and Industrial License only.,Pass when this rule is enforced and a violating path is prevented or handled: Search supports CR and Industrial License only.
REQ-R0C-00109,CAP-R0C-0035,SRC-01,Visit Planning-Planning!A36:M36,DATA_REQUIREMENT,CR Number / Industrial License Number,Pass when the cited data field or contract element is present and valid: CR Number / Industrial License Number
REQ-R0C-00110,CAP-R0C-0036,SRC-01,Visit Planning-Planning!A37:M37,USER_ACTION,Select one Industrial License.,Pass when the actor can complete this action and the resulting state is visible: Select one Industrial License.
REQ-R0C-00111,CAP-R0C-0036,SRC-01,Visit Planning-Planning!A37:M37,SYSTEM_BEHAVIOR,Retrieve selected license details.,Pass when the system behavior occurs under the cited trigger and context: Retrieve selected license details.
REQ-R0C-00112,CAP-R0C-0036,SRC-01,Visit Planning-Planning!A37:M37,BUSINESS_RULE,"If multiple licenses exist, one license must be selected before proceeding.","Pass when this rule is enforced and a violating path is prevented or handled: If multiple licenses exist, one license must be selected before proceeding."
REQ-R0C-00113,CAP-R0C-0037,SRC-01,Visit Planning-Planning!A38:M38,SYSTEM_BEHAVIOR,"Display factory information including CR, Industrial License, Factory Name, Region, City, License Stage and Status.","Pass when the system behavior occurs under the cited trigger and context: Display factory information including CR, Industrial License, Factory Name, Region, City, License Stage and Status."
REQ-R0C-00114,CAP-R0C-0037,SRC-01,Visit Planning-Planning!A38:M38,BUSINESS_RULE,Factory information is read-only except location.,Pass when this rule is enforced and a violating path is prevented or handled: Factory information is read-only except location.
REQ-R0C-00115,CAP-R0C-0038,SRC-01,Visit Planning-Planning!A39:M39,USER_ACTION,"Confirm location, modify map pin or manually pin a new location.","Pass when the actor can complete this action and the resulting state is visible: Confirm location, modify map pin or manually pin a new location."
REQ-R0C-00116,CAP-R0C-0038,SRC-01,Visit Planning-Planning!A39:M39,SYSTEM_BEHAVIOR,Display existing location and save updates if modified.,Pass when the system behavior occurs under the cited trigger and context: Display existing location and save updates if modified.
REQ-R0C-00117,CAP-R0C-0038,SRC-01,Visit Planning-Planning!A39:M39,BUSINESS_RULE,Planner may override the stored location before publishing. System should distinguish between the official registered location and the planner-updated location.,Pass when this rule is enforced and a violating path is prevented or handled: Planner may override the stored location before publishing. System should distinguish between the official registered location and the planner-updated location.
REQ-R0C-00118,CAP-R0C-0038,SRC-01,Visit Planning-Planning!A39:M39,DATA_REQUIREMENT,Existing Location / Manual Pin,Pass when the cited data field or contract element is present and valid: Existing Location / Manual Pin
REQ-R0C-00119,CAP-R0C-0039,SRC-01,Visit Planning-Planning!A40:M40,USER_ACTION,"Select Business Visit Type, Visit Window, Assignment Method and Notes.","Pass when the actor can complete this action and the resulting state is visible: Select Business Visit Type, Visit Window, Assignment Method and Notes."
REQ-R0C-00120,CAP-R0C-0039,SRC-01,Visit Planning-Planning!A40:M40,SYSTEM_BEHAVIOR,Validate mandatory fields.,Pass when the system behavior occurs under the cited trigger and context: Validate mandatory fields.
REQ-R0C-00121,CAP-R0C-0039,SRC-01,Visit Planning-Planning!A40:M40,BUSINESS_RULE,Configuration applies only to the selected visit.,Pass when this rule is enforced and a violating path is prevented or handled: Configuration applies only to the selected visit.
REQ-R0C-00122,CAP-R0C-0039,SRC-01,Visit Planning-Planning!A40:M40,ACCEPTANCE_CRITERION,Planner completes all required fields successfully.,Pass when the source-stated acceptance condition is demonstrated: Planner completes all required fields successfully.
REQ-R0C-00123,CAP-R0C-0039,SRC-01,Visit Planning-Planning!A40:M40,DATA_REQUIREMENT,"Business Visit Type, Visit Window, Assignment Method, Notes","Pass when the cited data field or contract element is present and valid: Business Visit Type, Visit Window, Assignment Method, Notes"
REQ-R0C-00124,CAP-R0C-0040,SRC-01,Visit Planning-Planning!A41:M41,USER_ACTION,Select Auto Assignment or Manual Assignment.,Pass when the actor can complete this action and the resulting state is visible: Select Auto Assignment or Manual Assignment.
REQ-R0C-00125,CAP-R0C-0040,SRC-01,Visit Planning-Planning!A41:M41,SYSTEM_BEHAVIOR,Assign inspector and validate availability.,Pass when the system behavior occurs under the cited trigger and context: Assign inspector and validate availability.
REQ-R0C-00126,CAP-R0C-0040,SRC-01,Visit Planning-Planning!A41:M41,BUSINESS_RULE,Every visit must have one assigned inspector before publishing.,Pass when this rule is enforced and a violating path is prevented or handled: Every visit must have one assigned inspector before publishing.
REQ-R0C-00127,CAP-R0C-0041,SRC-01,Visit Planning-Planning!A42:M42,USER_ACTION,"Review factory information, assignment and visit configuration.","Pass when the actor can complete this action and the resulting state is visible: Review factory information, assignment and visit configuration."
REQ-R0C-00128,CAP-R0C-0041,SRC-01,Visit Planning-Planning!A42:M42,SYSTEM_BEHAVIOR,"Validate duplicate visits, mandatory fields and planning rules.","Pass when the system behavior occurs under the cited trigger and context: Validate duplicate visits, mandatory fields and planning rules."
REQ-R0C-00129,CAP-R0C-0041,SRC-01,Visit Planning-Planning!A42:M42,BUSINESS_RULE,Publishing is blocked until validation passes.,Pass when this rule is enforced and a violating path is prevented or handled: Publishing is blocked until validation passes.
REQ-R0C-00130,CAP-R0C-0042,SRC-01,Visit Planning-Planning!A43:M43,SYSTEM_BEHAVIOR,"Generate Visit ID, assign inspector, update calendar, notify inspector and record audit logs.","Pass when the system behavior occurs under the cited trigger and context: Generate Visit ID, assign inspector, update calendar, notify inspector and record audit logs."
REQ-R0C-00131,CAP-R0C-0042,SRC-01,Visit Planning-Planning!A43:M43,BUSINESS_RULE,A Single Visit creates one Visit Plan containing one Visit. The inspector receives only the Visit.,Pass when this rule is enforced and a violating path is prevented or handled: A Single Visit creates one Visit Plan containing one Visit. The inspector receives only the Visit.
REQ-R0C-00132,CAP-R0C-0043,SRC-01,Visit Planning-Planning!A44:M44,USER_ACTION,Select Immediate Visit.,Pass when the actor can complete this action and the resulting state is visible: Select Immediate Visit.
REQ-R0C-00133,CAP-R0C-0043,SRC-01,Visit Planning-Planning!A44:M44,SYSTEM_BEHAVIOR,Load Immediate Visit workspace.,Pass when the system behavior occurs under the cited trigger and context: Load Immediate Visit workspace.
REQ-R0C-00134,CAP-R0C-0043,SRC-01,Visit Planning-Planning!A44:M44,BUSINESS_RULE,Immediate Visits bypass Visit Plans and create a Visit directly.,Pass when this rule is enforced and a violating path is prevented or handled: Immediate Visits bypass Visit Plans and create a Visit directly.
REQ-R0C-00135,CAP-R0C-0044,SRC-01,Visit Planning-Planning!A45:M45,USER_ACTION,Search using CR Number or Industrial License Number.,Pass when the actor can complete this action and the resulting state is visible: Search using CR Number or Industrial License Number.
REQ-R0C-00136,CAP-R0C-0044,SRC-01,Visit Planning-Planning!A45:M45,SYSTEM_BEHAVIOR,Retrieve factory information if available.,Pass when the system behavior occurs under the cited trigger and context: Retrieve factory information if available.
REQ-R0C-00137,CAP-R0C-0044,SRC-01,Visit Planning-Planning!A45:M45,BUSINESS_RULE,Factory search is optional. Immediate Visits can continue even when no record is found.,Pass when this rule is enforced and a violating path is prevented or handled: Factory search is optional. Immediate Visits can continue even when no record is found.
REQ-R0C-00138,CAP-R0C-0044,SRC-01,Visit Planning-Planning!A45:M45,DATA_REQUIREMENT,CR Number / Industrial License Number,Pass when the cited data field or contract element is present and valid: CR Number / Industrial License Number
REQ-R0C-00139,CAP-R0C-0045,SRC-01,Visit Planning-Planning!A46:M46,USER_ACTION,"Enter factory name (optional), CR (optional), Industrial License (optional) and any available business information.","Pass when the actor can complete this action and the resulting state is visible: Enter factory name (optional), CR (optional), Industrial License (optional) and any available business information."
REQ-R0C-00140,CAP-R0C-0045,SRC-01,Visit Planning-Planning!A46:M46,SYSTEM_BEHAVIOR,Store manually entered information with the visit.,Pass when the system behavior occurs under the cited trigger and context: Store manually entered information with the visit.
REQ-R0C-00141,CAP-R0C-0045,SRC-01,Visit Planning-Planning!A46:M46,BUSINESS_RULE,Immediate Visits do not require a registered factory.,Pass when this rule is enforced and a violating path is prevented or handled: Immediate Visits do not require a registered factory.
REQ-R0C-00142,CAP-R0C-0046,SRC-01,Visit Planning-Planning!A47:M47,USER_ACTION,"Confirm existing location, modify map pin or manually pin a new location.","Pass when the actor can complete this action and the resulting state is visible: Confirm existing location, modify map pin or manually pin a new location."
REQ-R0C-00143,CAP-R0C-0046,SRC-01,Visit Planning-Planning!A47:M47,SYSTEM_BEHAVIOR,Save the selected location with the visit.,Pass when the system behavior occurs under the cited trigger and context: Save the selected location with the visit.
REQ-R0C-00144,CAP-R0C-0046,SRC-01,Visit Planning-Planning!A47:M47,BUSINESS_RULE,"Location is mandatory before the visit can be created. If no registered location exists, planner or inspector must manually identify it.","Pass when this rule is enforced and a violating path is prevented or handled: Location is mandatory before the visit can be created. If no registered location exists, planner or inspector must manually identify it."
REQ-R0C-00145,CAP-R0C-0046,SRC-01,Visit Planning-Planning!A47:M47,DATA_REQUIREMENT,GPS Location / Manual Pin,Pass when the cited data field or contract element is present and valid: GPS Location / Manual Pin
REQ-R0C-00146,CAP-R0C-0047,SRC-01,Visit Planning-Planning!A48:M48,USER_ACTION,"Select Business Visit Type, Visit Window (Planner only), Notes and Priority (Optional).","Pass when the actor can complete this action and the resulting state is visible: Select Business Visit Type, Visit Window (Planner only), Notes and Priority (Optional)."
REQ-R0C-00147,CAP-R0C-0047,SRC-01,Visit Planning-Planning!A48:M48,SYSTEM_BEHAVIOR,Validate mandatory information.,Pass when the system behavior occurs under the cited trigger and context: Validate mandatory information.
REQ-R0C-00148,CAP-R0C-0047,SRC-01,Visit Planning-Planning!A48:M48,BUSINESS_RULE,Planner may schedule an Immediate Visit. Inspector-created Immediate Visits start immediately.,Pass when this rule is enforced and a violating path is prevented or handled: Planner may schedule an Immediate Visit. Inspector-created Immediate Visits start immediately.
REQ-R0C-00149,CAP-R0C-0047,SRC-01,Visit Planning-Planning!A48:M48,ACCEPTANCE_CRITERION,Required information is successfully captured.,Pass when the source-stated acceptance condition is demonstrated: Required information is successfully captured.
REQ-R0C-00150,CAP-R0C-0047,SRC-01,Visit Planning-Planning!A48:M48,DATA_REQUIREMENT,"Business Visit Type, Visit Window, Notes","Pass when the cited data field or contract element is present and valid: Business Visit Type, Visit Window, Notes"
REQ-R0C-00151,CAP-R0C-0048,SRC-01,Visit Planning-Planning!A49:M49,USER_ACTION,Select Auto or Manual Assignment.,Pass when the actor can complete this action and the resulting state is visible: Select Auto or Manual Assignment.
REQ-R0C-00152,CAP-R0C-0048,SRC-01,Visit Planning-Planning!A49:M49,SYSTEM_BEHAVIOR,Assign inspector and validate assignment.,Pass when the system behavior occurs under the cited trigger and context: Assign inspector and validate assignment.
REQ-R0C-00153,CAP-R0C-0048,SRC-01,Visit Planning-Planning!A49:M49,BUSINESS_RULE,Only Planner-created Immediate Visits require assignment.,Pass when this rule is enforced and a violating path is prevented or handled: Only Planner-created Immediate Visits require assignment.
REQ-R0C-00154,CAP-R0C-0049,SRC-01,Visit Planning-Planning!A50:M50,USER_ACTION,"Review factory information, location and visit configuration.","Pass when the actor can complete this action and the resulting state is visible: Review factory information, location and visit configuration."
REQ-R0C-00155,CAP-R0C-0049,SRC-01,Visit Planning-Planning!A50:M50,SYSTEM_BEHAVIOR,Validate mandatory information and duplicate active visits.,Pass when the system behavior occurs under the cited trigger and context: Validate mandatory information and duplicate active visits.
REQ-R0C-00156,CAP-R0C-0049,SRC-01,Visit Planning-Planning!A50:M50,BUSINESS_RULE,Review step is required only for Planner-created Immediate Visits.,Pass when this rule is enforced and a violating path is prevented or handled: Review step is required only for Planner-created Immediate Visits.
REQ-R0C-00157,CAP-R0C-0050,SRC-01,Visit Planning-Planning!A51:M51,SYSTEM_BEHAVIOR,"Generate Visit ID, create audit record and register the visit.","Pass when the system behavior occurs under the cited trigger and context: Generate Visit ID, create audit record and register the visit."
REQ-R0C-00158,CAP-R0C-0050,SRC-01,Visit Planning-Planning!A51:M51,BUSINESS_RULE,Immediate Visits generate a Visit directly without creating a Visit Plan.,Pass when this rule is enforced and a violating path is prevented or handled: Immediate Visits generate a Visit directly without creating a Visit Plan.
REQ-R0C-00159,CAP-R0C-0051,SRC-01,Visit Planning-Planning!A52:M52,USER_ACTION,Click Start Inspection.,Pass when the actor can complete this action and the resulting state is visible: Click Start Inspection.
REQ-R0C-00160,CAP-R0C-0051,SRC-01,Visit Planning-Planning!A52:M52,SYSTEM_BEHAVIOR,Change Visit Status to Inspection Started and transfer ownership to Visit Execution.,Pass when the system behavior occurs under the cited trigger and context: Change Visit Status to Inspection Started and transfer ownership to Visit Execution.
REQ-R0C-00161,CAP-R0C-0051,SRC-01,Visit Planning-Planning!A52:M52,BUSINESS_RULE,"Available only for Inspector-created Immediate Visits. Once inspection starts, the visit follows the standard execution lifecycle.","Pass when this rule is enforced and a violating path is prevented or handled: Available only for Inspector-created Immediate Visits. Once inspection starts, the visit follows the standard execution lifecycle."
REQ-R0C-00162,CAP-R0C-0052,SRC-01,Visit Planning-Planning!A53:M53,SYSTEM_BEHAVIOR,Send notification and update inspector calendar/work queue.,Pass when the system behavior occurs under the cited trigger and context: Send notification and update inspector calendar/work queue.
REQ-R0C-00163,CAP-R0C-0052,SRC-01,Visit Planning-Planning!A53:M53,BUSINESS_RULE,Notifications are generated only when the visit is assigned to another inspector.,Pass when this rule is enforced and a violating path is prevented or handled: Notifications are generated only when the visit is assigned to another inspector.
REQ-R0C-00164,CAP-R0C-0053,SRC-01,Visit Planning- Mangment!A2:N2,USER_ACTION,Open Visit Management.,Pass when the actor can complete this action and the resulting state is visible: Open Visit Management.
REQ-R0C-00165,CAP-R0C-0053,SRC-01,Visit Planning- Mangment!A2:N2,SYSTEM_BEHAVIOR,"Load KPIs, search, filters and visit list.","Pass when the system behavior occurs under the cited trigger and context: Load KPIs, search, filters and visit list."
REQ-R0C-00166,CAP-R0C-0053,SRC-01,Visit Planning- Mangment!A2:N2,BUSINESS_RULE,Only visits within the planning lifecycle are displayed.,Pass when this rule is enforced and a violating path is prevented or handled: Only visits within the planning lifecycle are displayed.
REQ-R0C-00167,CAP-R0C-0053,SRC-01,Visit Planning- Mangment!A2:N2,ACCEPTANCE_CRITERION,Planner can access all planned visits.,Pass when the source-stated acceptance condition is demonstrated: Planner can access all planned visits.
REQ-R0C-00168,CAP-R0C-0054,SRC-01,Visit Planning- Mangment!A3:N3,SYSTEM_BEHAVIOR,"Display Draft, Published, Returned, Cancelled and Expired counts. Selecting a KPI filters the visit list automatically.","Pass when the system behavior occurs under the cited trigger and context: Display Draft, Published, Returned, Cancelled and Expired counts. Selecting a KPI filters the visit list automatically."
REQ-R0C-00169,CAP-R0C-0054,SRC-01,Visit Planning- Mangment!A3:N3,BUSINESS_RULE,KPIs represent only planning statuses. Inspection execution statuses are excluded.,Pass when this rule is enforced and a violating path is prevented or handled: KPIs represent only planning statuses. Inspection execution statuses are excluded.
REQ-R0C-00170,CAP-R0C-0055,SRC-01,Visit Planning- Mangment!A4:N4,USER_ACTION,"Search by Visit ID, Factory Name, CR Number, Industrial License or Inspector.","Pass when the actor can complete this action and the resulting state is visible: Search by Visit ID, Factory Name, CR Number, Industrial License or Inspector."
REQ-R0C-00171,CAP-R0C-0055,SRC-01,Visit Planning- Mangment!A4:N4,BUSINESS_RULE,Partial matching is supported.,Pass when this rule is enforced and a violating path is prevented or handled: Partial matching is supported.
REQ-R0C-00172,CAP-R0C-0056,SRC-01,Visit Planning- Mangment!A5:N5,USER_ACTION,Apply one or more filters.,Pass when the actor can complete this action and the resulting state is visible: Apply one or more filters.
REQ-R0C-00173,CAP-R0C-0056,SRC-01,Visit Planning- Mangment!A5:N5,BUSINESS_RULE,Multiple filters may be combined.,Pass when this rule is enforced and a violating path is prevented or handled: Multiple filters may be combined.
REQ-R0C-00174,CAP-R0C-0056,SRC-01,Visit Planning- Mangment!A5:N5,DATA_REQUIREMENT,"Status, Business Visit Type, Region, City, Visit Window, Inspector","Pass when the cited data field or contract element is present and valid: Status, Business Visit Type, Region, City, Visit Window, Inspector"
REQ-R0C-00175,CAP-R0C-0057,SRC-01,Visit Planning- Mangment!A6:N6,SYSTEM_BEHAVIOR,"Display factory profile, location, assignment, visit information, timeline and audit history.","Pass when the system behavior occurs under the cited trigger and context: Display factory profile, location, assignment, visit information, timeline and audit history."
REQ-R0C-00176,CAP-R0C-0057,SRC-01,Visit Planning- Mangment!A6:N6,BUSINESS_RULE,Information is read-only until Edit is selected.,Pass when this rule is enforced and a violating path is prevented or handled: Information is read-only until Edit is selected.
REQ-R0C-00177,CAP-R0C-0057,SRC-01,Visit Planning- Mangment!A6:N6,ACCEPTANCE_CRITERION,Planner can access complete visit information.,Pass when the source-stated acceptance condition is demonstrated: Planner can access complete visit information.
REQ-R0C-00178,CAP-R0C-0058,SRC-01,Visit Planning- Mangment!A7:N7,USER_ACTION,"Update Business Visit Type, Visit Window, Inspector, Factory Location and Notes.","Pass when the actor can complete this action and the resulting state is visible: Update Business Visit Type, Visit Window, Inspector, Factory Location and Notes."
REQ-R0C-00179,CAP-R0C-0058,SRC-01,Visit Planning- Mangment!A7:N7,SYSTEM_BEHAVIOR,"Validate changes, save updates and record audit logs.","Pass when the system behavior occurs under the cited trigger and context: Validate changes, save updates and record audit logs."
REQ-R0C-00180,CAP-R0C-0058,SRC-01,Visit Planning- Mangment!A7:N7,BUSINESS_RULE,Edit is allowed only before the inspection has started.,Pass when this rule is enforced and a violating path is prevented or handled: Edit is allowed only before the inspection has started.
REQ-R0C-00181,CAP-R0C-0059,SRC-01,Visit Planning- Mangment!A8:N8,USER_ACTION,Select child visits and update shared fields.,Pass when the actor can complete this action and the resulting state is visible: Select child visits and update shared fields.
REQ-R0C-00182,CAP-R0C-0059,SRC-01,Visit Planning- Mangment!A8:N8,SYSTEM_BEHAVIOR,Apply updates to all selected visits and record audit logs.,Pass when the system behavior occurs under the cited trigger and context: Apply updates to all selected visits and record audit logs.
REQ-R0C-00183,CAP-R0C-0059,SRC-01,Visit Planning- Mangment!A8:N8,BUSINESS_RULE,Bulk Edit is only available for visits within the same Visit Plan and before inspection starts.,Pass when this rule is enforced and a violating path is prevented or handled: Bulk Edit is only available for visits within the same Visit Plan and before inspection starts.
REQ-R0C-00184,CAP-R0C-0059,SRC-01,Visit Planning- Mangment!A8:N8,DATA_REQUIREMENT,"Visit Window, Business Visit Type, Inspector, Location, Notes","Pass when the cited data field or contract element is present and valid: Visit Window, Business Visit Type, Inspector, Location, Notes"
REQ-R0C-00185,CAP-R0C-0060,SRC-01,Visit Planning- Mangment!A9:N9,USER_ACTION,"Review return reason, edit visit, republish or cancel.","Pass when the actor can complete this action and the resulting state is visible: Review return reason, edit visit, republish or cancel."
REQ-R0C-00186,CAP-R0C-0060,SRC-01,Visit Planning- Mangment!A9:N9,SYSTEM_BEHAVIOR,Display return reason and maintain audit history.,Pass when the system behavior occurs under the cited trigger and context: Display return reason and maintain audit history.
REQ-R0C-00187,CAP-R0C-0060,SRC-01,Visit Planning- Mangment!A9:N9,BUSINESS_RULE,"Returned visits are always managed as Single Visits, even if originally created through Bulk Planning.","Pass when this rule is enforced and a violating path is prevented or handled: Returned visits are always managed as Single Visits, even if originally created through Bulk Planning."
REQ-R0C-00188,CAP-R0C-0061,SRC-01,Visit Planning- Mangment!A10:N10,SYSTEM_BEHAVIOR,"Change status to Published, notify assigned inspector and update audit history.","Pass when the system behavior occurs under the cited trigger and context: Change status to Published, notify assigned inspector and update audit history."
REQ-R0C-00189,CAP-R0C-0061,SRC-01,Visit Planning- Mangment!A10:N10,BUSINESS_RULE,Same Visit ID and same Visit Plan ID are retained.,Pass when this rule is enforced and a violating path is prevented or handled: Same Visit ID and same Visit Plan ID are retained.
REQ-R0C-00190,CAP-R0C-0062,SRC-01,Visit Planning- Mangment!A11:N11,USER_ACTION,Enter cancellation reason and confirm.,Pass when the actor can complete this action and the resulting state is visible: Enter cancellation reason and confirm.
REQ-R0C-00191,CAP-R0C-0062,SRC-01,Visit Planning- Mangment!A11:N11,SYSTEM_BEHAVIOR,"Update status, notify inspector and record audit log.","Pass when the system behavior occurs under the cited trigger and context: Update status, notify inspector and record audit log."
REQ-R0C-00192,CAP-R0C-0062,SRC-01,Visit Planning- Mangment!A11:N11,BUSINESS_RULE,Cancellation is only allowed before inspection starts. Cancelled is a final state.,Pass when this rule is enforced and a violating path is prevented or handled: Cancellation is only allowed before inspection starts. Cancelled is a final state.
REQ-R0C-00193,CAP-R0C-0063,SRC-01,Visit Planning- Mangment!A12:N12,USER_ACTION,"Select visits, enter cancellation reason and confirm.","Pass when the actor can complete this action and the resulting state is visible: Select visits, enter cancellation reason and confirm."
REQ-R0C-00194,CAP-R0C-0063,SRC-01,Visit Planning- Mangment!A12:N12,SYSTEM_BEHAVIOR,"Cancel selected visits, notify inspectors and record audit logs.","Pass when the system behavior occurs under the cited trigger and context: Cancel selected visits, notify inspectors and record audit logs."
REQ-R0C-00195,CAP-R0C-0063,SRC-01,Visit Planning- Mangment!A12:N12,BUSINESS_RULE,Only visits that have not started inspection may be cancelled.,Pass when this rule is enforced and a violating path is prevented or handled: Only visits that have not started inspection may be cancelled.
REQ-R0C-00196,CAP-R0C-0063,SRC-01,Visit Planning- Mangment!A12:N12,DATA_REQUIREMENT,"Selected Visits, Cancellation Reason","Pass when the cited data field or contract element is present and valid: Selected Visits, Cancellation Reason"
REQ-R0C-00197,CAP-R0C-0064,SRC-01,Visit Planning- Mangment!A13:N13,SYSTEM_BEHAVIOR,Detect active or overlapping visits for the same factory.,Pass when the system behavior occurs under the cited trigger and context: Detect active or overlapping visits for the same factory.
REQ-R0C-00198,CAP-R0C-0064,SRC-01,Visit Planning- Mangment!A13:N13,BUSINESS_RULE,Duplicate active visits are not allowed.,Pass when this rule is enforced and a violating path is prevented or handled: Duplicate active visits are not allowed.
REQ-R0C-00199,CAP-R0C-0065,SRC-01,Visit Planning- Mangment!A14:N14,SYSTEM_BEHAVIOR,Display all visit events in chronological order.,Pass when the system behavior occurs under the cited trigger and context: Display all visit events in chronological order.
REQ-R0C-00200,CAP-R0C-0065,SRC-01,Visit Planning- Mangment!A14:N14,BUSINESS_RULE,Timeline cannot be modified by users.,Pass when this rule is enforced and a violating path is prevented or handled: Timeline cannot be modified by users.
REQ-R0C-00201,CAP-R0C-0065,SRC-01,Visit Planning- Mangment!A14:N14,ACCEPTANCE_CRITERION,Timeline displays complete visit history.,Pass when the source-stated acceptance condition is demonstrated: Timeline displays complete visit history.
REQ-R0C-00202,CAP-R0C-0066,SRC-01,Visit Planning- Mangment!A15:N15,SYSTEM_BEHAVIOR,"Record every change with previous value, new value, user and timestamp.","Pass when the system behavior occurs under the cited trigger and context: Record every change with previous value, new value, user and timestamp."
REQ-R0C-00203,CAP-R0C-0066,SRC-01,Visit Planning- Mangment!A15:N15,BUSINESS_RULE,All planning actions must be audited. Audit records cannot be edited or deleted.,Pass when this rule is enforced and a violating path is prevented or handled: All planning actions must be audited. Audit records cannot be edited or deleted.
REQ-R0C-00204,CAP-R0C-0067,SRC-01,Visit Planning- Mangment!A16:N16,SYSTEM_BEHAVIOR,Enforce lifecycle transitions based on business rules.,Pass when the system behavior occurs under the cited trigger and context: Enforce lifecycle transitions based on business rules.
REQ-R0C-00205,CAP-R0C-0067,SRC-01,Visit Planning- Mangment!A16:N16,BUSINESS_RULE,"Valid planning statuses are Draft, Published, Returned, Cancelled and Expired. Cancelled and Expired are final states. Returned is only available before inspection starts.","Pass when this rule is enforced and a violating path is prevented or handled: Valid planning statuses are Draft, Published, Returned, Cancelled and Expired. Cancelled and Expired are final states. Returned is only available before inspection starts."
REQ-R0C-00206,CAP-R0C-0068,SRC-01,Visit Planning- Mangment!A17:N17,SYSTEM_BEHAVIOR,Update visit status to Expired and record audit history.,Pass when the system behavior occurs under the cited trigger and context: Update visit status to Expired and record audit history.
REQ-R0C-00207,CAP-R0C-0068,SRC-01,Visit Planning- Mangment!A17:N17,BUSINESS_RULE,"Expired is a final state. No edit, republish or cancel actions are allowed. View only.","Pass when this rule is enforced and a violating path is prevented or handled: Expired is a final state. No edit, republish or cancel actions are allowed. View only."
REQ-R0C-00208,CAP-R0C-0069,SRC-01,Visit Planning- Mangment!A18:N18,USER_ACTION,"View child visits, assignments and planning summary.","Pass when the actor can complete this action and the resulting state is visible: View child visits, assignments and planning summary."
REQ-R0C-00209,CAP-R0C-0069,SRC-01,Visit Planning- Mangment!A18:N18,SYSTEM_BEHAVIOR,Display all visits belonging to the selected Visit Plan.,Pass when the system behavior occurs under the cited trigger and context: Display all visits belonging to the selected Visit Plan.
REQ-R0C-00210,CAP-R0C-0069,SRC-01,Visit Planning- Mangment!A18:N18,BUSINESS_RULE,Bulk operations are only available from the Visit Plan level.,Pass when this rule is enforced and a violating path is prevented or handled: Bulk operations are only available from the Visit Plan level.
REQ-R0C-00211,CAP-R0C-0070,SRC-01,Visit Planning- Mangment!A19:N19,USER_ACTION,View inspector workload and assigned visits.,Pass when the actor can complete this action and the resulting state is visible: View inspector workload and assigned visits.
REQ-R0C-00212,CAP-R0C-0070,SRC-01,Visit Planning- Mangment!A19:N19,SYSTEM_BEHAVIOR,"Display inspector capacity, assigned visits and available workload.","Pass when the system behavior occurs under the cited trigger and context: Display inspector capacity, assigned visits and available workload."
REQ-R0C-00213,CAP-R0C-0070,SRC-01,Visit Planning- Mangment!A19:N19,BUSINESS_RULE,Read-only dashboard used to support planning decisions.,Pass when this rule is enforced and a violating path is prevented or handled: Read-only dashboard used to support planning decisions.
REQ-R0C-00214,CAP-R0C-0071,SRC-01,Visit Planning- Mangment!A20:N20,SYSTEM_BEHAVIOR,"Load KPIs, filters, search, visit list and planner actions.","Pass when the system behavior occurs under the cited trigger and context: Load KPIs, filters, search, visit list and planner actions."
REQ-R0C-00215,CAP-R0C-0072,SRC-01,Visit Planning- Mangment!A21:N21,USER_ACTION,View KPIs and drill into records.,Pass when the actor can complete this action and the resulting state is visible: View KPIs and drill into records.
REQ-R0C-00216,CAP-R0C-0072,SRC-01,Visit Planning- Mangment!A21:N21,SYSTEM_BEHAVIOR,Calculate and display planning KPIs.,Pass when the system behavior occurs under the cited trigger and context: Calculate and display planning KPIs.
REQ-R0C-00217,CAP-R0C-0073,SRC-01,Visit Planning- Mangment!A22:N22,USER_ACTION,"Search by Visit ID, Visit Plan ID, CR, License Number, Factory Name, Inspector or Campaign.","Pass when the actor can complete this action and the resulting state is visible: Search by Visit ID, Visit Plan ID, CR, License Number, Factory Name, Inspector or Campaign."
REQ-R0C-00218,CAP-R0C-0073,SRC-01,Visit Planning- Mangment!A22:N22,ACCEPTANCE_CRITERION,"Search Engine, Visit Repository","Pass when the source-stated acceptance condition is demonstrated: Search Engine, Visit Repository"
REQ-R0C-00219,CAP-R0C-0074,SRC-01,Visit Planning- Mangment!A23:N23,USER_ACTION,Apply one or more filters.,Pass when the actor can complete this action and the resulting state is visible: Apply one or more filters.
REQ-R0C-00220,CAP-R0C-0074,SRC-01,Visit Planning- Mangment!A23:N23,DATA_REQUIREMENT,"Status, Visit Type, Region, City, Inspector, Visit Window, Campaign, Activity, Risk Level","Pass when the cited data field or contract element is present and valid: Status, Visit Type, Region, City, Inspector, Visit Window, Campaign, Activity, Risk Level"
REQ-R0C-00221,CAP-R0C-0075,SRC-01,Visit Planning- Mangment!A24:N24,USER_ACTION,"Sort, group, select and open visits.","Pass when the actor can complete this action and the resulting state is visible: Sort, group, select and open visits."
REQ-R0C-00222,CAP-R0C-0075,SRC-01,Visit Planning- Mangment!A24:N24,SYSTEM_BEHAVIOR,Display configurable visit grid.,Pass when the system behavior occurs under the cited trigger and context: Display configurable visit grid.
REQ-R0C-00223,CAP-R0C-0076,SRC-01,Visit Planning- Mangment!A25:N25,USER_ACTION,View visit information.,Pass when the actor can complete this action and the resulting state is visible: View visit information.
REQ-R0C-00224,CAP-R0C-0076,SRC-01,Visit Planning- Mangment!A25:N25,SYSTEM_BEHAVIOR,"Display factory profile, assignment, planning information, location, timeline, attachments and audit.","Pass when the system behavior occurs under the cited trigger and context: Display factory profile, assignment, planning information, location, timeline, attachments and audit."
REQ-R0C-00225,CAP-R0C-0077,SRC-01,Visit Planning- Mangment!A26:N26,USER_ACTION,Update editable fields.,Pass when the actor can complete this action and the resulting state is visible: Update editable fields.
REQ-R0C-00226,CAP-R0C-0077,SRC-01,Visit Planning- Mangment!A26:N26,SYSTEM_BEHAVIOR,"Validate, save changes and audit updates.","Pass when the system behavior occurs under the cited trigger and context: Validate, save changes and audit updates."
REQ-R0C-00227,CAP-R0C-0077,SRC-01,Visit Planning- Mangment!A26:N26,DATA_REQUIREMENT,"Visit Type, Visit Window, Inspector, Notes, Location","Pass when the cited data field or contract element is present and valid: Visit Type, Visit Window, Inspector, Notes, Location"
REQ-R0C-00228,CAP-R0C-0078,SRC-01,Visit Planning- Mangment!A27:N27,USER_ACTION,Select another inspector.,Pass when the actor can complete this action and the resulting state is visible: Select another inspector.
REQ-R0C-00229,CAP-R0C-0078,SRC-01,Visit Planning- Mangment!A27:N27,SYSTEM_BEHAVIOR,"Validate eligibility, workload and update assignment. Notify affected inspector(s).","Pass when the system behavior occurs under the cited trigger and context: Validate eligibility, workload and update assignment. Notify affected inspector(s)."
REQ-R0C-00230,CAP-R0C-0079,SRC-01,Visit Planning- Mangment!A28:N28,USER_ACTION,Select new visit window.,Pass when the actor can complete this action and the resulting state is visible: Select new visit window.
REQ-R0C-00231,CAP-R0C-0079,SRC-01,Visit Planning- Mangment!A28:N28,SYSTEM_BEHAVIOR,Validate planning conflicts and update schedule.,Pass when the system behavior occurs under the cited trigger and context: Validate planning conflicts and update schedule.
REQ-R0C-00232,CAP-R0C-0080,SRC-01,Visit Planning- Mangment!A29:N29,USER_ACTION,Enter cancellation reason and confirm.,Pass when the actor can complete this action and the resulting state is visible: Enter cancellation reason and confirm.
REQ-R0C-00233,CAP-R0C-0080,SRC-01,Visit Planning- Mangment!A29:N29,SYSTEM_BEHAVIOR,"Cancel visit, notify inspector and audit the action.","Pass when the system behavior occurs under the cited trigger and context: Cancel visit, notify inspector and audit the action."
REQ-R0C-00234,CAP-R0C-0081,SRC-01,Visit Planning- Mangment!A30:N30,USER_ACTION,"Review return reason, update planning information.","Pass when the actor can complete this action and the resulting state is visible: Review return reason, update planning information."
REQ-R0C-00235,CAP-R0C-0081,SRC-01,Visit Planning- Mangment!A30:N30,SYSTEM_BEHAVIOR,Display return reason and allow corrections.,Pass when the system behavior occurs under the cited trigger and context: Display return reason and allow corrections.
REQ-R0C-00236,CAP-R0C-0081,SRC-01,Visit Planning- Mangment!A30:N30,BUSINESS_RULE,Returned remains Returned until republished.,Pass when this rule is enforced and a violating path is prevented or handled: Returned remains Returned until republished.
REQ-R0C-00237,CAP-R0C-0082,SRC-01,Visit Planning- Mangment!A31:N31,SYSTEM_BEHAVIOR,"Validate updates, notify inspector and audit changes.","Pass when the system behavior occurs under the cited trigger and context: Validate updates, notify inspector and audit changes."
REQ-R0C-00238,CAP-R0C-0083,SRC-01,Visit Planning- Mangment!A32:N32,USER_ACTION,Update shared information.,Pass when the actor can complete this action and the resulting state is visible: Update shared information.
REQ-R0C-00239,CAP-R0C-0083,SRC-01,Visit Planning- Mangment!A32:N32,SYSTEM_BEHAVIOR,Apply changes across selected visits.,Pass when the system behavior occurs under the cited trigger and context: Apply changes across selected visits.
REQ-R0C-00240,CAP-R0C-0083,SRC-01,Visit Planning- Mangment!A32:N32,DATA_REQUIREMENT,"Visit Window, Visit Type, Inspector, Notes, Location","Pass when the cited data field or contract element is present and valid: Visit Window, Visit Type, Inspector, Notes, Location"
REQ-R0C-00241,CAP-R0C-0084,SRC-01,Visit Planning- Mangment!A33:N33,SYSTEM_BEHAVIOR,Update assignments and notify inspectors.,Pass when the system behavior occurs under the cited trigger and context: Update assignments and notify inspectors.
REQ-R0C-00242,CAP-R0C-0085,SRC-01,Visit Planning- Mangment!A34:N34,USER_ACTION,Select new visit window.,Pass when the actor can complete this action and the resulting state is visible: Select new visit window.
REQ-R0C-00243,CAP-R0C-0085,SRC-01,Visit Planning- Mangment!A34:N34,SYSTEM_BEHAVIOR,Validate schedule conflicts and update visits.,Pass when the system behavior occurs under the cited trigger and context: Validate schedule conflicts and update visits.
REQ-R0C-00244,CAP-R0C-0086,SRC-01,Visit Planning- Mangment!A35:N35,USER_ACTION,Select visits and confirm cancellation.,Pass when the actor can complete this action and the resulting state is visible: Select visits and confirm cancellation.
REQ-R0C-00245,CAP-R0C-0086,SRC-01,Visit Planning- Mangment!A35:N35,SYSTEM_BEHAVIOR,Cancel selected visits and notify inspectors.,Pass when the system behavior occurs under the cited trigger and context: Cancel selected visits and notify inspectors.
REQ-R0C-00246,CAP-R0C-0087,SRC-01,Visit Planning- Mangment!A36:N36,USER_ACTION,View summary and child visits.,Pass when the actor can complete this action and the resulting state is visible: View summary and child visits.
REQ-R0C-00247,CAP-R0C-0087,SRC-01,Visit Planning- Mangment!A36:N36,SYSTEM_BEHAVIOR,"Display campaign information, progress and statistics.","Pass when the system behavior occurs under the cited trigger and context: Display campaign information, progress and statistics."
REQ-R0C-00248,CAP-R0C-0088,SRC-01,Visit Planning- Mangment!A37:N37,SYSTEM_BEHAVIOR,"Calculate completed, published, returned, cancelled and expired child visits.","Pass when the system behavior occurs under the cited trigger and context: Calculate completed, published, returned, cancelled and expired child visits."
REQ-R0C-00249,CAP-R0C-0089,SRC-01,Visit Planning- Mangment!A38:N38,USER_ACTION,Review inspector workload and capacity.,Pass when the actor can complete this action and the resulting state is visible: Review inspector workload and capacity.
REQ-R0C-00250,CAP-R0C-0089,SRC-01,Visit Planning- Mangment!A38:N38,SYSTEM_BEHAVIOR,Display inspector utilization and assignments.,Pass when the system behavior occurs under the cited trigger and context: Display inspector utilization and assignments.
REQ-R0C-00251,CAP-R0C-0090,SRC-01,Visit Planning- Mangment!A39:N39,USER_ACTION,"Switch between Day, Week or Month views.","Pass when the actor can complete this action and the resulting state is visible: Switch between Day, Week or Month views."
REQ-R0C-00252,CAP-R0C-0090,SRC-01,Visit Planning- Mangment!A39:N39,SYSTEM_BEHAVIOR,Display visits according to selected period.,Pass when the system behavior occurs under the cited trigger and context: Display visits according to selected period.
REQ-R0C-00253,CAP-R0C-0091,SRC-01,Visit Planning- Mangment!A40:N40,USER_ACTION,"Navigate map, select regions and open visit locations.","Pass when the actor can complete this action and the resulting state is visible: Navigate map, select regions and open visit locations."
REQ-R0C-00254,CAP-R0C-0091,SRC-01,Visit Planning- Mangment!A40:N40,SYSTEM_BEHAVIOR,Display factory locations and inspector locations.,Pass when the system behavior occurs under the cited trigger and context: Display factory locations and inspector locations.
REQ-R0C-00255,CAP-R0C-0092,SRC-01,Visit Planning- Mangment!A41:N41,SYSTEM_BEHAVIOR,"Validate duplicate visits, overlapping schedules, inspector capacity, active visits and missing locations.","Pass when the system behavior occurs under the cited trigger and context: Validate duplicate visits, overlapping schedules, inspector capacity, active visits and missing locations."
REQ-R0C-00256,CAP-R0C-0093,SRC-01,Visit Planning- Mangment!A42:N42,SYSTEM_BEHAVIOR,"Send notifications for publish, return, cancel, reassignment, rescheduling and expiry.","Pass when the system behavior occurs under the cited trigger and context: Send notifications for publish, return, cancel, reassignment, rescheduling and expiry."
REQ-R0C-00257,CAP-R0C-0094,SRC-01,Visit Planning- Mangment!A43:N43,USER_ACTION,"Upload, download or remove attachments.","Pass when the actor can complete this action and the resulting state is visible: Upload, download or remove attachments."
REQ-R0C-00258,CAP-R0C-0094,SRC-01,Visit Planning- Mangment!A43:N43,SYSTEM_BEHAVIOR,Store attachment metadata and files securely.,Pass when the system behavior occurs under the cited trigger and context: Store attachment metadata and files securely.
REQ-R0C-00259,CAP-R0C-0095,SRC-01,Visit Planning- Mangment!A44:N44,USER_ACTION,Add or edit notes.,Pass when the actor can complete this action and the resulting state is visible: Add or edit notes.
REQ-R0C-00260,CAP-R0C-0095,SRC-01,Visit Planning- Mangment!A44:N44,SYSTEM_BEHAVIOR,Save notes and maintain audit history.,Pass when the system behavior occurs under the cited trigger and context: Save notes and maintain audit history.
REQ-R0C-00261,CAP-R0C-0096,SRC-01,Visit Planning- Mangment!A45:N45,SYSTEM_BEHAVIOR,Record every planning activity chronologically.,Pass when the system behavior occurs under the cited trigger and context: Record every planning activity chronologically.
REQ-R0C-00262,CAP-R0C-0097,SRC-01,Visit Planning- Mangment!A46:N46,SYSTEM_BEHAVIOR,Record every data modification with before/after values.,Pass when the system behavior occurs under the cited trigger and context: Record every data modification with before/after values.
REQ-R0C-00263,CAP-R0C-0098,SRC-01,Visit Planning- Mangment!A47:N47,SYSTEM_BEHAVIOR,Update visit status and notify planner.,Pass when the system behavior occurs under the cited trigger and context: Update visit status and notify planner.
REQ-R0C-00264,CAP-R0C-0099,SRC-01,Inspection Execution - PreStart!A2:M2,USER_ACTION,"View workload, KPIs, quick actions, notifications.","Pass when the actor can complete this action and the resulting state is visible: View workload, KPIs, quick actions, notifications."
REQ-R0C-00265,CAP-R0C-0099,SRC-01,Inspection Execution - PreStart!A2:M2,SYSTEM_BEHAVIOR,Load dashboard widgets and inspector summary.,Pass when the system behavior occurs under the cited trigger and context: Load dashboard widgets and inspector summary.
REQ-R0C-00266,CAP-R0C-0099,SRC-01,Inspection Execution - PreStart!A2:M2,BUSINESS_RULE,Dashboard displays inspector-specific information only.,Pass when this rule is enforced and a violating path is prevented or handled: Dashboard displays inspector-specific information only.
REQ-R0C-00267,CAP-R0C-0099,SRC-01,Inspection Execution - PreStart!A2:M2,ACCEPTANCE_CRITERION,Inspector can access dashboard and view assigned workload.,Pass when the source-stated acceptance condition is demonstrated: Inspector can access dashboard and view assigned workload.
REQ-R0C-00268,CAP-R0C-0100,SRC-01,Inspection Execution - PreStart!A3:M3,USER_ACTION,"View visits, open visit, switch between views.","Pass when the actor can complete this action and the resulting state is visible: View visits, open visit, switch between views."
REQ-R0C-00269,CAP-R0C-0100,SRC-01,Inspection Execution - PreStart!A3:M3,SYSTEM_BEHAVIOR,Load assigned visits and synchronize data.,Pass when the system behavior occurs under the cited trigger and context: Load assigned visits and synchronize data.
REQ-R0C-00270,CAP-R0C-0100,SRC-01,Inspection Execution - PreStart!A3:M3,BUSINESS_RULE,Only assigned visits are displayed.,Pass when this rule is enforced and a violating path is prevented or handled: Only assigned visits are displayed.
REQ-R0C-00271,CAP-R0C-0100,SRC-01,Inspection Execution - PreStart!A3:M3,ACCEPTANCE_CRITERION,Inspector can access all assigned visits.,Pass when the source-stated acceptance condition is demonstrated: Inspector can access all assigned visits.
REQ-R0C-00272,CAP-R0C-0101,SRC-01,Inspection Execution - PreStart!A4:M4,USER_ACTION,"Switch between Calendar, List and Map.","Pass when the actor can complete this action and the resulting state is visible: Switch between Calendar, List and Map."
REQ-R0C-00273,CAP-R0C-0101,SRC-01,Inspection Execution - PreStart!A4:M4,SYSTEM_BEHAVIOR,Display selected view.,Pass when the system behavior occurs under the cited trigger and context: Display selected view.
REQ-R0C-00274,CAP-R0C-0101,SRC-01,Inspection Execution - PreStart!A4:M4,BUSINESS_RULE,New visits appear only in Assignment Pool. Prepared visits appear in Calendar. Map displays all assigned visits.,Pass when this rule is enforced and a violating path is prevented or handled: New visits appear only in Assignment Pool. Prepared visits appear in Calendar. Map displays all assigned visits.
REQ-R0C-00275,CAP-R0C-0102,SRC-01,Inspection Execution - PreStart!A5:M5,USER_ACTION,"Search, filter, sort.","Pass when the actor can complete this action and the resulting state is visible: Search, filter, sort."
REQ-R0C-00276,CAP-R0C-0102,SRC-01,Inspection Execution - PreStart!A5:M5,SYSTEM_BEHAVIOR,Apply search and filtering.,Pass when the system behavior occurs under the cited trigger and context: Apply search and filtering.
REQ-R0C-00277,CAP-R0C-0102,SRC-01,Inspection Execution - PreStart!A5:M5,BUSINESS_RULE,Search applies across all assigned visits.,Pass when this rule is enforced and a violating path is prevented or handled: Search applies across all assigned visits.
REQ-R0C-00278,CAP-R0C-0102,SRC-01,Inspection Execution - PreStart!A5:M5,ACCEPTANCE_CRITERION,Accurate search and filtering results.,Pass when the source-stated acceptance condition is demonstrated: Accurate search and filtering results.
REQ-R0C-00279,CAP-R0C-0103,SRC-01,Inspection Execution - PreStart!A6:M6,USER_ACTION,Drag & drop prepared visits between eligible dates.,Pass when the actor can complete this action and the resulting state is visible: Drag & drop prepared visits between eligible dates.
REQ-R0C-00280,CAP-R0C-0103,SRC-01,Inspection Execution - PreStart!A6:M6,SYSTEM_BEHAVIOR,Save updated schedule and refresh calendar.,Pass when the system behavior occurs under the cited trigger and context: Save updated schedule and refresh calendar.
REQ-R0C-00281,CAP-R0C-0103,SRC-01,Inspection Execution - PreStart!A6:M6,BUSINESS_RULE,Execution Date must remain within Planning Window.,Pass when this rule is enforced and a violating path is prevented or handled: Execution Date must remain within Planning Window.
REQ-R0C-00282,CAP-R0C-0104,SRC-01,Inspection Execution - PreStart!A7:M7,USER_ACTION,Select return reason and comments.,Pass when the actor can complete this action and the resulting state is visible: Select return reason and comments.
REQ-R0C-00283,CAP-R0C-0104,SRC-01,Inspection Execution - PreStart!A7:M7,SYSTEM_BEHAVIOR,Update assignment and notify planner.,Pass when the system behavior occurs under the cited trigger and context: Update assignment and notify planner.
REQ-R0C-00284,CAP-R0C-0104,SRC-01,Inspection Execution - PreStart!A7:M7,BUSINESS_RULE,Return reason is mandatory.,Pass when this rule is enforced and a violating path is prevented or handled: Return reason is mandatory.
REQ-R0C-00285,CAP-R0C-0105,SRC-01,Inspection Execution - PreStart!A8:M8,SYSTEM_BEHAVIOR,Load visit information.,Pass when the system behavior occurs under the cited trigger and context: Load visit information.
REQ-R0C-00286,CAP-R0C-0105,SRC-01,Inspection Execution - PreStart!A8:M8,BUSINESS_RULE,Visit information is read-only.,Pass when this rule is enforced and a violating path is prevented or handled: Visit information is read-only.
REQ-R0C-00287,CAP-R0C-0106,SRC-01,Inspection Execution - PreStart!A9:M9,USER_ACTION,Review factory profile and history.,Pass when the actor can complete this action and the resulting state is visible: Review factory profile and history.
REQ-R0C-00288,CAP-R0C-0106,SRC-01,Inspection Execution - PreStart!A9:M9,SYSTEM_BEHAVIOR,"Load factory information, history and location.","Pass when the system behavior occurs under the cited trigger and context: Load factory information, history and location."
REQ-R0C-00289,CAP-R0C-0106,SRC-01,Inspection Execution - PreStart!A9:M9,BUSINESS_RULE,Latest synchronized factory data shall be displayed.,Pass when this rule is enforced and a violating path is prevented or handled: Latest synchronized factory data shall be displayed.
REQ-R0C-00290,CAP-R0C-0107,SRC-01,Inspection Execution - PreStart!A10:M10,SYSTEM_BEHAVIOR,Generate AI recommendations.,Pass when the system behavior occurs under the cited trigger and context: Generate AI recommendations.
REQ-R0C-00291,CAP-R0C-0107,SRC-01,Inspection Execution - PreStart!A10:M10,BUSINESS_RULE,AI recommendations are advisory only.,Pass when this rule is enforced and a violating path is prevented or handled: AI recommendations are advisory only.
REQ-R0C-00292,CAP-R0C-0108,SRC-01,Inspection Execution - PreStart!A11:M11,USER_ACTION,"Select Execution Date, Report Type, Execution Mode, Notify Factory, Save.","Pass when the actor can complete this action and the resulting state is visible: Select Execution Date, Report Type, Execution Mode, Notify Factory, Save."
REQ-R0C-00293,CAP-R0C-0108,SRC-01,Inspection Execution - PreStart!A11:M11,SYSTEM_BEHAVIOR,"Validate inputs, resolve package, update status, populate calendar.","Pass when the system behavior occurs under the cited trigger and context: Validate inputs, resolve package, update status, populate calendar."
REQ-R0C-00294,CAP-R0C-0108,SRC-01,Inspection Execution - PreStart!A11:M11,BUSINESS_RULE,Preparation required before inspection can start.,Pass when this rule is enforced and a violating path is prevented or handled: Preparation required before inspection can start.
REQ-R0C-00295,CAP-R0C-0108,SRC-01,Inspection Execution - PreStart!A11:M11,DATA_REQUIREMENT,"Execution Date, Report Type, Execution Mode","Pass when the cited data field or contract element is present and valid: Execution Date, Report Type, Execution Mode"
REQ-R0C-00296,CAP-R0C-0109,SRC-01,Inspection Execution - PreStart!A12:M12,USER_ACTION,Select eligible execution mode.,Pass when the actor can complete this action and the resulting state is visible: Select eligible execution mode.
REQ-R0C-00297,CAP-R0C-0109,SRC-01,Inspection Execution - PreStart!A12:M12,BUSINESS_RULE,Only eligible execution modes are displayed.,Pass when this rule is enforced and a violating path is prevented or handled: Only eligible execution modes are displayed.
REQ-R0C-00298,CAP-R0C-0109,SRC-01,Inspection Execution - PreStart!A12:M12,DATA_REQUIREMENT,"Report Type, Factory Profile","Pass when the cited data field or contract element is present and valid: Report Type, Factory Profile"
REQ-R0C-00299,CAP-R0C-0110,SRC-01,Inspection Execution - PreStart!A13:M13,SYSTEM_BEHAVIOR,"Load Form, Checklist, Action Forms, Validation Rules, Required Evidence, Report Template and lock package.","Pass when the system behavior occurs under the cited trigger and context: Load Form, Checklist, Action Forms, Validation Rules, Required Evidence, Report Template and lock package."
REQ-R0C-00300,CAP-R0C-0110,SRC-01,Inspection Execution - PreStart!A13:M13,BUSINESS_RULE,Package regenerated after edits before execution and locked after save.,Pass when this rule is enforced and a violating path is prevented or handled: Package regenerated after edits before execution and locked after save.
REQ-R0C-00301,CAP-R0C-0110,SRC-01,Inspection Execution - PreStart!A13:M13,DATA_REQUIREMENT,"Report Type, Execution Mode","Pass when the cited data field or contract element is present and valid: Report Type, Execution Mode"
REQ-R0C-00302,CAP-R0C-0111,SRC-01,Inspection Execution - PreStart!A14:M14,SYSTEM_BEHAVIOR,Send notification using configured channels.,Pass when the system behavior occurs under the cited trigger and context: Send notification using configured channels.
REQ-R0C-00303,CAP-R0C-0111,SRC-01,Inspection Execution - PreStart!A14:M14,BUSINESS_RULE,Optional for Physical inspections. Virtual notifications follow appointment workflow.,Pass when this rule is enforced and a violating path is prevented or handled: Optional for Physical inspections. Virtual notifications follow appointment workflow.
REQ-R0C-00304,CAP-R0C-0112,SRC-01,Inspection Execution - PreStart!A15:M15,USER_ACTION,"Schedule appointment, review confirmations, approve reschedule requests.","Pass when the actor can complete this action and the resulting state is visible: Schedule appointment, review confirmations, approve reschedule requests."
REQ-R0C-00305,CAP-R0C-0112,SRC-01,Inspection Execution - PreStart!A15:M15,SYSTEM_BEHAVIOR,"Notify factory, receive confirmation, generate meeting, synchronize calendars.","Pass when the system behavior occurs under the cited trigger and context: Notify factory, receive confirmation, generate meeting, synchronize calendars."
REQ-R0C-00306,CAP-R0C-0112,SRC-01,Inspection Execution - PreStart!A15:M15,BUSINESS_RULE,Virtual inspection requires confirmed appointment before execution.,Pass when this rule is enforced and a violating path is prevented or handled: Virtual inspection requires confirmed appointment before execution.
REQ-R0C-00307,CAP-R0C-0112,SRC-01,Inspection Execution - PreStart!A15:M15,DATA_REQUIREMENT,Appointment Date & Time,Pass when the cited data field or contract element is present and valid: Appointment Date & Time
REQ-R0C-00308,CAP-R0C-0113,SRC-01,Inspection Execution - PreStart!A16:M16,SYSTEM_BEHAVIOR,"Manage transitions between New, Ready and Expired.","Pass when the system behavior occurs under the cited trigger and context: Manage transitions between New, Ready and Expired."
REQ-R0C-00309,CAP-R0C-0113,SRC-01,Inspection Execution - PreStart!A16:M16,BUSINESS_RULE,Status lifecycle follows business rules and automatic expiration policies.,Pass when this rule is enforced and a violating path is prevented or handled: Status lifecycle follows business rules and automatic expiration policies.
REQ-R0C-00310,CAP-R0C-0114,SRC-01,Inspection excution-Start jou!A2:M2,USER_ACTION,Click Start Journey.,Pass when the actor can complete this action and the resulting state is visible: Click Start Journey.
REQ-R0C-00311,CAP-R0C-0114,SRC-01,Inspection excution-Start jou!A2:M2,SYSTEM_BEHAVIOR,Verify the visit is assigned to the logged-in inspector.,Pass when the system behavior occurs under the cited trigger and context: Verify the visit is assigned to the logged-in inspector.
REQ-R0C-00312,CAP-R0C-0114,SRC-01,Inspection excution-Start jou!A2:M2,BUSINESS_RULE,Only the assigned inspector can start the journey. Shared or reassigned visits shall follow the latest assignment.,Pass when this rule is enforced and a violating path is prevented or handled: Only the assigned inspector can start the journey. Shared or reassigned visits shall follow the latest assignment.
REQ-R0C-00313,CAP-R0C-0114,SRC-01,Inspection excution-Start jou!A2:M2,DATA_REQUIREMENT,"Visit ID, Inspector ID","Pass when the cited data field or contract element is present and valid: Visit ID, Inspector ID"
REQ-R0C-00314,CAP-R0C-0115,SRC-01,Inspection excution-Start jou!A3:M3,USER_ACTION,Click Start Journey.,Pass when the actor can complete this action and the resulting state is visible: Click Start Journey.
REQ-R0C-00315,CAP-R0C-0115,SRC-01,Inspection excution-Start jou!A3:M3,SYSTEM_BEHAVIOR,"Validate visit is Published and not Cancelled, Completed or Expired.","Pass when the system behavior occurs under the cited trigger and context: Validate visit is Published and not Cancelled, Completed or Expired."
REQ-R0C-00316,CAP-R0C-0115,SRC-01,Inspection excution-Start jou!A3:M3,BUSINESS_RULE,Journey can only start for executable visits.,Pass when this rule is enforced and a violating path is prevented or handled: Journey can only start for executable visits.
REQ-R0C-00317,CAP-R0C-0116,SRC-01,Inspection excution-Start jou!A4:M4,USER_ACTION,Click Start Journey.,Pass when the actor can complete this action and the resulting state is visible: Click Start Journey.
REQ-R0C-00318,CAP-R0C-0116,SRC-01,Inspection excution-Start jou!A4:M4,SYSTEM_BEHAVIOR,Compare current date/time against planned execution window.,Pass when the system behavior occurs under the cited trigger and context: Compare current date/time against planned execution window.
REQ-R0C-00319,CAP-R0C-0116,SRC-01,Inspection excution-Start jou!A4:M4,BUSINESS_RULE,Journey cannot start after the visit has expired.,Pass when this rule is enforced and a violating path is prevented or handled: Journey cannot start after the visit has expired.
REQ-R0C-00320,CAP-R0C-0117,SRC-01,Inspection excution-Start jou!A5:M5,USER_ACTION,Click Start Journey.,Pass when the actor can complete this action and the resulting state is visible: Click Start Journey.
REQ-R0C-00321,CAP-R0C-0117,SRC-01,Inspection excution-Start jou!A5:M5,SYSTEM_BEHAVIOR,"Verify that the factory has valid coordinates. If planner manually selected location, use planner location","Pass when the system behavior occurs under the cited trigger and context: Verify that the factory has valid coordinates. If planner manually selected location, use planner location"
REQ-R0C-00322,CAP-R0C-0117,SRC-01,Inspection excution-Start jou!A5:M5,SYSTEM_BEHAVIOR,otherwise use license location.,Pass when the system behavior occurs under the cited trigger and context: otherwise use license location.
REQ-R0C-00323,CAP-R0C-0117,SRC-01,Inspection excution-Start jou!A5:M5,BUSINESS_RULE,Journey cannot start without a destination.,Pass when this rule is enforced and a violating path is prevented or handled: Journey cannot start without a destination.
REQ-R0C-00324,CAP-R0C-0118,SRC-01,Inspection excution-Start jou!A6:M6,SYSTEM_BEHAVIOR,"Download the latest approved package including factory information, inspection report, inspection items, previous answers, and configuration. Lock the downloaded version.","Pass when the system behavior occurs under the cited trigger and context: Download the latest approved package including factory information, inspection report, inspection items, previous answers, and configuration. Lock the downloaded version."
REQ-R0C-00325,CAP-R0C-0118,SRC-01,Inspection excution-Start jou!A6:M6,BUSINESS_RULE,Package version is frozen after download. Future changes by planners shall not affect the ongoing inspection.,Pass when this rule is enforced and a violating path is prevented or handled: Package version is frozen after download. Future changes by planners shall not affect the ongoing inspection.
REQ-R0C-00326,CAP-R0C-0119,SRC-01,Inspection excution-Start jou!A7:M7,SYSTEM_BEHAVIOR,"Validate package version, checksum, mandatory files and configuration.","Pass when the system behavior occurs under the cited trigger and context: Validate package version, checksum, mandatory files and configuration."
REQ-R0C-00327,CAP-R0C-0119,SRC-01,Inspection excution-Start jou!A7:M7,BUSINESS_RULE,Inspection cannot continue using a corrupted package.,Pass when this rule is enforced and a violating path is prevented or handled: Inspection cannot continue using a corrupted package.
REQ-R0C-00328,CAP-R0C-0120,SRC-01,Inspection excution-Start jou!A8:M8,SYSTEM_BEHAVIOR,Store package securely on the device.,Pass when the system behavior occurs under the cited trigger and context: Store package securely on the device.
REQ-R0C-00329,CAP-R0C-0120,SRC-01,Inspection excution-Start jou!A8:M8,BUSINESS_RULE,Package remains available while offline until inspection is submitted.,Pass when this rule is enforced and a violating path is prevented or handled: Package remains available while offline until inspection is submitted.
REQ-R0C-00330,CAP-R0C-0121,SRC-01,Inspection excution-Start jou!A9:M9,SYSTEM_BEHAVIOR,Create journey session linked to visit.,Pass when the system behavior occurs under the cited trigger and context: Create journey session linked to visit.
REQ-R0C-00331,CAP-R0C-0121,SRC-01,Inspection excution-Start jou!A9:M9,BUSINESS_RULE,One active journey per visit.,Pass when this rule is enforced and a violating path is prevented or handled: One active journey per visit.
REQ-R0C-00332,CAP-R0C-0122,SRC-01,Inspection excution-Start jou!A10:M10,SYSTEM_BEHAVIOR,Capture server timestamp and device timestamp.,Pass when the system behavior occurs under the cited trigger and context: Capture server timestamp and device timestamp.
REQ-R0C-00333,CAP-R0C-0122,SRC-01,Inspection excution-Start jou!A10:M10,BUSINESS_RULE,Server time is the official audit time.,Pass when this rule is enforced and a violating path is prevented or handled: Server time is the official audit time.
REQ-R0C-00334,CAP-R0C-0123,SRC-01,Inspection excution-Start jou!A11:M11,SYSTEM_BEHAVIOR,"Capture latitude, longitude and altitude.","Pass when the system behavior occurs under the cited trigger and context: Capture latitude, longitude and altitude."
REQ-R0C-00335,CAP-R0C-0123,SRC-01,Inspection excution-Start jou!A11:M11,BUSINESS_RULE,Coordinates stored as audit evidence.,Pass when this rule is enforced and a violating path is prevented or handled: Coordinates stored as audit evidence.
REQ-R0C-00336,CAP-R0C-0124,SRC-01,Inspection excution-Start jou!A12:M12,SYSTEM_BEHAVIOR,Capture GPS accuracy in meters.,Pass when the system behavior occurs under the cited trigger and context: Capture GPS accuracy in meters.
REQ-R0C-00337,CAP-R0C-0124,SRC-01,Inspection excution-Start jou!A12:M12,BUSINESS_RULE,Used later for audit and investigation.,Pass when this rule is enforced and a violating path is prevented or handled: Used later for audit and investigation.
REQ-R0C-00338,CAP-R0C-0125,SRC-01,Inspection excution-Start jou!A13:M13,SYSTEM_BEHAVIOR,"Capture device ID, OS version, application version.","Pass when the system behavior occurs under the cited trigger and context: Capture device ID, OS version, application version."
REQ-R0C-00339,CAP-R0C-0125,SRC-01,Inspection excution-Start jou!A13:M13,BUSINESS_RULE,Every inspection must be traceable to a device.,Pass when this rule is enforced and a violating path is prevented or handled: Every inspection must be traceable to a device.
REQ-R0C-00340,CAP-R0C-0126,SRC-01,Inspection excution-Start jou!A14:M14,SYSTEM_BEHAVIOR,Capture Online/Offline status and connection type.,Pass when the system behavior occurs under the cited trigger and context: Capture Online/Offline status and connection type.
REQ-R0C-00341,CAP-R0C-0126,SRC-01,Inspection excution-Start jou!A14:M14,BUSINESS_RULE,Used for troubleshooting offline scenarios.,Pass when this rule is enforced and a violating path is prevented or handled: Used for troubleshooting offline scenarios.
REQ-R0C-00342,CAP-R0C-0127,SRC-01,Inspection excution-Start jou!A15:M15,SYSTEM_BEHAVIOR,Start background GPS tracking according to configured interval.,Pass when the system behavior occurs under the cited trigger and context: Start background GPS tracking according to configured interval.
REQ-R0C-00343,CAP-R0C-0127,SRC-01,Inspection excution-Start jou!A15:M15,BUSINESS_RULE,Tracking continues until inspection begins or journey is cancelled.,Pass when this rule is enforced and a violating path is prevented or handled: Tracking continues until inspection begins or journey is cancelled.
REQ-R0C-00344,CAP-R0C-0128,SRC-01,Inspection excution-Start jou!A16:M16,SYSTEM_BEHAVIOR,Create timeline events starting with Journey Started.,Pass when the system behavior occurs under the cited trigger and context: Create timeline events starting with Journey Started.
REQ-R0C-00345,CAP-R0C-0128,SRC-01,Inspection excution-Start jou!A16:M16,BUSINESS_RULE,Every operational event must appear in timeline.,Pass when this rule is enforced and a violating path is prevented or handled: Every operational event must appear in timeline.
REQ-R0C-00346,CAP-R0C-0129,SRC-01,Inspection excution-Start jou!A17:M17,SYSTEM_BEHAVIOR,Launch preferred navigation application using factory coordinates.,Pass when the system behavior occurs under the cited trigger and context: Launch preferred navigation application using factory coordinates.
REQ-R0C-00347,CAP-R0C-0129,SRC-01,Inspection excution-Start jou!A17:M17,BUSINESS_RULE,Navigation is optional but recommended.,Pass when this rule is enforced and a violating path is prevented or handled: Navigation is optional but recommended.
REQ-R0C-00348,CAP-R0C-0130,SRC-01,Inspection excution-Start jou!A18:M18,SYSTEM_BEHAVIOR,Calculate ETA based on current location and destination.,Pass when the system behavior occurs under the cited trigger and context: Calculate ETA based on current location and destination.
REQ-R0C-00349,CAP-R0C-0130,SRC-01,Inspection excution-Start jou!A18:M18,BUSINESS_RULE,ETA updates continuously during journey.,Pass when this rule is enforced and a violating path is prevented or handled: ETA updates continuously during journey.
REQ-R0C-00350,CAP-R0C-0131,SRC-01,Inspection excution-Start jou!A19:M19,SYSTEM_BEHAVIOR,Change Operational State from Prepared to On the Way.,Pass when the system behavior occurs under the cited trigger and context: Change Operational State from Prepared to On the Way.
REQ-R0C-00351,CAP-R0C-0131,SRC-01,Inspection excution-Start jou!A19:M19,BUSINESS_RULE,Workflow Status remains unchanged until inspection begins.,Pass when this rule is enforced and a violating path is prevented or handled: Workflow Status remains unchanged until inspection begins.
REQ-R0C-00352,CAP-R0C-0132,SRC-01,Inspection excution-Start jou!A20:M20,SYSTEM_BEHAVIOR,"Log every significant event including validation, download, GPS capture, timeline creation and tracking initialization.","Pass when the system behavior occurs under the cited trigger and context: Log every significant event including validation, download, GPS capture, timeline creation and tracking initialization."
REQ-R0C-00353,CAP-R0C-0132,SRC-01,Inspection excution-Start jou!A20:M20,BUSINESS_RULE,Every event must be auditable.,Pass when this rule is enforced and a violating path is prevented or handled: Every event must be auditable.
REQ-R0C-00354,CAP-R0C-0132,SRC-01,Inspection excution-Start jou!A20:M20,ACCEPTANCE_CRITERION,Complete audit trail available.,Pass when the source-stated acceptance condition is demonstrated: Complete audit trail available.
REQ-R0C-00355,CAP-R0C-0133,SRC-01,Inspection excution-Start jou!A21:M21,SYSTEM_BEHAVIOR,"Display clear error messages, retry transient failures, prevent journey start if critical validations fail.","Pass when the system behavior occurs under the cited trigger and context: Display clear error messages, retry transient failures, prevent journey start if critical validations fail."
REQ-R0C-00356,CAP-R0C-0133,SRC-01,Inspection excution-Start jou!A21:M21,BUSINESS_RULE,No partial journey session shall remain active after critical failure.,Pass when this rule is enforced and a violating path is prevented or handled: No partial journey session shall remain active after critical failure.
REQ-R0C-00357,CAP-R0C-0134,SRC-01,Inspection excution-Start jou!A22:M22,SYSTEM_BEHAVIOR,Start continuous GPS tracking based on configurable interval.,Pass when the system behavior occurs under the cited trigger and context: Start continuous GPS tracking based on configurable interval.
REQ-R0C-00358,CAP-R0C-0134,SRC-01,Inspection excution-Start jou!A22:M22,BUSINESS_RULE,Tracking starts only after successful Start Journey.,Pass when this rule is enforced and a violating path is prevented or handled: Tracking starts only after successful Start Journey.
REQ-R0C-00359,CAP-R0C-0135,SRC-01,Inspection excution-Start jou!A23:M23,SYSTEM_BEHAVIOR,"Capture Latitude, Longitude, Altitude, Speed, Heading and GPS Accuracy at each tracking interval.","Pass when the system behavior occurs under the cited trigger and context: Capture Latitude, Longitude, Altitude, Speed, Heading and GPS Accuracy at each tracking interval."
REQ-R0C-00360,CAP-R0C-0135,SRC-01,Inspection excution-Start jou!A23:M23,BUSINESS_RULE,Every GPS point is linked to the journey session.,Pass when this rule is enforced and a violating path is prevented or handled: Every GPS point is linked to the journey session.
REQ-R0C-00361,CAP-R0C-0136,SRC-01,Inspection excution-Start jou!A24:M24,SYSTEM_BEHAVIOR,Update inspector marker on Operations Center map.,Pass when the system behavior occurs under the cited trigger and context: Update inspector marker on Operations Center map.
REQ-R0C-00362,CAP-R0C-0136,SRC-01,Inspection excution-Start jou!A24:M24,BUSINESS_RULE,Map refresh interval shall be configurable.,Pass when this rule is enforced and a violating path is prevented or handled: Map refresh interval shall be configurable.
REQ-R0C-00363,CAP-R0C-0137,SRC-01,Inspection excution-Start jou!A25:M25,SYSTEM_BEHAVIOR,"Calculate ETA based on current location, road network and destination. Refresh ETA periodically.","Pass when the system behavior occurs under the cited trigger and context: Calculate ETA based on current location, road network and destination. Refresh ETA periodically."
REQ-R0C-00364,CAP-R0C-0137,SRC-01,Inspection excution-Start jou!A25:M25,BUSINESS_RULE,ETA shall refresh automatically during travel.,Pass when this rule is enforced and a violating path is prevented or handled: ETA shall refresh automatically during travel.
REQ-R0C-00365,CAP-R0C-0138,SRC-01,Inspection excution-Start jou!A26:M26,SYSTEM_BEHAVIOR,Calculate remaining travel distance using navigation route.,Pass when the system behavior occurs under the cited trigger and context: Calculate remaining travel distance using navigation route.
REQ-R0C-00366,CAP-R0C-0139,SRC-01,Inspection excution-Start jou!A27:M27,SYSTEM_BEHAVIOR,Calculate journey progress percentage using travelled vs remaining distance.,Pass when the system behavior occurs under the cited trigger and context: Calculate journey progress percentage using travelled vs remaining distance.
REQ-R0C-00367,CAP-R0C-0139,SRC-01,Inspection excution-Start jou!A27:M27,BUSINESS_RULE,Progress is informational only.,Pass when this rule is enforced and a violating path is prevented or handled: Progress is informational only.
REQ-R0C-00368,CAP-R0C-0140,SRC-01,Inspection excution-Start jou!A28:M28,SYSTEM_BEHAVIOR,Continuously monitor GPS accuracy and record significant degradation.,Pass when the system behavior occurs under the cited trigger and context: Continuously monitor GPS accuracy and record significant degradation.
REQ-R0C-00369,CAP-R0C-0140,SRC-01,Inspection excution-Start jou!A28:M28,BUSINESS_RULE,GPS quality shall be auditable.,Pass when this rule is enforced and a violating path is prevented or handled: GPS quality shall be auditable.
REQ-R0C-00370,CAP-R0C-0141,SRC-01,Inspection excution-Start jou!A29:M29,SYSTEM_BEHAVIOR,"Detect Online, Offline, Wi-Fi and Mobile Network transitions.","Pass when the system behavior occurs under the cited trigger and context: Detect Online, Offline, Wi-Fi and Mobile Network transitions."
REQ-R0C-00371,CAP-R0C-0141,SRC-01,Inspection excution-Start jou!A29:M29,BUSINESS_RULE,Every connectivity change shall be recorded.,Pass when this rule is enforced and a violating path is prevented or handled: Every connectivity change shall be recorded.
REQ-R0C-00372,CAP-R0C-0142,SRC-01,Inspection excution-Start jou!A30:M30,SYSTEM_BEHAVIOR,"Continue tracking locally, queue journey events, cache GPS updates until connectivity returns.","Pass when the system behavior occurs under the cited trigger and context: Continue tracking locally, queue journey events, cache GPS updates until connectivity returns."
REQ-R0C-00373,CAP-R0C-0142,SRC-01,Inspection excution-Start jou!A30:M30,BUSINESS_RULE,Journey shall continue without internet connectivity.,Pass when this rule is enforced and a violating path is prevented or handled: Journey shall continue without internet connectivity.
REQ-R0C-00374,CAP-R0C-0143,SRC-01,Inspection excution-Start jou!A31:M31,SYSTEM_BEHAVIOR,"Synchronize queued GPS points, timeline events and audit logs in chronological order.","Pass when the system behavior occurs under the cited trigger and context: Synchronize queued GPS points, timeline events and audit logs in chronological order."
REQ-R0C-00375,CAP-R0C-0143,SRC-01,Inspection excution-Start jou!A31:M31,BUSINESS_RULE,Duplicate synchronization shall be prevented.,Pass when this rule is enforced and a violating path is prevented or handled: Duplicate synchronization shall be prevented.
REQ-R0C-00376,CAP-R0C-0144,SRC-01,Inspection excution-Start jou!A32:M32,SYSTEM_BEHAVIOR,Compare current location against planned navigation route.,Pass when the system behavior occurs under the cited trigger and context: Compare current location against planned navigation route.
REQ-R0C-00377,CAP-R0C-0144,SRC-01,Inspection excution-Start jou!A32:M32,BUSINESS_RULE,Route deviation does not stop the inspection.,Pass when this rule is enforced and a violating path is prevented or handled: Route deviation does not stop the inspection.
REQ-R0C-00378,CAP-R0C-0145,SRC-01,Inspection excution-Start jou!A33:M33,SYSTEM_BEHAVIOR,Compare current location against configured arrival radius.,Pass when the system behavior occurs under the cited trigger and context: Compare current location against configured arrival radius.
REQ-R0C-00379,CAP-R0C-0145,SRC-01,Inspection excution-Start jou!A33:M33,BUSINESS_RULE,Arrival button becomes available only when within configured radius or GPS override is allowed.,Pass when this rule is enforced and a violating path is prevented or handled: Arrival button becomes available only when within configured radius or GPS override is allowed.
REQ-R0C-00380,CAP-R0C-0146,SRC-01,Inspection excution-Start jou!A34:M34,SYSTEM_BEHAVIOR,"Record Journey Started, Tracking Started, Offline, Online, ETA Updates, Route Deviations and Arrival Detection.","Pass when the system behavior occurs under the cited trigger and context: Record Journey Started, Tracking Started, Offline, Online, ETA Updates, Route Deviations and Arrival Detection."
REQ-R0C-00381,CAP-R0C-0146,SRC-01,Inspection excution-Start jou!A34:M34,BUSINESS_RULE,Timeline must remain immutable after submission.,Pass when this rule is enforced and a violating path is prevented or handled: Timeline must remain immutable after submission.
REQ-R0C-00382,CAP-R0C-0147,SRC-01,Inspection excution-Start jou!A35:M35,SYSTEM_BEHAVIOR,"Record GPS events, network changes, synchronization events and operational state changes.","Pass when the system behavior occurs under the cited trigger and context: Record GPS events, network changes, synchronization events and operational state changes."
REQ-R0C-00383,CAP-R0C-0147,SRC-01,Inspection excution-Start jou!A35:M35,BUSINESS_RULE,All system-generated actions shall be auditable.,Pass when this rule is enforced and a violating path is prevented or handled: All system-generated actions shall be auditable.
REQ-R0C-00384,CAP-R0C-0147,SRC-01,Inspection excution-Start jou!A35:M35,ACCEPTANCE_CRITERION,Complete audit trail available.,Pass when the source-stated acceptance condition is demonstrated: Complete audit trail available.
REQ-R0C-00385,CAP-R0C-0148,SRC-01,Inspection excution-Start jou!A36:M36,SYSTEM_BEHAVIOR,"Display current Operational State, ETA, Distance Remaining, GPS Status, Connectivity Status and Progress.","Pass when the system behavior occurs under the cited trigger and context: Display current Operational State, ETA, Distance Remaining, GPS Status, Connectivity Status and Progress."
REQ-R0C-00386,CAP-R0C-0149,SRC-01,Inspection excution-Start jou!A37:M37,SYSTEM_BEHAVIOR,"Handle GPS unavailable, navigation failure, synchronization failure, connectivity failure and mapping service errors. Maintain journey consistency and prevent duplicate sessions.","Pass when the system behavior occurs under the cited trigger and context: Handle GPS unavailable, navigation failure, synchronization failure, connectivity failure and mapping service errors. Maintain journey consistency and prevent duplicate sessions."
REQ-R0C-00387,CAP-R0C-0149,SRC-01,Inspection excution-Start jou!A37:M37,BUSINESS_RULE,Critical failures shall never corrupt the active journey session.,Pass when this rule is enforced and a violating path is prevented or handled: Critical failures shall never corrupt the active journey session.
REQ-R0C-00388,CAP-R0C-0150,SRC-01,Inspection excution-Start jou!A38:M38,SYSTEM_BEHAVIOR,Continuously compare inspector GPS against the planned factory location and determine whether the inspector is inside the configured arrival radius.,Pass when the system behavior occurs under the cited trigger and context: Continuously compare inspector GPS against the planned factory location and determine whether the inspector is inside the configured arrival radius.
REQ-R0C-00389,CAP-R0C-0150,SRC-01,Inspection excution-Start jou!A38:M38,BUSINESS_RULE,Arrival radius shall be configurable by system administration.,Pass when this rule is enforced and a violating path is prevented or handled: Arrival radius shall be configurable by system administration.
REQ-R0C-00390,CAP-R0C-0150,SRC-01,Inspection excution-Start jou!A38:M38,DATA_REQUIREMENT,"Current GPS, Planned Coordinates","Pass when the cited data field or contract element is present and valid: Current GPS, Planned Coordinates"
REQ-R0C-00391,CAP-R0C-0151,SRC-01,Inspection excution-Start jou!A39:M39,SYSTEM_BEHAVIOR,Enable the Arrived action only after arrival conditions are met or when GPS override is permitted.,Pass when the system behavior occurs under the cited trigger and context: Enable the Arrived action only after arrival conditions are met or when GPS override is permitted.
REQ-R0C-00392,CAP-R0C-0151,SRC-01,Inspection excution-Start jou!A39:M39,BUSINESS_RULE,Arrived button shall not be enabled before reaching the configured radius unless override is allowed.,Pass when this rule is enforced and a violating path is prevented or handled: Arrived button shall not be enabled before reaching the configured radius unless override is allowed.
REQ-R0C-00393,CAP-R0C-0152,SRC-01,Inspection excution-Start jou!A40:M40,SYSTEM_BEHAVIOR,Capture both server timestamp and device timestamp as official arrival evidence.,Pass when the system behavior occurs under the cited trigger and context: Capture both server timestamp and device timestamp as official arrival evidence.
REQ-R0C-00394,CAP-R0C-0152,SRC-01,Inspection excution-Start jou!A40:M40,BUSINESS_RULE,Server timestamp shall be the official audit timestamp.,Pass when this rule is enforced and a violating path is prevented or handled: Server timestamp shall be the official audit timestamp.
REQ-R0C-00395,CAP-R0C-0153,SRC-01,Inspection excution-Start jou!A41:M41,SYSTEM_BEHAVIOR,"Record latitude, longitude, altitude and GPS accuracy at the moment of arrival.","Pass when the system behavior occurs under the cited trigger and context: Record latitude, longitude, altitude and GPS accuracy at the moment of arrival."
REQ-R0C-00396,CAP-R0C-0153,SRC-01,Inspection excution-Start jou!A41:M41,BUSINESS_RULE,Actual coordinates shall always be stored regardless of GPS validation outcome.,Pass when this rule is enforced and a violating path is prevented or handled: Actual coordinates shall always be stored regardless of GPS validation outcome.
REQ-R0C-00397,CAP-R0C-0154,SRC-01,Inspection excution-Start jou!A42:M42,SYSTEM_BEHAVIOR,Calculate the distance between the planned location and the inspector's actual location.,Pass when the system behavior occurs under the cited trigger and context: Calculate the distance between the planned location and the inspector's actual location.
REQ-R0C-00398,CAP-R0C-0154,SRC-01,Inspection excution-Start jou!A42:M42,BUSINESS_RULE,Planned location is the Planner-selected location if available,Pass when this rule is enforced and a violating path is prevented or handled: Planned location is the Planner-selected location if available
REQ-R0C-00399,CAP-R0C-0154,SRC-01,Inspection excution-Start jou!A42:M42,BUSINESS_RULE,"otherwise, the Industrial License location from Senaei.","Pass when this rule is enforced and a violating path is prevented or handled: otherwise, the Industrial License location from Senaei."
REQ-R0C-00400,CAP-R0C-0154,SRC-01,Inspection excution-Start jou!A42:M42,DATA_REQUIREMENT,"Planned Coordinates, Actual Coordinates","Pass when the cited data field or contract element is present and valid: Planned Coordinates, Actual Coordinates"
REQ-R0C-00401,CAP-R0C-0155,SRC-01,Inspection excution-Start jou!A43:M43,SYSTEM_BEHAVIOR,Compare calculated distance against the configured tolerance radius.,Pass when the system behavior occurs under the cited trigger and context: Compare calculated distance against the configured tolerance radius.
REQ-R0C-00402,CAP-R0C-0155,SRC-01,Inspection excution-Start jou!A43:M43,BUSINESS_RULE,Validation shall use configurable radius values.,Pass when this rule is enforced and a violating path is prevented or handled: Validation shall use configurable radius values.
REQ-R0C-00403,CAP-R0C-0156,SRC-01,Inspection excution-Start jou!A44:M44,USER_ACTION,Confirm Override or Cancel.,Pass when the actor can complete this action and the resulting state is visible: Confirm Override or Cancel.
REQ-R0C-00404,CAP-R0C-0156,SRC-01,Inspection excution-Start jou!A44:M44,SYSTEM_BEHAVIOR,"Display a confirmation dialog explaining that the inspector is outside the planned location. If confirmed, continue using the actual coordinates.","Pass when the system behavior occurs under the cited trigger and context: Display a confirmation dialog explaining that the inspector is outside the planned location. If confirmed, continue using the actual coordinates."
REQ-R0C-00405,CAP-R0C-0156,SRC-01,Inspection excution-Start jou!A44:M44,BUSINESS_RULE,GPS override requires explicit inspector confirmation.,Pass when this rule is enforced and a violating path is prevented or handled: GPS override requires explicit inspector confirmation.
REQ-R0C-00406,CAP-R0C-0157,SRC-01,Inspection excution-Start jou!A45:M45,SYSTEM_BEHAVIOR,Save the final inspection coordinates that will be associated with the inspection execution.,Pass when the system behavior occurs under the cited trigger and context: Save the final inspection coordinates that will be associated with the inspection execution.
REQ-R0C-00407,CAP-R0C-0157,SRC-01,Inspection excution-Start jou!A45:M45,BUSINESS_RULE,Final coordinates shall remain immutable after inspection starts.,Pass when this rule is enforced and a violating path is prevented or handled: Final coordinates shall remain immutable after inspection starts.
REQ-R0C-00408,CAP-R0C-0158,SRC-01,Inspection excution-Start jou!A46:M46,USER_ACTION,Capture photo or comment (if required).,Pass when the actor can complete this action and the resulting state is visible: Capture photo or comment (if required).
REQ-R0C-00409,CAP-R0C-0158,SRC-01,Inspection excution-Start jou!A46:M46,SYSTEM_BEHAVIOR,Store arrival evidence and associate it with the arrival event.,Pass when the system behavior occurs under the cited trigger and context: Store arrival evidence and associate it with the arrival event.
REQ-R0C-00410,CAP-R0C-0158,SRC-01,Inspection excution-Start jou!A46:M46,BUSINESS_RULE,Arrival evidence requirements shall be configurable.,Pass when this rule is enforced and a violating path is prevented or handled: Arrival evidence requirements shall be configurable.
REQ-R0C-00411,CAP-R0C-0158,SRC-01,Inspection excution-Start jou!A46:M46,ACCEPTANCE_CRITERION,Required evidence is successfully attached.,Pass when the source-stated acceptance condition is demonstrated: Required evidence is successfully attached.
REQ-R0C-00412,CAP-R0C-0159,SRC-01,Inspection excution-Start jou!A47:M47,SYSTEM_BEHAVIOR,Update Operational State from On the Way to Arrived while keeping Workflow Status unchanged.,Pass when the system behavior occurs under the cited trigger and context: Update Operational State from On the Way to Arrived while keeping Workflow Status unchanged.
REQ-R0C-00413,CAP-R0C-0159,SRC-01,Inspection excution-Start jou!A47:M47,BUSINESS_RULE,Workflow Status remains unchanged until the inspection officially starts.,Pass when this rule is enforced and a violating path is prevented or handled: Workflow Status remains unchanged until the inspection officially starts.
REQ-R0C-00414,CAP-R0C-0160,SRC-01,Inspection excution-Start jou!A48:M48,SYSTEM_BEHAVIOR,"Record Arrived, GPS Validated, GPS Override (if applicable), Arrival Evidence and Arrival Confirmed events.","Pass when the system behavior occurs under the cited trigger and context: Record Arrived, GPS Validated, GPS Override (if applicable), Arrival Evidence and Arrival Confirmed events."
REQ-R0C-00415,CAP-R0C-0160,SRC-01,Inspection excution-Start jou!A48:M48,BUSINESS_RULE,Timeline events shall be immutable after submission.,Pass when this rule is enforced and a violating path is prevented or handled: Timeline events shall be immutable after submission.
REQ-R0C-00416,CAP-R0C-0161,SRC-01,Inspection excution-Start jou!A49:M49,SYSTEM_BEHAVIOR,"Log timestamps, coordinates, validation results, overrides, evidence uploads and operational state transitions.","Pass when the system behavior occurs under the cited trigger and context: Log timestamps, coordinates, validation results, overrides, evidence uploads and operational state transitions."
REQ-R0C-00417,CAP-R0C-0161,SRC-01,Inspection excution-Start jou!A49:M49,BUSINESS_RULE,Every arrival-related action shall be auditable.,Pass when this rule is enforced and a violating path is prevented or handled: Every arrival-related action shall be auditable.
REQ-R0C-00418,CAP-R0C-0161,SRC-01,Inspection excution-Start jou!A49:M49,ACCEPTANCE_CRITERION,Complete audit trail is available.,Pass when the source-stated acceptance condition is demonstrated: Complete audit trail is available.
REQ-R0C-00419,CAP-R0C-0162,SRC-01,Inspection excution-Start jou!A50:M50,USER_ACTION,"Retry, Refresh GPS or Cancel.","Pass when the actor can complete this action and the resulting state is visible: Retry, Refresh GPS or Cancel."
REQ-R0C-00420,CAP-R0C-0162,SRC-01,Inspection excution-Start jou!A50:M50,SYSTEM_BEHAVIOR,"Handle GPS unavailable, inaccurate GPS, mapping service failures and validation exceptions without corrupting the active inspection session.","Pass when the system behavior occurs under the cited trigger and context: Handle GPS unavailable, inaccurate GPS, mapping service failures and validation exceptions without corrupting the active inspection session."
REQ-R0C-00421,CAP-R0C-0162,SRC-01,Inspection excution-Start jou!A50:M50,BUSINESS_RULE,Critical failures shall never automatically cancel the visit. Inspector shall always receive a clear validation message and available recovery options.,Pass when this rule is enforced and a violating path is prevented or handled: Critical failures shall never automatically cancel the visit. Inspector shall always receive a clear validation message and available recovery options.
REQ-R0C-00422,CAP-R0C-0163,SRC-01,Inspection excution-Start jou!A51:M51,SYSTEM_BEHAVIOR,"Load Arrival Confirmation screen. Display Factory Card, Visit Card, Arrival Summary and available actions.","Pass when the system behavior occurs under the cited trigger and context: Load Arrival Confirmation screen. Display Factory Card, Visit Card, Arrival Summary and available actions."
REQ-R0C-00423,CAP-R0C-0163,SRC-01,Inspection excution-Start jou!A51:M51,BUSINESS_RULE,Arrival Confirmation is only accessible after successful arrival validation.,Pass when this rule is enforced and a violating path is prevented or handled: Arrival Confirmation is only accessible after successful arrival validation.
REQ-R0C-00424,CAP-R0C-0163,SRC-01,Inspection excution-Start jou!A51:M51,ACCEPTANCE_CRITERION,Screen loads successfully with all required information.,Pass when the source-stated acceptance condition is demonstrated: Screen loads successfully with all required information.
REQ-R0C-00425,CAP-R0C-0164,SRC-01,Inspection excution-Start jou!A52:M52,USER_ACTION,View Factory Card.,Pass when the actor can complete this action and the resulting state is visible: View Factory Card.
REQ-R0C-00426,CAP-R0C-0164,SRC-01,Inspection excution-Start jou!A52:M52,SYSTEM_BEHAVIOR,"Load Factory Card summary including Factory Name, CR Number, License Number, License Status, Factory Status, Activity, Risk Level and Factory Health Score (if available).","Pass when the system behavior occurs under the cited trigger and context: Load Factory Card summary including Factory Name, CR Number, License Number, License Status, Factory Status, Activity, Risk Level and Factory Health Score (if available)."
REQ-R0C-00427,CAP-R0C-0164,SRC-01,Inspection excution-Start jou!A52:M52,BUSINESS_RULE,Factory Card is read-only during Arrival Confirmation.,Pass when this rule is enforced and a violating path is prevented or handled: Factory Card is read-only during Arrival Confirmation.
REQ-R0C-00428,CAP-R0C-0165,SRC-01,Inspection excution-Start jou!A53:M53,USER_ACTION,View Visit Card.,Pass when the actor can complete this action and the resulting state is visible: View Visit Card.
REQ-R0C-00429,CAP-R0C-0165,SRC-01,Inspection excution-Start jou!A53:M53,SYSTEM_BEHAVIOR,"Load Visit Type, Planned Window, Inspector Name, Branch, Planner, Visit Reason, Visit Priority and Report Type.","Pass when the system behavior occurs under the cited trigger and context: Load Visit Type, Planned Window, Inspector Name, Branch, Planner, Visit Reason, Visit Priority and Report Type."
REQ-R0C-00430,CAP-R0C-0165,SRC-01,Inspection excution-Start jou!A53:M53,BUSINESS_RULE,Visit Card reflects the locked visit package.,Pass when this rule is enforced and a violating path is prevented or handled: Visit Card reflects the locked visit package.
REQ-R0C-00431,CAP-R0C-0166,SRC-01,Inspection excution-Start jou!A54:M54,SYSTEM_BEHAVIOR,"Display Journey Start Time, Arrival Time, Journey Duration, Distance Travelled and GPS Validation Result.","Pass when the system behavior occurs under the cited trigger and context: Display Journey Start Time, Arrival Time, Journey Duration, Distance Travelled and GPS Validation Result."
REQ-R0C-00432,CAP-R0C-0166,SRC-01,Inspection excution-Start jou!A54:M54,BUSINESS_RULE,Journey Summary is informational only.,Pass when this rule is enforced and a violating path is prevented or handled: Journey Summary is informational only.
REQ-R0C-00433,CAP-R0C-0167,SRC-01,Inspection excution-Start jou!A55:M55,USER_ACTION,Expand or collapse Factory Card and Visit Card.,Pass when the actor can complete this action and the resulting state is visible: Expand or collapse Factory Card and Visit Card.
REQ-R0C-00434,CAP-R0C-0167,SRC-01,Inspection excution-Start jou!A55:M55,SYSTEM_BEHAVIOR,"Provide quick access to Factory Card, Visit Card and map without leaving the confirmation screen.","Pass when the system behavior occurs under the cited trigger and context: Provide quick access to Factory Card, Visit Card and map without leaving the confirmation screen."
REQ-R0C-00435,CAP-R0C-0167,SRC-01,Inspection excution-Start jou!A55:M55,BUSINESS_RULE,Context panel remains available throughout execution.,Pass when this rule is enforced and a violating path is prevented or handled: Context panel remains available throughout execution.
REQ-R0C-00436,CAP-R0C-0167,SRC-01,Inspection excution-Start jou!A55:M55,DATA_REQUIREMENT,Factory & Visit Context,Pass when the cited data field or contract element is present and valid: Factory & Visit Context
REQ-R0C-00437,CAP-R0C-0168,SRC-01,Inspection excution-Start jou!A56:M56,USER_ACTION,Click Proceed with Inspection.,Pass when the actor can complete this action and the resulting state is visible: Click Proceed with Inspection.
REQ-R0C-00438,CAP-R0C-0168,SRC-01,Inspection excution-Start jou!A56:M56,SYSTEM_BEHAVIOR,Change Workflow Status to In Progress. Change Operational State from Arrived to Executing. Create Inspection Session. Initialize Execution Workspace. Stop Journey Tracking. Start Inspection Timeline. Start Inspection SLA.,Pass when the system behavior occurs under the cited trigger and context: Change Workflow Status to In Progress. Change Operational State from Arrived to Executing. Create Inspection Session. Initialize Execution Workspace. Stop Journey Tracking. Start Inspection Timeline. Start Inspection SLA.
REQ-R0C-00439,CAP-R0C-0168,SRC-01,Inspection excution-Start jou!A56:M56,BUSINESS_RULE,Inspection can only start after successful arrival confirmation.,Pass when this rule is enforced and a violating path is prevented or handled: Inspection can only start after successful arrival confirmation.
REQ-R0C-00440,CAP-R0C-0169,SRC-01,Inspection excution-Start jou!A57:M57,USER_ACTION,Click Cancel Visit.,Pass when the actor can complete this action and the resulting state is visible: Click Cancel Visit.
REQ-R0C-00441,CAP-R0C-0169,SRC-01,Inspection excution-Start jou!A57:M57,SYSTEM_BEHAVIOR,Display cancellation form and stop transition to execution.,Pass when the system behavior occurs under the cited trigger and context: Display cancellation form and stop transition to execution.
REQ-R0C-00442,CAP-R0C-0169,SRC-01,Inspection excution-Start jou!A57:M57,BUSINESS_RULE,Cancellation is only allowed before inspection starts.,Pass when this rule is enforced and a violating path is prevented or handled: Cancellation is only allowed before inspection starts.
REQ-R0C-00443,CAP-R0C-0170,SRC-01,Inspection excution-Start jou!A58:M58,USER_ACTION,Select reason and enter comments if required.,Pass when the actor can complete this action and the resulting state is visible: Select reason and enter comments if required.
REQ-R0C-00444,CAP-R0C-0170,SRC-01,Inspection excution-Start jou!A58:M58,SYSTEM_BEHAVIOR,Load configurable cancellation reasons. Save selected reason and comments.,Pass when the system behavior occurs under the cited trigger and context: Load configurable cancellation reasons. Save selected reason and comments.
REQ-R0C-00445,CAP-R0C-0170,SRC-01,Inspection excution-Start jou!A58:M58,BUSINESS_RULE,Cancellation reason is mandatory. Comments may be mandatory depending on selected reason.,Pass when this rule is enforced and a violating path is prevented or handled: Cancellation reason is mandatory. Comments may be mandatory depending on selected reason.
REQ-R0C-00446,CAP-R0C-0171,SRC-01,Inspection excution-Start jou!A59:M59,USER_ACTION,"Upload photo, video, document or comments.","Pass when the actor can complete this action and the resulting state is visible: Upload photo, video, document or comments."
REQ-R0C-00447,CAP-R0C-0171,SRC-01,Inspection excution-Start jou!A59:M59,SYSTEM_BEHAVIOR,Store evidence and link it to the cancellation record.,Pass when the system behavior occurs under the cited trigger and context: Store evidence and link it to the cancellation record.
REQ-R0C-00448,CAP-R0C-0171,SRC-01,Inspection excution-Start jou!A59:M59,BUSINESS_RULE,Evidence requirements are configurable per cancellation reason.,Pass when this rule is enforced and a violating path is prevented or handled: Evidence requirements are configurable per cancellation reason.
REQ-R0C-00449,CAP-R0C-0172,SRC-01,Inspection excution-Start jou!A60:M60,SYSTEM_BEHAVIOR,Update Workflow Status to Cancelled. Update Operational State to Cancelled. Close active journey. Stop SLA timers.,Pass when the system behavior occurs under the cited trigger and context: Update Workflow Status to Cancelled. Update Operational State to Cancelled. Close active journey. Stop SLA timers.
REQ-R0C-00450,CAP-R0C-0172,SRC-01,Inspection excution-Start jou!A60:M60,BUSINESS_RULE,Cancelled visits cannot be resumed.,Pass when this rule is enforced and a violating path is prevented or handled: Cancelled visits cannot be resumed.
REQ-R0C-00451,CAP-R0C-0173,SRC-01,Inspection excution-Start jou!A61:M61,SYSTEM_BEHAVIOR,"Log Factory Card viewed, Visit Card viewed, Proceed with Inspection, Cancel Visit, Cancellation Reason, Cancellation Evidence and Workflow Transition.","Pass when the system behavior occurs under the cited trigger and context: Log Factory Card viewed, Visit Card viewed, Proceed with Inspection, Cancel Visit, Cancellation Reason, Cancellation Evidence and Workflow Transition."
REQ-R0C-00452,CAP-R0C-0173,SRC-01,Inspection excution-Start jou!A61:M61,BUSINESS_RULE,Every action shall be auditable.,Pass when this rule is enforced and a violating path is prevented or handled: Every action shall be auditable.
REQ-R0C-00453,CAP-R0C-0173,SRC-01,Inspection excution-Start jou!A61:M61,ACCEPTANCE_CRITERION,Complete audit trail is generated.,Pass when the source-stated acceptance condition is demonstrated: Complete audit trail is generated.
REQ-R0C-00454,CAP-R0C-0174,SRC-01,Inspection excution-Start jou!A62:M62,SYSTEM_BEHAVIOR,"Handle workflow failures, inspection session creation failures, package initialization failures and cancellation failures without leaving the visit in an inconsistent state.","Pass when the system behavior occurs under the cited trigger and context: Handle workflow failures, inspection session creation failures, package initialization failures and cancellation failures without leaving the visit in an inconsistent state."
REQ-R0C-00455,CAP-R0C-0174,SRC-01,Inspection excution-Start jou!A62:M62,BUSINESS_RULE,The visit shall never be partially transitioned between Journey and Execution. Recovery must always preserve data integrity.,Pass when this rule is enforced and a violating path is prevented or handled: The visit shall never be partially transitioned between Journey and Execution. Recovery must always preserve data integrity.
REQ-R0C-00456,CAP-R0C-0175,SRC-01,Inspection excution-Start jou!A63:M63,USER_ACTION,Click Proceed with Inspection.,Pass when the actor can complete this action and the resulting state is visible: Click Proceed with Inspection.
REQ-R0C-00457,CAP-R0C-0175,SRC-01,Inspection excution-Start jou!A63:M63,SYSTEM_BEHAVIOR,"Create a unique Inspection Session linked to the Visit, Factory, Inspector and Package Version.","Pass when the system behavior occurs under the cited trigger and context: Create a unique Inspection Session linked to the Visit, Factory, Inspector and Package Version."
REQ-R0C-00458,CAP-R0C-0175,SRC-01,Inspection excution-Start jou!A63:M63,BUSINESS_RULE,Only one active inspection session may exist per visit.,Pass when this rule is enforced and a violating path is prevented or handled: Only one active inspection session may exist per visit.
REQ-R0C-00459,CAP-R0C-0175,SRC-01,Inspection excution-Start jou!A63:M63,DATA_REQUIREMENT,"Visit ID, Inspector ID","Pass when the cited data field or contract element is present and valid: Visit ID, Inspector ID"
REQ-R0C-00460,CAP-R0C-0176,SRC-01,Inspection excution-Start jou!A64:M64,SYSTEM_BEHAVIOR,"Lock the downloaded package including Factory Information, Report, Inspection Items, Configuration and Rules.","Pass when the system behavior occurs under the cited trigger and context: Lock the downloaded package including Factory Information, Report, Inspection Items, Configuration and Rules."
REQ-R0C-00461,CAP-R0C-0176,SRC-01,Inspection excution-Start jou!A64:M64,BUSINESS_RULE,Planner changes after execution starts shall not affect the active inspection.,Pass when this rule is enforced and a violating path is prevented or handled: Planner changes after execution starts shall not affect the active inspection.
REQ-R0C-00462,CAP-R0C-0177,SRC-01,Inspection excution-Start jou!A65:M65,SYSTEM_BEHAVIOR,Load the Execution Workspace and initialize all required components.,Pass when the system behavior occurs under the cited trigger and context: Load the Execution Workspace and initialize all required components.
REQ-R0C-00463,CAP-R0C-0177,SRC-01,Inspection excution-Start jou!A65:M65,BUSINESS_RULE,Workspace shall only open after successful initialization.,Pass when this rule is enforced and a violating path is prevented or handled: Workspace shall only open after successful initialization.
REQ-R0C-00464,CAP-R0C-0178,SRC-01,Inspection excution-Start jou!A66:M66,SYSTEM_BEHAVIOR,"Create wizard instance, calculate available steps and initialize navigation.","Pass when the system behavior occurs under the cited trigger and context: Create wizard instance, calculate available steps and initialize navigation."
REQ-R0C-00465,CAP-R0C-0178,SRC-01,Inspection excution-Start jou!A66:M66,BUSINESS_RULE,Wizard sequence shall follow the configured inspection flow.,Pass when this rule is enforced and a violating path is prevented or handled: Wizard sequence shall follow the configured inspection flow.
REQ-R0C-00466,CAP-R0C-0179,SRC-01,Inspection excution-Start jou!A67:M67,SYSTEM_BEHAVIOR,"Load Factory Information, Inspection Report, Inspection Items, Action Forms and Review steps. Hide Action Forms if no forms are generated later.","Pass when the system behavior occurs under the cited trigger and context: Load Factory Information, Inspection Report, Inspection Items, Action Forms and Review steps. Hide Action Forms if no forms are generated later."
REQ-R0C-00467,CAP-R0C-0179,SRC-01,Inspection excution-Start jou!A67:M67,BUSINESS_RULE,Wizard steps are configuration-driven.,Pass when this rule is enforced and a violating path is prevented or handled: Wizard steps are configuration-driven.
REQ-R0C-00468,CAP-R0C-0180,SRC-01,Inspection excution-Start jou!A68:M68,SYSTEM_BEHAVIOR,Calculate initial progress and display completion indicator.,Pass when the system behavior occurs under the cited trigger and context: Calculate initial progress and display completion indicator.
REQ-R0C-00469,CAP-R0C-0180,SRC-01,Inspection excution-Start jou!A68:M68,BUSINESS_RULE,Progress starts at 0% and updates automatically.,Pass when this rule is enforced and a violating path is prevented or handled: Progress starts at 0% and updates automatically.
REQ-R0C-00470,CAP-R0C-0181,SRC-01,Inspection excution-Start jou!A69:M69,USER_ACTION,Open/Collapse Context Panel.,Pass when the actor can complete this action and the resulting state is visible: Open/Collapse Context Panel.
REQ-R0C-00471,CAP-R0C-0181,SRC-01,Inspection excution-Start jou!A69:M69,SYSTEM_BEHAVIOR,Load Factory Card and Visit Card as a collapsible panel accessible from every wizard step.,Pass when the system behavior occurs under the cited trigger and context: Load Factory Card and Visit Card as a collapsible panel accessible from every wizard step.
REQ-R0C-00472,CAP-R0C-0181,SRC-01,Inspection excution-Start jou!A69:M69,BUSINESS_RULE,Context panel remains available throughout execution.,Pass when this rule is enforced and a violating path is prevented or handled: Context panel remains available throughout execution.
REQ-R0C-00473,CAP-R0C-0181,SRC-01,Inspection excution-Start jou!A69:M69,ACCEPTANCE_CRITERION,Inspector can access context from any step.,Pass when the source-stated acceptance condition is demonstrated: Inspector can access context from any step.
REQ-R0C-00474,CAP-R0C-0181,SRC-01,Inspection excution-Start jou!A69:M69,DATA_REQUIREMENT,"Factory Profile, Visit Details","Pass when the cited data field or contract element is present and valid: Factory Profile, Visit Details"
REQ-R0C-00475,CAP-R0C-0182,SRC-01,Inspection excution-Start jou!A70:M70,SYSTEM_BEHAVIOR,"Restore the last completed wizard step, entered values, uploaded evidence and pending action forms.","Pass when the system behavior occurs under the cited trigger and context: Restore the last completed wizard step, entered values, uploaded evidence and pending action forms."
REQ-R0C-00476,CAP-R0C-0182,SRC-01,Inspection excution-Start jou!A70:M70,BUSINESS_RULE,Only the assigned inspector can resume the draft.,Pass when this rule is enforced and a violating path is prevented or handled: Only the assigned inspector can resume the draft.
REQ-R0C-00477,CAP-R0C-0183,SRC-01,Inspection excution-Start jou!A71:M71,SYSTEM_BEHAVIOR,Start automatic background save based on configurable interval and significant user actions.,Pass when the system behavior occurs under the cited trigger and context: Start automatic background save based on configurable interval and significant user actions.
REQ-R0C-00478,CAP-R0C-0183,SRC-01,Inspection excution-Start jou!A71:M71,BUSINESS_RULE,Auto Save shall not interrupt the inspector.,Pass when this rule is enforced and a violating path is prevented or handled: Auto Save shall not interrupt the inspector.
REQ-R0C-00479,CAP-R0C-0184,SRC-01,Inspection excution-Start jou!A72:M72,SYSTEM_BEHAVIOR,Verify offline package availability and initialize local storage for execution data.,Pass when the system behavior occurs under the cited trigger and context: Verify offline package availability and initialize local storage for execution data.
REQ-R0C-00480,CAP-R0C-0184,SRC-01,Inspection excution-Start jou!A72:M72,BUSINESS_RULE,Inspector shall continue working without network connectivity.,Pass when this rule is enforced and a violating path is prevented or handled: Inspector shall continue working without network connectivity.
REQ-R0C-00481,CAP-R0C-0185,SRC-01,Inspection excution-Start jou!A73:M73,SYSTEM_BEHAVIOR,Create inspection timeline starting with Execution Started.,Pass when the system behavior occurs under the cited trigger and context: Create inspection timeline starting with Execution Started.
REQ-R0C-00482,CAP-R0C-0185,SRC-01,Inspection excution-Start jou!A73:M73,BUSINESS_RULE,Timeline continues until inspection submission.,Pass when this rule is enforced and a violating path is prevented or handled: Timeline continues until inspection submission.
REQ-R0C-00483,CAP-R0C-0186,SRC-01,Inspection excution-Start jou!A74:M74,SYSTEM_BEHAVIOR,Capture execution start time and start SLA timer.,Pass when the system behavior occurs under the cited trigger and context: Capture execution start time and start SLA timer.
REQ-R0C-00484,CAP-R0C-0186,SRC-01,Inspection excution-Start jou!A74:M74,BUSINESS_RULE,"SLA starts when execution begins, not when journey starts.","Pass when this rule is enforced and a violating path is prevented or handled: SLA starts when execution begins, not when journey starts."
REQ-R0C-00485,CAP-R0C-0187,SRC-01,Inspection excution-Start jou!A75:M75,SYSTEM_BEHAVIOR,"Validate package integrity, wizard configuration, mandatory forms and dependencies before allowing execution.","Pass when the system behavior occurs under the cited trigger and context: Validate package integrity, wizard configuration, mandatory forms and dependencies before allowing execution."
REQ-R0C-00486,CAP-R0C-0187,SRC-01,Inspection excution-Start jou!A75:M75,BUSINESS_RULE,Inspection cannot continue if initialization fails.,Pass when this rule is enforced and a violating path is prevented or handled: Inspection cannot continue if initialization fails.
REQ-R0C-00487,CAP-R0C-0188,SRC-01,Inspection excution-Start jou!A76:M76,SYSTEM_BEHAVIOR,"Handle package loading failures, missing configurations, wizard initialization failures and dependency errors. Maintain session consistency.","Pass when the system behavior occurs under the cited trigger and context: Handle package loading failures, missing configurations, wizard initialization failures and dependency errors. Maintain session consistency."
REQ-R0C-00488,CAP-R0C-0188,SRC-01,Inspection excution-Start jou!A76:M76,BUSINESS_RULE,Failed initialization shall never create a partial inspection session.,Pass when this rule is enforced and a violating path is prevented or handled: Failed initialization shall never create a partial inspection session.
REQ-R0C-00489,CAP-R0C-0189,SRC-01,Inspection excution-Start jou!A77:M77,SYSTEM_BEHAVIOR,Load all configured wizard steps from the Dynamic Form Engine in the configured sequence.,Pass when the system behavior occurs under the cited trigger and context: Load all configured wizard steps from the Dynamic Form Engine in the configured sequence.
REQ-R0C-00490,CAP-R0C-0189,SRC-01,Inspection excution-Start jou!A77:M77,BUSINESS_RULE,Wizard sequence shall be configuration-driven.,Pass when this rule is enforced and a violating path is prevented or handled: Wizard sequence shall be configuration-driven.
REQ-R0C-00491,CAP-R0C-0190,SRC-01,Inspection excution-Start jou!A78:M78,USER_ACTION,View current step.,Pass when the actor can complete this action and the resulting state is visible: View current step.
REQ-R0C-00492,CAP-R0C-0190,SRC-01,Inspection excution-Start jou!A78:M78,SYSTEM_BEHAVIOR,Highlight current step and display step title and description.,Pass when the system behavior occurs under the cited trigger and context: Highlight current step and display step title and description.
REQ-R0C-00493,CAP-R0C-0190,SRC-01,Inspection excution-Start jou!A78:M78,BUSINESS_RULE,Only one active step can exist at a time.,Pass when this rule is enforced and a violating path is prevented or handled: Only one active step can exist at a time.
REQ-R0C-00494,CAP-R0C-0191,SRC-01,Inspection excution-Start jou!A79:M79,SYSTEM_BEHAVIOR,Validate current step before moving to the next step.,Pass when the system behavior occurs under the cited trigger and context: Validate current step before moving to the next step.
REQ-R0C-00495,CAP-R0C-0191,SRC-01,Inspection excution-Start jou!A79:M79,BUSINESS_RULE,Navigation only succeeds when validation passes.,Pass when this rule is enforced and a violating path is prevented or handled: Navigation only succeeds when validation passes.
REQ-R0C-00496,CAP-R0C-0192,SRC-01,Inspection excution-Start jou!A80:M80,SYSTEM_BEHAVIOR,Load previously entered data without data loss.,Pass when the system behavior occurs under the cited trigger and context: Load previously entered data without data loss.
REQ-R0C-00497,CAP-R0C-0192,SRC-01,Inspection excution-Start jou!A80:M80,BUSINESS_RULE,Previously entered data shall remain unchanged.,Pass when this rule is enforced and a violating path is prevented or handled: Previously entered data shall remain unchanged.
REQ-R0C-00498,CAP-R0C-0193,SRC-01,Inspection excution-Start jou!A81:M81,SYSTEM_BEHAVIOR,"Calculate completion based on Factory Information, Report, Inspection Items, Action Forms and Review.","Pass when the system behavior occurs under the cited trigger and context: Calculate completion based on Factory Information, Report, Inspection Items, Action Forms and Review."
REQ-R0C-00499,CAP-R0C-0193,SRC-01,Inspection excution-Start jou!A81:M81,BUSINESS_RULE,Progress updates immediately after completing each section.,Pass when this rule is enforced and a violating path is prevented or handled: Progress updates immediately after completing each section.
REQ-R0C-00500,CAP-R0C-0194,SRC-01,Inspection excution-Start jou!A82:M82,SYSTEM_BEHAVIOR,"Display percentage, completed steps and remaining steps.","Pass when the system behavior occurs under the cited trigger and context: Display percentage, completed steps and remaining steps."
REQ-R0C-00501,CAP-R0C-0194,SRC-01,Inspection excution-Start jou!A82:M82,BUSINESS_RULE,Progress is informational only.,Pass when this rule is enforced and a violating path is prevented or handled: Progress is informational only.
REQ-R0C-00502,CAP-R0C-0195,SRC-01,Inspection excution-Start jou!A83:M83,USER_ACTION,Complete required fields.,Pass when the actor can complete this action and the resulting state is visible: Complete required fields.
REQ-R0C-00503,CAP-R0C-0195,SRC-01,Inspection excution-Start jou!A83:M83,SYSTEM_BEHAVIOR,Evaluate completion rules and mark the step as completed.,Pass when the system behavior occurs under the cited trigger and context: Evaluate completion rules and mark the step as completed.
REQ-R0C-00504,CAP-R0C-0195,SRC-01,Inspection excution-Start jou!A83:M83,BUSINESS_RULE,A step is complete only when mandatory requirements are satisfied.,Pass when this rule is enforced and a violating path is prevented or handled: A step is complete only when mandatory requirements are satisfied.
REQ-R0C-00505,CAP-R0C-0196,SRC-01,Inspection excution-Start jou!A84:M84,SYSTEM_BEHAVIOR,"Validate mandatory fields, mandatory evidence and mandatory forms.","Pass when the system behavior occurs under the cited trigger and context: Validate mandatory fields, mandatory evidence and mandatory forms."
REQ-R0C-00506,CAP-R0C-0196,SRC-01,Inspection excution-Start jou!A84:M84,BUSINESS_RULE,Navigation shall be blocked when validation fails.,Pass when this rule is enforced and a violating path is prevented or handled: Navigation shall be blocked when validation fails.
REQ-R0C-00507,CAP-R0C-0197,SRC-01,Inspection excution-Start jou!A85:M85,SYSTEM_BEHAVIOR,Automatically remove Action Forms step if no forms are generated.,Pass when the system behavior occurs under the cited trigger and context: Automatically remove Action Forms step if no forms are generated.
REQ-R0C-00508,CAP-R0C-0197,SRC-01,Inspection excution-Start jou!A85:M85,BUSINESS_RULE,Action Forms step appears only when required.,Pass when this rule is enforced and a violating path is prevented or handled: Action Forms step appears only when required.
REQ-R0C-00509,CAP-R0C-0198,SRC-01,Inspection excution-Start jou!A86:M86,USER_ACTION,View change summary.,Pass when the actor can complete this action and the resulting state is visible: View change summary.
REQ-R0C-00510,CAP-R0C-0198,SRC-01,Inspection excution-Start jou!A86:M86,SYSTEM_BEHAVIOR,"Count Factory Information updates, Inspection Item updates and generated Action Forms.","Pass when the system behavior occurs under the cited trigger and context: Count Factory Information updates, Inspection Item updates and generated Action Forms."
REQ-R0C-00511,CAP-R0C-0198,SRC-01,Inspection excution-Start jou!A86:M86,BUSINESS_RULE,Counter updates immediately after every modification.,Pass when this rule is enforced and a violating path is prevented or handled: Counter updates immediately after every modification.
REQ-R0C-00512,CAP-R0C-0199,SRC-01,Inspection excution-Start jou!A87:M87,SYSTEM_BEHAVIOR,"Preserve active step, entered data and navigation history.","Pass when the system behavior occurs under the cited trigger and context: Preserve active step, entered data and navigation history."
REQ-R0C-00513,CAP-R0C-0199,SRC-01,Inspection excution-Start jou!A87:M87,BUSINESS_RULE,"State shall survive refresh, reconnect and resume.","Pass when this rule is enforced and a violating path is prevented or handled: State shall survive refresh, reconnect and resume."
REQ-R0C-00514,CAP-R0C-0200,SRC-01,Inspection excution-Start jou!A88:M88,SYSTEM_BEHAVIOR,"Save progress automatically after configurable intervals and significant actions (field updates, evidence uploads, navigation, action form completion).","Pass when the system behavior occurs under the cited trigger and context: Save progress automatically after configurable intervals and significant actions (field updates, evidence uploads, navigation, action form completion)."
REQ-R0C-00515,CAP-R0C-0200,SRC-01,Inspection excution-Start jou!A88:M88,BUSINESS_RULE,Auto Save shall run silently in the background.,Pass when this rule is enforced and a violating path is prevented or handled: Auto Save shall run silently in the background.
REQ-R0C-00516,CAP-R0C-0201,SRC-01,Inspection excution-Start jou!A89:M89,USER_ACTION,Click Save Draft.,Pass when the actor can complete this action and the resulting state is visible: Click Save Draft.
REQ-R0C-00517,CAP-R0C-0201,SRC-01,Inspection excution-Start jou!A89:M89,SYSTEM_BEHAVIOR,"Save current wizard state, values, evidence, generated forms and navigation position.","Pass when the system behavior occurs under the cited trigger and context: Save current wizard state, values, evidence, generated forms and navigation position."
REQ-R0C-00518,CAP-R0C-0201,SRC-01,Inspection excution-Start jou!A89:M89,BUSINESS_RULE,Draft remains editable by the assigned inspector only.,Pass when this rule is enforced and a violating path is prevented or handled: Draft remains editable by the assigned inspector only.
REQ-R0C-00519,CAP-R0C-0202,SRC-01,Inspection excution-Start jou!A90:M90,SYSTEM_BEHAVIOR,Open the wizard on the last active step with all saved data restored.,Pass when the system behavior occurs under the cited trigger and context: Open the wizard on the last active step with all saved data restored.
REQ-R0C-00520,CAP-R0C-0202,SRC-01,Inspection excution-Start jou!A90:M90,BUSINESS_RULE,Resume shall not restart the wizard from Step 1.,Pass when this rule is enforced and a violating path is prevented or handled: Resume shall not restart the wizard from Step 1.
REQ-R0C-00521,CAP-R0C-0203,SRC-01,Inspection excution-Start jou!A91:M91,USER_ACTION,View validation summary.,Pass when the actor can complete this action and the resulting state is visible: View validation summary.
REQ-R0C-00522,CAP-R0C-0203,SRC-01,Inspection excution-Start jou!A91:M91,SYSTEM_BEHAVIOR,Display grouped validation messages by wizard step.,Pass when the system behavior occurs under the cited trigger and context: Display grouped validation messages by wizard step.
REQ-R0C-00523,CAP-R0C-0203,SRC-01,Inspection excution-Start jou!A91:M91,BUSINESS_RULE,Validation summary shall identify the affected step.,Pass when this rule is enforced and a violating path is prevented or handled: Validation summary shall identify the affected step.
REQ-R0C-00524,CAP-R0C-0204,SRC-01,Inspection excution-Start jou!A92:M92,USER_ACTION,Click validation message.,Pass when the actor can complete this action and the resulting state is visible: Click validation message.
REQ-R0C-00525,CAP-R0C-0204,SRC-01,Inspection excution-Start jou!A92:M92,SYSTEM_BEHAVIOR,Navigate directly to the corresponding wizard step and highlight the missing field.,Pass when the system behavior occurs under the cited trigger and context: Navigate directly to the corresponding wizard step and highlight the missing field.
REQ-R0C-00526,CAP-R0C-0204,SRC-01,Inspection excution-Start jou!A92:M92,BUSINESS_RULE,Jump-to-Missing is available only for unresolved validations.,Pass when this rule is enforced and a violating path is prevented or handled: Jump-to-Missing is available only for unresolved validations.
REQ-R0C-00527,CAP-R0C-0205,SRC-01,Inspection excution-Start jou!A93:M93,SYSTEM_BEHAVIOR,Disable wizard navigation and editing after successful submission.,Pass when the system behavior occurs under the cited trigger and context: Disable wizard navigation and editing after successful submission.
REQ-R0C-00528,CAP-R0C-0205,SRC-01,Inspection excution-Start jou!A93:M93,BUSINESS_RULE,Submitted inspections become permanently read-only.,Pass when this rule is enforced and a violating path is prevented or handled: Submitted inspections become permanently read-only.
REQ-R0C-00529,CAP-R0C-0206,SRC-01,Inspection excution-Start jou!A94:M94,SYSTEM_BEHAVIOR,"Log step changes, draft saves, resumes, validation failures, navigation events and completion events.","Pass when the system behavior occurs under the cited trigger and context: Log step changes, draft saves, resumes, validation failures, navigation events and completion events."
REQ-R0C-00530,CAP-R0C-0206,SRC-01,Inspection excution-Start jou!A94:M94,BUSINESS_RULE,Every wizard interaction shall be auditable.,Pass when this rule is enforced and a violating path is prevented or handled: Every wizard interaction shall be auditable.
REQ-R0C-00531,CAP-R0C-0206,SRC-01,Inspection excution-Start jou!A94:M94,ACCEPTANCE_CRITERION,Complete wizard audit history is available.,Pass when the source-stated acceptance condition is demonstrated: Complete wizard audit history is available.
REQ-R0C-00532,CAP-R0C-0207,SRC-01,Inspection excution-Start jou!A95:M95,SYSTEM_BEHAVIOR,"Handle navigation failures, validation failures, draft failures and restore failures without data loss.","Pass when the system behavior occurs under the cited trigger and context: Handle navigation failures, validation failures, draft failures and restore failures without data loss."
REQ-R0C-00533,CAP-R0C-0207,SRC-01,Inspection excution-Start jou!A95:M95,BUSINESS_RULE,Navigation failures shall never corrupt the inspection session.,Pass when this rule is enforced and a violating path is prevented or handled: Navigation failures shall never corrupt the inspection session.
REQ-R0C-00534,CAP-R0C-0208,SRC-01,Inspection excution-Start jou!A96:M96,USER_ACTION,Open Factory Information.,Pass when the actor can complete this action and the resulting state is visible: Open Factory Information.
REQ-R0C-00535,CAP-R0C-0208,SRC-01,Inspection excution-Start jou!A96:M96,SYSTEM_BEHAVIOR,Load latest approved factory profile from Senaei.,Pass when the system behavior occurs under the cited trigger and context: Load latest approved factory profile from Senaei.
REQ-R0C-00536,CAP-R0C-0208,SRC-01,Inspection excution-Start jou!A96:M96,BUSINESS_RULE,Only synchronized Senaei data shall be displayed.,Pass when this rule is enforced and a violating path is prevented or handled: Only synchronized Senaei data shall be displayed.
REQ-R0C-00537,CAP-R0C-0209,SRC-01,Inspection excution-Start jou!A97:M97,SYSTEM_BEHAVIOR,"Load License Number, Status, Stage, Issue Date, Expiry Date, License Activity and License Holder.","Pass when the system behavior occurs under the cited trigger and context: Load License Number, Status, Stage, Issue Date, Expiry Date, License Activity and License Holder."
REQ-R0C-00538,CAP-R0C-0209,SRC-01,Inspection excution-Start jou!A97:M97,BUSINESS_RULE,License information is read-only.,Pass when this rule is enforced and a violating path is prevented or handled: License information is read-only.
REQ-R0C-00539,CAP-R0C-0210,SRC-01,Inspection excution-Start jou!A98:M98,SYSTEM_BEHAVIOR,"Display Factory Name, CR Number, Factory Status, Activity, Region, City and Address.","Pass when the system behavior occurs under the cited trigger and context: Display Factory Name, CR Number, Factory Status, Activity, Region, City and Address."
REQ-R0C-00540,CAP-R0C-0210,SRC-01,Inspection excution-Start jou!A98:M98,BUSINESS_RULE,Data originates from Senaei only.,Pass when this rule is enforced and a violating path is prevented or handled: Data originates from Senaei only.
REQ-R0C-00541,CAP-R0C-0211,SRC-01,Inspection excution-Start jou!A99:M99,SYSTEM_BEHAVIOR,Load all registered products with HS Codes and production details.,Pass when the system behavior occurs under the cited trigger and context: Load all registered products with HS Codes and production details.
REQ-R0C-00542,CAP-R0C-0211,SRC-01,Inspection excution-Start jou!A99:M99,BUSINESS_RULE,Products are loaded from the license package.,Pass when this rule is enforced and a violating path is prevented or handled: Products are loaded from the license package.
REQ-R0C-00543,CAP-R0C-0212,SRC-01,Inspection excution-Start jou!A100:M100,SYSTEM_BEHAVIOR,Load all synchronized raw materials.,Pass when the system behavior occurs under the cited trigger and context: Load all synchronized raw materials.
REQ-R0C-00544,CAP-R0C-0212,SRC-01,Inspection excution-Start jou!A100:M100,BUSINESS_RULE,Read-only until observation is recorded.,Pass when this rule is enforced and a violating path is prevented or handled: Read-only until observation is recorded.
REQ-R0C-00545,CAP-R0C-0213,SRC-01,Inspection excution-Start jou!A101:M101,SYSTEM_BEHAVIOR,Load employee statistics from Senaei.,Pass when the system behavior occurs under the cited trigger and context: Load employee statistics from Senaei.
REQ-R0C-00546,CAP-R0C-0213,SRC-01,Inspection excution-Start jou!A101:M101,BUSINESS_RULE,Source values remain unchanged during inspection.,Pass when this rule is enforced and a violating path is prevented or handled: Source values remain unchanged during inspection.
REQ-R0C-00547,CAP-R0C-0214,SRC-01,Inspection excution-Start jou!A102:M102,SYSTEM_BEHAVIOR,"Display investment size, production capacity and configured industrial indicators.","Pass when the system behavior occurs under the cited trigger and context: Display investment size, production capacity and configured industrial indicators."
REQ-R0C-00548,CAP-R0C-0215,SRC-01,Inspection excution-Start jou!A103:M103,SYSTEM_BEHAVIOR,Display every attribute as Source Value (Senaei).,Pass when the system behavior occurs under the cited trigger and context: Display every attribute as Source Value (Senaei).
REQ-R0C-00549,CAP-R0C-0215,SRC-01,Inspection excution-Start jou!A103:M103,BUSINESS_RULE,Source values cannot be edited directly.,Pass when this rule is enforced and a violating path is prevented or handled: Source values cannot be edited directly.
REQ-R0C-00550,CAP-R0C-0216,SRC-01,Inspection excution-Start jou!A104:M104,USER_ACTION,Enter observed value.,Pass when the actor can complete this action and the resulting state is visible: Enter observed value.
REQ-R0C-00551,CAP-R0C-0216,SRC-01,Inspection excution-Start jou!A104:M104,SYSTEM_BEHAVIOR,Save inspector observation separately from Senaei data.,Pass when the system behavior occurs under the cited trigger and context: Save inspector observation separately from Senaei data.
REQ-R0C-00552,CAP-R0C-0216,SRC-01,Inspection excution-Start jou!A104:M104,BUSINESS_RULE,Observation never overwrites source value.,Pass when this rule is enforced and a violating path is prevented or handled: Observation never overwrites source value.
REQ-R0C-00553,CAP-R0C-0217,SRC-01,Inspection excution-Start jou!A105:M105,SYSTEM_BEHAVIOR,Mark field verification status as Verified.,Pass when the system behavior occurs under the cited trigger and context: Mark field verification status as Verified.
REQ-R0C-00554,CAP-R0C-0217,SRC-01,Inspection excution-Start jou!A105:M105,BUSINESS_RULE,Verified fields require no observed value.,Pass when this rule is enforced and a violating path is prevented or handled: Verified fields require no observed value.
REQ-R0C-00555,CAP-R0C-0218,SRC-01,Inspection excution-Start jou!A106:M106,USER_ACTION,Enter new value.,Pass when the actor can complete this action and the resulting state is visible: Enter new value.
REQ-R0C-00556,CAP-R0C-0218,SRC-01,Inspection excution-Start jou!A106:M106,SYSTEM_BEHAVIOR,Mark verification status as Updated.,Pass when the system behavior occurs under the cited trigger and context: Mark verification status as Updated.
REQ-R0C-00557,CAP-R0C-0218,SRC-01,Inspection excution-Start jou!A106:M106,BUSINESS_RULE,Updated fields require observed value.,Pass when this rule is enforced and a violating path is prevented or handled: Updated fields require observed value.
REQ-R0C-00558,CAP-R0C-0219,SRC-01,Inspection excution-Start jou!A107:M107,SYSTEM_BEHAVIOR,Display Source Value vs Observed Value side by side.,Pass when the system behavior occurs under the cited trigger and context: Display Source Value vs Observed Value side by side.
REQ-R0C-00559,CAP-R0C-0219,SRC-01,Inspection excution-Start jou!A107:M107,BUSINESS_RULE,Every updated field shall display both values.,Pass when this rule is enforced and a violating path is prevented or handled: Every updated field shall display both values.
REQ-R0C-00560,CAP-R0C-0220,SRC-01,Inspection excution-Start jou!A108:M108,SYSTEM_BEHAVIOR,Highlight every updated field.,Pass when the system behavior occurs under the cited trigger and context: Highlight every updated field.
REQ-R0C-00561,CAP-R0C-0220,SRC-01,Inspection excution-Start jou!A108:M108,BUSINESS_RULE,Highlights remain visible until submission.,Pass when this rule is enforced and a violating path is prevented or handled: Highlights remain visible until submission.
REQ-R0C-00562,CAP-R0C-0221,SRC-01,Inspection excution-Start jou!A109:M109,USER_ACTION,"Upload Photo, Video, Document or Comment.","Pass when the actor can complete this action and the resulting state is visible: Upload Photo, Video, Document or Comment."
REQ-R0C-00563,CAP-R0C-0221,SRC-01,Inspection excution-Start jou!A109:M109,SYSTEM_BEHAVIOR,Associate evidence with the specific updated field.,Pass when the system behavior occurs under the cited trigger and context: Associate evidence with the specific updated field.
REQ-R0C-00564,CAP-R0C-0221,SRC-01,Inspection excution-Start jou!A109:M109,BUSINESS_RULE,Evidence can be attached to any verified field.,Pass when this rule is enforced and a violating path is prevented or handled: Evidence can be attached to any verified field.
REQ-R0C-00565,CAP-R0C-0222,SRC-01,Inspection excution-Start jou!A110:M110,SYSTEM_BEHAVIOR,Save annotated image together with the original file.,Pass when the system behavior occurs under the cited trigger and context: Save annotated image together with the original file.
REQ-R0C-00566,CAP-R0C-0222,SRC-01,Inspection excution-Start jou!A110:M110,BUSINESS_RULE,Original evidence shall never be overwritten.,Pass when this rule is enforced and a violating path is prevented or handled: Original evidence shall never be overwritten.
REQ-R0C-00567,CAP-R0C-0223,SRC-01,Inspection excution-Start jou!A111:M111,SYSTEM_BEHAVIOR,Count all updated factory fields.,Pass when the system behavior occurs under the cited trigger and context: Count all updated factory fields.
REQ-R0C-00568,CAP-R0C-0224,SRC-01,Inspection excution-Start jou!A112:M112,SYSTEM_BEHAVIOR,"Display every updated field with Source Value, Observed Value and attached evidence.","Pass when the system behavior occurs under the cited trigger and context: Display every updated field with Source Value, Observed Value and attached evidence."
REQ-R0C-00569,CAP-R0C-0225,SRC-01,Inspection excution-Start jou!A113:M113,SYSTEM_BEHAVIOR,Prevent any direct update to Senaei during inspection.,Pass when the system behavior occurs under the cited trigger and context: Prevent any direct update to Senaei during inspection.
REQ-R0C-00570,CAP-R0C-0225,SRC-01,Inspection excution-Start jou!A113:M113,BUSINESS_RULE,Source data remains unchanged until future synchronization workflow.,Pass when this rule is enforced and a violating path is prevented or handled: Source data remains unchanged until future synchronization workflow.
REQ-R0C-00571,CAP-R0C-0226,SRC-01,Inspection excution-Start jou!A114:M114,SYSTEM_BEHAVIOR,"Log Verified, Updated, Evidence Added, Comments Added and Before/After values.","Pass when the system behavior occurs under the cited trigger and context: Log Verified, Updated, Evidence Added, Comments Added and Before/After values."
REQ-R0C-00572,CAP-R0C-0226,SRC-01,Inspection excution-Start jou!A114:M114,BUSINESS_RULE,Every verification action shall be auditable.,Pass when this rule is enforced and a violating path is prevented or handled: Every verification action shall be auditable.
REQ-R0C-00573,CAP-R0C-0226,SRC-01,Inspection excution-Start jou!A114:M114,ACCEPTANCE_CRITERION,Complete audit trail generated.,Pass when the source-stated acceptance condition is demonstrated: Complete audit trail generated.
REQ-R0C-00574,CAP-R0C-0227,SRC-01,Inspection excution-Start jou!A115:M115,SYSTEM_BEHAVIOR,"Handle synchronization failures, invalid observations and evidence failures without losing entered data.","Pass when the system behavior occurs under the cited trigger and context: Handle synchronization failures, invalid observations and evidence failures without losing entered data."
REQ-R0C-00575,CAP-R0C-0227,SRC-01,Inspection excution-Start jou!A115:M115,BUSINESS_RULE,Verification failures shall never remove inspector observations.,Pass when this rule is enforced and a violating path is prevented or handled: Verification failures shall never remove inspector observations.
REQ-R0C-00576,CAP-R0C-0228,SRC-01,Inspection excution-Start jou!A116:M116,USER_ACTION,Open Report Step.,Pass when the actor can complete this action and the resulting state is visible: Open Report Step.
REQ-R0C-00577,CAP-R0C-0228,SRC-01,Inspection excution-Start jou!A116:M116,SYSTEM_BEHAVIOR,Retrieve the report definition selected during Visit Preparation from the Dynamic Form Builder and render the latest locked version included in the inspection package.,Pass when the system behavior occurs under the cited trigger and context: Retrieve the report definition selected during Visit Preparation from the Dynamic Form Builder and render the latest locked version included in the inspection package.
REQ-R0C-00578,CAP-R0C-0228,SRC-01,Inspection excution-Start jou!A116:M116,BUSINESS_RULE,Report definition is locked when the inspection starts and cannot change during execution.,Pass when this rule is enforced and a violating path is prevented or handled: Report definition is locked when the inspection starts and cannot change during execution.
REQ-R0C-00579,CAP-R0C-0228,SRC-01,Inspection excution-Start jou!A116:M116,DATA_REQUIREMENT,"Report ID, Locked Package","Pass when the cited data field or contract element is present and valid: Report ID, Locked Package"
REQ-R0C-00580,CAP-R0C-0229,SRC-01,Inspection excution-Start jou!A117:M117,SYSTEM_BEHAVIOR,"Display Report Name, Version, Description, Inspection Type and Last Updated Date.","Pass when the system behavior occurs under the cited trigger and context: Display Report Name, Version, Description, Inspection Type and Last Updated Date."
REQ-R0C-00581,CAP-R0C-0229,SRC-01,Inspection excution-Start jou!A117:M117,BUSINESS_RULE,Report metadata is read-only.,Pass when this rule is enforced and a violating path is prevented or handled: Report metadata is read-only.
REQ-R0C-00582,CAP-R0C-0230,SRC-01,Inspection excution-Start jou!A118:M118,USER_ACTION,Navigate between sections.,Pass when the actor can complete this action and the resulting state is visible: Navigate between sections.
REQ-R0C-00583,CAP-R0C-0230,SRC-01,Inspection excution-Start jou!A118:M118,SYSTEM_BEHAVIOR,Render report sections exactly as configured in the Form Builder.,Pass when the system behavior occurs under the cited trigger and context: Render report sections exactly as configured in the Form Builder.
REQ-R0C-00584,CAP-R0C-0230,SRC-01,Inspection excution-Start jou!A118:M118,BUSINESS_RULE,Section order follows configuration.,Pass when this rule is enforced and a violating path is prevented or handled: Section order follows configuration.
REQ-R0C-00585,CAP-R0C-0231,SRC-01,Inspection excution-Start jou!A119:M119,SYSTEM_BEHAVIOR,"Render all configured field types including text, number, date, lookup, checkbox, radio button, attachment, image, signature and custom controls.","Pass when the system behavior occurs under the cited trigger and context: Render all configured field types including text, number, date, lookup, checkbox, radio button, attachment, image, signature and custom controls."
REQ-R0C-00586,CAP-R0C-0231,SRC-01,Inspection excution-Start jou!A119:M119,BUSINESS_RULE,Field behavior is driven entirely by configuration.,Pass when this rule is enforced and a violating path is prevented or handled: Field behavior is driven entirely by configuration.
REQ-R0C-00587,CAP-R0C-0232,SRC-01,Inspection excution-Start jou!A120:M120,SYSTEM_BEHAVIOR,Evaluate conditional visibility rules configured in the Form Builder.,Pass when the system behavior occurs under the cited trigger and context: Evaluate conditional visibility rules configured in the Form Builder.
REQ-R0C-00588,CAP-R0C-0232,SRC-01,Inspection excution-Start jou!A120:M120,BUSINESS_RULE,Hidden fields are excluded from validation.,Pass when this rule is enforced and a violating path is prevented or handled: Hidden fields are excluded from validation.
REQ-R0C-00589,CAP-R0C-0233,SRC-01,Inspection excution-Start jou!A121:M121,USER_ACTION,Complete mandatory fields.,Pass when the actor can complete this action and the resulting state is visible: Complete mandatory fields.
REQ-R0C-00590,CAP-R0C-0233,SRC-01,Inspection excution-Start jou!A121:M121,SYSTEM_BEHAVIOR,Validate mandatory fields according to Form Builder configuration.,Pass when the system behavior occurs under the cited trigger and context: Validate mandatory fields according to Form Builder configuration.
REQ-R0C-00591,CAP-R0C-0233,SRC-01,Inspection excution-Start jou!A121:M121,BUSINESS_RULE,Mandatory rules are configuration-driven.,Pass when this rule is enforced and a violating path is prevented or handled: Mandatory rules are configuration-driven.
REQ-R0C-00592,CAP-R0C-0234,SRC-01,Inspection excution-Start jou!A122:M122,SYSTEM_BEHAVIOR,"Execute conditional validations, value ranges, dependencies and custom validation rules configured in the Form Builder.","Pass when the system behavior occurs under the cited trigger and context: Execute conditional validations, value ranges, dependencies and custom validation rules configured in the Form Builder."
REQ-R0C-00593,CAP-R0C-0234,SRC-01,Inspection excution-Start jou!A122:M122,BUSINESS_RULE,Validation follows configured business rules only.,Pass when this rule is enforced and a violating path is prevented or handled: Validation follows configured business rules only.
REQ-R0C-00594,CAP-R0C-0235,SRC-01,Inspection excution-Start jou!A123:M123,SYSTEM_BEHAVIOR,Store responses continuously as part of the active inspection session.,Pass when the system behavior occurs under the cited trigger and context: Store responses continuously as part of the active inspection session.
REQ-R0C-00595,CAP-R0C-0235,SRC-01,Inspection excution-Start jou!A123:M123,BUSINESS_RULE,Responses belong to the current inspection version only.,Pass when this rule is enforced and a violating path is prevented or handled: Responses belong to the current inspection version only.
REQ-R0C-00596,CAP-R0C-0236,SRC-01,Inspection excution-Start jou!A124:M124,USER_ACTION,"Upload Photo, Video, Document or Comment.","Pass when the actor can complete this action and the resulting state is visible: Upload Photo, Video, Document or Comment."
REQ-R0C-00597,CAP-R0C-0236,SRC-01,Inspection excution-Start jou!A124:M124,SYSTEM_BEHAVIOR,Link uploaded evidence to the corresponding report field.,Pass when the system behavior occurs under the cited trigger and context: Link uploaded evidence to the corresponding report field.
REQ-R0C-00598,CAP-R0C-0236,SRC-01,Inspection excution-Start jou!A124:M124,BUSINESS_RULE,Evidence remains attached to the originating field.,Pass when this rule is enforced and a violating path is prevented or handled: Evidence remains attached to the originating field.
REQ-R0C-00599,CAP-R0C-0237,SRC-01,Inspection excution-Start jou!A125:M125,SYSTEM_BEHAVIOR,Store annotated version while preserving the original file.,Pass when the system behavior occurs under the cited trigger and context: Store annotated version while preserving the original file.
REQ-R0C-00600,CAP-R0C-0237,SRC-01,Inspection excution-Start jou!A125:M125,BUSINESS_RULE,Original image shall never be modified.,Pass when this rule is enforced and a violating path is prevented or handled: Original image shall never be modified.
REQ-R0C-00601,CAP-R0C-0238,SRC-01,Inspection excution-Start jou!A126:M126,SYSTEM_BEHAVIOR,"Save current responses, uploaded evidence and completed sections.","Pass when the system behavior occurs under the cited trigger and context: Save current responses, uploaded evidence and completed sections."
REQ-R0C-00602,CAP-R0C-0238,SRC-01,Inspection excution-Start jou!A126:M126,BUSINESS_RULE,Draft remains editable until submission.,Pass when this rule is enforced and a violating path is prevented or handled: Draft remains editable until submission.
REQ-R0C-00603,CAP-R0C-0239,SRC-01,Inspection excution-Start jou!A127:M127,SYSTEM_BEHAVIOR,Automatically save report after configurable intervals and significant changes.,Pass when the system behavior occurs under the cited trigger and context: Automatically save report after configurable intervals and significant changes.
REQ-R0C-00604,CAP-R0C-0239,SRC-01,Inspection excution-Start jou!A127:M127,BUSINESS_RULE,Auto Save runs silently in the background.,Pass when this rule is enforced and a violating path is prevented or handled: Auto Save runs silently in the background.
REQ-R0C-00605,CAP-R0C-0240,SRC-01,Inspection excution-Start jou!A128:M128,SYSTEM_BEHAVIOR,Calculate completed vs pending report fields and update overall wizard progress.,Pass when the system behavior occurs under the cited trigger and context: Calculate completed vs pending report fields and update overall wizard progress.
REQ-R0C-00606,CAP-R0C-0240,SRC-01,Inspection excution-Start jou!A128:M128,BUSINESS_RULE,Completion contributes to overall inspection progress.,Pass when this rule is enforced and a violating path is prevented or handled: Completion contributes to overall inspection progress.
REQ-R0C-00607,CAP-R0C-0241,SRC-01,Inspection excution-Start jou!A129:M129,SYSTEM_BEHAVIOR,"Display completed sections, pending fields and attached evidence summary.","Pass when the system behavior occurs under the cited trigger and context: Display completed sections, pending fields and attached evidence summary."
REQ-R0C-00608,CAP-R0C-0241,SRC-01,Inspection excution-Start jou!A129:M129,BUSINESS_RULE,Summary is informational before submission.,Pass when this rule is enforced and a violating path is prevented or handled: Summary is informational before submission.
REQ-R0C-00609,CAP-R0C-0242,SRC-01,Inspection excution-Start jou!A130:M130,SYSTEM_BEHAVIOR,Render report in read-only mode after submission.,Pass when the system behavior occurs under the cited trigger and context: Render report in read-only mode after submission.
REQ-R0C-00610,CAP-R0C-0242,SRC-01,Inspection excution-Start jou!A130:M130,BUSINESS_RULE,Report becomes immutable immediately after submission.,Pass when this rule is enforced and a violating path is prevented or handled: Report becomes immutable immediately after submission.
REQ-R0C-00611,CAP-R0C-0243,SRC-01,Inspection excution-Start jou!A131:M131,SYSTEM_BEHAVIOR,"Record report opened, section completed, field updated, evidence uploaded, draft saved, resumed and completed events.","Pass when the system behavior occurs under the cited trigger and context: Record report opened, section completed, field updated, evidence uploaded, draft saved, resumed and completed events."
REQ-R0C-00612,CAP-R0C-0243,SRC-01,Inspection excution-Start jou!A131:M131,BUSINESS_RULE,Every report interaction shall be auditable.,Pass when this rule is enforced and a violating path is prevented or handled: Every report interaction shall be auditable.
REQ-R0C-00613,CAP-R0C-0244,SRC-01,Inspection excution-Start jou!A132:M132,SYSTEM_BEHAVIOR,"Handle rendering failures, validation failures, save failures and evidence upload failures while preserving entered information.","Pass when the system behavior occurs under the cited trigger and context: Handle rendering failures, validation failures, save failures and evidence upload failures while preserving entered information."
REQ-R0C-00614,CAP-R0C-0244,SRC-01,Inspection excution-Start jou!A132:M132,BUSINESS_RULE,Report failures shall never cause data loss or inconsistent inspection state.,Pass when this rule is enforced and a violating path is prevented or handled: Report failures shall never cause data loss or inconsistent inspection state.
REQ-R0C-00615,CAP-R0C-0245,SRC-01,Inspection excution-Start jou!A133:M133,USER_ACTION,Open Checklist Step.,Pass when the actor can complete this action and the resulting state is visible: Open Checklist Step.
REQ-R0C-00616,CAP-R0C-0245,SRC-01,Inspection excution-Start jou!A133:M133,SYSTEM_BEHAVIOR,Load all configured inspection items from Compliance Configuration according to the selected Report Type.,Pass when the system behavior occurs under the cited trigger and context: Load all configured inspection items from Compliance Configuration according to the selected Report Type.
REQ-R0C-00617,CAP-R0C-0245,SRC-01,Inspection excution-Start jou!A133:M133,BUSINESS_RULE,Checklist is loaded from the locked inspection package.,Pass when this rule is enforced and a violating path is prevented or handled: Checklist is loaded from the locked inspection package.
REQ-R0C-00618,CAP-R0C-0246,SRC-01,Inspection excution-Start jou!A134:M134,USER_ACTION,Expand / Collapse Categories.,Pass when the actor can complete this action and the resulting state is visible: Expand / Collapse Categories.
REQ-R0C-00619,CAP-R0C-0246,SRC-01,Inspection excution-Start jou!A134:M134,SYSTEM_BEHAVIOR,Display checklist grouped by configured categories and subcategories.,Pass when the system behavior occurs under the cited trigger and context: Display checklist grouped by configured categories and subcategories.
REQ-R0C-00620,CAP-R0C-0246,SRC-01,Inspection excution-Start jou!A134:M134,BUSINESS_RULE,Category sequence follows configuration.,Pass when this rule is enforced and a violating path is prevented or handled: Category sequence follows configuration.
REQ-R0C-00621,CAP-R0C-0247,SRC-01,Inspection excution-Start jou!A135:M135,SYSTEM_BEHAVIOR,Mark configured mandatory items.,Pass when the system behavior occurs under the cited trigger and context: Mark configured mandatory items.
REQ-R0C-00622,CAP-R0C-0247,SRC-01,Inspection excution-Start jou!A135:M135,BUSINESS_RULE,Mandatory items cannot be skipped.,Pass when this rule is enforced and a violating path is prevented or handled: Mandatory items cannot be skipped.
REQ-R0C-00623,CAP-R0C-0248,SRC-01,Inspection excution-Start jou!A136:M136,SYSTEM_BEHAVIOR,Display optional items.,Pass when the system behavior occurs under the cited trigger and context: Display optional items.
REQ-R0C-00624,CAP-R0C-0248,SRC-01,Inspection excution-Start jou!A136:M136,BUSINESS_RULE,Optional items may remain unanswered.,Pass when this rule is enforced and a violating path is prevented or handled: Optional items may remain unanswered.
REQ-R0C-00625,CAP-R0C-0249,SRC-01,Inspection excution-Start jou!A137:M137,SYSTEM_BEHAVIOR,Load latest approved answer from previous inspections for comparison.,Pass when the system behavior occurs under the cited trigger and context: Load latest approved answer from previous inspections for comparison.
REQ-R0C-00626,CAP-R0C-0249,SRC-01,Inspection excution-Start jou!A137:M137,BUSINESS_RULE,Historical answers are read-only.,Pass when this rule is enforced and a violating path is prevented or handled: Historical answers are read-only.
REQ-R0C-00627,CAP-R0C-0250,SRC-01,Inspection excution-Start jou!A138:M138,SYSTEM_BEHAVIOR,Load previous inspection photos and attachments.,Pass when the system behavior occurs under the cited trigger and context: Load previous inspection photos and attachments.
REQ-R0C-00628,CAP-R0C-0250,SRC-01,Inspection excution-Start jou!A138:M138,BUSINESS_RULE,Historical evidence is read-only.,Pass when this rule is enforced and a violating path is prevented or handled: Historical evidence is read-only.
REQ-R0C-00629,CAP-R0C-0251,SRC-01,Inspection excution-Start jou!A139:M139,SYSTEM_BEHAVIOR,"Display Item Name, Description, Regulation Reference, Evidence Requirements, Guidance Notes and Response Type.","Pass when the system behavior occurs under the cited trigger and context: Display Item Name, Description, Regulation Reference, Evidence Requirements, Guidance Notes and Response Type."
REQ-R0C-00630,CAP-R0C-0251,SRC-01,Inspection excution-Start jou!A139:M139,BUSINESS_RULE,Item details are configuration-driven.,Pass when this rule is enforced and a violating path is prevented or handled: Item details are configuration-driven.
REQ-R0C-00631,CAP-R0C-0251,SRC-01,Inspection excution-Start jou!A139:M139,ACCEPTANCE_CRITERION,Inspector has complete inspection context.,Pass when the source-stated acceptance condition is demonstrated: Inspector has complete inspection context.
REQ-R0C-00632,CAP-R0C-0252,SRC-01,Inspection excution-Start jou!A140:M140,SYSTEM_BEHAVIOR,Save selected response for the inspection item.,Pass when the system behavior occurs under the cited trigger and context: Save selected response for the inspection item.
REQ-R0C-00633,CAP-R0C-0252,SRC-01,Inspection excution-Start jou!A140:M140,BUSINESS_RULE,Only configured response values are allowed.,Pass when this rule is enforced and a violating path is prevented or handled: Only configured response values are allowed.
REQ-R0C-00634,CAP-R0C-0253,SRC-01,Inspection excution-Start jou!A141:M141,SYSTEM_BEHAVIOR,Validate response according to configured response type and business rules.,Pass when the system behavior occurs under the cited trigger and context: Validate response according to configured response type and business rules.
REQ-R0C-00635,CAP-R0C-0253,SRC-01,Inspection excution-Start jou!A141:M141,BUSINESS_RULE,Invalid responses cannot be saved.,Pass when this rule is enforced and a violating path is prevented or handled: Invalid responses cannot be saved.
REQ-R0C-00636,CAP-R0C-0254,SRC-01,Inspection excution-Start jou!A142:M142,SYSTEM_BEHAVIOR,Evaluate whether response is Compliant or Non-Compliant based on configured rules.,Pass when the system behavior occurs under the cited trigger and context: Evaluate whether response is Compliant or Non-Compliant based on configured rules.
REQ-R0C-00637,CAP-R0C-0255,SRC-01,Inspection excution-Start jou!A143:M143,SYSTEM_BEHAVIOR,Retrieve linked violation from Compliance Configuration.,Pass when the system behavior occurs under the cited trigger and context: Retrieve linked violation from Compliance Configuration.
REQ-R0C-00638,CAP-R0C-0255,SRC-01,Inspection excution-Start jou!A143:M143,BUSINESS_RULE,Inspector cannot modify generated violation.,Pass when this rule is enforced and a violating path is prevented or handled: Inspector cannot modify generated violation.
REQ-R0C-00639,CAP-R0C-0256,SRC-01,Inspection excution-Start jou!A144:M144,SYSTEM_BEHAVIOR,Display configured penalty linked to the generated violation.,Pass when the system behavior occurs under the cited trigger and context: Display configured penalty linked to the generated violation.
REQ-R0C-00640,CAP-R0C-0256,SRC-01,Inspection excution-Start jou!A144:M144,BUSINESS_RULE,Penalty is informational during inspection.,Pass when this rule is enforced and a violating path is prevented or handled: Penalty is informational during inspection.
REQ-R0C-00641,CAP-R0C-0257,SRC-01,Inspection excution-Start jou!A145:M145,SYSTEM_BEHAVIOR,Display configured corrective action associated with the generated violation.,Pass when the system behavior occurs under the cited trigger and context: Display configured corrective action associated with the generated violation.
REQ-R0C-00642,CAP-R0C-0257,SRC-01,Inspection excution-Start jou!A145:M145,BUSINESS_RULE,Corrective action is read-only.,Pass when this rule is enforced and a violating path is prevented or handled: Corrective action is read-only.
REQ-R0C-00643,CAP-R0C-0258,SRC-01,Inspection excution-Start jou!A146:M146,SYSTEM_BEHAVIOR,Save inspector comments linked to the inspection item.,Pass when the system behavior occurs under the cited trigger and context: Save inspector comments linked to the inspection item.
REQ-R0C-00644,CAP-R0C-0258,SRC-01,Inspection excution-Start jou!A146:M146,BUSINESS_RULE,Comments remain editable until submission.,Pass when this rule is enforced and a violating path is prevented or handled: Comments remain editable until submission.
REQ-R0C-00645,CAP-R0C-0259,SRC-01,Inspection excution-Start jou!A147:M147,USER_ACTION,"Upload Photo, Video, Document or Comment.","Pass when the actor can complete this action and the resulting state is visible: Upload Photo, Video, Document or Comment."
REQ-R0C-00646,CAP-R0C-0259,SRC-01,Inspection excution-Start jou!A147:M147,SYSTEM_BEHAVIOR,Link uploaded evidence to the inspection item.,Pass when the system behavior occurs under the cited trigger and context: Link uploaded evidence to the inspection item.
REQ-R0C-00647,CAP-R0C-0259,SRC-01,Inspection excution-Start jou!A147:M147,BUSINESS_RULE,Evidence remains attached to originating inspection item.,Pass when this rule is enforced and a violating path is prevented or handled: Evidence remains attached to originating inspection item.
REQ-R0C-00648,CAP-R0C-0260,SRC-01,Inspection excution-Start jou!A148:M148,SYSTEM_BEHAVIOR,Save annotation while preserving original media.,Pass when the system behavior occurs under the cited trigger and context: Save annotation while preserving original media.
REQ-R0C-00649,CAP-R0C-0260,SRC-01,Inspection excution-Start jou!A148:M148,BUSINESS_RULE,Original evidence remains unchanged.,Pass when this rule is enforced and a violating path is prevented or handled: Original evidence remains unchanged.
REQ-R0C-00650,CAP-R0C-0261,SRC-01,Inspection excution-Start jou!A149:M149,SYSTEM_BEHAVIOR,Calculate completed items versus remaining items.,Pass when the system behavior occurs under the cited trigger and context: Calculate completed items versus remaining items.
REQ-R0C-00651,CAP-R0C-0261,SRC-01,Inspection excution-Start jou!A149:M149,BUSINESS_RULE,Progress contributes to overall inspection completion.,Pass when this rule is enforced and a violating path is prevented or handled: Progress contributes to overall inspection completion.
REQ-R0C-00652,CAP-R0C-0262,SRC-01,Inspection excution-Start jou!A150:M150,SYSTEM_BEHAVIOR,"Display total answered items, pending items, compliant items, non-compliant items, violations and evidence count.","Pass when the system behavior occurs under the cited trigger and context: Display total answered items, pending items, compliant items, non-compliant items, violations and evidence count."
REQ-R0C-00653,CAP-R0C-0263,SRC-01,Inspection excution-Start jou!A151:M151,SYSTEM_BEHAVIOR,"Save responses, comments and evidence.","Pass when the system behavior occurs under the cited trigger and context: Save responses, comments and evidence."
REQ-R0C-00654,CAP-R0C-0263,SRC-01,Inspection excution-Start jou!A151:M151,BUSINESS_RULE,Draft remains editable before submission.,Pass when this rule is enforced and a violating path is prevented or handled: Draft remains editable before submission.
REQ-R0C-00655,CAP-R0C-0264,SRC-01,Inspection excution-Start jou!A152:M152,SYSTEM_BEHAVIOR,Render checklist in read-only mode after submission.,Pass when the system behavior occurs under the cited trigger and context: Render checklist in read-only mode after submission.
REQ-R0C-00656,CAP-R0C-0264,SRC-01,Inspection excution-Start jou!A152:M152,BUSINESS_RULE,Checklist becomes immutable after submission.,Pass when this rule is enforced and a violating path is prevented or handled: Checklist becomes immutable after submission.
REQ-R0C-00657,CAP-R0C-0265,SRC-01,Inspection excution-Start jou!A153:M153,SYSTEM_BEHAVIOR,"Record item opened, answer changed, violation generated, evidence uploaded, comments added, draft saved and completed events.","Pass when the system behavior occurs under the cited trigger and context: Record item opened, answer changed, violation generated, evidence uploaded, comments added, draft saved and completed events."
REQ-R0C-00658,CAP-R0C-0265,SRC-01,Inspection excution-Start jou!A153:M153,BUSINESS_RULE,Every checklist action shall be auditable.,Pass when this rule is enforced and a violating path is prevented or handled: Every checklist action shall be auditable.
REQ-R0C-00659,CAP-R0C-0266,SRC-01,Inspection excution-Start jou!A154:M154,SYSTEM_BEHAVIOR,"Handle validation failures, save failures, evidence upload failures and synchronization failures while preserving entered information.","Pass when the system behavior occurs under the cited trigger and context: Handle validation failures, save failures, evidence upload failures and synchronization failures while preserving entered information."
REQ-R0C-00660,CAP-R0C-0266,SRC-01,Inspection excution-Start jou!A154:M154,BUSINESS_RULE,No checklist data shall be lost because of recoverable failures.,Pass when this rule is enforced and a violating path is prevented or handled: No checklist data shall be lost because of recoverable failures.
REQ-R0C-00661,CAP-R0C-0267,SRC-01,Inspection excution-Start jou!A155:M155,USER_ACTION,"Upload Photo, Video or Document.","Pass when the actor can complete this action and the resulting state is visible: Upload Photo, Video or Document."
REQ-R0C-00662,CAP-R0C-0267,SRC-01,Inspection excution-Start jou!A155:M155,SYSTEM_BEHAVIOR,Upload and associate evidence with the active inspection session.,Pass when the system behavior occurs under the cited trigger and context: Upload and associate evidence with the active inspection session.
REQ-R0C-00663,CAP-R0C-0267,SRC-01,Inspection excution-Start jou!A155:M155,BUSINESS_RULE,Evidence can be uploaded from any execution step.,Pass when this rule is enforced and a violating path is prevented or handled: Evidence can be uploaded from any execution step.
REQ-R0C-00664,CAP-R0C-0268,SRC-01,Inspection excution-Start jou!A156:M156,USER_ACTION,"Select Camera, Gallery or File.","Pass when the actor can complete this action and the resulting state is visible: Select Camera, Gallery or File."
REQ-R0C-00665,CAP-R0C-0268,SRC-01,Inspection excution-Start jou!A156:M156,SYSTEM_BEHAVIOR,Display supported evidence sources.,Pass when the system behavior occurs under the cited trigger and context: Display supported evidence sources.
REQ-R0C-00666,CAP-R0C-0268,SRC-01,Inspection excution-Start jou!A156:M156,BUSINESS_RULE,Supported sources are configurable.,Pass when this rule is enforced and a violating path is prevented or handled: Supported sources are configurable.
REQ-R0C-00667,CAP-R0C-0269,SRC-01,Inspection excution-Start jou!A157:M157,SYSTEM_BEHAVIOR,Launch device camera and capture image.,Pass when the system behavior occurs under the cited trigger and context: Launch device camera and capture image.
REQ-R0C-00668,CAP-R0C-0270,SRC-01,Inspection excution-Start jou!A158:M158,SYSTEM_BEHAVIOR,Launch video recorder and capture video.,Pass when the system behavior occurs under the cited trigger and context: Launch video recorder and capture video.
REQ-R0C-00669,CAP-R0C-0270,SRC-01,Inspection excution-Start jou!A158:M158,BUSINESS_RULE,Maximum recording duration configurable.,Pass when this rule is enforced and a violating path is prevented or handled: Maximum recording duration configurable.
REQ-R0C-00670,CAP-R0C-0271,SRC-01,Inspection excution-Start jou!A159:M159,SYSTEM_BEHAVIOR,Upload supported document types.,Pass when the system behavior occurs under the cited trigger and context: Upload supported document types.
REQ-R0C-00671,CAP-R0C-0271,SRC-01,Inspection excution-Start jou!A159:M159,BUSINESS_RULE,Allowed extensions configured centrally.,Pass when this rule is enforced and a violating path is prevented or handled: Allowed extensions configured centrally.
REQ-R0C-00672,CAP-R0C-0272,SRC-01,Inspection excution-Start jou!A160:M160,SYSTEM_BEHAVIOR,Store comment with evidence record.,Pass when the system behavior occurs under the cited trigger and context: Store comment with evidence record.
REQ-R0C-00673,CAP-R0C-0273,SRC-01,Inspection excution-Start jou!A161:M161,SYSTEM_BEHAVIOR,Save annotation layer while preserving original image.,Pass when the system behavior occurs under the cited trigger and context: Save annotation layer while preserving original image.
REQ-R0C-00674,CAP-R0C-0273,SRC-01,Inspection excution-Start jou!A161:M161,BUSINESS_RULE,Original evidence shall never be modified.,Pass when this rule is enforced and a violating path is prevented or handled: Original evidence shall never be modified.
REQ-R0C-00675,CAP-R0C-0274,SRC-01,Inspection excution-Start jou!A162:M162,SYSTEM_BEHAVIOR,"Link evidence to Factory Information, Report Field, Inspection Item, Violation or Action Form.","Pass when the system behavior occurs under the cited trigger and context: Link evidence to Factory Information, Report Field, Inspection Item, Violation or Action Form."
REQ-R0C-00676,CAP-R0C-0274,SRC-01,Inspection excution-Start jou!A162:M162,BUSINESS_RULE,One evidence item may be linked to multiple entities if configured.,Pass when this rule is enforced and a violating path is prevented or handled: One evidence item may be linked to multiple entities if configured.
REQ-R0C-00677,CAP-R0C-0275,SRC-01,Inspection excution-Start jou!A163:M163,SYSTEM_BEHAVIOR,Display preview according to file type.,Pass when the system behavior occurs under the cited trigger and context: Display preview according to file type.
REQ-R0C-00678,CAP-R0C-0275,SRC-01,Inspection excution-Start jou!A163:M163,BUSINESS_RULE,Preview does not modify evidence.,Pass when this rule is enforced and a violating path is prevented or handled: Preview does not modify evidence.
REQ-R0C-00679,CAP-R0C-0276,SRC-01,Inspection excution-Start jou!A164:M164,SYSTEM_BEHAVIOR,Archive previous version and upload replacement.,Pass when the system behavior occurs under the cited trigger and context: Archive previous version and upload replacement.
REQ-R0C-00680,CAP-R0C-0276,SRC-01,Inspection excution-Start jou!A164:M164,BUSINESS_RULE,Replacement allowed only before submission.,Pass when this rule is enforced and a violating path is prevented or handled: Replacement allowed only before submission.
REQ-R0C-00681,CAP-R0C-0277,SRC-01,Inspection excution-Start jou!A165:M165,SYSTEM_BEHAVIOR,Remove evidence from inspection package while recording audit event.,Pass when the system behavior occurs under the cited trigger and context: Remove evidence from inspection package while recording audit event.
REQ-R0C-00682,CAP-R0C-0277,SRC-01,Inspection excution-Start jou!A165:M165,BUSINESS_RULE,Deletion allowed only before submission.,Pass when this rule is enforced and a violating path is prevented or handled: Deletion allowed only before submission.
REQ-R0C-00683,CAP-R0C-0278,SRC-01,Inspection excution-Start jou!A166:M166,SYSTEM_BEHAVIOR,"Validate mandatory evidence, file type, file size and supported formats.","Pass when the system behavior occurs under the cited trigger and context: Validate mandatory evidence, file type, file size and supported formats."
REQ-R0C-00684,CAP-R0C-0278,SRC-01,Inspection excution-Start jou!A166:M166,BUSINESS_RULE,Submission blocked if mandatory evidence is missing.,Pass when this rule is enforced and a violating path is prevented or handled: Submission blocked if mandatory evidence is missing.
REQ-R0C-00685,CAP-R0C-0279,SRC-01,Inspection excution-Start jou!A167:M167,SYSTEM_BEHAVIOR,Compress images and videos before synchronization without compromising required quality.,Pass when the system behavior occurs under the cited trigger and context: Compress images and videos before synchronization without compromising required quality.
REQ-R0C-00686,CAP-R0C-0279,SRC-01,Inspection excution-Start jou!A167:M167,BUSINESS_RULE,Original quality policy configurable.,Pass when this rule is enforced and a violating path is prevented or handled: Original quality policy configurable.
REQ-R0C-00687,CAP-R0C-0280,SRC-01,Inspection excution-Start jou!A168:M168,SYSTEM_BEHAVIOR,Store evidence securely on device until synchronization.,Pass when the system behavior occurs under the cited trigger and context: Store evidence securely on device until synchronization.
REQ-R0C-00688,CAP-R0C-0280,SRC-01,Inspection excution-Start jou!A168:M168,BUSINESS_RULE,Evidence remains available after application restart.,Pass when this rule is enforced and a violating path is prevented or handled: Evidence remains available after application restart.
REQ-R0C-00689,CAP-R0C-0281,SRC-01,Inspection excution-Start jou!A169:M169,SYSTEM_BEHAVIOR,Synchronize queued evidence while preserving relationships.,Pass when the system behavior occurs under the cited trigger and context: Synchronize queued evidence while preserving relationships.
REQ-R0C-00690,CAP-R0C-0281,SRC-01,Inspection excution-Start jou!A169:M169,BUSINESS_RULE,Synchronization order shall be maintained.,Pass when this rule is enforced and a violating path is prevented or handled: Synchronization order shall be maintained.
REQ-R0C-00691,CAP-R0C-0282,SRC-01,Inspection excution-Start jou!A170:M170,SYSTEM_BEHAVIOR,"Record upload, replace, delete, preview, annotation and synchronization events.","Pass when the system behavior occurs under the cited trigger and context: Record upload, replace, delete, preview, annotation and synchronization events."
REQ-R0C-00692,CAP-R0C-0282,SRC-01,Inspection excution-Start jou!A170:M170,BUSINESS_RULE,Every evidence action shall be auditable.,Pass when this rule is enforced and a violating path is prevented or handled: Every evidence action shall be auditable.
REQ-R0C-00693,CAP-R0C-0282,SRC-01,Inspection excution-Start jou!A170:M170,ACCEPTANCE_CRITERION,Complete evidence history available.,Pass when the source-stated acceptance condition is demonstrated: Complete evidence history available.
REQ-R0C-00694,CAP-R0C-0283,SRC-01,Inspection excution-Start jou!A171:M171,SYSTEM_BEHAVIOR,"Handle upload failures, synchronization failures, storage failures and unsupported formats without losing existing evidence.","Pass when the system behavior occurs under the cited trigger and context: Handle upload failures, synchronization failures, storage failures and unsupported formats without losing existing evidence."
REQ-R0C-00695,CAP-R0C-0283,SRC-01,Inspection excution-Start jou!A171:M171,BUSINESS_RULE,Evidence integrity maintained after failures.,Pass when this rule is enforced and a violating path is prevented or handled: Evidence integrity maintained after failures.
REQ-R0C-00696,CAP-R0C-0284,SRC-01,Inspection excution-Start jou!A172:M172,SYSTEM_BEHAVIOR,Evaluate configured trigger rules after each inspection response.,Pass when the system behavior occurs under the cited trigger and context: Evaluate configured trigger rules after each inspection response.
REQ-R0C-00697,CAP-R0C-0284,SRC-01,Inspection excution-Start jou!A172:M172,BUSINESS_RULE,Trigger evaluation occurs immediately after each answer.,Pass when this rule is enforced and a violating path is prevented or handled: Trigger evaluation occurs immediately after each answer.
REQ-R0C-00698,CAP-R0C-0285,SRC-01,Inspection excution-Start jou!A173:M173,SYSTEM_BEHAVIOR,Create Action Form from Dynamic Form Builder using configured template.,Pass when the system behavior occurs under the cited trigger and context: Create Action Form from Dynamic Form Builder using configured template.
REQ-R0C-00699,CAP-R0C-0285,SRC-01,Inspection excution-Start jou!A173:M173,BUSINESS_RULE,Generated forms belong only to the current inspection.,Pass when this rule is enforced and a violating path is prevented or handled: Generated forms belong only to the current inspection.
REQ-R0C-00700,CAP-R0C-0286,SRC-01,Inspection excution-Start jou!A174:M174,SYSTEM_BEHAVIOR,"Assign configured form type (Corrective Action, Notice, Acknowledgment, Shutdown, etc.).","Pass when the system behavior occurs under the cited trigger and context: Assign configured form type (Corrective Action, Notice, Acknowledgment, Shutdown, etc.)."
REQ-R0C-00701,CAP-R0C-0286,SRC-01,Inspection excution-Start jou!A174:M174,BUSINESS_RULE,Form type is configuration-driven.,Pass when this rule is enforced and a violating path is prevented or handled: Form type is configuration-driven.
REQ-R0C-00702,CAP-R0C-0287,SRC-01,Inspection excution-Start jou!A175:M175,SYSTEM_BEHAVIOR,Load dynamic fields and sections according to configuration.,Pass when the system behavior occurs under the cited trigger and context: Load dynamic fields and sections according to configuration.
REQ-R0C-00703,CAP-R0C-0287,SRC-01,Inspection excution-Start jou!A175:M175,BUSINESS_RULE,Forms are loaded from the locked package version.,Pass when this rule is enforced and a violating path is prevented or handled: Forms are loaded from the locked package version.
REQ-R0C-00704,CAP-R0C-0288,SRC-01,Inspection excution-Start jou!A176:M176,SYSTEM_BEHAVIOR,"Render text, number, lookup, date, attachment, signature and custom controls.","Pass when the system behavior occurs under the cited trigger and context: Render text, number, lookup, date, attachment, signature and custom controls."
REQ-R0C-00705,CAP-R0C-0288,SRC-01,Inspection excution-Start jou!A176:M176,BUSINESS_RULE,Field rendering follows Form Builder configuration.,Pass when this rule is enforced and a violating path is prevented or handled: Field rendering follows Form Builder configuration.
REQ-R0C-00706,CAP-R0C-0289,SRC-01,Inspection excution-Start jou!A177:M177,SYSTEM_BEHAVIOR,Evaluate conditional display rules defined in the Form Builder.,Pass when the system behavior occurs under the cited trigger and context: Evaluate conditional display rules defined in the Form Builder.
REQ-R0C-00707,CAP-R0C-0289,SRC-01,Inspection excution-Start jou!A177:M177,BUSINESS_RULE,Hidden fields are excluded from validation.,Pass when this rule is enforced and a violating path is prevented or handled: Hidden fields are excluded from validation.
REQ-R0C-00708,CAP-R0C-0290,SRC-01,Inspection excution-Start jou!A178:M178,USER_ACTION,Complete required fields.,Pass when the actor can complete this action and the resulting state is visible: Complete required fields.
REQ-R0C-00709,CAP-R0C-0290,SRC-01,Inspection excution-Start jou!A178:M178,SYSTEM_BEHAVIOR,Validate mandatory fields before allowing completion.,Pass when the system behavior occurs under the cited trigger and context: Validate mandatory fields before allowing completion.
REQ-R0C-00710,CAP-R0C-0290,SRC-01,Inspection excution-Start jou!A178:M178,BUSINESS_RULE,Mandatory rules are configuration-driven.,Pass when this rule is enforced and a violating path is prevented or handled: Mandatory rules are configuration-driven.
REQ-R0C-00711,CAP-R0C-0290,SRC-01,Inspection excution-Start jou!A178:M178,ACCEPTANCE_CRITERION,Missing required fields block completion.,Pass when the source-stated acceptance condition is demonstrated: Missing required fields block completion.
REQ-R0C-00712,CAP-R0C-0291,SRC-01,Inspection excution-Start jou!A179:M179,SYSTEM_BEHAVIOR,Save responses as part of the inspection session.,Pass when the system behavior occurs under the cited trigger and context: Save responses as part of the inspection session.
REQ-R0C-00713,CAP-R0C-0291,SRC-01,Inspection excution-Start jou!A179:M179,BUSINESS_RULE,Responses remain editable until submission.,Pass when this rule is enforced and a violating path is prevented or handled: Responses remain editable until submission.
REQ-R0C-00714,CAP-R0C-0292,SRC-01,Inspection excution-Start jou!A180:M180,SYSTEM_BEHAVIOR,Link uploaded evidence directly to the Action Form.,Pass when the system behavior occurs under the cited trigger and context: Link uploaded evidence directly to the Action Form.
REQ-R0C-00715,CAP-R0C-0292,SRC-01,Inspection excution-Start jou!A180:M180,BUSINESS_RULE,Evidence requirements depend on form configuration.,Pass when this rule is enforced and a violating path is prevented or handled: Evidence requirements depend on form configuration.
REQ-R0C-00716,CAP-R0C-0293,SRC-01,Inspection excution-Start jou!A181:M181,SYSTEM_BEHAVIOR,"Capture inspector signature and, when configured, factory representative signature. If refused, record refusal reason.","Pass when the system behavior occurs under the cited trigger and context: Capture inspector signature and, when configured, factory representative signature. If refused, record refusal reason."
REQ-R0C-00717,CAP-R0C-0293,SRC-01,Inspection excution-Start jou!A181:M181,BUSINESS_RULE,Signature requirement is configurable.,Pass when this rule is enforced and a violating path is prevented or handled: Signature requirement is configurable.
REQ-R0C-00718,CAP-R0C-0293,SRC-01,Inspection excution-Start jou!A181:M181,ACCEPTANCE_CRITERION,Required signatures captured successfully.,Pass when the source-stated acceptance condition is demonstrated: Required signatures captured successfully.
REQ-R0C-00719,CAP-R0C-0294,SRC-01,Inspection excution-Start jou!A182:M182,SYSTEM_BEHAVIOR,Save partially completed Action Form including responses and evidence.,Pass when the system behavior occurs under the cited trigger and context: Save partially completed Action Form including responses and evidence.
REQ-R0C-00720,CAP-R0C-0294,SRC-01,Inspection excution-Start jou!A182:M182,BUSINESS_RULE,Draft remains editable until submission.,Pass when this rule is enforced and a violating path is prevented or handled: Draft remains editable until submission.
REQ-R0C-00721,CAP-R0C-0295,SRC-01,Inspection excution-Start jou!A183:M183,SYSTEM_BEHAVIOR,Save Action Form automatically after configurable intervals and major changes.,Pass when the system behavior occurs under the cited trigger and context: Save Action Form automatically after configurable intervals and major changes.
REQ-R0C-00722,CAP-R0C-0295,SRC-01,Inspection excution-Start jou!A183:M183,BUSINESS_RULE,Auto Save runs silently.,Pass when this rule is enforced and a violating path is prevented or handled: Auto Save runs silently.
REQ-R0C-00723,CAP-R0C-0296,SRC-01,Inspection excution-Start jou!A184:M184,SYSTEM_BEHAVIOR,Validate all mandatory requirements and mark Action Form as completed.,Pass when the system behavior occurs under the cited trigger and context: Validate all mandatory requirements and mark Action Form as completed.
REQ-R0C-00724,CAP-R0C-0296,SRC-01,Inspection excution-Start jou!A184:M184,BUSINESS_RULE,Form cannot be marked complete with validation errors.,Pass when this rule is enforced and a violating path is prevented or handled: Form cannot be marked complete with validation errors.
REQ-R0C-00725,CAP-R0C-0297,SRC-01,Inspection excution-Start jou!A185:M185,SYSTEM_BEHAVIOR,Update inspection progress based on completed Action Forms.,Pass when the system behavior occurs under the cited trigger and context: Update inspection progress based on completed Action Forms.
REQ-R0C-00726,CAP-R0C-0298,SRC-01,Inspection excution-Start jou!A186:M186,SYSTEM_BEHAVIOR,"Display generated forms, completion status, evidence count and signature status.","Pass when the system behavior occurs under the cited trigger and context: Display generated forms, completion status, evidence count and signature status."
REQ-R0C-00727,CAP-R0C-0298,SRC-01,Inspection excution-Start jou!A186:M186,BUSINESS_RULE,Summary is read-only before submission.,Pass when this rule is enforced and a violating path is prevented or handled: Summary is read-only before submission.
REQ-R0C-00728,CAP-R0C-0299,SRC-01,Inspection excution-Start jou!A187:M187,SYSTEM_BEHAVIOR,Render all Action Forms in read-only mode.,Pass when the system behavior occurs under the cited trigger and context: Render all Action Forms in read-only mode.
REQ-R0C-00729,CAP-R0C-0299,SRC-01,Inspection excution-Start jou!A187:M187,BUSINESS_RULE,Forms become immutable after submission.,Pass when this rule is enforced and a violating path is prevented or handled: Forms become immutable after submission.
REQ-R0C-00730,CAP-R0C-0300,SRC-01,Inspection excution-Start jou!A188:M188,SYSTEM_BEHAVIOR,"Record generation, editing, evidence upload, signatures, completion, draft save, resume and submission events.","Pass when the system behavior occurs under the cited trigger and context: Record generation, editing, evidence upload, signatures, completion, draft save, resume and submission events."
REQ-R0C-00731,CAP-R0C-0300,SRC-01,Inspection excution-Start jou!A188:M188,BUSINESS_RULE,Every Action Form event is auditable.,Pass when this rule is enforced and a violating path is prevented or handled: Every Action Form event is auditable.
REQ-R0C-00732,CAP-R0C-0301,SRC-01,Inspection excution-Start jou!A189:M189,SYSTEM_BEHAVIOR,"Handle generation failures, rendering failures, validation failures, signature failures and save failures while preserving entered data.","Pass when the system behavior occurs under the cited trigger and context: Handle generation failures, rendering failures, validation failures, signature failures and save failures while preserving entered data."
REQ-R0C-00733,CAP-R0C-0301,SRC-01,Inspection excution-Start jou!A189:M189,BUSINESS_RULE,No completed Action Form data shall be lost due to recoverable failures.,Pass when this rule is enforced and a violating path is prevented or handled: No completed Action Form data shall be lost due to recoverable failures.
REQ-R0C-00734,CAP-R0C-0302,SRC-01,Inspection excution-Start jou!A190:M190,SYSTEM_BEHAVIOR,Load review dashboard containing all execution sections.,Pass when the system behavior occurs under the cited trigger and context: Load review dashboard containing all execution sections.
REQ-R0C-00735,CAP-R0C-0302,SRC-01,Inspection excution-Start jou!A190:M190,BUSINESS_RULE,Review is always the last wizard step.,Pass when this rule is enforced and a violating path is prevented or handled: Review is always the last wizard step.
REQ-R0C-00736,CAP-R0C-0303,SRC-01,Inspection excution-Start jou!A191:M191,SYSTEM_BEHAVIOR,"Display Source Value, Observed Value, Verification Status, Before/After values and attached evidence for every modified field.","Pass when the system behavior occurs under the cited trigger and context: Display Source Value, Observed Value, Verification Status, Before/After values and attached evidence for every modified field."
REQ-R0C-00737,CAP-R0C-0303,SRC-01,Inspection excution-Start jou!A191:M191,BUSINESS_RULE,Only modified fields are highlighted.,Pass when this rule is enforced and a violating path is prevented or handled: Only modified fields are highlighted.
REQ-R0C-00738,CAP-R0C-0304,SRC-01,Inspection excution-Start jou!A192:M192,SYSTEM_BEHAVIOR,"Display report sections, completed fields, attachments and comments.","Pass when the system behavior occurs under the cited trigger and context: Display report sections, completed fields, attachments and comments."
REQ-R0C-00739,CAP-R0C-0304,SRC-01,Inspection excution-Start jou!A192:M192,BUSINESS_RULE,Report is read-only during review.,Pass when this rule is enforced and a violating path is prevented or handled: Report is read-only during review.
REQ-R0C-00740,CAP-R0C-0305,SRC-01,Inspection excution-Start jou!A193:M193,SYSTEM_BEHAVIOR,"Display answered items, pending items, compliant items, non-compliant items and inspector comments.","Pass when the system behavior occurs under the cited trigger and context: Display answered items, pending items, compliant items, non-compliant items and inspector comments."
REQ-R0C-00741,CAP-R0C-0305,SRC-01,Inspection excution-Start jou!A193:M193,BUSINESS_RULE,Checklist reflects the latest saved responses.,Pass when this rule is enforced and a violating path is prevented or handled: Checklist reflects the latest saved responses.
REQ-R0C-00742,CAP-R0C-0306,SRC-01,Inspection excution-Start jou!A194:M194,SYSTEM_BEHAVIOR,"Display violation classification, regulation, severity, corrective action and current status.","Pass when the system behavior occurs under the cited trigger and context: Display violation classification, regulation, severity, corrective action and current status."
REQ-R0C-00743,CAP-R0C-0306,SRC-01,Inspection excution-Start jou!A194:M194,BUSINESS_RULE,Violations are read-only and generated automatically.,Pass when this rule is enforced and a violating path is prevented or handled: Violations are read-only and generated automatically.
REQ-R0C-00744,CAP-R0C-0307,SRC-01,Inspection excution-Start jou!A195:M195,SYSTEM_BEHAVIOR,Display configured penalties associated with each generated violation.,Pass when the system behavior occurs under the cited trigger and context: Display configured penalties associated with each generated violation.
REQ-R0C-00745,CAP-R0C-0307,SRC-01,Inspection excution-Start jou!A195:M195,BUSINESS_RULE,Penalties cannot be modified by the inspector.,Pass when this rule is enforced and a violating path is prevented or handled: Penalties cannot be modified by the inspector.
REQ-R0C-00746,CAP-R0C-0308,SRC-01,Inspection excution-Start jou!A196:M196,SYSTEM_BEHAVIOR,"Display completion status, signatures, evidence count and validation status for every generated form.","Pass when the system behavior occurs under the cited trigger and context: Display completion status, signatures, evidence count and validation status for every generated form."
REQ-R0C-00747,CAP-R0C-0308,SRC-01,Inspection excution-Start jou!A196:M196,BUSINESS_RULE,Incomplete mandatory forms are highlighted.,Pass when this rule is enforced and a violating path is prevented or handled: Incomplete mandatory forms are highlighted.
REQ-R0C-00748,CAP-R0C-0309,SRC-01,Inspection excution-Start jou!A197:M197,SYSTEM_BEHAVIOR,"Display all evidence grouped by Factory Verification, Report, Checklist and Action Forms.","Pass when the system behavior occurs under the cited trigger and context: Display all evidence grouped by Factory Verification, Report, Checklist and Action Forms."
REQ-R0C-00749,CAP-R0C-0309,SRC-01,Inspection excution-Start jou!A197:M197,BUSINESS_RULE,Deleted evidence shall not appear.,Pass when this rule is enforced and a violating path is prevented or handled: Deleted evidence shall not appear.
REQ-R0C-00750,CAP-R0C-0310,SRC-01,Inspection excution-Start jou!A198:M198,SYSTEM_BEHAVIOR,"Display Inspector Signature, Factory Representative Signature or Refusal Reason where applicable.","Pass when the system behavior occurs under the cited trigger and context: Display Inspector Signature, Factory Representative Signature or Refusal Reason where applicable."
REQ-R0C-00751,CAP-R0C-0310,SRC-01,Inspection excution-Start jou!A198:M198,BUSINESS_RULE,Signature requirements depend on Action Form configuration.,Pass when this rule is enforced and a violating path is prevented or handled: Signature requirements depend on Action Form configuration.
REQ-R0C-00752,CAP-R0C-0311,SRC-01,Inspection excution-Start jou!A199:M199,SYSTEM_BEHAVIOR,"Count updated Factory Information, Report responses, Checklist responses, Evidence uploads and Action Forms.","Pass when the system behavior occurs under the cited trigger and context: Count updated Factory Information, Report responses, Checklist responses, Evidence uploads and Action Forms."
REQ-R0C-00753,CAP-R0C-0311,SRC-01,Inspection excution-Start jou!A199:M199,BUSINESS_RULE,Counter updates automatically until submission.,Pass when this rule is enforced and a violating path is prevented or handled: Counter updates automatically until submission.
REQ-R0C-00754,CAP-R0C-0312,SRC-01,Inspection excution-Start jou!A200:M200,SYSTEM_BEHAVIOR,"Validate mandatory fields, mandatory checklist items, mandatory Action Forms, signatures and evidence.","Pass when the system behavior occurs under the cited trigger and context: Validate mandatory fields, mandatory checklist items, mandatory Action Forms, signatures and evidence."
REQ-R0C-00755,CAP-R0C-0312,SRC-01,Inspection excution-Start jou!A200:M200,BUSINESS_RULE,Submission blocked if any mandatory requirement is missing.,Pass when this rule is enforced and a violating path is prevented or handled: Submission blocked if any mandatory requirement is missing.
REQ-R0C-00756,CAP-R0C-0313,SRC-01,Inspection excution-Start jou!A201:M201,SYSTEM_BEHAVIOR,Display grouped validation results by wizard step with issue description and severity.,Pass when the system behavior occurs under the cited trigger and context: Display grouped validation results by wizard step with issue description and severity.
REQ-R0C-00757,CAP-R0C-0313,SRC-01,Inspection excution-Start jou!A201:M201,BUSINESS_RULE,All validation failures are displayed together.,Pass when this rule is enforced and a violating path is prevented or handled: All validation failures are displayed together.
REQ-R0C-00758,CAP-R0C-0314,SRC-01,Inspection excution-Start jou!A202:M202,USER_ACTION,Click Validation Issue.,Pass when the actor can complete this action and the resulting state is visible: Click Validation Issue.
REQ-R0C-00759,CAP-R0C-0314,SRC-01,Inspection excution-Start jou!A202:M202,SYSTEM_BEHAVIOR,Navigate to the corresponding wizard step and highlight the missing field or section.,Pass when the system behavior occurs under the cited trigger and context: Navigate to the corresponding wizard step and highlight the missing field or section.
REQ-R0C-00760,CAP-R0C-0314,SRC-01,Inspection excution-Start jou!A202:M202,BUSINESS_RULE,Navigation always opens the correct location.,Pass when this rule is enforced and a violating path is prevented or handled: Navigation always opens the correct location.
REQ-R0C-00761,CAP-R0C-0315,SRC-01,Inspection excution-Start jou!A203:M203,USER_ACTION,Expand or Collapse Sections.,Pass when the actor can complete this action and the resulting state is visible: Expand or Collapse Sections.
REQ-R0C-00762,CAP-R0C-0315,SRC-01,Inspection excution-Start jou!A203:M203,SYSTEM_BEHAVIOR,Allow review sections to be expanded or collapsed independently.,Pass when the system behavior occurs under the cited trigger and context: Allow review sections to be expanded or collapsed independently.
REQ-R0C-00763,CAP-R0C-0315,SRC-01,Inspection excution-Start jou!A203:M203,BUSINESS_RULE,Expansion state does not affect data.,Pass when this rule is enforced and a violating path is prevented or handled: Expansion state does not affect data.
REQ-R0C-00764,CAP-R0C-0316,SRC-01,Inspection excution-Start jou!A204:M204,SYSTEM_BEHAVIOR,Save review position together with the inspection draft.,Pass when the system behavior occurs under the cited trigger and context: Save review position together with the inspection draft.
REQ-R0C-00765,CAP-R0C-0316,SRC-01,Inspection excution-Start jou!A204:M204,BUSINESS_RULE,Draft remains editable until submission.,Pass when this rule is enforced and a violating path is prevented or handled: Draft remains editable until submission.
REQ-R0C-00766,CAP-R0C-0317,SRC-01,Inspection excution-Start jou!A205:M205,SYSTEM_BEHAVIOR,Evaluate overall inspection readiness based on validation results. Enable Submit only when all blocking validations pass.,Pass when the system behavior occurs under the cited trigger and context: Evaluate overall inspection readiness based on validation results. Enable Submit only when all blocking validations pass.
REQ-R0C-00767,CAP-R0C-0317,SRC-01,Inspection excution-Start jou!A205:M205,BUSINESS_RULE,Submit button remains disabled while blocking issues exist.,Pass when this rule is enforced and a violating path is prevented or handled: Submit button remains disabled while blocking issues exist.
REQ-R0C-00768,CAP-R0C-0317,SRC-01,Inspection excution-Start jou!A205:M205,ACCEPTANCE_CRITERION,Submit button enabled only when inspection is ready.,Pass when the source-stated acceptance condition is demonstrated: Submit button enabled only when inspection is ready.
REQ-R0C-00769,CAP-R0C-0318,SRC-01,Inspection excution-Start jou!A206:M206,SYSTEM_BEHAVIOR,"Record review opened, validation executed, navigation events, draft saved and submission readiness evaluation.","Pass when the system behavior occurs under the cited trigger and context: Record review opened, validation executed, navigation events, draft saved and submission readiness evaluation."
REQ-R0C-00770,CAP-R0C-0318,SRC-01,Inspection excution-Start jou!A206:M206,BUSINESS_RULE,Every review activity shall be auditable.,Pass when this rule is enforced and a violating path is prevented or handled: Every review activity shall be auditable.
REQ-R0C-00771,CAP-R0C-0319,SRC-01,Inspection excution-Start jou!A207:M207,SYSTEM_BEHAVIOR,"Handle validation failures, summary generation failures and navigation failures while preserving inspection data.","Pass when the system behavior occurs under the cited trigger and context: Handle validation failures, summary generation failures and navigation failures while preserving inspection data."
REQ-R0C-00772,CAP-R0C-0319,SRC-01,Inspection excution-Start jou!A207:M207,BUSINESS_RULE,Review errors shall never modify or remove inspection data.,Pass when this rule is enforced and a violating path is prevented or handled: Review errors shall never modify or remove inspection data.
REQ-R0C-00773,CAP-R0C-0320,SRC-01,Inspection excution-Start jou!A208:M208,USER_ACTION,Click Submit Inspection.,Pass when the actor can complete this action and the resulting state is visible: Click Submit Inspection.
REQ-R0C-00774,CAP-R0C-0320,SRC-01,Inspection excution-Start jou!A208:M208,SYSTEM_BEHAVIOR,Start final submission process.,Pass when the system behavior occurs under the cited trigger and context: Start final submission process.
REQ-R0C-00775,CAP-R0C-0320,SRC-01,Inspection excution-Start jou!A208:M208,BUSINESS_RULE,Submit is only available after Review validation passes.,Pass when this rule is enforced and a violating path is prevented or handled: Submit is only available after Review validation passes.
REQ-R0C-00776,CAP-R0C-0321,SRC-01,Inspection excution-Start jou!A209:M209,SYSTEM_BEHAVIOR,"Revalidate mandatory fields, mandatory checklist items, Action Forms, evidence, signatures and business rules before committing submission.","Pass when the system behavior occurs under the cited trigger and context: Revalidate mandatory fields, mandatory checklist items, Action Forms, evidence, signatures and business rules before committing submission."
REQ-R0C-00777,CAP-R0C-0321,SRC-01,Inspection excution-Start jou!A209:M209,BUSINESS_RULE,Final validation always executes even if previous validation passed.,Pass when this rule is enforced and a violating path is prevented or handled: Final validation always executes even if previous validation passed.
REQ-R0C-00778,CAP-R0C-0322,SRC-01,Inspection excution-Start jou!A210:M210,SYSTEM_BEHAVIOR,Generate a unique Inspection Number according to configured numbering rules.,Pass when the system behavior occurs under the cited trigger and context: Generate a unique Inspection Number according to configured numbering rules.
REQ-R0C-00779,CAP-R0C-0322,SRC-01,Inspection excution-Start jou!A210:M210,BUSINESS_RULE,Inspection Number is immutable after generation.,Pass when this rule is enforced and a violating path is prevented or handled: Inspection Number is immutable after generation.
REQ-R0C-00780,CAP-R0C-0323,SRC-01,Inspection excution-Start jou!A211:M211,SYSTEM_BEHAVIOR,"Freeze all responses, checklist answers, report data, factory observations, Action Forms and evidence.","Pass when the system behavior occurs under the cited trigger and context: Freeze all responses, checklist answers, report data, factory observations, Action Forms and evidence."
REQ-R0C-00781,CAP-R0C-0323,SRC-01,Inspection excution-Start jou!A211:M211,BUSINESS_RULE,No further editing is permitted after submission.,Pass when this rule is enforced and a violating path is prevented or handled: No further editing is permitted after submission.
REQ-R0C-00782,CAP-R0C-0324,SRC-01,Inspection excution-Start jou!A212:M212,SYSTEM_BEHAVIOR,Lock the inspection package version used during execution for future audit and review.,Pass when the system behavior occurs under the cited trigger and context: Lock the inspection package version used during execution for future audit and review.
REQ-R0C-00783,CAP-R0C-0324,SRC-01,Inspection excution-Start jou!A212:M212,BUSINESS_RULE,Package version shall remain available throughout the inspection lifecycle.,Pass when this rule is enforced and a violating path is prevented or handled: Package version shall remain available throughout the inspection lifecycle.
REQ-R0C-00784,CAP-R0C-0325,SRC-01,Inspection excution-Start jou!A213:M213,SYSTEM_BEHAVIOR,"Lock uploaded evidence, annotations and comments against further modification.","Pass when the system behavior occurs under the cited trigger and context: Lock uploaded evidence, annotations and comments against further modification."
REQ-R0C-00785,CAP-R0C-0325,SRC-01,Inspection excution-Start jou!A213:M213,BUSINESS_RULE,Evidence becomes read-only after submission.,Pass when this rule is enforced and a violating path is prevented or handled: Evidence becomes read-only after submission.
REQ-R0C-00786,CAP-R0C-0326,SRC-01,Inspection excution-Start jou!A214:M214,SYSTEM_BEHAVIOR,Mark all completed Action Forms as closed and prevent further editing.,Pass when the system behavior occurs under the cited trigger and context: Mark all completed Action Forms as closed and prevent further editing.
REQ-R0C-00787,CAP-R0C-0326,SRC-01,Inspection excution-Start jou!A214:M214,BUSINESS_RULE,All mandatory Action Forms must be completed before submission.,Pass when this rule is enforced and a violating path is prevented or handled: All mandatory Action Forms must be completed before submission.
REQ-R0C-00788,CAP-R0C-0327,SRC-01,Inspection excution-Start jou!A215:M215,SYSTEM_BEHAVIOR,"Create a read-only snapshot including package version, responses, observations, evidence, violations and Action Forms.","Pass when the system behavior occurs under the cited trigger and context: Create a read-only snapshot including package version, responses, observations, evidence, violations and Action Forms."
REQ-R0C-00789,CAP-R0C-0327,SRC-01,Inspection excution-Start jou!A215:M215,BUSINESS_RULE,Snapshot becomes the official inspection record.,Pass when this rule is enforced and a violating path is prevented or handled: Snapshot becomes the official inspection record.
REQ-R0C-00790,CAP-R0C-0328,SRC-01,Inspection excution-Start jou!A216:M216,SYSTEM_BEHAVIOR,"Generate PDF containing factory information, inspection report, checklist, violations, penalties, Action Forms, evidence references and inspector information.","Pass when the system behavior occurs under the cited trigger and context: Generate PDF containing factory information, inspection report, checklist, violations, penalties, Action Forms, evidence references and inspector information."
REQ-R0C-00791,CAP-R0C-0328,SRC-01,Inspection excution-Start jou!A216:M216,BUSINESS_RULE,PDF is generated after successful submission and becomes the official inspection report for reviewers.,Pass when this rule is enforced and a violating path is prevented or handled: PDF is generated after successful submission and becomes the official inspection report for reviewers.
REQ-R0C-00792,CAP-R0C-0329,SRC-01,Inspection excution-Start jou!A217:M217,SYSTEM_BEHAVIOR,Update Workflow Status from In Progress to Pending Review.,Pass when the system behavior occurs under the cited trigger and context: Update Workflow Status from In Progress to Pending Review.
REQ-R0C-00793,CAP-R0C-0329,SRC-01,Inspection excution-Start jou!A217:M217,BUSINESS_RULE,Workflow transition is automatic.,Pass when this rule is enforced and a violating path is prevented or handled: Workflow transition is automatic.
REQ-R0C-00794,CAP-R0C-0330,SRC-01,Inspection excution-Start jou!A218:M218,SYSTEM_BEHAVIOR,Update Operational State from Executing to Submitted.,Pass when the system behavior occurs under the cited trigger and context: Update Operational State from Executing to Submitted.
REQ-R0C-00795,CAP-R0C-0330,SRC-01,Inspection excution-Start jou!A218:M218,BUSINESS_RULE,Operational State reflects execution completion.,Pass when this rule is enforced and a violating path is prevented or handled: Operational State reflects execution completion.
REQ-R0C-00796,CAP-R0C-0331,SRC-01,Inspection excution-Start jou!A219:M219,SYSTEM_BEHAVIOR,Create reviewer work item according to workflow configuration and assignment rules.,Pass when the system behavior occurs under the cited trigger and context: Create reviewer work item according to workflow configuration and assignment rules.
REQ-R0C-00797,CAP-R0C-0331,SRC-01,Inspection excution-Start jou!A219:M219,BUSINESS_RULE,Assignment follows workflow configuration.,Pass when this rule is enforced and a violating path is prevented or handled: Assignment follows workflow configuration.
REQ-R0C-00798,CAP-R0C-0332,SRC-01,Inspection excution-Start jou!A220:M220,SYSTEM_BEHAVIOR,Send system notification to assigned reviewer.,Pass when the system behavior occurs under the cited trigger and context: Send system notification to assigned reviewer.
REQ-R0C-00799,CAP-R0C-0332,SRC-01,Inspection excution-Start jou!A220:M220,BUSINESS_RULE,Notification templates are configurable.,Pass when this rule is enforced and a violating path is prevented or handled: Notification templates are configurable.
REQ-R0C-00800,CAP-R0C-0333,SRC-01,Inspection excution-Start jou!A221:M221,SYSTEM_BEHAVIOR,Display confirmation message and record submission completion.,Pass when the system behavior occurs under the cited trigger and context: Display confirmation message and record submission completion.
REQ-R0C-00801,CAP-R0C-0333,SRC-01,Inspection excution-Start jou!A221:M221,BUSINESS_RULE,Confirmation displayed immediately after successful submission.,Pass when this rule is enforced and a violating path is prevented or handled: Confirmation displayed immediately after successful submission.
REQ-R0C-00802,CAP-R0C-0334,SRC-01,Inspection excution-Start jou!A222:M222,SYSTEM_BEHAVIOR,Disable editing across all execution screens while allowing viewing of submitted information.,Pass when the system behavior occurs under the cited trigger and context: Disable editing across all execution screens while allowing viewing of submitted information.
REQ-R0C-00803,CAP-R0C-0334,SRC-01,Inspection excution-Start jou!A222:M222,BUSINESS_RULE,Inspector can no longer modify submitted inspection.,Pass when this rule is enforced and a violating path is prevented or handled: Inspector can no longer modify submitted inspection.
REQ-R0C-00804,CAP-R0C-0335,SRC-01,Inspection excution-Start jou!A223:M223,SYSTEM_BEHAVIOR,"Record submission request, validation results, inspection number generation, package lock, PDF generation, workflow transition, reviewer assignment and notifications.","Pass when the system behavior occurs under the cited trigger and context: Record submission request, validation results, inspection number generation, package lock, PDF generation, workflow transition, reviewer assignment and notifications."
REQ-R0C-00805,CAP-R0C-0335,SRC-01,Inspection excution-Start jou!A223:M223,BUSINESS_RULE,Every submission activity shall be permanently auditable.,Pass when this rule is enforced and a violating path is prevented or handled: Every submission activity shall be permanently auditable.
REQ-R0C-00806,CAP-R0C-0335,SRC-01,Inspection excution-Start jou!A223:M223,ACCEPTANCE_CRITERION,Complete submission audit history available.,Pass when the source-stated acceptance condition is demonstrated: Complete submission audit history available.
REQ-R0C-00807,CAP-R0C-0336,SRC-01,Inspection excution-Start jou!A224:M224,SYSTEM_BEHAVIOR,"Handle workflow failures, PDF failures, notification failures, repository failures and assignment failures while ensuring the inspection is either completely submitted or completely rolled back.","Pass when the system behavior occurs under the cited trigger and context: Handle workflow failures, PDF failures, notification failures, repository failures and assignment failures while ensuring the inspection is either completely submitted or completely rolled back."
REQ-R0C-00808,CAP-R0C-0336,SRC-01,Inspection excution-Start jou!A224:M224,BUSINESS_RULE,Partial submission shall never occur. Data integrity shall always be maintained.,Pass when this rule is enforced and a violating path is prevented or handled: Partial submission shall never occur. Data integrity shall always be maintained.
REQ-R0C-00809,CAP-R0C-0337,SRC-01,Inspection Excution - Virtual !A2:M2,SYSTEM_BEHAVIOR,"Load confirmed virtual visit details including execution date, execution time, inspector, factory and report information.","Pass when the system behavior occurs under the cited trigger and context: Load confirmed virtual visit details including execution date, execution time, inspector, factory and report information."
REQ-R0C-00810,CAP-R0C-0337,SRC-01,Inspection Excution - Virtual !A2:M2,BUSINESS_RULE,Only confirmed virtual visits are displayed.,Pass when this rule is enforced and a violating path is prevented or handled: Only confirmed virtual visits are displayed.
REQ-R0C-00811,CAP-R0C-0338,SRC-01,Inspection Excution - Virtual !A3:M3,USER_ACTION,Click Start Session,Pass when the actor can complete this action and the resulting state is visible: Click Start Session
REQ-R0C-00812,CAP-R0C-0338,SRC-01,Inspection Excution - Virtual !A3:M3,SYSTEM_BEHAVIOR,"Validate visit status, execution window, inspector assignment and factory confirmation. Create Virtual Session.","Pass when the system behavior occurs under the cited trigger and context: Validate visit status, execution window, inspector assignment and factory confirmation. Create Virtual Session."
REQ-R0C-00813,CAP-R0C-0338,SRC-01,Inspection Excution - Virtual !A3:M3,BUSINESS_RULE,Session may only start during the planned execution window.,Pass when this rule is enforced and a violating path is prevented or handled: Session may only start during the planned execution window.
REQ-R0C-00814,CAP-R0C-0339,SRC-01,Inspection Excution - Virtual !A4:M4,SYSTEM_BEHAVIOR,Create Virtual Session Timeline and capture session start timestamp.,Pass when the system behavior occurs under the cited trigger and context: Create Virtual Session Timeline and capture session start timestamp.
REQ-R0C-00815,CAP-R0C-0339,SRC-01,Inspection Excution - Virtual !A4:M4,BUSINESS_RULE,Timeline starts before meeting connection.,Pass when this rule is enforced and a violating path is prevented or handled: Timeline starts before meeting connection.
REQ-R0C-00816,CAP-R0C-0340,SRC-01,Inspection Excution - Virtual !A5:M5,SYSTEM_BEHAVIOR,Update Operational State to Session Started while Workflow Status remains unchanged.,Pass when the system behavior occurs under the cited trigger and context: Update Operational State to Session Started while Workflow Status remains unchanged.
REQ-R0C-00817,CAP-R0C-0340,SRC-01,Inspection Excution - Virtual !A5:M5,BUSINESS_RULE,Workflow Status changes only after inspection starts.,Pass when this rule is enforced and a violating path is prevented or handled: Workflow Status changes only after inspection starts.
REQ-R0C-00818,CAP-R0C-0341,SRC-01,Inspection Excution - Virtual !A6:M6,SYSTEM_BEHAVIOR,Display cancellation form.,Pass when the system behavior occurs under the cited trigger and context: Display cancellation form.
REQ-R0C-00819,CAP-R0C-0341,SRC-01,Inspection Excution - Virtual !A6:M6,BUSINESS_RULE,Cancellation only allowed before inspection starts.,Pass when this rule is enforced and a violating path is prevented or handled: Cancellation only allowed before inspection starts.
REQ-R0C-00820,CAP-R0C-0342,SRC-01,Inspection Excution - Virtual !A7:M7,SYSTEM_BEHAVIOR,Save cancellation reason and comments.,Pass when the system behavior occurs under the cited trigger and context: Save cancellation reason and comments.
REQ-R0C-00821,CAP-R0C-0343,SRC-01,Inspection Excution - Virtual !A8:M8,SYSTEM_BEHAVIOR,"Record session creation, cancellation and operational state updates.","Pass when the system behavior occurs under the cited trigger and context: Record session creation, cancellation and operational state updates."
REQ-R0C-00822,CAP-R0C-0343,SRC-01,Inspection Excution - Virtual !A8:M8,BUSINESS_RULE,Every event shall be auditable.,Pass when this rule is enforced and a violating path is prevented or handled: Every event shall be auditable.
REQ-R0C-00823,CAP-R0C-0344,SRC-01,Inspection Excution - Virtual !A9:M9,USER_ACTION,Click Join Session,Pass when the actor can complete this action and the resulting state is visible: Click Join Session
REQ-R0C-00824,CAP-R0C-0344,SRC-01,Inspection Excution - Virtual !A9:M9,SYSTEM_BEHAVIOR,Open configured meeting provider and connect inspector.,Pass when the system behavior occurs under the cited trigger and context: Open configured meeting provider and connect inspector.
REQ-R0C-00825,CAP-R0C-0344,SRC-01,Inspection Excution - Virtual !A9:M9,BUSINESS_RULE,Meeting provider is transparent to business users.,Pass when this rule is enforced and a violating path is prevented or handled: Meeting provider is transparent to business users.
REQ-R0C-00826,CAP-R0C-0345,SRC-01,Inspection Excution - Virtual !A10:M10,BUSINESS_RULE,Inspection cannot start until factory joins.,Pass when this rule is enforced and a violating path is prevented or handled: Inspection cannot start until factory joins.
REQ-R0C-00827,CAP-R0C-0346,SRC-01,Inspection Excution - Virtual !A11:M11,SYSTEM_BEHAVIOR,Capture Inspector Join Time and Factory Representative Join Time.,Pass when the system behavior occurs under the cited trigger and context: Capture Inspector Join Time and Factory Representative Join Time.
REQ-R0C-00828,CAP-R0C-0346,SRC-01,Inspection Excution - Virtual !A11:M11,BUSINESS_RULE,Join times are auditable.,Pass when this rule is enforced and a violating path is prevented or handled: Join times are auditable.
REQ-R0C-00829,CAP-R0C-0347,SRC-01,Inspection Excution - Virtual !A12:M12,SYSTEM_BEHAVIOR,"Track Connected, Disconnected, Reconnected and Session End events.","Pass when the system behavior occurs under the cited trigger and context: Track Connected, Disconnected, Reconnected and Session End events."
REQ-R0C-00830,CAP-R0C-0347,SRC-01,Inspection Excution - Virtual !A12:M12,BUSINESS_RULE,Every meeting event recorded.,Pass when this rule is enforced and a violating path is prevented or handled: Every meeting event recorded.
REQ-R0C-00831,CAP-R0C-0348,SRC-01,Inspection Excution - Virtual !A13:M13,SYSTEM_BEHAVIOR,"Record Join, Leave, Disconnect and Reconnect events.","Pass when the system behavior occurs under the cited trigger and context: Record Join, Leave, Disconnect and Reconnect events."
REQ-R0C-00832,CAP-R0C-0348,SRC-01,Inspection Excution - Virtual !A13:M13,BUSINESS_RULE,Session history always available.,Pass when this rule is enforced and a violating path is prevented or handled: Session history always available.
REQ-R0C-00833,CAP-R0C-0348,SRC-01,Inspection Excution - Virtual !A13:M13,ACCEPTANCE_CRITERION,Complete meeting audit generated.,Pass when the source-stated acceptance condition is demonstrated: Complete meeting audit generated.
REQ-R0C-00834,CAP-R0C-0349,SRC-01,Inspection Excution - Virtual !A14:M14,USER_ACTION,Click Verify Identity,Pass when the actor can complete this action and the resulting state is visible: Click Verify Identity
REQ-R0C-00835,CAP-R0C-0349,SRC-01,Inspection Excution - Virtual !A14:M14,SYSTEM_BEHAVIOR,Display available verification method.,Pass when the system behavior occurs under the cited trigger and context: Display available verification method.
REQ-R0C-00836,CAP-R0C-0349,SRC-01,Inspection Excution - Virtual !A14:M14,BUSINESS_RULE,Inspection cannot proceed before verification.,Pass when this rule is enforced and a violating path is prevented or handled: Inspection cannot proceed before verification.
REQ-R0C-00837,CAP-R0C-0350,SRC-01,Inspection Excution - Virtual !A15:M15,USER_ACTION,Click Send OTP,Pass when the actor can complete this action and the resulting state is visible: Click Send OTP
REQ-R0C-00838,CAP-R0C-0350,SRC-01,Inspection Excution - Virtual !A15:M15,SYSTEM_BEHAVIOR,Generate OTP and send it to the registered representative.,Pass when the system behavior occurs under the cited trigger and context: Generate OTP and send it to the registered representative.
REQ-R0C-00839,CAP-R0C-0351,SRC-01,Inspection Excution - Virtual !A16:M16,BUSINESS_RULE,Only verified representatives may proceed.,Pass when this rule is enforced and a violating path is prevented or handled: Only verified representatives may proceed.
REQ-R0C-00840,CAP-R0C-0352,SRC-01,Inspection Excution - Virtual !A17:M17,SYSTEM_BEHAVIOR,Allow configurable retry attempts. Block inspection after maximum attempts.,Pass when the system behavior occurs under the cited trigger and context: Allow configurable retry attempts. Block inspection after maximum attempts.
REQ-R0C-00841,CAP-R0C-0352,SRC-01,Inspection Excution - Virtual !A17:M17,BUSINESS_RULE,Inspection cannot start while verification fails.,Pass when this rule is enforced and a violating path is prevented or handled: Inspection cannot start while verification fails.
REQ-R0C-00842,CAP-R0C-0353,SRC-01,Inspection Excution - Virtual !A18:M18,SYSTEM_BEHAVIOR,"Capture verification time, verification method and representative details.","Pass when the system behavior occurs under the cited trigger and context: Capture verification time, verification method and representative details."
REQ-R0C-00843,CAP-R0C-0353,SRC-01,Inspection Excution - Virtual !A18:M18,BUSINESS_RULE,Verification becomes part of inspection audit.,Pass when this rule is enforced and a violating path is prevented or handled: Verification becomes part of inspection audit.
REQ-R0C-00844,CAP-R0C-0354,SRC-01,Inspection Excution - Virtual !A19:M19,SYSTEM_BEHAVIOR,Update Operational State from Session Started to Identity Verified.,Pass when the system behavior occurs under the cited trigger and context: Update Operational State from Session Started to Identity Verified.
REQ-R0C-00845,CAP-R0C-0355,SRC-01,Inspection Excution - Virtual !A20:M20,USER_ACTION,Click Start Inspection,Pass when the actor can complete this action and the resulting state is visible: Click Start Inspection
REQ-R0C-00846,CAP-R0C-0355,SRC-01,Inspection Excution - Virtual !A20:M20,SYSTEM_BEHAVIOR,"Update Workflow Status to In Progress, initialize Execution Workspace, create Inspection Session and start SLA timer.","Pass when the system behavior occurs under the cited trigger and context: Update Workflow Status to In Progress, initialize Execution Workspace, create Inspection Session and start SLA timer."
REQ-R0C-00847,CAP-R0C-0355,SRC-01,Inspection Excution - Virtual !A20:M20,BUSINESS_RULE,Inspection cannot start before successful identity verification.,Pass when this rule is enforced and a violating path is prevented or handled: Inspection cannot start before successful identity verification.
REQ-R0C-00848,CAP-R0C-0356,SRC-01,Inspection Excution - Virtual !A21:M21,SYSTEM_BEHAVIOR,Redirect inspector to the shared execution engine used by all inspection modes.,Pass when the system behavior occurs under the cited trigger and context: Redirect inspector to the shared execution engine used by all inspection modes.
REQ-R0C-00849,CAP-R0C-0356,SRC-01,Inspection Excution - Virtual !A21:M21,BUSINESS_RULE,No virtual-specific logic exists after this point.,Pass when this rule is enforced and a violating path is prevented or handled: No virtual-specific logic exists after this point.
REQ-R0C-00850,CAP-R0C-0357,SRC-01,Inspection Excution-Level2Flow!A2:M2,USER_ACTION,"Select Approve, Return, or Reject.","Pass when the actor can complete this action and the resulting state is visible: Select Approve, Return, or Reject."
REQ-R0C-00851,CAP-R0C-0357,SRC-01,Inspection Excution-Level2Flow!A2:M2,SYSTEM_BEHAVIOR,Display available actions based on reviewer permission and inspection status.,Pass when the system behavior occurs under the cited trigger and context: Display available actions based on reviewer permission and inspection status.
REQ-R0C-00852,CAP-R0C-0357,SRC-01,Inspection Excution-Level2Flow!A2:M2,BUSINESS_RULE,"Only Level 2 reviewer can approve, return, or reject. Reviewer cannot edit inspection content.","Pass when this rule is enforced and a violating path is prevented or handled: Only Level 2 reviewer can approve, return, or reject. Reviewer cannot edit inspection content."
REQ-R0C-00853,CAP-R0C-0357,SRC-01,Inspection Excution-Level2Flow!A2:M2,DATA_REQUIREMENT,"Inspection ID, Reviewer ID","Pass when the cited data field or contract element is present and valid: Inspection ID, Reviewer ID"
REQ-R0C-00854,CAP-R0C-0358,SRC-01,Inspection Excution-Level2Flow!A3:M3,USER_ACTION,"Click Approve, review confirmation summary, confirm approval or cancel.","Pass when the actor can complete this action and the resulting state is visible: Click Approve, review confirmation summary, confirm approval or cancel."
REQ-R0C-00855,CAP-R0C-0358,SRC-01,Inspection Excution-Level2Flow!A3:M3,SYSTEM_BEHAVIOR,"Display inspection summary, violations, critical violations, action forms, evidence count, factory updates, version number, and compliance preview.","Pass when the system behavior occurs under the cited trigger and context: Display inspection summary, violations, critical violations, action forms, evidence count, factory updates, version number, and compliance preview."
REQ-R0C-00856,CAP-R0C-0358,SRC-01,Inspection Excution-Level2Flow!A3:M3,BUSINESS_RULE,Approval is irreversible. Reviewer must confirm before approval is committed.,Pass when this rule is enforced and a violating path is prevented or handled: Approval is irreversible. Reviewer must confirm before approval is committed.
REQ-R0C-00857,CAP-R0C-0358,SRC-01,Inspection Excution-Level2Flow!A3:M3,DATA_REQUIREMENT,"Inspection Summary, Generated Violations, Action Forms","Pass when the cited data field or contract element is present and valid: Inspection Summary, Generated Violations, Action Forms"
REQ-R0C-00858,CAP-R0C-0359,SRC-01,Inspection Excution-Level2Flow!A4:M4,SYSTEM_BEHAVIOR,"Display expected penalties, official documents, corrective actions, and notifications that may be generated after approval.","Pass when the system behavior occurs under the cited trigger and context: Display expected penalties, official documents, corrective actions, and notifications that may be generated after approval."
REQ-R0C-00859,CAP-R0C-0359,SRC-01,Inspection Excution-Level2Flow!A4:M4,BUSINESS_RULE,Preview is read-only. Reviewer cannot modify penalties from this screen.,Pass when this rule is enforced and a violating path is prevented or handled: Preview is read-only. Reviewer cannot modify penalties from this screen.
REQ-R0C-00860,CAP-R0C-0359,SRC-01,Inspection Excution-Level2Flow!A4:M4,DATA_REQUIREMENT,"Generated Violations, Penalty Configuration","Pass when the cited data field or contract element is present and valid: Generated Violations, Penalty Configuration"
REQ-R0C-00861,CAP-R0C-0360,SRC-01,Inspection Excution-Level2Flow!A5:M5,USER_ACTION,Click Confirm Approve.,Pass when the actor can complete this action and the resulting state is visible: Click Confirm Approve.
REQ-R0C-00862,CAP-R0C-0360,SRC-01,Inspection Excution-Level2Flow!A5:M5,SYSTEM_BEHAVIOR,"Permanently lock latest inspection version, update status to Approved, create approval timeline event, notify inspector, trigger Compliance Management.","Pass when the system behavior occurs under the cited trigger and context: Permanently lock latest inspection version, update status to Approved, create approval timeline event, notify inspector, trigger Compliance Management."
REQ-R0C-00863,CAP-R0C-0360,SRC-01,Inspection Excution-Level2Flow!A5:M5,BUSINESS_RULE,Approved inspection is permanently read-only. Compliance Engine starts only after approval.,Pass when this rule is enforced and a violating path is prevented or handled: Approved inspection is permanently read-only. Compliance Engine starts only after approval.
REQ-R0C-00864,CAP-R0C-0361,SRC-01,Inspection Excution-Level2Flow!A6:M6,USER_ACTION,"Select returned sections, enter mandatory reason, optional comments, confirm return or cancel.","Pass when the actor can complete this action and the resulting state is visible: Select returned sections, enter mandatory reason, optional comments, confirm return or cancel."
REQ-R0C-00865,CAP-R0C-0361,SRC-01,Inspection Excution-Level2Flow!A6:M6,SYSTEM_BEHAVIOR,"Display selected returned sections, reason field, comments field, and return impact summary.","Pass when the system behavior occurs under the cited trigger and context: Display selected returned sections, reason field, comments field, and return impact summary."
REQ-R0C-00866,CAP-R0C-0361,SRC-01,Inspection Excution-Level2Flow!A6:M6,BUSINESS_RULE,Return reason is mandatory. Reviewer may identify one or more sections requiring correction.,Pass when this rule is enforced and a violating path is prevented or handled: Return reason is mandatory. Reviewer may identify one or more sections requiring correction.
REQ-R0C-00867,CAP-R0C-0361,SRC-01,Inspection Excution-Level2Flow!A6:M6,ACCEPTANCE_CRITERION,Return cannot be submitted without reason.,Pass when the source-stated acceptance condition is demonstrated: Return cannot be submitted without reason.
REQ-R0C-00868,CAP-R0C-0361,SRC-01,Inspection Excution-Level2Flow!A6:M6,DATA_REQUIREMENT,"Return Sections, Reason, Comments","Pass when the cited data field or contract element is present and valid: Return Sections, Reason, Comments"
REQ-R0C-00869,CAP-R0C-0362,SRC-01,Inspection Excution-Level2Flow!A7:M7,SYSTEM_BEHAVIOR,"Update status to Returned, unlock returned inspection for assigned inspector, preserve submitted version, notify inspector, create timeline and audit events.","Pass when the system behavior occurs under the cited trigger and context: Update status to Returned, unlock returned inspection for assigned inspector, preserve submitted version, notify inspector, create timeline and audit events."
REQ-R0C-00870,CAP-R0C-0362,SRC-01,Inspection Excution-Level2Flow!A7:M7,BUSINESS_RULE,Returned inspection becomes editable for inspector. Previous submitted version remains locked for audit.,Pass when this rule is enforced and a violating path is prevented or handled: Returned inspection becomes editable for inspector. Previous submitted version remains locked for audit.
REQ-R0C-00871,CAP-R0C-0362,SRC-01,Inspection Excution-Level2Flow!A7:M7,ACCEPTANCE_CRITERION,Inspection is returned and inspector can update it.,Pass when the source-stated acceptance condition is demonstrated: Inspection is returned and inspector can update it.
REQ-R0C-00872,CAP-R0C-0363,SRC-01,Inspection Excution-Level2Flow!A8:M8,USER_ACTION,"Enter mandatory rejection reason, optional comments, confirm reject or cancel.","Pass when the actor can complete this action and the resulting state is visible: Enter mandatory rejection reason, optional comments, confirm reject or cancel."
REQ-R0C-00873,CAP-R0C-0363,SRC-01,Inspection Excution-Level2Flow!A8:M8,SYSTEM_BEHAVIOR,"Display rejection impact: status becomes Rejected, no Compliance Management, inspection read-only forever, inspector notified.","Pass when the system behavior occurs under the cited trigger and context: Display rejection impact: status becomes Rejected, no Compliance Management, inspection read-only forever, inspector notified."
REQ-R0C-00874,CAP-R0C-0363,SRC-01,Inspection Excution-Level2Flow!A8:M8,BUSINESS_RULE,Rejection reason is mandatory. Reject is final.,Pass when this rule is enforced and a violating path is prevented or handled: Rejection reason is mandatory. Reject is final.
REQ-R0C-00875,CAP-R0C-0363,SRC-01,Inspection Excution-Level2Flow!A8:M8,ACCEPTANCE_CRITERION,Reject cannot proceed without reason.,Pass when the source-stated acceptance condition is demonstrated: Reject cannot proceed without reason.
REQ-R0C-00876,CAP-R0C-0364,SRC-01,Inspection Excution-Level2Flow!A9:M9,SYSTEM_BEHAVIOR,"Update status to Rejected, permanently lock inspection, stop workflow, prevent Compliance Management trigger, notify inspector, create timeline and audit events.","Pass when the system behavior occurs under the cited trigger and context: Update status to Rejected, permanently lock inspection, stop workflow, prevent Compliance Management trigger, notify inspector, create timeline and audit events."
REQ-R0C-00877,CAP-R0C-0364,SRC-01,Inspection Excution-Level2Flow!A9:M9,BUSINESS_RULE,"Rejected inspections cannot be reopened. If another inspection is required, a new visit must be created.","Pass when this rule is enforced and a violating path is prevented or handled: Rejected inspections cannot be reopened. If another inspection is required, a new visit must be created."
REQ-R0C-00878,CAP-R0C-0365,SRC-01,Inspection Excution-Level2Flow!A10:M10,SYSTEM_BEHAVIOR,"Log reviewer ID, decision, reason, comments, previous status, new status, timestamp, version, and affected sections.","Pass when the system behavior occurs under the cited trigger and context: Log reviewer ID, decision, reason, comments, previous status, new status, timestamp, version, and affected sections."
REQ-R0C-00879,CAP-R0C-0365,SRC-01,Inspection Excution-Level2Flow!A10:M10,BUSINESS_RULE,Every decision must be immutable and auditable.,Pass when this rule is enforced and a violating path is prevented or handled: Every decision must be immutable and auditable.
REQ-R0C-00880,CAP-R0C-0365,SRC-01,Inspection Excution-Level2Flow!A10:M10,ACCEPTANCE_CRITERION,Complete audit record exists for each decision.,Pass when the source-stated acceptance condition is demonstrated: Complete audit record exists for each decision.
REQ-R0C-00881,CAP-R0C-0366,SRC-01,Inspection Excution-Level2Flow!A11:M11,SYSTEM_BEHAVIOR,"Add timeline event for Approved, Returned, or Rejected decision.","Pass when the system behavior occurs under the cited trigger and context: Add timeline event for Approved, Returned, or Rejected decision."
REQ-R0C-00882,CAP-R0C-0367,SRC-01,Inspection Excution-Level2Flow!A12:M12,USER_ACTION,Inspector edits returned inspection and resubmits.,Pass when the actor can complete this action and the resulting state is visible: Inspector edits returned inspection and resubmits.
REQ-R0C-00883,CAP-R0C-0367,SRC-01,Inspection Excution-Level2Flow!A12:M12,SYSTEM_BEHAVIOR,Preserve previous submitted version and create a new version on resubmission.,Pass when the system behavior occurs under the cited trigger and context: Preserve previous submitted version and create a new version on resubmission.
REQ-R0C-00884,CAP-R0C-0367,SRC-01,Inspection Excution-Level2Flow!A12:M12,BUSINESS_RULE,No submitted version is overwritten. Latest submitted version is used for review.,Pass when this rule is enforced and a violating path is prevented or handled: No submitted version is overwritten. Latest submitted version is used for review.
REQ-R0C-00885,CAP-R0C-0367,SRC-01,Inspection Excution-Level2Flow!A12:M12,ACCEPTANCE_CRITERION,Reviewer can compare previous and latest versions.,Pass when the source-stated acceptance condition is demonstrated: Reviewer can compare previous and latest versions.
REQ-R0C-00886,CAP-R0C-0368,SRC-01,Inspection Excution-Level2Flow!A13:M13,SYSTEM_BEHAVIOR,"Disable editing for report, checklist, evidence, factory observations, and action forms.","Pass when the system behavior occurs under the cited trigger and context: Disable editing for report, checklist, evidence, factory observations, and action forms."
REQ-R0C-00887,CAP-R0C-0368,SRC-01,Inspection Excution-Level2Flow!A13:M13,BUSINESS_RULE,Reviewer cannot modify inspection content. Correction must be done by Return.,Pass when this rule is enforced and a violating path is prevented or handled: Reviewer cannot modify inspection content. Correction must be done by Return.
REQ-R0C-00888,CAP-R0C-0369,SRC-01,Inspection Excution-Level2Flow!A14:M14,USER_ACTION,Open Pending Review Queue,Pass when the actor can complete this action and the resulting state is visible: Open Pending Review Queue
REQ-R0C-00889,CAP-R0C-0369,SRC-01,Inspection Excution-Level2Flow!A14:M14,SYSTEM_BEHAVIOR,"Load inspections assigned to the reviewer. Display priority, SLA, risk, inspection type, execution mode and submission date.","Pass when the system behavior occurs under the cited trigger and context: Load inspections assigned to the reviewer. Display priority, SLA, risk, inspection type, execution mode and submission date."
REQ-R0C-00890,CAP-R0C-0369,SRC-01,Inspection Excution-Level2Flow!A14:M14,BUSINESS_RULE,Reviewer shall only view assigned inspections unless granted supervisor permissions.,Pass when this rule is enforced and a violating path is prevented or handled: Reviewer shall only view assigned inspections unless granted supervisor permissions.
REQ-R0C-00891,CAP-R0C-0370,SRC-01,Inspection Excution-Level2Flow!A15:M15,USER_ACTION,Search and Filter,Pass when the actor can complete this action and the resulting state is visible: Search and Filter
REQ-R0C-00892,CAP-R0C-0370,SRC-01,Inspection Excution-Level2Flow!A15:M15,SYSTEM_BEHAVIOR,"Filter by Inspection Number, Factory, Region, Risk, Date, Inspector, Visit Type, Status and SLA.","Pass when the system behavior occurs under the cited trigger and context: Filter by Inspection Number, Factory, Region, Risk, Date, Inspector, Visit Type, Status and SLA."
REQ-R0C-00893,CAP-R0C-0370,SRC-01,Inspection Excution-Level2Flow!A15:M15,BUSINESS_RULE,Multiple filters may be combined.,Pass when this rule is enforced and a violating path is prevented or handled: Multiple filters may be combined.
REQ-R0C-00894,CAP-R0C-0371,SRC-01,Inspection Excution-Level2Flow!A16:M16,SYSTEM_BEHAVIOR,"Load latest submitted inspection version including report, checklist, evidence, factory verification, action forms, timeline and audit history.","Pass when the system behavior occurs under the cited trigger and context: Load latest submitted inspection version including report, checklist, evidence, factory verification, action forms, timeline and audit history."
REQ-R0C-00895,CAP-R0C-0371,SRC-01,Inspection Excution-Level2Flow!A16:M16,BUSINESS_RULE,Latest submitted version shall always be opened.,Pass when this rule is enforced and a violating path is prevented or handled: Latest submitted version shall always be opened.
REQ-R0C-00896,CAP-R0C-0372,SRC-01,Inspection Excution-Level2Flow!A17:M17,SYSTEM_BEHAVIOR,"Display inspection number, factory, inspector, execution mode, visit type, submission date, total violations, critical violations, evidence count and generated action forms.","Pass when the system behavior occurs under the cited trigger and context: Display inspection number, factory, inspector, execution mode, visit type, submission date, total violations, critical violations, evidence count and generated action forms."
REQ-R0C-00897,CAP-R0C-0373,SRC-01,Inspection Excution-Level2Flow!A18:M18,SYSTEM_BEHAVIOR,"Display Source Value, Observed Value, Before/After comparison and attached evidence.","Pass when the system behavior occurs under the cited trigger and context: Display Source Value, Observed Value, Before/After comparison and attached evidence."
REQ-R0C-00898,CAP-R0C-0373,SRC-01,Inspection Excution-Level2Flow!A18:M18,BUSINESS_RULE,Reviewer cannot edit factory information.,Pass when this rule is enforced and a violating path is prevented or handled: Reviewer cannot edit factory information.
REQ-R0C-00899,CAP-R0C-0374,SRC-01,Inspection Excution-Level2Flow!A19:M19,SYSTEM_BEHAVIOR,"Display report responses, attachments and comments.","Pass when the system behavior occurs under the cited trigger and context: Display report responses, attachments and comments."
REQ-R0C-00900,CAP-R0C-0375,SRC-01,Inspection Excution-Level2Flow!A20:M20,SYSTEM_BEHAVIOR,"Display inspection items, responses, violations and evidence.","Pass when the system behavior occurs under the cited trigger and context: Display inspection items, responses, violations and evidence."
REQ-R0C-00901,CAP-R0C-0375,SRC-01,Inspection Excution-Level2Flow!A20:M20,BUSINESS_RULE,Reviewer cannot modify responses.,Pass when this rule is enforced and a violating path is prevented or handled: Reviewer cannot modify responses.
REQ-R0C-00902,CAP-R0C-0376,SRC-01,Inspection Excution-Level2Flow!A21:M21,SYSTEM_BEHAVIOR,"Display photos, videos, documents and annotations linked to each inspection item.","Pass when the system behavior occurs under the cited trigger and context: Display photos, videos, documents and annotations linked to each inspection item."
REQ-R0C-00903,CAP-R0C-0377,SRC-01,Inspection Excution-Level2Flow!A22:M22,USER_ACTION,Open Action Forms,Pass when the actor can complete this action and the resulting state is visible: Open Action Forms
REQ-R0C-00904,CAP-R0C-0377,SRC-01,Inspection Excution-Level2Flow!A22:M22,SYSTEM_BEHAVIOR,"Display completed action forms, signatures and attachments.","Pass when the system behavior occurs under the cited trigger and context: Display completed action forms, signatures and attachments."
REQ-R0C-00905,CAP-R0C-0377,SRC-01,Inspection Excution-Level2Flow!A22:M22,BUSINESS_RULE,Reviewer cannot modify forms.,Pass when this rule is enforced and a violating path is prevented or handled: Reviewer cannot modify forms.
REQ-R0C-00906,CAP-R0C-0378,SRC-01,Inspection Excution-Level2Flow!A23:M23,SYSTEM_BEHAVIOR,Display chronological events from planning until submission.,Pass when the system behavior occurs under the cited trigger and context: Display chronological events from planning until submission.
REQ-R0C-00907,CAP-R0C-0379,SRC-01,Inspection Excution-Level2Flow!A24:M24,SYSTEM_BEHAVIOR,Display previous submissions and highlight differences between versions.,Pass when the system behavior occurs under the cited trigger and context: Display previous submissions and highlight differences between versions.
REQ-R0C-00908,CAP-R0C-0379,SRC-01,Inspection Excution-Level2Flow!A24:M24,BUSINESS_RULE,All submitted versions remain available.,Pass when this rule is enforced and a violating path is prevented or handled: All submitted versions remain available.
REQ-R0C-00909,CAP-R0C-0380,SRC-01,Inspection Excution-Level2Flow!A25:M25,SYSTEM_BEHAVIOR,"Require return reason, allow section selection, create return event, unlock inspection, notify inspector and update workflow.","Pass when the system behavior occurs under the cited trigger and context: Require return reason, allow section selection, create return event, unlock inspection, notify inspector and update workflow."
REQ-R0C-00910,CAP-R0C-0380,SRC-01,Inspection Excution-Level2Flow!A25:M25,BUSINESS_RULE,Return reason is mandatory.,Pass when this rule is enforced and a violating path is prevented or handled: Return reason is mandatory.
REQ-R0C-00911,CAP-R0C-0381,SRC-01,Inspection Excution-Level2Flow!A26:M26,SYSTEM_BEHAVIOR,"Validate inspection, permanently lock latest version, update status to Approved, trigger Compliance Management, notify inspector and update timeline.","Pass when the system behavior occurs under the cited trigger and context: Validate inspection, permanently lock latest version, update status to Approved, trigger Compliance Management, notify inspector and update timeline."
REQ-R0C-00912,CAP-R0C-0381,SRC-01,Inspection Excution-Level2Flow!A26:M26,BUSINESS_RULE,Approved inspections become permanently read-only.,Pass when this rule is enforced and a violating path is prevented or handled: Approved inspections become permanently read-only.
REQ-R0C-00913,CAP-R0C-0382,SRC-01,Inspection Excution-Level2Flow!A27:M27,SYSTEM_BEHAVIOR,"Require rejection reason, update workflow to Rejected, close inspection, notify inspector and update timeline.","Pass when the system behavior occurs under the cited trigger and context: Require rejection reason, update workflow to Rejected, close inspection, notify inspector and update timeline."
REQ-R0C-00914,CAP-R0C-0382,SRC-01,Inspection Excution-Level2Flow!A27:M27,BUSINESS_RULE,Compliance Management shall not be triggered.,Pass when this rule is enforced and a violating path is prevented or handled: Compliance Management shall not be triggered.
REQ-R0C-00915,CAP-R0C-0383,SRC-01,Inspection Excution-Level2Flow!A28:M28,SYSTEM_BEHAVIOR,"Record review opened, comments, approval, return, rejection, version viewed and timeline viewed.","Pass when the system behavior occurs under the cited trigger and context: Record review opened, comments, approval, return, rejection, version viewed and timeline viewed."
REQ-R0C-00916,CAP-R0C-0383,SRC-01,Inspection Excution-Level2Flow!A28:M28,BUSINESS_RULE,Every reviewer action shall be auditable.,Pass when this rule is enforced and a violating path is prevented or handled: Every reviewer action shall be auditable.
REQ-R0C-00917,CAP-R0C-0384,SRC-01,Inspection Excution-Level2Flow!A29:M29,SYSTEM_BEHAVIOR,"Handle workflow failures, repository failures and validation failures while preserving review integrity.","Pass when the system behavior occurs under the cited trigger and context: Handle workflow failures, repository failures and validation failures while preserving review integrity."
REQ-R0C-00918,CAP-R0C-0384,SRC-01,Inspection Excution-Level2Flow!A29:M29,BUSINESS_RULE,Partial review processing shall never occur.,Pass when this rule is enforced and a violating path is prevented or handled: Partial review processing shall never occur.
REQ-R0C-00919,CAP-R0C-0385,SRC-01,Inspection Excution-Level2Flow!A30:M30,USER_ACTION,"Open queue, view assigned inspections.","Pass when the actor can complete this action and the resulting state is visible: Open queue, view assigned inspections."
REQ-R0C-00920,CAP-R0C-0385,SRC-01,Inspection Excution-Level2Flow!A30:M30,SYSTEM_BEHAVIOR,Load inspections with status Pending Review assigned to the reviewer.,Pass when the system behavior occurs under the cited trigger and context: Load inspections with status Pending Review assigned to the reviewer.
REQ-R0C-00921,CAP-R0C-0385,SRC-01,Inspection Excution-Level2Flow!A30:M30,BUSINESS_RULE,Reviewer sees only assigned inspections unless supervisor permission exists.,Pass when this rule is enforced and a violating path is prevented or handled: Reviewer sees only assigned inspections unless supervisor permission exists.
REQ-R0C-00922,CAP-R0C-0386,SRC-01,Inspection Excution-Level2Flow!A31:M31,USER_ACTION,"Search/filter by inspection number, factory, inspector, risk, date, status, region.","Pass when the actor can complete this action and the resulting state is visible: Search/filter by inspection number, factory, inspector, risk, date, status, region."
REQ-R0C-00923,CAP-R0C-0386,SRC-01,Inspection Excution-Level2Flow!A31:M31,SYSTEM_BEHAVIOR,Apply filters and return matching inspections.,Pass when the system behavior occurs under the cited trigger and context: Apply filters and return matching inspections.
REQ-R0C-00924,CAP-R0C-0386,SRC-01,Inspection Excution-Level2Flow!A31:M31,BUSINESS_RULE,Multiple filters can be combined.,Pass when this rule is enforced and a violating path is prevented or handled: Multiple filters can be combined.
REQ-R0C-00925,CAP-R0C-0386,SRC-01,Inspection Excution-Level2Flow!A31:M31,ACCEPTANCE_CRITERION,Filters return accurate results.,Pass when the source-stated acceptance condition is demonstrated: Filters return accurate results.
REQ-R0C-00926,CAP-R0C-0387,SRC-01,Inspection Excution-Level2Flow!A32:M32,USER_ACTION,View SLA/risk badges.,Pass when the actor can complete this action and the resulting state is visible: View SLA/risk badges.
REQ-R0C-00927,CAP-R0C-0387,SRC-01,Inspection Excution-Level2Flow!A32:M32,SYSTEM_BEHAVIOR,"Display SLA status, overdue flag, risk level, critical violations count.","Pass when the system behavior occurs under the cited trigger and context: Display SLA status, overdue flag, risk level, critical violations count."
REQ-R0C-00928,CAP-R0C-0387,SRC-01,Inspection Excution-Level2Flow!A32:M32,BUSINESS_RULE,SLA indicator is calculated from submission time.,Pass when this rule is enforced and a violating path is prevented or handled: SLA indicator is calculated from submission time.
REQ-R0C-00929,CAP-R0C-0387,SRC-01,Inspection Excution-Level2Flow!A32:M32,ACCEPTANCE_CRITERION,SLA and risk badges display correctly.,Pass when the source-stated acceptance condition is demonstrated: SLA and risk badges display correctly.
REQ-R0C-00930,CAP-R0C-0388,SRC-01,Inspection Excution-Level2Flow!A33:M33,USER_ACTION,Click inspection record.,Pass when the actor can complete this action and the resulting state is visible: Click inspection record.
REQ-R0C-00931,CAP-R0C-0388,SRC-01,Inspection Excution-Level2Flow!A33:M33,SYSTEM_BEHAVIOR,Load latest submitted version in read-only mode.,Pass when the system behavior occurs under the cited trigger and context: Load latest submitted version in read-only mode.
REQ-R0C-00932,CAP-R0C-0388,SRC-01,Inspection Excution-Level2Flow!A33:M33,BUSINESS_RULE,Latest submitted version is opened by default.,Pass when this rule is enforced and a violating path is prevented or handled: Latest submitted version is opened by default.
REQ-R0C-00933,CAP-R0C-0389,SRC-01,Inspection Excution-Level2Flow!A34:M34,SYSTEM_BEHAVIOR,"Load report, checklist, evidence, factory observations, action forms, violations, timeline, audit, versions.","Pass when the system behavior occurs under the cited trigger and context: Load report, checklist, evidence, factory observations, action forms, violations, timeline, audit, versions."
REQ-R0C-00934,CAP-R0C-0389,SRC-01,Inspection Excution-Level2Flow!A34:M34,BUSINESS_RULE,Reviewer cannot edit submitted content.,Pass when this rule is enforced and a violating path is prevented or handled: Reviewer cannot edit submitted content.
REQ-R0C-00935,CAP-R0C-0389,SRC-01,Inspection Excution-Level2Flow!A34:M34,ACCEPTANCE_CRITERION,Workspace loads complete package.,Pass when the source-stated acceptance condition is demonstrated: Workspace loads complete package.
REQ-R0C-00936,CAP-R0C-0390,SRC-01,Inspection Excution-Level2Flow!A35:M35,USER_ACTION,View source/observed values and evidence.,Pass when the actor can complete this action and the resulting state is visible: View source/observed values and evidence.
REQ-R0C-00937,CAP-R0C-0390,SRC-01,Inspection Excution-Level2Flow!A35:M35,SYSTEM_BEHAVIOR,"Display Source Value, Observed Value, Verified/Updated status, Before/After, evidence.","Pass when the system behavior occurs under the cited trigger and context: Display Source Value, Observed Value, Verified/Updated status, Before/After, evidence."
REQ-R0C-00938,CAP-R0C-0390,SRC-01,Inspection Excution-Level2Flow!A35:M35,BUSINESS_RULE,Factory master data is not updated in Phase 1.,Pass when this rule is enforced and a violating path is prevented or handled: Factory master data is not updated in Phase 1.
REQ-R0C-00939,CAP-R0C-0391,SRC-01,Inspection Excution-Level2Flow!A36:M36,USER_ACTION,View report fields and attachments.,Pass when the actor can complete this action and the resulting state is visible: View report fields and attachments.
REQ-R0C-00940,CAP-R0C-0391,SRC-01,Inspection Excution-Level2Flow!A36:M36,SYSTEM_BEHAVIOR,Render report in read-only mode from submitted version.,Pass when the system behavior occurs under the cited trigger and context: Render report in read-only mode from submitted version.
REQ-R0C-00941,CAP-R0C-0391,SRC-01,Inspection Excution-Level2Flow!A36:M36,BUSINESS_RULE,Report cannot be modified by reviewer.,Pass when this rule is enforced and a violating path is prevented or handled: Report cannot be modified by reviewer.
REQ-R0C-00942,CAP-R0C-0392,SRC-01,Inspection Excution-Level2Flow!A37:M37,USER_ACTION,"View answers, comments, violations, evidence.","Pass when the actor can complete this action and the resulting state is visible: View answers, comments, violations, evidence."
REQ-R0C-00943,CAP-R0C-0392,SRC-01,Inspection Excution-Level2Flow!A37:M37,SYSTEM_BEHAVIOR,"Display required/optional items, answers, generated violations, penalties, corrective actions.","Pass when the system behavior occurs under the cited trigger and context: Display required/optional items, answers, generated violations, penalties, corrective actions."
REQ-R0C-00944,CAP-R0C-0392,SRC-01,Inspection Excution-Level2Flow!A37:M37,BUSINESS_RULE,Reviewer cannot override predefined violation/penalty.,Pass when this rule is enforced and a violating path is prevented or handled: Reviewer cannot override predefined violation/penalty.
REQ-R0C-00945,CAP-R0C-0393,SRC-01,Inspection Excution-Level2Flow!A38:M38,USER_ACTION,"Preview photos, videos, documents, annotations.","Pass when the actor can complete this action and the resulting state is visible: Preview photos, videos, documents, annotations."
REQ-R0C-00946,CAP-R0C-0393,SRC-01,Inspection Excution-Level2Flow!A38:M38,SYSTEM_BEHAVIOR,"Display evidence grouped by source: factory data, report, item, action form.","Pass when the system behavior occurs under the cited trigger and context: Display evidence grouped by source: factory data, report, item, action form."
REQ-R0C-00947,CAP-R0C-0393,SRC-01,Inspection Excution-Level2Flow!A38:M38,BUSINESS_RULE,Evidence is read-only after submission.,Pass when this rule is enforced and a violating path is prevented or handled: Evidence is read-only after submission.
REQ-R0C-00948,CAP-R0C-0394,SRC-01,Inspection Excution-Level2Flow!A39:M39,USER_ACTION,Open generated forms.,Pass when the actor can complete this action and the resulting state is visible: Open generated forms.
REQ-R0C-00949,CAP-R0C-0394,SRC-01,Inspection Excution-Level2Flow!A39:M39,SYSTEM_BEHAVIOR,"Display completed action forms, attachments, signatures/refusals.","Pass when the system behavior occurs under the cited trigger and context: Display completed action forms, attachments, signatures/refusals."
REQ-R0C-00950,CAP-R0C-0394,SRC-01,Inspection Excution-Level2Flow!A39:M39,BUSINESS_RULE,Generated forms are read-only.,Pass when this rule is enforced and a violating path is prevented or handled: Generated forms are read-only.
REQ-R0C-00951,CAP-R0C-0394,SRC-01,Inspection Excution-Level2Flow!A39:M39,ACCEPTANCE_CRITERION,Action forms display correctly.,Pass when the source-stated acceptance condition is demonstrated: Action forms display correctly.
REQ-R0C-00952,CAP-R0C-0395,SRC-01,Inspection Excution-Level2Flow!A40:M40,USER_ACTION,View timeline and audit.,Pass when the actor can complete this action and the resulting state is visible: View timeline and audit.
REQ-R0C-00953,CAP-R0C-0395,SRC-01,Inspection Excution-Level2Flow!A40:M40,SYSTEM_BEHAVIOR,Display immutable timeline and audit events from planning to submission.,Pass when the system behavior occurs under the cited trigger and context: Display immutable timeline and audit events from planning to submission.
REQ-R0C-00954,CAP-R0C-0395,SRC-01,Inspection Excution-Level2Flow!A40:M40,BUSINESS_RULE,Timeline and audit cannot be changed.,Pass when this rule is enforced and a violating path is prevented or handled: Timeline and audit cannot be changed.
REQ-R0C-00955,CAP-R0C-0396,SRC-01,Inspection Excution-Level2Flow!A41:M41,SYSTEM_BEHAVIOR,Display all submitted versions and differences between them.,Pass when the system behavior occurs under the cited trigger and context: Display all submitted versions and differences between them.
REQ-R0C-00956,CAP-R0C-0396,SRC-01,Inspection Excution-Level2Flow!A41:M41,BUSINESS_RULE,No version is overwritten.,Pass when this rule is enforced and a violating path is prevented or handled: No version is overwritten.
REQ-R0C-00957,CAP-R0C-0396,SRC-01,Inspection Excution-Level2Flow!A41:M41,ACCEPTANCE_CRITERION,Reviewer can compare resubmissions.,Pass when the source-stated acceptance condition is demonstrated: Reviewer can compare resubmissions.
REQ-R0C-00958,CAP-R0C-0397,SRC-01,Inspection Excution-Level2Flow!A42:M42,USER_ACTION,Open returned inspection.,Pass when the actor can complete this action and the resulting state is visible: Open returned inspection.
REQ-R0C-00959,CAP-R0C-0397,SRC-01,Inspection Excution-Level2Flow!A42:M42,SYSTEM_BEHAVIOR,Notify inspector and show returned inspection in assigned work.,Pass when the system behavior occurs under the cited trigger and context: Notify inspector and show returned inspection in assigned work.
REQ-R0C-00960,CAP-R0C-0397,SRC-01,Inspection Excution-Level2Flow!A42:M42,BUSINESS_RULE,Only assigned inspector can update returned inspection.,Pass when this rule is enforced and a violating path is prevented or handled: Only assigned inspector can update returned inspection.
REQ-R0C-00961,CAP-R0C-0398,SRC-01,Inspection Excution-Level2Flow!A43:M43,USER_ACTION,"Review reason, comments, returned sections.","Pass when the actor can complete this action and the resulting state is visible: Review reason, comments, returned sections."
REQ-R0C-00962,CAP-R0C-0398,SRC-01,Inspection Excution-Level2Flow!A43:M43,SYSTEM_BEHAVIOR,"Display return reason, reviewer comments, returned sections, related fields/items/forms.","Pass when the system behavior occurs under the cited trigger and context: Display return reason, reviewer comments, returned sections, related fields/items/forms."
REQ-R0C-00963,CAP-R0C-0398,SRC-01,Inspection Excution-Level2Flow!A43:M43,BUSINESS_RULE,Return reason is mandatory.,Pass when this rule is enforced and a violating path is prevented or handled: Return reason is mandatory.
REQ-R0C-00964,CAP-R0C-0398,SRC-01,Inspection Excution-Level2Flow!A43:M43,ACCEPTANCE_CRITERION,Inspector understands required corrections.,Pass when the source-stated acceptance condition is demonstrated: Inspector understands required corrections.
REQ-R0C-00965,CAP-R0C-0399,SRC-01,Inspection Excution-Level2Flow!A44:M44,USER_ACTION,Edit returned sections only.,Pass when the actor can complete this action and the resulting state is visible: Edit returned sections only.
REQ-R0C-00966,CAP-R0C-0399,SRC-01,Inspection Excution-Level2Flow!A44:M44,SYSTEM_BEHAVIOR,Unlock returned sections and keep non-returned sections read-only.,Pass when the system behavior occurs under the cited trigger and context: Unlock returned sections and keep non-returned sections read-only.
REQ-R0C-00967,CAP-R0C-0399,SRC-01,Inspection Excution-Level2Flow!A44:M44,BUSINESS_RULE,Inspector can edit only returned sections.,Pass when this rule is enforced and a violating path is prevented or handled: Inspector can edit only returned sections.
REQ-R0C-00968,CAP-R0C-0400,SRC-01,Inspection Excution-Level2Flow!A45:M45,SYSTEM_BEHAVIOR,"Save edits, evidence changes, comments, and updated values.","Pass when the system behavior occurs under the cited trigger and context: Save edits, evidence changes, comments, and updated values."
REQ-R0C-00969,CAP-R0C-0400,SRC-01,Inspection Excution-Level2Flow!A45:M45,BUSINESS_RULE,Returned draft remains editable until resubmitted.,Pass when this rule is enforced and a violating path is prevented or handled: Returned draft remains editable until resubmitted.
REQ-R0C-00970,CAP-R0C-0401,SRC-01,Inspection Excution-Level2Flow!A46:M46,SYSTEM_BEHAVIOR,"Validate returned sections, create new submission version, lock version, status Pending Review, notify reviewer.","Pass when the system behavior occurs under the cited trigger and context: Validate returned sections, create new submission version, lock version, status Pending Review, notify reviewer."
REQ-R0C-00971,CAP-R0C-0401,SRC-01,Inspection Excution-Level2Flow!A46:M46,BUSINESS_RULE,Every resubmission creates new version. Previous version remains locked.,Pass when this rule is enforced and a violating path is prevented or handled: Every resubmission creates new version. Previous version remains locked.
REQ-R0C-00972,CAP-R0C-0402,SRC-01,Inspection Excution-Level2Flow!A47:M47,USER_ACTION,Compare previous vs latest.,Pass when the actor can complete this action and the resulting state is visible: Compare previous vs latest.
REQ-R0C-00973,CAP-R0C-0402,SRC-01,Inspection Excution-Level2Flow!A47:M47,SYSTEM_BEHAVIOR,Highlight changes between previous submitted version and resubmitted version.,Pass when the system behavior occurs under the cited trigger and context: Highlight changes between previous submitted version and resubmitted version.
REQ-R0C-00974,CAP-R0C-0402,SRC-01,Inspection Excution-Level2Flow!A47:M47,BUSINESS_RULE,Reviewer reviews latest version while history remains accessible.,Pass when this rule is enforced and a violating path is prevented or handled: Reviewer reviews latest version while history remains accessible.
REQ-R0C-00975,CAP-R0C-0402,SRC-01,Inspection Excution-Level2Flow!A47:M47,DATA_REQUIREMENT,"Version 1, Version 2","Pass when the cited data field or contract element is present and valid: Version 1, Version 2"
REQ-R0C-00976,CAP-R0C-0403,SRC-01,Inspection Excution-Level2Flow!A48:M48,SYSTEM_BEHAVIOR,"Create immutable version containing report, checklist, evidence, observations, action forms, comments, timeline snapshot.","Pass when the system behavior occurs under the cited trigger and context: Create immutable version containing report, checklist, evidence, observations, action forms, comments, timeline snapshot."
REQ-R0C-00977,CAP-R0C-0403,SRC-01,Inspection Excution-Level2Flow!A48:M48,BUSINESS_RULE,Submitted versions are never overwritten.,Pass when this rule is enforced and a violating path is prevented or handled: Submitted versions are never overwritten.
REQ-R0C-00978,CAP-R0C-0404,SRC-01,Inspection Excution-Level2Flow!A49:M49,SYSTEM_BEHAVIOR,"Store each submitted version with version number, timestamp, inspector, reviewer decision.","Pass when the system behavior occurs under the cited trigger and context: Store each submitted version with version number, timestamp, inspector, reviewer decision."
REQ-R0C-00979,CAP-R0C-0404,SRC-01,Inspection Excution-Level2Flow!A49:M49,BUSINESS_RULE,Latest submitted version is used for active review.,Pass when this rule is enforced and a violating path is prevented or handled: Latest submitted version is used for active review.
REQ-R0C-00980,CAP-R0C-0405,SRC-01,Inspection Excution-Level2Flow!A50:M50,SYSTEM_BEHAVIOR,"Log reviewer ID, decision, reason, comments, affected sections, previous status, new status, timestamp.","Pass when the system behavior occurs under the cited trigger and context: Log reviewer ID, decision, reason, comments, affected sections, previous status, new status, timestamp."
REQ-R0C-00981,CAP-R0C-0405,SRC-01,Inspection Excution-Level2Flow!A50:M50,BUSINESS_RULE,Audit record is immutable.,Pass when this rule is enforced and a violating path is prevented or handled: Audit record is immutable.
REQ-R0C-00982,CAP-R0C-0406,SRC-01,Inspection Excution-Level2Flow!A51:M51,SYSTEM_BEHAVIOR,"Log edited sections, changed fields, evidence updates, comments, resubmission timestamp.","Pass when the system behavior occurs under the cited trigger and context: Log edited sections, changed fields, evidence updates, comments, resubmission timestamp."
REQ-R0C-00983,CAP-R0C-0406,SRC-01,Inspection Excution-Level2Flow!A51:M51,BUSINESS_RULE,Returned edits must be traceable to previous version.,Pass when this rule is enforced and a violating path is prevented or handled: Returned edits must be traceable to previous version.
REQ-R0C-00984,CAP-R0C-0407,SRC-01,Inspection Excution-Level2Flow!A52:M52,SYSTEM_BEHAVIOR,"Create timeline events: Submitted, Review Opened, Returned, Resubmitted, Approved, Rejected.","Pass when the system behavior occurs under the cited trigger and context: Create timeline events: Submitted, Review Opened, Returned, Resubmitted, Approved, Rejected."
REQ-R0C-00985,CAP-R0C-0407,SRC-01,Inspection Excution-Level2Flow!A52:M52,BUSINESS_RULE,Timeline is the single source of truth for business events.,Pass when this rule is enforced and a violating path is prevented or handled: Timeline is the single source of truth for business events.
REQ-R0C-00986,CAP-R0C-0408,SRC-01,Inspection Excution-Level2Flow!A53:M53,USER_ACTION,Add comment where allowed.,Pass when the actor can complete this action and the resulting state is visible: Add comment where allowed.
REQ-R0C-00987,CAP-R0C-0408,SRC-01,Inspection Excution-Level2Flow!A53:M53,SYSTEM_BEHAVIOR,Store reviewer comments as immutable records.,Pass when the system behavior occurs under the cited trigger and context: Store reviewer comments as immutable records.
REQ-R0C-00988,CAP-R0C-0408,SRC-01,Inspection Excution-Level2Flow!A53:M53,BUSINESS_RULE,Comments cannot be edited or deleted after submission.,Pass when this rule is enforced and a violating path is prevented or handled: Comments cannot be edited or deleted after submission.
REQ-R0C-00989,CAP-R0C-0409,SRC-01,Inspection Excution-Level2Flow!A54:M54,SYSTEM_BEHAVIOR,"Display before/after differences between versions including changed fields, evidence, items, action forms.","Pass when the system behavior occurs under the cited trigger and context: Display before/after differences between versions including changed fields, evidence, items, action forms."
REQ-R0C-00990,CAP-R0C-0409,SRC-01,Inspection Excution-Level2Flow!A54:M54,ACCEPTANCE_CRITERION,Reviewer can compare versions accurately.,Pass when the source-stated acceptance condition is demonstrated: Reviewer can compare versions accurately.
REQ-R0C-00991,CAP-R0C-0410,SRC-01,Factory 360 !A2:M2,USER_ACTION,Open factory profile.,Pass when the actor can complete this action and the resulting state is visible: Open factory profile.
REQ-R0C-00992,CAP-R0C-0410,SRC-01,Factory 360 !A2:M2,SYSTEM_BEHAVIOR,"Load factory master profile, license, CR, visits, inspections, violations, penalties, scores, timeline.","Pass when the system behavior occurs under the cited trigger and context: Load factory master profile, license, CR, visits, inspections, violations, penalties, scores, timeline."
REQ-R0C-00993,CAP-R0C-0410,SRC-01,Factory 360 !A2:M2,BUSINESS_RULE,"Factory 360° is the full profile page, not the small Factory Card.","Pass when this rule is enforced and a violating path is prevented or handled: Factory 360° is the full profile page, not the small Factory Card."
REQ-R0C-00994,CAP-R0C-0410,SRC-01,Factory 360 !A2:M2,ACCEPTANCE_CRITERION,User can open complete factory profile.,Pass when the source-stated acceptance condition is demonstrated: User can open complete factory profile.
REQ-R0C-00995,CAP-R0C-0410,SRC-01,Factory 360 !A2:M2,DATA_REQUIREMENT,Factory ID / License / CR,Pass when the cited data field or contract element is present and valid: Factory ID / License / CR
REQ-R0C-00996,CAP-R0C-0411,SRC-01,Factory 360 !A3:M3,SYSTEM_BEHAVIOR,"Display factory name, CR, license, status, stage, activity, sector, region, city.","Pass when the system behavior occurs under the cited trigger and context: Display factory name, CR, license, status, stage, activity, sector, region, city."
REQ-R0C-00997,CAP-R0C-0411,SRC-01,Factory 360 !A3:M3,BUSINESS_RULE,Data source is Senaei unless updated through approved future flow.,Pass when this rule is enforced and a violating path is prevented or handled: Data source is Senaei unless updated through approved future flow.
REQ-R0C-00998,CAP-R0C-0412,SRC-01,Factory 360 !A4:M4,USER_ACTION,View license details.,Pass when the actor can complete this action and the resulting state is visible: View license details.
REQ-R0C-00999,CAP-R0C-0412,SRC-01,Factory 360 !A4:M4,SYSTEM_BEHAVIOR,"Display license number, status, stage, issue date, expiry date, activity, license holder.","Pass when the system behavior occurs under the cited trigger and context: Display license number, status, stage, issue date, expiry date, activity, license holder."
REQ-R0C-01000,CAP-R0C-0412,SRC-01,Factory 360 !A4:M4,BUSINESS_RULE,License data is read-only in Factory 360°.,Pass when this rule is enforced and a violating path is prevented or handled: License data is read-only in Factory 360°.
REQ-R0C-01001,CAP-R0C-0412,SRC-01,Factory 360 !A4:M4,ACCEPTANCE_CRITERION,License details display correctly.,Pass when the source-stated acceptance condition is demonstrated: License details display correctly.
REQ-R0C-01002,CAP-R0C-0413,SRC-01,Factory 360 !A5:M5,USER_ACTION,View CR information.,Pass when the actor can complete this action and the resulting state is visible: View CR information.
REQ-R0C-01003,CAP-R0C-0413,SRC-01,Factory 360 !A5:M5,SYSTEM_BEHAVIOR,"Display CR number, legal name, CR status, owner details if available.","Pass when the system behavior occurs under the cited trigger and context: Display CR number, legal name, CR status, owner details if available."
REQ-R0C-01004,CAP-R0C-0413,SRC-01,Factory 360 !A5:M5,BUSINESS_RULE,CR info follows latest synchronized source.,Pass when this rule is enforced and a violating path is prevented or handled: CR info follows latest synchronized source.
REQ-R0C-01005,CAP-R0C-0413,SRC-01,Factory 360 !A5:M5,ACCEPTANCE_CRITERION,CR details display correctly.,Pass when the source-stated acceptance condition is demonstrated: CR details display correctly.
REQ-R0C-01006,CAP-R0C-0414,SRC-01,Factory 360 !A6:M6,USER_ACTION,View map and pins.,Pass when the actor can complete this action and the resulting state is visible: View map and pins.
REQ-R0C-01007,CAP-R0C-0414,SRC-01,Factory 360 !A6:M6,SYSTEM_BEHAVIOR,"Show license pin, planner pin if available, actual observed locations from inspections, GPS override history.","Pass when the system behavior occurs under the cited trigger and context: Show license pin, planner pin if available, actual observed locations from inspections, GPS override history."
REQ-R0C-01008,CAP-R0C-0414,SRC-01,Factory 360 !A6:M6,BUSINESS_RULE,Planner pin does not overwrite license pin. Actual observed location is stored separately.,Pass when this rule is enforced and a violating path is prevented or handled: Planner pin does not overwrite license pin. Actual observed location is stored separately.
REQ-R0C-01009,CAP-R0C-0414,SRC-01,Factory 360 !A6:M6,ACCEPTANCE_CRITERION,All location points display correctly.,Pass when the source-stated acceptance condition is demonstrated: All location points display correctly.
REQ-R0C-01010,CAP-R0C-0415,SRC-01,Factory 360 !A7:M7,USER_ACTION,View product list.,Pass when the actor can complete this action and the resulting state is visible: View product list.
REQ-R0C-01011,CAP-R0C-0415,SRC-01,Factory 360 !A7:M7,SYSTEM_BEHAVIOR,"Load products, HS codes, production details if available.","Pass when the system behavior occurs under the cited trigger and context: Load products, HS codes, production details if available."
REQ-R0C-01012,CAP-R0C-0415,SRC-01,Factory 360 !A7:M7,BUSINESS_RULE,Product data is read-only unless future approved update flow exists.,Pass when this rule is enforced and a violating path is prevented or handled: Product data is read-only unless future approved update flow exists.
REQ-R0C-01013,CAP-R0C-0416,SRC-01,Factory 360 !A8:M8,USER_ACTION,View raw materials.,Pass when the actor can complete this action and the resulting state is visible: View raw materials.
REQ-R0C-01014,CAP-R0C-0416,SRC-01,Factory 360 !A8:M8,SYSTEM_BEHAVIOR,Load raw material list from synchronized source.,Pass when the system behavior occurs under the cited trigger and context: Load raw material list from synchronized source.
REQ-R0C-01015,CAP-R0C-0416,SRC-01,Factory 360 !A8:M8,ACCEPTANCE_CRITERION,Raw materials display correctly.,Pass when the source-stated acceptance condition is demonstrated: Raw materials display correctly.
REQ-R0C-01016,CAP-R0C-0417,SRC-01,Factory 360 !A9:M9,USER_ACTION,View employee data.,Pass when the actor can complete this action and the resulting state is visible: View employee data.
REQ-R0C-01017,CAP-R0C-0417,SRC-01,Factory 360 !A9:M9,SYSTEM_BEHAVIOR,Display employee count and related workforce fields.,Pass when the system behavior occurs under the cited trigger and context: Display employee count and related workforce fields.
REQ-R0C-01018,CAP-R0C-0417,SRC-01,Factory 360 !A9:M9,BUSINESS_RULE,Inspector observations do not update source directly in Phase 1.,Pass when this rule is enforced and a violating path is prevented or handled: Inspector observations do not update source directly in Phase 1.
REQ-R0C-01019,CAP-R0C-0418,SRC-01,Factory 360 !A10:M10,SYSTEM_BEHAVIOR,"Display investment size, capacity, industrial indicators.","Pass when the system behavior occurs under the cited trigger and context: Display investment size, capacity, industrial indicators."
REQ-R0C-01020,CAP-R0C-0419,SRC-01,Factory 360 !A11:M11,USER_ACTION,"View visits, open visit.","Pass when the actor can complete this action and the resulting state is visible: View visits, open visit."
REQ-R0C-01021,CAP-R0C-0419,SRC-01,Factory 360 !A11:M11,SYSTEM_BEHAVIOR,"Display planned, cancelled, completed, expired visits with status and dates.","Pass when the system behavior occurs under the cited trigger and context: Display planned, cancelled, completed, expired visits with status and dates."
REQ-R0C-01022,CAP-R0C-0419,SRC-01,Factory 360 !A11:M11,BUSINESS_RULE,Visits are chronological and filterable.,Pass when this rule is enforced and a violating path is prevented or handled: Visits are chronological and filterable.
REQ-R0C-01023,CAP-R0C-0419,SRC-01,Factory 360 !A11:M11,ACCEPTANCE_CRITERION,User can view visit history.,Pass when the source-stated acceptance condition is demonstrated: User can view visit history.
REQ-R0C-01024,CAP-R0C-0420,SRC-01,Factory 360 !A12:M12,SYSTEM_BEHAVIOR,"Display submitted, approved, returned, rejected inspections with inspector, result, date.","Pass when the system behavior occurs under the cited trigger and context: Display submitted, approved, returned, rejected inspections with inspector, result, date."
REQ-R0C-01025,CAP-R0C-0420,SRC-01,Factory 360 !A12:M12,BUSINESS_RULE,Submitted/approved inspections remain read-only.,Pass when this rule is enforced and a violating path is prevented or handled: Submitted/approved inspections remain read-only.
REQ-R0C-01026,CAP-R0C-0421,SRC-01,Factory 360 !A13:M13,SYSTEM_BEHAVIOR,"Display open/closed violations, penalties, corrective actions, issue dates, due dates.","Pass when the system behavior occurs under the cited trigger and context: Display open/closed violations, penalties, corrective actions, issue dates, due dates."
REQ-R0C-01027,CAP-R0C-0421,SRC-01,Factory 360 !A13:M13,BUSINESS_RULE,Only approved inspection outcomes appear as official compliance records.,Pass when this rule is enforced and a violating path is prevented or handled: Only approved inspection outcomes appear as official compliance records.
REQ-R0C-01028,CAP-R0C-0421,SRC-01,Factory 360 !A13:M13,ACCEPTANCE_CRITERION,Violations and penalties display correctly.,Pass when the source-stated acceptance condition is demonstrated: Violations and penalties display correctly.
REQ-R0C-01029,CAP-R0C-0422,SRC-01,Factory 360 !A14:M14,USER_ACTION,View action status.,Pass when the actor can complete this action and the resulting state is visible: View action status.
REQ-R0C-01030,CAP-R0C-0422,SRC-01,Factory 360 !A14:M14,SYSTEM_BEHAVIOR,"Display corrective action, source violation, due date, status, evidence if any.","Pass when the system behavior occurs under the cited trigger and context: Display corrective action, source violation, due date, status, evidence if any."
REQ-R0C-01031,CAP-R0C-0422,SRC-01,Factory 360 !A14:M14,BUSINESS_RULE,Corrective actions originate from approved compliance outcomes.,Pass when this rule is enforced and a violating path is prevented or handled: Corrective actions originate from approved compliance outcomes.
REQ-R0C-01032,CAP-R0C-0422,SRC-01,Factory 360 !A14:M14,ACCEPTANCE_CRITERION,Corrective actions show status and due date.,Pass when the source-stated acceptance condition is demonstrated: Corrective actions show status and due date.
REQ-R0C-01033,CAP-R0C-0423,SRC-01,Factory 360 !A15:M15,USER_ACTION,View score details.,Pass when the actor can complete this action and the resulting state is visible: View score details.
REQ-R0C-01034,CAP-R0C-0423,SRC-01,Factory 360 !A15:M15,SYSTEM_BEHAVIOR,"Display current score, score history, score drivers, last recalculation date.","Pass when the system behavior occurs under the cited trigger and context: Display current score, score history, score drivers, last recalculation date."
REQ-R0C-01035,CAP-R0C-0423,SRC-01,Factory 360 !A15:M15,BUSINESS_RULE,Score recalculation rules come from Risk/Health Engine.,Pass when this rule is enforced and a violating path is prevented or handled: Score recalculation rules come from Risk/Health Engine.
REQ-R0C-01036,CAP-R0C-0423,SRC-01,Factory 360 !A15:M15,ACCEPTANCE_CRITERION,Score and history display correctly.,Pass when the source-stated acceptance condition is demonstrated: Score and history display correctly.
REQ-R0C-01037,CAP-R0C-0424,SRC-01,Factory 360 !A16:M16,USER_ACTION,View risk profile.,Pass when the actor can complete this action and the resulting state is visible: View risk profile.
REQ-R0C-01038,CAP-R0C-0424,SRC-01,Factory 360 !A16:M16,SYSTEM_BEHAVIOR,"Display current risk level, risk drivers, risk history, related violations.","Pass when the system behavior occurs under the cited trigger and context: Display current risk level, risk drivers, risk history, related violations."
REQ-R0C-01039,CAP-R0C-0424,SRC-01,Factory 360 !A16:M16,BUSINESS_RULE,Risk is read-only and calculated by Risk Engine.,Pass when this rule is enforced and a violating path is prevented or handled: Risk is read-only and calculated by Risk Engine.
REQ-R0C-01040,CAP-R0C-0425,SRC-01,Factory 360 !A17:M17,SYSTEM_BEHAVIOR,"Display generated PDFs, inspection reports, penalty notices, evidence references.","Pass when the system behavior occurs under the cited trigger and context: Display generated PDFs, inspection reports, penalty notices, evidence references."
REQ-R0C-01041,CAP-R0C-0425,SRC-01,Factory 360 !A17:M17,BUSINESS_RULE,Access controlled by permission.,Pass when this rule is enforced and a violating path is prevented or handled: Access controlled by permission.
REQ-R0C-01042,CAP-R0C-0425,SRC-01,Factory 360 !A17:M17,ACCEPTANCE_CRITERION,Authorized users can view documents.,Pass when the source-stated acceptance condition is demonstrated: Authorized users can view documents.
REQ-R0C-01043,CAP-R0C-0426,SRC-01,Factory 360 !A18:M18,SYSTEM_BEHAVIOR,"Display events: sync, visit planned, inspection submitted, approved, penalty issued, score updated.","Pass when the system behavior occurs under the cited trigger and context: Display events: sync, visit planned, inspection submitted, approved, penalty issued, score updated."
REQ-R0C-01044,CAP-R0C-0426,SRC-01,Factory 360 !A18:M18,BUSINESS_RULE,Timeline events are immutable.,Pass when this rule is enforced and a violating path is prevented or handled: Timeline events are immutable.
REQ-R0C-01045,CAP-R0C-0427,SRC-01,Factory 360 !A19:M19,USER_ACTION,Click Open Factory 360°.,Pass when the actor can complete this action and the resulting state is visible: Click Open Factory 360°.
REQ-R0C-01046,CAP-R0C-0427,SRC-01,Factory 360 !A19:M19,SYSTEM_BEHAVIOR,Navigate to Factory 360° in new/detail view.,Pass when the system behavior occurs under the cited trigger and context: Navigate to Factory 360° in new/detail view.
REQ-R0C-01047,CAP-R0C-0427,SRC-01,Factory 360 !A19:M19,BUSINESS_RULE,Factory Card is summary only,Pass when this rule is enforced and a violating path is prevented or handled: Factory Card is summary only
REQ-R0C-01048,CAP-R0C-0427,SRC-01,Factory 360 !A19:M19,BUSINESS_RULE,Factory 360° is full page.,Pass when this rule is enforced and a violating path is prevented or handled: Factory 360° is full page.
REQ-R0C-01049,CAP-R0C-0428,SRC-01,Factory 360 !A20:M20,USER_ACTION,View authorized sections.,Pass when the actor can complete this action and the resulting state is visible: View authorized sections.
REQ-R0C-01050,CAP-R0C-0428,SRC-01,Factory 360 !A20:M20,SYSTEM_BEHAVIOR,"Apply role-based visibility for tabs, documents, evidence, penalties.","Pass when the system behavior occurs under the cited trigger and context: Apply role-based visibility for tabs, documents, evidence, penalties."
REQ-R0C-01051,CAP-R0C-0428,SRC-01,Factory 360 !A20:M20,BUSINESS_RULE,Users only see sections allowed by role.,Pass when this rule is enforced and a violating path is prevented or handled: Users only see sections allowed by role.
REQ-R0C-01052,CAP-R0C-0429,SRC-01,Factory 360 !A21:M21,USER_ACTION,Retry or view partial data.,Pass when the actor can complete this action and the resulting state is visible: Retry or view partial data.
REQ-R0C-01053,CAP-R0C-0429,SRC-01,Factory 360 !A21:M21,SYSTEM_BEHAVIOR,Show partial data with warning if a source is unavailable.,Pass when the system behavior occurs under the cited trigger and context: Show partial data with warning if a source is unavailable.
REQ-R0C-01054,CAP-R0C-0429,SRC-01,Factory 360 !A21:M21,BUSINESS_RULE,Factory profile should not fully fail if one section fails.,Pass when this rule is enforced and a violating path is prevented or handled: Factory profile should not fully fail if one section fails.
REQ-R0C-01055,CAP-R0C-0429,SRC-01,Factory 360 !A21:M21,DATA_REQUIREMENT,Partial Profile / Error Message,Pass when the cited data field or contract element is present and valid: Partial Profile / Error Message
REQ-R0C-01056,CAP-R0C-0430,SRC-01,Ops center !A2:M2,USER_ACTION,View live operations.,Pass when the actor can complete this action and the resulting state is visible: View live operations.
REQ-R0C-01057,CAP-R0C-0430,SRC-01,Ops center !A2:M2,SYSTEM_BEHAVIOR,"Load live visits, inspectors, SLA, alerts, maps, risk indicators.","Pass when the system behavior occurs under the cited trigger and context: Load live visits, inspectors, SLA, alerts, maps, risk indicators."
REQ-R0C-01058,CAP-R0C-0430,SRC-01,Ops center !A2:M2,BUSINESS_RULE,Operations Center is monitoring-only unless user has supervisor permissions.,Pass when this rule is enforced and a violating path is prevented or handled: Operations Center is monitoring-only unless user has supervisor permissions.
REQ-R0C-01059,CAP-R0C-0431,SRC-01,Ops center !A3:M3,USER_ACTION,"Pan, zoom, filter, open pins.","Pass when the actor can complete this action and the resulting state is visible: Pan, zoom, filter, open pins."
REQ-R0C-01060,CAP-R0C-0431,SRC-01,Ops center !A3:M3,SYSTEM_BEHAVIOR,"Display factory pins, inspector pins, active journeys, execution locations.","Pass when the system behavior occurs under the cited trigger and context: Display factory pins, inspector pins, active journeys, execution locations."
REQ-R0C-01061,CAP-R0C-0431,SRC-01,Ops center !A3:M3,BUSINESS_RULE,Map refresh interval is configurable.,Pass when this rule is enforced and a violating path is prevented or handled: Map refresh interval is configurable.
REQ-R0C-01062,CAP-R0C-0431,SRC-01,Ops center !A3:M3,DATA_REQUIREMENT,"GPS, Factory Coordinates, Visit Data","Pass when the cited data field or contract element is present and valid: GPS, Factory Coordinates, Visit Data"
REQ-R0C-01063,CAP-R0C-0432,SRC-01,Ops center !A4:M4,SYSTEM_BEHAVIOR,"Display visits by operational state: New, Prepared, On the Way, Arrived, Executing, Submitted, Cancelled, Expired.","Pass when the system behavior occurs under the cited trigger and context: Display visits by operational state: New, Prepared, On the Way, Arrived, Executing, Submitted, Cancelled, Expired."
REQ-R0C-01064,CAP-R0C-0432,SRC-01,Ops center !A4:M4,BUSINESS_RULE,Operational state is separate from workflow status.,Pass when this rule is enforced and a violating path is prevented or handled: Operational state is separate from workflow status.
REQ-R0C-01065,CAP-R0C-0432,SRC-01,Ops center !A4:M4,ACCEPTANCE_CRITERION,Visits display correct current state.,Pass when the source-stated acceptance condition is demonstrated: Visits display correct current state.
REQ-R0C-01066,CAP-R0C-0433,SRC-01,Ops center !A5:M5,USER_ACTION,View inspector workload/location.,Pass when the actor can complete this action and the resulting state is visible: View inspector workload/location.
REQ-R0C-01067,CAP-R0C-0433,SRC-01,Ops center !A5:M5,SYSTEM_BEHAVIOR,"Display inspector availability, active visit, live location, offline/online state, workload.","Pass when the system behavior occurs under the cited trigger and context: Display inspector availability, active visit, live location, offline/online state, workload."
REQ-R0C-01068,CAP-R0C-0433,SRC-01,Ops center !A5:M5,BUSINESS_RULE,Inspector location visible only during active journey/execution and based on policy.,Pass when this rule is enforced and a violating path is prevented or handled: Inspector location visible only during active journey/execution and based on policy.
REQ-R0C-01069,CAP-R0C-0434,SRC-01,Ops center !A6:M6,USER_ACTION,View overdue items.,Pass when the actor can complete this action and the resulting state is visible: View overdue items.
REQ-R0C-01070,CAP-R0C-0434,SRC-01,Ops center !A6:M6,SYSTEM_BEHAVIOR,"Calculate overdue journey, execution, submission, review based on SLA rules.","Pass when the system behavior occurs under the cited trigger and context: Calculate overdue journey, execution, submission, review based on SLA rules."
REQ-R0C-01071,CAP-R0C-0434,SRC-01,Ops center !A6:M6,BUSINESS_RULE,SLA uses server timestamps.,Pass when this rule is enforced and a violating path is prevented or handled: SLA uses server timestamps.
REQ-R0C-01072,CAP-R0C-0434,SRC-01,Ops center !A6:M6,ACCEPTANCE_CRITERION,SLA breaches display correctly.,Pass when the source-stated acceptance condition is demonstrated: SLA breaches display correctly.
REQ-R0C-01073,CAP-R0C-0435,SRC-01,Ops center !A7:M7,USER_ACTION,View risk list/map.,Pass when the actor can complete this action and the resulting state is visible: View risk list/map.
REQ-R0C-01074,CAP-R0C-0435,SRC-01,Ops center !A7:M7,SYSTEM_BEHAVIOR,"Display high-risk factories, critical violations, high-priority inspections.","Pass when the system behavior occurs under the cited trigger and context: Display high-risk factories, critical violations, high-priority inspections."
REQ-R0C-01075,CAP-R0C-0435,SRC-01,Ops center !A7:M7,BUSINESS_RULE,Risk indicators are read-only.,Pass when this rule is enforced and a violating path is prevented or handled: Risk indicators are read-only.
REQ-R0C-01076,CAP-R0C-0436,SRC-01,Ops center !A8:M8,USER_ACTION,"Open alert, acknowledge if allowed.","Pass when the actor can complete this action and the resulting state is visible: Open alert, acknowledge if allowed."
REQ-R0C-01077,CAP-R0C-0436,SRC-01,Ops center !A8:M8,SYSTEM_BEHAVIOR,"Generate alerts for GPS override, missed visit, cancelled visit, offline inspector, stuck execution, overdue review.","Pass when the system behavior occurs under the cited trigger and context: Generate alerts for GPS override, missed visit, cancelled visit, offline inspector, stuck execution, overdue review."
REQ-R0C-01078,CAP-R0C-0436,SRC-01,Ops center !A8:M8,BUSINESS_RULE,Alert rules are configurable.,Pass when this rule is enforced and a violating path is prevented or handled: Alert rules are configurable.
REQ-R0C-01079,CAP-R0C-0437,SRC-01,Ops center !A9:M9,SYSTEM_BEHAVIOR,"Open visit detail with status, timeline, inspector, factory, execution mode.","Pass when the system behavior occurs under the cited trigger and context: Open visit detail with status, timeline, inspector, factory, execution mode."
REQ-R0C-01080,CAP-R0C-0437,SRC-01,Ops center !A9:M9,BUSINESS_RULE,Drilldown is read-only unless user has action permission.,Pass when this rule is enforced and a violating path is prevented or handled: Drilldown is read-only unless user has action permission.
REQ-R0C-01081,CAP-R0C-0438,SRC-01,Ops center !A10:M10,SYSTEM_BEHAVIOR,Open Factory 360°.,Pass when the system behavior occurs under the cited trigger and context: Open Factory 360°.
REQ-R0C-01082,CAP-R0C-0438,SRC-01,Ops center !A10:M10,BUSINESS_RULE,Same access rules as Factory 360°.,Pass when this rule is enforced and a violating path is prevented or handled: Same access rules as Factory 360°.
REQ-R0C-01083,CAP-R0C-0439,SRC-01,Ops center !A11:M11,SYSTEM_BEHAVIOR,"Filter all widgets, maps, lists, alerts by selected geography.","Pass when the system behavior occurs under the cited trigger and context: Filter all widgets, maps, lists, alerts by selected geography."
REQ-R0C-01084,CAP-R0C-0439,SRC-01,Ops center !A11:M11,BUSINESS_RULE,Users see only authorized regions.,Pass when this rule is enforced and a violating path is prevented or handled: Users see only authorized regions.
REQ-R0C-01085,CAP-R0C-0440,SRC-01,Ops center !A12:M12,SYSTEM_BEHAVIOR,"Display assigned, active, completed, overdue visits by inspector/branch.","Pass when the system behavior occurs under the cited trigger and context: Display assigned, active, completed, overdue visits by inspector/branch."
REQ-R0C-01086,CAP-R0C-0440,SRC-01,Ops center !A12:M12,BUSINESS_RULE,Workload is based on current and planned visits.,Pass when this rule is enforced and a violating path is prevented or handled: Workload is based on current and planned visits.
REQ-R0C-01087,CAP-R0C-0440,SRC-01,Ops center !A12:M12,ACCEPTANCE_CRITERION,Workload metrics display correctly.,Pass when the source-stated acceptance condition is demonstrated: Workload metrics display correctly.
REQ-R0C-01088,CAP-R0C-0441,SRC-01,Ops center !A13:M13,SYSTEM_BEHAVIOR,"Display cancelled visits by reason, inspector, factory, region, date.","Pass when the system behavior occurs under the cited trigger and context: Display cancelled visits by reason, inspector, factory, region, date."
REQ-R0C-01089,CAP-R0C-0441,SRC-01,Ops center !A13:M13,BUSINESS_RULE,Cancellation reason is mandatory in execution flow.,Pass when this rule is enforced and a violating path is prevented or handled: Cancellation reason is mandatory in execution flow.
REQ-R0C-01090,CAP-R0C-0442,SRC-01,Ops center !A14:M14,USER_ACTION,View override events.,Pass when the actor can complete this action and the resulting state is visible: View override events.
REQ-R0C-01091,CAP-R0C-0442,SRC-01,Ops center !A14:M14,SYSTEM_BEHAVIOR,Display GPS override records with planned vs actual location and inspector confirmation.,Pass when the system behavior occurs under the cited trigger and context: Display GPS override records with planned vs actual location and inspector confirmation.
REQ-R0C-01092,CAP-R0C-0442,SRC-01,Ops center !A14:M14,BUSINESS_RULE,"Override does not block inspection if confirmed, but must be auditable.","Pass when this rule is enforced and a violating path is prevented or handled: Override does not block inspection if confirmed, but must be auditable."
REQ-R0C-01093,CAP-R0C-0443,SRC-01,Ops center !A15:M15,USER_ACTION,View route history.,Pass when the actor can complete this action and the resulting state is visible: View route history.
REQ-R0C-01094,CAP-R0C-0443,SRC-01,Ops center !A15:M15,SYSTEM_BEHAVIOR,"Display journey path, timestamps, arrival point, actual location.","Pass when the system behavior occurs under the cited trigger and context: Display journey path, timestamps, arrival point, actual location."
REQ-R0C-01095,CAP-R0C-0443,SRC-01,Ops center !A15:M15,BUSINESS_RULE,Tracking history is immutable.,Pass when this rule is enforced and a violating path is prevented or handled: Tracking history is immutable.
REQ-R0C-01096,CAP-R0C-0444,SRC-01,Ops center !A16:M16,SYSTEM_BEHAVIOR,Display key events from planning to review/compliance.,Pass when the system behavior occurs under the cited trigger and context: Display key events from planning to review/compliance.
REQ-R0C-01097,CAP-R0C-0444,SRC-01,Ops center !A16:M16,BUSINESS_RULE,Timeline is the single source of truth.,Pass when this rule is enforced and a violating path is prevented or handled: Timeline is the single source of truth.
REQ-R0C-01098,CAP-R0C-0445,SRC-01,Ops center !A17:M17,SYSTEM_BEHAVIOR,"Calculate visits planned, completed, cancelled, overdue, active inspectors, avg duration, SLA breach rate.","Pass when the system behavior occurs under the cited trigger and context: Calculate visits planned, completed, cancelled, overdue, active inspectors, avg duration, SLA breach rate."
REQ-R0C-01099,CAP-R0C-0445,SRC-01,Ops center !A17:M17,BUSINESS_RULE,KPI calculation period is configurable.,Pass when this rule is enforced and a violating path is prevented or handled: KPI calculation period is configurable.
REQ-R0C-01100,CAP-R0C-0446,SRC-01,Ops center !A18:M18,SYSTEM_BEHAVIOR,Export filtered visits/alerts/KPIs according to permissions.,Pass when the system behavior occurs under the cited trigger and context: Export filtered visits/alerts/KPIs according to permissions.
REQ-R0C-01101,CAP-R0C-0446,SRC-01,Ops center !A18:M18,BUSINESS_RULE,Export is permission-controlled and audited.,Pass when this rule is enforced and a violating path is prevented or handled: Export is permission-controlled and audited.
REQ-R0C-01102,CAP-R0C-0446,SRC-01,Ops center !A18:M18,ACCEPTANCE_CRITERION,Authorized user can export data.,Pass when the source-stated acceptance condition is demonstrated: Authorized user can export data.
REQ-R0C-01103,CAP-R0C-0447,SRC-01,Ops center !A19:M19,USER_ACTION,View permitted scope.,Pass when the actor can complete this action and the resulting state is visible: View permitted scope.
REQ-R0C-01104,CAP-R0C-0447,SRC-01,Ops center !A19:M19,SYSTEM_BEHAVIOR,"Apply role, region, branch and permission restrictions.","Pass when the system behavior occurs under the cited trigger and context: Apply role, region, branch and permission restrictions."
REQ-R0C-01105,CAP-R0C-0447,SRC-01,Ops center !A19:M19,BUSINESS_RULE,Users cannot view unauthorized inspectors/factories/regions.,Pass when this rule is enforced and a violating path is prevented or handled: Users cannot view unauthorized inspectors/factories/regions.
REQ-R0C-01106,CAP-R0C-0447,SRC-01,Ops center !A19:M19,ACCEPTANCE_CRITERION,Access restrictions apply correctly.,Pass when the source-stated acceptance condition is demonstrated: Access restrictions apply correctly.
REQ-R0C-01107,CAP-R0C-0448,SRC-01,Ops center !A20:M20,SYSTEM_BEHAVIOR,Show partial dashboard if one data source fails,Pass when the system behavior occurs under the cited trigger and context: Show partial dashboard if one data source fails
REQ-R0C-01108,CAP-R0C-0448,SRC-01,Ops center !A20:M20,BUSINESS_RULE,One failed widget must not break the whole Operations Center.,Pass when this rule is enforced and a violating path is prevented or handled: One failed widget must not break the whole Operations Center.
REQ-R0C-01109,CAP-R0C-0449,SRC-01,Complince !A2:M2,USER_ACTION,"Create, edit draft, deactivate, view regulation.","Pass when the actor can complete this action and the resulting state is visible: Create, edit draft, deactivate, view regulation."
REQ-R0C-01110,CAP-R0C-0449,SRC-01,Complince !A2:M2,SYSTEM_BEHAVIOR,"Store regulation, status, effective date, attachments, issuing authority.","Pass when the system behavior occurs under the cited trigger and context: Store regulation, status, effective date, attachments, issuing authority."
REQ-R0C-01111,CAP-R0C-0449,SRC-01,Complince !A2:M2,BUSINESS_RULE,Regulation is the parent of inspection items. Deactivated regulation prevents future use but does not affect previous inspections.,Pass when this rule is enforced and a violating path is prevented or handled: Regulation is the parent of inspection items. Deactivated regulation prevents future use but does not affect previous inspections.
REQ-R0C-01112,CAP-R0C-0449,SRC-01,Complince !A2:M2,ACCEPTANCE_CRITERION,Admin can create and manage regulation records.,Pass when the source-stated acceptance condition is demonstrated: Admin can create and manage regulation records.
REQ-R0C-01113,CAP-R0C-0450,SRC-01,Complince !A3:M3,USER_ACTION,"Create inspection item, link to regulation, define response type, evidence rule.","Pass when the actor can complete this action and the resulting state is visible: Create inspection item, link to regulation, define response type, evidence rule."
REQ-R0C-01114,CAP-R0C-0450,SRC-01,Complince !A3:M3,SYSTEM_BEHAVIOR,Store item configuration and make it available for packages.,Pass when the system behavior occurs under the cited trigger and context: Store item configuration and make it available for packages.
REQ-R0C-01115,CAP-R0C-0450,SRC-01,Complince !A3:M3,BUSINESS_RULE,Item must belong to a regulation. Item can be reused in multiple packages.,Pass when this rule is enforced and a violating path is prevented or handled: Item must belong to a regulation. Item can be reused in multiple packages.
REQ-R0C-01116,CAP-R0C-0451,SRC-01,Complince !A4:M4,USER_ACTION,"Create violation, define severity, corrective action, grace period.","Pass when the actor can complete this action and the resulting state is visible: Create violation, define severity, corrective action, grace period."
REQ-R0C-01117,CAP-R0C-0451,SRC-01,Complince !A4:M4,SYSTEM_BEHAVIOR,Link violation to inspection item.,Pass when the system behavior occurs under the cited trigger and context: Link violation to inspection item.
REQ-R0C-01118,CAP-R0C-0451,SRC-01,Complince !A4:M4,BUSINESS_RULE,Violation is generated automatically during inspection. Inspector cannot override predefined violation.,Pass when this rule is enforced and a violating path is prevented or handled: Violation is generated automatically during inspection. Inspector cannot override predefined violation.
REQ-R0C-01119,CAP-R0C-0452,SRC-01,Complince !A5:M5,USER_ACTION,"Configure penalty type, amount if applicable, grace/due rules, linked template.","Pass when the actor can complete this action and the resulting state is visible: Configure penalty type, amount if applicable, grace/due rules, linked template."
REQ-R0C-01120,CAP-R0C-0452,SRC-01,Complince !A5:M5,SYSTEM_BEHAVIOR,Store one penalty against the violation.,Pass when the system behavior occurs under the cited trigger and context: Store one penalty against the violation.
REQ-R0C-01121,CAP-R0C-0452,SRC-01,Complince !A5:M5,BUSINESS_RULE,One violation has only one penalty. Penalty is shown to inspector as information and issued only after approval.,Pass when this rule is enforced and a violating path is prevented or handled: One violation has only one penalty. Penalty is shown to inspector as information and issued only after approval.
REQ-R0C-01122,CAP-R0C-0453,SRC-01,Complince !A6:M6,USER_ACTION,"Select required evidence types: photo, video, document, comment.","Pass when the actor can complete this action and the resulting state is visible: Select required evidence types: photo, video, document, comment."
REQ-R0C-01123,CAP-R0C-0453,SRC-01,Complince !A6:M6,SYSTEM_BEHAVIOR,Enforce evidence requirements during inspection execution.,Pass when the system behavior occurs under the cited trigger and context: Enforce evidence requirements during inspection execution.
REQ-R0C-01124,CAP-R0C-0453,SRC-01,Complince !A6:M6,BUSINESS_RULE,Evidence rules are configured per inspection item. Missing mandatory evidence blocks submission.,Pass when this rule is enforced and a violating path is prevented or handled: Evidence rules are configured per inspection item. Missing mandatory evidence blocks submission.
REQ-R0C-01125,CAP-R0C-0454,SRC-01,Complince !A7:M7,USER_ACTION,"Create package, select form/report from Template Builder, attach inspection items.","Pass when the actor can complete this action and the resulting state is visible: Create package, select form/report from Template Builder, attach inspection items."
REQ-R0C-01126,CAP-R0C-0454,SRC-01,Complince !A7:M7,SYSTEM_BEHAVIOR,Store package definition and make it selectable during preparation.,Pass when the system behavior occurs under the cited trigger and context: Store package definition and make it selectable during preparation.
REQ-R0C-01127,CAP-R0C-0454,SRC-01,Complince !A7:M7,BUSINESS_RULE,Package can contain one or more forms and inspection items. Visit can support one or multiple packages if configured.,Pass when this rule is enforced and a violating path is prevented or handled: Package can contain one or more forms and inspection items. Visit can support one or multiple packages if configured.
REQ-R0C-01128,CAP-R0C-0455,SRC-01,Complince !A8:M8,USER_ACTION,"Add/remove items, mark required/optional, define order/category.","Pass when the actor can complete this action and the resulting state is visible: Add/remove items, mark required/optional, define order/category."
REQ-R0C-01129,CAP-R0C-0455,SRC-01,Complince !A8:M8,SYSTEM_BEHAVIOR,Store package-item relationship.,Pass when the system behavior occurs under the cited trigger and context: Store package-item relationship.
REQ-R0C-01130,CAP-R0C-0455,SRC-01,Complince !A8:M8,BUSINESS_RULE,Same item can be reused across packages. Required items cannot be removed during execution. Optional items may be selected/unselected by inspector.,Pass when this rule is enforced and a violating path is prevented or handled: Same item can be reused across packages. Required items cannot be removed during execution. Optional items may be selected/unselected by inspector.
REQ-R0C-01131,CAP-R0C-0455,SRC-01,Complince !A8:M8,DATA_REQUIREMENT,"Package ID, Item IDs","Pass when the cited data field or contract element is present and valid: Package ID, Item IDs"
REQ-R0C-01132,CAP-R0C-0456,SRC-01,Complince !A9:M9,USER_ACTION,Select template from Dynamic Form/Template Builder.,Pass when the actor can complete this action and the resulting state is visible: Select template from Dynamic Form/Template Builder.
REQ-R0C-01133,CAP-R0C-0456,SRC-01,Complince !A9:M9,SYSTEM_BEHAVIOR,Store template reference and version.,Pass when the system behavior occurs under the cited trigger and context: Store template reference and version.
REQ-R0C-01134,CAP-R0C-0456,SRC-01,Complince !A9:M9,BUSINESS_RULE,Template configuration is managed in Template Builder. Compliance only consumes active templates.,Pass when this rule is enforced and a violating path is prevented or handled: Template configuration is managed in Template Builder. Compliance only consumes active templates.
REQ-R0C-01135,CAP-R0C-0457,SRC-01,Complince !A10:M10,USER_ACTION,Link action form template to violation/penalty where needed.,Pass when the actor can complete this action and the resulting state is visible: Link action form template to violation/penalty where needed.
REQ-R0C-01136,CAP-R0C-0457,SRC-01,Complince !A10:M10,SYSTEM_BEHAVIOR,Generate action form when configured trigger occurs.,Pass when the system behavior occurs under the cited trigger and context: Generate action form when configured trigger occurs.
REQ-R0C-01137,CAP-R0C-0457,SRC-01,Complince !A10:M10,BUSINESS_RULE,Action forms are generated dynamically during inspection and must be completed if mandatory.,Pass when this rule is enforced and a violating path is prevented or handled: Action forms are generated dynamically during inspection and must be completed if mandatory.
REQ-R0C-01138,CAP-R0C-0458,SRC-01,Complince !A11:M11,SYSTEM_BEHAVIOR,Create immutable version of regulation/items/violations/penalties/package.,Pass when the system behavior occurs under the cited trigger and context: Create immutable version of regulation/items/violations/penalties/package.
REQ-R0C-01139,CAP-R0C-0458,SRC-01,Complince !A11:M11,BUSINESS_RULE,Execution uses locked published version. Changes affect future inspections only.,Pass when this rule is enforced and a violating path is prevented or handled: Execution uses locked published version. Changes affect future inspections only.
REQ-R0C-01140,CAP-R0C-0459,SRC-01,Complince !A12:M12,USER_ACTION,"Save draft, validate, publish, deactivate.","Pass when the actor can complete this action and the resulting state is visible: Save draft, validate, publish, deactivate."
REQ-R0C-01141,CAP-R0C-0459,SRC-01,Complince !A12:M12,SYSTEM_BEHAVIOR,Validate dependencies before publish.,Pass when the system behavior occurs under the cited trigger and context: Validate dependencies before publish.
REQ-R0C-01142,CAP-R0C-0459,SRC-01,Complince !A12:M12,BUSINESS_RULE,Only published configurations can be used in planning/preparation. Draft cannot be used in live inspection.,Pass when this rule is enforced and a violating path is prevented or handled: Only published configurations can be used in planning/preparation. Draft cannot be used in live inspection.
REQ-R0C-01143,CAP-R0C-0460,SRC-01,Complince !A13:M13,SYSTEM_BEHAVIOR,"Validate regulation, items, response types, violations, penalties, evidence rules, templates.","Pass when the system behavior occurs under the cited trigger and context: Validate regulation, items, response types, violations, penalties, evidence rules, templates."
REQ-R0C-01144,CAP-R0C-0460,SRC-01,Complince !A13:M13,BUSINESS_RULE,Package cannot be published if required dependencies are missing.,Pass when this rule is enforced and a violating path is prevented or handled: Package cannot be published if required dependencies are missing.
REQ-R0C-01145,CAP-R0C-0461,SRC-01,Complince !A14:M14,USER_ACTION,View affected packages/items/templates.,Pass when the actor can complete this action and the resulting state is visible: View affected packages/items/templates.
REQ-R0C-01146,CAP-R0C-0461,SRC-01,Complince !A14:M14,SYSTEM_BEHAVIOR,"Display packages, active visits, and future executions affected by the change.","Pass when the system behavior occurs under the cited trigger and context: Display packages, active visits, and future executions affected by the change."
REQ-R0C-01147,CAP-R0C-0461,SRC-01,Complince !A14:M14,BUSINESS_RULE,"Published changes affect future usage only, not locked inspections.","Pass when this rule is enforced and a violating path is prevented or handled: Published changes affect future usage only, not locked inspections."
REQ-R0C-01148,CAP-R0C-0462,SRC-01,Complince !A15:M15,SYSTEM_BEHAVIOR,Mark config inactive and prevent future use.,Pass when the system behavior occurs under the cited trigger and context: Mark config inactive and prevent future use.
REQ-R0C-01149,CAP-R0C-0462,SRC-01,Complince !A15:M15,BUSINESS_RULE,Deactivation does not delete historical data. Reason is mandatory.,Pass when this rule is enforced and a violating path is prevented or handled: Deactivation does not delete historical data. Reason is mandatory.
REQ-R0C-01150,CAP-R0C-0463,SRC-01,Complince !A16:M16,SYSTEM_BEHAVIOR,"Log create, update, publish, deactivate, template link, item assignment.","Pass when the system behavior occurs under the cited trigger and context: Log create, update, publish, deactivate, template link, item assignment."
REQ-R0C-01151,CAP-R0C-0463,SRC-01,Complince !A16:M16,BUSINESS_RULE,All configuration changes are immutable and auditable.,Pass when this rule is enforced and a violating path is prevented or handled: All configuration changes are immutable and auditable.
REQ-R0C-01152,CAP-R0C-0464,SRC-01,Complince !A17:M17,USER_ACTION,"Create section, name AR/EN, define order, assign items.","Pass when the actor can complete this action and the resulting state is visible: Create section, name AR/EN, define order, assign items."
REQ-R0C-01153,CAP-R0C-0464,SRC-01,Complince !A17:M17,SYSTEM_BEHAVIOR,Store section and render it in execution checklist.,Pass when the system behavior occurs under the cited trigger and context: Store section and render it in execution checklist.
REQ-R0C-01154,CAP-R0C-0464,SRC-01,Complince !A17:M17,BUSINESS_RULE,Sections are configurable per package. Items must appear under a section or default group.,Pass when this rule is enforced and a violating path is prevented or handled: Sections are configurable per package. Items must appear under a section or default group.
REQ-R0C-01155,CAP-R0C-0464,SRC-01,Complince !A17:M17,DATA_REQUIREMENT,"Section name, order, items","Pass when the cited data field or contract element is present and valid: Section name, order, items"
REQ-R0C-01156,CAP-R0C-0465,SRC-01,Complince !A18:M18,SYSTEM_BEHAVIOR,Save sort order and render items accordingly.,Pass when the system behavior occurs under the cited trigger and context: Save sort order and render items accordingly.
REQ-R0C-01157,CAP-R0C-0465,SRC-01,Complince !A18:M18,BUSINESS_RULE,No hardcoded order. Order follows package configuration.,Pass when this rule is enforced and a violating path is prevented or handled: No hardcoded order. Order follows package configuration.
REQ-R0C-01158,CAP-R0C-0465,SRC-01,Complince !A18:M18,ACCEPTANCE_CRITERION,Items display in configured order.,Pass when the source-stated acceptance condition is demonstrated: Items display in configured order.
REQ-R0C-01159,CAP-R0C-0466,SRC-01,Complince !A19:M19,USER_ACTION,Select Required / Optional / Conditional.,Pass when the actor can complete this action and the resulting state is visible: Select Required / Optional / Conditional.
REQ-R0C-01160,CAP-R0C-0466,SRC-01,Complince !A19:M19,SYSTEM_BEHAVIOR,Store rule and enforce during execution.,Pass when the system behavior occurs under the cited trigger and context: Store rule and enforce during execution.
REQ-R0C-01161,CAP-R0C-0466,SRC-01,Complince !A19:M19,BUSINESS_RULE,Required items cannot be unselected. Optional items can be unselected. Conditional items appear only when conditions are met.,Pass when this rule is enforced and a violating path is prevented or handled: Required items cannot be unselected. Optional items can be unselected. Conditional items appear only when conditions are met.
REQ-R0C-01162,CAP-R0C-0466,SRC-01,Complince !A19:M19,ACCEPTANCE_CRITERION,Execution respects required/optional/conditional behavior.,Pass when the source-stated acceptance condition is demonstrated: Execution respects required/optional/conditional behavior.
REQ-R0C-01163,CAP-R0C-0467,SRC-01,Complince !A20:M20,USER_ACTION,Map each response to compliance result.,Pass when the actor can complete this action and the resulting state is visible: Map each response to compliance result.
REQ-R0C-01164,CAP-R0C-0467,SRC-01,Complince !A20:M20,SYSTEM_BEHAVIOR,Store mapping and use it during inspection execution.,Pass when the system behavior occurs under the cited trigger and context: Store mapping and use it during inspection execution.
REQ-R0C-01165,CAP-R0C-0467,SRC-01,Complince !A20:M20,BUSINESS_RULE,"Response outcome must be configurable, not hardcoded.","Pass when this rule is enforced and a violating path is prevented or handled: Response outcome must be configurable, not hardcoded."
REQ-R0C-01166,CAP-R0C-0468,SRC-01,Complince !A21:M21,USER_ACTION,Define Compliant / Non-Compliant / N/A / Needs Review.,Pass when the actor can complete this action and the resulting state is visible: Define Compliant / Non-Compliant / N/A / Needs Review.
REQ-R0C-01167,CAP-R0C-0468,SRC-01,Complince !A21:M21,SYSTEM_BEHAVIOR,Evaluate response during execution and produce result.,Pass when the system behavior occurs under the cited trigger and context: Evaluate response during execution and produce result.
REQ-R0C-01168,CAP-R0C-0468,SRC-01,Complince !A21:M21,BUSINESS_RULE,Non-compliant may trigger violation. N/A may be excluded from scoring. Needs Review may be flagged for reviewer.,Pass when this rule is enforced and a violating path is prevented or handled: Non-compliant may trigger violation. N/A may be excluded from scoring. Needs Review may be flagged for reviewer.
REQ-R0C-01169,CAP-R0C-0469,SRC-01,Complince !A22:M22,SYSTEM_BEHAVIOR,Evaluate condition at runtime and show/hide items.,Pass when the system behavior occurs under the cited trigger and context: Evaluate condition at runtime and show/hide items.
REQ-R0C-01170,CAP-R0C-0469,SRC-01,Complince !A22:M22,BUSINESS_RULE,Hidden conditional items are excluded from mandatory validation.,Pass when this rule is enforced and a violating path is prevented or handled: Hidden conditional items are excluded from mandatory validation.
REQ-R0C-01171,CAP-R0C-0469,SRC-01,Complince !A22:M22,DATA_REQUIREMENT,"Parent item, answer, target item","Pass when the cited data field or contract element is present and valid: Parent item, answer, target item"
REQ-R0C-01172,CAP-R0C-0470,SRC-01,Complince !A23:M23,USER_ACTION,Define when item becomes mandatory.,Pass when the actor can complete this action and the resulting state is visible: Define when item becomes mandatory.
REQ-R0C-01173,CAP-R0C-0470,SRC-01,Complince !A23:M23,SYSTEM_BEHAVIOR,Enforce mandatory rule only when condition applies.,Pass when the system behavior occurs under the cited trigger and context: Enforce mandatory rule only when condition applies.
REQ-R0C-01174,CAP-R0C-0470,SRC-01,Complince !A23:M23,BUSINESS_RULE,Conditional mandatory items block submission only when active.,Pass when this rule is enforced and a violating path is prevented or handled: Conditional mandatory items block submission only when active.
REQ-R0C-01175,CAP-R0C-0471,SRC-01,Complince !A24:M24,SYSTEM_BEHAVIOR,Store score and pass it to health/risk calculation after approval.,Pass when the system behavior occurs under the cited trigger and context: Store score and pass it to health/risk calculation after approval.
REQ-R0C-01176,CAP-R0C-0471,SRC-01,Complince !A24:M24,BUSINESS_RULE,Score does not replace violation logic. It supports analytics/health calculation.,Pass when this rule is enforced and a violating path is prevented or handled: Score does not replace violation logic. It supports analytics/health calculation.
REQ-R0C-01177,CAP-R0C-0472,SRC-01,Complince !A25:M25,SYSTEM_BEHAVIOR,Mark item as excluded from score calculation.,Pass when the system behavior occurs under the cited trigger and context: Mark item as excluded from score calculation.
REQ-R0C-01178,CAP-R0C-0472,SRC-01,Complince !A25:M25,BUSINESS_RULE,N/A or excluded items do not affect score.,Pass when this rule is enforced and a violating path is prevented or handled: N/A or excluded items do not affect score.
REQ-R0C-01179,CAP-R0C-0473,SRC-01,Complince !A26:M26,USER_ACTION,Define evidence rule per response.,Pass when the actor can complete this action and the resulting state is visible: Define evidence rule per response.
REQ-R0C-01180,CAP-R0C-0473,SRC-01,Complince !A26:M26,SYSTEM_BEHAVIOR,Enforce evidence requirement at execution.,Pass when the system behavior occurs under the cited trigger and context: Enforce evidence requirement at execution.
REQ-R0C-01181,CAP-R0C-0473,SRC-01,Complince !A26:M26,BUSINESS_RULE,Base rule is per item,Pass when this rule is enforced and a violating path is prevented or handled: Base rule is per item
REQ-R0C-01182,CAP-R0C-0473,SRC-01,Complince !A26:M26,BUSINESS_RULE,response-level evidence can override if configured.,Pass when this rule is enforced and a violating path is prevented or handled: response-level evidence can override if configured.
REQ-R0C-01183,CAP-R0C-0474,SRC-01,Complince !A27:M27,USER_ACTION,Link non-compliant result to violation.,Pass when the actor can complete this action and the resulting state is visible: Link non-compliant result to violation.
REQ-R0C-01184,CAP-R0C-0474,SRC-01,Complince !A27:M27,SYSTEM_BEHAVIOR,Generate violation when mapped response is selected.,Pass when the system behavior occurs under the cited trigger and context: Generate violation when mapped response is selected.
REQ-R0C-01185,CAP-R0C-0474,SRC-01,Complince !A27:M27,BUSINESS_RULE,Inspector cannot override generated violation.,Pass when this rule is enforced and a violating path is prevented or handled: Inspector cannot override generated violation.
REQ-R0C-01186,CAP-R0C-0475,SRC-01,Complince !A28:M28,USER_ACTION,Mark action form optional/mandatory.,Pass when the actor can complete this action and the resulting state is visible: Mark action form optional/mandatory.
REQ-R0C-01187,CAP-R0C-0475,SRC-01,Complince !A28:M28,SYSTEM_BEHAVIOR,Enforce completion if mandatory.,Pass when the system behavior occurs under the cited trigger and context: Enforce completion if mandatory.
REQ-R0C-01188,CAP-R0C-0475,SRC-01,Complince !A28:M28,BUSINESS_RULE,Mandatory action forms block submission if incomplete.,Pass when this rule is enforced and a violating path is prevented or handled: Mandatory action forms block submission if incomplete.
REQ-R0C-01189,CAP-R0C-0475,SRC-01,Complince !A28:M28,ACCEPTANCE_CRITERION,Execution blocks submission when required form is incomplete.,Pass when the source-stated acceptance condition is demonstrated: Execution blocks submission when required form is incomplete.
REQ-R0C-01190,CAP-R0C-0476,SRC-01,Complince !A29:M29,SYSTEM_BEHAVIOR,Render package as it will appear to inspector.,Pass when the system behavior occurs under the cited trigger and context: Render package as it will appear to inspector.
REQ-R0C-01191,CAP-R0C-0476,SRC-01,Complince !A29:M29,BUSINESS_RULE,Preview does not publish configuration.,Pass when this rule is enforced and a violating path is prevented or handled: Preview does not publish configuration.
REQ-R0C-01192,CAP-R0C-0477,SRC-01,Complince !A30:M30,SYSTEM_BEHAVIOR,"Validate sections, items, response mapping, violations, penalties, evidence, templates, action forms.","Pass when the system behavior occurs under the cited trigger and context: Validate sections, items, response mapping, violations, penalties, evidence, templates, action forms."
REQ-R0C-01193,CAP-R0C-0477,SRC-01,Complince !A30:M30,BUSINESS_RULE,Package cannot be published with missing dependencies.,Pass when this rule is enforced and a violating path is prevented or handled: Package cannot be published with missing dependencies.
REQ-R0C-01194,CAP-R0C-0477,SRC-01,Complince !A30:M30,ACCEPTANCE_CRITERION,Admin sees clear validation errors before publish.,Pass when the source-stated acceptance condition is demonstrated: Admin sees clear validation errors before publish.
REQ-R0C-01195,CAP-R0C-0478,SRC-01,Complince !A31:M31,SYSTEM_BEHAVIOR,Lock published package version when selected for visit.,Pass when the system behavior occurs under the cited trigger and context: Lock published package version when selected for visit.
REQ-R0C-01196,CAP-R0C-0478,SRC-01,Complince !A31:M31,BUSINESS_RULE,Later configuration changes do not affect active/previous inspections.,Pass when this rule is enforced and a violating path is prevented or handled: Later configuration changes do not affect active/previous inspections.
REQ-R0C-01197,CAP-R0C-0479,SRC-02,Stratgic View !A2:D2,DATA_REQUIREMENT,Dashboard shall expose KPI 'Compliance rate trend' using the source-defined calculation and meaning.,Pass when the cited data field or contract element is present and valid: Dashboard shall expose KPI 'Compliance rate trend' using the source-defined calculation and meaning.
REQ-R0C-01198,CAP-R0C-0480,SRC-02,Stratgic View !A3:D3,DATA_REQUIREMENT,Dashboard shall expose KPI 'Risk distribution' using the source-defined calculation and meaning.,Pass when the cited data field or contract element is present and valid: Dashboard shall expose KPI 'Risk distribution' using the source-defined calculation and meaning.
REQ-R0C-01199,CAP-R0C-0481,SRC-02,Stratgic View !A4:D4,DATA_REQUIREMENT,Dashboard shall expose KPI 'Violation trend' using the source-defined calculation and meaning.,Pass when the cited data field or contract element is present and valid: Dashboard shall expose KPI 'Violation trend' using the source-defined calculation and meaning.
REQ-R0C-01200,CAP-R0C-0482,SRC-02,Stratgic View !A5:D5,DATA_REQUIREMENT,Dashboard shall expose KPI 'Decision mix (Inspection Approvals)' using the source-defined calculation and meaning.,Pass when the cited data field or contract element is present and valid: Dashboard shall expose KPI 'Decision mix (Inspection Approvals)' using the source-defined calculation and meaning.
REQ-R0C-01201,CAP-R0C-0483,SRC-02,Stratgic View !A6:D6,DATA_REQUIREMENT,Dashboard shall expose KPI 'License exposure' using the source-defined calculation and meaning.,Pass when the cited data field or contract element is present and valid: Dashboard shall expose KPI 'License exposure' using the source-defined calculation and meaning.
REQ-R0C-01202,CAP-R0C-0484,SRC-02,Stratgic View !A7:D7,DATA_REQUIREMENT,Dashboard shall expose KPI 'Cancellation rate' using the source-defined calculation and meaning.,Pass when the cited data field or contract element is present and valid: Dashboard shall expose KPI 'Cancellation rate' using the source-defined calculation and meaning.
REQ-R0C-01203,CAP-R0C-0485,SRC-02,Stratgic View !A8:D8,DATA_REQUIREMENT,Dashboard shall expose KPI 'Coverage' using the source-defined calculation and meaning.,Pass when the cited data field or contract element is present and valid: Dashboard shall expose KPI 'Coverage' using the source-defined calculation and meaning.
REQ-R0C-01204,CAP-R0C-0486,SRC-02,Stratgic View !A9:D9,DATA_REQUIREMENT,"Dashboard shall expose KPI 'Uninspected factories, by stage/sector/ region' using the source-defined calculation and meaning.","Pass when the cited data field or contract element is present and valid: Dashboard shall expose KPI 'Uninspected factories, by stage/sector/ region' using the source-defined calculation and meaning."
REQ-R0C-01205,CAP-R0C-0487,SRC-02,Stratgic View !A10:D10,DATA_REQUIREMENT,Dashboard shall expose KPI 'Checklist items per authority' using the source-defined calculation and meaning.,Pass when the cited data field or contract element is present and valid: Dashboard shall expose KPI 'Checklist items per authority' using the source-defined calculation and meaning.
REQ-R0C-01206,CAP-R0C-0488,SRC-02,Stratgic View !A11:D11,DATA_REQUIREMENT,Dashboard shall expose KPI 'Risk-to-attention mismatch' using the source-defined calculation and meaning.,Pass when the cited data field or contract element is present and valid: Dashboard shall expose KPI 'Risk-to-attention mismatch' using the source-defined calculation and meaning.
REQ-R0C-01207,CAP-R0C-0489,SRC-02,Stratgic View !A12:D12,DATA_REQUIREMENT,Dashboard shall expose KPI 'Repeat violation rate' using the source-defined calculation and meaning.,Pass when the cited data field or contract element is present and valid: Dashboard shall expose KPI 'Repeat violation rate' using the source-defined calculation and meaning.
REQ-R0C-01208,CAP-R0C-0490,SRC-02,Stratgic View !A18:D18,DATA_REQUIREMENT,Dashboard shall expose KPI 'Field' using the source-defined calculation and meaning.,Pass when the cited data field or contract element is present and valid: Dashboard shall expose KPI 'Field' using the source-defined calculation and meaning.
REQ-R0C-01209,CAP-R0C-0491,SRC-02,Stratgic View !A19:D19,DATA_REQUIREMENT,Dashboard shall expose KPI 'Capability' using the source-defined calculation and meaning.,Pass when the cited data field or contract element is present and valid: Dashboard shall expose KPI 'Capability' using the source-defined calculation and meaning.
REQ-R0C-01210,CAP-R0C-0492,SRC-02,Stratgic View !A20:D20,DATA_REQUIREMENT,Dashboard shall expose KPI 'Purpose' using the source-defined calculation and meaning.,Pass when the cited data field or contract element is present and valid: Dashboard shall expose KPI 'Purpose' using the source-defined calculation and meaning.
REQ-R0C-01211,CAP-R0C-0493,SRC-02,Stratgic View !A21:D21,DATA_REQUIREMENT,Dashboard shall expose KPI 'User Flow' using the source-defined calculation and meaning.,Pass when the cited data field or contract element is present and valid: Dashboard shall expose KPI 'User Flow' using the source-defined calculation and meaning.
REQ-R0C-01212,CAP-R0C-0494,SRC-02,Stratgic View !A22:D22,DATA_REQUIREMENT,Dashboard shall expose KPI 'User Actions' using the source-defined calculation and meaning.,Pass when the cited data field or contract element is present and valid: Dashboard shall expose KPI 'User Actions' using the source-defined calculation and meaning.
REQ-R0C-01213,CAP-R0C-0495,SRC-02,Stratgic View !A23:D23,DATA_REQUIREMENT,Dashboard shall expose KPI 'System Actions' using the source-defined calculation and meaning.,Pass when the cited data field or contract element is present and valid: Dashboard shall expose KPI 'System Actions' using the source-defined calculation and meaning.
REQ-R0C-01214,CAP-R0C-0496,SRC-02,Stratgic View !A24:D24,DATA_REQUIREMENT,Dashboard shall expose KPI 'AI Actions' using the source-defined calculation and meaning.,Pass when the cited data field or contract element is present and valid: Dashboard shall expose KPI 'AI Actions' using the source-defined calculation and meaning.
REQ-R0C-01215,CAP-R0C-0497,SRC-02,Stratgic View !A25:D25,DATA_REQUIREMENT,Dashboard shall expose KPI 'Inputs' using the source-defined calculation and meaning.,Pass when the cited data field or contract element is present and valid: Dashboard shall expose KPI 'Inputs' using the source-defined calculation and meaning.
REQ-R0C-01216,CAP-R0C-0498,SRC-02,Stratgic View !A26:D26,DATA_REQUIREMENT,Dashboard shall expose KPI 'Outputs' using the source-defined calculation and meaning.,Pass when the cited data field or contract element is present and valid: Dashboard shall expose KPI 'Outputs' using the source-defined calculation and meaning.
REQ-R0C-01217,CAP-R0C-0499,SRC-02,Stratgic View !A27:D27,DATA_REQUIREMENT,Dashboard shall expose KPI 'Business Rules' using the source-defined calculation and meaning.,Pass when the cited data field or contract element is present and valid: Dashboard shall expose KPI 'Business Rules' using the source-defined calculation and meaning.
REQ-R0C-01218,CAP-R0C-0500,SRC-02,Stratgic View !A28:D28,DATA_REQUIREMENT,Dashboard shall expose KPI 'Personas' using the source-defined calculation and meaning.,Pass when the cited data field or contract element is present and valid: Dashboard shall expose KPI 'Personas' using the source-defined calculation and meaning.
REQ-R0C-01219,CAP-R0C-0501,SRC-02,Stratgic View !A29:D29,DATA_REQUIREMENT,Dashboard shall expose KPI 'Dependencies' using the source-defined calculation and meaning.,Pass when the cited data field or contract element is present and valid: Dashboard shall expose KPI 'Dependencies' using the source-defined calculation and meaning.
REQ-R0C-01220,CAP-R0C-0502,SRC-02,Stratgic View !A30:D30,DATA_REQUIREMENT,Dashboard shall expose KPI 'Acceptance Criteria' using the source-defined calculation and meaning.,Pass when the cited data field or contract element is present and valid: Dashboard shall expose KPI 'Acceptance Criteria' using the source-defined calculation and meaning.
REQ-R0C-01221,CAP-R0C-0503,SRC-02,Ops view!A2:D2,DATA_REQUIREMENT,Dashboard shall expose KPI 'Visit pipeline' using the source-defined calculation and meaning.,Pass when the cited data field or contract element is present and valid: Dashboard shall expose KPI 'Visit pipeline' using the source-defined calculation and meaning.
REQ-R0C-01222,CAP-R0C-0504,SRC-02,Ops view!A3:D3,DATA_REQUIREMENT,Dashboard shall expose KPI 'Expiring soon' using the source-defined calculation and meaning.,Pass when the cited data field or contract element is present and valid: Dashboard shall expose KPI 'Expiring soon' using the source-defined calculation and meaning.
REQ-R0C-01223,CAP-R0C-0505,SRC-02,Ops view!A4:D4,DATA_REQUIREMENT,Dashboard shall expose KPI 'Active executions' using the source-defined calculation and meaning.,Pass when the cited data field or contract element is present and valid: Dashboard shall expose KPI 'Active executions' using the source-defined calculation and meaning.
REQ-R0C-01224,CAP-R0C-0506,SRC-02,Ops view!A5:D5,DATA_REQUIREMENT,Dashboard shall expose KPI 'Pending approvals' using the source-defined calculation and meaning.,Pass when the cited data field or contract element is present and valid: Dashboard shall expose KPI 'Pending approvals' using the source-defined calculation and meaning.
REQ-R0C-01225,CAP-R0C-0507,SRC-02,Ops view!A6:D6,DATA_REQUIREMENT,Dashboard shall expose KPI 'Pending publish' using the source-defined calculation and meaning.,Pass when the cited data field or contract element is present and valid: Dashboard shall expose KPI 'Pending publish' using the source-defined calculation and meaning.
REQ-R0C-01226,CAP-R0C-0508,SRC-02,Ops view!A7:D7,DATA_REQUIREMENT,Dashboard shall expose KPI 'Today's schedule load' using the source-defined calculation and meaning.,Pass when the cited data field or contract element is present and valid: Dashboard shall expose KPI 'Today's schedule load' using the source-defined calculation and meaning.
REQ-R0C-01227,CAP-R0C-0509,SRC-02,Ops view!A8:D8,DATA_REQUIREMENT,Dashboard shall expose KPI 'GPS overrides today' using the source-defined calculation and meaning.,Pass when the cited data field or contract element is present and valid: Dashboard shall expose KPI 'GPS overrides today' using the source-defined calculation and meaning.
REQ-R0C-01228,CAP-R0C-0510,SRC-02,Ops view!A9:D9,DATA_REQUIREMENT,Dashboard shall expose KPI 'Live activity feed' using the source-defined calculation and meaning.,Pass when the cited data field or contract element is present and valid: Dashboard shall expose KPI 'Live activity feed' using the source-defined calculation and meaning.
REQ-R0C-01229,CAP-R0C-0511,SRC-02,Ops view!A17:D17,DATA_REQUIREMENT,Dashboard shall expose KPI 'Field' using the source-defined calculation and meaning.,Pass when the cited data field or contract element is present and valid: Dashboard shall expose KPI 'Field' using the source-defined calculation and meaning.
REQ-R0C-01230,CAP-R0C-0512,SRC-02,Ops view!A18:D18,DATA_REQUIREMENT,Dashboard shall expose KPI 'Capability' using the source-defined calculation and meaning.,Pass when the cited data field or contract element is present and valid: Dashboard shall expose KPI 'Capability' using the source-defined calculation and meaning.
REQ-R0C-01231,CAP-R0C-0513,SRC-02,Ops view!A19:D19,DATA_REQUIREMENT,Dashboard shall expose KPI 'Purpose' using the source-defined calculation and meaning.,Pass when the cited data field or contract element is present and valid: Dashboard shall expose KPI 'Purpose' using the source-defined calculation and meaning.
REQ-R0C-01232,CAP-R0C-0514,SRC-02,Ops view!A20:D20,DATA_REQUIREMENT,Dashboard shall expose KPI 'User Flow' using the source-defined calculation and meaning.,Pass when the cited data field or contract element is present and valid: Dashboard shall expose KPI 'User Flow' using the source-defined calculation and meaning.
REQ-R0C-01233,CAP-R0C-0515,SRC-02,Ops view!A21:D21,DATA_REQUIREMENT,Dashboard shall expose KPI 'User Actions' using the source-defined calculation and meaning.,Pass when the cited data field or contract element is present and valid: Dashboard shall expose KPI 'User Actions' using the source-defined calculation and meaning.
REQ-R0C-01234,CAP-R0C-0516,SRC-02,Ops view!A22:D22,DATA_REQUIREMENT,Dashboard shall expose KPI 'System Actions' using the source-defined calculation and meaning.,Pass when the cited data field or contract element is present and valid: Dashboard shall expose KPI 'System Actions' using the source-defined calculation and meaning.
REQ-R0C-01235,CAP-R0C-0517,SRC-02,Ops view!A23:D23,DATA_REQUIREMENT,Dashboard shall expose KPI 'AI Actions' using the source-defined calculation and meaning.,Pass when the cited data field or contract element is present and valid: Dashboard shall expose KPI 'AI Actions' using the source-defined calculation and meaning.
REQ-R0C-01236,CAP-R0C-0518,SRC-02,Ops view!A24:D24,DATA_REQUIREMENT,Dashboard shall expose KPI 'Outputs' using the source-defined calculation and meaning.,Pass when the cited data field or contract element is present and valid: Dashboard shall expose KPI 'Outputs' using the source-defined calculation and meaning.
REQ-R0C-01237,CAP-R0C-0519,SRC-02,Ops view!A25:D25,DATA_REQUIREMENT,Dashboard shall expose KPI 'Business Rules' using the source-defined calculation and meaning.,Pass when the cited data field or contract element is present and valid: Dashboard shall expose KPI 'Business Rules' using the source-defined calculation and meaning.
REQ-R0C-01238,CAP-R0C-0520,SRC-02,Ops view!A26:D26,DATA_REQUIREMENT,Dashboard shall expose KPI 'Personas' using the source-defined calculation and meaning.,Pass when the cited data field or contract element is present and valid: Dashboard shall expose KPI 'Personas' using the source-defined calculation and meaning.
REQ-R0C-01239,CAP-R0C-0521,SRC-02,Ops view!A27:D27,DATA_REQUIREMENT,Dashboard shall expose KPI 'Acceptance Criteria' using the source-defined calculation and meaning.,Pass when the cited data field or contract element is present and valid: Dashboard shall expose KPI 'Acceptance Criteria' using the source-defined calculation and meaning.
REQ-R0C-01240,CAP-R0C-0522,SRC-03,IPad Scope !A2:C2,BUSINESS_REQUIREMENT,iPad/PWA module 'Dashboard' shall support: Operational command center.,Pass when the normalized obligation is demonstrably satisfied at the cited source location: iPad/PWA module 'Dashboard' shall support: Operational command center.
REQ-R0C-01241,CAP-R0C-0523,SRC-03,IPad Scope !A3:C3,BUSINESS_REQUIREMENT,iPad/PWA module 'Execution' shall support: Complete inspection lifecycle.,Pass when the normalized obligation is demonstrably satisfied at the cited source location: iPad/PWA module 'Execution' shall support: Complete inspection lifecycle.
REQ-R0C-01242,CAP-R0C-0524,SRC-03,IPad Scope !A4:C4,BUSINESS_REQUIREMENT,iPad/PWA module 'Factory 360' shall support: Factory intelligence.,Pass when the normalized obligation is demonstrably satisfied at the cited source location: iPad/PWA module 'Factory 360' shall support: Factory intelligence.
REQ-R0C-01243,CAP-R0C-0525,SRC-03,IPad Scope !A5:C5,BUSINESS_REQUIREMENT,iPad/PWA module 'Global Search' shall support: Quickly locate factories and inspections.,Pass when the normalized obligation is demonstrably satisfied at the cited source location: iPad/PWA module 'Global Search' shall support: Quickly locate factories and inspections.
REQ-R0C-01244,CAP-R0C-0525,SRC-03,IPad Scope !A5:C5,SYSTEM_BEHAVIOR,"Search by Factory Name, CR Number, License Number, Visit ID, Inspection ID","Pass when the system behavior occurs under the cited trigger and context: Search by Factory Name, CR Number, License Number, Visit ID, Inspection ID"
REQ-R0C-01245,CAP-R0C-0526,SRC-03,IPad Scope !A6:C6,BUSINESS_REQUIREMENT,iPad/PWA module 'Notifications' shall support: Operational communication.,Pass when the normalized obligation is demonstrably satisfied at the cited source location: iPad/PWA module 'Notifications' shall support: Operational communication.
REQ-R0C-01246,CAP-R0C-0527,SRC-03,IPad Scope !A7:C7,BUSINESS_REQUIREMENT,iPad/PWA module 'Offline Services' shall support: Field execution without connectivity.,Pass when the normalized obligation is demonstrably satisfied at the cited source location: iPad/PWA module 'Offline Services' shall support: Field execution without connectivity.
REQ-R0C-01247,CAP-R0C-0528,SRC-03,IPad Scope !A8:C8,BUSINESS_REQUIREMENT,iPad/PWA module 'Settings' shall support: User preferences.,Pass when the normalized obligation is demonstrably satisfied at the cited source location: iPad/PWA module 'Settings' shall support: User preferences.
REQ-R0C-01248,CAP-R0C-0529,SRC-03,IPad Scope !A13:C13,BUSINESS_REQUIREMENT,iPad/PWA module 'Execution Scope' shall support: .,Pass when the normalized obligation is demonstrably satisfied at the cited source location: iPad/PWA module 'Execution Scope' shall support: .
REQ-R0C-01249,CAP-R0C-0530,SRC-03,IPad Scope !A14:C14,BUSINESS_REQUIREMENT,iPad/PWA module 'Phase' shall support: Scope.,Pass when the normalized obligation is demonstrably satisfied at the cited source location: iPad/PWA module 'Phase' shall support: Scope.
REQ-R0C-01250,CAP-R0C-0531,SRC-03,IPad Scope !A15:C15,BUSINESS_REQUIREMENT,"iPad/PWA module 'Planning' shall support: Calendar View, Assigned Visits, Route Planning, Map View, Immediate Visit Creation.","Pass when the normalized obligation is demonstrably satisfied at the cited source location: iPad/PWA module 'Planning' shall support: Calendar View, Assigned Visits, Route Planning, Map View, Immediate Visit Creation."
REQ-R0C-01251,CAP-R0C-0532,SRC-03,IPad Scope !A16:C16,BUSINESS_REQUIREMENT,"iPad/PWA module 'Preparation' shall support: Visit Details, Factory Snapshot, Previous Inspections, AI Brief, Required Documents.","Pass when the normalized obligation is demonstrably satisfied at the cited source location: iPad/PWA module 'Preparation' shall support: Visit Details, Factory Snapshot, Previous Inspections, AI Brief, Required Documents."
REQ-R0C-01252,CAP-R0C-0533,SRC-03,IPad Scope !A17:C17,BUSINESS_REQUIREMENT,"iPad/PWA module 'Travel' shall support: Start Journey, Navigation, GPS Tracking, Arrival Verification.","Pass when the normalized obligation is demonstrably satisfied at the cited source location: iPad/PWA module 'Travel' shall support: Start Journey, Navigation, GPS Tracking, Arrival Verification."
REQ-R0C-01253,CAP-R0C-0534,SRC-03,IPad Scope !A18:C18,BUSINESS_REQUIREMENT,"iPad/PWA module 'Inspection' shall support: Dynamic Inspection Forms, Evidence Collection, Violations, Penalties, Action Forms, Digital Signatures, AI Assistant.","Pass when the normalized obligation is demonstrably satisfied at the cited source location: iPad/PWA module 'Inspection' shall support: Dynamic Inspection Forms, Evidence Collection, Violations, Penalties, Action Forms, Digital Signatures, AI Assistant."
REQ-R0C-01254,CAP-R0C-0535,SRC-03,IPad Scope !A19:C19,BUSINESS_REQUIREMENT,"iPad/PWA module 'Completion' shall support: Review, Validation, Submit, Drafts, Returned Inspections, Synchronization.","Pass when the normalized obligation is demonstrably satisfied at the cited source location: iPad/PWA module 'Completion' shall support: Review, Validation, Submit, Drafts, Returned Inspections, Synchronization."
REQ-R0C-01255,CAP-R0C-0536,SRC-03,IPad Scope !A22:C22,BUSINESS_REQUIREMENT,iPad/PWA module 'Cross-Cutting Capabilities' shall support: .,Pass when the normalized obligation is demonstrably satisfied at the cited source location: iPad/PWA module 'Cross-Cutting Capabilities' shall support: .
REQ-R0C-01256,CAP-R0C-0537,SRC-03,IPad Scope !A23:C23,BUSINESS_REQUIREMENT,iPad/PWA module 'Capability' shall support: Used By.,Pass when the normalized obligation is demonstrably satisfied at the cited source location: iPad/PWA module 'Capability' shall support: Used By.
REQ-R0C-01257,CAP-R0C-0538,SRC-03,IPad Scope !A24:C24,BUSINESS_REQUIREMENT,"iPad/PWA module 'AI Services' shall support: Dashboard, Factory 360, Execution.","Pass when the normalized obligation is demonstrably satisfied at the cited source location: iPad/PWA module 'AI Services' shall support: Dashboard, Factory 360, Execution."
REQ-R0C-01258,CAP-R0C-0539,SRC-03,IPad Scope !A25:C25,BUSINESS_REQUIREMENT,"iPad/PWA module 'Factory Card' shall support: Dashboard, Factory 360, Execution.","Pass when the normalized obligation is demonstrably satisfied at the cited source location: iPad/PWA module 'Factory Card' shall support: Dashboard, Factory 360, Execution."
REQ-R0C-01259,CAP-R0C-0540,SRC-03,IPad Scope !A26:C26,BUSINESS_REQUIREMENT,"iPad/PWA module 'Visit Card' shall support: Dashboard, Execution.","Pass when the normalized obligation is demonstrably satisfied at the cited source location: iPad/PWA module 'Visit Card' shall support: Dashboard, Execution."
REQ-R0C-01260,CAP-R0C-0541,SRC-03,IPad Scope !A27:C27,BUSINESS_REQUIREMENT,"iPad/PWA module 'Maps' shall support: Dashboard, Planning, Travel.","Pass when the normalized obligation is demonstrably satisfied at the cited source location: iPad/PWA module 'Maps' shall support: Dashboard, Planning, Travel."
REQ-R0C-01261,CAP-R0C-0542,SRC-03,IPad Scope !A28:C28,BUSINESS_REQUIREMENT,"iPad/PWA module 'Live Tracking' shall support: Travel, Dashboard.","Pass when the normalized obligation is demonstrably satisfied at the cited source location: iPad/PWA module 'Live Tracking' shall support: Travel, Dashboard."
REQ-R0C-01262,CAP-R0C-0543,SRC-03,IPad Scope !A29:C29,BUSINESS_REQUIREMENT,"iPad/PWA module 'GPS Services' shall support: Travel, Arrival Verification.","Pass when the normalized obligation is demonstrably satisfied at the cited source location: iPad/PWA module 'GPS Services' shall support: Travel, Arrival Verification."
REQ-R0C-01263,CAP-R0C-0544,SRC-03,IPad Scope !A30:C30,BUSINESS_REQUIREMENT,iPad/PWA module 'Notifications' shall support: All Modules.,Pass when the normalized obligation is demonstrably satisfied at the cited source location: iPad/PWA module 'Notifications' shall support: All Modules.
REQ-R0C-01264,CAP-R0C-0545,SRC-03,IPad Scope !A31:C31,BUSINESS_REQUIREMENT,"iPad/PWA module 'Synchronization' shall support: Dashboard, Completion.","Pass when the normalized obligation is demonstrably satisfied at the cited source location: iPad/PWA module 'Synchronization' shall support: Dashboard, Completion."
REQ-R0C-01265,CAP-R0C-0546,SRC-03,IPad Scope !A32:C32,BUSINESS_REQUIREMENT,iPad/PWA module 'Offline Mode' shall support: Entire Application.,Pass when the normalized obligation is demonstrably satisfied at the cited source location: iPad/PWA module 'Offline Mode' shall support: Entire Application.
REQ-R0C-01266,CAP-R0C-0547,SRC-03,IPad Scope !A33:C33,BUSINESS_REQUIREMENT,"iPad/PWA module 'Digital Signature' shall support: Inspection, Completion.","Pass when the normalized obligation is demonstrably satisfied at the cited source location: iPad/PWA module 'Digital Signature' shall support: Inspection, Completion."
REQ-R0C-01267,CAP-R0C-0548,SRC-03,IPad Scope !A34:C34,BUSINESS_REQUIREMENT,iPad/PWA module 'Media Capture' shall support: Inspection.,Pass when the normalized obligation is demonstrably satisfied at the cited source location: iPad/PWA module 'Media Capture' shall support: Inspection.
REQ-R0C-01268,CAP-R0C-0549,SRC-03,IPad Scope !A35:C35,BUSINESS_REQUIREMENT,"iPad/PWA module 'Global Search' shall support: Dashboard, Factory 360.","Pass when the normalized obligation is demonstrably satisfied at the cited source location: iPad/PWA module 'Global Search' shall support: Dashboard, Factory 360."
REQ-R0C-01269,CAP-R0C-0550,SRC-03,Dashboard Req !A2:F2,BUSINESS_REQUIREMENT,iPad/PWA module '' shall support: Provide the inspector with an intelligent overview of today's work and recommend the optimal starting point..,Pass when the normalized obligation is demonstrably satisfied at the cited source location: iPad/PWA module '' shall support: Provide the inspector with an intelligent overview of today's work and recommend the optimal starting point..
REQ-R0C-01270,CAP-R0C-0551,SRC-03,Dashboard Req !A3:F3,BUSINESS_REQUIREMENT,iPad/PWA module '' shall support: Provide a geographical overview of today's inspections and support route planning..,Pass when the normalized obligation is demonstrably satisfied at the cited source location: iPad/PWA module '' shall support: Provide a geographical overview of today's inspections and support route planning..
REQ-R0C-01271,CAP-R0C-0552,SRC-03,Dashboard Req !A4:F4,BUSINESS_REQUIREMENT,iPad/PWA module '' shall support: Allow inspectors to quickly review the selected factory and visit before starting the inspection..,Pass when the normalized obligation is demonstrably satisfied at the cited source location: iPad/PWA module '' shall support: Allow inspectors to quickly review the selected factory and visit before starting the inspection..
REQ-R0C-01272,CAP-R0C-0553,SRC-03,Dashboard Req !A5:F5,BUSINESS_REQUIREMENT,iPad/PWA module '' shall support: Present today's inspection agenda in chronological order..,Pass when the normalized obligation is demonstrably satisfied at the cited source location: iPad/PWA module '' shall support: Present today's inspection agenda in chronological order..
REQ-R0C-01273,CAP-R0C-0554,SRC-03,Dashboard Req !A6:F6,BUSINESS_REQUIREMENT,iPad/PWA module '' shall support: Highlight work items requiring inspector action..,Pass when the normalized obligation is demonstrably satisfied at the cited source location: iPad/PWA module '' shall support: Highlight work items requiring inspector action..
REQ-R0C-01274,CAP-R0C-0555,SRC-03,Dashboard Req !A7:F7,BUSINESS_REQUIREMENT,iPad/PWA module '' shall support: Provide a quick overview of today's operational progress..,Pass when the normalized obligation is demonstrably satisfied at the cited source location: iPad/PWA module '' shall support: Provide a quick overview of today's operational progress..
REQ-R0C-01275,CAP-R0C-0556,SRC-03,Dashboard Req !A8:F8,BUSINESS_REQUIREMENT,iPad/PWA module '' shall support: Provide one-click access to frequently used inspector actions..,Pass when the normalized obligation is demonstrably satisfied at the cited source location: iPad/PWA module '' shall support: Provide one-click access to frequently used inspector actions..
REQ-R0C-01276,CAP-R0C-0557,SRC-03,Dashboard Req !A12:F12,BUSINESS_REQUIREMENT,iPad/PWA module '' shall support: KPI / Widget.,Pass when the normalized obligation is demonstrably satisfied at the cited source location: iPad/PWA module '' shall support: KPI / Widget.
REQ-R0C-01277,CAP-R0C-0558,SRC-03,Dashboard Req !A13:F13,BUSINESS_REQUIREMENT,iPad/PWA module '' shall support: Today's Visits.,Pass when the normalized obligation is demonstrably satisfied at the cited source location: iPad/PWA module '' shall support: Today's Visits.
REQ-R0C-01278,CAP-R0C-0559,SRC-03,Dashboard Req !A14:F14,BUSINESS_REQUIREMENT,iPad/PWA module '' shall support: Remaining Visits.,Pass when the normalized obligation is demonstrably satisfied at the cited source location: iPad/PWA module '' shall support: Remaining Visits.
REQ-R0C-01279,CAP-R0C-0560,SRC-03,Dashboard Req !A15:F15,BUSINESS_REQUIREMENT,iPad/PWA module '' shall support: Pending Attention.,Pass when the normalized obligation is demonstrably satisfied at the cited source location: iPad/PWA module '' shall support: Pending Attention.
REQ-R0C-01280,CAP-R0C-0561,SRC-03,Dashboard Req !A16:F16,BUSINESS_REQUIREMENT,iPad/PWA module '' shall support: Daily Progress.,Pass when the normalized obligation is demonstrably satisfied at the cited source location: iPad/PWA module '' shall support: Daily Progress.
REQ-R0C-01281,CAP-R0C-0562,SRC-04,Sheet1!A2:M2,USER_ACTION,View active inspectors,Pass when the actor can complete this action and the resulting state is visible: View active inspectors
REQ-R0C-01282,CAP-R0C-0562,SRC-04,Sheet1!A2:M2,USER_ACTION,Zoom / Pan map,Pass when the actor can complete this action and the resulting state is visible: Zoom / Pan map
REQ-R0C-01283,CAP-R0C-0562,SRC-04,Sheet1!A2:M2,USER_ACTION,"Filter by Region, City, Inspector, Visit Type or Operational State","Pass when the actor can complete this action and the resulting state is visible: Filter by Region, City, Inspector, Visit Type or Operational State"
REQ-R0C-01284,CAP-R0C-0562,SRC-04,Sheet1!A2:M2,USER_ACTION,Select inspector marker,Pass when the actor can complete this action and the resulting state is visible: Select inspector marker
REQ-R0C-01285,CAP-R0C-0562,SRC-04,Sheet1!A2:M2,USER_ACTION,Open Visit Details,Pass when the actor can complete this action and the resulting state is visible: Open Visit Details
REQ-R0C-01286,CAP-R0C-0562,SRC-04,Sheet1!A2:M2,USER_ACTION,Open Factory 360,Pass when the actor can complete this action and the resulting state is visible: Open Factory 360
REQ-R0C-01287,CAP-R0C-0562,SRC-04,Sheet1!A2:M2,SYSTEM_BEHAVIOR,Load all inspectors with active journeys.,Pass when the system behavior occurs under the cited trigger and context: Load all inspectors with active journeys.
REQ-R0C-01288,CAP-R0C-0562,SRC-04,Sheet1!A2:M2,SYSTEM_BEHAVIOR,Display inspector's latest GPS location.,Pass when the system behavior occurs under the cited trigger and context: Display inspector's latest GPS location.
REQ-R0C-01289,CAP-R0C-0562,SRC-04,Sheet1!A2:M2,SYSTEM_BEHAVIOR,Display assigned factory location.,Pass when the system behavior occurs under the cited trigger and context: Display assigned factory location.
REQ-R0C-01290,CAP-R0C-0562,SRC-04,Sheet1!A2:M2,SYSTEM_BEHAVIOR,Open Inspector Card upon marker selection.,Pass when the system behavior occurs under the cited trigger and context: Open Inspector Card upon marker selection.
REQ-R0C-01291,CAP-R0C-0562,SRC-04,Sheet1!A2:M2,SYSTEM_BEHAVIOR,Retrieve active visit details.,Pass when the system behavior occurs under the cited trigger and context: Retrieve active visit details.
REQ-R0C-01292,CAP-R0C-0562,SRC-04,Sheet1!A2:M2,SYSTEM_BEHAVIOR,Navigate to Visit Details or Factory 360.,Pass when the system behavior occurs under the cited trigger and context: Navigate to Visit Details or Factory 360.
REQ-R0C-01293,CAP-R0C-0562,SRC-04,Sheet1!A2:M2,BUSINESS_RULE,Only inspectors who have started their journey shall appear on the map.,Pass when this rule is enforced and a violating path is prevented or handled: Only inspectors who have started their journey shall appear on the map.
REQ-R0C-01294,CAP-R0C-0562,SRC-04,Sheet1!A2:M2,BUSINESS_RULE,Only the inspector's active visit shall be displayed.,Pass when this rule is enforced and a violating path is prevented or handled: Only the inspector's active visit shall be displayed.
REQ-R0C-01295,CAP-R0C-0562,SRC-04,Sheet1!A2:M2,BUSINESS_RULE,Factory marker shall represent the assigned factory.,Pass when this rule is enforced and a violating path is prevented or handled: Factory marker shall represent the assigned factory.
REQ-R0C-01296,CAP-R0C-0562,SRC-04,Sheet1!A2:M2,BUSINESS_RULE,No route calculation or navigation shall be displayed in Phase 1.,Pass when this rule is enforced and a violating path is prevented or handled: No route calculation or navigation shall be displayed in Phase 1.
REQ-R0C-01297,CAP-R0C-0562,SRC-04,Sheet1!A2:M2,BUSINESS_RULE,Elapsed Time shall be calculated as Current Time − Current Operational State Start Time.,Pass when this rule is enforced and a violating path is prevented or handled: Elapsed Time shall be calculated as Current Time − Current Operational State Start Time.
REQ-R0C-01298,CAP-R0C-0562,SRC-04,Sheet1!A2:M2,BUSINESS_RULE,Last Location Update shall always be displayed.,Pass when this rule is enforced and a violating path is prevented or handled: Last Location Update shall always be displayed.
REQ-R0C-01299,CAP-R0C-0562,SRC-04,Sheet1!A2:M2,BUSINESS_RULE,"""Arrived At"" shall only appear after arrival confirmation.","Pass when this rule is enforced and a violating path is prevented or handled: ""Arrived At"" shall only appear after arrival confirmation."
REQ-R0C-01300,CAP-R0C-0562,SRC-04,Sheet1!A2:M2,BUSINESS_RULE,"""Inspection Started At"" shall only appear after inspection begins.","Pass when this rule is enforced and a violating path is prevented or handled: ""Inspection Started At"" shall only appear after inspection begins."
REQ-R0C-01301,CAP-R0C-0562,SRC-04,Sheet1!A2:M2,BUSINESS_RULE,Industrial License Number shall only be displayed when available.,Pass when this rule is enforced and a violating path is prevented or handled: Industrial License Number shall only be displayed when available.
REQ-R0C-01302,CAP-R0C-0562,SRC-04,Sheet1!A2:M2,BUSINESS_RULE,Factory Risk Level shall only be be displayed when available from the Risk Engine.,Pass when this rule is enforced and a violating path is prevented or handled: Factory Risk Level shall only be be displayed when available from the Risk Engine.
REQ-R0C-01303,CAP-R0C-0562,SRC-04,Sheet1!A2:M2,BUSINESS_RULE,Selecting Open Visit Details shall navigate to the Inspection module.,Pass when this rule is enforced and a violating path is prevented or handled: Selecting Open Visit Details shall navigate to the Inspection module.
REQ-R0C-01304,CAP-R0C-0562,SRC-04,Sheet1!A2:M2,BUSINESS_RULE,Selecting Open Factory 360 shall navigate to Factory 360.,Pass when this rule is enforced and a violating path is prevented or handled: Selecting Open Factory 360 shall navigate to Factory 360.
REQ-R0C-01305,CAP-R0C-0563,SRC-04,Sheet1!A3:M3,USER_ACTION,Switch to Regional Performance view,Pass when the actor can complete this action and the resulting state is visible: Switch to Regional Performance view
REQ-R0C-01306,CAP-R0C-0563,SRC-04,Sheet1!A3:M3,USER_ACTION,Select business metric,Pass when the actor can complete this action and the resulting state is visible: Select business metric
REQ-R0C-01307,CAP-R0C-0563,SRC-04,Sheet1!A3:M3,USER_ACTION,Click Factory Marker,Pass when the actor can complete this action and the resulting state is visible: Click Factory Marker
REQ-R0C-01308,CAP-R0C-0563,SRC-04,Sheet1!A3:M3,USER_ACTION,Open Factory 360,Pass when the actor can complete this action and the resulting state is visible: Open Factory 360
REQ-R0C-01309,CAP-R0C-0563,SRC-04,Sheet1!A3:M3,SYSTEM_BEHAVIOR,Load Saudi Arabia administrative boundaries.,Pass when the system behavior occurs under the cited trigger and context: Load Saudi Arabia administrative boundaries.
REQ-R0C-01310,CAP-R0C-0563,SRC-04,Sheet1!A3:M3,SYSTEM_BEHAVIOR,Calculate the selected metric for each region.,Pass when the system behavior occurs under the cited trigger and context: Calculate the selected metric for each region.
REQ-R0C-01311,CAP-R0C-0563,SRC-04,Sheet1!A3:M3,SYSTEM_BEHAVIOR,Display regional performance values.,Pass when the system behavior occurs under the cited trigger and context: Display regional performance values.
REQ-R0C-01312,CAP-R0C-0563,SRC-04,Sheet1!A3:M3,SYSTEM_BEHAVIOR,Color each region based on performance classification.,Pass when the system behavior occurs under the cited trigger and context: Color each region based on performance classification.
REQ-R0C-01313,CAP-R0C-0563,SRC-04,Sheet1!A3:M3,SYSTEM_BEHAVIOR,Zoom into the selected region.,Pass when the system behavior occurs under the cited trigger and context: Zoom into the selected region.
REQ-R0C-01314,CAP-R0C-0563,SRC-04,Sheet1!A3:M3,SYSTEM_BEHAVIOR,Display factory markers with calculated performance.,Pass when the system behavior occurs under the cited trigger and context: Display factory markers with calculated performance.
REQ-R0C-01315,CAP-R0C-0563,SRC-04,Sheet1!A3:M3,SYSTEM_BEHAVIOR,Open Factory Quick Card.,Pass when the system behavior occurs under the cited trigger and context: Open Factory Quick Card.
REQ-R0C-01316,CAP-R0C-0563,SRC-04,Sheet1!A3:M3,SYSTEM_BEHAVIOR,Navigate to Factory 360.,Pass when the system behavior occurs under the cited trigger and context: Navigate to Factory 360.
REQ-R0C-01317,CAP-R0C-0563,SRC-04,Sheet1!A3:M3,BUSINESS_RULE,The map shall always open at the Saudi Arabia level.,Pass when this rule is enforced and a violating path is prevented or handled: The map shall always open at the Saudi Arabia level.
REQ-R0C-01318,CAP-R0C-0563,SRC-04,Sheet1!A3:M3,BUSINESS_RULE,Users shall select a business metric before the map is rendered.,Pass when this rule is enforced and a violating path is prevented or handled: Users shall select a business metric before the map is rendered.
REQ-R0C-01319,CAP-R0C-0563,SRC-04,Sheet1!A3:M3,BUSINESS_RULE,Each region shall display its calculated value for the selected metric.,Pass when this rule is enforced and a violating path is prevented or handled: Each region shall display its calculated value for the selected metric.
REQ-R0C-01320,CAP-R0C-0563,SRC-04,Sheet1!A3:M3,BUSINESS_RULE,Regional colors shall be automatically assigned based on configurable performance thresholds.,Pass when this rule is enforced and a violating path is prevented or handled: Regional colors shall be automatically assigned based on configurable performance thresholds.
REQ-R0C-01321,CAP-R0C-0563,SRC-04,Sheet1!A3:M3,BUSINESS_RULE,Selecting a region shall zoom into the region and display all mapped factories.,Pass when this rule is enforced and a violating path is prevented or handled: Selecting a region shall zoom into the region and display all mapped factories.
REQ-R0C-01322,CAP-R0C-0563,SRC-04,Sheet1!A3:M3,BUSINESS_RULE,Selecting a factory shall open the Factory Quick Card.,Pass when this rule is enforced and a violating path is prevented or handled: Selecting a factory shall open the Factory Quick Card.
REQ-R0C-01323,CAP-R0C-0563,SRC-04,Sheet1!A3:M3,BUSINESS_RULE,Selecting Open Factory 360 shall navigate to the selected Factory 360 profile.,Pass when this rule is enforced and a violating path is prevented or handled: Selecting Open Factory 360 shall navigate to the selected Factory 360 profile.
REQ-R0C-01324,CAP-R0C-0563,SRC-04,Sheet1!A3:M3,BUSINESS_RULE,"The same business metric shall be used consistently at the national, regional and factory levels.","Pass when this rule is enforced and a violating path is prevented or handled: The same business metric shall be used consistently at the national, regional and factory levels."
REQ-R0C-01325,CAP-R0C-0563,SRC-04,Sheet1!A3:M3,BUSINESS_RULE,Regional Compliance Rate shall be calculated as:(Total Passed Inspection Items within the selected region ÷ Total Answered Inspection Items within the selected region) × 100.,Pass when this rule is enforced and a violating path is prevented or handled: Regional Compliance Rate shall be calculated as:(Total Passed Inspection Items within the selected region ÷ Total Answered Inspection Items within the selected region) × 100.
REQ-R0C-01326,CAP-R0C-0563,SRC-04,Sheet1!A3:M3,BUSINESS_RULE,Factory markers shall display the selected metric value together with the corresponding performance classification.,Pass when this rule is enforced and a violating path is prevented or handled: Factory markers shall display the selected metric value together with the corresponding performance classification.
REQ-R0C-01327,CAP-R0C-0563,SRC-04,Sheet1!A3:M3,ACCEPTANCE_CRITERION,Users can compare regional performance across Saudi Arabia using the selected metric.,Pass when the source-stated acceptance condition is demonstrated: Users can compare regional performance across Saudi Arabia using the selected metric.
REQ-R0C-01328,CAP-R0C-0563,SRC-04,Sheet1!A3:M3,ACCEPTANCE_CRITERION,Factory markers display the correct metric values.,Pass when the source-stated acceptance condition is demonstrated: Factory markers display the correct metric values.
REQ-R0C-01329,CAP-R0C-0563,SRC-04,Sheet1!A3:M3,DATA_REQUIREMENT,Saudi Arabia Performance Map,Pass when the cited data field or contract element is present and valid: Saudi Arabia Performance Map
REQ-R0C-01330,CAP-R0C-0564,SRC-04,Sheet1!A4:M4,USER_ACTION,View operational highlights,Pass when the actor can complete this action and the resulting state is visible: View operational highlights
REQ-R0C-01331,CAP-R0C-0564,SRC-04,Sheet1!A4:M4,USER_ACTION,Select a highlight,Pass when the actor can complete this action and the resulting state is visible: Select a highlight
REQ-R0C-01332,CAP-R0C-0564,SRC-04,Sheet1!A4:M4,USER_ACTION,Open related record,Pass when the actor can complete this action and the resulting state is visible: Open related record
REQ-R0C-01333,CAP-R0C-0564,SRC-04,Sheet1!A4:M4,SYSTEM_BEHAVIOR,Continuously evaluate predefined operational conditions.,Pass when the system behavior occurs under the cited trigger and context: Continuously evaluate predefined operational conditions.
REQ-R0C-01334,CAP-R0C-0564,SRC-04,Sheet1!A4:M4,SYSTEM_BEHAVIOR,Generate natural-language operational summaries.,Pass when the system behavior occurs under the cited trigger and context: Generate natural-language operational summaries.
REQ-R0C-01335,CAP-R0C-0564,SRC-04,Sheet1!A4:M4,SYSTEM_BEHAVIOR,Sort highlights by priority.,Pass when the system behavior occurs under the cited trigger and context: Sort highlights by priority.
REQ-R0C-01336,CAP-R0C-0564,SRC-04,Sheet1!A4:M4,SYSTEM_BEHAVIOR,Navigate to the related module when a highlight is selected.,Pass when the system behavior occurs under the cited trigger and context: Navigate to the related module when a highlight is selected.
REQ-R0C-01337,CAP-R0C-0564,SRC-04,Sheet1!A4:M4,BUSINESS_RULE,Highlights shall only be generated from predefined business rules and available operational data.,Pass when this rule is enforced and a violating path is prevented or handled: Highlights shall only be generated from predefined business rules and available operational data.
REQ-R0C-01338,CAP-R0C-0564,SRC-04,Sheet1!A4:M4,BUSINESS_RULE,The component shall not recommend operational decisions or automatically execute actions.,Pass when this rule is enforced and a violating path is prevented or handled: The component shall not recommend operational decisions or automatically execute actions.
REQ-R0C-01339,CAP-R0C-0564,SRC-04,Sheet1!A4:M4,BUSINESS_RULE,"Every highlight shall include a title, summary, priority, timestamp, and deep link to the related module.","Pass when this rule is enforced and a violating path is prevented or handled: Every highlight shall include a title, summary, priority, timestamp, and deep link to the related module."
REQ-R0C-01340,CAP-R0C-0564,SRC-04,Sheet1!A4:M4,BUSINESS_RULE,Similar events shall be grouped into a single highlight whenever applicable.,Pass when this rule is enforced and a violating path is prevented or handled: Similar events shall be grouped into a single highlight whenever applicable.
REQ-R0C-01341,CAP-R0C-0564,SRC-04,Sheet1!A4:M4,BUSINESS_RULE,Highlights shall be ordered by priority (Critical High Medium Information).,Pass when this rule is enforced and a violating path is prevented or handled: Highlights shall be ordered by priority (Critical High Medium Information).
REQ-R0C-01342,CAP-R0C-0564,SRC-04,Sheet1!A4:M4,BUSINESS_RULE,"Selecting a highlight shall navigate the user to the corresponding screen (Inspection, Planning, Factory 360, etc.).","Pass when this rule is enforced and a violating path is prevented or handled: Selecting a highlight shall navigate the user to the corresponding screen (Inspection, Planning, Factory 360, etc.)."
REQ-R0C-01343,CAP-R0C-0564,SRC-04,Sheet1!A4:M4,BUSINESS_RULE,The panel shall refresh automatically based on the configured refresh interval.,Pass when this rule is enforced and a violating path is prevented or handled: The panel shall refresh automatically based on the configured refresh interval.
REQ-R0C-01344,CAP-R0C-0564,SRC-04,Sheet1!A4:M4,ACCEPTANCE_CRITERION,Selecting a highlight opens the correct module or record.,Pass when the source-stated acceptance condition is demonstrated: Selecting a highlight opens the correct module or record.
REQ-R0C-01345,,SRC-05,paragraph 5,USER_ACTION,"The Planner may optionally select one or more Report Packages. If no Report Package is selected during planning, the Inspector must select the required package before execution.","Pass when the actor can complete this action and the resulting state is visible: The Planner may optionally select one or more Report Packages. If no Report Package is selected during planning, the Inspector must select the required package before execution."
REQ-R0C-01346,,SRC-05,paragraph 8,BUSINESS_REQUIREMENT,Access to create or update visits must be controlled through role-based permissions.,Pass when the normalized obligation is demonstrably satisfied at the cited source location: Access to create or update visits must be controlled through role-based permissions.
REQ-R0C-01347,,SRC-05,paragraph 16,BUSINESS_REQUIREMENT,The list must include visits created through both Single and Bulk Planning.,Pass when the normalized obligation is demonstrably satisfied at the cited source location: The list must include visits created through both Single and Bulk Planning.
REQ-R0C-01348,,SRC-05,paragraph 34,BUSINESS_REQUIREMENT,Users must be able to reset all filters.,Pass when the normalized obligation is demonstrably satisfied at the cited source location: Users must be able to reset all filters.
REQ-R0C-01349,,SRC-05,paragraph 35,USER_ACTION,The system should preserve filters during the user’s current session when opening and returning from Visit Details.,Pass when the actor can complete this action and the resulting state is visible: The system should preserve filters during the user’s current session when opening and returning from Visit Details.
REQ-R0C-01350,,SRC-05,paragraph 39,BUSINESS_REQUIREMENT,Single Planning Search Methods,Pass when the normalized obligation is demonstrably satisfied at the cited source location: Single Planning Search Methods
REQ-R0C-01351,,SRC-05,paragraph 42,BUSINESS_REQUIREMENT,"When a match is found, the system must retrieve and display available information.","Pass when the normalized obligation is demonstrably satisfied at the cited source location: When a match is found, the system must retrieve and display available information."
REQ-R0C-01352,,SRC-05,paragraph 46,BUSINESS_REQUIREMENT,Display the CR information.,Pass when the normalized obligation is demonstrably satisfied at the cited source location: Display the CR information.
REQ-R0C-01353,,SRC-05,paragraph 47,BUSINESS_REQUIREMENT,Display all related licenses and plants.,Pass when the normalized obligation is demonstrably satisfied at the cited source location: Display all related licenses and plants.
REQ-R0C-01354,,SRC-05,paragraph 49,USER_ACTION,Display the selected factory details.,Pass when the actor can complete this action and the resulting state is visible: Display the selected factory details.
REQ-R0C-01355,,SRC-05,paragraph 50,BUSINESS_REQUIREMENT,Create the visit at the license or plant level.,Pass when the normalized obligation is demonstrably satisfied at the cited source location: Create the visit at the license or plant level.
REQ-R0C-01356,,SRC-05,paragraph 51,BUSINESS_RULE,A visit must not be created only at the CR level when a factory-level license or plant is required.,Pass when this rule is enforced and a violating path is prevented or handled: A visit must not be created only at the CR level when a factory-level license or plant is required.
REQ-R0C-01357,,SRC-05,paragraph 56,BUSINESS_REQUIREMENT,The user has the required permission.,Pass when the normalized obligation is demonstrably satisfied at the cited source location: The user has the required permission.
REQ-R0C-01358,,SRC-05,paragraph 63,USER_ACTION,Bulk Planning allows the Planner to identify and select multiple factories using configurable search conditions.,Pass when the actor can complete this action and the resulting state is visible: Bulk Planning allows the Planner to identify and select multiple factories using configurable search conditions.
REQ-R0C-01359,,SRC-05,paragraph 64,BUSINESS_REQUIREMENT,Bulk Planning must retrieve factories from Senaei or the approved factory master source.,Pass when the normalized obligation is demonstrably satisfied at the cited source location: Bulk Planning must retrieve factories from Senaei or the approved factory master source.
REQ-R0C-01360,,SRC-05,paragraph 68,BUSINESS_RULE,Bulk search must not require all filters.,Pass when this rule is enforced and a violating path is prevented or handled: Bulk search must not require all filters.
REQ-R0C-01361,,SRC-05,paragraph 69,BUSINESS_RULE,The Planner must provide at least one valid criterion unless the user has a specific permission allowing unrestricted factory retrieval.,Pass when this rule is enforced and a violating path is prevented or handled: The Planner must provide at least one valid criterion unless the user has a specific permission allowing unrestricted factory retrieval.
REQ-R0C-01362,,SRC-05,paragraph 71,BUSINESS_REQUIREMENT,The Planner must be able to define how search conditions are combined.,Pass when the normalized obligation is demonstrably satisfied at the cited source location: The Planner must be able to define how search conditions are combined.
REQ-R0C-01363,,SRC-05,paragraph 89,BUSINESS_REQUIREMENT,"Where grouped conditions are supported, the system must process parentheses correctly.","Pass when the normalized obligation is demonstrably satisfied at the cited source location: Where grouped conditions are supported, the system must process parentheses correctly."
REQ-R0C-01364,,SRC-05,paragraph 106,BUSINESS_REQUIREMENT,View factory details.,Pass when the normalized obligation is demonstrably satisfied at the cited source location: View factory details.
REQ-R0C-01365,,SRC-05,paragraph 117,BUSINESS_REQUIREMENT,A separate visit record is created for each eligible factory.,Pass when the normalized obligation is demonstrably satisfied at the cited source location: A separate visit record is created for each eligible factory.
REQ-R0C-01366,,SRC-05,paragraph 121,BUSINESS_RULE,One factory failing validation must not automatically block all other valid factories.,Pass when this rule is enforced and a violating path is prevented or handled: One factory failing validation must not automatically block all other valid factories.
REQ-R0C-01367,,SRC-05,paragraph 132,USER_ACTION,The map must display the selected factory or selected factories.,Pass when the actor can complete this action and the resulting state is visible: The map must display the selected factory or selected factories.
REQ-R0C-01368,,SRC-05,paragraph 133,USER_ACTION,The map must display the selected factory or selected factories.,Pass when the actor can complete this action and the resulting state is visible: The map must display the selected factory or selected factories.
REQ-R0C-01369,,SRC-05,paragraph 135,USER_ACTION,Display the selected factory pin.,Pass when the actor can complete this action and the resulting state is visible: Display the selected factory pin.
REQ-R0C-01370,,SRC-05,paragraph 136,BUSINESS_REQUIREMENT,Allow location review.,Pass when the normalized obligation is demonstrably satisfied at the cited source location: Allow location review.
REQ-R0C-01371,,SRC-05,paragraph 137,BUSINESS_REQUIREMENT,Allow location addition when no coordinates exist.,Pass when the normalized obligation is demonstrably satisfied at the cited source location: Allow location addition when no coordinates exist.
REQ-R0C-01372,,SRC-05,paragraph 138,BUSINESS_REQUIREMENT,Allow controlled location correction.,Pass when the normalized obligation is demonstrably satisfied at the cited source location: Allow controlled location correction.
REQ-R0C-01373,,SRC-05,paragraph 140,USER_ACTION,Display selected factory pins when coordinates exist.,Pass when the actor can complete this action and the resulting state is visible: Display selected factory pins when coordinates exist.
REQ-R0C-01374,,SRC-05,paragraph 142,BUSINESS_REQUIREMENT,Allow the Planner to exclude factories with missing locations or provide a location through an approved process.,Pass when the normalized obligation is demonstrably satisfied at the cited source location: Allow the Planner to exclude factories with missing locations or provide a location through an approved process.
REQ-R0C-01375,,SRC-05,paragraph 145,BUSINESS_REQUIREMENT,Every factory location used in the inspection platform must include a source.,Pass when the normalized obligation is demonstrably satisfied at the cited source location: Every factory location used in the inspection platform must include a source.
REQ-R0C-01376,,SRC-05,paragraph 156,BUSINESS_REQUIREMENT,The Planner may correct them only with the required permission.,Pass when the normalized obligation is demonstrably satisfied at the cited source location: The Planner may correct them only with the required permission.
REQ-R0C-01377,,SRC-05,paragraph 157,BUSINESS_REQUIREMENT,The original coordinates must remain unchanged in the audit history.,Pass when the normalized obligation is demonstrably satisfied at the cited source location: The original coordinates must remain unchanged in the audit history.
REQ-R0C-01378,,SRC-05,paragraph 159,BUSINESS_RULE,Senaei master coordinates must not be automatically updated.,Pass when this rule is enforced and a violating path is prevented or handled: Senaei master coordinates must not be automatically updated.
REQ-R0C-01379,,SRC-05,paragraph 161,BUSINESS_REQUIREMENT,The source must be Planner.,Pass when the normalized obligation is demonstrably satisfied at the cited source location: The source must be Planner.
REQ-R0C-01380,,SRC-05,paragraph 163,BUSINESS_RULE,Any Inspector correction must not overwrite the planning history.,Pass when this rule is enforced and a violating path is prevented or handled: Any Inspector correction must not overwrite the planning history.
REQ-R0C-01381,,SRC-05,paragraph 166,BUSINESS_REQUIREMENT,The system must preserve the previous Planner or License coordinates.,Pass when the normalized obligation is demonstrably satisfied at the cited source location: The system must preserve the previous Planner or License coordinates.
REQ-R0C-01382,,SRC-05,paragraph 167,USER_ACTION,The approved inspection may submit the updated location for a later data-quality process.,Pass when the actor can complete this action and the resulting state is visible: The approved inspection may submit the updated location for a later data-quality process.
REQ-R0C-01383,,SRC-05,paragraph 170,BUSINESS_REQUIREMENT,An Inspector must be assigned before publishing.,Pass when the normalized obligation is demonstrably satisfied at the cited source location: An Inspector must be assigned before publishing.
REQ-R0C-01384,,SRC-05,paragraph 171,BUSINESS_REQUIREMENT,"The system must provide a recommended Inspector, but the Planner may manually override the recommendation.","Pass when the normalized obligation is demonstrably satisfied at the cited source location: The system must provide a recommended Inspector, but the Planner may manually override the recommendation."
REQ-R0C-01385,,SRC-05,paragraph 180,BUSINESS_REQUIREMENT,The Planner may assign another eligible Inspector.,Pass when the normalized obligation is demonstrably satisfied at the cited source location: The Planner may assign another eligible Inspector.
REQ-R0C-01386,,SRC-05,paragraph 182,BUSINESS_REQUIREMENT,Display the warning.,Pass when the normalized obligation is demonstrably satisfied at the cited source location: Display the warning.
REQ-R0C-01387,,SRC-05,paragraph 184,BUSINESS_REQUIREMENT,Store the override in the audit log.,Pass when the normalized obligation is demonstrably satisfied at the cited source location: Store the override in the audit log.
REQ-R0C-01388,,SRC-05,paragraph 188,BUSINESS_REQUIREMENT,Allow the system to distribute visits among recommended Inspectors.,Pass when the normalized obligation is demonstrably satisfied at the cited source location: Allow the system to distribute visits among recommended Inspectors.
REQ-R0C-01389,,SRC-05,paragraph 189,BUSINESS_REQUIREMENT,Manually assign Inspectors per factory.,Pass when the normalized obligation is demonstrably satisfied at the cited source location: Manually assign Inspectors per factory.
REQ-R0C-01390,,SRC-05,paragraph 197,BUSINESS_REQUIREMENT,The Visit Window is the allowed date range in which the Inspector must define and execute the visit,Pass when the normalized obligation is demonstrably satisfied at the cited source location: The Visit Window is the allowed date range in which the Inspector must define and execute the visit
REQ-R0C-01391,,SRC-05,paragraph 198,BUSINESS_REQUIREMENT,The Planner does not define the exact Execution Date.,Pass when the normalized obligation is demonstrably satisfied at the cited source location: The Planner does not define the exact Execution Date.
REQ-R0C-01392,,SRC-05,paragraph 201,BUSINESS_REQUIREMENT, The Inspector’s Execution Date must fall inside the Visit Window.,Pass when the normalized obligation is demonstrably satisfied at the cited source location:  The Inspector’s Execution Date must fall inside the Visit Window.
REQ-R0C-01393,,SRC-05,paragraph 204,BUSINESS_REQUIREMENT, The Planner may update the Visit Window while the visit is Draft or Returned.,Pass when the normalized obligation is demonstrably satisfied at the cited source location:  The Planner may update the Visit Window while the visit is Draft or Returned.
REQ-R0C-01394,,SRC-05,paragraph 205,BUSINESS_RULE,Visit Window End must not be earlier than Visit Window Start.,Pass when this rule is enforced and a violating path is prevented or handled: Visit Window End must not be earlier than Visit Window Start.
REQ-R0C-01395,,SRC-05,paragraph 210,USER_ACTION,"At least one factory search or selection attempt, when applicable.","Pass when the actor can complete this action and the resulting state is visible: At least one factory search or selection attempt, when applicable."
REQ-R0C-01396,,SRC-05,paragraph 211,BUSINESS_REQUIREMENT,"The system may allow a completely initial Draft if auto-save is introduced, but such records must be clearly distinguished from completed Drafts.","Pass when the normalized obligation is demonstrably satisfied at the cited source location: The system may allow a completely initial Draft if auto-save is introduced, but such records must be clearly distinguished from completed Drafts."
REQ-R0C-01397,,SRC-05,paragraph 213,BUSINESS_REQUIREMENT,Draft does not notify the Inspector.,Pass when the normalized obligation is demonstrably satisfied at the cited source location: Draft does not notify the Inspector.
REQ-R0C-01398,,SRC-05,paragraph 218,USER_ACTION,Draft must retain all entered values.,Pass when the actor can complete this action and the resulting state is visible: Draft must retain all entered values.
REQ-R0C-01399,,SRC-05,paragraph 219,BUSINESS_REQUIREMENT,Draft must show missing mandatory fields required for publishing.,Pass when the normalized obligation is demonstrably satisfied at the cited source location: Draft must show missing mandatory fields required for publishing.
REQ-R0C-01400,,SRC-05,paragraph 220,BUSINESS_REQUIREMENT,Saving a Draft must generate a Visit Reference or Draft Reference.,Pass when the normalized obligation is demonstrably satisfied at the cited source location: Saving a Draft must generate a Visit Reference or Draft Reference.
REQ-R0C-01401,,SRC-05,paragraph 223,BUSINESS_REQUIREMENT,Draft does not notify the Inspector.,Pass when the normalized obligation is demonstrably satisfied at the cited source location: Draft does not notify the Inspector.
REQ-R0C-01402,,SRC-05,paragraph 228,USER_ACTION,Draft must retain all entered values.,Pass when the actor can complete this action and the resulting state is visible: Draft must retain all entered values.
REQ-R0C-01403,,SRC-05,paragraph 229,BUSINESS_REQUIREMENT,Draft must show missing mandatory fields required for publishing.,Pass when the normalized obligation is demonstrably satisfied at the cited source location: Draft must show missing mandatory fields required for publishing.
REQ-R0C-01404,,SRC-05,paragraph 230,BUSINESS_REQUIREMENT,Saving a Draft must generate a Visit Reference or Draft Reference.,Pass when the normalized obligation is demonstrably satisfied at the cited source location: Saving a Draft must generate a Visit Reference or Draft Reference.
REQ-R0C-01405,,SRC-05,paragraph 237,BUSINESS_REQUIREMENT,Required factory identity information exists.,Pass when the normalized obligation is demonstrably satisfied at the cited source location: Required factory identity information exists.
REQ-R0C-01406,,SRC-05,paragraph 238,BUSINESS_REQUIREMENT,Required location information exists according to Visit Type.,Pass when the normalized obligation is demonstrably satisfied at the cited source location: Required location information exists according to Visit Type.
REQ-R0C-01407,,SRC-05,paragraph 243,BUSINESS_REQUIREMENT,Required attachments exist when configured.,Pass when the normalized obligation is demonstrably satisfied at the cited source location: Required attachments exist when configured.
REQ-R0C-01408,,SRC-05,paragraph 247,BUSINESS_REQUIREMENT,User has publish permission.,Pass when the normalized obligation is demonstrably satisfied at the cited source location: User has publish permission.
REQ-R0C-01409,,SRC-05,paragraph 248,USER_ACTION,Any required override reasons are entered.,Pass when the actor can complete this action and the resulting state is visible: Any required override reasons are entered.
REQ-R0C-01410,,SRC-05,paragraph 259,BUSINESS_REQUIREMENT,Publish date and publisher are recorded.,Pass when the normalized obligation is demonstrably satisfied at the cited source location: Publish date and publisher are recorded.
REQ-R0C-01411,,SRC-05,paragraph 272,USER_ACTION,Return Reason must be selected from an active lookup.,Pass when the actor can complete this action and the resulting state is visible: Return Reason must be selected from an active lookup.
REQ-R0C-01412,,SRC-05,paragraph 294,BUSINESS_REQUIREMENT,Return reason and comments are displayed prominently.,Pass when the normalized obligation is demonstrably satisfied at the cited source location: Return reason and comments are displayed prominently.
REQ-R0C-01413,,SRC-05,paragraph 297,BUSINESS_REQUIREMENT,The Planner may update the Visit Window.,Pass when the normalized obligation is demonstrably satisfied at the cited source location: The Planner may update the Visit Window.
REQ-R0C-01414,,SRC-05,paragraph 298,BUSINESS_REQUIREMENT,The Planner may update or add Report Packages.,Pass when the normalized obligation is demonstrably satisfied at the cited source location: The Planner may update or add Report Packages.
REQ-R0C-01415,,SRC-05,paragraph 299,BUSINESS_REQUIREMENT,The Planner may cancel the visit.,Pass when the normalized obligation is demonstrably satisfied at the cited source location: The Planner may cancel the visit.
REQ-R0C-01416,,SRC-05,paragraph 301,BUSINESS_REQUIREMENT,Return and resubmission history must be retained.,Pass when the normalized obligation is demonstrably satisfied at the cited source location: Return and resubmission history must be retained.
REQ-R0C-01417,,SRC-05,paragraph 303,BUSINESS_REQUIREMENT,An authorized user may cancel a visit before the configured cancellation cut-off.,Pass when the normalized obligation is demonstrably satisfied at the cited source location: An authorized user may cancel a visit before the configured cancellation cut-off.
REQ-R0C-01418,,SRC-05,paragraph 307,BUSINESS_REQUIREMENT,when execution has not started and permission allows.,Pass when the normalized obligation is demonstrably satisfied at the cited source location: when execution has not started and permission allows.
REQ-R0C-01419,,SRC-05,paragraph 328,BUSINESS_REQUIREMENT,Inspector did not define an Execution Date.,Pass when the normalized obligation is demonstrably satisfied at the cited source location: Inspector did not define an Execution Date.
REQ-R0C-01420,,SRC-05,paragraph 341,BUSINESS_REQUIREMENT,The Visit Details page must provide a complete read-only representation of the visit.,Pass when the normalized obligation is demonstrably satisfied at the cited source location: The Visit Details page must provide a complete read-only representation of the visit.
REQ-R0C-01421,,SRC-05,paragraph 356,BUSINESS_REQUIREMENT, Only authorized users may create Planning visits.,Pass when the normalized obligation is demonstrably satisfied at the cited source location:  Only authorized users may create Planning visits.
REQ-R0C-01422,,SRC-05,paragraph 357,BUSINESS_REQUIREMENT, Planning Type must be either Single or Bulk.,Pass when the normalized obligation is demonstrably satisfied at the cited source location:  Planning Type must be either Single or Bulk.
REQ-R0C-01423,,SRC-05,paragraph 358,BUSINESS_REQUIREMENT," Single Planning supports search by CR Number, License Number, or Plant Number.","Pass when the normalized obligation is demonstrably satisfied at the cited source location:  Single Planning supports search by CR Number, License Number, or Plant Number."
REQ-R0C-01424,,SRC-05,paragraph 362,BUSINESS_REQUIREMENT, Bulk filters must support AND and OR logic.,Pass when the normalized obligation is demonstrably satisfied at the cited source location:  Bulk filters must support AND and OR logic.
REQ-R0C-01425,,SRC-05,paragraph 363,USER_ACTION, Bulk results must create separate visits per selected factory.,Pass when the actor can complete this action and the resulting state is visible:  Bulk results must create separate visits per selected factory.
REQ-R0C-01426,,SRC-05,paragraph 364,BUSINESS_RULE, One invalid Bulk factory must not block valid factories.,Pass when this rule is enforced and a violating path is prevented or handled:  One invalid Bulk factory must not block valid factories.
REQ-R0C-01427,,SRC-05,paragraph 365,BUSINESS_REQUIREMENT, Location source must always be captured.,Pass when the normalized obligation is demonstrably satisfied at the cited source location:  Location source must always be captured.
REQ-R0C-01428,,SRC-05,paragraph 366,BUSINESS_RULE, License coordinates must not be overwritten in Senaei by Planning.,Pass when this rule is enforced and a violating path is prevented or handled:  License coordinates must not be overwritten in Senaei by Planning.
REQ-R0C-01429,,SRC-05,paragraph 369,BUSINESS_REQUIREMENT, Execution Date must fall within the Visit Window.,Pass when the normalized obligation is demonstrably satisfied at the cited source location:  Execution Date must fall within the Visit Window.
REQ-R0C-01430,,SRC-05,paragraph 370,BUSINESS_REQUIREMENT, An Inspector must be assigned before publishing.,Pass when the normalized obligation is demonstrably satisfied at the cited source location:  An Inspector must be assigned before publishing.
REQ-R0C-01431,,SRC-05,paragraph 371,BUSINESS_REQUIREMENT, Inspector recommendation must prioritize same Region and lower assigned workload.,Pass when the normalized obligation is demonstrably satisfied at the cited source location:  Inspector recommendation must prioritize same Region and lower assigned workload.
REQ-R0C-01432,,SRC-05,paragraph 374,BUSINESS_REQUIREMENT, Returned visits must display return reason and comments.,Pass when the normalized obligation is demonstrably satisfied at the cited source location:  Returned visits must display return reason and comments.
REQ-R0C-01433,,SRC-05,paragraph 378,BUSINESS_RULE," Published, Cancelled, and Expired visits must not be physically deleted.","Pass when this rule is enforced and a violating path is prevented or handled:  Published, Cancelled, and Expired visits must not be physically deleted."
REQ-R0C-01434,,SRC-05,paragraph 379,BUSINESS_REQUIREMENT, All updates must be audited.,Pass when the normalized obligation is demonstrably satisfied at the cited source location:  All updates must be audited.
REQ-R0C-01435,,SRC-05,paragraph 383,BUSINESS_REQUIREMENT,"The user can view Draft, Published, Returned, Cancelled, and Expired visits.","Pass when the normalized obligation is demonstrably satisfied at the cited source location: The user can view Draft, Published, Returned, Cancelled, and Expired visits."
REQ-R0C-01436,,SRC-05,paragraph 385,BUSINESS_REQUIREMENT,Search and filters return correct records.,Pass when the normalized obligation is demonstrably satisfied at the cited source location: Search and filters return correct records.
REQ-R0C-01437,,SRC-05,paragraph 387,BUSINESS_REQUIREMENT,Each Bulk-created visit appears as an individual record.,Pass when the normalized obligation is demonstrably satisfied at the cited source location: Each Bulk-created visit appears as an individual record.
REQ-R0C-01438,,SRC-05,paragraph 389,BUSINESS_REQUIREMENT,"The user can search by CR, License, or Plant Number.","Pass when the normalized obligation is demonstrably satisfied at the cited source location: The user can search by CR, License, or Plant Number."
REQ-R0C-01439,,SRC-05,paragraph 396,BUSINESS_REQUIREMENT,"The user can filter by Region, City, Sector, Stage, Activity, Product, Land Provider, and Employee Count.","Pass when the normalized obligation is demonstrably satisfied at the cited source location: The user can filter by Region, City, Sector, Stage, Activity, Product, Land Provider, and Employee Count."
REQ-R0C-01440,,SRC-05,paragraph 408,BUSINESS_REQUIREMENT,Planning changes do not directly update Senaei master data.,Pass when the normalized obligation is demonstrably satisfied at the cited source location: Planning changes do not directly update Senaei master data.
REQ-R0C-01441,,SRC-05,paragraph 415,BUSINESS_REQUIREMENT,The Planner can define Visit Window Start and End.,Pass when the normalized obligation is demonstrably satisfied at the cited source location: The Planner can define Visit Window Start and End.
REQ-R0C-01442,,SRC-05,paragraph 431,BUSINESS_REQUIREMENT,"Reassignment, cancellation, expiry, and window changes generate notifications.","Pass when the normalized obligation is demonstrably satisfied at the cited source location: Reassignment, cancellation, expiry, and window changes generate notifications."
REQ-R0C-01443,,SRC-05,paragraph 452,BUSINESS_REQUIREMENT,├── Return to Planner,Pass when the normalized obligation is demonstrably satisfied at the cited source location: ├── Return to Planner
REQ-R0C-01444,,SRC-05,paragraph 459,BUSINESS_REQUIREMENT,├── Cancel before execution Cancelled,Pass when the normalized obligation is demonstrably satisfied at the cited source location: ├── Cancel before execution Cancelled
REQ-R0C-01445,,SRC-05,paragraph 476,USER_ACTION,"When the Inspector opens the visit, they automatically receive everything included in that package.","Pass when the actor can complete this action and the resulting state is visible: When the Inspector opens the visit, they automatically receive everything included in that package."
REQ-R0C-01446,,SRC-05,"table 1, row 3, cell 1",BUSINESS_REQUIREMENT,Planning List Create Visit,Pass when the normalized obligation is demonstrably satisfied at the cited source location: Planning List Create Visit
REQ-R0C-01447,,SRC-05,"table 1, row 3, cell 2",USER_ACTION,Opens the Create Visit journey.,Pass when the actor can complete this action and the resulting state is visible: Opens the Create Visit journey.
REQ-R0C-01448,,SRC-05,"table 1, row 4, cell 1",BUSINESS_REQUIREMENT,Factory 360 Create Visit,Pass when the normalized obligation is demonstrably satisfied at the cited source location: Factory 360 Create Visit
REQ-R0C-01449,,SRC-05,"table 1, row 5, cell 1",BUSINESS_REQUIREMENT,Factory Map or Factory Quick Card Create Visit,Pass when the normalized obligation is demonstrably satisfied at the cited source location: Factory Map or Factory Quick Card Create Visit
REQ-R0C-01450,,SRC-05,"table 1, row 6, cell 2",USER_ACTION,Opens the returned visit details and return comments.,Pass when the actor can complete this action and the resulting state is visible: Opens the returned visit details and return comments.
REQ-R0C-01451,,SRC-05,"table 2, row 2, cell 2",BUSINESS_REQUIREMENT,Displays all visits the user is authorized to view.,Pass when the normalized obligation is demonstrably satisfied at the cited source location: Displays all visits the user is authorized to view.
REQ-R0C-01452,,SRC-05,"table 4, row 4, cell 1",BUSINESS_RULE,"Main Planning Statuses Draft Published Returned / Cancelled / Expired A Returned visit may be corrected and republished: Returned Draft or Returned – Under Update Published Status Definitions Journey Steps Create Visit Select Planning Type ├── Single └── Bulk Search or Identify Factory / Factories Review Retrieved Factory Information Confirm or Add Map Location Define Visit Details Assign Inspector Define Visit Window Select Optional Report Package Add Attachments and Notes Save Draft or Publish The system may present the journey as steps, sections, or one expandable form, provided that all validations and dependencies are maintained. Common Visit Fields The following fields apply to both Single and Bulk Planning unless specified otherwise.","Pass when this rule is enforced and a violating path is prevented or handled: Main Planning Statuses Draft Published Returned / Cancelled / Expired A Returned visit may be corrected and republished: Returned Draft or Returned – Under Update Published Status Definitions Journey Steps Create Visit Select Planning Type ├── Single └── Bulk Search or Identify Factory / Factories Review Retrieved Factory Information Confirm or Add Map Location Define Visit Details Assign Inspector Define Visit Window Select Optional Report Package Add Attachments and Notes Save Draft or Publish The system may present the journey as steps, sections, or one expandable form, provided that all validations and dependencies are maintained. Common Visit Fields The following fields apply to both Single and Bulk Planning unless specified otherwise."
REQ-R0C-01453,,SRC-05,"table 6, row 12, cell 2",BUSINESS_REQUIREMENT,Senaei / location record,Pass when the normalized obligation is demonstrably satisfied at the cited source location: Senaei / location record
REQ-R0C-01454,,SRC-05,"table 6, row 13, cell 2",BUSINESS_REQUIREMENT,Senaei / location record,Pass when the normalized obligation is demonstrably satisfied at the cited source location: Senaei / location record
REQ-R0C-01455,,SRC-05,"table 7, row 3, cell 5",BUSINESS_REQUIREMENT,Used as the primary display name.,Pass when the normalized obligation is demonstrably satisfied at the cited source location: Used as the primary display name.
REQ-R0C-01456,,SRC-05,"table 7, row 7, cell 5",BUSINESS_REQUIREMENT,Required when factory notification is enabled.,Pass when the normalized obligation is demonstrably satisfied at the cited source location: Required when factory notification is enabled.
REQ-R0C-01457,,SRC-05,"table 7, row 15, cell 5",BUSINESS_REQUIREMENT,May be required based on Visit Type.,Pass when the normalized obligation is demonstrably satisfied at the cited source location: May be required based on Visit Type.
REQ-R0C-01458,,SRC-05,"table 8, row 13, cell 4",BUSINESS_REQUIREMENT,Optional historical inspection filter.,Pass when the normalized obligation is demonstrably satisfied at the cited source location: Optional historical inspection filter.
REQ-R0C-01459,,SRC-05,"table 8, row 14, cell 4",BUSINESS_REQUIREMENT,Optional historical inspection filter.,Pass when the normalized obligation is demonstrably satisfied at the cited source location: Optional historical inspection filter.
REQ-R0C-01460,,SRC-05,"table 8, row 15, cell 4",BUSINESS_REQUIREMENT,Optional regulatory or operational filter.,Pass when the normalized obligation is demonstrably satisfied at the cited source location: Optional regulatory or operational filter.
REQ-R0C-01461,,SRC-05,"table 9, row 7, cell 2",BUSINESS_REQUIREMENT,Adds another search condition,Pass when the normalized obligation is demonstrably satisfied at the cited source location: Adds another search condition
REQ-R0C-01462,,SRC-05,"table 14, row 8, cell 2",BUSINESS_REQUIREMENT,"Return reasons, comments, return history","Pass when the normalized obligation is demonstrably satisfied at the cited source location: Return reasons, comments, return history"
REQ-R0C-01463,,SRC-05,"table 15, row 3, cell 2",BUSINESS_REQUIREMENT,Displays complete factory context and provides a Create Visit entry point.,Pass when the normalized obligation is demonstrably satisfied at the cited source location: Displays complete factory context and provides a Create Visit entry point.
REQ-R0C-01464,,SRC-05,"table 15, row 7, cell 2",BUSINESS_REQUIREMENT,"Provides Visit Type, Visit Mode, priority, return reason, cancellation reason, region, city, and other values.","Pass when the normalized obligation is demonstrably satisfied at the cited source location: Provides Visit Type, Visit Mode, priority, return reason, cancellation reason, region, city, and other values."
REQ-R0C-01465,,SRC-05,"table 16, row 3, cell 3",USER_ACTION,"Inspector accepted the visit, selected the Execution Date, selected the required Inspection Report if needed, and completed all preparation requirements.","Pass when the actor can complete this action and the resulting state is visible: Inspector accepted the visit, selected the Execution Date, selected the required Inspection Report if needed, and completed all preparation requirements."
REQ-R0C-01466,,SRC-05,"table 17, row 2, cell 4",USER_ACTION,"The Planner may assign one or more packages. If none are assigned, the Inspector must select the required package(s) during Preparation.","Pass when the actor can complete this action and the resulting state is visible: The Planner may assign one or more packages. If none are assigned, the Inspector must select the required package(s) during Preparation."
REQ-R0C-01467,,SRC-06,paragraph 14,BUSINESS_REQUIREMENT,"Why a third field rather than reusing Visit Status: “Returned” already has a distinct, established meaning in Visit Status — a visit sent back to the Planner, before publish, for a scheduling problem. Reusing that same value for an inspection sent back to the Inspector after submission for a content problem would make “Returned” ambiguous without also checking a second field. Keeping the three tiers separate avoids that collision and mirrors the pattern already used elsewhere on the platform — a Regulation’s Operational Status (Active/Inactive/Scheduled) is tracked separately from its Compliance Configuration Request’s own Approval Status (Draft/Pending/Approved/Returned/Rejected).","Pass when the normalized obligation is demonstrably satisfied at the cited source location: Why a third field rather than reusing Visit Status: “Returned” already has a distinct, established meaning in Visit Status — a visit sent back to the Planner, before publish, for a scheduling problem. Reusing that same value for an inspection sent back to the Inspector after submission for a content problem would make “Returned” ambiguous without also checking a second field. Keeping the three tiers separate avoids that collision and mirrors the pattern already used elsewhere on the platform — a Regulation’s Operational Status (Active/Inactive/Scheduled) is tracked separately from its Compliance Configuration Request’s own Approval Status (Draft/Pending/Approved/Returned/Rejected)."
REQ-R0C-01468,,SRC-06,paragraph 22,BUSINESS_REQUIREMENT,"The Pre-Execution stage begins immediately after a visit has been published and assigned to an Inspector. Its purpose is to let the Inspector prepare — reviewing visit information, configuring execution settings, preparing the Inspection Package, and confirming readiness — before travelling to the factory. No inspection activity happens in this stage: the Inspector does not answer Inspection Items, collect evidence, issue violations, or complete Action Forms.","Pass when the normalized obligation is demonstrably satisfied at the cited source location: The Pre-Execution stage begins immediately after a visit has been published and assigned to an Inspector. Its purpose is to let the Inspector prepare — reviewing visit information, configuring execution settings, preparing the Inspection Package, and confirming readiness — before travelling to the factory. No inspection activity happens in this stage: the Inspector does not answer Inspection Items, collect evidence, issue violations, or complete Action Forms."
REQ-R0C-01469,,SRC-06,paragraph 23,USER_ACTION,"Once all mandatory preparation activities are complete, the Inspector confirms the visit as Ready for Execution, which opens the Execution stage.","Pass when the actor can complete this action and the resulting state is visible: Once all mandatory preparation activities are complete, the Inspector confirms the visit as Ready for Execution, which opens the Execution stage."
REQ-R0C-01470,,SRC-06,paragraph 25,USER_ACTION,"Planner publishes visit visit assigned to Inspector Inspector opens visit [review visit information, configure Execution Date, configure Visit Mode, configure Inspection Package, review factory context, configure factory notification, save preparation] confirm Ready for Execution Operational State = Ready for Execution.","Pass when the actor can complete this action and the resulting state is visible: Planner publishes visit visit assigned to Inspector Inspector opens visit [review visit information, configure Execution Date, configure Visit Mode, configure Inspection Package, review factory context, configure factory notification, save preparation] confirm Ready for Execution Operational State = Ready for Execution."
REQ-R0C-01471,,SRC-06,paragraph 32,BUSINESS_REQUIREMENT,Create the Inspector's execution workspace.,Pass when the normalized obligation is demonstrably satisfied at the cited source location: Create the Inspector's execution workspace.
REQ-R0C-01472,,SRC-06,paragraph 33,USER_ACTION,Generate the initial Inspection Package from the selected Report Type.,Pass when the actor can complete this action and the resulting state is visible: Generate the initial Inspection Package from the selected Report Type.
REQ-R0C-01473,,SRC-06,paragraph 35,BUSINESS_REQUIREMENT,Record the assignment in the Audit Log.,Pass when the normalized obligation is demonstrably satisfied at the cited source location: Record the assignment in the Audit Log.
REQ-R0C-01474,,SRC-06,paragraph 44,USER_ACTION,"Note: The 10-visit daily cap is enforced here at date-selection time, but Planning's Bulk Assignment (§8.3 of the Planning document) distributes workload only by relative comparison, with no awareness of this absolute cap. A Bulk Plan could publish more than 10 visits to one Inspector on overlapping dates before this limit is ever surfaced. Carried into §19.2 Known Gaps.","Pass when the actor can complete this action and the resulting state is visible: Note: The 10-visit daily cap is enforced here at date-selection time, but Planning's Bulk Assignment (§8.3 of the Planning document) distributes workload only by relative comparison, with no awareness of this absolute cap. A Bulk Plan could publish more than 10 visits to one Inspector on overlapping dates before this limit is ever surfaced. Carried into §19.2 Known Gaps."
REQ-R0C-01475,,SRC-06,paragraph 50,BUSINESS_REQUIREMENT,View assigned Inspection Forms and Action Forms.,Pass when the normalized obligation is demonstrably satisfied at the cited source location: View assigned Inspection Forms and Action Forms.
REQ-R0C-01476,,SRC-06,paragraph 57,BUSINESS_REQUIREMENT,"The system provides access to the Factory 360 summary, read-only: Factory Profile, License Information, Activities, Products, Previous Inspections, Previous Violations, Previous Penalties, Compliance History, Risk Score (where available), Planner Notes.","Pass when the normalized obligation is demonstrably satisfied at the cited source location: The system provides access to the Factory 360 summary, read-only: Factory Profile, License Information, Activities, Products, Previous Inspections, Previous Violations, Previous Penalties, Compliance History, Risk Score (where available), Planner Notes."
REQ-R0C-01477,,SRC-06,paragraph 66,BUSINESS_REQUIREMENT,Create a visit-specific package version.,Pass when the normalized obligation is demonstrably satisfied at the cited source location: Create a visit-specific package version.
REQ-R0C-01478,,SRC-06,paragraph 67,BUSINESS_REQUIREMENT,Update Operational State to Ready for Execution.,Pass when the normalized obligation is demonstrably satisfied at the cited source location: Update Operational State to Ready for Execution.
REQ-R0C-01479,,SRC-06,paragraph 69,BUSINESS_REQUIREMENT,"Notify the Planner, where applicable.","Pass when the normalized obligation is demonstrably satisfied at the cited source location: Notify the Planner, where applicable."
REQ-R0C-01480,,SRC-06,paragraph 70,BUSINESS_REQUIREMENT,Record the confirmation in the Audit Log.,Pass when the normalized obligation is demonstrably satisfied at the cited source location: Record the confirmation in the Audit Log.
REQ-R0C-01481,,SRC-06,paragraph 81,BUSINESS_REQUIREMENT,The package required for execution is available on the device.,Pass when the normalized obligation is demonstrably satisfied at the cited source location: The package required for execution is available on the device.
REQ-R0C-01482,,SRC-06,paragraph 82,BUSINESS_REQUIREMENT,"Note: If any entry criterion is not met, the system shall prevent the Inspector from starting the journey and identify the specific blocking condition.","Pass when the normalized obligation is demonstrably satisfied at the cited source location: Note: If any entry criterion is not met, the system shall prevent the Inspector from starting the journey and identify the specific blocking condition."
REQ-R0C-01483,,SRC-06,paragraph 89,BUSINESS_REQUIREMENT,"Inspection Visit contains: Journey (Journey Events, Location Records); Arrival Record (Recorded Location, Location Validation, Override Reason, Arrival Evidence); Inspection Session (Session Events, Suspension Records, Recovery Information); Visit Inspection Package (Inspection Form Instances with Form-Level Question Responses and Default Inspection Items, Additional Inspection Items, Action Form Instances); Inspection Responses (Response Value, Compliance Outcome, Notes, Evidence); Violation Instances (Linked Inspection Item, Corrective Action, Grace Period, Penalty); Inspection Summary; and Submission.","Pass when the normalized obligation is demonstrably satisfied at the cited source location: Inspection Visit contains: Journey (Journey Events, Location Records); Arrival Record (Recorded Location, Location Validation, Override Reason, Arrival Evidence); Inspection Session (Session Events, Suspension Records, Recovery Information); Visit Inspection Package (Inspection Form Instances with Form-Level Question Responses and Default Inspection Items, Additional Inspection Items, Action Form Instances); Inspection Responses (Response Value, Compliance Outcome, Notes, Evidence); Violation Instances (Linked Inspection Item, Corrective Action, Grace Period, Penalty); Inspection Summary; and Submission."
REQ-R0C-01484,,SRC-06,paragraph 96,BUSINESS_REQUIREMENT,"Create the Journey record; record start date, time, and location where available.","Pass when the normalized obligation is demonstrably satisfied at the cited source location: Create the Journey record; record start date, time, and location where available."
REQ-R0C-01485,,SRC-06,paragraph 100,USER_ACTION,Update the Operations Center; create a journey-start audit event.,Pass when the actor can complete this action and the resulting state is visible: Update the Operations Center; create a journey-start audit event.
REQ-R0C-01486,,SRC-06,paragraph 108,BUSINESS_REQUIREMENT,"A configurable lookup, initially including: Factory closed, Factory not found, Factory no longer operating, Access refused, No authorized representative, Unsafe conditions, Emergency, Incorrect assignment, Duplicate visit, Factory requested cancellation, Technical blocking issue, Other (free-text explanation mandatory).","Pass when the normalized obligation is demonstrably satisfied at the cited source location: A configurable lookup, initially including: Factory closed, Factory not found, Factory no longer operating, Access refused, No authorized representative, Unsafe conditions, Emergency, Incorrect assignment, Duplicate visit, Factory requested cancellation, Technical blocking issue, Other (free-text explanation mandatory)."
REQ-R0C-01487,,SRC-06,paragraph 111,BUSINESS_REQUIREMENT,Preserve all captured data for audit; prevent further response entry.,Pass when the normalized obligation is demonstrably satisfied at the cited source location: Preserve all captured data for audit; prevent further response entry.
REQ-R0C-01488,,SRC-06,paragraph 112,USER_ACTION,Remove the visit from active schedules; update the Operations Center; notify relevant users.,Pass when the actor can complete this action and the resulting state is visible: Remove the visit from active schedules; update the Operations Center; notify relevant users.
REQ-R0C-01489,,SRC-06,paragraph 113,BUSINESS_REQUIREMENT,"Store the cancellation reason, actor, date, and time.","Pass when the normalized obligation is demonstrably satisfied at the cited source location: Store the cancellation reason, actor, date, and time."
REQ-R0C-01490,,SRC-06,paragraph 119,BUSINESS_REQUIREMENT,"For Physical visits, tracking begins after Journey start and stops on arrival confirmation, Journey cancellation, or visit cancellation. The system stores latitude, longitude, recorded timestamp, accuracy where available, synchronization timestamp, location source, and an online/offline capture indicator.","Pass when the normalized obligation is demonstrably satisfied at the cited source location: For Physical visits, tracking begins after Journey start and stops on arrival confirmation, Journey cancellation, or visit cancellation. The system stores latitude, longitude, recorded timestamp, accuracy where available, synchronization timestamp, location source, and an online/offline capture indicator."
REQ-R0C-01491,,SRC-06,paragraph 121,BUSINESS_RULE,Temporary loss of location shall not end the Journey; offline locations are stored locally and synchronized later.,Pass when this rule is enforced and a violating path is prevented or handled: Temporary loss of location shall not end the Journey; offline locations are stored locally and synchronized later.
REQ-R0C-01492,,SRC-06,paragraph 129,USER_ACTION,"Where the registered factory coordinates are incorrect, the Inspector may record a corrected location for the current visit: capture the current GPS location or select a new map pin, provide a correction reason, add supporting notes, and attach evidence where required.","Pass when the actor can complete this action and the resulting state is visible: Where the registered factory coordinates are incorrect, the Inspector may record a corrected location for the current visit: capture the current GPS location or select a new map pin, provide a correction reason, add supporting notes, and attach evidence where required."
REQ-R0C-01493,,SRC-06,paragraph 136,BUSINESS_REQUIREMENT,"Capture arrival date, time, and current location; validate the arrival location.","Pass when the normalized obligation is demonstrably satisfied at the cited source location: Capture arrival date, time, and current location; validate the arrival location."
REQ-R0C-01494,,SRC-06,paragraph 138,USER_ACTION,Change Operational State to Arrived; update the Operations Center.,Pass when the actor can complete this action and the resulting state is visible: Change Operational State to Arrived; update the Operations Center.
REQ-R0C-01495,,SRC-06,paragraph 139,BUSINESS_REQUIREMENT,Enable the Start Inspection action; create an arrival audit event.,Pass when the normalized obligation is demonstrably satisfied at the cited source location: Enable the Start Inspection action; create an arrival audit event.
REQ-R0C-01496,,SRC-06,paragraph 143,BUSINESS_REQUIREMENT,Inform the Inspector that the recorded location does not match the expected location; display both.,Pass when the normalized obligation is demonstrably satisfied at the cited source location: Inform the Inspector that the recorded location does not match the expected location; display both.
REQ-R0C-01497,,SRC-06,paragraph 144,BUSINESS_REQUIREMENT,"Allow one of the approved exception paths: retry location capture, or use the corrected visit location.","Pass when the normalized obligation is demonstrably satisfied at the cited source location: Allow one of the approved exception paths: retry location capture, or use the corrected visit location."
REQ-R0C-01498,,SRC-06,paragraph 146,BUSINESS_RULE,"After arriving, the Inspector may report that the inspection cannot proceed: factory closed, gate locked, security denied access, representative absent, factory refused inspection, unsafe conditions, factory not operating, incorrect address, or factory no longer exists at the location.","Pass when this rule is enforced and a violating path is prevented or handled: After arriving, the Inspector may report that the inspection cannot proceed: factory closed, gate locked, security denied access, representative absent, factory refused inspection, unsafe conditions, factory not operating, incorrect address, or factory no longer exists at the location."
REQ-R0C-01499,,SRC-06,paragraph 147,USER_ACTION,"The Inspector selects the applicable reason, adds notes, and captures evidence where required.","Pass when the actor can complete this action and the resulting state is visible: The Inspector selects the applicable reason, adds notes, and captures evidence where required."
REQ-R0C-01500,,SRC-06,paragraph 155,BUSINESS_REQUIREMENT,"Create the Inspection Session; record start date, time, and location where applicable.","Pass when the normalized obligation is demonstrably satisfied at the cited source location: Create the Inspection Session; record start date, time, and location where applicable."
REQ-R0C-01501,,SRC-06,paragraph 159,USER_ACTION,Update the Operations Center; create an audit event.,Pass when the actor can complete this action and the resulting state is visible: Update the Operations Center; create an audit event.
REQ-R0C-01502,,SRC-06,paragraph 165,BUSINESS_REQUIREMENT,"Reasons may include: factory representative unavailable, emergency, unsafe condition, power interruption, technical issue, required document unavailable, operational interruption, other.","Pass when the normalized obligation is demonstrably satisfied at the cited source location: Reasons may include: factory representative unavailable, emergency, unsafe condition, power interruption, technical issue, required document unavailable, operational interruption, other."
REQ-R0C-01503,,SRC-06,paragraph 171,USER_ACTION,"Each Form instance retains a snapshot of the Form definition used for the visit, protecting the inspection from later changes to the source Form. The Inspector may open a Form, navigate between Forms, view progress, answer Form-Level Questions, view default Inspection Items, and return to previously completed Forms before submission.","Pass when the actor can complete this action and the resulting state is visible: Each Form instance retains a snapshot of the Form definition used for the visit, protecting the inspection from later changes to the source Form. The Inspector may open a Form, navigate between Forms, view progress, answer Form-Level Questions, view default Inspection Items, and return to previously completed Forms before submission."
REQ-R0C-01504,,SRC-06,paragraph 173,BUSINESS_RULE,"Created through the Form Builder and distinct from regulatory Inspection Items — they may capture operational details, factory representative details, administrative confirmations, general observations, or visit-specific information. They do not generate compliance outcomes or violations unless explicitly configured to. Their responses are included in the inspection record and final report.","Pass when this rule is enforced and a violating path is prevented or handled: Created through the Form Builder and distinct from regulatory Inspection Items — they may capture operational details, factory representative details, administrative confirmations, general observations, or visit-specific information. They do not generate compliance outcomes or violations unless explicitly configured to. Their responses are included in the inspection record and final report."
REQ-R0C-01505,,SRC-06,paragraph 177,BUSINESS_REQUIREMENT,View Complete Inspection Item Library,Pass when the normalized obligation is demonstrably satisfied at the cited source location: View Complete Inspection Item Library
REQ-R0C-01506,,SRC-06,paragraph 178,USER_ACTION,"During execution, the Inspector may search and browse all active and approved Inspection Items in the Compliance Library, by name, code, Inspection Section, Regulation, Report Type, related Form, or keyword. Only active and approved items are selectable.","Pass when the actor can complete this action and the resulting state is visible: During execution, the Inspector may search and browse all active and approved Inspection Items in the Compliance Library, by name, code, Inspection Section, Regulation, Report Type, related Form, or keyword. Only active and approved items are selectable."
REQ-R0C-01507,,SRC-06,paragraph 180,BUSINESS_REQUIREMENT,"Adding an item not included by default: adds it to the current inspection only; preserves its source configuration; requires a response where mandatory; applies its configured evidence, compliance, and violation mapping; and includes it in the inspection summary, final report, and compliance calculation. The system records that the item was manually added. The addition does not modify the source Form, Report Type, Compliance Library, or future inspections. Duplicate items are not allowed within the same visit.","Pass when the normalized obligation is demonstrably satisfied at the cited source location: Adding an item not included by default: adds it to the current inspection only; preserves its source configuration; requires a response where mandatory; applies its configured evidence, compliance, and violation mapping; and includes it in the inspection summary, final report, and compliance calculation. The system records that the item was manually added. The addition does not modify the source Form, Report Type, Compliance Library, or future inspections. Duplicate items are not allowed within the same visit."
REQ-R0C-01508,,SRC-06,paragraph 186,BUSINESS_REQUIREMENT,"The system renders the Response Type configured for each Inspection Item. Supported Response Types are defined in Lookup and may include Yes/No, Pass/Fail, Valid/Expired, Compliant/Non-Compliant, Available/Not Available. Each response value has a configured compliance result.","Pass when the normalized obligation is demonstrably satisfied at the cited source location: The system renders the Response Type configured for each Inspection Item. Supported Response Types are defined in Lookup and may include Yes/No, Pass/Fail, Valid/Expired, Compliant/Non-Compliant, Available/Not Available. Each response value has a configured compliance result."
REQ-R0C-01509,,SRC-06,paragraph 190,BUSINESS_REQUIREMENT,"Where the system preloads a previous response, it is clearly identified as preloaded and the Inspector must confirm or update it — it is not treated as completed until confirmed in the current inspection. Current evidence requirements still apply, and the current inspection stores its own response instance.","Pass when the normalized obligation is demonstrably satisfied at the cited source location: Where the system preloads a previous response, it is clearly identified as preloaded and the Inspector must confirm or update it — it is not treated as completed until confirmed in the current inspection. Current evidence requirements still apply, and the current inspection stores its own response instance."
REQ-R0C-01510,,SRC-06,paragraph 194,BUSINESS_REQUIREMENT,"The Inspector may capture a photo, attach an existing supported file, add multiple evidence files where permitted, preview, replace, or remove evidence before submission, and add a description where required.","Pass when the normalized obligation is demonstrably satisfied at the cited source location: The Inspector may capture a photo, attach an existing supported file, add multiple evidence files where permitted, preview, replace, or remove evidence before submission, and add a description where required."
REQ-R0C-01511,,SRC-06,paragraph 196,BUSINESS_RULE,"Defined per Inspection Item or Action Form: not required, optional, at least one file required, multiple files allowed, or type-restricted. A mandatory item cannot be completed without satisfying its evidence rule.","Pass when this rule is enforced and a violating path is prevented or handled: Defined per Inspection Item or Action Form: not required, optional, at least one file required, multiple files allowed, or type-restricted. A mandatory item cannot be completed without satisfying its evidence rule."
REQ-R0C-01512,,SRC-06,paragraph 198,BUSINESS_REQUIREMENT,Evidence is stored securely on the device; the response may be marked locally complete.,Pass when the normalized obligation is demonstrably satisfied at the cited source location: Evidence is stored securely on the device; the response may be marked locally complete.
REQ-R0C-01513,,SRC-06,paragraph 199,BUSINESS_REQUIREMENT,Evidence is queued for upload; submission is not final until required evidence is synchronized.,Pass when the normalized obligation is demonstrably satisfied at the cited source location: Evidence is queued for upload; submission is not final until required evidence is synchronized.
REQ-R0C-01514,,SRC-06,paragraph 203,BUSINESS_REQUIREMENT,"During inspection, the Inspector may verify the accuracy of the factory's master data retrieved from Senaei and record whether each piece of information is Verified (Found/Matches), Not Found, Changed, Not Accessible, or Not Applicable. The objective is not to edit the master data directly, but to capture observations that may trigger a master-data correction workflow after the inspection is approved — the same non-destructive correction principle used for location data (§6.4) and Planning's factory location rules.","Pass when the normalized obligation is demonstrably satisfied at the cited source location: During inspection, the Inspector may verify the accuracy of the factory's master data retrieved from Senaei and record whether each piece of information is Verified (Found/Matches), Not Found, Changed, Not Accessible, or Not Applicable. The objective is not to edit the master data directly, but to capture observations that may trigger a master-data correction workflow after the inspection is approved — the same non-destructive correction principle used for location data (§6.4) and Planning's factory location rules."
REQ-R0C-01515,,SRC-06,paragraph 207,BUSINESS_RULE,"The Inspector may view existing data, record comments, capture evidence, and flag major discrepancies, but shall not edit the master record.","Pass when this rule is enforced and a violating path is prevented or handled: The Inspector may view existing data, record comments, capture evidence, and flag major discrepancies, but shall not edit the master record."
REQ-R0C-01516,,SRC-06,paragraph 214,BUSINESS_RULE,"The Inspector reviews the candidate and completes the required information. The Violation Candidate inherits: Violation definition, code, Severity, legal reference, evidence requirement, corrective action rule, Grace Period configuration, linked Action Form, and — per §1.1 — its one configured Penalty, where one exists. The Inspector shall not modify the source Violation definition.","Pass when this rule is enforced and a violating path is prevented or handled: The Inspector reviews the candidate and completes the required information. The Violation Candidate inherits: Violation definition, code, Severity, legal reference, evidence requirement, corrective action rule, Grace Period configuration, linked Action Form, and — per §1.1 — its one configured Penalty, where one exists. The Inspector shall not modify the source Violation definition."
REQ-R0C-01517,,SRC-06,paragraph 224,USER_ACTION,"The Inspector may open the Action Form, complete Form-Level Questions, capture required evidence and signature where configured, save, edit before submission, and remove an optional unused Action Form.","Pass when the actor can complete this action and the resulting state is visible: The Inspector may open the Action Form, complete Form-Level Questions, capture required evidence and signature where configured, save, edit before submission, and remove an optional unused Action Form."
REQ-R0C-01518,,SRC-06,paragraph 230,USER_ACTION,"The Inspector may continue the inspection without an internet connection using the downloaded package snapshot, including Form navigation, response entry, item selection from the downloaded eligible library, notes, evidence capture, violation candidates, Action Form completion, and summary preview. Functions requiring current central data may be unavailable offline and shall be clearly identified.","Pass when the actor can complete this action and the resulting state is visible: The Inspector may continue the inspection without an internet connection using the downloaded package snapshot, including Form navigation, response entry, item selection from the downloaded eligible library, notes, evidence capture, violation candidates, Action Form completion, and summary preview. Functions requiring current central data may be unavailable offline and shall be clearly identified."
REQ-R0C-01519,,SRC-06,paragraph 232,BUSINESS_RULE,"When connection returns, the system uploads pending responses, evidence, and audit events; reconciles the server and device session; confirms synchronization status; identifies and retries failed records. The system shall not create duplicate responses, violations, evidence, or submissions.","Pass when this rule is enforced and a violating path is prevented or handled: When connection returns, the system uploads pending responses, evidence, and audit events; reconciles the server and device session; confirms synchronization status; identifies and retries failed records. The system shall not create duplicate responses, violations, evidence, or submissions."
REQ-R0C-01520,,SRC-06,paragraph 241,USER_ACTION,"Before submission, the Inspector reviews the complete inspection: visit and factory information, execution timeline, completed Forms, Form-Level Question summary, Inspection Item responses, added and deselected items, evidence summary, compliance results, violation summary, corrective actions, penalties, completed and outstanding Action Forms, preliminary Compliance Rate, validation errors, and warnings. The Inspector may return to the relevant Form or item to correct information.","Pass when the actor can complete this action and the resulting state is visible: Before submission, the Inspector reviews the complete inspection: visit and factory information, execution timeline, completed Forms, Form-Level Question summary, Inspection Item responses, added and deselected items, evidence summary, compliance results, violation summary, corrective actions, penalties, completed and outstanding Action Forms, preliminary Compliance Rate, validation errors, and warnings. The Inspector may return to the relevant Form or item to correct information."
REQ-R0C-01521,,SRC-06,paragraph 244,BUSINESS_REQUIREMENT,Note: Blocking errors prevent submission. Warnings may allow submission where configured.,Pass when the normalized obligation is demonstrably satisfied at the cited source location: Note: Blocking errors prevent submission. Warnings may allow submission where configured.
REQ-R0C-01522,,SRC-06,paragraph 246,BUSINESS_REQUIREMENT,Create the Submission record; record submission date and time; complete the Inspection Session.,Pass when the normalized obligation is demonstrably satisfied at the cited source location: Create the Submission record; record submission date and time; complete the Inspection Session.
REQ-R0C-01523,,SRC-06,paragraph 248,BUSINESS_REQUIREMENT,Calculate the preliminary compliance result; generate the inspection report package.,Pass when the normalized obligation is demonstrably satisfied at the cited source location: Calculate the preliminary compliance result; generate the inspection report package.
REQ-R0C-01524,,SRC-06,paragraph 251,USER_ACTION,Update the Operations Center and Factory 360 with a pending inspection record.,Pass when the actor can complete this action and the resulting state is visible: Update the Operations Center and Factory 360 with a pending inspection record.
REQ-R0C-01525,,SRC-06,paragraph 252,BUSINESS_REQUIREMENT,Notify the Approver and the Inspector; create the submission audit event.,Pass when the normalized obligation is demonstrably satisfied at the cited source location: Notify the Approver and the Inspector; create the submission audit event.
REQ-R0C-01526,,SRC-06,paragraph 254,USER_ACTION,"Submission is idempotent. If the Inspector submits multiple times because of repeated clicks, network retry, application timeout, or device reconnection, the system creates only one Submission record and returns the existing submission confirmation.","Pass when the actor can complete this action and the resulting state is visible: Submission is idempotent. If the Inspector submits multiple times because of repeated clicks, network retry, application timeout, or device reconnection, the system creates only one Submission record and returns the existing submission confirmation."
REQ-R0C-01527,,SRC-06,paragraph 256,BUSINESS_REQUIREMENT,"Supported events: Journey started, arrival confirmed, arrival outside expected location, unable to access factory, inspection started, inspection suspended, cancellation requested, cancellation approved or rejected, inspection submitted, synchronization failure requiring action. Recipients depend on the event and may include the Inspector, Supervisor, or factory contact where applicable.","Pass when the normalized obligation is demonstrably satisfied at the cited source location: Supported events: Journey started, arrival confirmed, arrival outside expected location, unable to access factory, inspection started, inspection suspended, cancellation requested, cancellation approved or rejected, inspection submitted, synchronization failure requiring action. Recipients depend on the event and may include the Inspector, Supervisor, or factory contact where applicable."
REQ-R0C-01528,,SRC-06,paragraph 259,BUSINESS_RULE,Visit Status = Published. Inspection Status = In Progress. Operational State = Submitted. Inspection Session = Completed. Submission = Created. The Approver becomes the next action owner; the Inspector no longer has edit access unless the inspection is returned during the Approval journey.,Pass when this rule is enforced and a violating path is prevented or handled: Visit Status = Published. Inspection Status = In Progress. Operational State = Submitted. Inspection Session = Completed. Submission = Created. The Approver becomes the next action owner; the Inspector no longer has edit access unless the inspection is returned during the Approval journey.
REQ-R0C-01529,,SRC-06,paragraph 261,BUSINESS_REQUIREMENT,"The Review & Approval stage begins once an Inspector successfully submits an inspection. Its purpose is to validate completeness and quality, determine the final compliance outcome, and either approve, return, or reject the inspection per the configured approval workflow.","Pass when the normalized obligation is demonstrably satisfied at the cited source location: The Review & Approval stage begins once an Inspector successfully submits an inspection. Its purpose is to validate completeness and quality, determine the final compliance outcome, and either approve, return, or reject the inspection per the configured approval workflow."
REQ-R0C-01530,,SRC-06,paragraph 266,USER_ACTION,"Approvers may view, search, filter, sort, and open pending inspections. Only authorized Approvers see inspections within their assigned scope; submitted inspections become read-only for the Inspector.","Pass when the actor can complete this action and the resulting state is visible: Approvers may view, search, filter, sort, and open pending inspections. Only authorized Approvers see inspections within their assigned scope; submitted inspections become read-only for the Inspector."
REQ-R0C-01531,,SRC-06,paragraph 268,USER_ACTION,"The Approver reviews the complete, read-only inspection package: Visit Information, Journey Timeline, Factory Information, Inspection Forms, Form-Level Questions, Inspection Items, Responses, added and deselected items, Evidence, Notes, Violations, Corrective Actions, Action Forms, and the Compliance Summary.","Pass when the actor can complete this action and the resulting state is visible: The Approver reviews the complete, read-only inspection package: Visit Information, Journey Timeline, Factory Information, Inspection Forms, Form-Level Questions, Inspection Items, Responses, added and deselected items, Evidence, Notes, Violations, Corrective Actions, Action Forms, and the Compliance Summary."
REQ-R0C-01532,,SRC-06,paragraph 270,BUSINESS_RULE,"The Approver may open, preview, download, and zoom evidence; validate it or flag poor-quality evidence. Evidence cannot be edited during review; a Returned inspection may require new evidence.","Pass when this rule is enforced and a violating path is prevented or handled: The Approver may open, preview, download, and zoom evidence; validate it or flag poor-quality evidence. Evidence cannot be edited during review; a Returned inspection may require new evidence."
REQ-R0C-01533,,SRC-06,paragraph 272,BUSINESS_RULE,"The Approver may review violation details, legal references, evidence, corrective actions, and validate the Penalty mapping. Source Violation definitions cannot be edited; review applies only to the visit instance.","Pass when this rule is enforced and a violating path is prevented or handled: The Approver may review violation details, legal references, evidence, corrective actions, and validate the Penalty mapping. Source Violation definitions cannot be edited; review applies only to the visit instance."
REQ-R0C-01534,,SRC-06,paragraph 278,USER_ACTION,"The Approver may return the entire inspection, selecting one or more return reasons, adding comments, and highlighting affected Forms or Items.","Pass when the actor can complete this action and the resulting state is visible: The Approver may return the entire inspection, selecting one or more return reasons, adding comments, and highlighting affected Forms or Items."
REQ-R0C-01535,,SRC-06,paragraph 281,BUSINESS_REQUIREMENT,The Inspector regains edit access and receives a notification.,Pass when the normalized obligation is demonstrably satisfied at the cited source location: The Inspector regains edit access and receives a notification.
REQ-R0C-01536,,SRC-06,paragraph 287,BUSINESS_REQUIREMENT,"Before approval, the system verifies the inspection is complete, has no blocking validations, and satisfies workflow requirements.","Pass when the normalized obligation is demonstrably satisfied at the cited source location: Before approval, the system verifies the inspection is complete, has no blocking validations, and satisfies workflow requirements."
REQ-R0C-01537,,SRC-06,paragraph 297,BUSINESS_REQUIREMENT,"A Virtual Inspection allows the Inspector and factory representative to execute the inspection remotely without physical travel. It uses the same Inspection Package, Forms, Items, response rules, evidence requirements, violation rules, Action Forms, submission process, and approval process as a Physical inspection — it does not use physical Journey or Arrival capabilities.","Pass when the normalized obligation is demonstrably satisfied at the cited source location: A Virtual Inspection allows the Inspector and factory representative to execute the inspection remotely without physical travel. It uses the same Inspection Package, Forms, Items, response rules, evidence requirements, violation rules, Action Forms, submission process, and approval process as a Physical inspection — it does not use physical Journey or Arrival capabilities."
REQ-R0C-01538,,SRC-06,paragraph 301,BUSINESS_REQUIREMENT,The assigned Inspector is active; required factory contact information exists.,Pass when the normalized obligation is demonstrably satisfied at the cited source location: The assigned Inspector is active; required factory contact information exists.
REQ-R0C-01539,,SRC-06,paragraph 303,BUSINESS_RULE,A Virtual Inspection shall not move through On the Way or Arrived.,Pass when this rule is enforced and a violating path is prevented or handled: A Virtual Inspection shall not move through On the Way or Arrived.
REQ-R0C-01540,,SRC-06,paragraph 305,BUSINESS_REQUIREMENT,"The Inspector may start on or within the permitted Execution Date and slot. Before starting, the system validates the user is the assigned Inspector, the Visit Mode remains Virtual, the visit is not cancelled or expired, the package is available, required session configuration is complete, the virtual channel is available, and the factory representative has been invited where applicable.","Pass when the normalized obligation is demonstrably satisfied at the cited source location: The Inspector may start on or within the permitted Execution Date and slot. Before starting, the system validates the user is the assigned Inspector, the Visit Mode remains Virtual, the visit is not cancelled or expired, the package is available, required session configuration is complete, the virtual channel is available, and the factory representative has been invited where applicable."
REQ-R0C-01541,,SRC-06,paragraph 307,BUSINESS_REQUIREMENT,Create the Inspection Session; record the start date and time.,Pass when the normalized obligation is demonstrably satisfied at the cited source location: Create the Inspection Session; record the start date and time.
REQ-R0C-01542,,SRC-06,paragraph 309,BUSINESS_REQUIREMENT,Load the Inspection Package; record the execution channel as Virtual.,Pass when the normalized obligation is demonstrably satisfied at the cited source location: Load the Inspection Package; record the execution channel as Virtual.
REQ-R0C-01543,,SRC-06,paragraph 310,USER_ACTION,Update the Operations Center; create an audit event.,Pass when the actor can complete this action and the resulting state is visible: Update the Operations Center; create an audit event.
REQ-R0C-01544,,SRC-06,paragraph 312,BUSINESS_REQUIREMENT,"May include documents uploaded by the factory, live images or video snapshots where legally permitted, screen captures where permitted, existing system documents, Inspector notes, remote visual confirmation, or factory representative declarations. The system identifies the evidence source as Inspector-captured, Factory-provided, Existing system record, or Virtual session capture.","Pass when the normalized obligation is demonstrably satisfied at the cited source location: May include documents uploaded by the factory, live images or video snapshots where legally permitted, screen captures where permitted, existing system documents, Inspector notes, remote visual confirmation, or factory representative declarations. The system identifies the evidence source as Inspector-captured, Factory-provided, Existing system record, or Virtual session capture."
REQ-R0C-01545,,SRC-06,paragraph 313,BUSINESS_RULE,Note: A verbal confirmation alone shall not satisfy mandatory evidence unless the item configuration explicitly permits it.,Pass when this rule is enforced and a violating path is prevented or handled: Note: A verbal confirmation alone shall not satisfy mandatory evidence unless the item configuration explicitly permits it.
REQ-R0C-01546,,SRC-06,paragraph 315,BUSINESS_RULE,"Virtual Inspection does not require Journey Start Location, live travel tracking, Arrival Location, arrival-distance validation, or factory pin correction as part of execution. The system still displays the official factory information and registered location for context. The Inspector shall not be marked as physically present at the factory.","Pass when this rule is enforced and a violating path is prevented or handled: Virtual Inspection does not require Journey Start Location, live travel tracking, Arrival Location, arrival-distance validation, or factory pin correction as part of execution. The system still displays the official factory information and registered location for context. The Inspector shall not be marked as physically present at the factory."
REQ-R0C-01547,,SRC-06,paragraph 317,BUSINESS_REQUIREMENT,"Uses the common Visit Cancellation capability (§5.2), with Virtual-specific reasons: factory did not join, representative unavailable, connection failure, required documents unavailable, Virtual eligibility invalid, inspection requires physical verification, other.","Pass when the normalized obligation is demonstrably satisfied at the cited source location: Uses the common Visit Cancellation capability (§5.2), with Virtual-specific reasons: factory did not join, representative unavailable, connection failure, required documents unavailable, Virtual eligibility invalid, inspection requires physical verification, other."
REQ-R0C-01548,,SRC-06,paragraph 319,BUSINESS_REQUIREMENT,"An Immediate Inspection allows an authorized Inspector or Planner to create and begin an inspection without going through the standard planning and publication cycle. It is intended for unplanned or urgent scenarios: field discovery, complaint-driven inspection, incident response, enforcement request, a factory encountered during another activity, or urgent regulatory instruction. It uses the common execution, submission, and approval capabilities but has a different creation and entry process.","Pass when the normalized obligation is demonstrably satisfied at the cited source location: An Immediate Inspection allows an authorized Inspector or Planner to create and begin an inspection without going through the standard planning and publication cycle. It is intended for unplanned or urgent scenarios: field discovery, complaint-driven inspection, incident response, enforcement request, a factory encountered during another activity, or urgent regulatory instruction. It uses the common execution, submission, and approval capabilities but has a different creation and entry process."
REQ-R0C-01549,,SRC-06,paragraph 321,USER_ACTION,"Because no standard planning process exists, the package is configured at initiation: the user selects the Report Type, selects one or more Inspection Forms, includes applicable Action Forms, confirms the package, and starts execution. The system may recommend a default package based on factory activity, sector, initiation reason, complaint type, risk signal, or regulatory instruction; the user may modify the recommendation before starting, subject to permissions. Once execution starts, the same package-locking rules apply as for scheduled inspections (§3.6).","Pass when the actor can complete this action and the resulting state is visible: Because no standard planning process exists, the package is configured at initiation: the user selects the Report Type, selects one or more Inspection Forms, includes applicable Action Forms, confirms the package, and starts execution. The system may recommend a default package based on factory activity, sector, initiation reason, complaint type, risk signal, or regulatory instruction; the user may modify the recommendation before starting, subject to permissions. Once execution starts, the same package-locking rules apply as for scheduled inspections (§3.6)."
REQ-R0C-01550,,SRC-06,paragraph 326,BUSINESS_REQUIREMENT,Final outcome: Inspection Status = Approved. Operational State = Submitted. Inspection Version = Final. Inspector Edit Access = No.,Pass when the normalized obligation is demonstrably satisfied at the cited source location: Final outcome: Inspection Status = Approved. Operational State = Submitted. Inspection Version = Final. Inspector Edit Access = No.
REQ-R0C-01551,,SRC-06,paragraph 327,BUSINESS_REQUIREMENT,"Note: The source document labels its final section “Enforcement & Compliance Monitoring (Future Scope)” with no further detail — it is explicitly out of scope for this phase and is not fabricated here. It should be tracked as a known future module, not assumed to exist.","Pass when the normalized obligation is demonstrably satisfied at the cited source location: Note: The source document labels its final section “Enforcement & Compliance Monitoring (Future Scope)” with no further detail — it is explicitly out of scope for this phase and is not fabricated here. It should be tracked as a known future module, not assumed to exist."
REQ-R0C-01552,,SRC-06,paragraph 333,USER_ACTION,"The 10-visits-per-day cap (§3.4) is enforced only at Execution Date selection time. Planning's Bulk Assignment (§8.3 of the Planning document) has no awareness of this absolute limit and distributes by relative workload comparison only. A large Bulk Plan could over-assign an Inspector before this limit is ever surfaced, discovered one visit at a time during date selection rather than at publish time.","Pass when the actor can complete this action and the resulting state is visible: The 10-visits-per-day cap (§3.4) is enforced only at Execution Date selection time. Planning's Bulk Assignment (§8.3 of the Planning document) has no awareness of this absolute limit and distributes by relative workload comparison only. A large Bulk Plan could over-assign an Inspector before this limit is ever surfaced, discovered one visit at a time during date selection rather than at publish time."
REQ-R0C-01553,,SRC-06,paragraph 339,BUSINESS_REQUIREMENT,"Per §5.2 and §8.2: the general Cancellation Authority table states the Inspector alone may cancel after arrival, while a separate rule states cancellation during an active Inspection Session may require Supervisor approval. These two rules overlap on the same window and are not fully reconciled in the source material.","Pass when the normalized obligation is demonstrably satisfied at the cited source location: Per §5.2 and §8.2: the general Cancellation Authority table states the Inspector alone may cancel after arrival, while a separate rule states cancellation during an active Inspection Session may require Supervisor approval. These two rules overlap on the same window and are not fully reconciled in the source material."
REQ-R0C-01554,,SRC-06,"table 2, row 9, cell 4",BUSINESS_REQUIREMENT,Approver returned the inspection for correction; Inspector regains edit access.,Pass when the normalized obligation is demonstrably satisfied at the cited source location: Approver returned the inspection for correction; Inspector regains edit access.
REQ-R0C-01555,,SRC-06,"table 4, row 2, cell 2",BUSINESS_REQUIREMENT,The Execution Date shall fall within the configured Visit Window.,Pass when the normalized obligation is demonstrably satisfied at the cited source location: The Execution Date shall fall within the configured Visit Window.
REQ-R0C-01556,,SRC-06,"table 4, row 5, cell 2",USER_ACTION,"If the daily limit has been reached, the system shall prevent saving the selected date and display a validation message.","Pass when the actor can complete this action and the resulting state is visible: If the daily limit has been reached, the system shall prevent saving the selected date and display a validation message."
REQ-R0C-01557,,SRC-06,"table 5, row 2, cell 2",BUSINESS_REQUIREMENT,At least one Inspection Form shall exist within the package.,Pass when the normalized obligation is demonstrably satisfied at the cited source location: At least one Inspection Form shall exist within the package.
REQ-R0C-01558,,SRC-06,"table 5, row 5, cell 2",BUSINESS_RULE,The Inspector configures the package only and shall not modify the Form definition.,Pass when this rule is enforced and a violating path is prevented or handled: The Inspector configures the package only and shall not modify the Form definition.
REQ-R0C-01559,,SRC-06,"table 5, row 8, cell 2",USER_ACTION,"If the package is reopened before the journey starts, a new package version is created and the Inspector must reconfirm readiness.","Pass when the actor can complete this action and the resulting state is visible: If the package is reopened before the journey starts, a new package version is created and the Inspector must reconfirm readiness."
REQ-R0C-01560,,SRC-06,"table 6, row 4, cell 1",BUSINESS_REQUIREMENT,"Unsuccessful visit outcome — an operational exception (factory closed, access refused, factory not found, unsafe conditions, factory no longer operating)","Pass when the normalized obligation is demonstrably satisfied at the cited source location: Unsuccessful visit outcome — an operational exception (factory closed, access refused, factory not found, unsafe conditions, factory no longer operating)"
REQ-R0C-01561,,SRC-06,"table 8, row 2, cell 2",BUSINESS_RULE,"A journey can be started only once, unless the previous attempt failed before the journey record was created.","Pass when this rule is enforced and a violating path is prevented or handled: A journey can be started only once, unless the previous attempt failed before the journey record was created."
REQ-R0C-01562,,SRC-06,"table 8, row 3, cell 2",BUSINESS_RULE,Multiple clicks or repeated requests shall not create duplicate Journeys.,Pass when this rule is enforced and a violating path is prevented or handled: Multiple clicks or repeated requests shall not create duplicate Journeys.
REQ-R0C-01563,,SRC-06,"table 8, row 6, cell 2",BUSINESS_RULE,Starting a Journey shall not start the Inspection Session.,Pass when this rule is enforced and a violating path is prevented or handled: Starting a Journey shall not start the Inspection Session.
REQ-R0C-01564,,SRC-06,"table 10, row 5, cell 2",BUSINESS_REQUIREMENT,"Inspector, and per §7.2 this specific case may additionally require Supervisor approval — the two rules are not fully reconciled in the source material; treat Supervisor approval as required once inspection has actually started, and flag this for confirmation.","Pass when the normalized obligation is demonstrably satisfied at the cited source location: Inspector, and per §7.2 this specific case may additionally require Supervisor approval — the two rules are not fully reconciled in the source material; treat Supervisor approval as required once inspection has actually started, and flag this for confirmation."
REQ-R0C-01565,,SRC-06,"table 11, row 3, cell 2",BUSINESS_RULE,Cancellation after Inspection start shall not be treated as a normal submitted inspection.,Pass when this rule is enforced and a violating path is prevented or handled: Cancellation after Inspection start shall not be treated as a normal submitted inspection.
REQ-R0C-01566,,SRC-06,"table 11, row 4, cell 2",BUSINESS_RULE,Compliance results shall not be calculated as final for a cancelled visit.,Pass when this rule is enforced and a violating path is prevented or handled: Compliance results shall not be calculated as final for a cancelled visit.
REQ-R0C-01567,,SRC-06,"table 13, row 2, cell 2",BUSINESS_RULE,"Correcting the visit location shall not automatically update Factory 360 master data — consistent with Planning §10 (Factory Location and Map), which applies the same non-destructive correction principle.","Pass when this rule is enforced and a violating path is prevented or handled: Correcting the visit location shall not automatically update Factory 360 master data — consistent with Planning §10 (Factory Location and Map), which applies the same non-destructive correction principle."
REQ-R0C-01568,,SRC-06,"table 13, row 4, cell 2",BUSINESS_REQUIREMENT,The inspection report shall indicate that an alternative location was used.,Pass when the normalized obligation is demonstrably satisfied at the cited source location: The inspection report shall indicate that an alternative location was used.
REQ-R0C-01569,,SRC-06,"table 13, row 5, cell 2",BUSINESS_REQUIREMENT,The correction shall be made available for a future master-data review process.,Pass when the normalized obligation is demonstrably satisfied at the cited source location: The correction shall be made available for a future master-data review process.
REQ-R0C-01570,,SRC-06,"table 14, row 4, cell 2",BUSINESS_REQUIREMENT,The event does not generate a compliance result.,Pass when the normalized obligation is demonstrably satisfied at the cited source location: The event does not generate a compliance result.
REQ-R0C-01571,,SRC-06,"table 15, row 4, cell 2",USER_ACTION,"A deselected item does not require a response or evidence, does not generate a violation, and is excluded from the compliance-rate denominator.","Pass when the actor can complete this action and the resulting state is visible: A deselected item does not require a response or evidence, does not generate a violation, and is excluded from the compliance-rate denominator."
REQ-R0C-01572,,SRC-06,"table 15, row 5, cell 2",USER_ACTION,It remains visible in the audit history; the final report may display it as excluded with the selected reason.,Pass when the actor can complete this action and the resulting state is visible: It remains visible in the audit history; the final report may display it as excluded with the selected reason.
REQ-R0C-01573,,SRC-06,"table 18, row 4, cell 2",BUSINESS_REQUIREMENT,The previous Inspector loses execution access.,Pass when the normalized obligation is demonstrably satisfied at the cited source location: The previous Inspector loses execution access.
REQ-R0C-01574,,SRC-06,"table 18, row 5, cell 2",BUSINESS_REQUIREMENT,Standard reassignment is blocked; Supervisor exception handling is required (process not further defined — see §19.1).,Pass when the normalized obligation is demonstrably satisfied at the cited source location: Standard reassignment is blocked; Supervisor exception handling is required (process not further defined — see §19.1).
REQ-R0C-01575,,SRC-06,"table 18, row 7, cell 2",BUSINESS_REQUIREMENT,The Inspector records a corrected visit location without updating the master record.,Pass when the normalized obligation is demonstrably satisfied at the cited source location: The Inspector records a corrected visit location without updating the master record.
REQ-R0C-01576,,SRC-06,"table 18, row 8, cell 2",USER_ACTION,The Inspector records Unable to Access and selects the proposed outcome.,Pass when the actor can complete this action and the resulting state is visible: The Inspector records Unable to Access and selects the proposed outcome.
REQ-R0C-01577,,SRC-06,"table 18, row 12, cell 2",BUSINESS_RULE,The visit snapshot remains unchanged unless a mandatory blocking update is issued.,Pass when this rule is enforced and a violating path is prevented or handled: The visit snapshot remains unchanged unless a mandatory blocking update is issued.
REQ-R0C-01578,,SRC-06,"table 21, row 10, cell 6",USER_ACTION,"Opens the submission; reviews journey, factory verification, Forms, responses, evidence, violations, penalties, and Action Forms; confirms no blocking findings; selects Approve.","Pass when the actor can complete this action and the resulting state is visible: Opens the submission; reviews journey, factory verification, Forms, responses, evidence, violations, penalties, and Action Forms; confirms no blocking findings; selects Approve."
REQ-R0C-01579,,SRC-07,paragraph 6,BUSINESS_REQUIREMENT,View the complete industrial profile of a factory.,Pass when the normalized obligation is demonstrably satisfied at the cited source location: View the complete industrial profile of a factory.
REQ-R0C-01580,,SRC-07,paragraph 9,BUSINESS_REQUIREMENT,Access government approvals and documents.,Pass when the normalized obligation is demonstrably satisfied at the cited source location: Access government approvals and documents.
REQ-R0C-01581,,SRC-07,paragraph 12,BUSINESS_REQUIREMENT,Launch Create Inspection (permission based).,Pass when the normalized obligation is demonstrably satisfied at the cited source location: Launch Create Inspection (permission based).
REQ-R0C-01582,,SRC-07,paragraph 14,BUSINESS_REQUIREMENT,"Included: CR Overview, License Navigation, License Overview, Factory Profile, Compliance, Industrial Information, Government Information, Documents, Timeline, AI Risk Explanation and Export.","Pass when the normalized obligation is demonstrably satisfied at the cited source location: Included: CR Overview, License Navigation, License Overview, Factory Profile, Compliance, Industrial Information, Government Information, Documents, Timeline, AI Risk Explanation and Export."
REQ-R0C-01583,,SRC-07,paragraph 31,BUSINESS_REQUIREMENT,"Factory 360 supports search by Commercial Registration Number, Industrial License Number and Plant Number.","Pass when the normalized obligation is demonstrably satisfied at the cited source location: Factory 360 supports search by Commercial Registration Number, Industrial License Number and Plant Number."
REQ-R0C-01584,,SRC-07,paragraph 58,USER_ACTION,Purpose: Display the operational identity of the selected factory.,Pass when the actor can complete this action and the resulting state is visible: Purpose: Display the operational identity of the selected factory.
REQ-R0C-01585,,SRC-07,paragraph 66,BUSINESS_RULE,Inspection evidence shall remain linked to its originating inspection report and shall not be merged into the official factory gallery.,Pass when this rule is enforced and a violating path is prevented or handled: Inspection evidence shall remain linked to its originating inspection report and shall not be merged into the official factory gallery.
REQ-R0C-01586,,SRC-07,paragraph 74,BUSINESS_REQUIREMENT,Only authorized users can create inspections or export information.,Pass when the normalized obligation is demonstrably satisfied at the cited source location: Only authorized users can create inspections or export information.
REQ-R0C-01587,,SRC-07,paragraph 78,USER_ACTION,Provide a complete compliance view for the selected Industrial License. This section represents regulatory outcomes only. Operational visit information is intentionally excluded.,Pass when the actor can complete this action and the resulting state is visible: Provide a complete compliance view for the selected Industrial License. This section represents regulatory outcomes only. Operational visit information is intentionally excluded.
REQ-R0C-01588,,SRC-07,paragraph 84,USER_ACTION,CR-003 Opening an inspection displays its complete version history.,Pass when the actor can complete this action and the resulting state is visible: CR-003 Opening an inspection displays its complete version history.
REQ-R0C-01589,,SRC-07,paragraph 98,BUSINESS_REQUIREMENT,"If no Approved inspection exists, display 'Not Available'.","Pass when the normalized obligation is demonstrably satisfied at the cited source location: If no Approved inspection exists, display 'Not Available'."
REQ-R0C-01590,,SRC-07,paragraph 104,BUSINESS_RULE,Users cannot modify compliance information from Factory 360.,Pass when this rule is enforced and a violating path is prevented or handled: Users cannot modify compliance information from Factory 360.
REQ-R0C-01591,,SRC-07,paragraph 107,USER_ACTION,Present the complete industrial profile and government-related information for the selected Industrial License. All information is read-only and synchronized from authoritative systems.,Pass when the actor can complete this action and the resulting state is visible: Present the complete industrial profile and government-related information for the selected Industrial License. All information is read-only and synchronized from authoritative systems.
REQ-R0C-01592,,SRC-07,paragraph 111,BUSINESS_RULE,II-002 Users cannot modify industrial information.,Pass when this rule is enforced and a violating path is prevented or handled: II-002 Users cannot modify industrial information.
REQ-R0C-01593,,SRC-07,paragraph 113,BUSINESS_REQUIREMENT,II-004 Empty sections display an informational empty state rather than an error.,Pass when the normalized obligation is demonstrably satisfied at the cited source location: II-004 Empty sections display an informational empty state rather than an error.
REQ-R0C-01594,,SRC-07,paragraph 116,BUSINESS_RULE,GI-001 Pending services shall not appear in Factory 360.,Pass when this rule is enforced and a violating path is prevented or handled: GI-001 Pending services shall not appear in Factory 360.
REQ-R0C-01595,,SRC-07,paragraph 125,BUSINESS_REQUIREMENT,DOC-005 Missing documents display a friendly empty state.,Pass when the normalized obligation is demonstrably satisfied at the cited source location: DOC-005 Missing documents display a friendly empty state.
REQ-R0C-01596,,SRC-07,"table 1, row 6, cell 2",BUSINESS_REQUIREMENT,No CR-level Risk Score shall be calculated.,Pass when the normalized obligation is demonstrably satisfied at the cited source location: No CR-level Risk Score shall be calculated.
REQ-R0C-01597,,SRC-07,"table 1, row 7, cell 2",BUSINESS_REQUIREMENT,No CR-level Compliance Rate shall be calculated.,Pass when the normalized obligation is demonstrably satisfied at the cited source location: No CR-level Compliance Rate shall be calculated.
REQ-R0C-01598,,SRC-07,"table 1, row 9, cell 2",BUSINESS_RULE,Pending requests shall not be displayed.,Pass when this rule is enforced and a violating path is prevented or handled: Pending requests shall not be displayed.
REQ-R0C-01599,,SRC-07,"table 1, row 13, cell 2",BUSINESS_RULE,One integration failure shall not block the entire page.,Pass when this rule is enforced and a violating path is prevented or handled: One integration failure shall not block the entire page.
REQ-R0C-01600,,SRC-07,"table 2, row 2, cell 2",USER_ACTION,Open CR Overview and allow user to select a License.,Pass when the actor can complete this action and the resulting state is visible: Open CR Overview and allow user to select a License.
REQ-R0C-01601,,SRC-07,"table 4, row 2, cell 1",BUSINESS_REQUIREMENT,View Factory 360,Pass when the normalized obligation is demonstrably satisfied at the cited source location: View Factory 360
REQ-R0C-01602,,SRC-07,"table 4, row 2, cell 2",BUSINESS_REQUIREMENT,View Factory 360,Pass when the normalized obligation is demonstrably satisfied at the cited source location: View Factory 360
REQ-R0C-01603,,SRC-07,"table 4, row 3, cell 2",BUSINESS_REQUIREMENT,View Factory Documents,Pass when the normalized obligation is demonstrably satisfied at the cited source location: View Factory Documents
REQ-R0C-01604,,SRC-07,"table 4, row 5, cell 1",BUSINESS_REQUIREMENT,View AI Explanation,Pass when the normalized obligation is demonstrably satisfied at the cited source location: View AI Explanation
REQ-R0C-01605,,SRC-07,"table 4, row 5, cell 2",BUSINESS_REQUIREMENT,View Risk Details,Pass when the normalized obligation is demonstrably satisfied at the cited source location: View Risk Details
REQ-R0C-01606,,SRC-07,"table 5, row 7, cell 5",BUSINESS_REQUIREMENT,Display Hijri & Gregorian if available,Pass when the normalized obligation is demonstrably satisfied at the cited source location: Display Hijri & Gregorian if available
REQ-R0C-01607,,SRC-07,"table 5, row 10, cell 6",BUSINESS_REQUIREMENT,Show 'Not Available' if none,Pass when the normalized obligation is demonstrably satisfied at the cited source location: Show 'Not Available' if none
REQ-R0C-01608,,SRC-07,"table 7, row 2, cell 2",BUSINESS_REQUIREMENT,View Factory 360,Pass when the normalized obligation is demonstrably satisfied at the cited source location: View Factory 360
REQ-R0C-01609,,SRC-07,"table 7, row 3, cell 1",BUSINESS_REQUIREMENT,View Risk Explanation,Pass when the normalized obligation is demonstrably satisfied at the cited source location: View Risk Explanation
REQ-R0C-01610,,SRC-07,"table 7, row 3, cell 2",BUSINESS_REQUIREMENT,View Risk Details,Pass when the normalized obligation is demonstrably satisfied at the cited source location: View Risk Details
REQ-R0C-01611,,SRC-07,"table 7, row 4, cell 2",BUSINESS_REQUIREMENT,View Factory Documents,Pass when the normalized obligation is demonstrably satisfied at the cited source location: View Factory Documents
REQ-R0C-01612,,SRC-07,"table 7, row 6, cell 3",BUSINESS_REQUIREMENT,Generate license profile PDF,Pass when the normalized obligation is demonstrably satisfied at the cited source location: Generate license profile PDF
REQ-R0C-01613,,SRC-07,"table 8, row 2, cell 5",BUSINESS_REQUIREMENT,Show 'Not Available' if none,Pass when the normalized obligation is demonstrably satisfied at the cited source location: Show 'Not Available' if none
REQ-R0C-01614,,SRC-07,"table 12, row 2, cell 5",BUSINESS_REQUIREMENT,Display all licensed products,Pass when the normalized obligation is demonstrably satisfied at the cited source location: Display all licensed products
REQ-R0C-01615,,SRC-07,"table 12, row 3, cell 5",BUSINESS_REQUIREMENT,Display active & historical,Pass when the normalized obligation is demonstrably satisfied at the cited source location: Display active & historical
REQ-R0C-01616,,SRC-07,"table 12, row 4, cell 5",BUSINESS_REQUIREMENT,Display configured materials,Pass when the normalized obligation is demonstrably satisfied at the cited source location: Display configured materials
REQ-R0C-01617,,SRC-07,"table 15, row 2, cell 1",BUSINESS_REQUIREMENT,View Product Details,Pass when the normalized obligation is demonstrably satisfied at the cited source location: View Product Details
REQ-R0C-01618,,SRC-07,"table 15, row 2, cell 2",BUSINESS_REQUIREMENT,View Factory 360,Pass when the normalized obligation is demonstrably satisfied at the cited source location: View Factory 360
REQ-R0C-01619,,SRC-07,"table 15, row 3, cell 2",BUSINESS_REQUIREMENT,View Factory Documents,Pass when the normalized obligation is demonstrably satisfied at the cited source location: View Factory Documents
REQ-R0C-01620,,SRC-07,"table 15, row 5, cell 1",BUSINESS_REQUIREMENT,View Image Gallery,Pass when the normalized obligation is demonstrably satisfied at the cited source location: View Image Gallery
REQ-R0C-01621,,SRC-07,"table 15, row 5, cell 2",BUSINESS_REQUIREMENT,View Factory 360,Pass when the normalized obligation is demonstrably satisfied at the cited source location: View Factory 360
REQ-R0C-01622,,SRC-08,paragraph 1,BUSINESS_REQUIREMENT,Introduce the ability to create and modify Regulations through the Compliance Configuration Request.,Pass when the normalized obligation is demonstrably satisfied at the cited source location: Introduce the ability to create and modify Regulations through the Compliance Configuration Request.
REQ-R0C-01623,,SRC-08,paragraph 3,BUSINESS_REQUIREMENT,"All Create and Modify operations shall be performed through a Compliance Configuration Request. Upon approval, the Regulation shall be published to the Compliance Configuration Library and become available for Inspection Execution based on its configured Release Date.","Pass when the normalized obligation is demonstrably satisfied at the cited source location: All Create and Modify operations shall be performed through a Compliance Configuration Request. Upon approval, the Regulation shall be published to the Compliance Configuration Library and become available for Inspection Execution based on its configured Release Date."
REQ-R0C-01624,,SRC-08,paragraph 4,BUSINESS_REQUIREMENT,Activation and Deactivation shall be performed directly by authorized users without creating a new request.,Pass when the normalized obligation is demonstrably satisfied at the cited source location: Activation and Deactivation shall be performed directly by authorized users without creating a new request.
REQ-R0C-01625,,SRC-08,paragraph 7,BUSINESS_REQUIREMENT,The system shall allow authorized users to create a new Regulation as part of a Compliance Configuration Request.,Pass when the normalized obligation is demonstrably satisfied at the cited source location: The system shall allow authorized users to create a new Regulation as part of a Compliance Configuration Request.
REQ-R0C-01626,,SRC-08,paragraph 12,BUSINESS_REQUIREMENT,The system shall allow users to define a Release Date for the Regulation.,Pass when the normalized obligation is demonstrably satisfied at the cited source location: The system shall allow users to define a Release Date for the Regulation.
REQ-R0C-01627,,SRC-08,paragraph 14,BUSINESS_RULE,"If the Release Date is in the future, the Regulation shall not be available until that date, regardless of the request approval date.","Pass when this rule is enforced and a violating path is prevented or handled: If the Release Date is in the future, the Regulation shall not be available until that date, regardless of the request approval date."
REQ-R0C-01628,,SRC-08,paragraph 21,BUSINESS_REQUIREMENT,Activate / Deactivate Regulation,Pass when the normalized obligation is demonstrably satisfied at the cited source location: Activate / Deactivate Regulation
REQ-R0C-01629,,SRC-08,paragraph 22,BUSINESS_REQUIREMENT,The system shall allow authorized users to activate or deactivate a Regulation directly without creating a Compliance Configuration Request.,Pass when the normalized obligation is demonstrably satisfied at the cited source location: The system shall allow authorized users to activate or deactivate a Regulation directly without creating a Compliance Configuration Request.
REQ-R0C-01630,,SRC-08,paragraph 29,BUSINESS_REQUIREMENT,Regulation - Create / Edit,Pass when the normalized obligation is demonstrably satisfied at the cited source location: Regulation - Create / Edit
REQ-R0C-01631,,SRC-08,paragraph 35,BUSINESS_REQUIREMENT,The Audit Log shall capture all actions performed on the Regulation.,Pass when the normalized obligation is demonstrably satisfied at the cited source location: The Audit Log shall capture all actions performed on the Regulation.
REQ-R0C-01632,,SRC-08,paragraph 43,BUSINESS_REQUIREMENT,Introduce the ability to create and modify Regulations through the Compliance Configuration Request.,Pass when the normalized obligation is demonstrably satisfied at the cited source location: Introduce the ability to create and modify Regulations through the Compliance Configuration Request.
REQ-R0C-01633,,SRC-08,paragraph 45,BUSINESS_REQUIREMENT,"All Create and Modify operations shall be performed through a Compliance Configuration Request. Upon approval, the Regulation shall be published to the Compliance Configuration Library and become available for Inspection Execution based on its configured Release Date.","Pass when the normalized obligation is demonstrably satisfied at the cited source location: All Create and Modify operations shall be performed through a Compliance Configuration Request. Upon approval, the Regulation shall be published to the Compliance Configuration Library and become available for Inspection Execution based on its configured Release Date."
REQ-R0C-01634,,SRC-08,paragraph 46,BUSINESS_REQUIREMENT,Activation and Deactivation shall be performed directly by authorized users without creating a new Compliance Configuration Request.,Pass when the normalized obligation is demonstrably satisfied at the cited source location: Activation and Deactivation shall be performed directly by authorized users without creating a new Compliance Configuration Request.
REQ-R0C-01635,,SRC-08,paragraph 55,BUSINESS_REQUIREMENT,Create / Modify Regulation,Pass when the normalized obligation is demonstrably satisfied at the cited source location: Create / Modify Regulation
REQ-R0C-01636,,SRC-08,paragraph 56,BUSINESS_REQUIREMENT,The system shall allow authorized users to create or modify a Regulation through a Compliance Configuration Request.,Pass when the normalized obligation is demonstrably satisfied at the cited source location: The system shall allow authorized users to create or modify a Regulation through a Compliance Configuration Request.
REQ-R0C-01637,,SRC-08,paragraph 61,BUSINESS_REQUIREMENT,The system shall create a new pending version of the Regulation.,Pass when the normalized obligation is demonstrably satisfied at the cited source location: The system shall create a new pending version of the Regulation.
REQ-R0C-01638,,SRC-08,paragraph 62,BUSINESS_REQUIREMENT,The currently approved version shall remain available until the new version is approved.,Pass when the normalized obligation is demonstrably satisfied at the cited source location: The currently approved version shall remain available until the new version is approved.
REQ-R0C-01639,,SRC-08,paragraph 63,BUSINESS_RULE,"Child configurations (Inspection Items, Violations, and Penalties) shall remain unchanged unless they are explicitly modified through the same or a separate Compliance Configuration Request.","Pass when this rule is enforced and a violating path is prevented or handled: Child configurations (Inspection Items, Violations, and Penalties) shall remain unchanged unless they are explicitly modified through the same or a separate Compliance Configuration Request."
REQ-R0C-01640,,SRC-08,paragraph 66,BUSINESS_REQUIREMENT,The system shall allow users to define a Release Date for the Regulation.,Pass when the normalized obligation is demonstrably satisfied at the cited source location: The system shall allow users to define a Release Date for the Regulation.
REQ-R0C-01641,,SRC-08,paragraph 69,BUSINESS_REQUIREMENT,The Regulation shall be published to the Compliance Configuration Library after approval.,Pass when the normalized obligation is demonstrably satisfied at the cited source location: The Regulation shall be published to the Compliance Configuration Library after approval.
REQ-R0C-01642,,SRC-08,paragraph 70,BUSINESS_REQUIREMENT,The Regulation shall remain in Scheduled status.,Pass when the normalized obligation is demonstrably satisfied at the cited source location: The Regulation shall remain in Scheduled status.
REQ-R0C-01643,,SRC-08,paragraph 71,BUSINESS_RULE,The Regulation shall not be available for Inspection Execution until the configured Release Date is reached.,Pass when this rule is enforced and a violating path is prevented or handled: The Regulation shall not be available for Inspection Execution until the configured Release Date is reached.
REQ-R0C-01644,,SRC-08,paragraph 72,BUSINESS_REQUIREMENT,"Once the Release Date is reached, the system shall automatically change the Regulation status to Active, provided the Regulation has not been manually deactivated.","Pass when the normalized obligation is demonstrably satisfied at the cited source location: Once the Release Date is reached, the system shall automatically change the Regulation status to Active, provided the Regulation has not been manually deactivated."
REQ-R0C-01645,,SRC-08,paragraph 84,BUSINESS_REQUIREMENT,Activate / Deactivate Regulation,Pass when the normalized obligation is demonstrably satisfied at the cited source location: Activate / Deactivate Regulation
REQ-R0C-01646,,SRC-08,paragraph 85,BUSINESS_REQUIREMENT,The system shall allow authorized users to activate or deactivate an approved Regulation directly from the Compliance Configuration Library without creating a Compliance Configuration Request.,Pass when the normalized obligation is demonstrably satisfied at the cited source location: The system shall allow authorized users to activate or deactivate an approved Regulation directly from the Compliance Configuration Library without creating a Compliance Configuration Request.
REQ-R0C-01647,,SRC-08,paragraph 88,BUSINESS_REQUIREMENT,The Regulation shall become available for Inspection Execution if the Release Date has been reached.,Pass when the normalized obligation is demonstrably satisfied at the cited source location: The Regulation shall become available for Inspection Execution if the Release Date has been reached.
REQ-R0C-01648,,SRC-08,paragraph 89,BUSINESS_REQUIREMENT,"If the Release Date is in the future, the Regulation shall remain in Scheduled status until the configured Release Date.","Pass when the normalized obligation is demonstrably satisfied at the cited source location: If the Release Date is in the future, the Regulation shall remain in Scheduled status until the configured Release Date."
REQ-R0C-01649,,SRC-08,paragraph 90,BUSINESS_REQUIREMENT,Existing child configurations shall retain their current operational status.,Pass when the normalized obligation is demonstrably satisfied at the cited source location: Existing child configurations shall retain their current operational status.
REQ-R0C-01650,,SRC-08,paragraph 91,BUSINESS_RULE,Existing inspections shall not be affected.,Pass when this rule is enforced and a violating path is prevented or handled: Existing inspections shall not be affected.
REQ-R0C-01651,,SRC-08,paragraph 94,BUSINESS_REQUIREMENT,The Regulation shall immediately become unavailable for new Inspection Execution.,Pass when the normalized obligation is demonstrably satisfied at the cited source location: The Regulation shall immediately become unavailable for new Inspection Execution.
REQ-R0C-01652,,SRC-08,paragraph 95,BUSINESS_REQUIREMENT,Historical inspections shall remain unchanged.,Pass when the normalized obligation is demonstrably satisfied at the cited source location: Historical inspections shall remain unchanged.
REQ-R0C-01653,,SRC-08,paragraph 96,BUSINESS_REQUIREMENT,"The system shall automatically deactivate all linked Inspection Items, Violations, and Penalties for future operational use.","Pass when the normalized obligation is demonstrably satisfied at the cited source location: The system shall automatically deactivate all linked Inspection Items, Violations, and Penalties for future operational use."
REQ-R0C-01654,,SRC-08,paragraph 99,BUSINESS_REQUIREMENT,"When a Regulation is deactivated, the system shall automatically make all linked child configurations unavailable for future Inspection Execution.","Pass when the normalized obligation is demonstrably satisfied at the cited source location: When a Regulation is deactivated, the system shall automatically make all linked child configurations unavailable for future Inspection Execution."
REQ-R0C-01655,,SRC-08,paragraph 104,BUSINESS_REQUIREMENT,Historical inspection records shall continue referencing the originally approved configuration.,Pass when the normalized obligation is demonstrably satisfied at the cited source location: Historical inspection records shall continue referencing the originally approved configuration.
REQ-R0C-01656,,SRC-08,paragraph 105,BUSINESS_RULE,Reactivating a Regulation shall not automatically reactivate its child configurations.,Pass when this rule is enforced and a violating path is prevented or handled: Reactivating a Regulation shall not automatically reactivate its child configurations.
REQ-R0C-01657,,SRC-08,paragraph 107,BUSINESS_REQUIREMENT,Regulation – Create / Edit,Pass when the normalized obligation is demonstrably satisfied at the cited source location: Regulation – Create / Edit
REQ-R0C-01658,,SRC-08,paragraph 117,BUSINESS_REQUIREMENT,The Audit Log shall capture all actions performed on the Regulation.,Pass when the normalized obligation is demonstrably satisfied at the cited source location: The Audit Log shall capture all actions performed on the Regulation.
REQ-R0C-01659,,SRC-08,paragraph 125,BUSINESS_REQUIREMENT,Introduce the ability to create and manage Inspection Items through the Compliance Configuration Request.,Pass when the normalized obligation is demonstrably satisfied at the cited source location: Introduce the ability to create and manage Inspection Items through the Compliance Configuration Request.
REQ-R0C-01660,,SRC-08,paragraph 126,BUSINESS_REQUIREMENT,An Inspection Item represents a single compliance requirement that shall be evaluated during Inspection Execution.,Pass when the normalized obligation is demonstrably satisfied at the cited source location: An Inspection Item represents a single compliance requirement that shall be evaluated during Inspection Execution.
REQ-R0C-01661,,SRC-08,paragraph 128,BUSINESS_REQUIREMENT,What should be inspected.,Pass when the normalized obligation is demonstrably satisfied at the cited source location: What should be inspected.
REQ-R0C-01662,,SRC-08,paragraph 131,BUSINESS_REQUIREMENT,Which Inspection Reports include it.,Pass when the normalized obligation is demonstrably satisfied at the cited source location: Which Inspection Reports include it.
REQ-R0C-01663,,SRC-08,paragraph 132,BUSINESS_REQUIREMENT,Which Response Type shall be used during Inspection Execution.,Pass when the normalized obligation is demonstrably satisfied at the cited source location: Which Response Type shall be used during Inspection Execution.
REQ-R0C-01664,,SRC-08,paragraph 133,BUSINESS_REQUIREMENT,Whether evidence is required.,Pass when the normalized obligation is demonstrably satisfied at the cited source location: Whether evidence is required.
REQ-R0C-01665,,SRC-08,paragraph 136,BUSINESS_RULE,"Inspection Items shall not define Violations, Penalties, or Action Forms. These shall be configured separately within the Violation Configuration module.","Pass when this rule is enforced and a violating path is prevented or handled: Inspection Items shall not define Violations, Penalties, or Action Forms. These shall be configured separately within the Violation Configuration module."
REQ-R0C-01666,,SRC-08,paragraph 137,BUSINESS_REQUIREMENT,All Create and Update operations shall be performed through a Compliance Configuration Request.,Pass when the normalized obligation is demonstrably satisfied at the cited source location: All Create and Update operations shall be performed through a Compliance Configuration Request.
REQ-R0C-01667,,SRC-08,paragraph 138,BUSINESS_REQUIREMENT,Activation and Deactivation shall be performed directly by authorized users.,Pass when the normalized obligation is demonstrably satisfied at the cited source location: Activation and Deactivation shall be performed directly by authorized users.
REQ-R0C-01668,,SRC-08,paragraph 140,USER_ACTION,"The Inspection Item defines how inspectors evaluate compliance, while the Violation module defines what enforcement action should occur when a Non-Compliant response is selected.","Pass when the actor can complete this action and the resulting state is visible: The Inspection Item defines how inspectors evaluate compliance, while the Violation module defines what enforcement action should occur when a Non-Compliant response is selected."
REQ-R0C-01669,,SRC-08,paragraph 141,BUSINESS_REQUIREMENT,The system shall allow authorized users to create a new Inspection Item through a Compliance Configuration Request.,Pass when the normalized obligation is demonstrably satisfied at the cited source location: The system shall allow authorized users to create a new Inspection Item through a Compliance Configuration Request.
REQ-R0C-01670,,SRC-08,paragraph 145,BUSINESS_REQUIREMENT,The Inspection Item shall remain in Draft until the Compliance Configuration Request is submitted.,Pass when the normalized obligation is demonstrably satisfied at the cited source location: The Inspection Item shall remain in Draft until the Compliance Configuration Request is submitted.
REQ-R0C-01671,,SRC-08,paragraph 147,BUSINESS_REQUIREMENT,The system shall allow authorized users to modify an existing Inspection Item through a Compliance Configuration Request.,Pass when the normalized obligation is demonstrably satisfied at the cited source location: The system shall allow authorized users to modify an existing Inspection Item through a Compliance Configuration Request.
REQ-R0C-01672,,SRC-08,paragraph 148,BUSINESS_REQUIREMENT,The currently approved Inspection Item shall remain active until the submitted request is approved.,Pass when the normalized obligation is demonstrably satisfied at the cited source location: The currently approved Inspection Item shall remain active until the submitted request is approved.
REQ-R0C-01673,,SRC-08,paragraph 149,BUSINESS_REQUIREMENT,Historical inspections shall continue using the previously approved configuration.,Pass when the normalized obligation is demonstrably satisfied at the cited source location: Historical inspections shall continue using the previously approved configuration.
REQ-R0C-01674,,SRC-08,paragraph 160,BUSINESS_REQUIREMENT,Activate / Deactivate Inspection Item,Pass when the normalized obligation is demonstrably satisfied at the cited source location: Activate / Deactivate Inspection Item
REQ-R0C-01675,,SRC-08,paragraph 161,BUSINESS_RULE,Authorized users shall be able to Activate or Deactivate an approved Inspection Item without creating a Compliance Configuration Request.Deactivated Inspection Items shall not be available for future Inspection Execution or Self-Assessment. Historical inspections shall remain unchanged.,Pass when this rule is enforced and a violating path is prevented or handled: Authorized users shall be able to Activate or Deactivate an approved Inspection Item without creating a Compliance Configuration Request.Deactivated Inspection Items shall not be available for future Inspection Execution or Self-Assessment. Historical inspections shall remain unchanged.
REQ-R0C-01676,,SRC-08,paragraph 164,BUSINESS_REQUIREMENT,The Evidence Types section shall be displayed only when Evidence Required = Yes.,Pass when the normalized obligation is demonstrably satisfied at the cited source location: The Evidence Types section shall be displayed only when Evidence Required = Yes.
REQ-R0C-01677,,SRC-08,paragraph 165,BUSINESS_REQUIREMENT,The Regulator shall configure the acceptable evidence types that inspectors may provide during Inspection Execution.,Pass when the normalized obligation is demonstrably satisfied at the cited source location: The Regulator shall configure the acceptable evidence types that inspectors may provide during Inspection Execution.
REQ-R0C-01678,,SRC-08,paragraph 166,USER_ACTION,At least one Evidence Type must be selected before the Inspection Item can be submitted for approval.,Pass when the actor can complete this action and the resulting state is visible: At least one Evidence Type must be selected before the Inspection Item can be submitted for approval.
REQ-R0C-01679,,SRC-08,paragraph 171,BUSINESS_REQUIREMENT,Introduce the ability to create and manage Violations through the Compliance Configuration Request.,Pass when the normalized obligation is demonstrably satisfied at the cited source location: Introduce the ability to create and manage Violations through the Compliance Configuration Request.
REQ-R0C-01680,,SRC-08,paragraph 172,USER_ACTION,A Violation represents a regulatory breach that shall be triggered when an inspector selects a response classified as Non-Compliant for an Inspection Item during Inspection Execution.,Pass when the actor can complete this action and the resulting state is visible: A Violation represents a regulatory breach that shall be triggered when an inspector selects a response classified as Non-Compliant for an Inspection Item during Inspection Execution.
REQ-R0C-01681,,SRC-08,paragraph 177,BUSINESS_REQUIREMENT,Define the violation classification and severity.,Pass when the normalized obligation is demonstrably satisfied at the cited source location: Define the violation classification and severity.
REQ-R0C-01682,,SRC-08,paragraph 178,BUSINESS_REQUIREMENT,Define whether a corrective action and grace period are applicable.,Pass when the normalized obligation is demonstrably satisfied at the cited source location: Define whether a corrective action and grace period are applicable.
REQ-R0C-01683,,SRC-08,paragraph 181,BUSINESS_REQUIREMENT,Optionally define an Associated Action Form for follow-up enforcement actions.,Pass when the normalized obligation is demonstrably satisfied at the cited source location: Optionally define an Associated Action Form for follow-up enforcement actions.
REQ-R0C-01684,,SRC-08,paragraph 182,BUSINESS_REQUIREMENT,All Create and Update operations shall be performed through a Compliance Configuration Request.,Pass when the normalized obligation is demonstrably satisfied at the cited source location: All Create and Update operations shall be performed through a Compliance Configuration Request.
REQ-R0C-01685,,SRC-08,paragraph 183,BUSINESS_REQUIREMENT,Activation and Deactivation shall be performed directly by authorized users.,Pass when the normalized obligation is demonstrably satisfied at the cited source location: Activation and Deactivation shall be performed directly by authorized users.
REQ-R0C-01686,,SRC-08,paragraph 184,BUSINESS_REQUIREMENT,The objective of Violation Configuration is to define the enforcement outcome that shall occur when an inspector records a Non-Compliant response against an Inspection Item.,Pass when the normalized obligation is demonstrably satisfied at the cited source location: The objective of Violation Configuration is to define the enforcement outcome that shall occur when an inspector records a Non-Compliant response against an Inspection Item.
REQ-R0C-01687,,SRC-08,paragraph 197,BUSINESS_RULE,The Violation shall not define the Response Type or Response Values. These values shall be retrieved from the Response Type selected within the Inspection Item.,Pass when this rule is enforced and a violating path is prevented or handled: The Violation shall not define the Response Type or Response Values. These values shall be retrieved from the Response Type selected within the Inspection Item.
REQ-R0C-01688,,SRC-08,paragraph 199,BUSINESS_REQUIREMENT,The system shall allow authorized users to create a new Violation through a Compliance Configuration Request.,Pass when the normalized obligation is demonstrably satisfied at the cited source location: The system shall allow authorized users to create a new Violation through a Compliance Configuration Request.
REQ-R0C-01689,,SRC-08,paragraph 211,BUSINESS_REQUIREMENT,The Violation shall remain in Draft until the Compliance Configuration Request is submitted.,Pass when the normalized obligation is demonstrably satisfied at the cited source location: The Violation shall remain in Draft until the Compliance Configuration Request is submitted.
REQ-R0C-01690,,SRC-08,paragraph 212,BUSINESS_REQUIREMENT,The system shall allow authorized users to modify an existing Violation through a Compliance Configuration Request.,Pass when the normalized obligation is demonstrably satisfied at the cited source location: The system shall allow authorized users to modify an existing Violation through a Compliance Configuration Request.
REQ-R0C-01691,,SRC-08,paragraph 213,BUSINESS_REQUIREMENT,The currently approved Violation configuration shall remain active and unchanged until the submitted request is approved.,Pass when the normalized obligation is demonstrably satisfied at the cited source location: The currently approved Violation configuration shall remain active and unchanged until the submitted request is approved.
REQ-R0C-01692,,SRC-08,paragraph 225,BUSINESS_REQUIREMENT,Historical inspections and enforcement records shall continue using the Violation configuration that was effective when the inspection was executed.,Pass when the normalized obligation is demonstrably satisfied at the cited source location: Historical inspections and enforcement records shall continue using the Violation configuration that was effective when the inspection was executed.
REQ-R0C-01693,,SRC-08,paragraph 244,BUSINESS_REQUIREMENT,The system shall allow authorized users to modify an existing Violation through a Compliance Configuration Request.,Pass when the normalized obligation is demonstrably satisfied at the cited source location: The system shall allow authorized users to modify an existing Violation through a Compliance Configuration Request.
REQ-R0C-01694,,SRC-08,paragraph 245,BUSINESS_REQUIREMENT,The currently approved Violation configuration shall remain active and unchanged until the submitted request is approved.,Pass when the normalized obligation is demonstrably satisfied at the cited source location: The currently approved Violation configuration shall remain active and unchanged until the submitted request is approved.
REQ-R0C-01695,,SRC-08,paragraph 257,BUSINESS_REQUIREMENT,Historical inspections and enforcement records shall continue using the Violation configuration that was effective when the inspection was executed.,Pass when the normalized obligation is demonstrably satisfied at the cited source location: Historical inspections and enforcement records shall continue using the Violation configuration that was effective when the inspection was executed.
REQ-R0C-01696,,SRC-08,paragraph 277,BUSINESS_REQUIREMENT,Activate / Deactivate Violation,Pass when the normalized obligation is demonstrably satisfied at the cited source location: Activate / Deactivate Violation
REQ-R0C-01697,,SRC-08,paragraph 278,BUSINESS_REQUIREMENT,Authorized users shall be able to activate or deactivate an approved Violation directly without creating a Compliance Configuration Request.,Pass when the normalized obligation is demonstrably satisfied at the cited source location: Authorized users shall be able to activate or deactivate an approved Violation directly without creating a Compliance Configuration Request.
REQ-R0C-01698,,SRC-08,paragraph 289,BUSINESS_REQUIREMENT,"Its Action Form is Active, where an Action Form is required.","Pass when the normalized obligation is demonstrably satisfied at the cited source location: Its Action Form is Active, where an Action Form is required."
REQ-R0C-01699,,SRC-08,paragraph 300,BUSINESS_REQUIREMENT,"During Inspection Execution, the system shall evaluate the inspector response using the Response Evaluation Mapping configured in Response Type Management.","Pass when the normalized obligation is demonstrably satisfied at the cited source location: During Inspection Execution, the system shall evaluate the inspector response using the Response Evaluation Mapping configured in Response Type Management."
REQ-R0C-01700,,SRC-08,paragraph 320,BUSINESS_REQUIREMENT,Factory Closure Action Form is required,Pass when the normalized obligation is demonstrably satisfied at the cited source location: Factory Closure Action Form is required
REQ-R0C-01701,,SRC-08,paragraph 331,BUSINESS_REQUIREMENT,All Violation configuration and operational-status changes shall be recorded in the Audit Log.,Pass when the normalized obligation is demonstrably satisfied at the cited source location: All Violation configuration and operational-status changes shall be recorded in the Audit Log.
REQ-R0C-01702,,SRC-08,paragraph 352,BUSINESS_REQUIREMENT,Authorized users can create a Violation through a Compliance Configuration Request.,Pass when the normalized obligation is demonstrably satisfied at the cited source location: Authorized users can create a Violation through a Compliance Configuration Request.
REQ-R0C-01703,,SRC-08,paragraph 360,BUSINESS_REQUIREMENT,"When Action Form Required = Yes, the configured Action Form must be completed before submission.","Pass when the normalized obligation is demonstrably satisfied at the cited source location: When Action Form Required = Yes, the configured Action Form must be completed before submission."
REQ-R0C-01704,,SRC-08,paragraph 363,BUSINESS_REQUIREMENT,"All Create, Update, Activate, Deactivate, approval, and configuration changes are recorded in the Audit Log.","Pass when the normalized obligation is demonstrably satisfied at the cited source location: All Create, Update, Activate, Deactivate, approval, and configuration changes are recorded in the Audit Log."
REQ-R0C-01705,,SRC-08,paragraph 385,BUSINESS_REQUIREMENT,Violation may define the required documentation,Pass when the normalized obligation is demonstrably satisfied at the cited source location: Violation may define the required documentation
REQ-R0C-01706,,SRC-08,paragraph 395,BUSINESS_REQUIREMENT,Introduce the ability to create and modify Penalty Configurations through the Compliance Configuration Request.,Pass when the normalized obligation is demonstrably satisfied at the cited source location: Introduce the ability to create and modify Penalty Configurations through the Compliance Configuration Request.
REQ-R0C-01707,,SRC-08,paragraph 397,BUSINESS_REQUIREMENT,The Penalty shall be created only after the related Violation has been created and approved.,Pass when the normalized obligation is demonstrably satisfied at the cited source location: The Penalty shall be created only after the related Violation has been created and approved.
REQ-R0C-01708,,SRC-08,paragraph 404,USER_ACTION,These configurations shall be inherited through the selected Violation.,Pass when the actor can complete this action and the resulting state is visible: These configurations shall be inherited through the selected Violation.
REQ-R0C-01709,,SRC-08,paragraph 415,BUSINESS_REQUIREMENT,All Create and Update operations shall be performed through a Compliance Configuration Request.,Pass when the normalized obligation is demonstrably satisfied at the cited source location: All Create and Update operations shall be performed through a Compliance Configuration Request.
REQ-R0C-01710,,SRC-08,paragraph 416,BUSINESS_REQUIREMENT,Activation and Deactivation shall be available directly to authorized users after the Penalty has been approved.,Pass when the normalized obligation is demonstrably satisfied at the cited source location: Activation and Deactivation shall be available directly to authorized users after the Penalty has been approved.
REQ-R0C-01711,,SRC-08,paragraph 417,BUSINESS_REQUIREMENT,The objective of Penalty Configuration is to define the regulatory consequences associated with an approved Violation.,Pass when the normalized obligation is demonstrably satisfied at the cited source location: The objective of Penalty Configuration is to define the regulatory consequences associated with an approved Violation.
REQ-R0C-01712,,SRC-08,paragraph 420,BUSINESS_REQUIREMENT,Define the administrative and technical rules governing the Penalty.,Pass when the normalized obligation is demonstrably satisfied at the cited source location: Define the administrative and technical rules governing the Penalty.
REQ-R0C-01713,,SRC-08,paragraph 422,BUSINESS_REQUIREMENT,Configure financial fine information when applicable.,Pass when the normalized obligation is demonstrably satisfied at the cited source location: Configure financial fine information when applicable.
REQ-R0C-01714,,SRC-08,paragraph 423,BUSINESS_REQUIREMENT,Define whether a financial fine is applied once or calculated daily.,Pass when the normalized obligation is demonstrably satisfied at the cited source location: Define whether a financial fine is applied once or calculated daily.
REQ-R0C-01715,,SRC-08,paragraph 424,BUSINESS_REQUIREMENT,Define the maximum financial fine amount for daily fines.,Pass when the normalized obligation is demonstrably satisfied at the cited source location: Define the maximum financial fine amount for daily fines.
REQ-R0C-01716,,SRC-08,paragraph 426,BUSINESS_REQUIREMENT,The system shall allow an authorized Regulator to create a Penalty through a Compliance Configuration Request.,Pass when the normalized obligation is demonstrably satisfied at the cited source location: The system shall allow an authorized Regulator to create a Penalty through a Compliance Configuration Request.
REQ-R0C-01717,,SRC-08,paragraph 429,BUSINESS_REQUIREMENT,Display approved Violations available for Penalty Configuration.,Pass when the normalized obligation is demonstrably satisfied at the cited source location: Display approved Violations available for Penalty Configuration.
REQ-R0C-01718,,SRC-08,paragraph 432,BUSINESS_REQUIREMENT,Allow the Regulator to define the administrative and technical rules.,Pass when the normalized obligation is demonstrably satisfied at the cited source location: Allow the Regulator to define the administrative and technical rules.
REQ-R0C-01719,,SRC-08,paragraph 433,USER_ACTION,Allow the Regulator to select one or more Penalty Types.,Pass when the actor can complete this action and the resulting state is visible: Allow the Regulator to select one or more Penalty Types.
REQ-R0C-01720,,SRC-08,paragraph 434,USER_ACTION,Display financial fine fields only when Financial Fine is selected.,Pass when the actor can complete this action and the resulting state is visible: Display financial fine fields only when Financial Fine is selected.
REQ-R0C-01721,,SRC-08,paragraph 435,BUSINESS_REQUIREMENT,Validate all mandatory and conditional fields before submission.,Pass when the normalized obligation is demonstrably satisfied at the cited source location: Validate all mandatory and conditional fields before submission.
REQ-R0C-01722,,SRC-08,paragraph 436,BUSINESS_REQUIREMENT,The Penalty shall remain in Draft until the Compliance Configuration Request is submitted.,Pass when the normalized obligation is demonstrably satisfied at the cited source location: The Penalty shall remain in Draft until the Compliance Configuration Request is submitted.
REQ-R0C-01723,,SRC-08,paragraph 438,BUSINESS_REQUIREMENT,The system shall allow authorized users to modify an approved Penalty through a Compliance Configuration Request.,Pass when the normalized obligation is demonstrably satisfied at the cited source location: The system shall allow authorized users to modify an approved Penalty through a Compliance Configuration Request.
REQ-R0C-01724,,SRC-08,paragraph 439,BUSINESS_REQUIREMENT,The currently approved Penalty shall remain active while the modification request is under review.,Pass when the normalized obligation is demonstrably satisfied at the cited source location: The currently approved Penalty shall remain active while the modification request is under review.
REQ-R0C-01725,,SRC-08,paragraph 440,BUSINESS_REQUIREMENT,The active Penalty configuration shall only be replaced after the modification request is approved.,Pass when the normalized obligation is demonstrably satisfied at the cited source location: The active Penalty configuration shall only be replaced after the modification request is approved.
REQ-R0C-01726,,SRC-08,paragraph 448,BUSINESS_REQUIREMENT,Historical inspections and enforcement records shall continue using the Penalty version that was effective when the Penalty was applied.,Pass when the normalized obligation is demonstrably satisfied at the cited source location: Historical inspections and enforcement records shall continue using the Penalty version that was effective when the Penalty was applied.
REQ-R0C-01727,,SRC-08,paragraph 453,BUSINESS_REQUIREMENT,Introduce the ability to create and manage Violations through the Compliance Configuration Request.,Pass when the normalized obligation is demonstrably satisfied at the cited source location: Introduce the ability to create and manage Violations through the Compliance Configuration Request.
REQ-R0C-01728,,SRC-08,paragraph 454,USER_ACTION,A Violation represents a regulatory breach that shall be triggered when an inspector selects a response classified as Non-Compliant for an Inspection Item during Inspection Execution.,Pass when the actor can complete this action and the resulting state is visible: A Violation represents a regulatory breach that shall be triggered when an inspector selects a response classified as Non-Compliant for an Inspection Item during Inspection Execution.
REQ-R0C-01729,,SRC-08,paragraph 459,BUSINESS_REQUIREMENT,Define the violation classification and severity.,Pass when the normalized obligation is demonstrably satisfied at the cited source location: Define the violation classification and severity.
REQ-R0C-01730,,SRC-08,paragraph 460,BUSINESS_REQUIREMENT,Define whether a corrective action and grace period are applicable.,Pass when the normalized obligation is demonstrably satisfied at the cited source location: Define whether a corrective action and grace period are applicable.
REQ-R0C-01731,,SRC-08,paragraph 463,BUSINESS_REQUIREMENT,Optionally define an Associated Action Form for follow-up enforcement actions.,Pass when the normalized obligation is demonstrably satisfied at the cited source location: Optionally define an Associated Action Form for follow-up enforcement actions.
REQ-R0C-01732,,SRC-08,paragraph 464,BUSINESS_REQUIREMENT,All Create and Update operations shall be performed through a Compliance Configuration Request.,Pass when the normalized obligation is demonstrably satisfied at the cited source location: All Create and Update operations shall be performed through a Compliance Configuration Request.
REQ-R0C-01733,,SRC-08,paragraph 465,BUSINESS_REQUIREMENT,Activation and Deactivation shall be performed directly by authorized users.,Pass when the normalized obligation is demonstrably satisfied at the cited source location: Activation and Deactivation shall be performed directly by authorized users.
REQ-R0C-01734,,SRC-08,paragraph 468,BUSINESS_REQUIREMENT,The objective of Violation Configuration is to define the enforcement outcome that shall occur when an inspector records a Non-Compliant response against an Inspection Item.,Pass when the normalized obligation is demonstrably satisfied at the cited source location: The objective of Violation Configuration is to define the enforcement outcome that shall occur when an inspector records a Non-Compliant response against an Inspection Item.
REQ-R0C-01735,,SRC-08,paragraph 481,BUSINESS_RULE,The Violation shall not define the Response Type or Response Values. These values shall be retrieved from the Response Type selected within the Inspection Item.,Pass when this rule is enforced and a violating path is prevented or handled: The Violation shall not define the Response Type or Response Values. These values shall be retrieved from the Response Type selected within the Inspection Item.
REQ-R0C-01736,,SRC-08,paragraph 484,BUSINESS_REQUIREMENT,The system shall allow authorized users to create a new Violation through a Compliance Configuration Request.,Pass when the normalized obligation is demonstrably satisfied at the cited source location: The system shall allow authorized users to create a new Violation through a Compliance Configuration Request.
REQ-R0C-01737,,SRC-08,paragraph 495,BUSINESS_REQUIREMENT,The Violation shall remain in Draft until the Compliance Configuration Request is submitted.,Pass when the normalized obligation is demonstrably satisfied at the cited source location: The Violation shall remain in Draft until the Compliance Configuration Request is submitted.
REQ-R0C-01738,,SRC-08,paragraph 498,BUSINESS_REQUIREMENT,The system shall allow authorized users to modify an existing Violation through a Compliance Configuration Request.,Pass when the normalized obligation is demonstrably satisfied at the cited source location: The system shall allow authorized users to modify an existing Violation through a Compliance Configuration Request.
REQ-R0C-01739,,SRC-08,paragraph 499,BUSINESS_REQUIREMENT,The currently approved Violation configuration shall remain active and unchanged until the submitted request is approved.,Pass when the normalized obligation is demonstrably satisfied at the cited source location: The currently approved Violation configuration shall remain active and unchanged until the submitted request is approved.
REQ-R0C-01740,,SRC-08,paragraph 511,BUSINESS_REQUIREMENT,Historical inspections and enforcement records shall continue using the Violation configuration that was effective when the inspection was executed.,Pass when the normalized obligation is demonstrably satisfied at the cited source location: Historical inspections and enforcement records shall continue using the Violation configuration that was effective when the inspection was executed.
REQ-R0C-01741,,SRC-08,paragraph 531,BUSINESS_REQUIREMENT,Activate / Deactivate Violation,Pass when the normalized obligation is demonstrably satisfied at the cited source location: Activate / Deactivate Violation
REQ-R0C-01742,,SRC-08,paragraph 532,BUSINESS_REQUIREMENT,Authorized users shall be able to activate or deactivate an approved Violation directly without creating a Compliance Configuration Request.,Pass when the normalized obligation is demonstrably satisfied at the cited source location: Authorized users shall be able to activate or deactivate an approved Violation directly without creating a Compliance Configuration Request.
REQ-R0C-01743,,SRC-08,paragraph 543,BUSINESS_REQUIREMENT,"Its Action Form is Active, where an Action Form is required.","Pass when the normalized obligation is demonstrably satisfied at the cited source location: Its Action Form is Active, where an Action Form is required."
REQ-R0C-01744,,SRC-08,paragraph 548,BUSINESS_REQUIREMENT,"During Inspection Execution, the system shall evaluate the inspector response using the Response Evaluation Mapping configured in Response Type Management.","Pass when the normalized obligation is demonstrably satisfied at the cited source location: During Inspection Execution, the system shall evaluate the inspector response using the Response Evaluation Mapping configured in Response Type Management."
REQ-R0C-01745,,SRC-08,paragraph 568,BUSINESS_REQUIREMENT,Factory Closure Action Form is required,Pass when the normalized obligation is demonstrably satisfied at the cited source location: Factory Closure Action Form is required
REQ-R0C-01746,,SRC-08,paragraph 579,BUSINESS_REQUIREMENT,All Violation configuration and operational-status changes shall be recorded in the Audit Log.,Pass when the normalized obligation is demonstrably satisfied at the cited source location: All Violation configuration and operational-status changes shall be recorded in the Audit Log.
REQ-R0C-01747,,SRC-08,paragraph 600,BUSINESS_REQUIREMENT,Authorized users can create a Violation through a Compliance Configuration Request.,Pass when the normalized obligation is demonstrably satisfied at the cited source location: Authorized users can create a Violation through a Compliance Configuration Request.
REQ-R0C-01748,,SRC-08,paragraph 608,BUSINESS_REQUIREMENT,"When Action Form Required = Yes, the configured Action Form must be completed before submission.","Pass when the normalized obligation is demonstrably satisfied at the cited source location: When Action Form Required = Yes, the configured Action Form must be completed before submission."
REQ-R0C-01749,,SRC-08,paragraph 611,BUSINESS_REQUIREMENT,"All Create, Update, Activate, Deactivate, approval, and configuration changes are recorded in the Audit Log.","Pass when the normalized obligation is demonstrably satisfied at the cited source location: All Create, Update, Activate, Deactivate, approval, and configuration changes are recorded in the Audit Log."
REQ-R0C-01750,,SRC-08,paragraph 612,BUSINESS_REQUIREMENT,why there is penalty ? we will create the penalty after violation creation,Pass when the normalized obligation is demonstrably satisfied at the cited source location: why there is penalty ? we will create the penalty after violation creation
REQ-R0C-01751,,SRC-08,paragraph 647,BUSINESS_REQUIREMENT,An approved Violation may be used during Penalty Configuration. Penalties shall be created and linked to the Violation through a separate Compliance Configuration Request.,Pass when the normalized obligation is demonstrably satisfied at the cited source location: An approved Violation may be used during Penalty Configuration. Penalties shall be created and linked to the Violation through a separate Compliance Configuration Request.
REQ-R0C-01752,,SRC-08,paragraph 669,BUSINESS_REQUIREMENT,Violation may define the required documentation,Pass when the normalized obligation is demonstrably satisfied at the cited source location: Violation may define the required documentation
REQ-R0C-01753,,SRC-08,paragraph 711,BUSINESS_REQUIREMENT,"""When should this violation occur and what should happen operationally?""","Pass when the normalized obligation is demonstrably satisfied at the cited source location: ""When should this violation occur and what should happen operationally?"""
REQ-R0C-01754,,SRC-08,paragraph 721,BUSINESS_REQUIREMENT,Each Violation shall have one Penalty,Pass when the normalized obligation is demonstrably satisfied at the cited source location: Each Violation shall have one Penalty
REQ-R0C-01755,,SRC-08,paragraph 773,BUSINESS_REQUIREMENT,Each Violation shall define the penalty...,Pass when the normalized obligation is demonstrably satisfied at the cited source location: Each Violation shall define the penalty...
REQ-R0C-01756,,SRC-08,paragraph 779,BUSINESS_REQUIREMENT,Define the Violation details and severity.,Pass when the normalized obligation is demonstrably satisfied at the cited source location: Define the Violation details and severity.
REQ-R0C-01757,,SRC-08,paragraph 781,BUSINESS_REQUIREMENT,Optionally define a Grace Period.,Pass when the normalized obligation is demonstrably satisfied at the cited source location: Optionally define a Grace Period.
REQ-R0C-01758,,SRC-08,paragraph 783,BUSINESS_REQUIREMENT,Optionally define an Associated Action Form.,Pass when the normalized obligation is demonstrably satisfied at the cited source location: Optionally define an Associated Action Form.
REQ-R0C-01759,,SRC-08,paragraph 784,BUSINESS_REQUIREMENT,Penalties shall be configured separately through the Penalty Configuration module after the Violation has been approved.,Pass when the normalized obligation is demonstrably satisfied at the cited source location: Penalties shall be configured separately through the Penalty Configuration module after the Violation has been approved.
REQ-R0C-01760,,SRC-08,paragraph 789,BUSINESS_REQUIREMENT,Violation When does a breach occur and what operational actions are required?,Pass when the normalized obligation is demonstrably satisfied at the cited source location: Violation When does a breach occur and what operational actions are required?
REQ-R0C-01761,,SRC-08,paragraph 807,BUSINESS_REQUIREMENT,"Before writing, let's define the Penalty correctly","Pass when the normalized obligation is demonstrably satisfied at the cited source location: Before writing, let's define the Penalty correctly"
REQ-R0C-01762,,SRC-08,paragraph 817,BUSINESS_REQUIREMENT,I think we should introduce Penalty Type,Pass when the normalized obligation is demonstrably satisfied at the cited source location: I think we should introduce Penalty Type
REQ-R0C-01763,,SRC-08,paragraph 853,BUSINESS_REQUIREMENT,Create Enforcement Record,Pass when the normalized obligation is demonstrably satisfied at the cited source location: Create Enforcement Record
REQ-R0C-01764,,SRC-08,paragraph 857,BUSINESS_REQUIREMENT,Generate Factory Closure Action Form,Pass when the normalized obligation is demonstrably satisfied at the cited source location: Generate Factory Closure Action Form
REQ-R0C-01765,,SRC-08,paragraph 877,BUSINESS_REQUIREMENT,Introduce the ability to create and modify Penalty Configurations through the Compliance Configuration Request.,Pass when the normalized obligation is demonstrably satisfied at the cited source location: Introduce the ability to create and modify Penalty Configurations through the Compliance Configuration Request.
REQ-R0C-01766,,SRC-08,paragraph 879,BUSINESS_REQUIREMENT,The Penalty shall be created only after the related Violation has been created and approved.,Pass when the normalized obligation is demonstrably satisfied at the cited source location: The Penalty shall be created only after the related Violation has been created and approved.
REQ-R0C-01767,,SRC-08,paragraph 886,USER_ACTION,These configurations shall be inherited through the selected Violation.,Pass when the actor can complete this action and the resulting state is visible: These configurations shall be inherited through the selected Violation.
REQ-R0C-01768,,SRC-08,paragraph 897,BUSINESS_REQUIREMENT,All Create and Update operations shall be performed through a Compliance Configuration Request.,Pass when the normalized obligation is demonstrably satisfied at the cited source location: All Create and Update operations shall be performed through a Compliance Configuration Request.
REQ-R0C-01769,,SRC-08,paragraph 898,BUSINESS_REQUIREMENT,Activation and Deactivation shall be available directly to authorized users after the Penalty has been approved.,Pass when the normalized obligation is demonstrably satisfied at the cited source location: Activation and Deactivation shall be available directly to authorized users after the Penalty has been approved.
REQ-R0C-01770,,SRC-08,paragraph 901,BUSINESS_REQUIREMENT,The objective of Penalty Configuration is to define the regulatory consequences associated with an approved Violation.,Pass when the normalized obligation is demonstrably satisfied at the cited source location: The objective of Penalty Configuration is to define the regulatory consequences associated with an approved Violation.
REQ-R0C-01771,,SRC-08,paragraph 904,BUSINESS_REQUIREMENT,Define the administrative and technical rules governing the Penalty.,Pass when the normalized obligation is demonstrably satisfied at the cited source location: Define the administrative and technical rules governing the Penalty.
REQ-R0C-01772,,SRC-08,paragraph 906,BUSINESS_REQUIREMENT,Configure financial fine information when applicable.,Pass when the normalized obligation is demonstrably satisfied at the cited source location: Configure financial fine information when applicable.
REQ-R0C-01773,,SRC-08,paragraph 907,BUSINESS_REQUIREMENT,Define whether a financial fine is applied once or calculated daily.,Pass when the normalized obligation is demonstrably satisfied at the cited source location: Define whether a financial fine is applied once or calculated daily.
REQ-R0C-01774,,SRC-08,paragraph 908,BUSINESS_REQUIREMENT,Define the maximum financial fine amount for daily fines.,Pass when the normalized obligation is demonstrably satisfied at the cited source location: Define the maximum financial fine amount for daily fines.
REQ-R0C-01775,,SRC-08,paragraph 911,BUSINESS_REQUIREMENT,The system shall allow an authorized Regulator to create a Penalty through a Compliance Configuration Request.,Pass when the normalized obligation is demonstrably satisfied at the cited source location: The system shall allow an authorized Regulator to create a Penalty through a Compliance Configuration Request.
REQ-R0C-01776,,SRC-08,paragraph 914,BUSINESS_REQUIREMENT,Display approved Violations available for Penalty Configuration.,Pass when the normalized obligation is demonstrably satisfied at the cited source location: Display approved Violations available for Penalty Configuration.
REQ-R0C-01777,,SRC-08,paragraph 917,BUSINESS_REQUIREMENT,Allow the Regulator to define the administrative and technical rules.,Pass when the normalized obligation is demonstrably satisfied at the cited source location: Allow the Regulator to define the administrative and technical rules.
REQ-R0C-01778,,SRC-08,paragraph 918,USER_ACTION,Allow the Regulator to select one or more Penalty Types.,Pass when the actor can complete this action and the resulting state is visible: Allow the Regulator to select one or more Penalty Types.
REQ-R0C-01779,,SRC-08,paragraph 919,USER_ACTION,Display financial fine fields only when Financial Fine is selected.,Pass when the actor can complete this action and the resulting state is visible: Display financial fine fields only when Financial Fine is selected.
REQ-R0C-01780,,SRC-08,paragraph 920,BUSINESS_REQUIREMENT,Validate all mandatory and conditional fields before submission.,Pass when the normalized obligation is demonstrably satisfied at the cited source location: Validate all mandatory and conditional fields before submission.
REQ-R0C-01781,,SRC-08,paragraph 921,BUSINESS_REQUIREMENT,The Penalty shall remain in Draft until the Compliance Configuration Request is submitted.,Pass when the normalized obligation is demonstrably satisfied at the cited source location: The Penalty shall remain in Draft until the Compliance Configuration Request is submitted.
REQ-R0C-01782,,SRC-08,paragraph 924,BUSINESS_REQUIREMENT,The system shall allow authorized users to modify an approved Penalty through a Compliance Configuration Request.,Pass when the normalized obligation is demonstrably satisfied at the cited source location: The system shall allow authorized users to modify an approved Penalty through a Compliance Configuration Request.
REQ-R0C-01783,,SRC-08,paragraph 925,BUSINESS_REQUIREMENT,The currently approved Penalty shall remain active while the modification request is under review.,Pass when the normalized obligation is demonstrably satisfied at the cited source location: The currently approved Penalty shall remain active while the modification request is under review.
REQ-R0C-01784,,SRC-08,paragraph 926,BUSINESS_REQUIREMENT,The active Penalty configuration shall only be replaced after the modification request is approved.,Pass when the normalized obligation is demonstrably satisfied at the cited source location: The active Penalty configuration shall only be replaced after the modification request is approved.
REQ-R0C-01785,,SRC-08,paragraph 934,BUSINESS_REQUIREMENT,Historical inspections and enforcement records shall continue using the Penalty version that was effective when the Penalty was applied.,Pass when the normalized obligation is demonstrably satisfied at the cited source location: Historical inspections and enforcement records shall continue using the Penalty version that was effective when the Penalty was applied.
REQ-R0C-01786,,SRC-08,paragraph 948,USER_ACTION,The system may display the Inspection Item and Trigger Response as read-only contextual information inherited from the selected Violation.,Pass when the actor can complete this action and the resulting state is visible: The system may display the Inspection Item and Trigger Response as read-only contextual information inherited from the selected Violation.
REQ-R0C-01787,,SRC-08,paragraph 949,BUSINESS_REQUIREMENT,Activate / Deactivate Penalty,Pass when the normalized obligation is demonstrably satisfied at the cited source location: Activate / Deactivate Penalty
REQ-R0C-01788,,SRC-08,paragraph 950,BUSINESS_REQUIREMENT,Authorized users shall be able to activate or deactivate an approved Penalty without creating a Compliance Configuration Request.,Pass when the normalized obligation is demonstrably satisfied at the cited source location: Authorized users shall be able to activate or deactivate an approved Penalty without creating a Compliance Configuration Request.
REQ-R0C-01789,,SRC-08,paragraph 955,BUSINESS_REQUIREMENT,Retain its complete version and audit history.,Pass when the normalized obligation is demonstrably satisfied at the cited source location: Retain its complete version and audit history.
REQ-R0C-01790,,SRC-08,paragraph 965,BUSINESS_REQUIREMENT,The Penalty Types shall be maintained through Lookup Management.,Pass when the normalized obligation is demonstrably satisfied at the cited source location: The Penalty Types shall be maintained through Lookup Management.
REQ-R0C-01791,,SRC-08,paragraph 971,USER_ACTION,The financial fine configuration shall only be displayed when Financial Fine is selected as one of the Penalty Types.,Pass when the actor can complete this action and the resulting state is visible: The financial fine configuration shall only be displayed when Financial Fine is selected as one of the Penalty Types.
REQ-R0C-01792,,SRC-08,paragraph 979,BUSINESS_REQUIREMENT,Store the applied amount in the enforcement record.,Pass when the normalized obligation is demonstrably satisfied at the cited source location: Store the applied amount in the enforcement record.
REQ-R0C-01793,,SRC-08,paragraph 991,BUSINESS_REQUIREMENT,Calculate the fine based on the applicable number of days.,Pass when the normalized obligation is demonstrably satisfied at the cited source location: Calculate the fine based on the applicable number of days.
REQ-R0C-01794,,SRC-08,paragraph 992,BUSINESS_REQUIREMENT,Prevent the accumulated amount from exceeding the Maximum Fine Limit.,Pass when the normalized obligation is demonstrably satisfied at the cited source location: Prevent the accumulated amount from exceeding the Maximum Fine Limit.
REQ-R0C-01795,,SRC-08,paragraph 1008,BUSINESS_REQUIREMENT,The exact start and end dates used for daily fine calculation shall be determined by the Enforcement process.,Pass when the normalized obligation is demonstrably satisfied at the cited source location: The exact start and end dates used for daily fine calculation shall be determined by the Enforcement process.
REQ-R0C-01796,,SRC-08,paragraph 1017,USER_ACTION,"When an inspector selects a response that triggers a Violation, the system shall identify the approved and Active Penalty configuration linked to that Violation.","Pass when the actor can complete this action and the resulting state is visible: When an inspector selects a response that triggers a Violation, the system shall identify the approved and Active Penalty configuration linked to that Violation."
REQ-R0C-01797,,SRC-08,paragraph 1043,BUSINESS_RULE,The Penalty shall not be finally applied merely because the inspector selected the Non-Compliant response.,Pass when this rule is enforced and a violating path is prevented or handled: The Penalty shall not be finally applied merely because the inspector selected the Non-Compliant response.
REQ-R0C-01798,,SRC-08,paragraph 1044,BUSINESS_REQUIREMENT,"The system shall associate the configured Penalty with the inspection result, and the applicable enforcement decision shall follow the approved Inspection Review and Enforcement process.","Pass when the normalized obligation is demonstrably satisfied at the cited source location: The system shall associate the configured Penalty with the inspection result, and the applicable enforcement decision shall follow the approved Inspection Review and Enforcement process."
REQ-R0C-01799,,SRC-08,paragraph 1047,BUSINESS_REQUIREMENT,All Penalty configuration changes shall be recorded.,Pass when the normalized obligation is demonstrably satisfied at the cited source location: All Penalty configuration changes shall be recorded.
REQ-R0C-01800,,SRC-08,paragraph 1066,USER_ACTION,The Regulator can create a Penalty only after selecting an approved Violation.,Pass when the actor can complete this action and the resulting state is visible: The Regulator can create a Penalty only after selecting an approved Violation.
REQ-R0C-01801,,SRC-08,paragraph 1069,USER_ACTION,The user must enter the Administrative and Technical Rules.,Pass when the actor can complete this action and the resulting state is visible: The user must enter the Administrative and Technical Rules.
REQ-R0C-01802,,SRC-08,paragraph 1070,USER_ACTION,The user must select at least one Penalty Type.,Pass when the actor can complete this action and the resulting state is visible: The user must select at least one Penalty Type.
REQ-R0C-01803,,SRC-08,paragraph 1082,BUSINESS_REQUIREMENT,The Compliance Configuration journey shall allow the Regulator to create or modify the complete regulatory inspection hierarchy through one controlled Compliance Configuration Request.,Pass when the normalized obligation is demonstrably satisfied at the cited source location: The Compliance Configuration journey shall allow the Regulator to create or modify the complete regulatory inspection hierarchy through one controlled Compliance Configuration Request.
REQ-R0C-01804,,SRC-08,paragraph 1088,BUSINESS_RULE,The configuration shall not become available for operational use until the request has completed the approval process.,Pass when this rule is enforced and a violating path is prevented or handled: The configuration shall not become available for operational use until the request has completed the approval process.
REQ-R0C-01805,,SRC-08,paragraph 1089,BUSINESS_REQUIREMENT,"Once approved, the configuration shall be published to the Compliance Library and become available for future inspection packages according to its activation status and effective date.","Pass when the normalized obligation is demonstrably satisfied at the cited source location: Once approved, the configuration shall be published to the Compliance Library and become available for future inspection packages according to its activation status and effective date."
REQ-R0C-01806,,SRC-08,paragraph 1096,BUSINESS_REQUIREMENT,The Approver shall review each component individually.,Pass when the normalized obligation is demonstrably satisfied at the cited source location: The Approver shall review each component individually.
REQ-R0C-01807,,SRC-08,paragraph 1102,BUSINESS_REQUIREMENT,Approved components shall be published based on their hierarchy dependencies.,Pass when the normalized obligation is demonstrably satisfied at the cited source location: Approved components shall be published based on their hierarchy dependencies.
REQ-R0C-01808,,SRC-08,paragraph 1103,BUSINESS_RULE,Rejected branches shall not be published.,Pass when this rule is enforced and a violating path is prevented or handled: Rejected branches shall not be published.
REQ-R0C-01809,,SRC-08,paragraph 1104,BUSINESS_REQUIREMENT,"If any component is returned, nothing from the current request revision shall be published until the request is corrected and resubmitted.","Pass when the normalized obligation is demonstrably satisfied at the cited source location: If any component is returned, nothing from the current request revision shall be published until the request is corrected and resubmitted."
REQ-R0C-01810,,SRC-08,paragraph 1106,BUSINESS_REQUIREMENT,Create compliance configurations.,Pass when the normalized obligation is demonstrably satisfied at the cited source location: Create compliance configurations.
REQ-R0C-01811,,SRC-08,paragraph 1109,BUSINESS_REQUIREMENT,Approve valid components.,Pass when the normalized obligation is demonstrably satisfied at the cited source location: Approve valid components.
REQ-R0C-01812,,SRC-08,paragraph 1110,BUSINESS_REQUIREMENT,Reject invalid or unwanted components.,Pass when the normalized obligation is demonstrably satisfied at the cited source location: Reject invalid or unwanted components.
REQ-R0C-01813,,SRC-08,paragraph 1111,BUSINESS_REQUIREMENT,Return components that require correction.,Pass when the normalized obligation is demonstrably satisfied at the cited source location: Return components that require correction.
REQ-R0C-01814,,SRC-08,paragraph 1112,BUSINESS_REQUIREMENT,Publish approved hierarchy branches.,Pass when the normalized obligation is demonstrably satisfied at the cited source location: Publish approved hierarchy branches.
REQ-R0C-01815,,SRC-08,paragraph 1114,BUSINESS_REQUIREMENT,Activate or deactivate approved configurations.,Pass when the normalized obligation is demonstrably satisfied at the cited source location: Activate or deactivate approved configurations.
REQ-R0C-01816,,SRC-08,paragraph 1115,BUSINESS_REQUIREMENT,Provide complete request and component-level auditing.,Pass when the normalized obligation is demonstrably satisfied at the cited source location: Provide complete request and component-level auditing.
REQ-R0C-01817,,SRC-08,paragraph 1201,BUSINESS_REQUIREMENT,Component action: Create / Modify / Deactivate.,Pass when the normalized obligation is demonstrably satisfied at the cited source location: Component action: Create / Modify / Deactivate.
REQ-R0C-01818,,SRC-08,paragraph 1209,USER_ACTION,The Regulator shall create a new Regulation or modify the selected approved Regulation.,Pass when the actor can complete this action and the resulting state is visible: The Regulator shall create a new Regulation or modify the selected approved Regulation.
REQ-R0C-01819,,SRC-08,paragraph 1211,BUSINESS_REQUIREMENT,The Regulation section shall be completed before the request can be submitted.,Pass when the normalized obligation is demonstrably satisfied at the cited source location: The Regulation section shall be completed before the request can be submitted.
REQ-R0C-01820,,SRC-08,paragraph 1212,BUSINESS_REQUIREMENT,"For a newly created Regulation, rejection of the Regulation shall invalidate the entire hierarchy because no child component can exist without it.","Pass when the normalized obligation is demonstrably satisfied at the cited source location: For a newly created Regulation, rejection of the Regulation shall invalidate the entire hierarchy because no child component can exist without it."
REQ-R0C-01821,,SRC-08,paragraph 1213,BUSINESS_RULE,"For an existing Regulation, rejection of the proposed Regulation changes shall not necessarily reject independent additions under the current approved Regulation.","Pass when this rule is enforced and a violating path is prevented or handled: For an existing Regulation, rejection of the proposed Regulation changes shall not necessarily reject independent additions under the current approved Regulation."
REQ-R0C-01822,,SRC-08,paragraph 1214,BUSINESS_REQUIREMENT,Configure Inspection Items,Pass when the normalized obligation is demonstrably satisfied at the cited source location: Configure Inspection Items
REQ-R0C-01823,,SRC-08,paragraph 1215,BUSINESS_REQUIREMENT,The Regulator shall add or modify one or more Inspection Items.,Pass when the normalized obligation is demonstrably satisfied at the cited source location: The Regulator shall add or modify one or more Inspection Items.
REQ-R0C-01824,,SRC-08,paragraph 1227,USER_ACTION,"When the Regulator selects a Response Type, the system shall retrieve the configured Response Values and evaluation mapping.","Pass when the actor can complete this action and the resulting state is visible: When the Regulator selects a Response Type, the system shall retrieve the configured Response Values and evaluation mapping."
REQ-R0C-01825,,SRC-08,paragraph 1229,BUSINESS_REQUIREMENT,Response Values shall be read-only within the Inspection Item.,Pass when the normalized obligation is demonstrably satisfied at the cited source location: Response Values shall be read-only within the Inspection Item.
REQ-R0C-01826,,SRC-08,paragraph 1230,BUSINESS_REQUIREMENT,A completed Inspection Item with Item Type = Violation and at least one Non-Compliant Response shall become eligible for Violation Configuration.,Pass when the normalized obligation is demonstrably satisfied at the cited source location: A completed Inspection Item with Item Type = Violation and at least one Non-Compliant Response shall become eligible for Violation Configuration.
REQ-R0C-01827,,SRC-08,paragraph 1233,BUSINESS_REQUIREMENT,The Regulator shall create a Violation under an eligible Inspection Item.,Pass when the normalized obligation is demonstrably satisfied at the cited source location: The Regulator shall create a Violation under an eligible Inspection Item.
REQ-R0C-01828,,SRC-08,paragraph 1240,BUSINESS_REQUIREMENT,The Trigger Response dropdown shall display only responses classified as Non-Compliant.,Pass when the normalized obligation is demonstrably satisfied at the cited source location: The Trigger Response dropdown shall display only responses classified as Non-Compliant.
REQ-R0C-01829,,SRC-08,paragraph 1254,BUSINESS_RULE,Penalty information shall not be configured within the Violation.,Pass when this rule is enforced and a violating path is prevented or handled: Penalty information shall not be configured within the Violation.
REQ-R0C-01830,,SRC-08,paragraph 1255,BUSINESS_REQUIREMENT,"After the Violation is complete, it shall become available for Penalty Configuration within the same request.","Pass when the normalized obligation is demonstrably satisfied at the cited source location: After the Violation is complete, it shall become available for Penalty Configuration within the same request."
REQ-R0C-01831,,SRC-08,paragraph 1257,BUSINESS_REQUIREMENT,The Regulator shall create the Penalty after configuring the related Violation.,Pass when the normalized obligation is demonstrably satisfied at the cited source location: The Regulator shall create the Penalty after configuring the related Violation.
REQ-R0C-01832,,SRC-08,paragraph 1272,BUSINESS_RULE,"The Penalty shall not redefine the Inspection Item, Response Type, Trigger Response, or Violation details.","Pass when this rule is enforced and a violating path is prevented or handled: The Penalty shall not redefine the Inspection Item, Response Type, Trigger Response, or Violation details."
REQ-R0C-01833,,SRC-08,paragraph 1275,BUSINESS_REQUIREMENT,The system shall automatically save Draft changes.,Pass when the normalized obligation is demonstrably satisfied at the cited source location: The system shall automatically save Draft changes.
REQ-R0C-01834,,SRC-08,paragraph 1281,BUSINESS_REQUIREMENT,Validate the request.,Pass when the normalized obligation is demonstrably satisfied at the cited source location: Validate the request.
REQ-R0C-01835,,SRC-08,paragraph 1284,USER_ACTION,Submit the request.,Pass when the actor can complete this action and the resulting state is visible: Submit the request.
REQ-R0C-01836,,SRC-08,paragraph 1285,BUSINESS_REQUIREMENT,The system shall display completion progress.,Pass when the normalized obligation is demonstrably satisfied at the cited source location: The system shall display completion progress.
REQ-R0C-01837,,SRC-08,paragraph 1288,BUSINESS_REQUIREMENT,Run complete request validation.,Pass when the normalized obligation is demonstrably satisfied at the cited source location: Run complete request validation.
REQ-R0C-01838,,SRC-08,paragraph 1289,BUSINESS_REQUIREMENT,Prevent submission when blocking errors exist.,Pass when the normalized obligation is demonstrably satisfied at the cited source location: Prevent submission when blocking errors exist.
REQ-R0C-01839,,SRC-08,paragraph 1290,BUSINESS_REQUIREMENT,Create a locked submission snapshot.,Pass when the normalized obligation is demonstrably satisfied at the cited source location: Create a locked submission snapshot.
REQ-R0C-01840,,SRC-08,paragraph 1292,BUSINESS_REQUIREMENT,Record submission date and time.,Pass when the normalized obligation is demonstrably satisfied at the cited source location: Record submission date and time.
REQ-R0C-01841,,SRC-08,paragraph 1293,BUSINESS_REQUIREMENT,Record submitted revision.,Pass when the normalized obligation is demonstrably satisfied at the cited source location: Record submitted revision.
REQ-R0C-01842,,SRC-08,paragraph 1295,BUSINESS_REQUIREMENT,Notify the requester and approver.,Pass when the normalized obligation is demonstrably satisfied at the cited source location: Notify the requester and approver.
REQ-R0C-01843,,SRC-08,paragraph 1296,BUSINESS_REQUIREMENT,Prevent the requester from modifying the submitted revision.,Pass when the normalized obligation is demonstrably satisfied at the cited source location: Prevent the requester from modifying the submitted revision.
REQ-R0C-01844,,SRC-08,paragraph 1297,BUSINESS_REQUIREMENT,The current approved Compliance Library configuration shall remain unchanged during review.,Pass when the normalized obligation is demonstrably satisfied at the cited source location: The current approved Compliance Library configuration shall remain unchanged during review.
REQ-R0C-01845,,SRC-08,paragraph 1303,BUSINESS_REQUIREMENT,A comment shall be mandatory for Return and Reject.,Pass when the normalized obligation is demonstrably satisfied at the cited source location: A comment shall be mandatory for Return and Reject.
REQ-R0C-01846,,SRC-08,paragraph 1318,BUSINESS_REQUIREMENT,The Approver may approve some components and reject others within the same request.,Pass when the normalized obligation is demonstrably satisfied at the cited source location: The Approver may approve some components and reject others within the same request.
REQ-R0C-01847,,SRC-08,paragraph 1346,BUSINESS_REQUIREMENT,The final request status shall be Partially Approved.,Pass when the normalized obligation is demonstrably satisfied at the cited source location: The final request status shall be Partially Approved.
REQ-R0C-01848,,SRC-08,paragraph 1351,BUSINESS_REQUIREMENT,All Inspection Items shall be Auto-Rejected.,Pass when the normalized obligation is demonstrably satisfied at the cited source location: All Inspection Items shall be Auto-Rejected.
REQ-R0C-01849,,SRC-08,paragraph 1352,BUSINESS_REQUIREMENT,All Violations shall be Auto-Rejected.,Pass when the normalized obligation is demonstrably satisfied at the cited source location: All Violations shall be Auto-Rejected.
REQ-R0C-01850,,SRC-08,paragraph 1353,BUSINESS_REQUIREMENT,All Penalties shall be Auto-Rejected.,Pass when the normalized obligation is demonstrably satisfied at the cited source location: All Penalties shall be Auto-Rejected.
REQ-R0C-01851,,SRC-08,paragraph 1356,BUSINESS_RULE,Rejected Regulation changes shall not replace the current approved Regulation.,Pass when this rule is enforced and a violating path is prevented or handled: Rejected Regulation changes shall not replace the current approved Regulation.
REQ-R0C-01852,,SRC-08,paragraph 1359,BUSINESS_RULE,The Inspection Item shall not be published.,Pass when this rule is enforced and a violating path is prevented or handled: The Inspection Item shall not be published.
REQ-R0C-01853,,SRC-08,paragraph 1360,BUSINESS_REQUIREMENT,All new child Violations shall be Auto-Rejected.,Pass when the normalized obligation is demonstrably satisfied at the cited source location: All new child Violations shall be Auto-Rejected.
REQ-R0C-01854,,SRC-08,paragraph 1361,BUSINESS_REQUIREMENT,All new Penalties under those Violations shall be Auto-Rejected.,Pass when the normalized obligation is demonstrably satisfied at the cited source location: All new Penalties under those Violations shall be Auto-Rejected.
REQ-R0C-01855,,SRC-08,paragraph 1364,BUSINESS_RULE,The Violation shall not be published.,Pass when this rule is enforced and a violating path is prevented or handled: The Violation shall not be published.
REQ-R0C-01856,,SRC-08,paragraph 1365,BUSINESS_REQUIREMENT,Its new Penalties shall be Auto-Rejected.,Pass when the normalized obligation is demonstrably satisfied at the cited source location: Its new Penalties shall be Auto-Rejected.
REQ-R0C-01857,,SRC-08,paragraph 1369,BUSINESS_REQUIREMENT,Only the Penalty shall be excluded.,Pass when the normalized obligation is demonstrably satisfied at the cited source location: Only the Penalty shall be excluded.
REQ-R0C-01858,,SRC-08,paragraph 1373,BUSINESS_REQUIREMENT,Return is different from Reject.,Pass when the normalized obligation is demonstrably satisfied at the cited source location: Return is different from Reject.
REQ-R0C-01859,,SRC-08,paragraph 1378,BUSINESS_REQUIREMENT,No component from the current revision shall be published.,Pass when the normalized obligation is demonstrably satisfied at the cited source location: No component from the current revision shall be published.
REQ-R0C-01860,,SRC-08,paragraph 1379,BUSINESS_REQUIREMENT,The Regulator shall receive the request with comments.,Pass when the normalized obligation is demonstrably satisfied at the cited source location: The Regulator shall receive the request with comments.
REQ-R0C-01861,,SRC-08,paragraph 1380,BUSINESS_REQUIREMENT,Returned components shall become editable.,Pass when the normalized obligation is demonstrably satisfied at the cited source location: Returned components shall become editable.
REQ-R0C-01862,,SRC-08,paragraph 1381,BUSINESS_REQUIREMENT,Dependent components affected by the correction shall also become editable.,Pass when the normalized obligation is demonstrably satisfied at the cited source location: Dependent components affected by the correction shall also become editable.
REQ-R0C-01863,,SRC-08,paragraph 1382,BUSINESS_REQUIREMENT,Approved and rejected decisions shall remain recorded for reference.,Pass when the normalized obligation is demonstrably satisfied at the cited source location: Approved and rejected decisions shall remain recorded for reference.
REQ-R0C-01864,,SRC-08,paragraph 1383,BUSINESS_REQUIREMENT,A new revision shall be created upon resubmission.,Pass when the normalized obligation is demonstrably satisfied at the cited source location: A new revision shall be created upon resubmission.
REQ-R0C-01865,,SRC-08,paragraph 1392,USER_ACTION,The Regulator shall update the returned components and resubmit.,Pass when the actor can complete this action and the resulting state is visible: The Regulator shall update the returned components and resubmit.
REQ-R0C-01866,,SRC-08,paragraph 1394,BUSINESS_REQUIREMENT,Create a new request revision.,Pass when the normalized obligation is demonstrably satisfied at the cited source location: Create a new request revision.
REQ-R0C-01867,,SRC-08,paragraph 1399,BUSINESS_REQUIREMENT,Allow the Approver to compare revisions.,Pass when the normalized obligation is demonstrably satisfied at the cited source location: Allow the Approver to compare revisions.
REQ-R0C-01868,,SRC-08,paragraph 1412,BUSINESS_REQUIREMENT,Validate every approved branch.,Pass when the normalized obligation is demonstrably satisfied at the cited source location: Validate every approved branch.
REQ-R0C-01869,,SRC-08,paragraph 1413,BUSINESS_REQUIREMENT,Ensure every approved child has an approved or existing valid parent.,Pass when the normalized obligation is demonstrably satisfied at the cited source location: Ensure every approved child has an approved or existing valid parent.
REQ-R0C-01870,,SRC-08,paragraph 1414,BUSINESS_REQUIREMENT,Create new approved component versions.,Pass when the normalized obligation is demonstrably satisfied at the cited source location: Create new approved component versions.
REQ-R0C-01871,,SRC-08,paragraph 1415,BUSINESS_REQUIREMENT,Publish valid approved branches.,Pass when the normalized obligation is demonstrably satisfied at the cited source location: Publish valid approved branches.
REQ-R0C-01872,,SRC-08,paragraph 1418,BUSINESS_REQUIREMENT,Record approval metadata.,Pass when the normalized obligation is demonstrably satisfied at the cited source location: Record approval metadata.
REQ-R0C-01873,,SRC-08,paragraph 1419,BUSINESS_REQUIREMENT,Notify the Regulator with the result summary.,Pass when the normalized obligation is demonstrably satisfied at the cited source location: Notify the Regulator with the result summary.
REQ-R0C-01874,,SRC-08,paragraph 1420,BUSINESS_REQUIREMENT,Publication shall be transactional at the approved branch level.,Pass when the normalized obligation is demonstrably satisfied at the cited source location: Publication shall be transactional at the approved branch level.
REQ-R0C-01875,,SRC-08,paragraph 1422,BUSINESS_REQUIREMENT,A complete approved branch shall be published successfully as one unit.,Pass when the normalized obligation is demonstrably satisfied at the cited source location: A complete approved branch shall be published successfully as one unit.
REQ-R0C-01876,,SRC-08,paragraph 1423,BUSINESS_RULE,An incomplete or invalid branch shall not be partially published.,Pass when this rule is enforced and a violating path is prevented or handled: An incomplete or invalid branch shall not be partially published.
REQ-R0C-01877,,SRC-08,paragraph 1424,BUSINESS_RULE,One approved branch failing publication shall not corrupt another published branch.,Pass when this rule is enforced and a violating path is prevented or handled: One approved branch failing publication shall not corrupt another published branch.
REQ-R0C-01878,,SRC-08,paragraph 1425,BUSINESS_REQUIREMENT,Publication failures shall be logged and surfaced for operational resolution.,Pass when the normalized obligation is demonstrably satisfied at the cited source location: Publication failures shall be logged and surfaced for operational resolution.
REQ-R0C-01879,,SRC-08,paragraph 1431,BUSINESS_REQUIREMENT,Approved components shall have status Scheduled.,Pass when the normalized obligation is demonstrably satisfied at the cited source location: Approved components shall have status Scheduled.
REQ-R0C-01880,,SRC-08,paragraph 1432,BUSINESS_REQUIREMENT,Current approved versions shall remain operational.,Pass when the normalized obligation is demonstrably satisfied at the cited source location: Current approved versions shall remain operational.
REQ-R0C-01881,,SRC-08,paragraph 1433,BUSINESS_REQUIREMENT,Scheduled versions shall become effective automatically on the Effective Date.,Pass when the normalized obligation is demonstrably satisfied at the cited source location: Scheduled versions shall become effective automatically on the Effective Date.
REQ-R0C-01882,,SRC-08,paragraph 1434,BUSINESS_REQUIREMENT,Rejected components shall never be scheduled or published.,Pass when the normalized obligation is demonstrably satisfied at the cited source location: Rejected components shall never be scheduled or published.
REQ-R0C-01883,,SRC-08,paragraph 1437,BUSINESS_REQUIREMENT,The Compliance Library shall display approved components only.,Pass when the normalized obligation is demonstrably satisfied at the cited source location: The Compliance Library shall display approved components only.
REQ-R0C-01884,,SRC-08,paragraph 1450,BUSINESS_REQUIREMENT,Create modification request.,Pass when the normalized obligation is demonstrably satisfied at the cited source location: Create modification request.
REQ-R0C-01885,,SRC-08,paragraph 1451,BUSINESS_REQUIREMENT,View linked Report Types.,Pass when the normalized obligation is demonstrably satisfied at the cited source location: View linked Report Types.
REQ-R0C-01886,,SRC-08,paragraph 1452,BUSINESS_REQUIREMENT,View usage information.,Pass when the normalized obligation is demonstrably satisfied at the cited source location: View usage information.
REQ-R0C-01887,,SRC-08,paragraph 1453,BUSINESS_REQUIREMENT,Partially Approved requests shall publish only their approved branches to the library.,Pass when the normalized obligation is demonstrably satisfied at the cited source location: Partially Approved requests shall publish only their approved branches to the library.
REQ-R0C-01888,,SRC-08,paragraph 1482,BUSINESS_RULE,The Penalty shall not be finally applied merely because the inspector selected the Trigger Response.,Pass when this rule is enforced and a violating path is prevented or handled: The Penalty shall not be finally applied merely because the inspector selected the Trigger Response.
REQ-R0C-01889,,SRC-08,paragraph 1483,BUSINESS_REQUIREMENT,Final application shall follow the Inspection Approval and Enforcement processes.,Pass when the normalized obligation is demonstrably satisfied at the cited source location: Final application shall follow the Inspection Approval and Enforcement processes.
REQ-R0C-01890,,SRC-08,paragraph 1489,BUSINESS_REQUIREMENT,"The Regulator can create one request containing Regulation, Inspection Items, Violations, and Penalties.","Pass when the normalized obligation is demonstrably satisfied at the cited source location: The Regulator can create one request containing Regulation, Inspection Items, Violations, and Penalties."
REQ-R0C-01891,,SRC-08,paragraph 1490,BUSINESS_REQUIREMENT,The system enforces the required hierarchy and configuration order.,Pass when the normalized obligation is demonstrably satisfied at the cited source location: The system enforces the required hierarchy and configuration order.
REQ-R0C-01892,,SRC-08,paragraph 1492,BUSINESS_REQUIREMENT,The Approver can approve some components and reject other components within the same request.,Pass when the normalized obligation is demonstrably satisfied at the cited source location: The Approver can approve some components and reject other components within the same request.
REQ-R0C-01893,,SRC-08,paragraph 1496,BUSINESS_REQUIREMENT,Rejecting a Penalty does not reject its parent Violation.,Pass when the normalized obligation is demonstrably satisfied at the cited source location: Rejecting a Penalty does not reject its parent Violation.
REQ-R0C-01894,,SRC-08,paragraph 1498,BUSINESS_REQUIREMENT,Only complete and valid approved branches are published.,Pass when the normalized obligation is demonstrably satisfied at the cited source location: Only complete and valid approved branches are published.
REQ-R0C-01895,,SRC-08,paragraph 1504,BUSINESS_REQUIREMENT,Approved components receive independent version numbers.,Pass when the normalized obligation is demonstrably satisfied at the cited source location: Approved components receive independent version numbers.
REQ-R0C-01896,,SRC-08,paragraph 1505,BUSINESS_REQUIREMENT,Partially Approved requests create versions only for approved components.,Pass when the normalized obligation is demonstrably satisfied at the cited source location: Partially Approved requests create versions only for approved components.
REQ-R0C-01897,,SRC-08,"table 1, row 2, cell 7",USER_ACTION,Must be unique within the selected Issuing Authority.,Pass when the actor can complete this action and the resulting state is visible: Must be unique within the selected Issuing Authority.
REQ-R0C-01898,,SRC-08,"table 3, row 6, cell 1",BUSINESS_REQUIREMENT,Approve Request & Release Date ≤ Current Date,Pass when the normalized obligation is demonstrably satisfied at the cited source location: Approve Request & Release Date ≤ Current Date
REQ-R0C-01899,,SRC-08,"table 3, row 7, cell 1",BUSINESS_REQUIREMENT,Approve Request & Release Date > Current Date,Pass when the normalized obligation is demonstrably satisfied at the cited source location: Approve Request & Release Date > Current Date
REQ-R0C-01900,,SRC-08,"table 3, row 7, cell 2",BUSINESS_REQUIREMENT,Regulation is published with Scheduled availability and shall automatically become Active on the configured Release Date.,Pass when the normalized obligation is demonstrably satisfied at the cited source location: Regulation is published with Scheduled availability and shall automatically become Active on the configured Release Date.
REQ-R0C-01901,,SRC-08,"table 3, row 8, cell 2",BUSINESS_REQUIREMENT,"All linked Inspection Items, Violations, and Penalties shall automatically become Inactive.","Pass when the normalized obligation is demonstrably satisfied at the cited source location: All linked Inspection Items, Violations, and Penalties shall automatically become Inactive."
REQ-R0C-01902,,SRC-08,"table 3, row 9, cell 2",BUSINESS_REQUIREMENT,Regulation becomes available for Inspection Execution. Child configurations shall remain in their existing status.,Pass when the normalized obligation is demonstrably satisfied at the cited source location: Regulation becomes available for Inspection Execution. Child configurations shall remain in their existing status.
REQ-R0C-01903,,SRC-08,"table 4, row 2, cell 2",BUSINESS_REQUIREMENT,A Regulation shall be created or modified only through a Compliance Configuration Request.,Pass when the normalized obligation is demonstrably satisfied at the cited source location: A Regulation shall be created or modified only through a Compliance Configuration Request.
REQ-R0C-01904,,SRC-08,"table 4, row 3, cell 2",BUSINESS_REQUIREMENT,A Regulation Name shall be unique within the same Issuing Authority.,Pass when the normalized obligation is demonstrably satisfied at the cited source location: A Regulation Name shall be unique within the same Issuing Authority.
REQ-R0C-01905,,SRC-08,"table 4, row 4, cell 2",BUSINESS_REQUIREMENT,Only Active Regulations shall be available for Inspection Execution.,Pass when the normalized obligation is demonstrably satisfied at the cited source location: Only Active Regulations shall be available for Inspection Execution.
REQ-R0C-01906,,SRC-08,"table 4, row 5, cell 2",BUSINESS_REQUIREMENT,"A Regulation shall become available based on its configured Release Date, not its approval date.","Pass when the normalized obligation is demonstrably satisfied at the cited source location: A Regulation shall become available based on its configured Release Date, not its approval date."
REQ-R0C-01907,,SRC-08,"table 4, row 6, cell 2",BUSINESS_RULE,"If the Release Date is in the future, the Regulation shall not be available for Inspection Execution until that date.","Pass when this rule is enforced and a violating path is prevented or handled: If the Release Date is in the future, the Regulation shall not be available for Inspection Execution until that date."
REQ-R0C-01908,,SRC-08,"table 4, row 7, cell 2",BUSINESS_REQUIREMENT,"Deactivating a Regulation shall automatically deactivate all linked Inspection Items, Violations, and Penalties.","Pass when the normalized obligation is demonstrably satisfied at the cited source location: Deactivating a Regulation shall automatically deactivate all linked Inspection Items, Violations, and Penalties."
REQ-R0C-01909,,SRC-08,"table 4, row 8, cell 2",BUSINESS_RULE,Activating a Regulation shall not automatically activate its child configurations.,Pass when this rule is enforced and a violating path is prevented or handled: Activating a Regulation shall not automatically activate its child configurations.
REQ-R0C-01910,,SRC-08,"table 4, row 10, cell 2",BUSINESS_REQUIREMENT,"All Create, Update, Activate, and Deactivate actions shall be recorded in the Audit Log.","Pass when the normalized obligation is demonstrably satisfied at the cited source location: All Create, Update, Activate, and Deactivate actions shall be recorded in the Audit Log."
REQ-R0C-01911,,SRC-08,"table 5, row 2, cell 2",BUSINESS_REQUIREMENT,"Create, Update, Activate, Deactivate","Pass when the normalized obligation is demonstrably satisfied at the cited source location: Create, Update, Activate, Deactivate"
REQ-R0C-01912,,SRC-08,"table 7, row 2, cell 7",USER_ACTION,Must be unique within each selected Issuing Authority.,Pass when the actor can complete this action and the resulting state is visible: Must be unique within each selected Issuing Authority.
REQ-R0C-01913,,SRC-08,"table 9, row 7, cell 1",BUSINESS_REQUIREMENT,Approve Request & Release Date ≤ Current Date,Pass when the normalized obligation is demonstrably satisfied at the cited source location: Approve Request & Release Date ≤ Current Date
REQ-R0C-01914,,SRC-08,"table 9, row 8, cell 1",BUSINESS_REQUIREMENT,Approve Request & Release Date > Current Date,Pass when the normalized obligation is demonstrably satisfied at the cited source location: Approve Request & Release Date > Current Date
REQ-R0C-01915,,SRC-08,"table 9, row 8, cell 2",BUSINESS_REQUIREMENT,The Regulation is published to the Compliance Configuration Library with Scheduled status and shall automatically become Active on the configured Release Date.,Pass when the normalized obligation is demonstrably satisfied at the cited source location: The Regulation is published to the Compliance Configuration Library with Scheduled status and shall automatically become Active on the configured Release Date.
REQ-R0C-01916,,SRC-08,"table 10, row 2, cell 2",BUSINESS_REQUIREMENT,A Regulation shall be created or modified only through a Compliance Configuration Request.,Pass when the normalized obligation is demonstrably satisfied at the cited source location: A Regulation shall be created or modified only through a Compliance Configuration Request.
REQ-R0C-01917,,SRC-08,"table 10, row 3, cell 2",USER_ACTION,The Regulation Name shall be unique within each selected Issuing Authority.,Pass when the actor can complete this action and the resulting state is visible: The Regulation Name shall be unique within each selected Issuing Authority.
REQ-R0C-01918,,SRC-08,"table 10, row 4, cell 2",BUSINESS_REQUIREMENT,Only Active Regulations shall be available for Inspection Execution.,Pass when the normalized obligation is demonstrably satisfied at the cited source location: Only Active Regulations shall be available for Inspection Execution.
REQ-R0C-01919,,SRC-08,"table 10, row 5, cell 2",BUSINESS_REQUIREMENT,"A Regulation shall become available based on its configured Release Date, not its approval date.","Pass when the normalized obligation is demonstrably satisfied at the cited source location: A Regulation shall become available based on its configured Release Date, not its approval date."
REQ-R0C-01920,,SRC-08,"table 10, row 6, cell 2",BUSINESS_REQUIREMENT,"If the Release Date is in the future, the Regulation shall remain in Scheduled status until the Release Date is reached.","Pass when the normalized obligation is demonstrably satisfied at the cited source location: If the Release Date is in the future, the Regulation shall remain in Scheduled status until the Release Date is reached."
REQ-R0C-01921,,SRC-08,"table 10, row 7, cell 2",BUSINESS_REQUIREMENT,"Deactivating a Regulation shall automatically make all linked Inspection Items, Violations, and Penalties unavailable for future Inspection Execution.","Pass when the normalized obligation is demonstrably satisfied at the cited source location: Deactivating a Regulation shall automatically make all linked Inspection Items, Violations, and Penalties unavailable for future Inspection Execution."
REQ-R0C-01922,,SRC-08,"table 10, row 8, cell 2",BUSINESS_RULE,Activating a Regulation shall not automatically activate its child configurations.,Pass when this rule is enforced and a violating path is prevented or handled: Activating a Regulation shall not automatically activate its child configurations.
REQ-R0C-01923,,SRC-08,"table 10, row 10, cell 2",BUSINESS_REQUIREMENT,Historical inspections shall continue referencing the Regulation version used at the time of execution.,Pass when the normalized obligation is demonstrably satisfied at the cited source location: Historical inspections shall continue referencing the Regulation version used at the time of execution.
REQ-R0C-01924,,SRC-08,"table 10, row 11, cell 2",BUSINESS_REQUIREMENT,"All Create, Update, Activate, and Deactivate actions shall be recorded in the Audit Log.","Pass when the normalized obligation is demonstrably satisfied at the cited source location: All Create, Update, Activate, and Deactivate actions shall be recorded in the Audit Log."
REQ-R0C-01925,,SRC-08,"table 11, row 2, cell 2",BUSINESS_REQUIREMENT,"Create, Update, Activate, Deactivate","Pass when the normalized obligation is demonstrably satisfied at the cited source location: Create, Update, Activate, Deactivate"
REQ-R0C-01926,,SRC-08,"table 13, row 3, cell 8",USER_ACTION,"If Observation is selected, Notify Entity becomes available. If Violation is selected, the Inspection Item becomes available for Violation Configuration.","Pass when the actor can complete this action and the resulting state is visible: If Observation is selected, Notify Entity becomes available. If Violation is selected, the Inspection Item becomes available for Violation Configuration."
REQ-R0C-01927,,SRC-08,"table 13, row 4, cell 7",BUSINESS_REQUIREMENT,Determines whether the relevant authority or entity should be notified when the observation is recorded.,Pass when the normalized obligation is demonstrably satisfied at the cited source location: Determines whether the relevant authority or entity should be notified when the observation is recorded.
REQ-R0C-01928,,SRC-08,"table 13, row 6, cell 6",BUSINESS_REQUIREMENT,Defines the inspection reports in which this Inspection Item shall appear.,Pass when the normalized obligation is demonstrably satisfied at the cited source location: Defines the inspection reports in which this Inspection Item shall appear.
REQ-R0C-01929,,SRC-08,"table 13, row 6, cell 7",BUSINESS_REQUIREMENT,Allows the same Inspection Item to be reused across multiple inspection templates.,Pass when the normalized obligation is demonstrably satisfied at the cited source location: Allows the same Inspection Item to be reused across multiple inspection templates.
REQ-R0C-01930,,SRC-08,"table 13, row 7, cell 8",USER_ACTION,"Displayed in Inspection Execution, Self-Assessment, reports, dashboards, analytics, and search results. Must be unique within the selected Regulation.","Pass when the actor can complete this action and the resulting state is visible: Displayed in Inspection Execution, Self-Assessment, reports, dashboards, analytics, and search results. Must be unique within the selected Regulation."
REQ-R0C-01931,,SRC-08,"table 13, row 8, cell 7",BUSINESS_REQUIREMENT,Helps inspectors understand how the requirement should be evaluated.,Pass when the normalized obligation is demonstrably satisfied at the cited source location: Helps inspectors understand how the requirement should be evaluated.
REQ-R0C-01932,,SRC-08,"table 13, row 9, cell 6",BUSINESS_REQUIREMENT,Indicates whether the Inspection Item must be answered.,Pass when the normalized obligation is demonstrably satisfied at the cited source location: Indicates whether the Inspection Item must be answered.
REQ-R0C-01933,,SRC-08,"table 13, row 9, cell 8",BUSINESS_RULE,"If enabled, inspectors cannot submit the Inspection Report until the Inspection Item has been answered.","Pass when this rule is enforced and a violating path is prevented or handled: If enabled, inspectors cannot submit the Inspection Report until the Inspection Item has been answered."
REQ-R0C-01934,,SRC-08,"table 13, row 10, cell 1",BUSINESS_REQUIREMENT,Display in Self-Assessment,Pass when the normalized obligation is demonstrably satisfied at the cited source location: Display in Self-Assessment
REQ-R0C-01935,,SRC-08,"table 13, row 10, cell 3",BUSINESS_REQUIREMENT,Display in Self-Assessment,Pass when the normalized obligation is demonstrably satisfied at the cited source location: Display in Self-Assessment
REQ-R0C-01936,,SRC-08,"table 13, row 10, cell 7",BUSINESS_REQUIREMENT,Allows factories to evaluate themselves using the same approved Inspection Item.,Pass when the normalized obligation is demonstrably satisfied at the cited source location: Allows factories to evaluate themselves using the same approved Inspection Item.
REQ-R0C-01937,,SRC-08,"table 13, row 10, cell 8",BUSINESS_REQUIREMENT,Active Inspection Items with this option enabled shall automatically appear in the configured Self-Assessment reports.,Pass when the normalized obligation is demonstrably satisfied at the cited source location: Active Inspection Items with this option enabled shall automatically appear in the configured Self-Assessment reports.
REQ-R0C-01938,,SRC-08,"table 13, row 12, cell 7",BUSINESS_REQUIREMENT,Allows the Regulator to preview the available responses without redefining them.,Pass when the normalized obligation is demonstrably satisfied at the cited source location: Allows the Regulator to preview the available responses without redefining them.
REQ-R0C-01939,,SRC-08,"table 13, row 13, cell 6",BUSINESS_REQUIREMENT,Indicates whether supporting evidence is required.,Pass when the normalized obligation is demonstrably satisfied at the cited source location: Indicates whether supporting evidence is required.
REQ-R0C-01940,,SRC-08,"table 13, row 13, cell 7",BUSINESS_REQUIREMENT,Determines whether inspectors must provide supporting evidence when answering the Inspection Item.,Pass when the normalized obligation is demonstrably satisfied at the cited source location: Determines whether inspectors must provide supporting evidence when answering the Inspection Item.
REQ-R0C-01941,,SRC-08,"table 13, row 13, cell 8",BUSINESS_RULE,"When enabled, the Evidence Types section becomes mandatory. During Inspection Execution, inspectors cannot complete the Inspection Item until the required evidence has been provided.","Pass when this rule is enforced and a violating path is prevented or handled: When enabled, the Evidence Types section becomes mandatory. During Inspection Execution, inspectors cannot complete the Inspection Item until the required evidence has been provided."
REQ-R0C-01942,,SRC-08,"table 14, row 2, cell 7",BUSINESS_REQUIREMENT,Requires inspectors to capture photo evidence supporting their response.,Pass when the normalized obligation is demonstrably satisfied at the cited source location: Requires inspectors to capture photo evidence supporting their response.
REQ-R0C-01943,,SRC-08,"table 14, row 2, cell 8",USER_ACTION,"During Inspection Execution, the system requires at least one photo attachment when Photo is selected as a required Evidence Type.","Pass when the actor can complete this action and the resulting state is visible: During Inspection Execution, the system requires at least one photo attachment when Photo is selected as a required Evidence Type."
REQ-R0C-01944,,SRC-08,"table 14, row 3, cell 7",BUSINESS_REQUIREMENT,Requires inspectors to capture video evidence supporting their response.,Pass when the normalized obligation is demonstrably satisfied at the cited source location: Requires inspectors to capture video evidence supporting their response.
REQ-R0C-01945,,SRC-08,"table 14, row 3, cell 8",BUSINESS_REQUIREMENT,"During Inspection Execution, inspectors must upload at least one video before completing the Inspection Item when Video is configured.","Pass when the normalized obligation is demonstrably satisfied at the cited source location: During Inspection Execution, inspectors must upload at least one video before completing the Inspection Item when Video is configured."
REQ-R0C-01946,,SRC-08,"table 14, row 4, cell 8",BUSINESS_REQUIREMENT,Accepted file types shall follow the platform attachment policy.,Pass when the normalized obligation is demonstrably satisfied at the cited source location: Accepted file types shall follow the platform attachment policy.
REQ-R0C-01947,,SRC-08,"table 14, row 5, cell 7",BUSINESS_REQUIREMENT,Requires inspectors to provide written justification or additional observations.,Pass when the normalized obligation is demonstrably satisfied at the cited source location: Requires inspectors to provide written justification or additional observations.
REQ-R0C-01948,,SRC-08,"table 14, row 5, cell 8",USER_ACTION,"During Inspection Execution, inspectors must enter a comment before completing the Inspection Item when Comment is configured.","Pass when the actor can complete this action and the resulting state is visible: During Inspection Execution, inspectors must enter a comment before completing the Inspection Item when Comment is configured."
REQ-R0C-01949,,SRC-08,"table 15, row 2, cell 2",BUSINESS_REQUIREMENT,Every Inspection Item shall belong to one Regulation.,Pass when the normalized obligation is demonstrably satisfied at the cited source location: Every Inspection Item shall belong to one Regulation.
REQ-R0C-01950,,SRC-08,"table 15, row 4, cell 2",USER_ACTION,Inspection Item Name shall be unique within the selected Regulation.,Pass when the actor can complete this action and the resulting state is visible: Inspection Item Name shall be unique within the selected Regulation.
REQ-R0C-01951,,SRC-08,"table 15, row 5, cell 2",BUSINESS_REQUIREMENT,Every Inspection Item shall reference exactly one Response Type.,Pass when the normalized obligation is demonstrably satisfied at the cited source location: Every Inspection Item shall reference exactly one Response Type.
REQ-R0C-01952,,SRC-08,"table 15, row 6, cell 2",BUSINESS_RULE,Response Types shall be retrieved from Response Type Management and cannot be modified within the Inspection Item.,Pass when this rule is enforced and a violating path is prevented or handled: Response Types shall be retrieved from Response Type Management and cannot be modified within the Inspection Item.
REQ-R0C-01953,,SRC-08,"table 15, row 7, cell 2",USER_ACTION,Response Values shall be automatically retrieved from the selected Response Type and displayed as Read Only.,Pass when the actor can complete this action and the resulting state is visible: Response Values shall be automatically retrieved from the selected Response Type and displayed as Read Only.
REQ-R0C-01954,,SRC-08,"table 15, row 8, cell 2",USER_ACTION,Only approved and Active Response Types shall be available for selection.,Pass when the actor can complete this action and the resulting state is visible: Only approved and Active Response Types shall be available for selection.
REQ-R0C-01955,,SRC-08,"table 15, row 9, cell 2",BUSINESS_REQUIREMENT,Mandatory Inspection Items shall be answered before an Inspection Report can be submitted.,Pass when the normalized obligation is demonstrably satisfied at the cited source location: Mandatory Inspection Items shall be answered before an Inspection Report can be submitted.
REQ-R0C-01956,,SRC-08,"table 15, row 10, cell 2",BUSINESS_REQUIREMENT,Only Active Inspection Items shall be available for Inspection Execution and Self-Assessment.,Pass when the normalized obligation is demonstrably satisfied at the cited source location: Only Active Inspection Items shall be available for Inspection Execution and Self-Assessment.
REQ-R0C-01957,,SRC-08,"table 15, row 11, cell 2",USER_ACTION,"If Evidence Required is enabled, at least one Evidence Type shall be selected.","Pass when the actor can complete this action and the resulting state is visible: If Evidence Required is enabled, at least one Evidence Type shall be selected."
REQ-R0C-01958,,SRC-08,"table 15, row 12, cell 2",BUSINESS_REQUIREMENT,"If the parent Regulation is deactivated, all linked Inspection Items shall automatically become inactive for future Inspection Execution.","Pass when the normalized obligation is demonstrably satisfied at the cited source location: If the parent Regulation is deactivated, all linked Inspection Items shall automatically become inactive for future Inspection Execution."
REQ-R0C-01959,,SRC-08,"table 15, row 13, cell 2",BUSINESS_REQUIREMENT,Historical inspections shall continue using the Inspection Item configuration that was effective at the time of execution.,Pass when the normalized obligation is demonstrably satisfied at the cited source location: Historical inspections shall continue using the Inspection Item configuration that was effective at the time of execution.
REQ-R0C-01960,,SRC-08,"table 15, row 14, cell 2",BUSINESS_RULE,"Inspection Items shall not define Violations, Penalties, or Action Forms. These shall be configured within the Violation Configuration module.","Pass when this rule is enforced and a violating path is prevented or handled: Inspection Items shall not define Violations, Penalties, or Action Forms. These shall be configured within the Violation Configuration module."
REQ-R0C-01961,,SRC-08,"table 15, row 15, cell 2",BUSINESS_REQUIREMENT,"During Violation Configuration, only Response Values classified as Non-Compliant shall be available for linking to a Violation.","Pass when the normalized obligation is demonstrably satisfied at the cited source location: During Violation Configuration, only Response Values classified as Non-Compliant shall be available for linking to a Violation."
REQ-R0C-01962,,SRC-08,"table 15, row 16, cell 2",BUSINESS_REQUIREMENT,"All Create, Update, Activate, and Deactivate operations shall be recorded in the Audit Log.","Pass when the normalized obligation is demonstrably satisfied at the cited source location: All Create, Update, Activate, and Deactivate operations shall be recorded in the Audit Log."
REQ-R0C-01963,,SRC-08,"table 16, row 2, cell 5",BUSINESS_REQUIREMENT,Item Type is required.,Pass when the normalized obligation is demonstrably satisfied at the cited source location: Item Type is required.
REQ-R0C-01964,,SRC-08,"table 16, row 3, cell 5",BUSINESS_REQUIREMENT,Inspection Section is required.,Pass when the normalized obligation is demonstrably satisfied at the cited source location: Inspection Section is required.
REQ-R0C-01965,,SRC-08,"table 16, row 4, cell 5",BUSINESS_REQUIREMENT,Report Type is required.,Pass when the normalized obligation is demonstrably satisfied at the cited source location: Report Type is required.
REQ-R0C-01966,,SRC-08,"table 16, row 5, cell 5",BUSINESS_REQUIREMENT,Inspection Item Name is required.,Pass when the normalized obligation is demonstrably satisfied at the cited source location: Inspection Item Name is required.
REQ-R0C-01967,,SRC-08,"table 16, row 6, cell 2",USER_ACTION,Must be unique within the selected Regulation.,Pass when the actor can complete this action and the resulting state is visible: Must be unique within the selected Regulation.
REQ-R0C-01968,,SRC-08,"table 16, row 6, cell 3",USER_ACTION,Must be unique within the selected Regulation.,Pass when the actor can complete this action and the resulting state is visible: Must be unique within the selected Regulation.
REQ-R0C-01969,,SRC-08,"table 16, row 7, cell 5",BUSINESS_REQUIREMENT,Response Type is required.,Pass when the normalized obligation is demonstrably satisfied at the cited source location: Response Type is required.
REQ-R0C-01970,,SRC-08,"table 16, row 9, cell 2",BUSINESS_REQUIREMENT,At least one Evidence Type is required when Evidence Required is enabled.,Pass when the normalized obligation is demonstrably satisfied at the cited source location: At least one Evidence Type is required when Evidence Required is enabled.
REQ-R0C-01971,,SRC-08,"table 16, row 9, cell 3",BUSINESS_REQUIREMENT,At least one Evidence Type is required when Evidence Required is enabled.,Pass when the normalized obligation is demonstrably satisfied at the cited source location: At least one Evidence Type is required when Evidence Required is enabled.
REQ-R0C-01972,,SRC-08,"table 16, row 13, cell 3",BUSINESS_REQUIREMENT,Display Notify Entity. Hide Violation-related behaviour.,Pass when the normalized obligation is demonstrably satisfied at the cited source location: Display Notify Entity. Hide Violation-related behaviour.
REQ-R0C-01973,,SRC-08,"table 16, row 13, cell 4",BUSINESS_REQUIREMENT,Display Notify Entity. Hide Violation-related behaviour.,Pass when the normalized obligation is demonstrably satisfied at the cited source location: Display Notify Entity. Hide Violation-related behaviour.
REQ-R0C-01974,,SRC-08,"table 16, row 13, cell 5",BUSINESS_REQUIREMENT,Display Notify Entity. Hide Violation-related behaviour.,Pass when the normalized obligation is demonstrably satisfied at the cited source location: Display Notify Entity. Hide Violation-related behaviour.
REQ-R0C-01975,,SRC-08,"table 16, row 14, cell 3",BUSINESS_REQUIREMENT,Hide Notify Entity. Make the Inspection Item available for future Violation Configuration.,Pass when the normalized obligation is demonstrably satisfied at the cited source location: Hide Notify Entity. Make the Inspection Item available for future Violation Configuration.
REQ-R0C-01976,,SRC-08,"table 16, row 14, cell 4",BUSINESS_REQUIREMENT,Hide Notify Entity. Make the Inspection Item available for future Violation Configuration.,Pass when the normalized obligation is demonstrably satisfied at the cited source location: Hide Notify Entity. Make the Inspection Item available for future Violation Configuration.
REQ-R0C-01977,,SRC-08,"table 16, row 14, cell 5",BUSINESS_REQUIREMENT,Hide Notify Entity. Make the Inspection Item available for future Violation Configuration.,Pass when the normalized obligation is demonstrably satisfied at the cited source location: Hide Notify Entity. Make the Inspection Item available for future Violation Configuration.
REQ-R0C-01978,,SRC-08,"table 16, row 16, cell 3",USER_ACTION,Include the Inspection Item only within the selected inspection reports.,Pass when the actor can complete this action and the resulting state is visible: Include the Inspection Item only within the selected inspection reports.
REQ-R0C-01979,,SRC-08,"table 16, row 16, cell 4",USER_ACTION,Include the Inspection Item only within the selected inspection reports.,Pass when the actor can complete this action and the resulting state is visible: Include the Inspection Item only within the selected inspection reports.
REQ-R0C-01980,,SRC-08,"table 16, row 16, cell 5",USER_ACTION,Include the Inspection Item only within the selected inspection reports.,Pass when the actor can complete this action and the resulting state is visible: Include the Inspection Item only within the selected inspection reports.
REQ-R0C-01981,,SRC-08,"table 16, row 17, cell 3",BUSINESS_REQUIREMENT,Retrieve the configured Response Values and Evaluation Mapping from Response Type Management. Display the Response Values as Read Only.,Pass when the normalized obligation is demonstrably satisfied at the cited source location: Retrieve the configured Response Values and Evaluation Mapping from Response Type Management. Display the Response Values as Read Only.
REQ-R0C-01982,,SRC-08,"table 16, row 17, cell 4",BUSINESS_REQUIREMENT,Retrieve the configured Response Values and Evaluation Mapping from Response Type Management. Display the Response Values as Read Only.,Pass when the normalized obligation is demonstrably satisfied at the cited source location: Retrieve the configured Response Values and Evaluation Mapping from Response Type Management. Display the Response Values as Read Only.
REQ-R0C-01983,,SRC-08,"table 16, row 17, cell 5",BUSINESS_REQUIREMENT,Retrieve the configured Response Values and Evaluation Mapping from Response Type Management. Display the Response Values as Read Only.,Pass when the normalized obligation is demonstrably satisfied at the cited source location: Retrieve the configured Response Values and Evaluation Mapping from Response Type Management. Display the Response Values as Read Only.
REQ-R0C-01984,,SRC-08,"table 16, row 18, cell 1",BUSINESS_REQUIREMENT,Evidence Required = Yes,Pass when the normalized obligation is demonstrably satisfied at the cited source location: Evidence Required = Yes
REQ-R0C-01985,,SRC-08,"table 16, row 18, cell 2",BUSINESS_REQUIREMENT,Evidence Required = Yes,Pass when the normalized obligation is demonstrably satisfied at the cited source location: Evidence Required = Yes
REQ-R0C-01986,,SRC-08,"table 16, row 18, cell 3",BUSINESS_REQUIREMENT,Display the Evidence Types section.,Pass when the normalized obligation is demonstrably satisfied at the cited source location: Display the Evidence Types section.
REQ-R0C-01987,,SRC-08,"table 16, row 18, cell 4",BUSINESS_REQUIREMENT,Display the Evidence Types section.,Pass when the normalized obligation is demonstrably satisfied at the cited source location: Display the Evidence Types section.
REQ-R0C-01988,,SRC-08,"table 16, row 18, cell 5",BUSINESS_REQUIREMENT,Display the Evidence Types section.,Pass when the normalized obligation is demonstrably satisfied at the cited source location: Display the Evidence Types section.
REQ-R0C-01989,,SRC-08,"table 16, row 19, cell 1",BUSINESS_REQUIREMENT,Evidence Required = No,Pass when the normalized obligation is demonstrably satisfied at the cited source location: Evidence Required = No
REQ-R0C-01990,,SRC-08,"table 16, row 19, cell 2",BUSINESS_REQUIREMENT,Evidence Required = No,Pass when the normalized obligation is demonstrably satisfied at the cited source location: Evidence Required = No
REQ-R0C-01991,,SRC-08,"table 16, row 22, cell 3",BUSINESS_REQUIREMENT,Automatically deactivate all linked Inspection Items.,Pass when the normalized obligation is demonstrably satisfied at the cited source location: Automatically deactivate all linked Inspection Items.
REQ-R0C-01992,,SRC-08,"table 16, row 22, cell 4",BUSINESS_REQUIREMENT,Automatically deactivate all linked Inspection Items.,Pass when the normalized obligation is demonstrably satisfied at the cited source location: Automatically deactivate all linked Inspection Items.
REQ-R0C-01993,,SRC-08,"table 16, row 22, cell 5",BUSINESS_REQUIREMENT,Automatically deactivate all linked Inspection Items.,Pass when the normalized obligation is demonstrably satisfied at the cited source location: Automatically deactivate all linked Inspection Items.
REQ-R0C-01994,,SRC-08,"table 17, row 2, cell 8",USER_ACTION,"When an Inspection Item is selected, the system shall automatically retrieve its parent Regulation. The Violation shall inherit the Regulation lifecycle and become unavailable for future enforcement if the Regulation is deactivated.","Pass when the actor can complete this action and the resulting state is visible: When an Inspection Item is selected, the system shall automatically retrieve its parent Regulation. The Violation shall inherit the Regulation lifecycle and become unavailable for future enforcement if the Regulation is deactivated."
REQ-R0C-01995,,SRC-08,"table 17, row 3, cell 8",USER_ACTION,"The dropdown shall display only approved Inspection Items with Item Type = Violation and at least one available Non-Compliant Response. Selecting the Inspection Item shall retrieve its Regulation, Response Type, and available Non-Compliant Responses.","Pass when the actor can complete this action and the resulting state is visible: The dropdown shall display only approved Inspection Items with Item Type = Violation and at least one available Non-Compliant Response. Selecting the Inspection Item shall retrieve its Regulation, Response Type, and available Non-Compliant Responses."
REQ-R0C-01996,,SRC-08,"table 17, row 5, cell 7",BUSINESS_REQUIREMENT,Identifies the exact inspector response that shall result in the Violation being generated.,Pass when the normalized obligation is demonstrably satisfied at the cited source location: Identifies the exact inspector response that shall result in the Violation being generated.
REQ-R0C-01997,,SRC-08,"table 17, row 5, cell 8",USER_ACTION,"The system shall display only Response Values classified as Non-Compliant under the selected Inspection Item. When the inspector selects this response during execution, the linked Violation shall be triggered.","Pass when the actor can complete this action and the resulting state is visible: The system shall display only Response Values classified as Non-Compliant under the selected Inspection Item. When the inspector selects this response during execution, the linked Violation shall be triggered."
REQ-R0C-01998,,SRC-08,"table 17, row 6, cell 8",BUSINESS_REQUIREMENT,Generated when the Violation record is created. The code shall remain unchanged across future versions.,Pass when the normalized obligation is demonstrably satisfied at the cited source location: Generated when the Violation record is created. The code shall remain unchanged across future versions.
REQ-R0C-01999,,SRC-08,"table 17, row 9, cell 8",BUSINESS_REQUIREMENT,"Used for prioritization, risk calculations, dashboards, approval routing, enforcement reporting, escalation, and analytics. Values shall be retrieved from Lookup Management.","Pass when the normalized obligation is demonstrably satisfied at the cited source location: Used for prioritization, risk calculations, dashboards, approval routing, enforcement reporting, escalation, and analytics. Values shall be retrieved from Lookup Management."
REQ-R0C-02000,,SRC-08,"table 17, row 10, cell 6",BUSINESS_REQUIREMENT,Indicates whether the entity must perform a corrective action.,Pass when the normalized obligation is demonstrably satisfied at the cited source location: Indicates whether the entity must perform a corrective action.
REQ-R0C-02001,,SRC-08,"table 17, row 10, cell 7",BUSINESS_REQUIREMENT,Determines whether the entity shall be required to resolve or remediate the Violation.,Pass when the normalized obligation is demonstrably satisfied at the cited source location: Determines whether the entity shall be required to resolve or remediate the Violation.
REQ-R0C-02002,,SRC-08,"table 17, row 11, cell 6",BUSINESS_REQUIREMENT,Description of the corrective action required from the entity.,Pass when the normalized obligation is demonstrably satisfied at the cited source location: Description of the corrective action required from the entity.
REQ-R0C-02003,,SRC-08,"table 17, row 11, cell 7",BUSINESS_REQUIREMENT,Explains what the entity must do to correct the Violation.,Pass when the normalized obligation is demonstrably satisfied at the cited source location: Explains what the entity must do to correct the Violation.
REQ-R0C-02004,,SRC-08,"table 17, row 11, cell 8",BUSINESS_REQUIREMENT,"Displayed in the inspection outcome, entity notification, follow-up visit preparation, enforcement record, and corrective-action tracking. Required when Corrective Action Required = Yes.","Pass when the normalized obligation is demonstrably satisfied at the cited source location: Displayed in the inspection outcome, entity notification, follow-up visit preparation, enforcement record, and corrective-action tracking. Required when Corrective Action Required = Yes."
REQ-R0C-02005,,SRC-08,"table 17, row 12, cell 7",BUSINESS_REQUIREMENT,Determines whether enforcement shall allow the entity a defined correction period before escalation.,Pass when the normalized obligation is demonstrably satisfied at the cited source location: Determines whether enforcement shall allow the entity a defined correction period before escalation.
REQ-R0C-02006,,SRC-08,"table 17, row 12, cell 8",BUSINESS_REQUIREMENT,"When enabled, Grace Period Type and Grace Period Value shall become mandatory. The system shall calculate and store the corrective-action due date.","Pass when the normalized obligation is demonstrably satisfied at the cited source location: When enabled, Grace Period Type and Grace Period Value shall become mandatory. The system shall calculate and store the corrective-action due date."
REQ-R0C-02007,,SRC-08,"table 17, row 13, cell 6",BUSINESS_REQUIREMENT,Unit or predefined type used to calculate the grace period.,Pass when the normalized obligation is demonstrably satisfied at the cited source location: Unit or predefined type used to calculate the grace period.
REQ-R0C-02008,,SRC-08,"table 17, row 13, cell 8",BUSINESS_REQUIREMENT,"Values may include None, Days, Months, or predefined periods such as 1 Month, 3 Months, 6 Months, and 12 Months. Required when Grace Period Applicable = Yes.","Pass when the normalized obligation is demonstrably satisfied at the cited source location: Values may include None, Days, Months, or predefined periods such as 1 Month, 3 Months, 6 Months, and 12 Months. Required when Grace Period Applicable = Yes."
REQ-R0C-02009,,SRC-08,"table 17, row 14, cell 8",BUSINESS_REQUIREMENT,Used to calculate the Corrective Action Due Date from the approved inspection or enforcement date. Required when Grace Period Applicable = Yes.,Pass when the normalized obligation is demonstrably satisfied at the cited source location: Used to calculate the Corrective Action Due Date from the approved inspection or enforcement date. Required when Grace Period Applicable = Yes.
REQ-R0C-02010,,SRC-08,"table 17, row 15, cell 8",BUSINESS_REQUIREMENT,"When enabled, authorized users may override the configured grace period during enforcement. The override reason, user, previous value, new value, and timestamp shall be audited.","Pass when the normalized obligation is demonstrably satisfied at the cited source location: When enabled, authorized users may override the configured grace period during enforcement. The override reason, user, previous value, new value, and timestamp shall be audited."
REQ-R0C-02011,,SRC-08,"table 17, row 16, cell 8",USER_ACTION,"The dropdown shall display only approved and Active Penalties. In Phase 1, each Violation shall be linked to one Penalty. The selected Penalty shall become available during enforcement processing.","Pass when the actor can complete this action and the resulting state is visible: The dropdown shall display only approved and Active Penalties. In Phase 1, each Violation shall be linked to one Penalty. The selected Penalty shall become available during enforcement processing."
REQ-R0C-02012,,SRC-08,"table 17, row 17, cell 6",BUSINESS_REQUIREMENT,Indicates whether a formal Action Form is required when the Violation is enforced.,Pass when the normalized obligation is demonstrably satisfied at the cited source location: Indicates whether a formal Action Form is required when the Violation is enforced.
REQ-R0C-02013,,SRC-08,"table 17, row 17, cell 7",BUSINESS_REQUIREMENT,Determines whether the enforcement action must be documented through an official form or report.,Pass when the normalized obligation is demonstrably satisfied at the cited source location: Determines whether the enforcement action must be documented through an official form or report.
REQ-R0C-02014,,SRC-08,"table 17, row 17, cell 8",USER_ACTION,"When enabled, the Action Form field shall become mandatory. During Inspection Execution or enforcement processing, the system shall require completion of the selected Action Form before submission.","Pass when the actor can complete this action and the resulting state is visible: When enabled, the Action Form field shall become mandatory. During Inspection Execution or enforcement processing, the system shall require completion of the selected Action Form before submission."
REQ-R0C-02015,,SRC-08,"table 17, row 18, cell 6",BUSINESS_REQUIREMENT,Primary Action Form required for the Violation.,Pass when the normalized obligation is demonstrably satisfied at the cited source location: Primary Action Form required for the Violation.
REQ-R0C-02016,,SRC-08,"table 17, row 18, cell 8",USER_ACTION,Displayed only when Action Form Required = Yes. The system shall retrieve approved and Active Action Forms from Form Builder or Action Form Management. The selected form shall be opened when the corresponding enforcement action is applied.,Pass when the actor can complete this action and the resulting state is visible: Displayed only when Action Form Required = Yes. The system shall retrieve approved and Active Action Forms from Form Builder or Action Form Management. The selected form shall be opened when the corresponding enforcement action is applied.
REQ-R0C-02017,,SRC-08,"table 17, row 19, cell 7",BUSINESS_REQUIREMENT,"Defines the follow-up form required to reverse, release, close, or complete the original enforcement action.","Pass when the normalized obligation is demonstrably satisfied at the cited source location: Defines the follow-up form required to reverse, release, close, or complete the original enforcement action."
REQ-R0C-02018,,SRC-08,"table 17, row 20, cell 6",BUSINESS_REQUIREMENT,Indicates whether the inspected entity shall be notified when the Violation is confirmed.,Pass when the normalized obligation is demonstrably satisfied at the cited source location: Indicates whether the inspected entity shall be notified when the Violation is confirmed.
REQ-R0C-02019,,SRC-08,"table 17, row 20, cell 7",BUSINESS_REQUIREMENT,Controls whether the entity receives formal notification about the Violation and required actions.,Pass when the normalized obligation is demonstrably satisfied at the cited source location: Controls whether the entity receives formal notification about the Violation and required actions.
REQ-R0C-02020,,SRC-08,"table 17, row 20, cell 8",BUSINESS_REQUIREMENT,"When enabled, the system shall generate the configured notification after the Violation reaches the applicable approved status. Notification content may include Violation details, Penalty, corrective action, due date, and Action Form reference.","Pass when the normalized obligation is demonstrably satisfied at the cited source location: When enabled, the system shall generate the configured notification after the Violation reaches the applicable approved status. Notification content may include Violation details, Penalty, corrective action, due date, and Action Form reference."
REQ-R0C-02021,,SRC-08,"table 17, row 21, cell 7",BUSINESS_REQUIREMENT,Allows the Regulator to record supporting information that is not part of the formal Violation description.,Pass when the normalized obligation is demonstrably satisfied at the cited source location: Allows the Regulator to record supporting information that is not part of the formal Violation description.
REQ-R0C-02022,,SRC-08,"table 17, row 21, cell 8",BUSINESS_RULE,Visible only to authorized Back Office users. Notes shall not appear in entity notifications unless explicitly configured.,Pass when this rule is enforced and a violating path is prevented or handled: Visible only to authorized Back Office users. Notes shall not appear in entity notifications unless explicitly configured.
REQ-R0C-02023,,SRC-08,"table 19, row 2, cell 2",BUSINESS_REQUIREMENT,Every Violation shall belong to one Regulation.,Pass when the normalized obligation is demonstrably satisfied at the cited source location: Every Violation shall belong to one Regulation.
REQ-R0C-02024,,SRC-08,"table 19, row 3, cell 2",BUSINESS_REQUIREMENT,Every Violation shall be associated with one Inspection Item.,Pass when the normalized obligation is demonstrably satisfied at the cited source location: Every Violation shall be associated with one Inspection Item.
REQ-R0C-02025,,SRC-08,"table 19, row 5, cell 2",BUSINESS_REQUIREMENT,A Violation shall be linked to one Non-Compliant Response Value in Phase 1.,Pass when the normalized obligation is demonstrably satisfied at the cited source location: A Violation shall be linked to one Non-Compliant Response Value in Phase 1.
REQ-R0C-02026,,SRC-08,"table 19, row 6, cell 2",BUSINESS_REQUIREMENT,Only Response Values classified as Non-Compliant shall be available as Trigger Responses.,Pass when the normalized obligation is demonstrably satisfied at the cited source location: Only Response Values classified as Non-Compliant shall be available as Trigger Responses.
REQ-R0C-02027,,SRC-08,"table 19, row 7, cell 2",BUSINESS_RULE,Compliant and Neutral Response Values shall not be available for Violation Configuration.,Pass when this rule is enforced and a violating path is prevented or handled: Compliant and Neutral Response Values shall not be available for Violation Configuration.
REQ-R0C-02028,,SRC-08,"table 19, row 8, cell 2",BUSINESS_RULE,A Non-Compliant Response Value shall not be linked to more than one Active Violation in Phase 1.,Pass when this rule is enforced and a violating path is prevented or handled: A Non-Compliant Response Value shall not be linked to more than one Active Violation in Phase 1.
REQ-R0C-02029,,SRC-08,"table 19, row 9, cell 2",BUSINESS_RULE,The Response Type and Response Values shall be retrieved from the selected Inspection Item and shall not be modified within the Violation configuration.,Pass when this rule is enforced and a violating path is prevented or handled: The Response Type and Response Values shall be retrieved from the selected Inspection Item and shall not be modified within the Violation configuration.
REQ-R0C-02030,,SRC-08,"table 19, row 10, cell 2",BUSINESS_REQUIREMENT,Each Violation shall be linked to one Penalty in Phase 1.,Pass when the normalized obligation is demonstrably satisfied at the cited source location: Each Violation shall be linked to one Penalty in Phase 1.
REQ-R0C-02031,,SRC-08,"table 19, row 12, cell 2",USER_ACTION,"If Action Form Required is enabled, one Action Form shall be selected.","Pass when the actor can complete this action and the resulting state is visible: If Action Form Required is enabled, one Action Form shall be selected."
REQ-R0C-02032,,SRC-08,"table 19, row 14, cell 2",BUSINESS_REQUIREMENT,The Associated Action Form shall be different from the primary Action Form.,Pass when the normalized obligation is demonstrably satisfied at the cited source location: The Associated Action Form shall be different from the primary Action Form.
REQ-R0C-02033,,SRC-08,"table 19, row 15, cell 2",BUSINESS_REQUIREMENT,"If Corrective Action Required is enabled, the Corrective Action Description shall be mandatory.","Pass when the normalized obligation is demonstrably satisfied at the cited source location: If Corrective Action Required is enabled, the Corrective Action Description shall be mandatory."
REQ-R0C-02034,,SRC-08,"table 19, row 16, cell 2",BUSINESS_REQUIREMENT,"If Grace Period Applicable is enabled, Grace Period Type and Grace Period Value shall be mandatory.","Pass when the normalized obligation is demonstrably satisfied at the cited source location: If Grace Period Applicable is enabled, Grace Period Type and Grace Period Value shall be mandatory."
REQ-R0C-02035,,SRC-08,"table 19, row 17, cell 2",USER_ACTION,Only approved and Active Penalties shall be available for selection.,Pass when the actor can complete this action and the resulting state is visible: Only approved and Active Penalties shall be available for selection.
REQ-R0C-02036,,SRC-08,"table 19, row 18, cell 2",USER_ACTION,Only approved and Active Action Forms shall be available for selection.,Pass when the actor can complete this action and the resulting state is visible: Only approved and Active Action Forms shall be available for selection.
REQ-R0C-02037,,SRC-08,"table 19, row 19, cell 2",BUSINESS_REQUIREMENT,Only Active Violations shall be available during future Inspection Execution and enforcement processing.,Pass when the normalized obligation is demonstrably satisfied at the cited source location: Only Active Violations shall be available during future Inspection Execution and enforcement processing.
REQ-R0C-02038,,SRC-08,"table 19, row 20, cell 2",BUSINESS_RULE,Deactivating a Violation shall not remove it from historical inspection or enforcement records.,Pass when this rule is enforced and a violating path is prevented or handled: Deactivating a Violation shall not remove it from historical inspection or enforcement records.
REQ-R0C-02039,,SRC-08,"table 19, row 21, cell 2",BUSINESS_REQUIREMENT,"If the parent Regulation is deactivated, all linked Violations shall automatically become inactive for future enforcement.","Pass when the normalized obligation is demonstrably satisfied at the cited source location: If the parent Regulation is deactivated, all linked Violations shall automatically become inactive for future enforcement."
REQ-R0C-02040,,SRC-08,"table 19, row 22, cell 2",BUSINESS_REQUIREMENT,"If the linked Inspection Item is deactivated, its linked Violations shall become unavailable for future Inspection Execution.","Pass when the normalized obligation is demonstrably satisfied at the cited source location: If the linked Inspection Item is deactivated, its linked Violations shall become unavailable for future Inspection Execution."
REQ-R0C-02041,,SRC-08,"table 19, row 23, cell 2",BUSINESS_RULE,Modifying an approved Violation shall create a new Compliance Configuration Request and shall not change the active version until approval.,Pass when this rule is enforced and a violating path is prevented or handled: Modifying an approved Violation shall create a new Compliance Configuration Request and shall not change the active version until approval.
REQ-R0C-02042,,SRC-08,"table 19, row 24, cell 2",BUSINESS_REQUIREMENT,Historical inspections shall continue using the Violation configuration effective at the time of execution.,Pass when the normalized obligation is demonstrably satisfied at the cited source location: Historical inspections shall continue using the Violation configuration effective at the time of execution.
REQ-R0C-02043,,SRC-08,"table 19, row 25, cell 2",BUSINESS_REQUIREMENT,"All Create, Update, Activate, Deactivate, corrective-action override, and grace-period override actions shall be recorded in the Audit Log.","Pass when the normalized obligation is demonstrably satisfied at the cited source location: All Create, Update, Activate, Deactivate, corrective-action override, and grace-period override actions shall be recorded in the Audit Log."
REQ-R0C-02044,,SRC-08,"table 20, row 2, cell 4",BUSINESS_REQUIREMENT,A valid Regulation is required.,Pass when the normalized obligation is demonstrably satisfied at the cited source location: A valid Regulation is required.
REQ-R0C-02045,,SRC-08,"table 20, row 3, cell 4",BUSINESS_REQUIREMENT,Inspection Item is required.,Pass when the normalized obligation is demonstrably satisfied at the cited source location: Inspection Item is required.
REQ-R0C-02046,,SRC-08,"table 20, row 4, cell 2",BUSINESS_REQUIREMENT,Must be approved and have Item Type = Violation.,Pass when the normalized obligation is demonstrably satisfied at the cited source location: Must be approved and have Item Type = Violation.
REQ-R0C-02047,,SRC-08,"table 20, row 5, cell 4",BUSINESS_REQUIREMENT,Trigger Response is required.,Pass when the normalized obligation is demonstrably satisfied at the cited source location: Trigger Response is required.
REQ-R0C-02048,,SRC-08,"table 20, row 6, cell 2",BUSINESS_REQUIREMENT,Must be classified as Non-Compliant.,Pass when the normalized obligation is demonstrably satisfied at the cited source location: Must be classified as Non-Compliant.
REQ-R0C-02049,,SRC-08,"table 20, row 6, cell 4",BUSINESS_REQUIREMENT,Trigger Response must be classified as Non-Compliant.,Pass when the normalized obligation is demonstrably satisfied at the cited source location: Trigger Response must be classified as Non-Compliant.
REQ-R0C-02050,,SRC-08,"table 20, row 7, cell 2",BUSINESS_RULE,Must not already be linked to another Active Violation in Phase 1.,Pass when this rule is enforced and a violating path is prevented or handled: Must not already be linked to another Active Violation in Phase 1.
REQ-R0C-02051,,SRC-08,"table 20, row 8, cell 4",BUSINESS_REQUIREMENT,Violation Name is required.,Pass when the normalized obligation is demonstrably satisfied at the cited source location: Violation Name is required.
REQ-R0C-02052,,SRC-08,"table 20, row 9, cell 2",USER_ACTION,Must be unique within the selected Regulation and Trigger Response.,Pass when the actor can complete this action and the resulting state is visible: Must be unique within the selected Regulation and Trigger Response.
REQ-R0C-02053,,SRC-08,"table 20, row 11, cell 2",BUSINESS_REQUIREMENT,Required when Corrective Action Required = Yes.,Pass when the normalized obligation is demonstrably satisfied at the cited source location: Required when Corrective Action Required = Yes.
REQ-R0C-02054,,SRC-08,"table 20, row 11, cell 4",BUSINESS_REQUIREMENT,Corrective Action Description is required.,Pass when the normalized obligation is demonstrably satisfied at the cited source location: Corrective Action Description is required.
REQ-R0C-02055,,SRC-08,"table 20, row 12, cell 2",BUSINESS_REQUIREMENT,Required when Grace Period Applicable = Yes.,Pass when the normalized obligation is demonstrably satisfied at the cited source location: Required when Grace Period Applicable = Yes.
REQ-R0C-02056,,SRC-08,"table 20, row 12, cell 4",BUSINESS_REQUIREMENT,Grace Period Type is required.,Pass when the normalized obligation is demonstrably satisfied at the cited source location: Grace Period Type is required.
REQ-R0C-02057,,SRC-08,"table 20, row 13, cell 2",BUSINESS_REQUIREMENT,Required when Grace Period Applicable = Yes and must be greater than zero.,Pass when the normalized obligation is demonstrably satisfied at the cited source location: Required when Grace Period Applicable = Yes and must be greater than zero.
REQ-R0C-02058,,SRC-08,"table 20, row 15, cell 2",BUSINESS_REQUIREMENT,Must be approved and Active.,Pass when the normalized obligation is demonstrably satisfied at the cited source location: Must be approved and Active.
REQ-R0C-02059,,SRC-08,"table 20, row 16, cell 2",BUSINESS_REQUIREMENT,Required when Action Form Required = Yes.,Pass when the normalized obligation is demonstrably satisfied at the cited source location: Required when Action Form Required = Yes.
REQ-R0C-02060,,SRC-08,"table 20, row 16, cell 4",BUSINESS_REQUIREMENT,Action Form is required.,Pass when the normalized obligation is demonstrably satisfied at the cited source location: Action Form is required.
REQ-R0C-02061,,SRC-08,"table 20, row 17, cell 2",BUSINESS_REQUIREMENT,Must be approved and Active.,Pass when the normalized obligation is demonstrably satisfied at the cited source location: Must be approved and Active.
REQ-R0C-02062,,SRC-08,"table 20, row 18, cell 2",BUSINESS_REQUIREMENT,Must be different from the primary Action Form.,Pass when the normalized obligation is demonstrably satisfied at the cited source location: Must be different from the primary Action Form.
REQ-R0C-02063,,SRC-08,"table 20, row 18, cell 4",BUSINESS_REQUIREMENT,Associated Action Form must be different from the primary Action Form.,Pass when the normalized obligation is demonstrably satisfied at the cited source location: Associated Action Form must be different from the primary Action Form.
REQ-R0C-02064,,SRC-08,"table 21, row 2, cell 2",USER_ACTION,Display the selected Regulation and filter eligible Inspection Items accordingly.,Pass when the actor can complete this action and the resulting state is visible: Display the selected Regulation and filter eligible Inspection Items accordingly.
REQ-R0C-02065,,SRC-08,"table 21, row 4, cell 2",BUSINESS_REQUIREMENT,Prevent Violation creation and display an eligibility message.,Pass when the normalized obligation is demonstrably satisfied at the cited source location: Prevent Violation creation and display an eligibility message.
REQ-R0C-02066,,SRC-08,"table 21, row 5, cell 2",BUSINESS_REQUIREMENT,Display only unlinked Non-Compliant Responses in the Trigger Response dropdown.,Pass when the normalized obligation is demonstrably satisfied at the cited source location: Display only unlinked Non-Compliant Responses in the Trigger Response dropdown.
REQ-R0C-02067,,SRC-08,"table 21, row 6, cell 2",USER_ACTION,Reserve the selected response within the current Compliance Configuration Request to prevent duplicate active linkage.,Pass when the actor can complete this action and the resulting state is visible: Reserve the selected response within the current Compliance Configuration Request to prevent duplicate active linkage.
REQ-R0C-02068,,SRC-08,"table 21, row 7, cell 1",BUSINESS_REQUIREMENT,Corrective Action Required = Yes,Pass when the normalized obligation is demonstrably satisfied at the cited source location: Corrective Action Required = Yes
REQ-R0C-02069,,SRC-08,"table 21, row 7, cell 2",BUSINESS_REQUIREMENT,Display Corrective Action Description and Grace Period Applicable fields.,Pass when the normalized obligation is demonstrably satisfied at the cited source location: Display Corrective Action Description and Grace Period Applicable fields.
REQ-R0C-02070,,SRC-08,"table 21, row 8, cell 1",BUSINESS_REQUIREMENT,Corrective Action Required = No,Pass when the normalized obligation is demonstrably satisfied at the cited source location: Corrective Action Required = No
REQ-R0C-02071,,SRC-08,"table 21, row 9, cell 2",BUSINESS_REQUIREMENT,"Display Grace Period Type, Grace Period Value, and Exceptional Grace Period Allowed.","Pass when the normalized obligation is demonstrably satisfied at the cited source location: Display Grace Period Type, Grace Period Value, and Exceptional Grace Period Allowed."
REQ-R0C-02072,,SRC-08,"table 21, row 11, cell 1",BUSINESS_REQUIREMENT,Action Form Required = Yes,Pass when the normalized obligation is demonstrably satisfied at the cited source location: Action Form Required = Yes
REQ-R0C-02073,,SRC-08,"table 21, row 11, cell 2",BUSINESS_REQUIREMENT,Display the Action Form and Associated Action Form fields.,Pass when the normalized obligation is demonstrably satisfied at the cited source location: Display the Action Form and Associated Action Form fields.
REQ-R0C-02074,,SRC-08,"table 21, row 12, cell 1",BUSINESS_REQUIREMENT,Action Form Required = No,Pass when the normalized obligation is demonstrably satisfied at the cited source location: Action Form Required = No
REQ-R0C-02075,,SRC-08,"table 21, row 13, cell 2",USER_ACTION,"Display only valid Associated Action Forms configured for the selected primary Action Form, where applicable.","Pass when the actor can complete this action and the resulting state is visible: Display only valid Associated Action Forms configured for the selected primary Action Form, where applicable."
REQ-R0C-02076,,SRC-08,"table 21, row 14, cell 2",BUSINESS_REQUIREMENT,Automatically create or attach the configured Violation to the Inspection Item result.,Pass when the normalized obligation is demonstrably satisfied at the cited source location: Automatically create or attach the configured Violation to the Inspection Item result.
REQ-R0C-02077,,SRC-08,"table 21, row 16, cell 1",BUSINESS_REQUIREMENT,Violation triggered and Action Form Required = Yes,Pass when the normalized obligation is demonstrably satisfied at the cited source location: Violation triggered and Action Form Required = Yes
REQ-R0C-02078,,SRC-08,"table 21, row 20, cell 2",BUSINESS_REQUIREMENT,Automatically deactivate all linked Violations for future use.,Pass when the normalized obligation is demonstrably satisfied at the cited source location: Automatically deactivate all linked Violations for future use.
REQ-R0C-02079,,SRC-08,"table 21, row 21, cell 2",BUSINESS_REQUIREMENT,Prevent the Violation from being triggered in future inspections.,Pass when the normalized obligation is demonstrably satisfied at the cited source location: Prevent the Violation from being triggered in future inspections.
REQ-R0C-02080,,SRC-08,"table 23, row 2, cell 2",BUSINESS_REQUIREMENT,Unique system-generated record identifier.,Pass when the normalized obligation is demonstrably satisfied at the cited source location: Unique system-generated record identifier.
REQ-R0C-02081,,SRC-08,"table 23, row 10, cell 2",BUSINESS_REQUIREMENT,Indicates whether corrective action is required.,Pass when the normalized obligation is demonstrably satisfied at the cited source location: Indicates whether corrective action is required.
REQ-R0C-02082,,SRC-08,"table 23, row 12, cell 2",BUSINESS_REQUIREMENT,Indicates whether an Action Form must be completed.,Pass when the normalized obligation is demonstrably satisfied at the cited source location: Indicates whether an Action Form must be completed.
REQ-R0C-02083,,SRC-08,"table 23, row 15, cell 2",BUSINESS_REQUIREMENT,Indicates whether the entity shall be notified.,Pass when the normalized obligation is demonstrably satisfied at the cited source location: Indicates whether the entity shall be notified.
REQ-R0C-02084,,SRC-08,"table 24, row 2, cell 8",USER_ACTION,"When an Inspection Item is selected, the system shall automatically retrieve its parent Regulation. The Violation shall inherit the Regulation lifecycle and become unavailable for future enforcement if the Regulation is deactivated.","Pass when the actor can complete this action and the resulting state is visible: When an Inspection Item is selected, the system shall automatically retrieve its parent Regulation. The Violation shall inherit the Regulation lifecycle and become unavailable for future enforcement if the Regulation is deactivated."
REQ-R0C-02085,,SRC-08,"table 24, row 3, cell 8",USER_ACTION,"The dropdown shall display only approved Inspection Items with Item Type = Violation and at least one available Non-Compliant Response. Selecting the Inspection Item shall retrieve its Regulation, Response Type, and available Non-Compliant Responses.","Pass when the actor can complete this action and the resulting state is visible: The dropdown shall display only approved Inspection Items with Item Type = Violation and at least one available Non-Compliant Response. Selecting the Inspection Item shall retrieve its Regulation, Response Type, and available Non-Compliant Responses."
REQ-R0C-02086,,SRC-08,"table 24, row 5, cell 7",BUSINESS_REQUIREMENT,Identifies the exact inspector response that shall result in the Violation being generated.,Pass when the normalized obligation is demonstrably satisfied at the cited source location: Identifies the exact inspector response that shall result in the Violation being generated.
REQ-R0C-02087,,SRC-08,"table 24, row 5, cell 8",USER_ACTION,"The system shall display only Response Values classified as Non-Compliant under the selected Inspection Item. When the inspector selects this response during execution, the linked Violation shall be triggered.","Pass when the actor can complete this action and the resulting state is visible: The system shall display only Response Values classified as Non-Compliant under the selected Inspection Item. When the inspector selects this response during execution, the linked Violation shall be triggered."
REQ-R0C-02088,,SRC-08,"table 24, row 6, cell 8",BUSINESS_REQUIREMENT,Generated when the Violation record is created. The code shall remain unchanged across future versions.,Pass when the normalized obligation is demonstrably satisfied at the cited source location: Generated when the Violation record is created. The code shall remain unchanged across future versions.
REQ-R0C-02089,,SRC-08,"table 24, row 9, cell 8",BUSINESS_REQUIREMENT,"Used for prioritization, risk calculations, dashboards, approval routing, enforcement reporting, escalation, and analytics. Values shall be retrieved from Lookup Management.","Pass when the normalized obligation is demonstrably satisfied at the cited source location: Used for prioritization, risk calculations, dashboards, approval routing, enforcement reporting, escalation, and analytics. Values shall be retrieved from Lookup Management."
REQ-R0C-02090,,SRC-08,"table 24, row 10, cell 6",BUSINESS_REQUIREMENT,Indicates whether the entity must perform a corrective action.,Pass when the normalized obligation is demonstrably satisfied at the cited source location: Indicates whether the entity must perform a corrective action.
REQ-R0C-02091,,SRC-08,"table 24, row 10, cell 7",BUSINESS_REQUIREMENT,Determines whether the entity shall be required to resolve or remediate the Violation.,Pass when the normalized obligation is demonstrably satisfied at the cited source location: Determines whether the entity shall be required to resolve or remediate the Violation.
REQ-R0C-02092,,SRC-08,"table 24, row 11, cell 6",BUSINESS_REQUIREMENT,Description of the corrective action required from the entity.,Pass when the normalized obligation is demonstrably satisfied at the cited source location: Description of the corrective action required from the entity.
REQ-R0C-02093,,SRC-08,"table 24, row 11, cell 7",BUSINESS_REQUIREMENT,Explains what the entity must do to correct the Violation.,Pass when the normalized obligation is demonstrably satisfied at the cited source location: Explains what the entity must do to correct the Violation.
REQ-R0C-02094,,SRC-08,"table 24, row 11, cell 8",BUSINESS_REQUIREMENT,"Displayed in the inspection outcome, entity notification, follow-up visit preparation, enforcement record, and corrective-action tracking. Required when Corrective Action Required = Yes.","Pass when the normalized obligation is demonstrably satisfied at the cited source location: Displayed in the inspection outcome, entity notification, follow-up visit preparation, enforcement record, and corrective-action tracking. Required when Corrective Action Required = Yes."
REQ-R0C-02095,,SRC-08,"table 24, row 12, cell 7",BUSINESS_REQUIREMENT,Determines whether enforcement shall allow the entity a defined correction period before escalation.,Pass when the normalized obligation is demonstrably satisfied at the cited source location: Determines whether enforcement shall allow the entity a defined correction period before escalation.
REQ-R0C-02096,,SRC-08,"table 24, row 12, cell 8",BUSINESS_REQUIREMENT,"When enabled, Grace Period Type and Grace Period Value shall become mandatory. The system shall calculate and store the corrective-action due date.","Pass when the normalized obligation is demonstrably satisfied at the cited source location: When enabled, Grace Period Type and Grace Period Value shall become mandatory. The system shall calculate and store the corrective-action due date."
REQ-R0C-02097,,SRC-08,"table 24, row 13, cell 6",BUSINESS_REQUIREMENT,Unit or predefined type used to calculate the grace period.,Pass when the normalized obligation is demonstrably satisfied at the cited source location: Unit or predefined type used to calculate the grace period.
REQ-R0C-02098,,SRC-08,"table 24, row 13, cell 8",BUSINESS_REQUIREMENT,"Values may include None, Days, Months, or predefined periods such as 1 Month, 3 Months, 6 Months, and 12 Months. Required when Grace Period Applicable = Yes.","Pass when the normalized obligation is demonstrably satisfied at the cited source location: Values may include None, Days, Months, or predefined periods such as 1 Month, 3 Months, 6 Months, and 12 Months. Required when Grace Period Applicable = Yes."
REQ-R0C-02099,,SRC-08,"table 24, row 14, cell 8",BUSINESS_REQUIREMENT,Used to calculate the Corrective Action Due Date from the approved inspection or enforcement date. Required when Grace Period Applicable = Yes.,Pass when the normalized obligation is demonstrably satisfied at the cited source location: Used to calculate the Corrective Action Due Date from the approved inspection or enforcement date. Required when Grace Period Applicable = Yes.
REQ-R0C-02100,,SRC-08,"table 24, row 15, cell 8",BUSINESS_REQUIREMENT,"When enabled, authorized users may override the configured grace period during enforcement. The override reason, user, previous value, new value, and timestamp shall be audited.","Pass when the normalized obligation is demonstrably satisfied at the cited source location: When enabled, authorized users may override the configured grace period during enforcement. The override reason, user, previous value, new value, and timestamp shall be audited."
REQ-R0C-02101,,SRC-08,"table 24, row 16, cell 8",USER_ACTION,"The dropdown shall display only approved and Active Penalties. In Phase 1, each Violation shall be linked to one Penalty. The selected Penalty shall become available during enforcement processing.","Pass when the actor can complete this action and the resulting state is visible: The dropdown shall display only approved and Active Penalties. In Phase 1, each Violation shall be linked to one Penalty. The selected Penalty shall become available during enforcement processing."
REQ-R0C-02102,,SRC-08,"table 24, row 17, cell 6",BUSINESS_REQUIREMENT,Indicates whether a formal Action Form is required when the Violation is enforced.,Pass when the normalized obligation is demonstrably satisfied at the cited source location: Indicates whether a formal Action Form is required when the Violation is enforced.
REQ-R0C-02103,,SRC-08,"table 24, row 17, cell 7",BUSINESS_REQUIREMENT,Determines whether the enforcement action must be documented through an official form or report.,Pass when the normalized obligation is demonstrably satisfied at the cited source location: Determines whether the enforcement action must be documented through an official form or report.
REQ-R0C-02104,,SRC-08,"table 24, row 17, cell 8",USER_ACTION,"When enabled, the Action Form field shall become mandatory. During Inspection Execution or enforcement processing, the system shall require completion of the selected Action Form before submission.","Pass when the actor can complete this action and the resulting state is visible: When enabled, the Action Form field shall become mandatory. During Inspection Execution or enforcement processing, the system shall require completion of the selected Action Form before submission."
REQ-R0C-02105,,SRC-08,"table 24, row 18, cell 6",BUSINESS_REQUIREMENT,Primary Action Form required for the Violation.,Pass when the normalized obligation is demonstrably satisfied at the cited source location: Primary Action Form required for the Violation.
REQ-R0C-02106,,SRC-08,"table 24, row 18, cell 8",USER_ACTION,Displayed only when Action Form Required = Yes. The system shall retrieve approved and Active Action Forms from Form Builder or Action Form Management. The selected form shall be opened when the corresponding enforcement action is applied.,Pass when the actor can complete this action and the resulting state is visible: Displayed only when Action Form Required = Yes. The system shall retrieve approved and Active Action Forms from Form Builder or Action Form Management. The selected form shall be opened when the corresponding enforcement action is applied.
REQ-R0C-02107,,SRC-08,"table 24, row 19, cell 7",BUSINESS_REQUIREMENT,"Defines the follow-up form required to reverse, release, close, or complete the original enforcement action.","Pass when the normalized obligation is demonstrably satisfied at the cited source location: Defines the follow-up form required to reverse, release, close, or complete the original enforcement action."
REQ-R0C-02108,,SRC-08,"table 24, row 20, cell 6",BUSINESS_REQUIREMENT,Indicates whether the inspected entity shall be notified when the Violation is confirmed.,Pass when the normalized obligation is demonstrably satisfied at the cited source location: Indicates whether the inspected entity shall be notified when the Violation is confirmed.
REQ-R0C-02109,,SRC-08,"table 24, row 20, cell 7",BUSINESS_REQUIREMENT,Controls whether the entity receives formal notification about the Violation and required actions.,Pass when the normalized obligation is demonstrably satisfied at the cited source location: Controls whether the entity receives formal notification about the Violation and required actions.
REQ-R0C-02110,,SRC-08,"table 24, row 20, cell 8",BUSINESS_REQUIREMENT,"When enabled, the system shall generate the configured notification after the Violation reaches the applicable approved status. Notification content may include Violation details, Penalty, corrective action, due date, and Action Form reference.","Pass when the normalized obligation is demonstrably satisfied at the cited source location: When enabled, the system shall generate the configured notification after the Violation reaches the applicable approved status. Notification content may include Violation details, Penalty, corrective action, due date, and Action Form reference."
REQ-R0C-02111,,SRC-08,"table 24, row 21, cell 7",BUSINESS_REQUIREMENT,Allows the Regulator to record supporting information that is not part of the formal Violation description.,Pass when the normalized obligation is demonstrably satisfied at the cited source location: Allows the Regulator to record supporting information that is not part of the formal Violation description.
REQ-R0C-02112,,SRC-08,"table 24, row 21, cell 8",BUSINESS_RULE,Visible only to authorized Back Office users. Notes shall not appear in entity notifications unless explicitly configured.,Pass when this rule is enforced and a violating path is prevented or handled: Visible only to authorized Back Office users. Notes shall not appear in entity notifications unless explicitly configured.
REQ-R0C-02113,,SRC-08,"table 26, row 2, cell 2",BUSINESS_REQUIREMENT,Every Violation shall belong to one Regulation.,Pass when the normalized obligation is demonstrably satisfied at the cited source location: Every Violation shall belong to one Regulation.
REQ-R0C-02114,,SRC-08,"table 26, row 3, cell 2",BUSINESS_REQUIREMENT,Every Violation shall be associated with one Inspection Item.,Pass when the normalized obligation is demonstrably satisfied at the cited source location: Every Violation shall be associated with one Inspection Item.
REQ-R0C-02115,,SRC-08,"table 26, row 5, cell 2",BUSINESS_REQUIREMENT,A Violation shall be linked to one Non-Compliant Response Value in Phase 1.,Pass when the normalized obligation is demonstrably satisfied at the cited source location: A Violation shall be linked to one Non-Compliant Response Value in Phase 1.
REQ-R0C-02116,,SRC-08,"table 26, row 6, cell 2",BUSINESS_REQUIREMENT,Only Response Values classified as Non-Compliant shall be available as Trigger Responses.,Pass when the normalized obligation is demonstrably satisfied at the cited source location: Only Response Values classified as Non-Compliant shall be available as Trigger Responses.
REQ-R0C-02117,,SRC-08,"table 26, row 7, cell 2",BUSINESS_RULE,Compliant and Neutral Response Values shall not be available for Violation Configuration.,Pass when this rule is enforced and a violating path is prevented or handled: Compliant and Neutral Response Values shall not be available for Violation Configuration.
REQ-R0C-02118,,SRC-08,"table 26, row 8, cell 2",BUSINESS_RULE,A Non-Compliant Response Value shall not be linked to more than one Active Violation in Phase 1.,Pass when this rule is enforced and a violating path is prevented or handled: A Non-Compliant Response Value shall not be linked to more than one Active Violation in Phase 1.
REQ-R0C-02119,,SRC-08,"table 26, row 9, cell 2",BUSINESS_RULE,The Response Type and Response Values shall be retrieved from the selected Inspection Item and shall not be modified within the Violation configuration.,Pass when this rule is enforced and a violating path is prevented or handled: The Response Type and Response Values shall be retrieved from the selected Inspection Item and shall not be modified within the Violation configuration.
REQ-R0C-02120,,SRC-08,"table 26, row 10, cell 2",BUSINESS_REQUIREMENT,Each Violation shall be linked to one Penalty in Phase 1.,Pass when the normalized obligation is demonstrably satisfied at the cited source location: Each Violation shall be linked to one Penalty in Phase 1.
REQ-R0C-02121,,SRC-08,"table 26, row 12, cell 2",USER_ACTION,"If Action Form Required is enabled, one Action Form shall be selected.","Pass when the actor can complete this action and the resulting state is visible: If Action Form Required is enabled, one Action Form shall be selected."
REQ-R0C-02122,,SRC-08,"table 26, row 14, cell 2",BUSINESS_REQUIREMENT,The Associated Action Form shall be different from the primary Action Form.,Pass when the normalized obligation is demonstrably satisfied at the cited source location: The Associated Action Form shall be different from the primary Action Form.
REQ-R0C-02123,,SRC-08,"table 26, row 15, cell 2",BUSINESS_REQUIREMENT,"If Corrective Action Required is enabled, the Corrective Action Description shall be mandatory.","Pass when the normalized obligation is demonstrably satisfied at the cited source location: If Corrective Action Required is enabled, the Corrective Action Description shall be mandatory."
REQ-R0C-02124,,SRC-08,"table 26, row 16, cell 2",BUSINESS_REQUIREMENT,"If Grace Period Applicable is enabled, Grace Period Type and Grace Period Value shall be mandatory.","Pass when the normalized obligation is demonstrably satisfied at the cited source location: If Grace Period Applicable is enabled, Grace Period Type and Grace Period Value shall be mandatory."
REQ-R0C-02125,,SRC-08,"table 26, row 17, cell 2",USER_ACTION,Only approved and Active Penalties shall be available for selection.,Pass when the actor can complete this action and the resulting state is visible: Only approved and Active Penalties shall be available for selection.
REQ-R0C-02126,,SRC-08,"table 26, row 18, cell 2",USER_ACTION,Only approved and Active Action Forms shall be available for selection.,Pass when the actor can complete this action and the resulting state is visible: Only approved and Active Action Forms shall be available for selection.
REQ-R0C-02127,,SRC-08,"table 26, row 19, cell 2",BUSINESS_REQUIREMENT,Only Active Violations shall be available during future Inspection Execution and enforcement processing.,Pass when the normalized obligation is demonstrably satisfied at the cited source location: Only Active Violations shall be available during future Inspection Execution and enforcement processing.
REQ-R0C-02128,,SRC-08,"table 26, row 20, cell 2",BUSINESS_RULE,Deactivating a Violation shall not remove it from historical inspection or enforcement records.,Pass when this rule is enforced and a violating path is prevented or handled: Deactivating a Violation shall not remove it from historical inspection or enforcement records.
REQ-R0C-02129,,SRC-08,"table 26, row 21, cell 2",BUSINESS_REQUIREMENT,"If the parent Regulation is deactivated, all linked Violations shall automatically become inactive for future enforcement.","Pass when the normalized obligation is demonstrably satisfied at the cited source location: If the parent Regulation is deactivated, all linked Violations shall automatically become inactive for future enforcement."
REQ-R0C-02130,,SRC-08,"table 26, row 22, cell 2",BUSINESS_REQUIREMENT,"If the linked Inspection Item is deactivated, its linked Violations shall become unavailable for future Inspection Execution.","Pass when the normalized obligation is demonstrably satisfied at the cited source location: If the linked Inspection Item is deactivated, its linked Violations shall become unavailable for future Inspection Execution."
REQ-R0C-02131,,SRC-08,"table 26, row 23, cell 2",BUSINESS_RULE,Modifying an approved Violation shall create a new Compliance Configuration Request and shall not change the active version until approval.,Pass when this rule is enforced and a violating path is prevented or handled: Modifying an approved Violation shall create a new Compliance Configuration Request and shall not change the active version until approval.
REQ-R0C-02132,,SRC-08,"table 26, row 24, cell 2",BUSINESS_REQUIREMENT,Historical inspections shall continue using the Violation configuration effective at the time of execution.,Pass when the normalized obligation is demonstrably satisfied at the cited source location: Historical inspections shall continue using the Violation configuration effective at the time of execution.
REQ-R0C-02133,,SRC-08,"table 26, row 25, cell 2",BUSINESS_REQUIREMENT,"All Create, Update, Activate, Deactivate, corrective-action override, and grace-period override actions shall be recorded in the Audit Log.","Pass when the normalized obligation is demonstrably satisfied at the cited source location: All Create, Update, Activate, Deactivate, corrective-action override, and grace-period override actions shall be recorded in the Audit Log."
REQ-R0C-02134,,SRC-08,"table 27, row 2, cell 4",BUSINESS_REQUIREMENT,A valid Regulation is required.,Pass when the normalized obligation is demonstrably satisfied at the cited source location: A valid Regulation is required.
REQ-R0C-02135,,SRC-08,"table 27, row 3, cell 4",BUSINESS_REQUIREMENT,Inspection Item is required.,Pass when the normalized obligation is demonstrably satisfied at the cited source location: Inspection Item is required.
REQ-R0C-02136,,SRC-08,"table 27, row 4, cell 2",BUSINESS_REQUIREMENT,Must be approved and have Item Type = Violation.,Pass when the normalized obligation is demonstrably satisfied at the cited source location: Must be approved and have Item Type = Violation.
REQ-R0C-02137,,SRC-08,"table 27, row 5, cell 4",BUSINESS_REQUIREMENT,Trigger Response is required.,Pass when the normalized obligation is demonstrably satisfied at the cited source location: Trigger Response is required.
REQ-R0C-02138,,SRC-08,"table 27, row 6, cell 2",BUSINESS_REQUIREMENT,Must be classified as Non-Compliant.,Pass when the normalized obligation is demonstrably satisfied at the cited source location: Must be classified as Non-Compliant.
REQ-R0C-02139,,SRC-08,"table 27, row 6, cell 4",BUSINESS_REQUIREMENT,Trigger Response must be classified as Non-Compliant.,Pass when the normalized obligation is demonstrably satisfied at the cited source location: Trigger Response must be classified as Non-Compliant.
REQ-R0C-02140,,SRC-08,"table 27, row 7, cell 2",BUSINESS_RULE,Must not already be linked to another Active Violation in Phase 1.,Pass when this rule is enforced and a violating path is prevented or handled: Must not already be linked to another Active Violation in Phase 1.
REQ-R0C-02141,,SRC-08,"table 27, row 8, cell 4",BUSINESS_REQUIREMENT,Violation Name is required.,Pass when the normalized obligation is demonstrably satisfied at the cited source location: Violation Name is required.
REQ-R0C-02142,,SRC-08,"table 27, row 9, cell 2",USER_ACTION,Must be unique within the selected Regulation and Trigger Response.,Pass when the actor can complete this action and the resulting state is visible: Must be unique within the selected Regulation and Trigger Response.
REQ-R0C-02143,,SRC-08,"table 27, row 11, cell 2",BUSINESS_REQUIREMENT,Required when Corrective Action Required = Yes.,Pass when the normalized obligation is demonstrably satisfied at the cited source location: Required when Corrective Action Required = Yes.
REQ-R0C-02144,,SRC-08,"table 27, row 11, cell 4",BUSINESS_REQUIREMENT,Corrective Action Description is required.,Pass when the normalized obligation is demonstrably satisfied at the cited source location: Corrective Action Description is required.
REQ-R0C-02145,,SRC-08,"table 27, row 12, cell 2",BUSINESS_REQUIREMENT,Required when Grace Period Applicable = Yes.,Pass when the normalized obligation is demonstrably satisfied at the cited source location: Required when Grace Period Applicable = Yes.
REQ-R0C-02146,,SRC-08,"table 27, row 12, cell 4",BUSINESS_REQUIREMENT,Grace Period Type is required.,Pass when the normalized obligation is demonstrably satisfied at the cited source location: Grace Period Type is required.
REQ-R0C-02147,,SRC-08,"table 27, row 13, cell 2",BUSINESS_REQUIREMENT,Required when Grace Period Applicable = Yes and must be greater than zero.,Pass when the normalized obligation is demonstrably satisfied at the cited source location: Required when Grace Period Applicable = Yes and must be greater than zero.
REQ-R0C-02148,,SRC-08,"table 27, row 15, cell 2",BUSINESS_REQUIREMENT,Must be approved and Active.,Pass when the normalized obligation is demonstrably satisfied at the cited source location: Must be approved and Active.
REQ-R0C-02149,,SRC-08,"table 27, row 16, cell 2",BUSINESS_REQUIREMENT,Required when Action Form Required = Yes.,Pass when the normalized obligation is demonstrably satisfied at the cited source location: Required when Action Form Required = Yes.
REQ-R0C-02150,,SRC-08,"table 27, row 16, cell 4",BUSINESS_REQUIREMENT,Action Form is required.,Pass when the normalized obligation is demonstrably satisfied at the cited source location: Action Form is required.
REQ-R0C-02151,,SRC-08,"table 27, row 17, cell 2",BUSINESS_REQUIREMENT,Must be approved and Active.,Pass when the normalized obligation is demonstrably satisfied at the cited source location: Must be approved and Active.
REQ-R0C-02152,,SRC-08,"table 27, row 18, cell 2",BUSINESS_REQUIREMENT,Must be different from the primary Action Form.,Pass when the normalized obligation is demonstrably satisfied at the cited source location: Must be different from the primary Action Form.
REQ-R0C-02153,,SRC-08,"table 27, row 18, cell 4",BUSINESS_REQUIREMENT,Associated Action Form must be different from the primary Action Form.,Pass when the normalized obligation is demonstrably satisfied at the cited source location: Associated Action Form must be different from the primary Action Form.
REQ-R0C-02154,,SRC-08,"table 28, row 2, cell 2",USER_ACTION,Display the selected Regulation and filter eligible Inspection Items accordingly.,Pass when the actor can complete this action and the resulting state is visible: Display the selected Regulation and filter eligible Inspection Items accordingly.
REQ-R0C-02155,,SRC-08,"table 28, row 4, cell 2",BUSINESS_REQUIREMENT,Prevent Violation creation and display an eligibility message.,Pass when the normalized obligation is demonstrably satisfied at the cited source location: Prevent Violation creation and display an eligibility message.
REQ-R0C-02156,,SRC-08,"table 28, row 5, cell 2",BUSINESS_REQUIREMENT,Display only unlinked Non-Compliant Responses in the Trigger Response dropdown.,Pass when the normalized obligation is demonstrably satisfied at the cited source location: Display only unlinked Non-Compliant Responses in the Trigger Response dropdown.
REQ-R0C-02157,,SRC-08,"table 28, row 6, cell 2",USER_ACTION,Reserve the selected response within the current Compliance Configuration Request to prevent duplicate active linkage.,Pass when the actor can complete this action and the resulting state is visible: Reserve the selected response within the current Compliance Configuration Request to prevent duplicate active linkage.
REQ-R0C-02158,,SRC-08,"table 28, row 7, cell 1",BUSINESS_REQUIREMENT,Corrective Action Required = Yes,Pass when the normalized obligation is demonstrably satisfied at the cited source location: Corrective Action Required = Yes
REQ-R0C-02159,,SRC-08,"table 28, row 7, cell 2",BUSINESS_REQUIREMENT,Display Corrective Action Description and Grace Period Applicable fields.,Pass when the normalized obligation is demonstrably satisfied at the cited source location: Display Corrective Action Description and Grace Period Applicable fields.
REQ-R0C-02160,,SRC-08,"table 28, row 8, cell 1",BUSINESS_REQUIREMENT,Corrective Action Required = No,Pass when the normalized obligation is demonstrably satisfied at the cited source location: Corrective Action Required = No
REQ-R0C-02161,,SRC-08,"table 28, row 9, cell 2",BUSINESS_REQUIREMENT,"Display Grace Period Type, Grace Period Value, and Exceptional Grace Period Allowed.","Pass when the normalized obligation is demonstrably satisfied at the cited source location: Display Grace Period Type, Grace Period Value, and Exceptional Grace Period Allowed."
REQ-R0C-02162,,SRC-08,"table 28, row 11, cell 1",BUSINESS_REQUIREMENT,Action Form Required = Yes,Pass when the normalized obligation is demonstrably satisfied at the cited source location: Action Form Required = Yes
REQ-R0C-02163,,SRC-08,"table 28, row 11, cell 2",BUSINESS_REQUIREMENT,Display the Action Form and Associated Action Form fields.,Pass when the normalized obligation is demonstrably satisfied at the cited source location: Display the Action Form and Associated Action Form fields.
REQ-R0C-02164,,SRC-08,"table 28, row 12, cell 1",BUSINESS_REQUIREMENT,Action Form Required = No,Pass when the normalized obligation is demonstrably satisfied at the cited source location: Action Form Required = No
REQ-R0C-02165,,SRC-08,"table 28, row 13, cell 2",USER_ACTION,"Display only valid Associated Action Forms configured for the selected primary Action Form, where applicable.","Pass when the actor can complete this action and the resulting state is visible: Display only valid Associated Action Forms configured for the selected primary Action Form, where applicable."
REQ-R0C-02166,,SRC-08,"table 28, row 14, cell 2",BUSINESS_REQUIREMENT,Automatically create or attach the configured Violation to the Inspection Item result.,Pass when the normalized obligation is demonstrably satisfied at the cited source location: Automatically create or attach the configured Violation to the Inspection Item result.
REQ-R0C-02167,,SRC-08,"table 28, row 16, cell 1",BUSINESS_REQUIREMENT,Violation triggered and Action Form Required = Yes,Pass when the normalized obligation is demonstrably satisfied at the cited source location: Violation triggered and Action Form Required = Yes
REQ-R0C-02168,,SRC-08,"table 28, row 20, cell 2",BUSINESS_REQUIREMENT,Automatically deactivate all linked Violations for future use.,Pass when the normalized obligation is demonstrably satisfied at the cited source location: Automatically deactivate all linked Violations for future use.
REQ-R0C-02169,,SRC-08,"table 28, row 21, cell 2",BUSINESS_REQUIREMENT,Prevent the Violation from being triggered in future inspections.,Pass when the normalized obligation is demonstrably satisfied at the cited source location: Prevent the Violation from being triggered in future inspections.
REQ-R0C-02170,,SRC-08,"table 30, row 2, cell 2",BUSINESS_REQUIREMENT,Unique system-generated record identifier.,Pass when the normalized obligation is demonstrably satisfied at the cited source location: Unique system-generated record identifier.
REQ-R0C-02171,,SRC-08,"table 30, row 11, cell 2",BUSINESS_REQUIREMENT,Indicates whether corrective action is required.,Pass when the normalized obligation is demonstrably satisfied at the cited source location: Indicates whether corrective action is required.
REQ-R0C-02172,,SRC-08,"table 30, row 13, cell 2",BUSINESS_REQUIREMENT,Indicates whether an Action Form must be completed.,Pass when the normalized obligation is demonstrably satisfied at the cited source location: Indicates whether an Action Form must be completed.
REQ-R0C-02173,,SRC-08,"table 30, row 16, cell 2",BUSINESS_REQUIREMENT,Indicates whether the entity shall be notified.,Pass when the normalized obligation is demonstrably satisfied at the cited source location: Indicates whether the entity shall be notified.
REQ-R0C-02174,,SRC-08,"table 33, row 2, cell 2",BUSINESS_REQUIREMENT,What should be inspected?,Pass when the normalized obligation is demonstrably satisfied at the cited source location: What should be inspected?
REQ-R0C-02175,,SRC-08,"table 33, row 4, cell 2",BUSINESS_REQUIREMENT,What regulatory action should be applied?,Pass when the normalized obligation is demonstrably satisfied at the cited source location: What regulatory action should be applied?
REQ-R0C-02176,,SRC-08,"table 35, row 2, cell 8",BUSINESS_RULE,Automatically retrieved when the Violation is selected. The user cannot modify it from the Penalty page.,Pass when this rule is enforced and a violating path is prevented or handled: Automatically retrieved when the Violation is selected. The user cannot modify it from the Penalty page.
REQ-R0C-02177,,SRC-08,"table 35, row 4, cell 6",BUSINESS_REQUIREMENT,Approved Violation to which the Penalty shall be linked.,Pass when the normalized obligation is demonstrably satisfied at the cited source location: Approved Violation to which the Penalty shall be linked.
REQ-R0C-02178,,SRC-08,"table 35, row 4, cell 8",USER_ACTION,"The dropdown shall display approved Violations. Selecting a Violation shall retrieve its Regulation, Inspection Item, and Trigger Response as read-only contextual information.","Pass when the actor can complete this action and the resulting state is visible: The dropdown shall display approved Violations. Selecting a Violation shall retrieve its Regulation, Inspection Item, and Trigger Response as read-only contextual information."
REQ-R0C-02179,,SRC-08,"table 35, row 5, cell 7",BUSINESS_REQUIREMENT,Allows the Regulator to document the administrative and technical basis for applying the configured Penalty.,Pass when the normalized obligation is demonstrably satisfied at the cited source location: Allows the Regulator to document the administrative and technical basis for applying the configured Penalty.
REQ-R0C-02180,,SRC-08,"table 35, row 5, cell 8",BUSINESS_REQUIREMENT,Displayed to authorized users during Penalty review and enforcement processing. It shall be stored with the applied Penalty record for audit purposes.,Pass when the normalized obligation is demonstrably satisfied at the cited source location: Displayed to authorized users during Penalty review and enforcement processing. It shall be stored with the applied Penalty record for audit purposes.
REQ-R0C-02181,,SRC-08,"table 35, row 6, cell 8",USER_ACTION,Selecting Financial Fine shall display the financial fine configuration. Other selected types shall be made available during enforcement according to the approved Penalty configuration.,Pass when the actor can complete this action and the resulting state is visible: Selecting Financial Fine shall display the financial fine configuration. Other selected types shall be made available during enforcement according to the approved Penalty configuration.
REQ-R0C-02182,,SRC-08,"table 35, row 7, cell 7",BUSINESS_REQUIREMENT,Defines how the financial fine shall be calculated.,Pass when the normalized obligation is demonstrably satisfied at the cited source location: Defines how the financial fine shall be calculated.
REQ-R0C-02183,,SRC-08,"table 35, row 7, cell 8",USER_ACTION,"Displayed and mandatory only when Financial Fine is selected. When Daily is selected, Maximum Fine Limit shall become mandatory.","Pass when the actor can complete this action and the resulting state is visible: Displayed and mandatory only when Financial Fine is selected. When Daily is selected, Maximum Fine Limit shall become mandatory."
REQ-R0C-02184,,SRC-08,"table 35, row 9, cell 8",BUSINESS_REQUIREMENT,Displayed and mandatory only when Fine Periodicity = Daily. The accumulated fine shall stop increasing when this limit is reached.,Pass when the normalized obligation is demonstrably satisfied at the cited source location: Displayed and mandatory only when Fine Periodicity = Daily. The accumulated fine shall stop increasing when this limit is reached.
REQ-R0C-02185,,SRC-08,"table 36, row 4, cell 3",BUSINESS_REQUIREMENT,Allows the identified products to be placed under hold.,Pass when the normalized obligation is demonstrably satisfied at the cited source location: Allows the identified products to be placed under hold.
REQ-R0C-02186,,SRC-08,"table 36, row 5, cell 3",BUSINESS_REQUIREMENT,Allows the applicable production line to be stopped.,Pass when the normalized obligation is demonstrably satisfied at the cited source location: Allows the applicable production line to be stopped.
REQ-R0C-02187,,SRC-08,"table 36, row 6, cell 3",BUSINESS_REQUIREMENT,Allows the factory or establishment to be closed.,Pass when the normalized obligation is demonstrably satisfied at the cited source location: Allows the factory or establishment to be closed.
REQ-R0C-02188,,SRC-08,"table 36, row 7, cell 3",BUSINESS_REQUIREMENT,Allows the Industrial License to be suspended.,Pass when the normalized obligation is demonstrably satisfied at the cited source location: Allows the Industrial License to be suspended.
REQ-R0C-02189,,SRC-08,"table 36, row 8, cell 3",BUSINESS_REQUIREMENT,Allows the Industrial License to be cancelled.,Pass when the normalized obligation is demonstrably satisfied at the cited source location: Allows the Industrial License to be cancelled.
REQ-R0C-02190,,SRC-08,"table 36, row 9, cell 3",BUSINESS_REQUIREMENT,"Allows the identified products, materials, or assets to be destroyed according to the applicable process.","Pass when the normalized obligation is demonstrably satisfied at the cited source location: Allows the identified products, materials, or assets to be destroyed according to the applicable process."
REQ-R0C-02191,,SRC-08,"table 38, row 2, cell 2",BUSINESS_RULE,A Penalty shall not be created without being linked to a Violation.,Pass when this rule is enforced and a violating path is prevented or handled: A Penalty shall not be created without being linked to a Violation.
REQ-R0C-02192,,SRC-08,"table 38, row 4, cell 2",USER_ACTION,The Regulation shall be inherited automatically from the selected Violation.,Pass when the actor can complete this action and the resulting state is visible: The Regulation shall be inherited automatically from the selected Violation.
REQ-R0C-02193,,SRC-08,"table 38, row 5, cell 2",USER_ACTION,The Inspection Item shall be inherited through the selected Violation and displayed as read-only reference information.,Pass when the actor can complete this action and the resulting state is visible: The Inspection Item shall be inherited through the selected Violation and displayed as read-only reference information.
REQ-R0C-02194,,SRC-08,"table 38, row 6, cell 2",BUSINESS_RULE,The Penalty shall not directly store or redefine the Inspection Item Response Type or Trigger Response.,Pass when this rule is enforced and a violating path is prevented or handled: The Penalty shall not directly store or redefine the Inspection Item Response Type or Trigger Response.
REQ-R0C-02195,,SRC-08,"table 38, row 7, cell 2",USER_ACTION,At least one Penalty Type shall be selected.,Pass when the actor can complete this action and the resulting state is visible: At least one Penalty Type shall be selected.
REQ-R0C-02196,,SRC-08,"table 38, row 8, cell 2",BUSINESS_REQUIREMENT,Multiple Penalty Types may be configured against the same Penalty record.,Pass when the normalized obligation is demonstrably satisfied at the cited source location: Multiple Penalty Types may be configured against the same Penalty record.
REQ-R0C-02197,,SRC-08,"table 38, row 9, cell 2",BUSINESS_REQUIREMENT,Penalty Type values shall be retrieved from Lookup Management.,Pass when the normalized obligation is demonstrably satisfied at the cited source location: Penalty Type values shall be retrieved from Lookup Management.
REQ-R0C-02198,,SRC-08,"table 38, row 10, cell 2",USER_ACTION,Financial fine fields shall only be displayed when Financial Fine is selected.,Pass when the actor can complete this action and the resulting state is visible: Financial fine fields shall only be displayed when Financial Fine is selected.
REQ-R0C-02199,,SRC-08,"table 38, row 11, cell 2",USER_ACTION,Fine Periodicity shall be mandatory when Financial Fine is selected.,Pass when the actor can complete this action and the resulting state is visible: Fine Periodicity shall be mandatory when Financial Fine is selected.
REQ-R0C-02200,,SRC-08,"table 38, row 12, cell 2",USER_ACTION,Amount shall be mandatory when Financial Fine is selected.,Pass when the actor can complete this action and the resulting state is visible: Amount shall be mandatory when Financial Fine is selected.
REQ-R0C-02201,,SRC-08,"table 38, row 13, cell 2",BUSINESS_REQUIREMENT,Maximum Fine Limit shall only be displayed and shall become mandatory when Fine Periodicity = Daily.,Pass when the normalized obligation is demonstrably satisfied at the cited source location: Maximum Fine Limit shall only be displayed and shall become mandatory when Fine Periodicity = Daily.
REQ-R0C-02202,,SRC-08,"table 38, row 14, cell 2",BUSINESS_REQUIREMENT,Maximum Fine Limit shall be greater than or equal to the daily Amount.,Pass when the normalized obligation is demonstrably satisfied at the cited source location: Maximum Fine Limit shall be greater than or equal to the daily Amount.
REQ-R0C-02203,,SRC-08,"table 38, row 15, cell 2",BUSINESS_RULE,"When Fine Periodicity = Total, Maximum Fine Limit shall not be stored.","Pass when this rule is enforced and a violating path is prevented or handled: When Fine Periodicity = Total, Maximum Fine Limit shall not be stored."
REQ-R0C-02204,,SRC-08,"table 38, row 16, cell 2",BUSINESS_RULE,The system shall not allow a calculated daily fine to exceed the Maximum Fine Limit.,Pass when this rule is enforced and a violating path is prevented or handled: The system shall not allow a calculated daily fine to exceed the Maximum Fine Limit.
REQ-R0C-02205,,SRC-08,"table 38, row 18, cell 2",BUSINESS_REQUIREMENT,Deactivating a Penalty shall prevent its use in future enforcement without affecting historical records.,Pass when the normalized obligation is demonstrably satisfied at the cited source location: Deactivating a Penalty shall prevent its use in future enforcement without affecting historical records.
REQ-R0C-02206,,SRC-08,"table 38, row 19, cell 2",BUSINESS_REQUIREMENT,Deactivating the linked Violation shall make the Penalty unavailable for future enforcement.,Pass when the normalized obligation is demonstrably satisfied at the cited source location: Deactivating the linked Violation shall make the Penalty unavailable for future enforcement.
REQ-R0C-02207,,SRC-08,"table 38, row 20, cell 2",BUSINESS_REQUIREMENT,Deactivating the parent Regulation shall make all linked Penalties unavailable for future enforcement.,Pass when the normalized obligation is demonstrably satisfied at the cited source location: Deactivating the parent Regulation shall make all linked Penalties unavailable for future enforcement.
REQ-R0C-02208,,SRC-08,"table 38, row 21, cell 2",BUSINESS_REQUIREMENT,Modifying an approved Penalty shall create a new Compliance Configuration Request.,Pass when the normalized obligation is demonstrably satisfied at the cited source location: Modifying an approved Penalty shall create a new Compliance Configuration Request.
REQ-R0C-02209,,SRC-08,"table 38, row 22, cell 2",BUSINESS_REQUIREMENT,The approved Penalty shall remain active until its modification request is approved.,Pass when the normalized obligation is demonstrably satisfied at the cited source location: The approved Penalty shall remain active until its modification request is approved.
REQ-R0C-02210,,SRC-08,"table 38, row 23, cell 2",BUSINESS_REQUIREMENT,Historical enforcement records shall retain the exact Penalty version and values applied at the time of enforcement.,Pass when the normalized obligation is demonstrably satisfied at the cited source location: Historical enforcement records shall retain the exact Penalty version and values applied at the time of enforcement.
REQ-R0C-02211,,SRC-08,"table 38, row 24, cell 2",BUSINESS_REQUIREMENT,"All Penalty creation, modification, activation, deactivation, approval, return, and rejection actions shall be recorded in the Audit Log.","Pass when the normalized obligation is demonstrably satisfied at the cited source location: All Penalty creation, modification, activation, deactivation, approval, return, and rejection actions shall be recorded in the Audit Log."
REQ-R0C-02212,,SRC-08,"table 39, row 3, cell 4",USER_ACTION,The selected Violation must be approved.,Pass when the actor can complete this action and the resulting state is visible: The selected Violation must be approved.
REQ-R0C-02213,,SRC-08,"table 39, row 4, cell 2",BUSINESS_REQUIREMENT,Must belong to an approved Regulation.,Pass when the normalized obligation is demonstrably satisfied at the cited source location: Must belong to an approved Regulation.
REQ-R0C-02214,,SRC-08,"table 39, row 5, cell 4",BUSINESS_REQUIREMENT,Administrative and Technical Rules are required.,Pass when the normalized obligation is demonstrably satisfied at the cited source location: Administrative and Technical Rules are required.
REQ-R0C-02215,,SRC-08,"table 39, row 6, cell 2",USER_ACTION,At least one value must be selected.,Pass when the actor can complete this action and the resulting state is visible: At least one value must be selected.
REQ-R0C-02216,,SRC-08,"table 39, row 7, cell 2",USER_ACTION,Required when Financial Fine is selected.,Pass when the actor can complete this action and the resulting state is visible: Required when Financial Fine is selected.
REQ-R0C-02217,,SRC-08,"table 39, row 7, cell 4",BUSINESS_REQUIREMENT,Fine Periodicity is required.,Pass when the normalized obligation is demonstrably satisfied at the cited source location: Fine Periodicity is required.
REQ-R0C-02218,,SRC-08,"table 39, row 8, cell 2",USER_ACTION,Required when Financial Fine is selected.,Pass when the actor can complete this action and the resulting state is visible: Required when Financial Fine is selected.
REQ-R0C-02219,,SRC-08,"table 39, row 8, cell 4",BUSINESS_REQUIREMENT,Fine Amount is required.,Pass when the normalized obligation is demonstrably satisfied at the cited source location: Fine Amount is required.
REQ-R0C-02220,,SRC-08,"table 39, row 9, cell 2",BUSINESS_REQUIREMENT,Must be greater than zero.,Pass when the normalized obligation is demonstrably satisfied at the cited source location: Must be greater than zero.
REQ-R0C-02221,,SRC-08,"table 39, row 9, cell 4",BUSINESS_REQUIREMENT,Fine Amount must be greater than zero.,Pass when the normalized obligation is demonstrably satisfied at the cited source location: Fine Amount must be greater than zero.
REQ-R0C-02222,,SRC-08,"table 39, row 10, cell 2",BUSINESS_REQUIREMENT,Required when Fine Periodicity = Daily.,Pass when the normalized obligation is demonstrably satisfied at the cited source location: Required when Fine Periodicity = Daily.
REQ-R0C-02223,,SRC-08,"table 39, row 10, cell 4",BUSINESS_REQUIREMENT,Maximum Fine Limit is required.,Pass when the normalized obligation is demonstrably satisfied at the cited source location: Maximum Fine Limit is required.
REQ-R0C-02224,,SRC-08,"table 39, row 11, cell 2",BUSINESS_REQUIREMENT,Must be greater than zero.,Pass when the normalized obligation is demonstrably satisfied at the cited source location: Must be greater than zero.
REQ-R0C-02225,,SRC-08,"table 39, row 11, cell 4",BUSINESS_REQUIREMENT,Maximum Fine Limit must be greater than zero.,Pass when the normalized obligation is demonstrably satisfied at the cited source location: Maximum Fine Limit must be greater than zero.
REQ-R0C-02226,,SRC-08,"table 39, row 12, cell 2",BUSINESS_REQUIREMENT,Must be equal to or greater than the daily Amount.,Pass when the normalized obligation is demonstrably satisfied at the cited source location: Must be equal to or greater than the daily Amount.
REQ-R0C-02227,,SRC-08,"table 39, row 12, cell 4",BUSINESS_REQUIREMENT,Maximum Fine Limit must be equal to or greater than the daily Fine Amount.,Pass when the normalized obligation is demonstrably satisfied at the cited source location: Maximum Fine Limit must be equal to or greater than the daily Fine Amount.
REQ-R0C-02228,,SRC-08,"table 40, row 2, cell 2",BUSINESS_REQUIREMENT,"Retrieve the linked Regulation, Inspection Item, and Trigger Response and display them as read-only information.","Pass when the normalized obligation is demonstrably satisfied at the cited source location: Retrieve the linked Regulation, Inspection Item, and Trigger Response and display them as read-only information."
REQ-R0C-02229,,SRC-08,"table 40, row 5, cell 2",BUSINESS_REQUIREMENT,Display Fine Periodicity and Amount fields.,Pass when the normalized obligation is demonstrably satisfied at the cited source location: Display Fine Periodicity and Amount fields.
REQ-R0C-02230,,SRC-08,"table 40, row 7, cell 2",BUSINESS_REQUIREMENT,Display Amount and hide Maximum Fine Limit.,Pass when the normalized obligation is demonstrably satisfied at the cited source location: Display Amount and hide Maximum Fine Limit.
REQ-R0C-02231,,SRC-08,"table 40, row 8, cell 2",BUSINESS_REQUIREMENT,Display Amount and Maximum Fine Limit and make both mandatory.,Pass when the normalized obligation is demonstrably satisfied at the cited source location: Display Amount and Maximum Fine Limit and make both mandatory.
REQ-R0C-02232,,SRC-08,"table 40, row 9, cell 2",BUSINESS_REQUIREMENT,Validate that the value is numeric and greater than zero.,Pass when the normalized obligation is demonstrably satisfied at the cited source location: Validate that the value is numeric and greater than zero.
REQ-R0C-02233,,SRC-08,"table 40, row 10, cell 2",BUSINESS_REQUIREMENT,Validate that the value is greater than or equal to the daily Amount.,Pass when the normalized obligation is demonstrably satisfied at the cited source location: Validate that the value is greater than or equal to the daily Amount.
REQ-R0C-02234,,SRC-08,"table 40, row 15, cell 2",BUSINESS_REQUIREMENT,Create and activate the new Penalty version and retire the previously active version.,Pass when the normalized obligation is demonstrably satisfied at the cited source location: Create and activate the new Penalty version and retire the previously active version.
REQ-R0C-02235,,SRC-08,"table 43, row 2, cell 3",USER_ACTION,"Edit, add components, remove new components, validate, submit, cancel.","Pass when the actor can complete this action and the resulting state is visible: Edit, add components, remove new components, validate, submit, cancel."
REQ-R0C-02236,,SRC-08,"table 43, row 3, cell 3",BUSINESS_REQUIREMENT,"View, review, approve, return, reject, finalize review.","Pass when the normalized obligation is demonstrably satisfied at the cited source location: View, review, approve, return, reject, finalize review."
REQ-R0C-02237,,SRC-08,"table 43, row 4, cell 3",USER_ACTION,"Edit returned components and affected dependencies, resubmit, cancel.","Pass when the actor can complete this action and the resulting state is visible: Edit returned components and affected dependencies, resubmit, cancel."
REQ-R0C-02238,,SRC-08,"table 43, row 5, cell 3",BUSINESS_REQUIREMENT,"View, activate, deactivate, create modification request.","Pass when the normalized obligation is demonstrably satisfied at the cited source location: View, activate, deactivate, create modification request."
REQ-R0C-02239,,SRC-08,"table 43, row 6, cell 3",BUSINESS_REQUIREMENT,"View decisions, activate approved components, create a new request for rejected components.","Pass when the normalized obligation is demonstrably satisfied at the cited source location: View decisions, activate approved components, create a new request for rejected components."
REQ-R0C-02240,,SRC-08,"table 43, row 7, cell 3",BUSINESS_REQUIREMENT,"View only, copy into a new request.","Pass when the normalized obligation is demonstrably satisfied at the cited source location: View only, copy into a new request."
REQ-R0C-02241,,SRC-08,"table 44, row 2, cell 1",BUSINESS_REQUIREMENT,Create New Regulation,Pass when the normalized obligation is demonstrably satisfied at the cited source location: Create New Regulation
REQ-R0C-02242,,SRC-08,"table 48, row 2, cell 3",BUSINESS_REQUIREMENT,Publish all approved components.,Pass when the normalized obligation is demonstrably satisfied at the cited source location: Publish all approved components.
REQ-R0C-02243,,SRC-08,"table 48, row 3, cell 3",BUSINESS_REQUIREMENT,Publish only valid approved branches.,Pass when the normalized obligation is demonstrably satisfied at the cited source location: Publish only valid approved branches.
REQ-R0C-02244,,SRC-08,"table 48, row 4, cell 3",BUSINESS_REQUIREMENT,Publish nothing from the current revision.,Pass when the normalized obligation is demonstrably satisfied at the cited source location: Publish nothing from the current revision.
REQ-R0C-02245,,SRC-08,"table 49, row 2, cell 2",USER_ACTION,Select Create or Modify and enter request header.,Pass when the actor can complete this action and the resulting state is visible: Select Create or Modify and enter request header.
REQ-R0C-02246,,SRC-08,"table 49, row 2, cell 3",BUSINESS_REQUIREMENT,Create Draft and generate Request ID.,Pass when the normalized obligation is demonstrably satisfied at the cited source location: Create Draft and generate Request ID.
REQ-R0C-02247,,SRC-08,"table 49, row 3, cell 2",BUSINESS_REQUIREMENT,Create or propose changes to Regulation.,Pass when the normalized obligation is demonstrably satisfied at the cited source location: Create or propose changes to Regulation.
REQ-R0C-02248,,SRC-08,"table 49, row 4, cell 1",BUSINESS_REQUIREMENT,Configure Inspection Items,Pass when the normalized obligation is demonstrably satisfied at the cited source location: Configure Inspection Items
REQ-R0C-02249,,SRC-08,"table 49, row 4, cell 2",BUSINESS_REQUIREMENT,Add or modify Inspection Items.,Pass when the normalized obligation is demonstrably satisfied at the cited source location: Add or modify Inspection Items.
REQ-R0C-02250,,SRC-08,"table 49, row 5, cell 3",BUSINESS_REQUIREMENT,Display only Non-Compliant responses.,Pass when the normalized obligation is demonstrably satisfied at the cited source location: Display only Non-Compliant responses.
REQ-R0C-02251,,SRC-08,"table 49, row 7, cell 3",BUSINESS_REQUIREMENT,"Validate fields, dependencies, duplicates, and active references.","Pass when the normalized obligation is demonstrably satisfied at the cited source location: Validate fields, dependencies, duplicates, and active references."
REQ-R0C-02252,,SRC-08,"table 49, row 7, cell 5",BUSINESS_REQUIREMENT,Blocking errors prevent submission.,Pass when the normalized obligation is demonstrably satisfied at the cited source location: Blocking errors prevent submission.
REQ-R0C-02253,,SRC-08,"table 49, row 8, cell 3",BUSINESS_REQUIREMENT,"Lock snapshot, set Pending Approval, notify Approver.","Pass when the normalized obligation is demonstrably satisfied at the cited source location: Lock snapshot, set Pending Approval, notify Approver."
REQ-R0C-02254,,SRC-08,"table 49, row 9, cell 2",BUSINESS_REQUIREMENT,"Approve, Return, or Reject each component.","Pass when the normalized obligation is demonstrably satisfied at the cited source location: Approve, Return, or Reject each component."
REQ-R0C-02255,,SRC-08,"table 49, row 9, cell 3",BUSINESS_REQUIREMENT,Store component decisions and enforce dependencies.,Pass when the normalized obligation is demonstrably satisfied at the cited source location: Store component decisions and enforce dependencies.
REQ-R0C-02256,,SRC-08,"table 49, row 9, cell 5",BUSINESS_REQUIREMENT,Return and Reject require comments.,Pass when the normalized obligation is demonstrably satisfied at the cited source location: Return and Reject require comments.
REQ-R0C-02257,,SRC-08,"table 49, row 10, cell 2",BUSINESS_REQUIREMENT,"Reject an Item, Violation, or Penalty.","Pass when the normalized obligation is demonstrably satisfied at the cited source location: Reject an Item, Violation, or Penalty."
REQ-R0C-02258,,SRC-08,"table 49, row 11, cell 2",BUSINESS_REQUIREMENT,Return a component for correction.,Pass when the normalized obligation is demonstrably satisfied at the cited source location: Return a component for correction.
REQ-R0C-02259,,SRC-08,"table 49, row 11, cell 3",BUSINESS_REQUIREMENT,Set request to Returned and publish nothing.,Pass when the normalized obligation is demonstrably satisfied at the cited source location: Set request to Returned and publish nothing.
REQ-R0C-02260,,SRC-08,"table 49, row 12, cell 3",BUSINESS_REQUIREMENT,Create new revision and reroute.,Pass when the normalized obligation is demonstrably satisfied at the cited source location: Create new revision and reroute.
REQ-R0C-02261,,SRC-08,"table 49, row 13, cell 3",BUSINESS_REQUIREMENT,Calculate final request status.,Pass when the normalized obligation is demonstrably satisfied at the cited source location: Calculate final request status.
REQ-R0C-02262,,SRC-08,"table 49, row 14, cell 3",BUSINESS_REQUIREMENT,Publish only complete approved branches.,Pass when the normalized obligation is demonstrably satisfied at the cited source location: Publish only complete approved branches.
REQ-R0C-02263,,SRC-08,"table 49, row 15, cell 5",BUSINESS_REQUIREMENT,Parent components must be valid and Active.,Pass when the normalized obligation is demonstrably satisfied at the cited source location: Parent components must be valid and Active.
