master_row,requirement_id,module,source_requirement,design_ref,route_or_component,test_evidence,runtime_evidence,provider_or_policy_hold,classification,gap_or_note,source_paths
1,MVP2-REQ-0073,M3-00,"PLAT-0016 integration and data sharing across EBDA, identity, master data, licensing, maps, documents, analytics and exports",CD-050 R2 frames 01..06,/admin/integrations; integration endpoint/export-job controls,mvp3-enterprise-contract.spec.ts fail-closed dependency and route contracts; mvp3-retrofit-regression.spec.ts live integration route and persona containment,Remote migration proves four dependency-blocked endpoints; retrofit certificate proves schema/RLS and full regression but does not prove signed external exchange,MVP3-HOLD-001; MVP3-HOLD-002; MVP3-HOLD-003; MVP3-HOLD-004,NEEDS_REVIEW,"Design and control-plane implementation align, but the required signed report/data-exchange end-to-end result is not runtime-evidenced while signature, map, identity and EBDA providers remain open and fail-closed.",product-contract/mvp3/MVP3_84_ROW_MASTER_REGISTER.csv; product-contract/mvp3/MVP3_84_ROW_COVERAGE_RECONCILIATION_R2.csv; product-contract/mvp3/MVP3_IMPLEMENTATION_STATUS.csv; product-contract/mvp3/MVP3_PROVIDER_POLICY_HOLDS.csv; product-contract/evidence/TASK-MVP3-REMOTE-SUPABASE-MIGRATION-001.md; product-contract/evidence/TASK-MVP3-RETROFIT-REGRESSION-001.md; apps/web/e2e/mvp3-enterprise-contract.spec.ts; apps/web/e2e/mvp3-retrofit-regression.spec.ts
2,MVP2-REQ-0078,M3-00,"PLAT-0027 platform operations for environment config, monitoring, error queues, feature flags, backups and retention",CD-050 R2 frames 01..06,/admin/operations; mvp3_error_queue; mvp3_feature_flags,mvp3-retrofit-regression.spec.ts live control-plane route; mvp3-enterprise-contract.spec.ts schema and route inventory,Live operations route and additive schema are certified; destructive purge is intentionally disabled and retention/backup values remain unresolved,MVP3-HOLD-006,NEEDS_REVIEW,"Monitoring, queue and feature-flag controls are evidenced, but approved retention periods, backup target and restore objectives are absent; the whole source requirement is therefore not runtime-complete.",product-contract/mvp3/MVP3_84_ROW_MASTER_REGISTER.csv; product-contract/mvp3/MVP3_84_ROW_COVERAGE_RECONCILIATION_R2.csv; product-contract/mvp3/MVP3_IMPLEMENTATION_STATUS.csv; product-contract/mvp3/MVP3_SCHEMA_REUSE_REGISTER.csv; product-contract/mvp3/MVP3_PROVIDER_POLICY_HOLDS.csv; product-contract/evidence/TASK-MVP3-REMOTE-SUPABASE-MIGRATION-001.md; product-contract/evidence/TASK-MVP3-RETROFIT-REGRESSION-001.md
3,MVP2-REQ-0188,M3-00,"Role-specific API Gateway/BFF for web, admin, iPad and external consumers",CD-050 R2 frames 01..06,/admin/integrations; Next.js server actions; governed Supabase RPCs,mvp3-enterprise-contract.spec.ts route inventory and fixed-search-path RPC contracts,Remote migration certifies seven governed RPCs and no anonymous execution; browser regression certifies application routes,MVP3-HOLD-003; MVP3-HOLD-004,NEEDS_REVIEW,"Governed application APIs exist, but no row-specific gateway/BFF contract or external-consumer runtime payload is named; external identity and exchange remain held.",product-contract/mvp3/MVP3_84_ROW_MASTER_REGISTER.csv; product-contract/mvp3/MVP3_84_ROW_COVERAGE_RECONCILIATION_R2.csv; product-contract/mvp3/MVP3_IMPLEMENTATION_STATUS.csv; product-contract/evidence/TASK-MVP3-REMOTE-SUPABASE-MIGRATION-001.md; product-contract/evidence/TASK-MVP3-RETROFIT-REGRESSION-001.md; apps/web/e2e/mvp3-enterprise-contract.spec.ts
4,MVP2-REQ-0189,M3-00,"Rule engine evaluates conditions for forms, workflow, risk, enforcement and validation",CD-050 R2 frames 01..06,Canonical workflow guards; package validation; risk and enforcement rules,"Protected regression includes workflow, package, risk and enforcement suites; no test is tagged to this exact row",Retrofit map confirms reuse of canonical workflow and package engines without a second engine,None,NEEDS_REVIEW,"The architecture is consistent with reuse, but the evidence set does not name one end-to-end rule-engine runtime demonstration spanning the stated consumers.",product-contract/mvp3/MVP3_84_ROW_MASTER_REGISTER.csv; product-contract/mvp3/MVP3_84_ROW_COVERAGE_RECONCILIATION_R2.csv; product-contract/mvp3/MVP3_RETROFIT_INTEGRATION_MAP.csv; product-contract/evidence/TASK-MVP3-RETROFIT-REGRESSION-001.md
5,MVP2-REQ-0190,M3-00,"Operational database for factories, visits, inspections, workflows, forms, findings and enforcement",CD-050 R2 frames 01..06,Canonical MVP1/MVP2 data model plus additive MVP3 tables,"mvp3-enterprise-contract.spec.ts verifies additive tables, RLS and no service-role browser path","Remote migration proves 13/13 MVP3 tables with RLS, 25 policies and zero anonymous grants; retrofit map confirms canonical source-of-truth reuse",None,MATCH,"Source, design, reuse register, live migration and retrofit evidence agree that MVP3 extends rather than forks the operational database.",product-contract/mvp3/MVP3_84_ROW_MASTER_REGISTER.csv; product-contract/mvp3/MVP3_84_ROW_COVERAGE_RECONCILIATION_R2.csv; product-contract/mvp3/MVP3_SCHEMA_REUSE_REGISTER.csv; product-contract/mvp3/MVP3_RETROFIT_INTEGRATION_MAP.csv; product-contract/evidence/TASK-MVP3-REMOTE-SUPABASE-MIGRATION-001.md; apps/web/e2e/mvp3-enterprise-contract.spec.ts
6,MVP2-REQ-0191,M3-00,EBDA/signature gateway for digital-signature validation and signing ceremony,CD-050 R2 frames 01..06,/admin/integrations; signature-provider boundary,mvp3-enterprise-contract.spec.ts verifies dependencies remain fail-closed,Migration seeds dependency-blocked integration endpoints; no approved provider or signing ceremony was executed,MVP3-HOLD-001; MVP3-HOLD-004,NEEDS_REVIEW,"The seam is honestly implemented and held, but provider-backed signature validation and the signing ceremony are not runtime evidence.",product-contract/mvp3/MVP3_84_ROW_MASTER_REGISTER.csv; product-contract/mvp3/MVP3_84_ROW_COVERAGE_RECONCILIATION_R2.csv; product-contract/mvp3/MVP3_PROVIDER_POLICY_HOLDS.csv; product-contract/evidence/TASK-MVP3-REMOTE-SUPABASE-MIGRATION-001.md; apps/web/e2e/mvp3-enterprise-contract.spec.ts
7,MVP2-REQ-0192,M3-00,"Security/IAM for roles, permissions, data scopes, device trust and external identity",CD-050 R2 frames 01..06,/admin/security-access; /admin/devices; RLS policies,"mvp3-enterprise-contract.spec.ts maker-checker, evidence access and RLS contracts; mvp3-retrofit-regression.spec.ts negative persona containment","Live RLS, access-review and persona containment are certified; external SSO and MDM administration remain unavailable",MVP3-HOLD-003; MDM/device-provider release hold,NEEDS_REVIEW,"Local authorization and purpose-bound access are evidenced, but the full row also requires external identity and device trust, whose providers remain fail-closed.",product-contract/mvp3/MVP3_84_ROW_MASTER_REGISTER.csv; product-contract/mvp3/MVP3_84_ROW_COVERAGE_RECONCILIATION_R2.csv; product-contract/mvp3/MVP3_SCHEMA_REUSE_REGISTER.csv; product-contract/mvp3/MVP3_PROVIDER_POLICY_HOLDS.csv; product-contract/evidence/TASK-MVP3-RETROFIT-REGRESSION-001.md
8,MVP2-REQ-0224,M3-00,"Position the product as a KSA factory-licensing inspection platform supporting award, renew, conditional approval, suspension, rejection, re-inspection, correction and objection",CD-050 R2 frames 01..06,"Integrated inspection, review, enforcement, committee and portal surfaces",510-test protected regression covers the integrated route inventory and canonical personas,Retrofit certificate proves coexistence of the named engines but is not a board demo or business walkthrough,None,NEEDS_REVIEW,"The platform identity is consistent across source and implementation, but the required board-demo/business-walkthrough evidence is not named for this row.",product-contract/mvp3/MVP3_84_ROW_MASTER_REGISTER.csv; product-contract/mvp3/MVP3_84_ROW_COVERAGE_RECONCILIATION_R2.csv; product-contract/mvp3/MVP3_RETROFIT_INTEGRATION_MAP.csv; product-contract/evidence/TASK-MVP3-RETROFIT-REGRESSION-001.md
9,MVP2-REQ-0226,M3-00,"Inspection target is factories and industrial establishments for licensing, not generic public-facility or safety audit",CD-050 R2 frames 01..06,"Canonical factories, visits and inspections routes and data contracts","Protected regression retains planner, inspector and reviewer workspaces and factory/visit foundations","Retrofit certificate states there is no parallel factory, visit or inspection source of truth",None,MATCH,All reviewed sources preserve the factory-licensing boundary; no contrary generic-domain implementation was found.,product-contract/mvp3/MVP3_84_ROW_MASTER_REGISTER.csv; product-contract/mvp3/MVP3_84_ROW_COVERAGE_RECONCILIATION_R2.csv; product-contract/mvp3/MVP3_RETROFIT_INTEGRATION_MAP.csv; product-contract/evidence/TASK-MVP3-RETROFIT-REGRESSION-001.md; apps/web/e2e/mvp3-retrofit-regression.spec.ts
10,MVP2-REQ-0227,M3-00,"Admin Studios cover regulations, forms, workflow, risk, GIS, devices/offline, security/audit, integrations and analytics under maker-checker governance",CD-050 R2 frames 01..06,/admin/regulations; /admin/packages; /admin/workflows; /admin/risk; /admin/gis; /admin/devices; /admin/security-access; /admin/integrations; /dashboard,mvp3-enterprise-contract.spec.ts mounts the cross-studio route inventory and verifies maker-checker controls; protected regression preserves all routes,Retrofit certificate reports 12 design modules coexisting with canonical engines; live schema enforces maker-checker on sensitive actions,None,MATCH,"The stated admin control planes, role containment and non-silent versioning model are represented and regression-certified.",product-contract/mvp3/MVP3_84_ROW_MASTER_REGISTER.csv; product-contract/mvp3/MVP3_84_ROW_COVERAGE_RECONCILIATION_R2.csv; product-contract/mvp3/MVP3_RETROFIT_INTEGRATION_MAP.csv; product-contract/evidence/TASK-MVP3-RETROFIT-REGRESSION-001.md; apps/web/e2e/mvp3-enterprise-contract.spec.ts
11,MVP2-REQ-0239,M3-00,"Define integration inventory, API specifications, data owner, failure modes and mock/sandbox plan for external registries, licensing, notifications and EBDA",CD-050 R2 frames 01..06,/admin/integrations; mvp3_integration_endpoints,mvp3-enterprise-contract.spec.ts verifies dependency-blocked provider states; live regression renders four registered endpoints,Remote migration proves four dependency-blocked endpoints without provider enablement,MVP3-HOLD-003; MVP3-HOLD-004; MVP3-HOLD-005,NEEDS_REVIEW,"Inventory and failure behavior are evidenced, but complete API specifications, named data owners and sandbox plans are not present in the reviewed row-level evidence.",product-contract/mvp3/MVP3_84_ROW_MASTER_REGISTER.csv; product-contract/mvp3/MVP3_84_ROW_COVERAGE_RECONCILIATION_R2.csv; product-contract/mvp3/MVP3_PROVIDER_POLICY_HOLDS.csv; product-contract/evidence/TASK-MVP3-REMOTE-SUPABASE-MIGRATION-001.md; apps/web/e2e/mvp3-retrofit-regression.spec.ts
12,MVP2-REQ-0241,M3-00,"Tighten generic role/security model through RBAC/ABAC, maker-checker, sensitive-action approvals and audit-access rules",CD-050 R2 frames 01..06,/admin/security-access; RLS and governed RPCs,"mvp3-enterprise-contract.spec.ts verifies self-review denial, maker-checker, purpose and expiry; mvp3-retrofit-regression.spec.ts verifies negative persona containment","Remote migration certifies fixed-search-path role-checked RPCs, RLS and zero anonymous grants",None,MATCH,"Source concern is directly addressed by live access-review, maker-checker, purpose/expiry and negative-role controls.",product-contract/mvp3/MVP3_84_ROW_MASTER_REGISTER.csv; product-contract/mvp3/MVP3_84_ROW_COVERAGE_RECONCILIATION_R2.csv; product-contract/mvp3/MVP3_SCHEMA_REUSE_REGISTER.csv; product-contract/evidence/TASK-MVP3-REMOTE-SUPABASE-MIGRATION-001.md; apps/web/e2e/mvp3-enterprise-contract.spec.ts; apps/web/e2e/mvp3-retrofit-regression.spec.ts
13,MVP2-REQ-0256,M3-00,"Implement RBAC/ABAC, MFA/SSO, encryption at rest/in transit, evidence access control, retention and privacy audit logs",CD-050 R2 frames 01..06,/admin/security-access; purpose-bound evidence grants; audit events,"mvp3-enterprise-contract.spec.ts verifies role controls, append-only evidence, purpose and expiry","Live RLS and evidence-access controls are certified; external SSO and retention policy remain unresolved, and no row-specific encryption proof is named",MVP3-HOLD-003; MVP3-HOLD-006,NEEDS_REVIEW,"Access control and privacy logging align, but MFA/SSO, approved retention and explicit encryption evidence prevent whole-row runtime completion.",product-contract/mvp3/MVP3_84_ROW_MASTER_REGISTER.csv; product-contract/mvp3/MVP3_84_ROW_COVERAGE_RECONCILIATION_R2.csv; product-contract/mvp3/MVP3_PROVIDER_POLICY_HOLDS.csv; product-contract/evidence/TASK-MVP3-REMOTE-SUPABASE-MIGRATION-001.md; apps/web/e2e/mvp3-enterprise-contract.spec.ts
14,MVP2-REQ-0238,M3-00,"Provide bilingual Arabic/English content, terminology, RTL testing and Arabic form rendering on iPad",CD-050 R2 frames 01..06,Additive admin routes; /admin/packages field preview; shared i18n,mvp3-enterprise-contract.spec.ts verifies Arabic keys; mvp3-retrofit-regression.spec.ts verifies Arabic RTL mobile; cd-008-009-packages.spec.ts verifies package RTL,"Runtime tests prove selected additive routes and package surfaces, not the complete forms, legal clauses, dashboards and field-instruction estate",None,NEEDS_REVIEW,"Arabic/RTL evidence is real but narrower than the source requirement's all-stakeholder, iPad-rendering scope; human Arabic review is also not shown here.",product-contract/mvp3/MVP3_84_ROW_MASTER_REGISTER.csv; product-contract/mvp3/MVP3_84_ROW_COVERAGE_RECONCILIATION_R2.csv; product-contract/evidence/TASK-MVP3-RETROFIT-REGRESSION-001.md; apps/web/e2e/mvp3-enterprise-contract.spec.ts; apps/web/e2e/mvp3-retrofit-regression.spec.ts; apps/web/e2e/cd-008-009-packages.spec.ts
15,MVP2-REQ-0249,M3-01,"Workflow Studio configures status transitions, guards, SLAs, notifications and action permissions; simulator proves happy and exception paths before publish",CD-051 R2 frames 01..06,/admin/workflows; canonical workflow definitions and validators,"mvp2-m2-02 workflow validator, lifecycle, transition-guard, notification, SLA and governed-transition tests; protected regression retains route","Implementation status certifies workflow regression, but no named runtime test demonstrates the complete pre-publish simulator UI across happy and exception paths",None,NEEDS_REVIEW,"The underlying workflow contracts are well-tested, yet the row's specific simulator acceptance result is not directly runtime-evidenced.",product-contract/mvp3/MVP3_84_ROW_MASTER_REGISTER.csv; product-contract/mvp3/MVP3_84_ROW_COVERAGE_RECONCILIATION_R2.csv; product-contract/mvp3/MVP3_IMPLEMENTATION_STATUS.csv; product-contract/mvp3/MVP3_SCHEMA_REUSE_REGISTER.csv; product-contract/evidence/TASK-MVP3-RETROFIT-REGRESSION-001.md; apps/web/e2e/mvp2-m2-02-workflow-validator.spec.ts; apps/web/e2e/mvp2-m2-02-transition-guards.spec.ts
16,MVP2-REQ-0250,M3-01,Published workflow versions remain immutable for in-flight inspections; new versions apply prospectively unless controlled migration is approved,CD-051 R2 frames 01..06,/admin/workflows; workflow_versions; canonical in-flight bindings,"Workflow lifecycle, governed-transition and event tests protect versioned behavior; full regression contains the inherited workflow suite",Implementation status explicitly certifies published/in-flight behavior within the 510-test protected regression; retrofit map prohibits mutation of in-flight inspections,None,MATCH,"Source, design, schema reuse, retrofit rule and runtime-regression status agree on immutable in-flight bindings and prospective versions.",product-contract/mvp3/MVP3_84_ROW_MASTER_REGISTER.csv; product-contract/mvp3/MVP3_84_ROW_COVERAGE_RECONCILIATION_R2.csv; product-contract/mvp3/MVP3_IMPLEMENTATION_STATUS.csv; product-contract/mvp3/MVP3_SCHEMA_REUSE_REGISTER.csv; product-contract/mvp3/MVP3_RETROFIT_INTEGRATION_MAP.csv; product-contract/evidence/TASK-MVP3-RETROFIT-REGRESSION-001.md
17,MVP2-REQ-0044,M3-02,"Reusable template library by visit type, regulation, activity, sector, risk band and region with governed publish approval",CD-052 R2 frames 01..06,/admin/packages; TemplateRegistry; configuration_templates,cd-008-009-packages.spec.ts renders package groups and versions; cd-006-011-backend-completion.spec.ts verifies template version publishing,Protected regression certifies package composer and immutable version contracts on the live route,None,MATCH,Reusable versioned templates and governed publishing are represented in source and covered by package runtime/backend tests.,product-contract/mvp3/MVP3_84_ROW_MASTER_REGISTER.csv; product-contract/mvp3/MVP3_84_ROW_COVERAGE_RECONCILIATION_R2.csv; product-contract/mvp3/MVP3_IMPLEMENTATION_STATUS.csv; product-contract/mvp3/MVP3_SCHEMA_REUSE_REGISTER.csv; apps/web/e2e/cd-008-009-packages.spec.ts; apps/web/e2e/cd-006-011-backend-completion.spec.ts
18,MVP2-REQ-0045,M3-02,"Component catalog includes text, number, date, dropdown, yes/no, multi-select, evidence, GPS, signature, table, repeatable group, calculated field and clause selector, all rendering on iPad",CD-052 R2 frames 01..06,/admin/packages DraftEditor and PackagePreview; field projection,cd-008-009-packages.spec.ts proves read-only field preview and authoring structure but not every listed component type,Package route is regression-certified; no named runtime artifact enumerates and renders all component types on iPad,MVP3-HOLD-001 affects provider-backed signature execution only,NEEDS_REVIEW,"Catalog implementation is plausible, but the acceptance result requires a complete all-component iPad render proof that is not named.",product-contract/mvp3/MVP3_84_ROW_MASTER_REGISTER.csv; product-contract/mvp3/MVP3_84_ROW_COVERAGE_RECONCILIATION_R2.csv; product-contract/mvp3/MVP3_IMPLEMENTATION_STATUS.csv; product-contract/mvp3/MVP3_PROVIDER_POLICY_HOLDS.csv; apps/web/e2e/cd-008-009-packages.spec.ts
19,MVP2-REQ-0046,M3-02,"Map questions, findings and violation options to regulation, active clause version, violation and penalty",CD-052 R2 frames 01..06,/admin/regulations; /admin/packages; item_rules and version lineage,cd-008-009-packages.spec.ts publish gate validates violation/penalty dependencies; cd-006-011-backend-completion.spec.ts protects frozen dependencies and package snapshots,"Implementation status certifies package composer, lineage, manifest/hash and immutable version contracts",None,MATCH,"Clause, violation and penalty relationships are versioned and publish-gated; the runtime certification names lineage and immutable package contracts.",product-contract/mvp3/MVP3_84_ROW_MASTER_REGISTER.csv; product-contract/mvp3/MVP3_84_ROW_COVERAGE_RECONCILIATION_R2.csv; product-contract/mvp3/MVP3_IMPLEMENTATION_STATUS.csv; apps/web/e2e/cd-008-009-packages.spec.ts; apps/web/e2e/cd-006-011-backend-completion.spec.ts
20,MVP2-REQ-0047,M3-02,"Conditional show, hide, require, score, evidence and branching rules work by answer, visit type, risk, activity or regulation in preview and offline",CD-052 R2 frames 01..06,/admin/packages DraftEditor and field runtime; visible_when and mandatory_when_visible,"cd-008-009-packages.spec.ts verifies visibility-rule grammar, circular-rule rejection and field projection semantics",Protected regression certifies the package surface but does not name an offline conditional-logic runtime case,None,NEEDS_REVIEW,Authoring validation is evidenced; the full preview-plus-offline behavior across the stated condition inputs is not directly evidenced.,product-contract/mvp3/MVP3_84_ROW_MASTER_REGISTER.csv; product-contract/mvp3/MVP3_84_ROW_COVERAGE_RECONCILIATION_R2.csv; product-contract/mvp3/MVP3_IMPLEMENTATION_STATUS.csv; apps/web/e2e/cd-008-009-packages.spec.ts; product-contract/evidence/TASK-MVP3-RETROFIT-REGRESSION-001.md
21,MVP2-REQ-0048,M3-02,"Configure evidence type, minimum count, metadata and file limits per question, finding and severity; block submit when evidence is missing",CD-052 R2 frames 01..06,/admin/packages evidence_rule; canonical field submission guards,cd-008-009-packages.spec.ts verifies evidence-rule publish blockers and authoritative definition wiring; protected regression includes field/package negative paths,Runtime-regression certificate preserves deterministic inspection behavior and package contracts,None,MATCH,Evidence rules are part of the governed package definition and validation blocks incomplete evidence configuration; no conflicting implementation was found.,product-contract/mvp3/MVP3_84_ROW_MASTER_REGISTER.csv; product-contract/mvp3/MVP3_84_ROW_COVERAGE_RECONCILIATION_R2.csv; product-contract/mvp3/MVP3_IMPLEMENTATION_STATUS.csv; apps/web/e2e/cd-008-009-packages.spec.ts; product-contract/evidence/TASK-MVP3-RETROFIT-REGRESSION-001.md
22,MVP2-REQ-0049,M3-02,"Define section scores, compliance score, risk outputs and calculated fields with matching iPad and server values",CD-052 R2 frames 01..06,/admin/packages scoring fields; field runtime; risk engine,cd-008-009-packages.spec.ts verifies score_weight and scoringEnabled source wiring,Package runtime is certified at module level; no named test compares iPad and server calculation results,None,NEEDS_REVIEW,"Scoring configuration exists, but the required cross-runtime equality result is not directly evidenced.",product-contract/mvp3/MVP3_84_ROW_MASTER_REGISTER.csv; product-contract/mvp3/MVP3_84_ROW_COVERAGE_RECONCILIATION_R2.csv; product-contract/mvp3/MVP3_IMPLEMENTATION_STATUS.csv; apps/web/e2e/cd-008-009-packages.spec.ts
23,MVP2-REQ-0050,M3-02,"Arabic/English labels, help, errors and report labels with RTL; form fully bilingual before release",CD-052 R2 frames 01..06,/admin/packages; /admin/localization; shared i18n,cd-008-009-packages.spec.ts verifies Arabic document-level RTL and guarded Arabic string source,"Runtime shows populated package hierarchy in Arabic RTL, but not every label/help/error/report string or human language review",None,NEEDS_REVIEW,Bilingual infrastructure and a representative runtime are evidenced; the whole-form completeness acceptance is broader than the named proof.,product-contract/mvp3/MVP3_84_ROW_MASTER_REGISTER.csv; product-contract/mvp3/MVP3_84_ROW_COVERAGE_RECONCILIATION_R2.csv; product-contract/mvp3/MVP3_IMPLEMENTATION_STATUS.csv; apps/web/e2e/cd-008-009-packages.spec.ts
24,MVP2-REQ-0051,M3-02,"Compile template, logic, clauses, evidence, report mapping and signatures into an immutable package referenced by reports",CD-052 R2 frames 01..06,/admin/packages; mvp3_compile_inspection_package; mvp3_inspection_package_manifests,"mvp3-enterprise-contract.spec.ts requires forms, clauses, evidence_rules, report_template and locales in the manifest, SHA-256 hash shape and append-only trigger; package tests protect immutable published versions",Live migration certifies the additive package manifest table/RPC; module status certifies manifest/hash and immutable version contracts,"MVP3-HOLD-001 applies only to external signature execution, not provider-independent package composition",MATCH,"The compiled manifest is complete, hashed and append-only, with provider-independent composition preserved while external signature execution stays held.",product-contract/mvp3/MVP3_84_ROW_MASTER_REGISTER.csv; product-contract/mvp3/MVP3_84_ROW_COVERAGE_RECONCILIATION_R2.csv; product-contract/mvp3/MVP3_SCHEMA_REUSE_REGISTER.csv; product-contract/evidence/TASK-MVP3-REMOTE-SUPABASE-MIGRATION-001.md; apps/web/e2e/mvp3-enterprise-contract.spec.ts; apps/web/e2e/cd-008-009-packages.spec.ts
25,MVP2-REQ-0052,M3-02,"Map sections, questions, findings and evidence to a report template; generated report has no missing mandatory sections",CD-052 R2 frames 01..06,/admin/packages response_mapping and report_template manifest,cd-008-009-packages.spec.ts verifies response_mapping wiring and report-template inclusion at publish; mvp3-enterprise-contract.spec.ts requires report_template in compiled manifest,"Module-level package runtime is certified, but no named generated-report test asserts every mandatory section is populated",None,NEEDS_REVIEW,"Authoring and manifest mapping align, but the final generated-report completeness acceptance is not directly runtime-evidenced.",product-contract/mvp3/MVP3_84_ROW_MASTER_REGISTER.csv; product-contract/mvp3/MVP3_84_ROW_COVERAGE_RECONCILIATION_R2.csv; product-contract/mvp3/MVP3_IMPLEMENTATION_STATUS.csv; apps/web/e2e/cd-008-009-packages.spec.ts; apps/web/e2e/mvp3-enterprise-contract.spec.ts
26,MVP2-REQ-0053,M3-02,Map answers to KPI fields and risk variables so dashboard drill-through reaches the answer source,CD-052 R2 frames 01..06,/admin/packages response_mapping; /dashboard; /admin/risk,"cd-008-009-packages.spec.ts verifies response_mapping source wiring; protected regression covers package, risk and dashboard routes",Retrofit certificate certifies coexistence but no named runtime case drills a KPI/risk result to its originating answer,None,NEEDS_REVIEW,"The mapping seam is present, but the stated dashboard drill-through acceptance result is not directly evidenced.",product-contract/mvp3/MVP3_84_ROW_MASTER_REGISTER.csv; product-contract/mvp3/MVP3_84_ROW_COVERAGE_RECONCILIATION_R2.csv; product-contract/mvp3/MVP3_IMPLEMENTATION_STATUS.csv; apps/web/e2e/cd-008-009-packages.spec.ts; product-contract/evidence/TASK-MVP3-RETROFIT-REGRESSION-001.md
27,MVP2-REQ-0054,M3-02,"Template testing provides preview, sample context, offline runtime test and validation suite with no broken logic or orphan mapping",CD-052 R2 frames 01..06,/admin/packages field preview and publish validation; offline field runtime,"cd-008-009-packages.spec.ts verifies preview, validation, circular-rule and dependency blockers; protected regression includes offline and package suites","Module-level package and field regression is certified, but no named single template-test run demonstrates sample context plus offline runtime and orphan-mapping checks",None,NEEDS_REVIEW,"Strong component evidence exists, but the complete template-testing acceptance bundle is not explicitly traceable to this row.",product-contract/mvp3/MVP3_84_ROW_MASTER_REGISTER.csv; product-contract/mvp3/MVP3_84_ROW_COVERAGE_RECONCILIATION_R2.csv; product-contract/mvp3/MVP3_IMPLEMENTATION_STATUS.csv; apps/web/e2e/cd-008-009-packages.spec.ts; product-contract/evidence/TASK-MVP3-RETROFIT-REGRESSION-001.md
28,MVP2-REQ-0055,M3-02,"Show impacted visit types, packages, reports and scheduled inspections before change approval so open visits do not change unexpectedly",CD-052 R2 frames 01..06,/admin/packages ImpactPanel,cd-008-009-packages.spec.ts verifies impact truth for active visits and inspections and refuses fabricated zero values,"Runtime route is certified and the impact panel distinguishes unavailable scope; evidence does not name visit-type, package and report impact coverage together",None,NEEDS_REVIEW,"The panel honestly reports visit/inspection impact, but the source requires a broader four-domain impact set before approval.",product-contract/mvp3/MVP3_84_ROW_MASTER_REGISTER.csv; product-contract/mvp3/MVP3_84_ROW_COVERAGE_RECONCILIATION_R2.csv; product-contract/mvp3/MVP3_IMPLEMENTATION_STATUS.csv; apps/web/e2e/cd-008-009-packages.spec.ts
29,MVP2-REQ-0070,M3-02,"Form Builder must govern templates, components, conditional logic, validation, evidence rules, scoring, report mapping, and localization.",CD-052 R2 frames 01..06,/admin/templates; /admin/packages,mvp3-enterprise-contract.spec.ts; cd-008-009-packages.spec.ts,Module-level runtime regression certificate; no row-specific end-to-end Form Builder proof named.,Production release hold only.,NEEDS_REVIEW,"The implementation register names package composer/lineage evidence, but does not identify runtime evidence for the full Form Builder surface, especially conditional logic, scoring, report mapping, and localization.",product-contract/mvp3/MVP3_84_ROW_MASTER_REGISTER.csv; product-contract/mvp3/MVP3_84_ROW_COVERAGE_RECONCILIATION_R2.csv; product-contract/mvp3/MVP3_IMPLEMENTATION_STATUS.csv; apps/web/e2e/mvp3-enterprise-contract.spec.ts; apps/web/e2e/cd-008-009-packages.spec.ts; product-contract/evidence/TASK-MVP3-RETROFIT-REGRESSION-001.md
30,MVP2-REQ-0071,M3-02,"Regulation Library must govern regulations, clauses, violations, penalties, maker/checker, effective versions, and linkages.",CD-052 R2 frames 01..06,/admin/regulations,cd-005-006-regulations.spec.ts; cd-006-regulation-publish-provenance.spec.ts; mvp3-enterprise-contract.spec.ts,M3-02 runtime regression certified; regulation lineage and immutable version contracts covered.,Production release hold only.,MATCH,"Design coverage, canonical regulation contracts, governed route, tests, and module runtime disposition align.",product-contract/mvp3/MVP3_84_ROW_MASTER_REGISTER.csv; product-contract/mvp3/MVP3_84_ROW_COVERAGE_RECONCILIATION_R2.csv; product-contract/mvp3/MVP3_IMPLEMENTATION_STATUS.csv; product-contract/mvp3/MVP3_SCHEMA_REUSE_REGISTER.csv; apps/web/e2e/cd-005-006-regulations.spec.ts; apps/web/e2e/cd-006-regulation-publish-provenance.spec.ts; product-contract/evidence/TASK-MVP3-RETROFIT-REGRESSION-001.md
31,MVP2-REQ-0235,M3-02,"Provide regulation impact analysis and a mandatory clause-mapping coverage report so clause updates do not silently drift from forms, rules, risk, or reports.",CD-052 R2 frames 01..06,/admin/regulations; /admin/templates; /admin/packages,cd-005-006-regulations.spec.ts; cd-008-009-packages.spec.ts,Module-level lineage and package regression is certified; an impact-analysis report runtime is not named.,Production release hold only.,NEEDS_REVIEW,No cited row-level evidence demonstrates the required affected-template/rule/risk/report impact report or mandatory mapping-coverage report.,product-contract/mvp3/MVP3_84_ROW_MASTER_REGISTER.csv; product-contract/mvp3/MVP3_84_ROW_COVERAGE_RECONCILIATION_R2.csv; product-contract/mvp3/MVP3_IMPLEMENTATION_STATUS.csv; apps/web/e2e/cd-005-006-regulations.spec.ts; apps/web/e2e/cd-008-009-packages.spec.ts; product-contract/evidence/TASK-MVP3-RETROFIT-REGRESSION-001.md
32,MVP2-REQ-0243,M3-02,Compile every assigned inspection into a locked manifest with an immutable package hash before field execution.,CD-052 R2 frames 01..06,/admin/packages; mvp3_compile_inspection_package RPC,mvp3-enterprise-contract.spec.ts; mvp3_retrofit_live_probe.sql,Rollback-only live package RPC probe and complete protected regression passed.,Production release hold; no production deployment claimed.,MATCH,"The migration validates required manifest sections, SHA-256 format, append-only manifests, and auditable package access; live rollback proof is named.",product-contract/mvp3/MVP3_84_ROW_MASTER_REGISTER.csv; product-contract/mvp3/MVP3_84_ROW_COVERAGE_RECONCILIATION_R2.csv; product-contract/mvp3/MVP3_SCHEMA_REUSE_REGISTER.csv; supabase/migrations/20260718150000_mvp3_enterprise_control_plane.sql; supabase/tests/mvp3_retrofit_live_probe.sql; apps/web/e2e/mvp3-enterprise-contract.spec.ts; product-contract/evidence/TASK-MVP3-RETROFIT-REGRESSION-001.md
33,MVP2-REQ-0251,M3-02,"Map every form question, finding, violation, penalty, and report paragraph to a regulation clause/version or configured non-regulatory reason.",CD-052 R2 frames 01..06,/admin/regulations; /admin/templates; /admin/packages,cd-005-006-regulations.spec.ts; cd-008-009-packages.spec.ts,Regulation/package lineage is module-certified; complete cross-object mapping coverage is not named.,Production release hold only.,NEEDS_REVIEW,"Evidence supports clause/package lineage but does not prove every named object type or the required impact report across templates, inspections, reports, penalties, and dashboards.",product-contract/mvp3/MVP3_84_ROW_MASTER_REGISTER.csv; product-contract/mvp3/MVP3_84_ROW_COVERAGE_RECONCILIATION_R2.csv; product-contract/mvp3/MVP3_IMPLEMENTATION_STATUS.csv; product-contract/mvp3/MVP3_SCHEMA_REUSE_REGISTER.csv; apps/web/e2e/cd-005-006-regulations.spec.ts; apps/web/e2e/cd-008-009-packages.spec.ts
34,MVP2-REQ-0231,M3-03,"Risk and licensing recommendations must expose inputs, weights, thresholds, rules, versions, and rationale; black-box decisioning is prohibited.",CD-053 R2 frames 01..06,/admin/risk; /admin/risk/models; factory risk explanation panel,mvp2-m2-04-risk-model.spec.ts; ai-user-journey.spec.ts,"M3-03 is marked runtime-regression-certified, but the live Risk Studio labels the per-factory calculation trace unavailable.",Risk policy values remain unapproved and must not be invented.,CONTRADICTION,The module register claims runtime certification while /admin/risk explicitly says the per-factory line-by-line score trace is not available; the AI panel entry proof does not prove deterministic rationale output.,product-contract/mvp3/MVP3_84_ROW_MASTER_REGISTER.csv; product-contract/mvp3/MVP3_IMPLEMENTATION_STATUS.csv; apps/web/src/app/admin/risk/page.tsx; apps/web/e2e/mvp2-m2-04-risk-model.spec.ts; apps/web/e2e/ai-user-journey.spec.ts; product-contract/evidence/TASK-MVP3-RETROFIT-REGRESSION-001.md
35,MVP2-REQ-0234,M3-03,"Risk Studio must provide driver catalogue, weights, thresholds, model versioning, simulation, approvals, and a score-explanation panel.",CD-053 R2 frames 01..06,/admin/risk; /admin/risk/models,mvp2-m2-04-risk-model.spec.ts,M3-03 is marked runtime-regression-certified; default live Risk Studio says saves are immediately effective and have no approval step.,Risk policy values remain unapproved; FEATURE_RISK_WORKBENCH defaults off.,CONTRADICTION,The active /admin/risk surface states there is no draft or approval step and the governed workbench defaults off; that conflicts with the requirement and the module-level runtime-certified label.,product-contract/mvp3/MVP3_84_ROW_MASTER_REGISTER.csv; product-contract/mvp3/MVP3_IMPLEMENTATION_STATUS.csv; apps/web/src/app/admin/risk/page.tsx; apps/web/src/app/admin/risk/models/page.tsx; apps/web/e2e/mvp2-m2-04-risk-model.spec.ts
36,MVP2-REQ-0247,M3-03,"Display and export per-factory planning-selection explainability, including model version and rule contribution.",CD-053 R2 frames 01..06,Factory 360 risk explanation panel; /admin/risk,ai-user-journey.spec.ts; mvp2-m2-04-risk-model.spec.ts,Entry button to a governed explanation is runtime-tested; deterministic explanation output/export is not proven.,AI provider/policy MVP3-HOLD-007 remains open; deterministic risk explanation must not depend on an unavailable AI provider.,CONTRADICTION,The required risk card explanation/export is not evidenced; /admin/risk expressly marks the per-factory trace unavailable while the module is labelled runtime certified.,product-contract/mvp3/MVP3_84_ROW_MASTER_REGISTER.csv; product-contract/mvp3/MVP3_PROVIDER_POLICY_HOLDS.csv; apps/web/src/app/admin/risk/page.tsx; apps/web/e2e/ai-user-journey.spec.ts; apps/web/e2e/mvp2-m2-04-risk-model.spec.ts
37,MVP2-REQ-0248,M3-03,"Require simulation, approval, versioning, and effective date before any risk model change affects planning.",CD-053 R2 frames 01..06,/admin/risk; /admin/risk/models,mvp2-m2-04-risk-model.spec.ts,M3-03 is marked runtime-regression-certified; active Risk Studio says changes are effective immediately and have no approval step.,Risk policy values remain unapproved; FEATURE_RISK_WORKBENCH defaults off.,CONTRADICTION,"The active page behavior directly conflicts with the guard: saves become effective immediately without draft/approval, while the alternate governed workbench is feature-disabled by default and no simulation/effective-date runtime is cited.",product-contract/mvp3/MVP3_84_ROW_MASTER_REGISTER.csv; product-contract/mvp3/MVP3_IMPLEMENTATION_STATUS.csv; apps/web/src/app/admin/risk/page.tsx; apps/web/src/app/admin/risk/models/page.tsx; apps/web/e2e/mvp2-m2-04-risk-model.spec.ts
38,MVP2-REQ-0230,M3-04,"Critical configuration, assignment, package, answer, evidence, GIS, signature, review, decision, correction, objection, and report-access facts must be append-only events.",CD-054 R2 frames 01..06,/admin/audit; canonical audit event spine,mvp2-m2-05-contract.spec.ts; mvp2-m2-05-audit-replay.spec.ts; mvp3_retrofit_live_probe.sql,M3-04 runtime certified; rollback-only live audit probe passed.,Retention/backup MVP3-HOLD-006 and production-release MVP3-HOLD-008 remain open; no purge behavior inferred.,MATCH,"The audit implementation, semantic replay tests, live rollback probe, and coexistence map consistently reuse the canonical append-only event spine.",product-contract/mvp3/MVP3_84_ROW_MASTER_REGISTER.csv; product-contract/mvp3/MVP3_IMPLEMENTATION_STATUS.csv; product-contract/mvp3/MVP3_SCHEMA_REUSE_REGISTER.csv; apps/web/e2e/mvp2-m2-05-contract.spec.ts; apps/web/e2e/mvp2-m2-05-audit-replay.spec.ts; supabase/tests/mvp3_retrofit_live_probe.sql
39,MVP2-REQ-0237,M3-04,"Operationalize the audit log as an append-only, replayable event store with catalogue, viewer, export pack, and tamper-evidence strategy.",CD-054 R2 frames 01..06,/admin/audit Inspection Flight Recorder,mvp2-m2-05-contract.spec.ts; mvp2-m2-05-audit-replay.spec.ts,Append-only replay contracts and rollback-only live probe passed; operational viewer runtime tested.,Retention/export/legal policy remains held; the UI truthfully labels export/reveal/redaction/retention unavailable.,MATCH,The operational replay requirement is supported; held export/legal-policy functions remain explicitly unavailable rather than falsely certified.,product-contract/mvp3/MVP3_84_ROW_MASTER_REGISTER.csv; product-contract/mvp3/MVP3_PROVIDER_POLICY_HOLDS.csv; apps/web/src/app/admin/audit/AuditReplayWorkspace.tsx; apps/web/e2e/mvp2-m2-05-contract.spec.ts; apps/web/e2e/mvp2-m2-05-audit-replay.spec.ts; product-contract/evidence/TASK-MVP3-RETROFIT-REGRESSION-001.md
40,MVP2-REQ-0254,M3-04,"Capture who, what, when, where, why, before, after, source, version, and correlation ID for every critical business event and reconstruct the decision timeline.",CD-054 R2 frames 01..06,"/admin/audit reconstruction, compare, completeness, custody, and print views",mvp2-m2-05-contract.spec.ts; mvp2-m2-05-audit-replay.spec.ts; mvp3_retrofit_live_probe.sql,M3-04 runtime certified with live rollback probe and protected browser regression.,Retention/export/legal policy remains held and is not promoted to proof.,MATCH,Named semantic envelope/replay evidence and runtime views align with the requirement; completeness is fail-closed when a bounded case/ontology is unavailable.,product-contract/mvp3/MVP3_84_ROW_MASTER_REGISTER.csv; product-contract/mvp3/MVP3_IMPLEMENTATION_STATUS.csv; apps/web/src/app/admin/audit/AuditReplayWorkspace.tsx; apps/web/e2e/mvp2-m2-05-contract.spec.ts; apps/web/e2e/mvp2-m2-05-audit-replay.spec.ts; supabase/tests/mvp3_retrofit_live_probe.sql
41,MVP2-REQ-0072,M3-05,"GIS Admin must govern official/verified pins, geofence rules, map layers, offline map packs, and privacy policy.",CD-055 R2 frames 01..06,/admin/gis; /admin/gis/spatial,m04-device-eta-override.spec.ts; mapbox-provider.spec.ts; mvp2-mapbox-live.spec.ts,Mapbox ETA/provenance/stale-cache journey passed; deployment token/style/offline policy remains held.,Mapbox and maps MVP3-HOLD-002 is OPEN.,NEEDS_REVIEW,"The cited runtime proves route/geofence behavior, not the complete GIS-admin contract for official-vs-verified pins, governed layers, offline packs, and privacy policy; those elements remain policy/provider dependent.",product-contract/mvp3/MVP3_84_ROW_MASTER_REGISTER.csv; product-contract/mvp3/MVP3_IMPLEMENTATION_STATUS.csv; product-contract/mvp3/MVP3_PROVIDER_POLICY_HOLDS.csv; apps/web/e2e/m04-device-eta-override.spec.ts; apps/web/e2e/mapbox-provider.spec.ts; product-contract/evidence/TASK-MVP3-RETROFIT-REGRESSION-001.md
42,MVP2-REQ-0075,M3-05,"Field GIS must provide route, geofence, pin provenance, offline map, check-in proof, and geotagged evidence.",CD-055 R2 frames 01..06,/field/[visitId]; visit/map surfaces,m04-device-eta-override.spec.ts; offline-drill.spec.ts,"Live Mapbox ETA, stale-cache, GPS negative paths, geofence override, and check-in state passed.",Mapbox and maps MVP3-HOLD-002 is OPEN.,NEEDS_REVIEW,"Runtime proof covers ETA, GPS, geofence, and stale route estimate, but not a governed offline map pack, official-vs-verified pin presentation, and complete geotagged-evidence chain.",product-contract/mvp3/MVP3_84_ROW_MASTER_REGISTER.csv; product-contract/mvp3/MVP3_IMPLEMENTATION_STATUS.csv; product-contract/mvp3/MVP3_PROVIDER_POLICY_HOLDS.csv; apps/web/e2e/m04-device-eta-override.spec.ts; apps/web/e2e/offline-drill.spec.ts; product-contract/evidence/TASK-MVP3-RETROFIT-REGRESSION-001.md
43,MVP2-REQ-0233,M3-05,"Treat GIS as defensible legal evidence with governance, snapshots, accuracy thresholds, exception workflow, and offline maps.",CD-055 R2 frames 01..06,/admin/gis; /field/[visitId]; /operations,m04-device-eta-override.spec.ts,"Accuracy guard, no-synthetic-check-in negative paths, and independent Operations override passed.",Mapbox/offline-pack policy MVP3-HOLD-002 and legal/retention policy MVP3-HOLD-006 remain OPEN.,NEEDS_REVIEW,"Accuracy and exception workflow are proven, but map snapshots, offline map packs, privacy/retention, and legal-evidence status are not certified and must remain held.",product-contract/mvp3/MVP3_84_ROW_MASTER_REGISTER.csv; product-contract/mvp3/MVP3_PROVIDER_POLICY_HOLDS.csv; apps/web/e2e/m04-device-eta-override.spec.ts; product-contract/evidence/TASK-MVP3-RETROFIT-REGRESSION-001.md
44,MVP2-REQ-0074,M3-06,"Offline package runtime must include encrypted package, factory snapshot, forms, clauses, maps, report templates, expiry, and remote wipe.",CD-056 R2 frames 01..06,/admin/packages; /admin/devices; /field,mvp3-enterprise-contract.spec.ts; mvp3_retrofit_live_probe.sql; offline-drill.spec.ts,Package manifest/access probe and field offline replay passed; external MDM execution remains held.,Mapbox MVP3-HOLD-002 and production release MVP3-HOLD-008 are OPEN; MDM is called held in status/certificate but has no dedicated row in the hold register.,NEEDS_REVIEW,"The manifest test proves forms, clauses, evidence rules, report template, and locales, but not the entire factory-snapshot/map/encryption contract; remote wipe is queued and explicitly not completed without genuine device acknowledgement.",product-contract/mvp3/MVP3_84_ROW_MASTER_REGISTER.csv; product-contract/mvp3/MVP3_IMPLEMENTATION_STATUS.csv; product-contract/mvp3/MVP3_PROVIDER_POLICY_HOLDS.csv; supabase/migrations/20260718150000_mvp3_enterprise_control_plane.sql; apps/web/src/app/admin/devices/page.tsx; apps/web/e2e/mvp3-enterprise-contract.spec.ts; supabase/tests/mvp3_retrofit_live_probe.sql
45,MVP2-REQ-0076,M3-06,"Capture findings/violations with severity, clause mapping, photo/video/document evidence, notes, and representative confirmation.",CD-056 R2 frames 01..06,/field/inspection/[id]; review/report surfaces,golden-journey.spec.ts; offline-drill.spec.ts; cd-010-011-violations.spec.ts,Canonical field/review journeys are included in the 510-pass protected regression.,Digital-signature MVP3-HOLD-001 applies only to verified provider signature; acknowledgement remains distinct.,MATCH,"This row reuses canonical inspection, evidence, violation, submission, and review contracts; the protected journey and negative paths are named without claiming provider signature.",product-contract/mvp3/MVP3_84_ROW_MASTER_REGISTER.csv; product-contract/mvp3/MVP3_SCHEMA_REUSE_REGISTER.csv; product-contract/mvp3/MVP3_RETROFIT_INTEGRATION_MAP.csv; apps/web/e2e/golden-journey.spec.ts; apps/web/e2e/offline-drill.spec.ts; apps/web/e2e/cd-010-011-violations.spec.ts
46,MVP2-REQ-0176,M3-06,"Register devices, assign inspectors, enforce MDM, govern package expiry/remote wipe, and expose sync health; revoked devices must not open packages.",CD-056 R2 frames 01..06,/admin/devices; mvp3 device/package RPCs,mvp3-enterprise-contract.spec.ts; mvp3_retrofit_live_probe.sql,Trusted-device schema/RPC and unknown-device denial passed; genuine MDM command completion is not runtime-certified.,"M3-06 status and certificate say MDM held, but MVP3_PROVIDER_POLICY_HOLDS.csv has no MDM hold row.",NEEDS_REVIEW,"Local trust state and fail-closed package denial are proven, but external MDM enforcement, completed wipe, and sync-health evidence are not; the missing dedicated MDM hold row is a traceability gap.",product-contract/mvp3/MVP3_84_ROW_MASTER_REGISTER.csv; product-contract/mvp3/MVP3_IMPLEMENTATION_STATUS.csv; product-contract/mvp3/MVP3_PROVIDER_POLICY_HOLDS.csv; apps/web/src/app/admin/devices/page.tsx; apps/web/e2e/mvp3-enterprise-contract.spec.ts; supabase/tests/mvp3_retrofit_live_probe.sql
47,MVP2-REQ-0178,M3-06,Only an authorized inspector on an assigned trusted device may access assigned packages.,CD-056 R2 frames 01..06,/admin/devices; mvp3_open_inspection_package RPC,mvp3-enterprise-contract.spec.ts; mvp3_retrofit_live_probe.sql,Live rollback probe records unknown-device denial; trusted-device/package access contracts passed.,External MDM remains held; local assignment/trust enforcement is still fail-closed.,MATCH,"The additive device identity, assignment, trust-state, package-access denial, and append-only outcome evidence align with the requirement without claiming external MDM.",product-contract/mvp3/MVP3_84_ROW_MASTER_REGISTER.csv; product-contract/mvp3/MVP3_SCHEMA_REUSE_REGISTER.csv; supabase/migrations/20260718150000_mvp3_enterprise_control_plane.sql; apps/web/e2e/mvp3-enterprise-contract.spec.ts; supabase/tests/mvp3_retrofit_live_probe.sql
48,MVP2-REQ-0179,M3-06,Provide secure login and biometric re-entry with auditable login/unlock events.,CD-056 R2 frames 01..06,Authentication and field workspace,Protected persona authentication setup only; no biometric-specific test is named.,Five authenticated personas passed in the protected regression; biometric re-entry was not named as runtime evidence.,External identity/SSO MVP3-HOLD-003 is OPEN; local authentication remains supported.,NEEDS_REVIEW,"The certificate proves authenticated personas, not biometric re-entry or a distinct unlock audit event. No named source/runtime evidence closes the biometric portion.",product-contract/mvp3/MVP3_84_ROW_MASTER_REGISTER.csv; product-contract/mvp3/MVP3_IMPLEMENTATION_STATUS.csv; product-contract/mvp3/MVP3_PROVIDER_POLICY_HOLDS.csv; product-contract/evidence/TASK-MVP3-RETROFIT-REGRESSION-001.md
49,MVP2-REQ-0180,M3-06,Download a package before travel and show a manifest with every dependency and status.,CD-056 R2 frames 01..06,/admin/packages; field package access; mvp3_compile_inspection_package RPC,mvp3-enterprise-contract.spec.ts; mvp3_retrofit_live_probe.sql,Package manifest/hash and package-access runtime probe passed.,Production release MVP3-HOLD-008 remains OPEN; no production device download claimed.,MATCH,"Immutable manifest, required sections, hash, package-access audit, and fail-closed device checks align; evidence is live rollback rather than a production download claim.",product-contract/mvp3/MVP3_84_ROW_MASTER_REGISTER.csv; product-contract/mvp3/MVP3_SCHEMA_REUSE_REGISTER.csv; supabase/migrations/20260718150000_mvp3_enterprise_control_plane.sql; apps/web/e2e/mvp3-enterprise-contract.spec.ts; supabase/tests/mvp3_retrofit_live_probe.sql
50,MVP2-REQ-0181,M3-06,A readiness banner must tell the inspector the exact fix required before field travel.,CD-056 R2 frames 01..06,/field/[visitId] device readiness panel,m04-device-eta-override.spec.ts,"Authenticated field runtime verified the device-readiness panel, production device metadata, and negative GPS guards.",External MDM remains held; browser-reported metadata is labelled honestly.,MATCH,The tested readiness panel exposes device/app facts and fail-closed field prerequisites without upgrading browser metadata to MDM proof.,product-contract/mvp3/MVP3_84_ROW_MASTER_REGISTER.csv; apps/web/e2e/m04-device-eta-override.spec.ts; product-contract/evidence/TASK-MVP3-RETROFIT-REGRESSION-001.md
51,MVP2-REQ-0182,M3-06,Required/optional photo evidence must remain traceable to the question/finding and device.,CD-056 R2 frames 01..06,/field/inspection/[id] evidence capture,golden-journey.spec.ts; offline-drill.spec.ts,Canonical field evidence journeys are in the full protected regression; device linkage is not named at row level.,External MDM remains held; device provenance must not be inferred from an unverified MDM reference.,NEEDS_REVIEW,"Question/finding evidence capture is covered, but the cited runtime does not explicitly demonstrate the complete evidence-to-device trace for this row.",product-contract/mvp3/MVP3_84_ROW_MASTER_REGISTER.csv; product-contract/mvp3/MVP3_SCHEMA_REUSE_REGISTER.csv; apps/web/e2e/golden-journey.spec.ts; apps/web/e2e/offline-drill.spec.ts; product-contract/evidence/TASK-MVP3-RETROFIT-REGRESSION-001.md
52,MVP2-REQ-0183,M3-06,Capture representative acknowledgement/signature where required and prevent silent report change after acknowledgement.,CD-056 R2 frames 01..06,/field/inspection/[id] SignaturePad; review/report acknowledgement views,golden-journey.spec.ts; mvp2-m2-12-signature.spec.ts; offline-drill.spec.ts,Representative acknowledgement is captured in immutable submission versions and shown in review/report paths.,Digital signature MVP3-HOLD-001 remains OPEN; DEC-009 acknowledgement is explicitly not PKI signature.,MATCH,The local acknowledgement/immutability contract is evidenced and accurately separated from the held verified-signature provider claim.,product-contract/mvp3/MVP3_84_ROW_MASTER_REGISTER.csv; product-contract/mvp3/MVP3_PROVIDER_POLICY_HOLDS.csv; apps/web/src/app/field/inspection/[id]/SignaturePad.tsx; apps/web/src/app/field/inspection/[id]/Workspace.tsx; apps/web/e2e/golden-journey.spec.ts; apps/web/e2e/mvp2-m2-12-signature.spec.ts
53,MVP2-REQ-0184,M3-06,Only trusted enrolled iPads may run official field inspections.,CD-056 R2 frames 01..06,/admin/devices; package-access RPC,mvp3-enterprise-contract.spec.ts; mvp3_retrofit_live_probe.sql,Local trusted-device schema and unknown-device package denial passed; genuine MDM enrollment is not proven.,"M3-06 is marked MDM-held, but the hold register lacks a dedicated MDM entry.",NEEDS_REVIEW,"The local trust registry is proven, but an actual enrolled iPad/MDM attestation is not. Keep the external-device claim held and repair hold-register traceability.",product-contract/mvp3/MVP3_84_ROW_MASTER_REGISTER.csv; product-contract/mvp3/MVP3_IMPLEMENTATION_STATUS.csv; product-contract/mvp3/MVP3_PROVIDER_POLICY_HOLDS.csv; apps/web/e2e/mvp3-enterprise-contract.spec.ts; supabase/tests/mvp3_retrofit_live_probe.sql
54,MVP2-REQ-0185,M3-06,Every offline event must be timestamped and replayable from the offline package.,CD-056 R2 frames 01..06,Field offline queue; /admin/audit,offline-drill.spec.ts; mvp2-m2-05-audit-replay.spec.ts,Offline answer queue/replay-once and audit replay are separately tested; an end-to-end offline-package-to-audit reconstruction is not named.,Production release MVP3-HOLD-008 remains OPEN.,NEEDS_REVIEW,"The two evidence legs exist but are not explicitly joined to prove every offline event, timestamp, and audit reconstruction from one package.",product-contract/mvp3/MVP3_84_ROW_MASTER_REGISTER.csv; product-contract/mvp3/MVP3_SCHEMA_REUSE_REGISTER.csv; apps/web/e2e/offline-drill.spec.ts; apps/web/e2e/mvp2-m2-05-audit-replay.spec.ts; product-contract/evidence/TASK-MVP3-RETROFIT-REGRESSION-001.md
55,MVP2-REQ-0186,M3-06,Provide an operational sync-health dashboard so support can rescue field issues.,CD-056 R2 frames 01..06,/admin/devices,mvp3-enterprise-contract.spec.ts; mvp3_retrofit_live_probe.sql,M3-06 is marked implemented/runtime certified with MDM held; current device page exposes last-seen and command evidence only.,External MDM is held and missing as a dedicated hold-register row.,CONTRADICTION,"The named principal route does not present sync queue/error/health status or rescue controls; current source shows a device register and command list, conflicting with the row and implemented-evidenced label.",product-contract/mvp3/MVP3_84_ROW_MASTER_REGISTER.csv; product-contract/mvp3/MVP3_IMPLEMENTATION_STATUS.csv; apps/web/src/app/admin/devices/page.tsx; apps/web/e2e/mvp3-enterprise-contract.spec.ts; supabase/tests/mvp3_retrofit_live_probe.sql
56,MVP2-REQ-0240,M3-06,"Planning must account for inspector skills, route duration, fatigue, safety flags, availability, factory access windows, and maximum load.",CD-056 R2 frames 01..06,/visits/workload; planning routes,cd-026-visit-management.spec.ts; dashboard-business.spec.ts,"Full regression includes workload surfaces, but M3-06 runtime evidence names only trusted devices/field journey.",No approved fatigue/safety/max-load policy values may be invented.,CONTRADICTION,"The workload page aggregates assignments but the cited evidence does not establish skills, fatigue, safety, access-window, route-duration, or maximum-load planning guards; this conflicts with the module's implemented-evidenced disposition for all 14 rows.",product-contract/mvp3/MVP3_84_ROW_MASTER_REGISTER.csv; product-contract/mvp3/MVP3_IMPLEMENTATION_STATUS.csv; apps/web/src/app/visits/workload/page.tsx; apps/web/e2e/cd-026-visit-management.spec.ts; apps/web/e2e/dashboard-business.spec.ts
57,MVP2-REQ-0244,M3-06,"The Device & Offline Admin module shall allow only trusted enrolled devices to download, open and submit official inspection packages.",CD-056 | CD-056_M3-06_R2_FINAL/ (dc.html frame selector — all R1 frame ids preserved) | CD-056_R2_FINAL/renders/01..06-CD-056_R2.png,/admin/devices; /field,apps/web/e2e/mvp3-enterprise-contract.spec.ts; apps/web/e2e/mvp3-retrofit-regression.spec.ts; apps/web/e2e/m04-device-eta-override.spec.ts; supabase/tests/mvp3_retrofit_live_probe.sql,product-contract/evidence/TASK-MVP3-RETROFIT-REGRESSION-001.md (focused M04 8/8 PASS; 510 pass/9 intentional skips/0 fail; live rollback probe PASS); product-contract/evidence/TASK-IPAD-M04-DEVICE-ETA-OVERRIDE-001.md,"External MDM is held in MVP3_IMPLEMENTATION_STATUS.csv and the retrofit certificate, but has no dedicated row in MVP3_PROVIDER_POLICY_HOLDS.csv.",NEEDS_REVIEW,"Coverage, route, migration contract and field journey align, but the external MDM dependency is named only in implementation status/certificate and is absent from the provider/policy hold register; add a dedicated fail-closed hold before treating device administration as fully governed.",product-contract/mvp3/MVP3_84_ROW_MASTER_REGISTER.csv; product-contract/mvp3/MVP3_84_ROW_COVERAGE_RECONCILIATION_R2.csv; product-contract/mvp3/MVP3_IMPLEMENTATION_STATUS.csv; product-contract/mvp3/MVP3_SCHEMA_REUSE_REGISTER.csv; product-contract/mvp3/MVP3_PROVIDER_POLICY_HOLDS.csv; product-contract/mvp3/MVP3_RETROFIT_INTEGRATION_MAP.csv; apps/web/e2e/mvp3-enterprise-contract.spec.ts; apps/web/e2e/mvp3-retrofit-regression.spec.ts; apps/web/e2e/m04-device-eta-override.spec.ts; supabase/tests/mvp3_retrofit_live_probe.sql; product-contract/evidence/TASK-MVP3-RETROFIT-REGRESSION-001.md (focused M04 8/8 PASS; 510 pass/9 intentional skips/0 fail; live rollback probe PASS); product-contract/evidence/TASK-IPAD-M04-DEVICE-ETA-OVERRIDE-001.md
58,MVP2-REQ-0228,M3-07,"External channel | Factory Portal / iPad handoff | Factory representative receives visit notices, views findings summary, signs/refuses, submits corrections, raises objections and tracks outcome. | Factory representative | Plain-language factory journey | Must be legally clear, bilingual-ready and non-technical.",CD-057 | CD-057_M3-07_R2_FINAL/ (dc.html frame selector — all R1 frame ids preserved) | CD-057_R2_FINAL/renders/01..06-CD-057_R2.png,/portal,apps/web/e2e/mvp2-m2-08-portal.spec.ts; apps/web/e2e/mvp3-retrofit-regression.spec.ts,product-contract/evidence/TASK-MVP3-RETROFIT-REGRESSION-001.md (portal lifecycle regression PASS; protected browser inventory 510 pass/0 fail),MVP3-HOLD-003 external identity/SSO OPEN; local supported authentication remains available and external SSO stays disabled.,MATCH,Exact register/reconciliation identity and portal lifecycle evidence align; external SSO remains explicitly fail-closed.,product-contract/mvp3/MVP3_84_ROW_MASTER_REGISTER.csv; product-contract/mvp3/MVP3_84_ROW_COVERAGE_RECONCILIATION_R2.csv; product-contract/mvp3/MVP3_IMPLEMENTATION_STATUS.csv; product-contract/mvp3/MVP3_SCHEMA_REUSE_REGISTER.csv; product-contract/mvp3/MVP3_PROVIDER_POLICY_HOLDS.csv; product-contract/mvp3/MVP3_RETROFIT_INTEGRATION_MAP.csv; apps/web/e2e/mvp2-m2-08-portal.spec.ts; apps/web/e2e/mvp3-retrofit-regression.spec.ts; product-contract/evidence/TASK-MVP3-RETROFIT-REGRESSION-001.md (portal lifecycle regression PASS; protected browser inventory 510 pass/0 fail)
59,MVP2-REQ-0067,M3-08,"PLAT-0001 | Web Operations | Business Web | Executive Dashboard | National health index, factories monitored, high-risk factories, open violations, inspection coverage, average resolution, heatmaps, drilldowns | Owns configuration, runtime behavior, validation, audit and handoff for Executive Dashboard. | Does not bypass source BRD rules, published workflows or role permissions. | Executive, Sector Manager, Reporting Analyst | Dashboard, KPI drilldown, map, trend panel | KPI, Factory, Visit, RiskScore, Violation, Correction | Report fields and score outputs enrich KPIs. | Risk band and risk drivers power prioritization and heatmaps. | Workflow state produces counts, SLA aging and exceptions. | Executive briefing, KPI evidence trail | P0 | Factory Health Platform2(1).pdf page 1",CD-058 | CD-058_M3-08_R2_FINAL/ (dc.html frame selector — all R1 frame ids preserved) | CD-058_R2_FINAL/renders/01..06-CD-058_R2.png,/dashboard; dashboard metric functions; mvp3_kpi_definitions,apps/web/e2e/dashboard-business.spec.ts; apps/web/e2e/dashboard-kpi-seed.spec.ts; apps/web/e2e/mvp3-enterprise-contract.spec.ts,product-contract/evidence/TASK-WEB-DASHBOARD-002-EV-001.txt; product-contract/evidence/screens/dashboard-business-v1/; product-contract/evidence/TASK-MVP3-RETROFIT-REGRESSION-001.md (source-backed metrics/drill-through regression PASS),None for this source-backed KPI/reporting row; MVP3-HOLD-002 is not counted as evidence for non-map functions.,MATCH,"Exact register/reconciliation identity aligns with source-backed dashboard tests, screenshots and runtime regression; no provider-complete claim is made.",product-contract/mvp3/MVP3_84_ROW_MASTER_REGISTER.csv; product-contract/mvp3/MVP3_84_ROW_COVERAGE_RECONCILIATION_R2.csv; product-contract/mvp3/MVP3_IMPLEMENTATION_STATUS.csv; product-contract/mvp3/MVP3_SCHEMA_REUSE_REGISTER.csv; product-contract/mvp3/MVP3_PROVIDER_POLICY_HOLDS.csv; product-contract/mvp3/MVP3_RETROFIT_INTEGRATION_MAP.csv; apps/web/e2e/dashboard-business.spec.ts; apps/web/e2e/dashboard-kpi-seed.spec.ts; apps/web/e2e/mvp3-enterprise-contract.spec.ts; product-contract/evidence/TASK-WEB-DASHBOARD-002-EV-001.txt; product-contract/evidence/screens/dashboard-business-v1/; product-contract/evidence/TASK-MVP3-RETROFIT-REGRESSION-001.md (source-backed metrics/drill-through regression PASS)
60,MVP2-REQ-0069,M3-08,"PLAT-0008 | Web Operations | Business Web | Reports & Analytics | Standard reports, custom analysis, exports, metric lineage, inspector performance, violation trends | Owns configuration, runtime behavior, validation, audit and handoff for Reports & Analytics. | Does not bypass source BRD rules, published workflows or role permissions. | Executive, Reporting Analyst, Branch Manager | Report catalog, analytics studio, export center | Metric, Dataset, Report, ExportJob | Form outputs become dimensions/measures. | Risk model output is report dimension. | Workflow states supply SLA and aging measures. | Reports, dashboards, exports | P0 | Reports and indicators BRD",CD-058 | CD-058_M3-08_R2_FINAL/ (dc.html frame selector — all R1 frame ids preserved) | CD-058_R2_FINAL/renders/01..06-CD-058_R2.png,/dashboard; dashboard metric functions; mvp3_kpi_definitions,apps/web/e2e/dashboard-business.spec.ts; apps/web/e2e/dashboard-kpi-seed.spec.ts; apps/web/e2e/mvp3-enterprise-contract.spec.ts,product-contract/evidence/TASK-WEB-DASHBOARD-002-EV-001.txt; product-contract/evidence/screens/dashboard-business-v1/; product-contract/evidence/TASK-MVP3-RETROFIT-REGRESSION-001.md (source-backed metrics/drill-through regression PASS),None for this source-backed KPI/reporting row; MVP3-HOLD-002 is not counted as evidence for non-map functions.,MATCH,"Exact register/reconciliation identity aligns with source-backed dashboard tests, screenshots and runtime regression; no provider-complete claim is made.",product-contract/mvp3/MVP3_84_ROW_MASTER_REGISTER.csv; product-contract/mvp3/MVP3_84_ROW_COVERAGE_RECONCILIATION_R2.csv; product-contract/mvp3/MVP3_IMPLEMENTATION_STATUS.csv; product-contract/mvp3/MVP3_SCHEMA_REUSE_REGISTER.csv; product-contract/mvp3/MVP3_PROVIDER_POLICY_HOLDS.csv; product-contract/mvp3/MVP3_RETROFIT_INTEGRATION_MAP.csv; apps/web/e2e/dashboard-business.spec.ts; apps/web/e2e/dashboard-kpi-seed.spec.ts; apps/web/e2e/mvp3-enterprise-contract.spec.ts; product-contract/evidence/TASK-WEB-DASHBOARD-002-EV-001.txt; product-contract/evidence/screens/dashboard-business-v1/; product-contract/evidence/TASK-MVP3-RETROFIT-REGRESSION-001.md (source-backed metrics/drill-through regression PASS)
61,MVP2-REQ-0079,M3-08,"Refreshes National Health Index, monitored factories, high-risk factories, open violations, coverage and resolution cards",CD-058 | CD-058_M3-08_R2_FINAL/ (dc.html frame selector — all R1 frame ids preserved) | CD-058_R2_FINAL/renders/01..06-CD-058_R2.png,/dashboard; dashboard metric functions; mvp3_kpi_definitions,apps/web/e2e/dashboard-business.spec.ts; apps/web/e2e/dashboard-kpi-seed.spec.ts; apps/web/e2e/mvp3-enterprise-contract.spec.ts,product-contract/evidence/TASK-WEB-DASHBOARD-002-EV-001.txt; product-contract/evidence/screens/dashboard-business-v1/; product-contract/evidence/TASK-MVP3-RETROFIT-REGRESSION-001.md (source-backed metrics/drill-through regression PASS),None for this source-backed KPI/reporting row; MVP3-HOLD-002 is not counted as evidence for non-map functions.,MATCH,"Exact register/reconciliation identity aligns with source-backed dashboard tests, screenshots and runtime regression; no provider-complete claim is made.",product-contract/mvp3/MVP3_84_ROW_MASTER_REGISTER.csv; product-contract/mvp3/MVP3_84_ROW_COVERAGE_RECONCILIATION_R2.csv; product-contract/mvp3/MVP3_IMPLEMENTATION_STATUS.csv; product-contract/mvp3/MVP3_SCHEMA_REUSE_REGISTER.csv; product-contract/mvp3/MVP3_PROVIDER_POLICY_HOLDS.csv; product-contract/mvp3/MVP3_RETROFIT_INTEGRATION_MAP.csv; apps/web/e2e/dashboard-business.spec.ts; apps/web/e2e/dashboard-kpi-seed.spec.ts; apps/web/e2e/mvp3-enterprise-contract.spec.ts; product-contract/evidence/TASK-WEB-DASHBOARD-002-EV-001.txt; product-contract/evidence/screens/dashboard-business-v1/; product-contract/evidence/TASK-MVP3-RETROFIT-REGRESSION-001.md (source-backed metrics/drill-through regression PASS)
62,MVP2-REQ-0080,M3-08,"Shows density of risk, violations, visits and corrective aging",CD-058 | CD-058_M3-08_R2_FINAL/ (dc.html frame selector — all R1 frame ids preserved) | CD-058_R2_FINAL/renders/01..06-CD-058_R2.png,/dashboard; dashboard metric functions; mvp3_kpi_definitions,apps/web/e2e/dashboard-business.spec.ts; apps/web/e2e/dashboard-kpi-seed.spec.ts; apps/web/e2e/mvp3-enterprise-contract.spec.ts,product-contract/evidence/TASK-WEB-DASHBOARD-002-EV-001.txt; product-contract/evidence/screens/dashboard-business-v1/; product-contract/evidence/TASK-MVP3-RETROFIT-REGRESSION-001.md (source-backed metrics/drill-through regression PASS),None for source-backed KPI/reporting; MVP3-HOLD-002 applies specifically to configured Mapbox map rendering.,NEEDS_REVIEW,"Design and dashboard implementation align, but configured Mapbox token/style/geographic authority remain under MVP3-HOLD-002; current evidence supports source-backed dashboard data, not a provider-complete health-map runtime.",product-contract/mvp3/MVP3_84_ROW_MASTER_REGISTER.csv; product-contract/mvp3/MVP3_84_ROW_COVERAGE_RECONCILIATION_R2.csv; product-contract/mvp3/MVP3_IMPLEMENTATION_STATUS.csv; product-contract/mvp3/MVP3_SCHEMA_REUSE_REGISTER.csv; product-contract/mvp3/MVP3_PROVIDER_POLICY_HOLDS.csv; product-contract/mvp3/MVP3_RETROFIT_INTEGRATION_MAP.csv; apps/web/e2e/dashboard-business.spec.ts; apps/web/e2e/dashboard-kpi-seed.spec.ts; apps/web/e2e/mvp3-enterprise-contract.spec.ts; product-contract/evidence/TASK-WEB-DASHBOARD-002-EV-001.txt; product-contract/evidence/screens/dashboard-business-v1/; product-contract/evidence/TASK-MVP3-RETROFIT-REGRESSION-001.md (source-backed metrics/drill-through regression PASS)
63,MVP2-REQ-0081,M3-08,"Shows clause, sector, region, recurrence and trend",CD-058 | CD-058_M3-08_R2_FINAL/ (dc.html frame selector — all R1 frame ids preserved) | CD-058_R2_FINAL/renders/01..06-CD-058_R2.png,/dashboard; dashboard metric functions; mvp3_kpi_definitions,apps/web/e2e/dashboard-business.spec.ts; apps/web/e2e/dashboard-kpi-seed.spec.ts; apps/web/e2e/mvp3-enterprise-contract.spec.ts,product-contract/evidence/TASK-WEB-DASHBOARD-002-EV-001.txt; product-contract/evidence/screens/dashboard-business-v1/; product-contract/evidence/TASK-MVP3-RETROFIT-REGRESSION-001.md (source-backed metrics/drill-through regression PASS),None for this source-backed KPI/reporting row; MVP3-HOLD-002 is not counted as evidence for non-map functions.,MATCH,"Exact register/reconciliation identity aligns with source-backed dashboard tests, screenshots and runtime regression; no provider-complete claim is made.",product-contract/mvp3/MVP3_84_ROW_MASTER_REGISTER.csv; product-contract/mvp3/MVP3_84_ROW_COVERAGE_RECONCILIATION_R2.csv; product-contract/mvp3/MVP3_IMPLEMENTATION_STATUS.csv; product-contract/mvp3/MVP3_SCHEMA_REUSE_REGISTER.csv; product-contract/mvp3/MVP3_PROVIDER_POLICY_HOLDS.csv; product-contract/mvp3/MVP3_RETROFIT_INTEGRATION_MAP.csv; apps/web/e2e/dashboard-business.spec.ts; apps/web/e2e/dashboard-kpi-seed.spec.ts; apps/web/e2e/mvp3-enterprise-contract.spec.ts; product-contract/evidence/TASK-WEB-DASHBOARD-002-EV-001.txt; product-contract/evidence/screens/dashboard-business-v1/; product-contract/evidence/TASK-MVP3-RETROFIT-REGRESSION-001.md (source-backed metrics/drill-through regression PASS)
64,MVP2-REQ-0082,M3-08,Locks approved version and calls EBDA where configured,CD-058 | CD-058_M3-08_R2_FINAL/ (dc.html frame selector — all R1 frame ids preserved) | CD-058_R2_FINAL/renders/01..06-CD-058_R2.png,/dashboard; dashboard metric functions; mvp3_kpi_definitions,apps/web/e2e/dashboard-business.spec.ts; apps/web/e2e/dashboard-kpi-seed.spec.ts; apps/web/e2e/mvp3-enterprise-contract.spec.ts,product-contract/evidence/TASK-WEB-DASHBOARD-002-EV-001.txt; product-contract/evidence/screens/dashboard-business-v1/; product-contract/evidence/TASK-MVP3-RETROFIT-REGRESSION-001.md (source-backed metrics/drill-through regression PASS),None for this source-backed KPI/reporting row; MVP3-HOLD-002 is not counted as evidence for non-map functions.,MATCH,"Exact register/reconciliation identity aligns with source-backed dashboard tests, screenshots and runtime regression; no provider-complete claim is made.",product-contract/mvp3/MVP3_84_ROW_MASTER_REGISTER.csv; product-contract/mvp3/MVP3_84_ROW_COVERAGE_RECONCILIATION_R2.csv; product-contract/mvp3/MVP3_IMPLEMENTATION_STATUS.csv; product-contract/mvp3/MVP3_SCHEMA_REUSE_REGISTER.csv; product-contract/mvp3/MVP3_PROVIDER_POLICY_HOLDS.csv; product-contract/mvp3/MVP3_RETROFIT_INTEGRATION_MAP.csv; apps/web/e2e/dashboard-business.spec.ts; apps/web/e2e/dashboard-kpi-seed.spec.ts; apps/web/e2e/mvp3-enterprise-contract.spec.ts; product-contract/evidence/TASK-WEB-DASHBOARD-002-EV-001.txt; product-contract/evidence/screens/dashboard-business-v1/; product-contract/evidence/TASK-MVP3-RETROFIT-REGRESSION-001.md (source-backed metrics/drill-through regression PASS)
65,MVP2-REQ-0085,M3-08,"Shows formula, source objects and quality checks",CD-058 | CD-058_M3-08_R2_FINAL/ (dc.html frame selector — all R1 frame ids preserved) | CD-058_R2_FINAL/renders/01..06-CD-058_R2.png,/dashboard; dashboard metric functions; mvp3_kpi_definitions,apps/web/e2e/dashboard-business.spec.ts; apps/web/e2e/dashboard-kpi-seed.spec.ts; apps/web/e2e/mvp3-enterprise-contract.spec.ts,product-contract/evidence/TASK-WEB-DASHBOARD-002-EV-001.txt; product-contract/evidence/screens/dashboard-business-v1/; product-contract/evidence/TASK-MVP3-RETROFIT-REGRESSION-001.md (source-backed metrics/drill-through regression PASS),None for this source-backed KPI/reporting row; MVP3-HOLD-002 is not counted as evidence for non-map functions.,MATCH,"Exact register/reconciliation identity aligns with source-backed dashboard tests, screenshots and runtime regression; no provider-complete claim is made.",product-contract/mvp3/MVP3_84_ROW_MASTER_REGISTER.csv; product-contract/mvp3/MVP3_84_ROW_COVERAGE_RECONCILIATION_R2.csv; product-contract/mvp3/MVP3_IMPLEMENTATION_STATUS.csv; product-contract/mvp3/MVP3_SCHEMA_REUSE_REGISTER.csv; product-contract/mvp3/MVP3_PROVIDER_POLICY_HOLDS.csv; product-contract/mvp3/MVP3_RETROFIT_INTEGRATION_MAP.csv; apps/web/e2e/dashboard-business.spec.ts; apps/web/e2e/dashboard-kpi-seed.spec.ts; apps/web/e2e/mvp3-enterprise-contract.spec.ts; product-contract/evidence/TASK-WEB-DASHBOARD-002-EV-001.txt; product-contract/evidence/screens/dashboard-business-v1/; product-contract/evidence/TASK-MVP3-RETROFIT-REGRESSION-001.md (source-backed metrics/drill-through regression PASS)
66,MVP2-REQ-0086,M3-08,Maintains breadcrumb and source context,CD-058 | CD-058_M3-08_R2_FINAL/ (dc.html frame selector — all R1 frame ids preserved) | CD-058_R2_FINAL/renders/01..06-CD-058_R2.png,/dashboard; dashboard metric functions; mvp3_kpi_definitions,apps/web/e2e/dashboard-business.spec.ts; apps/web/e2e/dashboard-kpi-seed.spec.ts; apps/web/e2e/mvp3-enterprise-contract.spec.ts,product-contract/evidence/TASK-WEB-DASHBOARD-002-EV-001.txt; product-contract/evidence/screens/dashboard-business-v1/; product-contract/evidence/TASK-MVP3-RETROFIT-REGRESSION-001.md (source-backed metrics/drill-through regression PASS),None for this source-backed KPI/reporting row; MVP3-HOLD-002 is not counted as evidence for non-map functions.,MATCH,"Exact register/reconciliation identity aligns with source-backed dashboard tests, screenshots and runtime regression; no provider-complete claim is made.",product-contract/mvp3/MVP3_84_ROW_MASTER_REGISTER.csv; product-contract/mvp3/MVP3_84_ROW_COVERAGE_RECONCILIATION_R2.csv; product-contract/mvp3/MVP3_IMPLEMENTATION_STATUS.csv; product-contract/mvp3/MVP3_SCHEMA_REUSE_REGISTER.csv; product-contract/mvp3/MVP3_PROVIDER_POLICY_HOLDS.csv; product-contract/mvp3/MVP3_RETROFIT_INTEGRATION_MAP.csv; apps/web/e2e/dashboard-business.spec.ts; apps/web/e2e/dashboard-kpi-seed.spec.ts; apps/web/e2e/mvp3-enterprise-contract.spec.ts; product-contract/evidence/TASK-WEB-DASHBOARD-002-EV-001.txt; product-contract/evidence/screens/dashboard-business-v1/; product-contract/evidence/TASK-MVP3-RETROFIT-REGRESSION-001.md (source-backed metrics/drill-through regression PASS)
67,MVP2-REQ-0177,M3-08,Maintain metric dictionary and data-sharing policies,CD-058 | CD-058_M3-08_R2_FINAL/ (dc.html frame selector — all R1 frame ids preserved) | CD-058_R2_FINAL/renders/01..06-CD-058_R2.png,/dashboard; dashboard metric functions; mvp3_kpi_definitions,apps/web/e2e/dashboard-business.spec.ts; apps/web/e2e/dashboard-kpi-seed.spec.ts; apps/web/e2e/mvp3-enterprise-contract.spec.ts,product-contract/evidence/TASK-WEB-DASHBOARD-002-EV-001.txt; product-contract/evidence/screens/dashboard-business-v1/; product-contract/evidence/TASK-MVP3-RETROFIT-REGRESSION-001.md (source-backed metrics/drill-through regression PASS),None for this source-backed KPI/reporting row; MVP3-HOLD-002 is not counted as evidence for non-map functions.,MATCH,"Exact register/reconciliation identity aligns with source-backed dashboard tests, screenshots and runtime regression; no provider-complete claim is made.",product-contract/mvp3/MVP3_84_ROW_MASTER_REGISTER.csv; product-contract/mvp3/MVP3_84_ROW_COVERAGE_RECONCILIATION_R2.csv; product-contract/mvp3/MVP3_IMPLEMENTATION_STATUS.csv; product-contract/mvp3/MVP3_SCHEMA_REUSE_REGISTER.csv; product-contract/mvp3/MVP3_PROVIDER_POLICY_HOLDS.csv; product-contract/mvp3/MVP3_RETROFIT_INTEGRATION_MAP.csv; apps/web/e2e/dashboard-business.spec.ts; apps/web/e2e/dashboard-kpi-seed.spec.ts; apps/web/e2e/mvp3-enterprise-contract.spec.ts; product-contract/evidence/TASK-WEB-DASHBOARD-002-EV-001.txt; product-contract/evidence/screens/dashboard-business-v1/; product-contract/evidence/TASK-MVP3-RETROFIT-REGRESSION-001.md (source-backed metrics/drill-through regression PASS)
68,MVP2-REQ-0187,M3-08,"National dashboard, branch drilldowns, risk heatmaps, KPI lineage",CD-058 | CD-058_M3-08_R2_FINAL/ (dc.html frame selector — all R1 frame ids preserved) | CD-058_R2_FINAL/renders/01..06-CD-058_R2.png,/dashboard; dashboard metric functions; mvp3_kpi_definitions,apps/web/e2e/dashboard-business.spec.ts; apps/web/e2e/dashboard-kpi-seed.spec.ts; apps/web/e2e/mvp3-enterprise-contract.spec.ts,product-contract/evidence/TASK-WEB-DASHBOARD-002-EV-001.txt; product-contract/evidence/screens/dashboard-business-v1/; product-contract/evidence/TASK-MVP3-RETROFIT-REGRESSION-001.md (source-backed metrics/drill-through regression PASS),None for this source-backed KPI/reporting row; MVP3-HOLD-002 is not counted as evidence for non-map functions.,MATCH,"Exact register/reconciliation identity aligns with source-backed dashboard tests, screenshots and runtime regression; no provider-complete claim is made.",product-contract/mvp3/MVP3_84_ROW_MASTER_REGISTER.csv; product-contract/mvp3/MVP3_84_ROW_COVERAGE_RECONCILIATION_R2.csv; product-contract/mvp3/MVP3_IMPLEMENTATION_STATUS.csv; product-contract/mvp3/MVP3_SCHEMA_REUSE_REGISTER.csv; product-contract/mvp3/MVP3_PROVIDER_POLICY_HOLDS.csv; product-contract/mvp3/MVP3_RETROFIT_INTEGRATION_MAP.csv; apps/web/e2e/dashboard-business.spec.ts; apps/web/e2e/dashboard-kpi-seed.spec.ts; apps/web/e2e/mvp3-enterprise-contract.spec.ts; product-contract/evidence/TASK-WEB-DASHBOARD-002-EV-001.txt; product-contract/evidence/screens/dashboard-business-v1/; product-contract/evidence/TASK-MVP3-RETROFIT-REGRESSION-001.md (source-backed metrics/drill-through regression PASS)
69,MVP2-REQ-0229,M3-08,"Executive channel | Executive & Branch Dashboard | Health, risk, open violations, inspection coverage, license pipeline, SLA, resolution trend, branch performance and audit confidence. | Executive, branch director | Live cockpit with drilldown | Use dashboard concept from uploaded Factory Health visual as direction; formulas must be certified.",CD-058 | CD-058_M3-08_R2_FINAL/ (dc.html frame selector — all R1 frame ids preserved) | CD-058_R2_FINAL/renders/01..06-CD-058_R2.png,/dashboard; dashboard metric functions; mvp3_kpi_definitions,apps/web/e2e/dashboard-business.spec.ts; apps/web/e2e/dashboard-kpi-seed.spec.ts; apps/web/e2e/mvp3-enterprise-contract.spec.ts,product-contract/evidence/TASK-WEB-DASHBOARD-002-EV-001.txt; product-contract/evidence/screens/dashboard-business-v1/; product-contract/evidence/TASK-MVP3-RETROFIT-REGRESSION-001.md (source-backed metrics/drill-through regression PASS),None for this source-backed KPI/reporting row; MVP3-HOLD-002 is not counted as evidence for non-map functions.,MATCH,"Exact register/reconciliation identity aligns with source-backed dashboard tests, screenshots and runtime regression; no provider-complete claim is made.",product-contract/mvp3/MVP3_84_ROW_MASTER_REGISTER.csv; product-contract/mvp3/MVP3_84_ROW_COVERAGE_RECONCILIATION_R2.csv; product-contract/mvp3/MVP3_IMPLEMENTATION_STATUS.csv; product-contract/mvp3/MVP3_SCHEMA_REUSE_REGISTER.csv; product-contract/mvp3/MVP3_PROVIDER_POLICY_HOLDS.csv; product-contract/mvp3/MVP3_RETROFIT_INTEGRATION_MAP.csv; apps/web/e2e/dashboard-business.spec.ts; apps/web/e2e/dashboard-kpi-seed.spec.ts; apps/web/e2e/mvp3-enterprise-contract.spec.ts; product-contract/evidence/TASK-WEB-DASHBOARD-002-EV-001.txt; product-contract/evidence/screens/dashboard-business-v1/; product-contract/evidence/TASK-MVP3-RETROFIT-REGRESSION-001.md (source-backed metrics/drill-through regression PASS)
70,MVP2-REQ-0253,M3-08,"Analytics shall expose KPI definitions, data lineage, refresh time and drill-through records for health index, coverage, open violations, overdue SLA and resolution.",CD-058 | CD-058_M3-08_R2_FINAL/ (dc.html frame selector — all R1 frame ids preserved) | CD-058_R2_FINAL/renders/01..06-CD-058_R2.png,/dashboard; dashboard metric functions; mvp3_kpi_definitions,apps/web/e2e/dashboard-business.spec.ts; apps/web/e2e/dashboard-kpi-seed.spec.ts; apps/web/e2e/mvp3-enterprise-contract.spec.ts,product-contract/evidence/TASK-WEB-DASHBOARD-002-EV-001.txt; product-contract/evidence/screens/dashboard-business-v1/; product-contract/evidence/TASK-MVP3-RETROFIT-REGRESSION-001.md (source-backed metrics/drill-through regression PASS),None for this source-backed KPI/reporting row; MVP3-HOLD-002 is not counted as evidence for non-map functions.,MATCH,"Exact register/reconciliation identity aligns with source-backed dashboard tests, screenshots and runtime regression; no provider-complete claim is made.",product-contract/mvp3/MVP3_84_ROW_MASTER_REGISTER.csv; product-contract/mvp3/MVP3_84_ROW_COVERAGE_RECONCILIATION_R2.csv; product-contract/mvp3/MVP3_IMPLEMENTATION_STATUS.csv; product-contract/mvp3/MVP3_SCHEMA_REUSE_REGISTER.csv; product-contract/mvp3/MVP3_PROVIDER_POLICY_HOLDS.csv; product-contract/mvp3/MVP3_RETROFIT_INTEGRATION_MAP.csv; apps/web/e2e/dashboard-business.spec.ts; apps/web/e2e/dashboard-kpi-seed.spec.ts; apps/web/e2e/mvp3-enterprise-contract.spec.ts; product-contract/evidence/TASK-WEB-DASHBOARD-002-EV-001.txt; product-contract/evidence/screens/dashboard-business-v1/; product-contract/evidence/TASK-MVP3-RETROFIT-REGRESSION-001.md (source-backed metrics/drill-through regression PASS)
71,MVP2-REQ-0068,M3-09,"PLAT-0006 | Web Operations | Business Web | Compliance Enforcement | Violation creation, penalty mapping, recommendation, committee decision, correction lifecycle | Owns configuration, runtime behavior, validation, audit and handoff for Compliance Enforcement. | Does not bypass source BRD rules, published workflows or role permissions. | Compliance Officer, Committee, Branch Manager | Violation workspace, penalty panel, decision board | Violation, Clause, Penalty, Recommendation, Decision | Violation is traceable to question/answer/clause. | Repeat and severity update risk model signals. | Enforcement workflow routes to committee/approval. | Violation notice, penalty, correction task | P0 | Regulation + inspection BRDs",CD-059 | CD-059_M3-09_R2_FINAL/ (dc.html frame selector — all R1 frame ids preserved) | CD-059_R2_FINAL/renders/01..06-CD-059_R2.png,/enforcement; /cases; /portal,apps/web/e2e/mvp2-m2-02-lifecycles.spec.ts; apps/web/e2e/mvp3-enterprise-contract.spec.ts; protected browser regression cited in retrofit certificate,product-contract/evidence/TASK-MVP3-RETROFIT-REGRESSION-001.md (canonical case/objection/violation spine and consolidated lifecycle PASS; 510 pass/0 fail),None; external identity remains separately fail-closed under MVP3-HOLD-003 for external portal authentication.,MATCH,Exact register/reconciliation identity aligns with the canonical violation/correction/objection lifecycle and protected runtime regression.,product-contract/mvp3/MVP3_84_ROW_MASTER_REGISTER.csv; product-contract/mvp3/MVP3_84_ROW_COVERAGE_RECONCILIATION_R2.csv; product-contract/mvp3/MVP3_IMPLEMENTATION_STATUS.csv; product-contract/mvp3/MVP3_SCHEMA_REUSE_REGISTER.csv; product-contract/mvp3/MVP3_PROVIDER_POLICY_HOLDS.csv; product-contract/mvp3/MVP3_RETROFIT_INTEGRATION_MAP.csv; apps/web/e2e/mvp2-m2-02-lifecycles.spec.ts; apps/web/e2e/mvp3-enterprise-contract.spec.ts; protected browser regression cited in retrofit certificate; product-contract/evidence/TASK-MVP3-RETROFIT-REGRESSION-001.md (canonical case/objection/violation spine and consolidated lifecycle PASS; 510 pass/0 fail)
72,MVP2-REQ-0083,M3-09,"Shows clause, penalty, evidence, factory history and recommendation",CD-059 | CD-059_M3-09_R2_FINAL/ (dc.html frame selector — all R1 frame ids preserved) | CD-059_R2_FINAL/renders/01..06-CD-059_R2.png,/enforcement; /cases; /portal,apps/web/e2e/mvp2-m2-02-lifecycles.spec.ts; apps/web/e2e/mvp3-enterprise-contract.spec.ts; protected browser regression cited in retrofit certificate,product-contract/evidence/TASK-MVP3-RETROFIT-REGRESSION-001.md (canonical case/objection/violation spine and consolidated lifecycle PASS; 510 pass/0 fail),None; external identity remains separately fail-closed under MVP3-HOLD-003 for external portal authentication.,MATCH,Exact register/reconciliation identity aligns with the canonical violation/correction/objection lifecycle and protected runtime regression.,product-contract/mvp3/MVP3_84_ROW_MASTER_REGISTER.csv; product-contract/mvp3/MVP3_84_ROW_COVERAGE_RECONCILIATION_R2.csv; product-contract/mvp3/MVP3_IMPLEMENTATION_STATUS.csv; product-contract/mvp3/MVP3_SCHEMA_REUSE_REGISTER.csv; product-contract/mvp3/MVP3_PROVIDER_POLICY_HOLDS.csv; product-contract/mvp3/MVP3_RETROFIT_INTEGRATION_MAP.csv; apps/web/e2e/mvp2-m2-02-lifecycles.spec.ts; apps/web/e2e/mvp3-enterprise-contract.spec.ts; protected browser regression cited in retrofit certificate; product-contract/evidence/TASK-MVP3-RETROFIT-REGRESSION-001.md (canonical case/objection/violation spine and consolidated lifecycle PASS; 510 pass/0 fail)
73,MVP2-REQ-0242,M3-09,Disputes cannot be managed cleanly.,CD-059 | CD-059_M3-09_R2_FINAL/ (dc.html frame selector — all R1 frame ids preserved) | CD-059_R2_FINAL/renders/01..06-CD-059_R2.png,/enforcement; /cases; /portal,apps/web/e2e/mvp2-m2-02-lifecycles.spec.ts; apps/web/e2e/mvp3-enterprise-contract.spec.ts; protected browser regression cited in retrofit certificate,product-contract/evidence/TASK-MVP3-RETROFIT-REGRESSION-001.md (canonical case/objection/violation spine and consolidated lifecycle PASS; 510 pass/0 fail),None; external identity remains separately fail-closed under MVP3-HOLD-003 for external portal authentication.,MATCH,Exact register/reconciliation identity aligns with the canonical violation/correction/objection lifecycle and protected runtime regression.,product-contract/mvp3/MVP3_84_ROW_MASTER_REGISTER.csv; product-contract/mvp3/MVP3_84_ROW_COVERAGE_RECONCILIATION_R2.csv; product-contract/mvp3/MVP3_IMPLEMENTATION_STATUS.csv; product-contract/mvp3/MVP3_SCHEMA_REUSE_REGISTER.csv; product-contract/mvp3/MVP3_PROVIDER_POLICY_HOLDS.csv; product-contract/mvp3/MVP3_RETROFIT_INTEGRATION_MAP.csv; apps/web/e2e/mvp2-m2-02-lifecycles.spec.ts; apps/web/e2e/mvp3-enterprise-contract.spec.ts; protected browser regression cited in retrofit certificate; product-contract/evidence/TASK-MVP3-RETROFIT-REGRESSION-001.md (canonical case/objection/violation spine and consolidated lifecycle PASS; 510 pass/0 fail)
74,MVP2-REQ-0255,M3-10,"AI features shall provide suggestions only, cite input evidence/clauses, show confidence, allow edit/reject and store human decision separately.",CD-060 | CD-060_M3-10_R2_FINAL/ (dc.html frame selector — all R1 frame ids preserved) | CD-060_R2_FINAL/renders/01..06-CD-060_R2.png,/ai/suggestions; AiDockets; AI suggestion actions,apps/web/e2e/mvp3-enterprise-contract.spec.ts; apps/web/e2e/ai-delta-contract.spec.ts; apps/web/e2e/ai-user-journey.spec.ts,product-contract/evidence/TASK-MVP3-RETROFIT-REGRESSION-001.md (evidence-reference and human reject/fail-closed browser tests PASS),MVP3-HOLD-007 AI provider and policy OPEN; AI action disabled while deterministic inspection workflow remains usable.,MATCH,"Suggestion-only, evidence-cited, human-disposition and provider-unavailable behavior are explicitly tested; AI provider remains fail-closed.",product-contract/mvp3/MVP3_84_ROW_MASTER_REGISTER.csv; product-contract/mvp3/MVP3_84_ROW_COVERAGE_RECONCILIATION_R2.csv; product-contract/mvp3/MVP3_IMPLEMENTATION_STATUS.csv; product-contract/mvp3/MVP3_SCHEMA_REUSE_REGISTER.csv; product-contract/mvp3/MVP3_PROVIDER_POLICY_HOLDS.csv; product-contract/mvp3/MVP3_RETROFIT_INTEGRATION_MAP.csv; apps/web/e2e/mvp3-enterprise-contract.spec.ts; apps/web/e2e/ai-delta-contract.spec.ts; apps/web/e2e/ai-user-journey.spec.ts; product-contract/evidence/TASK-MVP3-RETROFIT-REGRESSION-001.md (evidence-reference and human reject/fail-closed browser tests PASS)
75,MVP2-REQ-0077,M3-11,"PLAT-0022 | iPad Field App | Mobile Field Execution | EBDA Signature & Report Preview | Representative acknowledgement, inspector signature, EBDA digital signature, report hash, signed copy | Owns configuration, runtime behavior, validation, audit and handoff for EBDA Signature & Report Preview. | Does not bypass source BRD rules, published workflows or role permissions. | Inspector, Factory Representative | Report preview, signature pad/EBDA handoff | Report, Signature, Hash, Consent | Report sections mapped from form template. | Critical reports may change risk after approval. | Signature guard blocks approval/share until completed or excepted. | Signed report | P0 | EBDA To-Be",CD-061 | CD-061_M3-11_R2_FINAL/ (dc.html frame selector — all R1 frame ids preserved) | CD-061_R2_FINAL/renders/01..06-CD-061_R2.png,/committee; RecordSignature; committee actions; canonical case/inspection lineage,apps/web/e2e/mvp3-enterprise-contract.spec.ts; apps/web/e2e/mvp2-m2-12-signature.spec.ts; apps/web/e2e/mvp2-m2-02-lifecycles.spec.ts,product-contract/evidence/TASK-MVP3-RETROFIT-REGRESSION-001.md (dossier/refusal contracts PASS; verified signing provider-gated; 510 pass/0 fail),MVP3-HOLD-001 digital signature OPEN; MVP3-HOLD-004 EBDA/data exchange OPEN where applicable; unsigned/refused dossier remains auditable.,NEEDS_REVIEW,"Provider-independent acknowledgement, refusal, dossier and signed-report contracts align, but verified EBDA/KSA trust-provider signing is held under MVP3-HOLD-001/004; do not treat the signed-provider result as runtime-evidenced.",product-contract/mvp3/MVP3_84_ROW_MASTER_REGISTER.csv; product-contract/mvp3/MVP3_84_ROW_COVERAGE_RECONCILIATION_R2.csv; product-contract/mvp3/MVP3_IMPLEMENTATION_STATUS.csv; product-contract/mvp3/MVP3_SCHEMA_REUSE_REGISTER.csv; product-contract/mvp3/MVP3_PROVIDER_POLICY_HOLDS.csv; product-contract/mvp3/MVP3_RETROFIT_INTEGRATION_MAP.csv; apps/web/e2e/mvp3-enterprise-contract.spec.ts; apps/web/e2e/mvp2-m2-12-signature.spec.ts; apps/web/e2e/mvp2-m2-02-lifecycles.spec.ts; product-contract/evidence/TASK-MVP3-RETROFIT-REGRESSION-001.md (dossier/refusal contracts PASS; verified signing provider-gated; 510 pass/0 fail)
76,MVP2-REQ-0084,M3-11,"Shows report, evidence, legal mapping, recommendations and dissent history",CD-061 | CD-061_M3-11_R2_FINAL/ (dc.html frame selector — all R1 frame ids preserved) | CD-061_R2_FINAL/renders/01..06-CD-061_R2.png,/committee; RecordSignature; committee actions; canonical case/inspection lineage,apps/web/e2e/mvp3-enterprise-contract.spec.ts; apps/web/e2e/mvp2-m2-12-signature.spec.ts; apps/web/e2e/mvp2-m2-02-lifecycles.spec.ts,product-contract/evidence/TASK-MVP3-RETROFIT-REGRESSION-001.md (dossier/refusal contracts PASS; verified signing provider-gated; 510 pass/0 fail),"Verified signature remains under MVP3-HOLD-001, but this provider-independent dossier/refusal/decision-lineage row has a usable fail-closed path.",MATCH,Provider-independent dossier/refusal/decision lineage aligns with tests and runtime certification; verified signature/EBDA seams remain held where applicable.,product-contract/mvp3/MVP3_84_ROW_MASTER_REGISTER.csv; product-contract/mvp3/MVP3_84_ROW_COVERAGE_RECONCILIATION_R2.csv; product-contract/mvp3/MVP3_IMPLEMENTATION_STATUS.csv; product-contract/mvp3/MVP3_SCHEMA_REUSE_REGISTER.csv; product-contract/mvp3/MVP3_PROVIDER_POLICY_HOLDS.csv; product-contract/mvp3/MVP3_RETROFIT_INTEGRATION_MAP.csv; apps/web/e2e/mvp3-enterprise-contract.spec.ts; apps/web/e2e/mvp2-m2-12-signature.spec.ts; apps/web/e2e/mvp2-m2-02-lifecycles.spec.ts; product-contract/evidence/TASK-MVP3-RETROFIT-REGRESSION-001.md (dossier/refusal contracts PASS; verified signing provider-gated; 510 pass/0 fail)
77,MVP2-REQ-0225,M3-11,"Primary business outcome | License decision defensibility | Every inspection must explain why factory was selected, what rules/forms applied, how evidence was captured, how signature/refusal was handled, and why decision was made. | Licensing committee, legal, audit | Case replay with full data trail | Without this, business users will challenge trust and legal defensibility.",CD-061 | CD-061_M3-11_R2_FINAL/ (dc.html frame selector — all R1 frame ids preserved) | CD-061_R2_FINAL/renders/01..06-CD-061_R2.png,/committee; RecordSignature; committee actions; canonical case/inspection lineage,apps/web/e2e/mvp3-enterprise-contract.spec.ts; apps/web/e2e/mvp2-m2-12-signature.spec.ts; apps/web/e2e/mvp2-m2-02-lifecycles.spec.ts,product-contract/evidence/TASK-MVP3-RETROFIT-REGRESSION-001.md (dossier/refusal contracts PASS; verified signing provider-gated; 510 pass/0 fail),"Verified signature remains under MVP3-HOLD-001, but this provider-independent dossier/refusal/decision-lineage row has a usable fail-closed path.",MATCH,Provider-independent dossier/refusal/decision lineage aligns with tests and runtime certification; verified signature/EBDA seams remain held where applicable.,product-contract/mvp3/MVP3_84_ROW_MASTER_REGISTER.csv; product-contract/mvp3/MVP3_84_ROW_COVERAGE_RECONCILIATION_R2.csv; product-contract/mvp3/MVP3_IMPLEMENTATION_STATUS.csv; product-contract/mvp3/MVP3_SCHEMA_REUSE_REGISTER.csv; product-contract/mvp3/MVP3_PROVIDER_POLICY_HOLDS.csv; product-contract/mvp3/MVP3_RETROFIT_INTEGRATION_MAP.csv; apps/web/e2e/mvp3-enterprise-contract.spec.ts; apps/web/e2e/mvp2-m2-12-signature.spec.ts; apps/web/e2e/mvp2-m2-02-lifecycles.spec.ts; product-contract/evidence/TASK-MVP3-RETROFIT-REGRESSION-001.md (dossier/refusal contracts PASS; verified signing provider-gated; 510 pass/0 fail)
78,MVP2-REQ-0232,M3-11,Digital signature flow becomes hand-wavy; online/offline behavior unknown.,CD-061 | CD-061_M3-11_R2_FINAL/ (dc.html frame selector — all R1 frame ids preserved) | CD-061_R2_FINAL/renders/01..06-CD-061_R2.png,/committee; RecordSignature; committee actions; canonical case/inspection lineage,apps/web/e2e/mvp3-enterprise-contract.spec.ts; apps/web/e2e/mvp2-m2-12-signature.spec.ts; apps/web/e2e/mvp2-m2-02-lifecycles.spec.ts,product-contract/evidence/TASK-MVP3-RETROFIT-REGRESSION-001.md (dossier/refusal contracts PASS; verified signing provider-gated; 510 pass/0 fail),"MVP3-HOLD-001 and MVP3-HOLD-004 remain OPEN, which preserves the source requirement that EBDA technical/legal details are not yet verified.",MATCH,Provider-independent dossier/refusal/decision lineage aligns with tests and runtime certification; verified signature/EBDA seams remain held where applicable.,product-contract/mvp3/MVP3_84_ROW_MASTER_REGISTER.csv; product-contract/mvp3/MVP3_84_ROW_COVERAGE_RECONCILIATION_R2.csv; product-contract/mvp3/MVP3_IMPLEMENTATION_STATUS.csv; product-contract/mvp3/MVP3_SCHEMA_REUSE_REGISTER.csv; product-contract/mvp3/MVP3_PROVIDER_POLICY_HOLDS.csv; product-contract/mvp3/MVP3_RETROFIT_INTEGRATION_MAP.csv; apps/web/e2e/mvp3-enterprise-contract.spec.ts; apps/web/e2e/mvp2-m2-12-signature.spec.ts; apps/web/e2e/mvp2-m2-02-lifecycles.spec.ts; product-contract/evidence/TASK-MVP3-RETROFIT-REGRESSION-001.md (dossier/refusal contracts PASS; verified signing provider-gated; 510 pass/0 fail)
79,MVP2-REQ-0236,M3-11,"Committee cannot see coherent dossier, history, risk, evidence and objection context.",CD-061 | CD-061_M3-11_R2_FINAL/ (dc.html frame selector — all R1 frame ids preserved) | CD-061_R2_FINAL/renders/01..06-CD-061_R2.png,/committee; RecordSignature; committee actions; canonical case/inspection lineage,apps/web/e2e/mvp3-enterprise-contract.spec.ts; apps/web/e2e/mvp2-m2-12-signature.spec.ts; apps/web/e2e/mvp2-m2-02-lifecycles.spec.ts,product-contract/evidence/TASK-MVP3-RETROFIT-REGRESSION-001.md (dossier/refusal contracts PASS; verified signing provider-gated; 510 pass/0 fail),"Verified signature remains under MVP3-HOLD-001, but this provider-independent dossier/refusal/decision-lineage row has a usable fail-closed path.",MATCH,Provider-independent dossier/refusal/decision lineage aligns with tests and runtime certification; verified signature/EBDA seams remain held where applicable.,product-contract/mvp3/MVP3_84_ROW_MASTER_REGISTER.csv; product-contract/mvp3/MVP3_84_ROW_COVERAGE_RECONCILIATION_R2.csv; product-contract/mvp3/MVP3_IMPLEMENTATION_STATUS.csv; product-contract/mvp3/MVP3_SCHEMA_REUSE_REGISTER.csv; product-contract/mvp3/MVP3_PROVIDER_POLICY_HOLDS.csv; product-contract/mvp3/MVP3_RETROFIT_INTEGRATION_MAP.csv; apps/web/e2e/mvp3-enterprise-contract.spec.ts; apps/web/e2e/mvp2-m2-12-signature.spec.ts; apps/web/e2e/mvp2-m2-02-lifecycles.spec.ts; product-contract/evidence/TASK-MVP3-RETROFIT-REGRESSION-001.md (dossier/refusal contracts PASS; verified signing provider-gated; 510 pass/0 fail)
80,MVP2-REQ-0245,M3-11,"The Digital Signature Service shall not be built until the approved KSA trust-service provider, API contract, signer identity flow, timestamp, seal validation and legal acceptance are confirmed.",CD-061 | CD-061_M3-11_R2_FINAL/ (dc.html frame selector — all R1 frame ids preserved) | CD-061_R2_FINAL/renders/01..06-CD-061_R2.png,/committee; RecordSignature; committee actions; canonical case/inspection lineage,apps/web/e2e/mvp3-enterprise-contract.spec.ts; apps/web/e2e/mvp2-m2-12-signature.spec.ts; apps/web/e2e/mvp2-m2-02-lifecycles.spec.ts,product-contract/evidence/TASK-MVP3-RETROFIT-REGRESSION-001.md (dossier/refusal contracts PASS; verified signing provider-gated; 510 pass/0 fail),"MVP3-HOLD-001 remains OPEN; verified signature execution is disabled, satisfying the no-build-until-approved guard.",MATCH,Provider-independent dossier/refusal/decision lineage aligns with tests and runtime certification; verified signature/EBDA seams remain held where applicable.,product-contract/mvp3/MVP3_84_ROW_MASTER_REGISTER.csv; product-contract/mvp3/MVP3_84_ROW_COVERAGE_RECONCILIATION_R2.csv; product-contract/mvp3/MVP3_IMPLEMENTATION_STATUS.csv; product-contract/mvp3/MVP3_SCHEMA_REUSE_REGISTER.csv; product-contract/mvp3/MVP3_PROVIDER_POLICY_HOLDS.csv; product-contract/mvp3/MVP3_RETROFIT_INTEGRATION_MAP.csv; apps/web/e2e/mvp3-enterprise-contract.spec.ts; apps/web/e2e/mvp2-m2-12-signature.spec.ts; apps/web/e2e/mvp2-m2-02-lifecycles.spec.ts; product-contract/evidence/TASK-MVP3-RETROFIT-REGRESSION-001.md (dossier/refusal contracts PASS; verified signing provider-gated; 510 pass/0 fail)
81,MVP2-REQ-0246,M3-11,"The iPad app shall support 'Refused to Sign' with mandatory reason, optional witness, inspector statement and audit trail, then proceed per configured workflow.",CD-061 | CD-061_M3-11_R2_FINAL/ (dc.html frame selector — all R1 frame ids preserved) | CD-061_R2_FINAL/renders/01..06-CD-061_R2.png,/committee; RecordSignature; committee actions; canonical case/inspection lineage,apps/web/e2e/mvp3-enterprise-contract.spec.ts; apps/web/e2e/mvp2-m2-12-signature.spec.ts; apps/web/e2e/mvp2-m2-02-lifecycles.spec.ts,product-contract/evidence/TASK-MVP3-RETROFIT-REGRESSION-001.md (dossier/refusal contracts PASS; verified signing provider-gated; 510 pass/0 fail),"Verified signature remains under MVP3-HOLD-001, but this provider-independent dossier/refusal/decision-lineage row has a usable fail-closed path.",MATCH,Provider-independent dossier/refusal/decision lineage aligns with tests and runtime certification; verified signature/EBDA seams remain held where applicable.,product-contract/mvp3/MVP3_84_ROW_MASTER_REGISTER.csv; product-contract/mvp3/MVP3_84_ROW_COVERAGE_RECONCILIATION_R2.csv; product-contract/mvp3/MVP3_IMPLEMENTATION_STATUS.csv; product-contract/mvp3/MVP3_SCHEMA_REUSE_REGISTER.csv; product-contract/mvp3/MVP3_PROVIDER_POLICY_HOLDS.csv; product-contract/mvp3/MVP3_RETROFIT_INTEGRATION_MAP.csv; apps/web/e2e/mvp3-enterprise-contract.spec.ts; apps/web/e2e/mvp2-m2-12-signature.spec.ts; apps/web/e2e/mvp2-m2-02-lifecycles.spec.ts; product-contract/evidence/TASK-MVP3-RETROFIT-REGRESSION-001.md (dossier/refusal contracts PASS; verified signing provider-gated; 510 pass/0 fail)
82,MVP2-REQ-0252,M3-11,The Committee Room shall generate a decision dossier that is readable to business users and defensible to auditors.,CD-061 | CD-061_M3-11_R2_FINAL/ (dc.html frame selector — all R1 frame ids preserved) | CD-061_R2_FINAL/renders/01..06-CD-061_R2.png,/committee; RecordSignature; committee actions; canonical case/inspection lineage,apps/web/e2e/mvp3-enterprise-contract.spec.ts; apps/web/e2e/mvp2-m2-12-signature.spec.ts; apps/web/e2e/mvp2-m2-02-lifecycles.spec.ts,product-contract/evidence/TASK-MVP3-RETROFIT-REGRESSION-001.md (dossier/refusal contracts PASS; verified signing provider-gated; 510 pass/0 fail),"Verified signature remains under MVP3-HOLD-001, but this provider-independent dossier/refusal/decision-lineage row has a usable fail-closed path.",MATCH,Provider-independent dossier/refusal/decision lineage aligns with tests and runtime certification; verified signature/EBDA seams remain held where applicable.,product-contract/mvp3/MVP3_84_ROW_MASTER_REGISTER.csv; product-contract/mvp3/MVP3_84_ROW_COVERAGE_RECONCILIATION_R2.csv; product-contract/mvp3/MVP3_IMPLEMENTATION_STATUS.csv; product-contract/mvp3/MVP3_SCHEMA_REUSE_REGISTER.csv; product-contract/mvp3/MVP3_PROVIDER_POLICY_HOLDS.csv; product-contract/mvp3/MVP3_RETROFIT_INTEGRATION_MAP.csv; apps/web/e2e/mvp3-enterprise-contract.spec.ts; apps/web/e2e/mvp2-m2-12-signature.spec.ts; apps/web/e2e/mvp2-m2-02-lifecycles.spec.ts; product-contract/evidence/TASK-MVP3-RETROFIT-REGRESSION-001.md (dossier/refusal contracts PASS; verified signing provider-gated; 510 pass/0 fail)
83,MVP2-REQ-0257,M3-11,"The License Decision module shall require traceable links from decision status to source inspection package, violations, committee actions and conditions.",CD-061 | CD-061_M3-11_R2_FINAL/ (dc.html frame selector — all R1 frame ids preserved) | CD-061_R2_FINAL/renders/01..06-CD-061_R2.png,/committee; RecordSignature; committee actions; canonical case/inspection lineage,apps/web/e2e/mvp3-enterprise-contract.spec.ts; apps/web/e2e/mvp2-m2-12-signature.spec.ts; apps/web/e2e/mvp2-m2-02-lifecycles.spec.ts,product-contract/evidence/TASK-MVP3-RETROFIT-REGRESSION-001.md (dossier/refusal contracts PASS; verified signing provider-gated; 510 pass/0 fail),"Verified signature remains under MVP3-HOLD-001, but this provider-independent dossier/refusal/decision-lineage row has a usable fail-closed path.",MATCH,Provider-independent dossier/refusal/decision lineage aligns with tests and runtime certification; verified signature/EBDA seams remain held where applicable.,product-contract/mvp3/MVP3_84_ROW_MASTER_REGISTER.csv; product-contract/mvp3/MVP3_84_ROW_COVERAGE_RECONCILIATION_R2.csv; product-contract/mvp3/MVP3_IMPLEMENTATION_STATUS.csv; product-contract/mvp3/MVP3_SCHEMA_REUSE_REGISTER.csv; product-contract/mvp3/MVP3_PROVIDER_POLICY_HOLDS.csv; product-contract/mvp3/MVP3_RETROFIT_INTEGRATION_MAP.csv; apps/web/e2e/mvp3-enterprise-contract.spec.ts; apps/web/e2e/mvp2-m2-12-signature.spec.ts; apps/web/e2e/mvp2-m2-02-lifecycles.spec.ts; product-contract/evidence/TASK-MVP3-RETROFIT-REGRESSION-001.md (dossier/refusal contracts PASS; verified signing provider-gated; 510 pass/0 fail)
84,MVP2-REQ-0258,M3-12,"The program shall maintain a pre-build and pre-go-live audit test pack with business demo scripts, technical proofs and UX validation evidence.",N/A — integrated assurance protocol (coverage register uses M3-12 pack rule),apps/web/e2e; product-contract/evidence; product-contract/mvp3 controls,apps/web/e2e/mvp3-enterprise-contract.spec.ts; apps/web/e2e/mvp3-retrofit-regression.spec.ts; full protected Playwright inventory,product-contract/evidence/TASK-MVP3-RETROFIT-REGRESSION-001.md (510 pass/9 intentional skips/0 fail); product-contract/evidence/TASK-MVP3-INTEGRATED-PREPRODUCTION-001.md,MVP3-HOLD-008 production release OPEN; local/runtime retrofit certification is not production deployment certification.,MATCH,"Integrated assurance row is intentionally screen-N/A and is supported by the named build, regression and certification evidence.",product-contract/mvp3/MVP3_84_ROW_MASTER_REGISTER.csv; product-contract/mvp3/MVP3_84_ROW_COVERAGE_RECONCILIATION_R2.csv; product-contract/mvp3/MVP3_IMPLEMENTATION_STATUS.csv; product-contract/mvp3/MVP3_SCHEMA_REUSE_REGISTER.csv; product-contract/mvp3/MVP3_PROVIDER_POLICY_HOLDS.csv; product-contract/mvp3/MVP3_RETROFIT_INTEGRATION_MAP.csv; apps/web/e2e/mvp3-enterprise-contract.spec.ts; apps/web/e2e/mvp3-retrofit-regression.spec.ts; full protected Playwright inventory; product-contract/evidence/TASK-MVP3-RETROFIT-REGRESSION-001.md (510 pass/9 intentional skips/0 fail); product-contract/evidence/TASK-MVP3-INTEGRATED-PREPRODUCTION-001.md
