"Source sheet","Source row","Source module","Source capability","Source acceptance criterion","Requirement ID","Acceptance ID","Acceptance module","Acceptance status","Mapping basis"
"Visit Planning-Planning","2","Visit Planning","Visit Creation","User can access only the planning methods permitted by their role.","MVP1-M01-001","AC-0001","Visit Planning - Planning","implemented","Provisional: matching module totals and preserved row sequence; semantic text review pending"
"Visit Planning-Planning","3","Visit Planning","Bulk Planning","Planner successfully publishes a Visit Plan and all selected factories receive individual Visits.","MVP1-M01-002","AC-0002","Visit Planning - Planning","implemented","Provisional: matching module totals and preserved row sequence; semantic text review pending"
"Visit Planning-Planning","4","Visit Planning","Planning Criteria Builder","Planner can build one or multiple search criteria without limitation.","MVP1-M01-003","AC-0003","Visit Planning - Planning","implemented","Provisional: matching module totals and preserved row sequence; semantic text review pending"
"Visit Planning-Planning","5","Visit Planning","Target Factory Identification","Matching factories are successfully retrieved.","MVP1-M01-004","AC-0004","Visit Planning - Planning","implemented","Provisional: matching module totals and preserved row sequence; semantic text review pending"
"Visit Planning-Planning","6","Visit Planning","Target Factory Selection","Only selected factories proceed to Visit Configuration.","MVP1-M01-005","AC-0005","Visit Planning - Planning","implemented","Provisional: matching module totals and preserved row sequence; semantic text review pending"
"Visit Planning-Planning","7","Visit Planning","Visit Configuration","Planner successfully configures the Visit Plan.","MVP1-M01-006","AC-0006","Visit Planning - Planning","implemented","Provisional: matching module totals and preserved row sequence; semantic text review pending"
"Visit Planning-Planning","8","Visit Planning","Automatic Inspector Assignment","Every Visit has an assigned inspector before publishing.","MVP1-M01-007","AC-0007","Visit Planning - Planning","implemented","Provisional: matching module totals and preserved row sequence; semantic text review pending"
"Visit Planning-Planning","9","Visit Planning","Manual Inspector Assignment","Planner successfully assigns inspectors manually.","MVP1-M01-008","AC-0008","Visit Planning - Planning","implemented","Provisional: matching module totals and preserved row sequence; semantic text review pending"
"Visit Planning-Planning","10","Visit Planning","Review Visit Plan","Planner reviews the complete Visit Plan before publishing.","MVP1-M01-009","AC-0009","Visit Planning - Planning","implemented","Provisional: matching module totals and preserved row sequence; semantic text review pending"
"Visit Planning-Planning","11","Visit Planning","Publish Visit Plan","Individual Visits are successfully generated, assigned and available to inspectors.","MVP1-M01-010","AC-0010","Visit Planning - Planning","implemented","Provisional: matching module totals and preserved row sequence; semantic text review pending"
"Visit Planning-Planning","12","Visit Planning","Select Planning Method","Selected planning workflow opens successfully.","MVP1-M01-011","AC-0011","Visit Planning - Planning","implemented","Provisional: matching module totals and preserved row sequence; semantic text review pending"
"Visit Planning-Planning","13","Visit Planning","Build Planning Criteria","Planner can create valid search criteria.","MVP1-M01-012","AC-0012","Visit Planning - Planning","implemented","Provisional: matching module totals and preserved row sequence; semantic text review pending"
"Visit Planning-Planning","14","Visit Planning","Retrieve Target Factories","Matching factories displayed.","MVP1-M01-013","AC-0013","Visit Planning - Planning","implemented","Provisional: matching module totals and preserved row sequence; semantic text review pending"
"Visit Planning-Planning","15","Visit Planning","Review Target Factories","Planner can review every returned factory.","MVP1-M01-014","AC-0014","Visit Planning - Planning","implemented","Provisional: matching module totals and preserved row sequence; semantic text review pending"
"Visit Planning-Planning","16","Visit Planning","Select Target Factories","Selected factories are saved.","MVP1-M01-015","AC-0015","Visit Planning - Planning","implemented","Provisional: matching module totals and preserved row sequence; semantic text review pending"
"Visit Planning-Planning","17","Visit Planning","AI Planning Summary","Summary generated successfully.","MVP1-M01-016","AC-0016","Visit Planning - Planning","implemented","Provisional: matching module totals and preserved row sequence; semantic text review pending"
"Visit Planning-Planning","18","Visit Planning","Configure Visit Details","Configuration saved successfully.","MVP1-M01-017","AC-0017","Visit Planning - Planning","implemented","Provisional: matching module totals and preserved row sequence; semantic text review pending"
"Visit Planning-Planning","19","Visit Planning","Auto Assignment","Inspectors assigned successfully.","MVP1-M01-018","AC-0018","Visit Planning - Planning","implemented","Provisional: matching module totals and preserved row sequence; semantic text review pending"
"Visit Planning-Planning","20","Visit Planning","Manual Assignment","Manual assignment completed successfully.","MVP1-M01-019","AC-0019","Visit Planning - Planning","implemented","Provisional: matching module totals and preserved row sequence; semantic text review pending"
"Visit Planning-Planning","21","Visit Planning","Review & Publish","Visit Plan successfully published.","MVP1-M01-020","AC-0020","Visit Planning - Planning","implemented","Provisional: matching module totals and preserved row sequence; semantic text review pending"
"Visit Planning-Planning","22","Visit Planning","Select Planning Method","Bulk Planning workspace opens successfully.","MVP1-M01-021","AC-0021","Visit Planning - Planning","implemented","Provisional: matching module totals and preserved row sequence; semantic text review pending"
"Visit Planning-Planning","23","Visit Planning","Build Planning Criteria","Planner can successfully define one or more planning criteria.","MVP1-M01-022","AC-0022","Visit Planning - Planning","implemented","Provisional: matching module totals and preserved row sequence; semantic text review pending"
"Visit Planning-Planning","24","Visit Planning","Search Target Factories","Matching factories are displayed successfully.","MVP1-M01-023","AC-0023","Visit Planning - Planning","implemented","Provisional: matching module totals and preserved row sequence; semantic text review pending"
"Visit Planning-Planning","25","Visit Planning","Review Target Factories","Planner can review all returned factories.","MVP1-M01-024","AC-0024","Visit Planning - Planning","implemented","Provisional: matching module totals and preserved row sequence; semantic text review pending"
"Visit Planning-Planning","26","Visit Planning","Select Target Factories","Only selected factories are included in the Visit Plan.","MVP1-M01-025","AC-0025","Visit Planning - Planning","implemented","Provisional: matching module totals and preserved row sequence; semantic text review pending"
"Visit Planning-Planning","27","Visit Planning","AI Planning Summary","AI summary is generated successfully before publishing.","MVP1-M01-026","AC-0026","Visit Planning - Planning","implemented","Provisional: matching module totals and preserved row sequence; semantic text review pending"
"Visit Planning-Planning","28","Visit Planning","Configure Visit Details","Planner completes all mandatory visit configuration fields.","MVP1-M01-027","AC-0027","Visit Planning - Planning","implemented","Provisional: matching module totals and preserved row sequence; semantic text review pending"
"Visit Planning-Planning","29","Visit Planning","Automatic Inspector Assignment","All visits receive inspector assignments automatically.","MVP1-M01-028","AC-0028","Visit Planning - Planning","implemented","Provisional: matching module totals and preserved row sequence; semantic text review pending"
"Visit Planning-Planning","30","Visit Planning","Manual Inspector Assignment","Planner successfully assigns inspectors manually.","MVP1-M01-029","AC-0029","Visit Planning - Planning","implemented","Provisional: matching module totals and preserved row sequence; semantic text review pending"
"Visit Planning-Planning","31","Visit Planning","Review Visit Plan","Planner successfully reviews the Visit Plan before publishing.","MVP1-M01-030","AC-0030","Visit Planning - Planning","implemented","Provisional: matching module totals and preserved row sequence; semantic text review pending"
"Visit Planning-Planning","32","Visit Planning","Publish Visit Plan","Visit Plan is published successfully. Individual visits are created, assigned, audited and visible to inspectors.","MVP1-M01-031","AC-0031","Visit Planning - Planning","implemented","Provisional: matching module totals and preserved row sequence; semantic text review pending"
"Visit Planning-Planning","33","Visit Planning","Bulk Edit Visit Plan","All selected visits are updated successfully.","MVP1-M01-032","AC-0032","Visit Planning - Planning","implemented","Provisional: matching module totals and preserved row sequence; semantic text review pending"
"Visit Planning-Planning","34","Visit Planning","Bulk Cancel Visits","Selected visits are successfully cancelled and inspectors are notified.","MVP1-M01-033","AC-0033","Visit Planning - Planning","implemented","Provisional: matching module totals and preserved row sequence; semantic text review pending"
"Visit Planning-Planning","35","Visit Planning","Select Single Planning","Single Planning workspace opens successfully.","MVP1-M01-034","AC-0034","Visit Planning - Planning","verified_live","Provisional: matching module totals and preserved row sequence; semantic text review pending"
"Visit Planning-Planning","36","Visit Planning","Search Factory","Matching factory information is successfully retrieved.","MVP1-M01-035","AC-0035","Visit Planning - Planning","verified_live","Provisional: matching module totals and preserved row sequence; semantic text review pending"
"Visit Planning-Planning","37","Visit Planning","Select Industrial License","Planner successfully selects the intended Industrial License.","MVP1-M01-036","AC-0036","Visit Planning - Planning","implemented","Provisional: matching module totals and preserved row sequence; semantic text review pending"
"Visit Planning-Planning","38","Visit Planning","Retrieve Factory Profile","Factory profile is displayed successfully.","MVP1-M01-037","AC-0037","Visit Planning - Planning","implemented","Provisional: matching module totals and preserved row sequence; semantic text review pending"
"Visit Planning-Planning","39","Visit Planning","Verify Factory Location","Verified location is successfully saved.","MVP1-M01-038","AC-0038","Visit Planning - Planning","implemented","Provisional: matching module totals and preserved row sequence; semantic text review pending"
"Visit Planning-Planning","40","Visit Planning","Configure Visit Details","Planner completes all required fields successfully.","MVP1-M01-039","AC-0039","Visit Planning - Planning","implemented","Provisional: matching module totals and preserved row sequence; semantic text review pending"
"Visit Planning-Planning","41","Visit Planning","Assign Inspector","Visit is successfully assigned.","MVP1-M01-040","AC-0040","Visit Planning - Planning","implemented","Provisional: matching module totals and preserved row sequence; semantic text review pending"
"Visit Planning-Planning","42","Visit Planning","Review Single Visit","Planner successfully reviews the visit.","MVP1-M01-041","AC-0041","Visit Planning - Planning","implemented","Provisional: matching module totals and preserved row sequence; semantic text review pending"
"Visit Planning-Planning","43","Visit Planning","Publish Single Visit","Visit is successfully published and available in the inspector's work queue.","MVP1-M01-042","AC-0042","Visit Planning - Planning","implemented","Provisional: matching module totals and preserved row sequence; semantic text review pending"
"Visit Planning-Planning","44","Visit Planning","Select Immediate Visit","Immediate Visit workspace opens successfully.","MVP1-M01-043","AC-0043","Visit Planning - Planning","verified_live","Provisional: matching module totals and preserved row sequence; semantic text review pending"
"Visit Planning-Planning","45","Visit Planning","Search Existing Factory","Factory information is successfully retrieved when available.","MVP1-M01-044","AC-0044","Visit Planning - Planning","verified_live","Provisional: matching module totals and preserved row sequence; semantic text review pending"
"Visit Planning-Planning","46","Visit Planning","Manual Factory Information","User can continue without a CR or Industrial License.","MVP1-M01-045","AC-0045","Visit Planning - Planning","verified_live","Provisional: matching module totals and preserved row sequence; semantic text review pending"
"Visit Planning-Planning","47","Visit Planning","Capture Visit Location","Visit location is successfully captured.","MVP1-M01-046","AC-0046","Visit Planning - Planning","verified_live","Provisional: matching module totals and preserved row sequence; semantic text review pending"
"Visit Planning-Planning","48","Visit Planning","Configure Immediate Visit","Required information is successfully captured.","MVP1-M01-047","AC-0047","Visit Planning - Planning","verified_live","Provisional: matching module totals and preserved row sequence; semantic text review pending"
"Visit Planning-Planning","49","Visit Planning","Assign Inspector","Assigned inspector is successfully linked to the visit.","MVP1-M01-048","AC-0048","Visit Planning - Planning","verified_live","Provisional: matching module totals and preserved row sequence; semantic text review pending"
"Visit Planning-Planning","50","Visit Planning","Review Immediate Visit","Planner successfully reviews the Immediate Visit before creation.","MVP1-M01-049","AC-0049","Visit Planning - Planning","verified_live","Provisional: matching module totals and preserved row sequence; semantic text review pending"
"Visit Planning-Planning","51","Visit Planning","Create Immediate Visit","Immediate Visit is successfully created.","MVP1-M01-050","AC-0050","Visit Planning - Planning","verified_live","Provisional: matching module totals and preserved row sequence; semantic text review pending"
"Visit Planning-Planning","52","Visit Planning","Start Immediate Inspection","Inspection starts successfully and the visit appears in the execution workspace.","MVP1-M01-051","AC-0051","Visit Planning - Planning","verified_live","Provisional: matching module totals and preserved row sequence; semantic text review pending"
"Visit Planning-Planning","53","Visit Planning","Notify Assigned Inspector","Assigned inspector receives the Immediate Visit in their work queue.","MVP1-M01-052","AC-0052","Visit Planning - Planning","verified_live","Provisional: matching module totals and preserved row sequence; semantic text review pending"
"Visit Planning- Mangment","2","Visit Planning","Visit Management Workspace","Planner can access all planned visits.","MVP1-M02-001","AC-0053","Visit Planning - Management","implemented","Provisional: matching module totals and preserved row sequence; semantic text review pending"
"Visit Planning- Mangment","3","Visit Planning","Visit KPIs","KPI values match the underlying visit records.","MVP1-M02-002","AC-0054","Visit Planning - Management","implemented","Provisional: matching module totals and preserved row sequence; semantic text review pending"
"Visit Planning- Mangment","4","Visit Planning","Search Visits","Matching visits are displayed.","MVP1-M02-003","AC-0055","Visit Planning - Management","implemented","Provisional: matching module totals and preserved row sequence; semantic text review pending"
"Visit Planning- Mangment","5","Visit Planning","Filter Visits","Visit list reflects selected filters.","MVP1-M02-004","AC-0056","Visit Planning - Management","implemented","Provisional: matching module totals and preserved row sequence; semantic text review pending"
"Visit Planning- Mangment","6","Visit Planning","View Visit Details","Planner can access complete visit information.","MVP1-M02-005","AC-0057","Visit Planning - Management","implemented","Provisional: matching module totals and preserved row sequence; semantic text review pending"
"Visit Planning- Mangment","7","Visit Planning","Edit Visit","Changes are successfully saved and audited.","MVP1-M02-006","AC-0058","Visit Planning - Management","implemented","Provisional: matching module totals and preserved row sequence; semantic text review pending"
"Visit Planning- Mangment","8","Visit Planning","Bulk Edit Visits","Selected visits are successfully updated.","MVP1-M02-007","AC-0059","Visit Planning - Management","implemented","Provisional: matching module totals and preserved row sequence; semantic text review pending"
"Visit Planning- Mangment","9","Visit Planning","Return Visit Handling","Planner can successfully process returned visits.","MVP1-M02-008","AC-0060","Visit Planning - Management","implemented","Provisional: matching module totals and preserved row sequence; semantic text review pending"
"Visit Planning- Mangment","10","Visit Planning","Republish Returned Visit","Returned visit is successfully republished.","MVP1-M02-009","AC-0061","Visit Planning - Management","implemented","Provisional: matching module totals and preserved row sequence; semantic text review pending"
"Visit Planning- Mangment","11","Visit Planning","Cancel Visit","Visit is cancelled successfully and removed from active planning.","MVP1-M02-010","AC-0062","Visit Planning - Management","implemented","Provisional: matching module totals and preserved row sequence; semantic text review pending"
"Visit Planning- Mangment","12","Visit Planning","Bulk Cancel Visits","Selected visits are successfully cancelled.","MVP1-M02-011","AC-0063","Visit Planning - Management","implemented","Provisional: matching module totals and preserved row sequence; semantic text review pending"
"Visit Planning- Mangment","13","Visit Planning","Duplicate Visit Validation","Duplicate visits are successfully prevented.","MVP1-M02-012","AC-0064","Visit Planning - Management","verified_live","Provisional: matching module totals and preserved row sequence; semantic text review pending"
"Visit Planning- Mangment","14","Visit Planning","Activity Timeline","Timeline displays complete visit history.","MVP1-M02-013","AC-0065","Visit Planning - Management","implemented","Provisional: matching module totals and preserved row sequence; semantic text review pending"
"Visit Planning- Mangment","15","Visit Planning","Audit Trail","Every planning action is traceable.","MVP1-M02-014","AC-0066","Visit Planning - Management","implemented","Provisional: matching module totals and preserved row sequence; semantic text review pending"
"Visit Planning- Mangment","16","Visit Planning","Visit Status Management","Invalid status transitions are prevented automatically.","MVP1-M02-015","AC-0067","Visit Planning - Management","implemented","Provisional: matching module totals and preserved row sequence; semantic text review pending"
"Visit Planning- Mangment","17","Visit Planning","Expired Visit Management","Visits automatically expire after the configured visit window ends.","MVP1-M02-016","AC-0068","Visit Planning - Management","implemented","Provisional: matching module totals and preserved row sequence; semantic text review pending"
"Visit Planning- Mangment","18","Visit Planning","Visit Plan Details","Planner can successfully manage all visits within the selected Visit Plan.","MVP1-M02-017","AC-0069","Visit Planning - Management","implemented","Provisional: matching module totals and preserved row sequence; semantic text review pending"
"Visit Planning- Mangment","19","Visit Planning","Assignment Overview","Planner can review inspector workload before reassigning visits.","MVP1-M02-018","AC-0070","Visit Planning - Management","implemented","Provisional: matching module totals and preserved row sequence; semantic text review pending"
"Visit Planning- Mangment","20","Visit Planning","Visit Management Workspace","Visit Repository, User Roles, Dashboard Service","MVP1-M02-019","AC-0071","Visit Planning - Management","implemented","Provisional: matching module totals and preserved row sequence; semantic text review pending"
"Visit Planning- Mangment","21","Visit Planning","Planning KPI Summary","Visit Repository","MVP1-M02-020","AC-0072","Visit Planning - Management","implemented","Provisional: matching module totals and preserved row sequence; semantic text review pending"
"Visit Planning- Mangment","22","Visit Planning","Advanced Search","Search Engine, Visit Repository","MVP1-M02-021","AC-0073","Visit Planning - Management","implemented","Provisional: matching module totals and preserved row sequence; semantic text review pending"
"Visit Planning- Mangment","23","Visit Planning","Advanced Filters","Visit Repository","MVP1-M02-022","AC-0074","Visit Planning - Management","implemented","Provisional: matching module totals and preserved row sequence; semantic text review pending"
"Visit Planning- Mangment","24","Visit Planning","Visit List","Visit Repository","MVP1-M02-023","AC-0075","Visit Planning - Management","implemented","Provisional: matching module totals and preserved row sequence; semantic text review pending"
"Visit Planning- Mangment","25","Visit Planning","View Visit Details","Visit Repository","MVP1-M02-024","AC-0076","Visit Planning - Management","implemented","Provisional: matching module totals and preserved row sequence; semantic text review pending"
"Visit Planning- Mangment","26","Visit Planning","Edit Visit","Validation Engine, Assignment Engine","MVP1-M02-025","AC-0077","Visit Planning - Management","implemented","Provisional: matching module totals and preserved row sequence; semantic text review pending"
"Visit Planning- Mangment","27","Visit Planning","Reassign Inspector","Assignment Engine, Notification Service","MVP1-M02-026","AC-0078","Visit Planning - Management","implemented","Provisional: matching module totals and preserved row sequence; semantic text review pending"
"Visit Planning- Mangment","28","Visit Planning","Reschedule Visit","Calendar Engine","MVP1-M02-027","AC-0079","Visit Planning - Management","implemented","Provisional: matching module totals and preserved row sequence; semantic text review pending"
"Visit Planning- Mangment","29","Visit Planning","Cancel Visit","Notification Service, Audit Service","MVP1-M02-028","AC-0080","Visit Planning - Management","implemented","Provisional: matching module totals and preserved row sequence; semantic text review pending"
"Visit Planning- Mangment","30","Visit Planning","Process Returned Visit","Visit Repository","MVP1-M02-029","AC-0081","Visit Planning - Management","implemented","Provisional: matching module totals and preserved row sequence; semantic text review pending"
"Visit Planning- Mangment","31","Visit Planning","Republish Visit","Notification Service","MVP1-M02-030","AC-0082","Visit Planning - Management","implemented","Provisional: matching module totals and preserved row sequence; semantic text review pending"
"Visit Planning- Mangment","32","Visit Planning","Bulk Edit Visits","Visit Plan Repository","MVP1-M02-031","AC-0083","Visit Planning - Management","implemented","Provisional: matching module totals and preserved row sequence; semantic text review pending"
"Visit Planning- Mangment","33","Visit Planning","Bulk Reassign","Assignment Engine","MVP1-M02-032","AC-0084","Visit Planning - Management","implemented","Provisional: matching module totals and preserved row sequence; semantic text review pending"
"Visit Planning- Mangment","34","Visit Planning","Bulk Reschedule","Calendar Engine","MVP1-M02-033","AC-0085","Visit Planning - Management","implemented","Provisional: matching module totals and preserved row sequence; semantic text review pending"
"Visit Planning- Mangment","35","Visit Planning","Bulk Cancel","Notification Service","MVP1-M02-034","AC-0086","Visit Planning - Management","implemented","Provisional: matching module totals and preserved row sequence; semantic text review pending"
"Visit Planning- Mangment","36","Visit Planning","Visit Plan Details","Visit Plan Repository","MVP1-M02-035","AC-0087","Visit Planning - Management","implemented","Provisional: matching module totals and preserved row sequence; semantic text review pending"
"Visit Planning- Mangment","37","Visit Planning","Campaign Progress","Visit Plan Repository","MVP1-M02-036","AC-0088","Visit Planning - Management","implemented","Provisional: matching module totals and preserved row sequence; semantic text review pending"
"Visit Planning- Mangment","38","Visit Planning","Assignment Center","Assignment Engine","MVP1-M02-037","AC-0089","Visit Planning - Management","implemented","Provisional: matching module totals and preserved row sequence; semantic text review pending"
"Visit Planning- Mangment","39","Visit Planning","Calendar View","Calendar Engine","MVP1-M02-038","AC-0090","Visit Planning - Management","implemented","Provisional: matching module totals and preserved row sequence; semantic text review pending"
"Visit Planning- Mangment","40","Visit Planning","Map View","GIS Platform","MVP1-M02-039","AC-0091","Visit Planning - Management","verified_live","Provisional: matching module totals and preserved row sequence; semantic text review pending"
"Visit Planning- Mangment","41","Visit Planning","Conflict Validation Center","Validation Engine","MVP1-M02-040","AC-0092","Visit Planning - Management","implemented","Provisional: matching module totals and preserved row sequence; semantic text review pending"
"Visit Planning- Mangment","42","Visit Planning","Notifications","Notification Service","MVP1-M02-041","AC-0093","Visit Planning - Management","implemented","Provisional: matching module totals and preserved row sequence; semantic text review pending"
"Visit Planning- Mangment","43","Visit Planning","Attachments","Document Management Service","MVP1-M02-042","AC-0094","Visit Planning - Management","implemented","Provisional: matching module totals and preserved row sequence; semantic text review pending"
"Visit Planning- Mangment","44","Visit Planning","Internal Notes","Notes Service","MVP1-M02-043","AC-0095","Visit Planning - Management","implemented","Provisional: matching module totals and preserved row sequence; semantic text review pending"
"Visit Planning- Mangment","45","Visit Planning","Activity Timeline","Audit Service","MVP1-M02-044","AC-0096","Visit Planning - Management","implemented","Provisional: matching module totals and preserved row sequence; semantic text review pending"
"Visit Planning- Mangment","46","Visit Planning","Audit History","Audit Service","MVP1-M02-045","AC-0097","Visit Planning - Management","implemented","Provisional: matching module totals and preserved row sequence; semantic text review pending"
"Visit Planning- Mangment","47","Visit Planning","Automatic Visit Expiry","Scheduler Service","MVP1-M02-046","AC-0098","Visit Planning - Management","implemented","Provisional: matching module totals and preserved row sequence; semantic text review pending"
"Inspection Execution - PreStart","2","Inspection Execution","Inspector Dashboard","Inspector can access dashboard and view assigned workload.","MVP1-M03-001","AC-0099","Inspection Execution - Pre-Start","implemented","Provisional: matching module totals and preserved row sequence; semantic text review pending"
"Inspection Execution - PreStart","3","Inspection Execution","View Assigned Visits","Inspector can access all assigned visits.","MVP1-M03-002","AC-0100","Inspection Execution - Pre-Start","implemented","Provisional: matching module totals and preserved row sequence; semantic text review pending"
"Inspection Execution - PreStart","4","Inspection Execution","Calendar, List & Map Views","Inspector can switch between all views.","MVP1-M03-003","AC-0101","Inspection Execution - Pre-Start","implemented","Provisional: matching module totals and preserved row sequence; semantic text review pending"
"Inspection Execution - PreStart","5","Inspection Execution","Search, Filter & Sort","Accurate search and filtering results.","MVP1-M03-004","AC-0102","Inspection Execution - Pre-Start","implemented","Provisional: matching module totals and preserved row sequence; semantic text review pending"
"Inspection Execution - PreStart","6","Inspection Execution","Manage My Schedule","Calendar updates successfully after changes.","MVP1-M03-005","AC-0103","Inspection Execution - Pre-Start","implemented","Provisional: matching module totals and preserved row sequence; semantic text review pending"
"Inspection Execution - PreStart","7","Inspection Execution","Return Assignment","Assignment successfully returned.","MVP1-M03-006","AC-0104","Inspection Execution - Pre-Start","implemented","Provisional: matching module totals and preserved row sequence; semantic text review pending"
"Inspection Execution - PreStart","8","Inspection Execution","View Visit Card","Visit information displayed correctly.","MVP1-M03-007","AC-0105","Inspection Execution - Pre-Start","implemented","Provisional: matching module totals and preserved row sequence; semantic text review pending"
"Inspection Execution - PreStart","9","Inspection Execution","View Factory 360°","Factory profile loads successfully.","MVP1-M03-008","AC-0106","Inspection Execution - Pre-Start","implemented","Provisional: matching module totals and preserved row sequence; semantic text review pending"
"Inspection Execution - PreStart","10","Inspection Execution","AI Preparation Assistant","AI recommendations generated successfully.","MVP1-M03-009","AC-0107","Inspection Execution - Pre-Start","implemented","Provisional: matching module totals and preserved row sequence; semantic text review pending"
"Inspection Execution - PreStart","11","Inspection Execution","Prepare Inspection","Inspection successfully prepared.","MVP1-M03-010","AC-0108","Inspection Execution - Pre-Start","implemented","Provisional: matching module totals and preserved row sequence; semantic text review pending"
"Inspection Execution - PreStart","12","Inspection Execution","Execution Mode Eligibility","Ineligible modes cannot be selected.","MVP1-M03-011","AC-0109","Inspection Execution - Pre-Start","implemented","Provisional: matching module totals and preserved row sequence; semantic text review pending"
"Inspection Execution - PreStart","13","Inspection Execution","Inspection Package Resolution","Correct inspection package generated.","MVP1-M03-012","AC-0110","Inspection Execution - Pre-Start","implemented","Provisional: matching module totals and preserved row sequence; semantic text review pending"
"Inspection Execution - PreStart","14","Inspection Execution","Notify Factory","Notification successfully sent when enabled.","MVP1-M03-013","AC-0111","Inspection Execution - Pre-Start","implemented","Provisional: matching module totals and preserved row sequence; semantic text review pending"
"Inspection Execution - PreStart","15","Inspection Execution","Virtual Appointment Management","Virtual appointment confirmed successfully.","MVP1-M03-014","AC-0112","Inspection Execution - Pre-Start","implemented","Provisional: matching module totals and preserved row sequence; semantic text review pending"
"Inspection Execution - PreStart","16","Inspection Execution","Inspection Status Management","Status transitions occur correctly.","MVP1-M03-015","AC-0113","Inspection Execution - Pre-Start","implemented","Provisional: matching module totals and preserved row sequence; semantic text review pending"
"Inspection excution-Start jou","2","Inspection Execution – Physical","Validate Assigned Visit","Inspector cannot start a visit assigned to another inspector.","MVP1-M04-001","AC-0114","Physical Inspection Execution","implemented","Provisional: matching module totals and preserved row sequence; semantic text review pending"
"Inspection excution-Start jou","3","Inspection Execution – Physical","Validate Visit Status","Invalid visit statuses are blocked with a clear error message.","MVP1-M04-002","AC-0115","Physical Inspection Execution","implemented","Provisional: matching module totals and preserved row sequence; semantic text review pending"
"Inspection excution-Start jou","4","Inspection Execution – Physical","Validate Execution Window","Inspector receives appropriate validation if outside execution window.","MVP1-M04-003","AC-0116","Physical Inspection Execution","implemented","Provisional: matching module totals and preserved row sequence; semantic text review pending"
"Inspection excution-Start jou","5","Inspection Execution – Physical","Validate Factory Location","Navigation starts using the correct destination.","MVP1-M04-004","AC-0117","Physical Inspection Execution","implemented","Provisional: matching module totals and preserved row sequence; semantic text review pending"
"Inspection excution-Start jou","6","Inspection Execution – Physical","Download Locked Inspection Package","Package downloads successfully before journey begins.","MVP1-M04-005","AC-0118","Physical Inspection Execution","implemented","Provisional: matching module totals and preserved row sequence; semantic text review pending"
"Inspection excution-Start jou","7","Inspection Execution – Physical","Verify Package Integrity","Invalid packages are rejected and re-downloaded.","MVP1-M04-006","AC-0119","Physical Inspection Execution","implemented","Provisional: matching module totals and preserved row sequence; semantic text review pending"
"Inspection excution-Start jou","8","Inspection Execution – Physical","Cache Offline Package","Inspector can continue execution without network connectivity.","MVP1-M04-007","AC-0120","Physical Inspection Execution","implemented","Provisional: matching module totals and preserved row sequence; semantic text review pending"
"Inspection excution-Start jou","9","Inspection Execution – Physical","Create Journey Session","Journey session created successfully.","MVP1-M04-008","AC-0121","Physical Inspection Execution","implemented","Provisional: matching module totals and preserved row sequence; semantic text review pending"
"Inspection excution-Start jou","10","Inspection Execution – Physical","Capture Journey Start Time","Journey start time recorded.","MVP1-M04-009","AC-0122","Physical Inspection Execution","implemented","Provisional: matching module totals and preserved row sequence; semantic text review pending"
"Inspection excution-Start jou","11","Inspection Execution – Physical","Capture Journey Start GPS","GPS stored successfully.","MVP1-M04-010","AC-0123","Physical Inspection Execution","implemented","Provisional: matching module totals and preserved row sequence; semantic text review pending"
"Inspection excution-Start jou","12","Inspection Execution – Physical","Capture GPS Accuracy","GPS accuracy stored.","MVP1-M04-011","AC-0124","Physical Inspection Execution","implemented","Provisional: matching module totals and preserved row sequence; semantic text review pending"
"Inspection excution-Start jou","13","Inspection Execution – Physical","Capture Device Information","Device information stored successfully.","MVP1-M04-012","AC-0125","Physical Inspection Execution","verified_live","Provisional: matching module totals and preserved row sequence; semantic text review pending"
"Inspection excution-Start jou","14","Inspection Execution – Physical","Capture Network Status","Initial connectivity stored.","MVP1-M04-013","AC-0126","Physical Inspection Execution","implemented","Provisional: matching module totals and preserved row sequence; semantic text review pending"
"Inspection excution-Start jou","15","Inspection Execution – Physical","Start Live Tracking","Operations Center receives live location updates.","MVP1-M04-014","AC-0127","Physical Inspection Execution","implemented","Provisional: matching module totals and preserved row sequence; semantic text review pending"
"Inspection excution-Start jou","16","Inspection Execution – Physical","Initialize Journey Timeline","Timeline initialized successfully.","MVP1-M04-015","AC-0128","Physical Inspection Execution","implemented","Provisional: matching module totals and preserved row sequence; semantic text review pending"
"Inspection excution-Start jou","17","Inspection Execution – Physical","Launch Navigation","Inspector navigates to correct destination.","MVP1-M04-016","AC-0129","Physical Inspection Execution","implemented","Provisional: matching module totals and preserved row sequence; semantic text review pending"
"Inspection excution-Start jou","18","Inspection Execution – Physical","Calculate Initial ETA","ETA displayed correctly.","MVP1-M04-017","AC-0130","Physical Inspection Execution","implemented","Provisional: matching module totals and preserved row sequence; semantic text review pending"
"Inspection excution-Start jou","19","Inspection Execution – Physical","Update Operational State","Operational State updated correctly.","MVP1-M04-018","AC-0131","Physical Inspection Execution","implemented","Provisional: matching module totals and preserved row sequence; semantic text review pending"
"Inspection excution-Start jou","20","Inspection Execution – Physical","Generate Audit Events","Complete audit trail available.","MVP1-M04-019","AC-0132","Physical Inspection Execution","implemented","Provisional: matching module totals and preserved row sequence; semantic text review pending"
"Inspection excution-Start jou","21","Inspection Execution – Physical","Error Handling","User receives meaningful error messages and system remains in a consistent state.","MVP1-M04-020","AC-0133","Physical Inspection Execution","implemented","Provisional: matching module totals and preserved row sequence; semantic text review pending"
"Inspection excution-Start jou","22","Inspection Execution – Physical","Activate Live Journey Tracking","Live tracking starts successfully.","MVP1-M04-021","AC-0134","Physical Inspection Execution","implemented","Provisional: matching module totals and preserved row sequence; semantic text review pending"
"Inspection excution-Start jou","23","Inspection Execution – Physical","Capture Live GPS Coordinates","GPS history is stored successfully.","MVP1-M04-022","AC-0135","Physical Inspection Execution","implemented","Provisional: matching module totals and preserved row sequence; semantic text review pending"
"Inspection excution-Start jou","24","Inspection Execution – Physical","Update Inspector Location on Operations Map","Operations users can monitor inspector movement.","MVP1-M04-023","AC-0136","Physical Inspection Execution","implemented","Provisional: matching module totals and preserved row sequence; semantic text review pending"
"Inspection excution-Start jou","25","Inspection Execution – Physical","Calculate Estimated Time of Arrival (ETA)","ETA displayed accurately.","MVP1-M04-024","AC-0137","Physical Inspection Execution","implemented","Provisional: matching module totals and preserved row sequence; semantic text review pending"
"Inspection excution-Start jou","26","Inspection Execution – Physical","Calculate Remaining Distance","Remaining distance displayed correctly.","MVP1-M04-025","AC-0138","Physical Inspection Execution","implemented","Provisional: matching module totals and preserved row sequence; semantic text review pending"
"Inspection excution-Start jou","27","Inspection Execution – Physical","Monitor Journey Progress","Progress updates correctly.","MVP1-M04-026","AC-0139","Physical Inspection Execution","implemented","Provisional: matching module totals and preserved row sequence; semantic text review pending"
"Inspection excution-Start jou","28","Inspection Execution – Physical","Monitor GPS Accuracy","GPS quality recorded correctly.","MVP1-M04-027","AC-0140","Physical Inspection Execution","implemented","Provisional: matching module totals and preserved row sequence; semantic text review pending"
"Inspection excution-Start jou","29","Inspection Execution – Physical","Monitor Network Connectivity","Connectivity status updates correctly.","MVP1-M04-028","AC-0141","Physical Inspection Execution","implemented","Provisional: matching module totals and preserved row sequence; semantic text review pending"
"Inspection excution-Start jou","30","Inspection Execution – Physical","Handle Offline Mode","Inspector continues working without interruption.","MVP1-M04-029","AC-0142","Physical Inspection Execution","implemented","Provisional: matching module totals and preserved row sequence; semantic text review pending"
"Inspection excution-Start jou","31","Inspection Execution – Physical","Synchronize Offline Journey Data","Queued data synchronized successfully.","MVP1-M04-030","AC-0143","Physical Inspection Execution","implemented","Provisional: matching module totals and preserved row sequence; semantic text review pending"
"Inspection excution-Start jou","32","Inspection Execution – Physical","Monitor Route Deviation","Deviation events recorded.","MVP1-M04-031","AC-0144","Physical Inspection Execution","implemented","Provisional: matching module totals and preserved row sequence; semantic text review pending"
"Inspection excution-Start jou","33","Inspection Execution – Physical","Detect Arrival Radius","Arrival eligibility evaluated correctly.","MVP1-M04-032","AC-0145","Physical Inspection Execution","implemented","Provisional: matching module totals and preserved row sequence; semantic text review pending"
"Inspection excution-Start jou","34","Inspection Execution – Physical","Record Journey Timeline Events","Timeline contains all operational events.","MVP1-M04-033","AC-0146","Physical Inspection Execution","implemented","Provisional: matching module totals and preserved row sequence; semantic text review pending"
"Inspection excution-Start jou","35","Inspection Execution – Physical","Generate Operational Audit Logs","Complete audit trail available.","MVP1-M04-034","AC-0147","Physical Inspection Execution","implemented","Provisional: matching module totals and preserved row sequence; semantic text review pending"
"Inspection excution-Start jou","36","Inspection Execution – Physical","Display Journey Status","Journey dashboard displays current operational status.","MVP1-M04-035","AC-0148","Physical Inspection Execution","implemented","Provisional: matching module totals and preserved row sequence; semantic text review pending"
"Inspection excution-Start jou","37","Inspection Execution – Physical","Handle Journey Exceptions","Journey remains recoverable after unexpected failures.","MVP1-M04-036","AC-0149","Physical Inspection Execution","implemented","Provisional: matching module totals and preserved row sequence; semantic text review pending"
"Inspection excution-Start jou","38","Inspection Execution – Physical","Detect Arrival Radius","System correctly identifies when the inspector enters the allowed arrival radius.","MVP1-M04-037","AC-0150","Physical Inspection Execution","implemented","Provisional: matching module totals and preserved row sequence; semantic text review pending"
"Inspection excution-Start jou","39","Inspection Execution – Physical","Enable Arrival Action","Inspector can only continue when arrival conditions are satisfied.","MVP1-M04-038","AC-0151","Physical Inspection Execution","implemented","Provisional: matching module totals and preserved row sequence; semantic text review pending"
"Inspection excution-Start jou","40","Inspection Execution – Physical","Capture Arrival Timestamp","Arrival time is recorded successfully.","MVP1-M04-039","AC-0152","Physical Inspection Execution","implemented","Provisional: matching module totals and preserved row sequence; semantic text review pending"
"Inspection excution-Start jou","41","Inspection Execution – Physical","Capture Actual GPS Coordinates","Actual coordinates are successfully stored.","MVP1-M04-040","AC-0153","Physical Inspection Execution","implemented","Provisional: matching module totals and preserved row sequence; semantic text review pending"
"Inspection excution-Start jou","42","Inspection Execution – Physical","Compare Planned vs Actual Location","System calculates the distance correctly.","MVP1-M04-041","AC-0154","Physical Inspection Execution","implemented","Provisional: matching module totals and preserved row sequence; semantic text review pending"
"Inspection excution-Start jou","43","Inspection Execution – Physical","Validate GPS Distance","Validation result is generated correctly.","MVP1-M04-042","AC-0155","Physical Inspection Execution","implemented","Provisional: matching module totals and preserved row sequence; semantic text review pending"
"Inspection excution-Start jou","44","Inspection Execution – Physical","GPS Override Confirmation","Override confirmation is recorded before continuing.","MVP1-M04-043","AC-0156","Physical Inspection Execution","verified_live","Provisional: matching module totals and preserved row sequence; semantic text review pending"
"Inspection excution-Start jou","45","Inspection Execution – Physical","Store Actual Inspection Location","Inspection location stored successfully.","MVP1-M04-044","AC-0157","Physical Inspection Execution","implemented","Provisional: matching module totals and preserved row sequence; semantic text review pending"
"Inspection excution-Start jou","46","Inspection Execution – Physical","Capture Arrival Evidence","Required evidence is successfully attached.","MVP1-M04-045","AC-0158","Physical Inspection Execution","verified_live","Provisional: matching module totals and preserved row sequence; semantic text review pending"
"Inspection excution-Start jou","47","Inspection Execution – Physical","Update Operational State","Operational State updated correctly.","MVP1-M04-046","AC-0159","Physical Inspection Execution","implemented","Provisional: matching module totals and preserved row sequence; semantic text review pending"
"Inspection excution-Start jou","48","Inspection Execution – Physical","Generate Arrival Timeline Events","Timeline accurately reflects the arrival process.","MVP1-M04-047","AC-0160","Physical Inspection Execution","implemented","Provisional: matching module totals and preserved row sequence; semantic text review pending"
"Inspection excution-Start jou","49","Inspection Execution – Physical","Generate Audit Logs","Complete audit trail is available.","MVP1-M04-048","AC-0161","Physical Inspection Execution","implemented","Provisional: matching module totals and preserved row sequence; semantic text review pending"
"Inspection excution-Start jou","50","Inspection Execution – Physical","Handle Arrival Validation Errors","Arrival validation errors are handled without data loss or workflow inconsistency.","MVP1-M04-049","AC-0162","Physical Inspection Execution","implemented","Provisional: matching module totals and preserved row sequence; semantic text review pending"
"Inspection excution-Start jou","51","Inspection Execution – Physical","Load Arrival Confirmation Screen","Screen loads successfully with all required information.","MVP1-M04-050","AC-0163","Physical Inspection Execution","implemented","Provisional: matching module totals and preserved row sequence; semantic text review pending"
"Inspection excution-Start jou","52","Inspection Execution – Physical","Load Factory Card","Factory Card displays the latest synchronized information.","MVP1-M04-051","AC-0164","Physical Inspection Execution","implemented","Provisional: matching module totals and preserved row sequence; semantic text review pending"
"Inspection excution-Start jou","53","Inspection Execution – Physical","Load Visit Card","Visit Card displays correctly.","MVP1-M04-052","AC-0165","Physical Inspection Execution","implemented","Provisional: matching module totals and preserved row sequence; semantic text review pending"
"Inspection excution-Start jou","54","Inspection Execution – Physical","Display Journey Summary","Journey summary displays correctly.","MVP1-M04-053","AC-0166","Physical Inspection Execution","implemented","Provisional: matching module totals and preserved row sequence; semantic text review pending"
"Inspection excution-Start jou","55","Inspection Execution – Physical","Display Context Panel","Context panel functions correctly.","MVP1-M04-054","AC-0167","Physical Inspection Execution","implemented","Provisional: matching module totals and preserved row sequence; semantic text review pending"
"Inspection excution-Start jou","56","Inspection Execution – Physical","Proceed with Inspection","Execution workspace opens successfully.","MVP1-M04-055","AC-0168","Physical Inspection Execution","implemented","Provisional: matching module totals and preserved row sequence; semantic text review pending"
"Inspection excution-Start jou","57","Inspection Execution – Physical","Cancel Visit","Cancellation process starts correctly.","MVP1-M04-056","AC-0169","Physical Inspection Execution","implemented","Provisional: matching module totals and preserved row sequence; semantic text review pending"
"Inspection excution-Start jou","58","Inspection Execution – Physical","Capture Cancellation Reason","Cancellation cannot continue without mandatory information.","MVP1-M04-057","AC-0170","Physical Inspection Execution","implemented","Provisional: matching module totals and preserved row sequence; semantic text review pending"
"Inspection excution-Start jou","59","Inspection Execution – Physical","Capture Cancellation Evidence","Mandatory evidence is enforced correctly.","MVP1-M04-058","AC-0171","Physical Inspection Execution","implemented","Provisional: matching module totals and preserved row sequence; semantic text review pending"
"Inspection excution-Start jou","60","Inspection Execution – Physical","Update Visit Status After Cancellation","Visit status updates correctly.","MVP1-M04-059","AC-0172","Physical Inspection Execution","implemented","Provisional: matching module totals and preserved row sequence; semantic text review pending"
"Inspection excution-Start jou","61","Inspection Execution – Physical","Generate Arrival Audit Events","Complete audit trail is generated.","MVP1-M04-060","AC-0173","Physical Inspection Execution","implemented","Provisional: matching module totals and preserved row sequence; semantic text review pending"
"Inspection excution-Start jou","62","Inspection Execution – Physical","Handle Arrival Confirmation Errors","Errors are handled gracefully and no inconsistent workflow state exists.","MVP1-M04-061","AC-0174","Physical Inspection Execution","implemented","Provisional: matching module totals and preserved row sequence; semantic text review pending"
"Inspection excution-Start jou","63","Inspection Execution – Physical","Create Inspection Session","Inspection Session created successfully.","MVP1-M04-062","AC-0175","Physical Inspection Execution","implemented","Provisional: matching module totals and preserved row sequence; semantic text review pending"
"Inspection excution-Start jou","64","Inspection Execution – Physical","Lock Inspection Package","Package remains unchanged throughout execution.","MVP1-M04-063","AC-0176","Physical Inspection Execution","implemented","Provisional: matching module totals and preserved row sequence; semantic text review pending"
"Inspection excution-Start jou","65","Inspection Execution – Physical","Load Execution Workspace","Workspace loads successfully.","MVP1-M04-064","AC-0177","Physical Inspection Execution","implemented","Provisional: matching module totals and preserved row sequence; semantic text review pending"
"Inspection excution-Start jou","66","Inspection Execution – Physical","Initialize Wizard","Wizard initialized successfully.","MVP1-M04-065","AC-0178","Physical Inspection Execution","implemented","Provisional: matching module totals and preserved row sequence; semantic text review pending"
"Inspection excution-Start jou","67","Inspection Execution – Physical","Load Wizard Steps","Correct wizard sequence displayed.","MVP1-M04-066","AC-0179","Physical Inspection Execution","implemented","Provisional: matching module totals and preserved row sequence; semantic text review pending"
"Inspection excution-Start jou","68","Inspection Execution – Physical","Load Progress Engine","Progress displayed correctly.","MVP1-M04-067","AC-0180","Physical Inspection Execution","implemented","Provisional: matching module totals and preserved row sequence; semantic text review pending"
"Inspection excution-Start jou","69","Inspection Execution – Physical","Load Context Panel","Inspector can access context from any step.","MVP1-M04-068","AC-0181","Physical Inspection Execution","implemented","Provisional: matching module totals and preserved row sequence; semantic text review pending"
"Inspection excution-Start jou","70","Inspection Execution – Physical","Restore Draft Session","Draft restored successfully.","MVP1-M04-069","AC-0182","Physical Inspection Execution","implemented","Provisional: matching module totals and preserved row sequence; semantic text review pending"
"Inspection excution-Start jou","71","Inspection Execution – Physical","Initialize Auto Save","Inspection progress saved automatically.","MVP1-M04-070","AC-0183","Physical Inspection Execution","implemented","Provisional: matching module totals and preserved row sequence; semantic text review pending"
"Inspection excution-Start jou","72","Inspection Execution – Physical","Initialize Offline Mode","Offline execution initialized successfully.","MVP1-M04-071","AC-0184","Physical Inspection Execution","implemented","Provisional: matching module totals and preserved row sequence; semantic text review pending"
"Inspection excution-Start jou","73","Inspection Execution – Physical","Start Inspection Timeline","Timeline initialized correctly.","MVP1-M04-072","AC-0185","Physical Inspection Execution","implemented","Provisional: matching module totals and preserved row sequence; semantic text review pending"
"Inspection excution-Start jou","74","Inspection Execution – Physical","Start Inspection SLA","SLA timer started successfully.","MVP1-M04-073","AC-0186","Physical Inspection Execution","implemented","Provisional: matching module totals and preserved row sequence; semantic text review pending"
"Inspection excution-Start jou","75","Inspection Execution – Physical","Validate Workspace Initialization","Workspace validation completed successfully.","MVP1-M04-074","AC-0187","Physical Inspection Execution","implemented","Provisional: matching module totals and preserved row sequence; semantic text review pending"
"Inspection excution-Start jou","76","Inspection Execution – Physical","Handle Workspace Initialization Errors","Execution either initializes completely or fails safely.","MVP1-M04-075","AC-0188","Physical Inspection Execution","implemented","Provisional: matching module totals and preserved row sequence; semantic text review pending"
"Inspection excution-Start jou","77","Inspection Execution – Physical","Load Wizard Structure","Wizard displays the correct steps.","MVP1-M04-076","AC-0189","Physical Inspection Execution","implemented","Provisional: matching module totals and preserved row sequence; semantic text review pending"
"Inspection excution-Start jou","78","Inspection Execution – Physical","Display Current Step","Active step is always visible.","MVP1-M04-077","AC-0190","Physical Inspection Execution","implemented","Provisional: matching module totals and preserved row sequence; semantic text review pending"
"Inspection excution-Start jou","79","Inspection Execution – Physical","Navigate to Next Step","User moves successfully to the next step.","MVP1-M04-078","AC-0191","Physical Inspection Execution","implemented","Provisional: matching module totals and preserved row sequence; semantic text review pending"
"Inspection excution-Start jou","80","Inspection Execution – Physical","Navigate to Previous Step","Previous step loads correctly.","MVP1-M04-079","AC-0192","Physical Inspection Execution","implemented","Provisional: matching module totals and preserved row sequence; semantic text review pending"
"Inspection excution-Start jou","81","Inspection Execution – Physical","Calculate Progress","Progress reflects actual completion.","MVP1-M04-080","AC-0193","Physical Inspection Execution","implemented","Provisional: matching module totals and preserved row sequence; semantic text review pending"
"Inspection excution-Start jou","82","Inspection Execution – Physical","Display Progress Indicator","Progress indicator updates continuously.","MVP1-M04-081","AC-0194","Physical Inspection Execution","implemented","Provisional: matching module totals and preserved row sequence; semantic text review pending"
"Inspection excution-Start jou","83","Inspection Execution – Physical","Track Step Completion","Completed steps are clearly identified.","MVP1-M04-082","AC-0195","Physical Inspection Execution","implemented","Provisional: matching module totals and preserved row sequence; semantic text review pending"
"Inspection excution-Start jou","84","Inspection Execution – Physical","Validate Step Before Navigation","User receives validation message.","MVP1-M04-083","AC-0196","Physical Inspection Execution","implemented","Provisional: matching module totals and preserved row sequence; semantic text review pending"
"Inspection excution-Start jou","85","Inspection Execution – Physical","Skip Empty Action Forms Step","Wizard hides unnecessary steps.","MVP1-M04-084","AC-0197","Physical Inspection Execution","implemented","Provisional: matching module totals and preserved row sequence; semantic text review pending"
"Inspection excution-Start jou","86","Inspection Execution – Physical","Display Change Counter","Change counter always reflects actual changes.","MVP1-M04-085","AC-0198","Physical Inspection Execution","implemented","Provisional: matching module totals and preserved row sequence; semantic text review pending"
"Inspection excution-Start jou","87","Inspection Execution – Physical","Preserve Wizard State","Wizard restores correctly after interruption.","MVP1-M04-086","AC-0199","Physical Inspection Execution","implemented","Provisional: matching module totals and preserved row sequence; semantic text review pending"
"Inspection excution-Start jou","88","Inspection Execution – Physical","Trigger Auto Save","No entered data is lost.","MVP1-M04-087","AC-0200","Physical Inspection Execution","implemented","Provisional: matching module totals and preserved row sequence; semantic text review pending"
"Inspection excution-Start jou","89","Inspection Execution – Physical","Save Draft","Draft restored exactly as saved.","MVP1-M04-088","AC-0201","Physical Inspection Execution","implemented","Provisional: matching module totals and preserved row sequence; semantic text review pending"
"Inspection excution-Start jou","90","Inspection Execution – Physical","Restore Draft Navigation","Draft resumes successfully.","MVP1-M04-089","AC-0202","Physical Inspection Execution","implemented","Provisional: matching module totals and preserved row sequence; semantic text review pending"
"Inspection excution-Start jou","91","Inspection Execution – Physical","Display Validation Summary","Inspector can quickly identify missing information.","MVP1-M04-090","AC-0203","Physical Inspection Execution","implemented","Provisional: matching module totals and preserved row sequence; semantic text review pending"
"Inspection excution-Start jou","92","Inspection Execution – Physical","Jump to Missing Section","Inspector reaches the correct field immediately.","MVP1-M04-091","AC-0204","Physical Inspection Execution","implemented","Provisional: matching module totals and preserved row sequence; semantic text review pending"
"Inspection excution-Start jou","93","Inspection Execution – Physical","Lock Completed Navigation After Submission","Inspector cannot edit after submission.","MVP1-M04-092","AC-0205","Physical Inspection Execution","implemented","Provisional: matching module totals and preserved row sequence; semantic text review pending"
"Inspection excution-Start jou","94","Inspection Execution – Physical","Generate Wizard Audit Events","Complete wizard audit history is available.","MVP1-M04-093","AC-0206","Physical Inspection Execution","implemented","Provisional: matching module totals and preserved row sequence; semantic text review pending"
"Inspection excution-Start jou","95","Inspection Execution – Physical","Handle Wizard Errors","Wizard remains recoverable after unexpected failures.","MVP1-M04-094","AC-0207","Physical Inspection Execution","implemented","Provisional: matching module totals and preserved row sequence; semantic text review pending"
"Inspection excution-Start jou","96","Inspection Execution – Physical","Load Factory Information","Factory information loads successfully.","MVP1-M04-095","AC-0208","Physical Inspection Execution","implemented","Provisional: matching module totals and preserved row sequence; semantic text review pending"
"Inspection excution-Start jou","97","Inspection Execution – Physical","Load Industrial License Information","License information displayed correctly.","MVP1-M04-096","AC-0209","Physical Inspection Execution","implemented","Provisional: matching module totals and preserved row sequence; semantic text review pending"
"Inspection excution-Start jou","98","Inspection Execution – Physical","Load Factory General Information","Factory profile displayed correctly.","MVP1-M04-097","AC-0210","Physical Inspection Execution","implemented","Provisional: matching module totals and preserved row sequence; semantic text review pending"
"Inspection excution-Start jou","99","Inspection Execution – Physical","Load Products","Products displayed successfully.","MVP1-M04-098","AC-0211","Physical Inspection Execution","implemented","Provisional: matching module totals and preserved row sequence; semantic text review pending"
"Inspection excution-Start jou","100","Inspection Execution – Physical","Load Raw Materials","Raw materials displayed correctly.","MVP1-M04-099","AC-0212","Physical Inspection Execution","implemented","Provisional: matching module totals and preserved row sequence; semantic text review pending"
"Inspection excution-Start jou","101","Inspection Execution – Physical","Load Employees","Employee information displayed correctly.","MVP1-M04-100","AC-0213","Physical Inspection Execution","implemented","Provisional: matching module totals and preserved row sequence; semantic text review pending"
"Inspection excution-Start jou","102","Inspection Execution – Physical","Load Investment Information","Investment information displayed correctly.","MVP1-M04-101","AC-0214","Physical Inspection Execution","implemented","Provisional: matching module totals and preserved row sequence; semantic text review pending"
"Inspection excution-Start jou","103","Inspection Execution – Physical","Display Source Value","Source values clearly identified.","MVP1-M04-102","AC-0215","Physical Inspection Execution","implemented","Provisional: matching module totals and preserved row sequence; semantic text review pending"
"Inspection excution-Start jou","104","Inspection Execution – Physical","Capture Observed Value","Observation saved successfully.","MVP1-M04-103","AC-0216","Physical Inspection Execution","implemented","Provisional: matching module totals and preserved row sequence; semantic text review pending"
"Inspection excution-Start jou","105","Inspection Execution – Physical","Mark Field as Verified","Verified status recorded.","MVP1-M04-104","AC-0217","Physical Inspection Execution","implemented","Provisional: matching module totals and preserved row sequence; semantic text review pending"
"Inspection excution-Start jou","106","Inspection Execution – Physical","Mark Field as Updated","Updated status recorded correctly.","MVP1-M04-105","AC-0218","Physical Inspection Execution","implemented","Provisional: matching module totals and preserved row sequence; semantic text review pending"
"Inspection excution-Start jou","107","Inspection Execution – Physical","Compare Before / After Values","Before/After comparison available.","MVP1-M04-106","AC-0219","Physical Inspection Execution","implemented","Provisional: matching module totals and preserved row sequence; semantic text review pending"
"Inspection excution-Start jou","108","Inspection Execution – Physical","Highlight Updated Fields","Modified fields easily identifiable.","MVP1-M04-107","AC-0220","Physical Inspection Execution","implemented","Provisional: matching module totals and preserved row sequence; semantic text review pending"
"Inspection excution-Start jou","109","Inspection Execution – Physical","Attach Evidence to Factory Data","Evidence linked successfully.","MVP1-M04-108","AC-0221","Physical Inspection Execution","implemented","Provisional: matching module totals and preserved row sequence; semantic text review pending"
"Inspection excution-Start jou","110","Inspection Execution – Physical","Annotate Evidence","Annotated evidence stored successfully.","MVP1-M04-109","AC-0222","Physical Inspection Execution","implemented","Provisional: matching module totals and preserved row sequence; semantic text review pending"
"Inspection excution-Start jou","111","Inspection Execution – Physical","Maintain Change Counter","Counter always accurate.","MVP1-M04-110","AC-0223","Physical Inspection Execution","implemented","Provisional: matching module totals and preserved row sequence; semantic text review pending"
"Inspection excution-Start jou","112","Inspection Execution – Physical","Review Factory Changes","Review summary complete.","MVP1-M04-111","AC-0224","Physical Inspection Execution","implemented","Provisional: matching module totals and preserved row sequence; semantic text review pending"
"Inspection excution-Start jou","113","Inspection Execution – Physical","Preserve Source Integrity","Master data integrity maintained.","MVP1-M04-112","AC-0225","Physical Inspection Execution","implemented","Provisional: matching module totals and preserved row sequence; semantic text review pending"
"Inspection excution-Start jou","114","Inspection Execution – Physical","Generate Verification Audit","Complete audit trail generated.","MVP1-M04-113","AC-0226","Physical Inspection Execution","implemented","Provisional: matching module totals and preserved row sequence; semantic text review pending"
"Inspection excution-Start jou","115","Inspection Execution – Physical","Handle Verification Errors","Errors handled without data loss.","MVP1-M04-114","AC-0227","Physical Inspection Execution","implemented","Provisional: matching module totals and preserved row sequence; semantic text review pending"
"Inspection excution-Start jou","116","Inspection Execution – Physical","Load Inspection Report","Correct report loads successfully.","MVP1-M04-115","AC-0228","Physical Inspection Execution","implemented","Provisional: matching module totals and preserved row sequence; semantic text review pending"
"Inspection excution-Start jou","117","Inspection Execution – Physical","Load Report Metadata","Metadata displayed correctly.","MVP1-M04-116","AC-0229","Physical Inspection Execution","implemented","Provisional: matching module totals and preserved row sequence; semantic text review pending"
"Inspection excution-Start jou","118","Inspection Execution – Physical","Render Report Sections","All configured sections displayed correctly.","MVP1-M04-117","AC-0230","Physical Inspection Execution","implemented","Provisional: matching module totals and preserved row sequence; semantic text review pending"
"Inspection excution-Start jou","119","Inspection Execution – Physical","Render Dynamic Fields","Dynamic fields render successfully.","MVP1-M04-118","AC-0231","Physical Inspection Execution","implemented","Provisional: matching module totals and preserved row sequence; semantic text review pending"
"Inspection excution-Start jou","120","Inspection Execution – Physical","Apply Field Visibility Rules","Visibility rules applied correctly.","MVP1-M04-119","AC-0232","Physical Inspection Execution","implemented","Provisional: matching module totals and preserved row sequence; semantic text review pending"
"Inspection excution-Start jou","121","Inspection Execution – Physical","Apply Mandatory Rules","Missing mandatory fields block progression.","MVP1-M04-120","AC-0233","Physical Inspection Execution","implemented","Provisional: matching module totals and preserved row sequence; semantic text review pending"
"Inspection excution-Start jou","122","Inspection Execution – Physical","Apply Conditional Validation","Conditional validations execute successfully.","MVP1-M04-121","AC-0234","Physical Inspection Execution","implemented","Provisional: matching module totals and preserved row sequence; semantic text review pending"
"Inspection excution-Start jou","123","Inspection Execution – Physical","Capture Report Responses","Responses saved correctly.","MVP1-M04-122","AC-0235","Physical Inspection Execution","implemented","Provisional: matching module totals and preserved row sequence; semantic text review pending"
"Inspection excution-Start jou","124","Inspection Execution – Physical","Attach Evidence to Report Fields","Evidence linked successfully.","MVP1-M04-123","AC-0236","Physical Inspection Execution","implemented","Provisional: matching module totals and preserved row sequence; semantic text review pending"
"Inspection excution-Start jou","125","Inspection Execution – Physical","Annotate Report Evidence","Annotation stored successfully.","MVP1-M04-124","AC-0237","Physical Inspection Execution","implemented","Provisional: matching module totals and preserved row sequence; semantic text review pending"
"Inspection excution-Start jou","126","Inspection Execution – Physical","Save Draft Report","Draft restored successfully.","MVP1-M04-125","AC-0238","Physical Inspection Execution","implemented","Provisional: matching module totals and preserved row sequence; semantic text review pending"
"Inspection excution-Start jou","127","Inspection Execution – Physical","Auto Save Report","No entered data is lost.","MVP1-M04-126","AC-0239","Physical Inspection Execution","implemented","Provisional: matching module totals and preserved row sequence; semantic text review pending"
"Inspection excution-Start jou","128","Inspection Execution – Physical","Calculate Report Completion","Completion calculated accurately.","MVP1-M04-127","AC-0240","Physical Inspection Execution","implemented","Provisional: matching module totals and preserved row sequence; semantic text review pending"
"Inspection excution-Start jou","129","Inspection Execution – Physical","Review Report Summary","Summary generated successfully.","MVP1-M04-128","AC-0241","Physical Inspection Execution","implemented","Provisional: matching module totals and preserved row sequence; semantic text review pending"
"Inspection excution-Start jou","130","Inspection Execution – Physical","Lock Report After Submission","Report cannot be modified after submission.","MVP1-M04-129","AC-0242","Physical Inspection Execution","implemented","Provisional: matching module totals and preserved row sequence; semantic text review pending"
"Inspection excution-Start jou","131","Inspection Execution – Physical","Generate Report Audit Events","Audit trail contains all report activities.","MVP1-M04-130","AC-0243","Physical Inspection Execution","implemented","Provisional: matching module totals and preserved row sequence; semantic text review pending"
"Inspection excution-Start jou","132","Inspection Execution – Physical","Handle Report Errors","Report recovers gracefully after failures.","MVP1-M04-131","AC-0244","Physical Inspection Execution","implemented","Provisional: matching module totals and preserved row sequence; semantic text review pending"
"Inspection excution-Start jou","133","Inspection Execution – Physical","Load Inspection Checklist","Correct checklist is displayed.","MVP1-M04-132","AC-0245","Physical Inspection Execution","implemented","Provisional: matching module totals and preserved row sequence; semantic text review pending"
"Inspection excution-Start jou","134","Inspection Execution – Physical","Load Inspection Categories","Categories displayed correctly.","MVP1-M04-133","AC-0246","Physical Inspection Execution","implemented","Provisional: matching module totals and preserved row sequence; semantic text review pending"
"Inspection excution-Start jou","135","Inspection Execution – Physical","Load Required Inspection Items","Mandatory items clearly identified.","MVP1-M04-134","AC-0247","Physical Inspection Execution","implemented","Provisional: matching module totals and preserved row sequence; semantic text review pending"
"Inspection excution-Start jou","136","Inspection Execution – Physical","Load Optional Inspection Items","Optional items identified correctly.","MVP1-M04-135","AC-0248","Physical Inspection Execution","implemented","Provisional: matching module totals and preserved row sequence; semantic text review pending"
"Inspection excution-Start jou","137","Inspection Execution – Physical","Load Previous Inspection Answers","Previous answers displayed successfully.","MVP1-M04-136","AC-0249","Physical Inspection Execution","implemented","Provisional: matching module totals and preserved row sequence; semantic text review pending"
"Inspection excution-Start jou","138","Inspection Execution – Physical","Load Previous Evidence","Historical evidence displayed correctly.","MVP1-M04-137","AC-0250","Physical Inspection Execution","implemented","Provisional: matching module totals and preserved row sequence; semantic text review pending"
"Inspection excution-Start jou","139","Inspection Execution – Physical","Display Inspection Item Details","Inspector has complete inspection context.","MVP1-M04-138","AC-0251","Physical Inspection Execution","implemented","Provisional: matching module totals and preserved row sequence; semantic text review pending"
"Inspection excution-Start jou","140","Inspection Execution – Physical","Capture Inspection Response","Response saved successfully.","MVP1-M04-139","AC-0252","Physical Inspection Execution","implemented","Provisional: matching module totals and preserved row sequence; semantic text review pending"
"Inspection excution-Start jou","141","Inspection Execution – Physical","Apply Response Validation","Validation executes correctly.","MVP1-M04-140","AC-0253","Physical Inspection Execution","implemented","Provisional: matching module totals and preserved row sequence; semantic text review pending"
"Inspection excution-Start jou","142","Inspection Execution – Physical","Evaluate Compliance Result","Compliance calculated correctly.","MVP1-M04-141","AC-0254","Physical Inspection Execution","implemented","Provisional: matching module totals and preserved row sequence; semantic text review pending"
"Inspection excution-Start jou","143","Inspection Execution – Physical","Generate Violation","Correct violation generated automatically.","MVP1-M04-142","AC-0255","Physical Inspection Execution","implemented","Provisional: matching module totals and preserved row sequence; semantic text review pending"
"Inspection excution-Start jou","144","Inspection Execution – Physical","Display Penalty","Correct penalty displayed.","MVP1-M04-143","AC-0256","Physical Inspection Execution","implemented","Provisional: matching module totals and preserved row sequence; semantic text review pending"
"Inspection excution-Start jou","145","Inspection Execution – Physical","Display Corrective Action","Correct corrective action displayed.","MVP1-M04-144","AC-0257","Physical Inspection Execution","implemented","Provisional: matching module totals and preserved row sequence; semantic text review pending"
"Inspection excution-Start jou","146","Inspection Execution – Physical","Capture Inspector Comments","Comments stored successfully.","MVP1-M04-145","AC-0258","Physical Inspection Execution","implemented","Provisional: matching module totals and preserved row sequence; semantic text review pending"
"Inspection excution-Start jou","147","Inspection Execution – Physical","Attach Evidence to Inspection Item","Evidence linked correctly.","MVP1-M04-146","AC-0259","Physical Inspection Execution","implemented","Provisional: matching module totals and preserved row sequence; semantic text review pending"
"Inspection excution-Start jou","148","Inspection Execution – Physical","Annotate Inspection Evidence","Annotation stored successfully.","MVP1-M04-147","AC-0260","Physical Inspection Execution","implemented","Provisional: matching module totals and preserved row sequence; semantic text review pending"
"Inspection excution-Start jou","149","Inspection Execution – Physical","Track Checklist Progress","Progress displayed accurately.","MVP1-M04-148","AC-0261","Physical Inspection Execution","implemented","Provisional: matching module totals and preserved row sequence; semantic text review pending"
"Inspection excution-Start jou","150","Inspection Execution – Physical","Review Checklist Summary","Summary reflects actual inspection state.","MVP1-M04-149","AC-0262","Physical Inspection Execution","implemented","Provisional: matching module totals and preserved row sequence; semantic text review pending"
"Inspection excution-Start jou","151","Inspection Execution – Physical","Save Checklist Draft","Draft restored successfully.","MVP1-M04-150","AC-0263","Physical Inspection Execution","implemented","Provisional: matching module totals and preserved row sequence; semantic text review pending"
"Inspection excution-Start jou","152","Inspection Execution – Physical","Lock Checklist After Submission","Checklist cannot be modified after submission.","MVP1-M04-151","AC-0264","Physical Inspection Execution","implemented","Provisional: matching module totals and preserved row sequence; semantic text review pending"
"Inspection excution-Start jou","153","Inspection Execution – Physical","Generate Checklist Audit Events","Audit history complete.","MVP1-M04-152","AC-0265","Physical Inspection Execution","implemented","Provisional: matching module totals and preserved row sequence; semantic text review pending"
"Inspection excution-Start jou","154","Inspection Execution – Physical","Handle Checklist Errors","Checklist remains recoverable after failures.","MVP1-M04-153","AC-0266","Physical Inspection Execution","implemented","Provisional: matching module totals and preserved row sequence; semantic text review pending"
"Inspection excution-Start jou","155","Inspection Execution – Physical","Upload Evidence","Evidence uploaded successfully.","MVP1-M04-154","AC-0267","Physical Inspection Execution","implemented","Provisional: matching module totals and preserved row sequence; semantic text review pending"
"Inspection excution-Start jou","156","Inspection Execution – Physical","Select Evidence Source","Selected source opened successfully.","MVP1-M04-155","AC-0268","Physical Inspection Execution","implemented","Provisional: matching module totals and preserved row sequence; semantic text review pending"
"Inspection excution-Start jou","157","Inspection Execution – Physical","Capture Photo","Photo stored successfully.","MVP1-M04-156","AC-0269","Physical Inspection Execution","implemented","Provisional: matching module totals and preserved row sequence; semantic text review pending"
"Inspection excution-Start jou","158","Inspection Execution – Physical","Capture Video","Video uploaded successfully.","MVP1-M04-157","AC-0270","Physical Inspection Execution","implemented","Provisional: matching module totals and preserved row sequence; semantic text review pending"
"Inspection excution-Start jou","159","Inspection Execution – Physical","Upload Document","Document uploaded successfully.","MVP1-M04-158","AC-0271","Physical Inspection Execution","implemented","Provisional: matching module totals and preserved row sequence; semantic text review pending"
"Inspection excution-Start jou","160","Inspection Execution – Physical","Add Evidence Comment","Comment stored successfully.","MVP1-M04-159","AC-0272","Physical Inspection Execution","implemented","Provisional: matching module totals and preserved row sequence; semantic text review pending"
"Inspection excution-Start jou","161","Inspection Execution – Physical","Annotate Image","Annotation saved successfully.","MVP1-M04-160","AC-0273","Physical Inspection Execution","implemented","Provisional: matching module totals and preserved row sequence; semantic text review pending"
"Inspection excution-Start jou","162","Inspection Execution – Physical","Link Evidence","Evidence linked correctly.","MVP1-M04-161","AC-0274","Physical Inspection Execution","implemented","Provisional: matching module totals and preserved row sequence; semantic text review pending"
"Inspection excution-Start jou","163","Inspection Execution – Physical","Preview Evidence","Evidence preview available.","MVP1-M04-162","AC-0275","Physical Inspection Execution","implemented","Provisional: matching module totals and preserved row sequence; semantic text review pending"
"Inspection excution-Start jou","164","Inspection Execution – Physical","Replace Evidence","Previous version retained in audit.","MVP1-M04-163","AC-0276","Physical Inspection Execution","implemented","Provisional: matching module totals and preserved row sequence; semantic text review pending"
"Inspection excution-Start jou","165","Inspection Execution – Physical","Delete Evidence","Evidence removed successfully.","MVP1-M04-164","AC-0277","Physical Inspection Execution","implemented","Provisional: matching module totals and preserved row sequence; semantic text review pending"
"Inspection excution-Start jou","166","Inspection Execution – Physical","Validate Evidence","Validation performed successfully.","MVP1-M04-165","AC-0278","Physical Inspection Execution","implemented","Provisional: matching module totals and preserved row sequence; semantic text review pending"
"Inspection excution-Start jou","167","Inspection Execution – Physical","Compress Media","Media optimized successfully.","MVP1-M04-166","AC-0279","Physical Inspection Execution","implemented","Provisional: matching module totals and preserved row sequence; semantic text review pending"
"Inspection excution-Start jou","168","Inspection Execution – Physical","Offline Evidence Storage","Offline evidence retained successfully.","MVP1-M04-167","AC-0280","Physical Inspection Execution","implemented","Provisional: matching module totals and preserved row sequence; semantic text review pending"
"Inspection excution-Start jou","169","Inspection Execution – Physical","Synchronize Evidence","Offline evidence synchronized successfully.","MVP1-M04-168","AC-0281","Physical Inspection Execution","implemented","Provisional: matching module totals and preserved row sequence; semantic text review pending"
"Inspection excution-Start jou","170","Inspection Execution – Physical","Generate Evidence Audit","Complete evidence history available.","MVP1-M04-169","AC-0282","Physical Inspection Execution","implemented","Provisional: matching module totals and preserved row sequence; semantic text review pending"
"Inspection excution-Start jou","171","Inspection Execution – Physical","Handle Evidence Errors","No uploaded evidence is lost because of recoverable failures.","MVP1-M04-170","AC-0283","Physical Inspection Execution","implemented","Provisional: matching module totals and preserved row sequence; semantic text review pending"
"Inspection excution-Start jou","172","Inspection Execution – Physical","Evaluate Action Form Triggers","Action Form decision generated correctly.","MVP1-M04-171","AC-0284","Physical Inspection Execution","implemented","Provisional: matching module totals and preserved row sequence; semantic text review pending"
"Inspection excution-Start jou","173","Inspection Execution – Physical","Generate Action Form","Correct Action Form generated.","MVP1-M04-172","AC-0285","Physical Inspection Execution","implemented","Provisional: matching module totals and preserved row sequence; semantic text review pending"
"Inspection excution-Start jou","174","Inspection Execution – Physical","Assign Action Form Type","Correct form type assigned.","MVP1-M04-173","AC-0286","Physical Inspection Execution","implemented","Provisional: matching module totals and preserved row sequence; semantic text review pending"
"Inspection excution-Start jou","175","Inspection Execution – Physical","Load Action Form","Form displayed successfully.","MVP1-M04-174","AC-0287","Physical Inspection Execution","implemented","Provisional: matching module totals and preserved row sequence; semantic text review pending"
"Inspection excution-Start jou","176","Inspection Execution – Physical","Render Dynamic Form Fields","Fields rendered correctly.","MVP1-M04-175","AC-0288","Physical Inspection Execution","implemented","Provisional: matching module totals and preserved row sequence; semantic text review pending"
"Inspection excution-Start jou","177","Inspection Execution – Physical","Apply Conditional Visibility","Visibility rules executed correctly.","MVP1-M04-176","AC-0289","Physical Inspection Execution","implemented","Provisional: matching module totals and preserved row sequence; semantic text review pending"
"Inspection excution-Start jou","178","Inspection Execution – Physical","Validate Mandatory Fields","Missing required fields block completion.","MVP1-M04-177","AC-0290","Physical Inspection Execution","implemented","Provisional: matching module totals and preserved row sequence; semantic text review pending"
"Inspection excution-Start jou","179","Inspection Execution – Physical","Capture Action Form Responses","Responses stored successfully.","MVP1-M04-178","AC-0291","Physical Inspection Execution","implemented","Provisional: matching module totals and preserved row sequence; semantic text review pending"
"Inspection excution-Start jou","180","Inspection Execution – Physical","Attach Evidence to Action Form","Evidence linked correctly.","MVP1-M04-179","AC-0292","Physical Inspection Execution","implemented","Provisional: matching module totals and preserved row sequence; semantic text review pending"
"Inspection excution-Start jou","181","Inspection Execution – Physical","Capture Digital Signature","Required signatures captured successfully.","MVP1-M04-180","AC-0293","Physical Inspection Execution","implemented","Provisional: matching module totals and preserved row sequence; semantic text review pending"
"Inspection excution-Start jou","182","Inspection Execution – Physical","Save Draft Action Form","Draft restored successfully.","MVP1-M04-181","AC-0294","Physical Inspection Execution","implemented","Provisional: matching module totals and preserved row sequence; semantic text review pending"
"Inspection excution-Start jou","183","Inspection Execution – Physical","Auto Save Action Form","Form progress preserved automatically.","MVP1-M04-182","AC-0295","Physical Inspection Execution","implemented","Provisional: matching module totals and preserved row sequence; semantic text review pending"
"Inspection excution-Start jou","184","Inspection Execution – Physical","Complete Action Form","Completed status assigned correctly.","MVP1-M04-183","AC-0296","Physical Inspection Execution","implemented","Provisional: matching module totals and preserved row sequence; semantic text review pending"
"Inspection excution-Start jou","185","Inspection Execution – Physical","Update Wizard Progress","Wizard progress recalculated correctly.","MVP1-M04-184","AC-0297","Physical Inspection Execution","implemented","Provisional: matching module totals and preserved row sequence; semantic text review pending"
"Inspection excution-Start jou","186","Inspection Execution – Physical","Review Generated Action Forms","Summary generated successfully.","MVP1-M04-185","AC-0298","Physical Inspection Execution","implemented","Provisional: matching module totals and preserved row sequence; semantic text review pending"
"Inspection excution-Start jou","187","Inspection Execution – Physical","Lock Action Forms After Submission","Action Forms cannot be edited.","MVP1-M04-186","AC-0299","Physical Inspection Execution","implemented","Provisional: matching module totals and preserved row sequence; semantic text review pending"
"Inspection excution-Start jou","188","Inspection Execution – Physical","Generate Action Form Audit Events","Audit history complete.","MVP1-M04-187","AC-0300","Physical Inspection Execution","implemented","Provisional: matching module totals and preserved row sequence; semantic text review pending"
"Inspection excution-Start jou","189","Inspection Execution – Physical","Handle Action Form Errors","Action Forms recover successfully after failures.","MVP1-M04-188","AC-0301","Physical Inspection Execution","implemented","Provisional: matching module totals and preserved row sequence; semantic text review pending"
"Inspection excution-Start jou","190","Inspection Execution – Physical","Load Review Workspace","Review screen loads successfully.","MVP1-M04-189","AC-0302","Physical Inspection Execution","implemented","Provisional: matching module totals and preserved row sequence; semantic text review pending"
"Inspection excution-Start jou","191","Inspection Execution – Physical","Review Factory Information","Factory verification summary displayed correctly.","MVP1-M04-190","AC-0303","Physical Inspection Execution","implemented","Provisional: matching module totals and preserved row sequence; semantic text review pending"
"Inspection excution-Start jou","192","Inspection Execution – Physical","Review Inspection Report","Report summary displayed successfully.","MVP1-M04-191","AC-0304","Physical Inspection Execution","implemented","Provisional: matching module totals and preserved row sequence; semantic text review pending"
"Inspection excution-Start jou","193","Inspection Execution – Physical","Review Inspection Checklist","Checklist summary displayed correctly.","MVP1-M04-192","AC-0305","Physical Inspection Execution","implemented","Provisional: matching module totals and preserved row sequence; semantic text review pending"
"Inspection excution-Start jou","194","Inspection Execution – Physical","Review Violations","Violations displayed correctly.","MVP1-M04-193","AC-0306","Physical Inspection Execution","implemented","Provisional: matching module totals and preserved row sequence; semantic text review pending"
"Inspection excution-Start jou","195","Inspection Execution – Physical","Review Penalties","Penalties displayed correctly.","MVP1-M04-194","AC-0307","Physical Inspection Execution","implemented","Provisional: matching module totals and preserved row sequence; semantic text review pending"
"Inspection excution-Start jou","196","Inspection Execution – Physical","Review Action Forms","Action Form summary displayed successfully.","MVP1-M04-195","AC-0308","Physical Inspection Execution","implemented","Provisional: matching module totals and preserved row sequence; semantic text review pending"
"Inspection excution-Start jou","197","Inspection Execution – Physical","Review Evidence","Evidence summary displayed correctly.","MVP1-M04-196","AC-0309","Physical Inspection Execution","implemented","Provisional: matching module totals and preserved row sequence; semantic text review pending"
"Inspection excution-Start jou","198","Inspection Execution – Physical","Review Signatures","Signature status displayed correctly.","MVP1-M04-197","AC-0310","Physical Inspection Execution","implemented","Provisional: matching module totals and preserved row sequence; semantic text review pending"
"Inspection excution-Start jou","199","Inspection Execution – Physical","Calculate Change Counter","Counter reflects all changes.","MVP1-M04-198","AC-0311","Physical Inspection Execution","implemented","Provisional: matching module totals and preserved row sequence; semantic text review pending"
"Inspection excution-Start jou","200","Inspection Execution – Physical","Validate Mandatory Information","Validation completed successfully.","MVP1-M04-199","AC-0312","Physical Inspection Execution","implemented","Provisional: matching module totals and preserved row sequence; semantic text review pending"
"Inspection excution-Start jou","201","Inspection Execution – Physical","Display Validation Summary","Validation summary generated correctly.","MVP1-M04-200","AC-0313","Physical Inspection Execution","implemented","Provisional: matching module totals and preserved row sequence; semantic text review pending"
"Inspection excution-Start jou","202","Inspection Execution – Physical","Jump to Missing Section","Inspector reaches missing field directly.","MVP1-M04-201","AC-0314","Physical Inspection Execution","implemented","Provisional: matching module totals and preserved row sequence; semantic text review pending"
"Inspection excution-Start jou","203","Inspection Execution – Physical","Expand / Collapse Review Sections","Sections expand and collapse correctly.","MVP1-M04-202","AC-0315","Physical Inspection Execution","implemented","Provisional: matching module totals and preserved row sequence; semantic text review pending"
"Inspection excution-Start jou","204","Inspection Execution – Physical","Save Review Draft","Review draft restored successfully.","MVP1-M04-203","AC-0316","Physical Inspection Execution","implemented","Provisional: matching module totals and preserved row sequence; semantic text review pending"
"Inspection excution-Start jou","205","Inspection Execution – Physical","Determine Submission Readiness","Submit button enabled only when inspection is ready.","MVP1-M04-204","AC-0317","Physical Inspection Execution","implemented","Provisional: matching module totals and preserved row sequence; semantic text review pending"
"Inspection excution-Start jou","206","Inspection Execution – Physical","Generate Review Audit Events","Audit history complete.","MVP1-M04-205","AC-0318","Physical Inspection Execution","implemented","Provisional: matching module totals and preserved row sequence; semantic text review pending"
"Inspection excution-Start jou","207","Inspection Execution – Physical","Handle Review Errors","Review remains recoverable without data loss.","MVP1-M04-206","AC-0319","Physical Inspection Execution","implemented","Provisional: matching module totals and preserved row sequence; semantic text review pending"
"Inspection excution-Start jou","208","Inspection Execution – Physical","Submit Inspection","Submission process starts successfully.","MVP1-M04-207","AC-0320","Physical Inspection Execution","implemented","Provisional: matching module totals and preserved row sequence; semantic text review pending"
"Inspection excution-Start jou","209","Inspection Execution – Physical","Execute Final Validation","Submission blocked if validation fails.","MVP1-M04-208","AC-0321","Physical Inspection Execution","implemented","Provisional: matching module totals and preserved row sequence; semantic text review pending"
"Inspection excution-Start jou","210","Inspection Execution – Physical","Generate Inspection Reference Number","Unique inspection number generated successfully.","MVP1-M04-209","AC-0322","Physical Inspection Execution","implemented","Provisional: matching module totals and preserved row sequence; semantic text review pending"
"Inspection excution-Start jou","211","Inspection Execution – Physical","Freeze Inspection Data","Inspection data permanently locked.","MVP1-M04-210","AC-0323","Physical Inspection Execution","implemented","Provisional: matching module totals and preserved row sequence; semantic text review pending"
"Inspection excution-Start jou","212","Inspection Execution – Physical","Lock Inspection Package","Package version preserved successfully.","MVP1-M04-211","AC-0324","Physical Inspection Execution","implemented","Provisional: matching module totals and preserved row sequence; semantic text review pending"
"Inspection excution-Start jou","213","Inspection Execution – Physical","Finalize Evidence Repository","Evidence repository finalized successfully.","MVP1-M04-212","AC-0325","Physical Inspection Execution","implemented","Provisional: matching module totals and preserved row sequence; semantic text review pending"
"Inspection excution-Start jou","214","Inspection Execution – Physical","Finalize Action Forms","Action Forms finalized successfully.","MVP1-M04-213","AC-0326","Physical Inspection Execution","implemented","Provisional: matching module totals and preserved row sequence; semantic text review pending"
"Inspection excution-Start jou","215","Inspection Execution – Physical","Generate Inspection Snapshot","Snapshot created successfully.","MVP1-M04-214","AC-0327","Physical Inspection Execution","implemented","Provisional: matching module totals and preserved row sequence; semantic text review pending"
"Inspection excution-Start jou","216","Inspection Execution – Physical","Generate Inspection PDF","PDF generated successfully.","MVP1-M04-215","AC-0328","Physical Inspection Execution","implemented","Provisional: matching module totals and preserved row sequence; semantic text review pending"
"Inspection excution-Start jou","217","Inspection Execution – Physical","Update Workflow Status","Workflow updated successfully.","MVP1-M04-216","AC-0329","Physical Inspection Execution","implemented","Provisional: matching module totals and preserved row sequence; semantic text review pending"
"Inspection excution-Start jou","218","Inspection Execution – Physical","Update Operational State","Operational State updated successfully.","MVP1-M04-217","AC-0330","Physical Inspection Execution","implemented","Provisional: matching module totals and preserved row sequence; semantic text review pending"
"Inspection excution-Start jou","219","Inspection Execution – Physical","Assign Reviewer","Reviewer task created successfully.","MVP1-M04-218","AC-0331","Physical Inspection Execution","implemented","Provisional: matching module totals and preserved row sequence; semantic text review pending"
"Inspection excution-Start jou","220","Inspection Execution – Physical","Notify Reviewer","Reviewer receives notification successfully.","MVP1-M04-219","AC-0332","Physical Inspection Execution","implemented","Provisional: matching module totals and preserved row sequence; semantic text review pending"
"Inspection excution-Start jou","221","Inspection Execution – Physical","Notify Inspector","Inspector receives confirmation successfully.","MVP1-M04-220","AC-0333","Physical Inspection Execution","implemented","Provisional: matching module totals and preserved row sequence; semantic text review pending"
"Inspection excution-Start jou","222","Inspection Execution – Physical","Convert Inspection to Read-Only","Inspection becomes completely read-only.","MVP1-M04-221","AC-0334","Physical Inspection Execution","implemented","Provisional: matching module totals and preserved row sequence; semantic text review pending"
"Inspection excution-Start jou","223","Inspection Execution – Physical","Generate Submission Audit Events","Complete submission audit history available.","MVP1-M04-222","AC-0335","Physical Inspection Execution","implemented","Provisional: matching module totals and preserved row sequence; semantic text review pending"
"Inspection excution-Start jou","224","Inspection Execution – Physical","Handle Submission Failures","Submission failures recover safely without corrupting the inspection.","MVP1-M04-223","AC-0336","Physical Inspection Execution","implemented","Provisional: matching module totals and preserved row sequence; semantic text review pending"
"Inspection Excution - Virtual","2","Inspection Execution – Virtual","Display Scheduled Visit","Visit displayed successfully.","MVP1-M05-001","AC-0337","Virtual Inspection Execution","implemented","Provisional: matching module totals and preserved row sequence; semantic text review pending"
"Inspection Excution - Virtual","3","Inspection Execution – Virtual","Start Virtual Session","Session created successfully.","MVP1-M05-002","AC-0338","Virtual Inspection Execution","implemented","Provisional: matching module totals and preserved row sequence; semantic text review pending"
"Inspection Excution - Virtual","4","Inspection Execution – Virtual","Create Session Timeline","Timeline created successfully.","MVP1-M05-003","AC-0339","Virtual Inspection Execution","implemented","Provisional: matching module totals and preserved row sequence; semantic text review pending"
"Inspection Excution - Virtual","5","Inspection Execution – Virtual","Update Operational State","Operational State updated successfully.","MVP1-M05-004","AC-0340","Virtual Inspection Execution","implemented","Provisional: matching module totals and preserved row sequence; semantic text review pending"
"Inspection Excution - Virtual","6","Inspection Execution – Virtual","Cancel Virtual Visit","Cancellation initiated successfully.","MVP1-M05-005","AC-0341","Virtual Inspection Execution","implemented","Provisional: matching module totals and preserved row sequence; semantic text review pending"
"Inspection Excution - Virtual","7","Inspection Execution – Virtual","Capture Cancellation Reason","Cancellation reason recorded.","MVP1-M05-006","AC-0342","Virtual Inspection Execution","implemented","Provisional: matching module totals and preserved row sequence; semantic text review pending"
"Inspection Excution - Virtual","8","Inspection Execution – Virtual","Generate Audit Events","Audit generated successfully.","MVP1-M05-007","AC-0343","Virtual Inspection Execution","implemented","Provisional: matching module totals and preserved row sequence; semantic text review pending"
"Inspection Excution - Virtual","9","Inspection Execution – Virtual","Join Session","Inspector connected successfully.","MVP1-M05-008","AC-0344","Virtual Inspection Execution","implemented","Provisional: matching module totals and preserved row sequence; semantic text review pending"
"Inspection Excution - Virtual","10","Inspection Execution – Virtual","Wait for Factory Representative","Waiting state displayed correctly.","MVP1-M05-009","AC-0345","Virtual Inspection Execution","implemented","Provisional: matching module totals and preserved row sequence; semantic text review pending"
"Inspection Excution - Virtual","11","Inspection Execution – Virtual","Capture Participant Join","Join times stored successfully.","MVP1-M05-010","AC-0346","Virtual Inspection Execution","implemented","Provisional: matching module totals and preserved row sequence; semantic text review pending"
"Inspection Excution - Virtual","12","Inspection Execution – Virtual","Monitor Session Status","Meeting lifecycle recorded successfully.","MVP1-M05-011","AC-0347","Virtual Inspection Execution","implemented","Provisional: matching module totals and preserved row sequence; semantic text review pending"
"Inspection Excution - Virtual","13","Inspection Execution – Virtual","Generate Session Audit","Complete meeting audit generated.","MVP1-M05-012","AC-0348","Virtual Inspection Execution","implemented","Provisional: matching module totals and preserved row sequence; semantic text review pending"
"Inspection Excution - Virtual","14","Inspection Execution – Virtual","Initiate Identity Verification","Verification initiated successfully.","MVP1-M05-013","AC-0349","Virtual Inspection Execution","implemented","Provisional: matching module totals and preserved row sequence; semantic text review pending"
"Inspection Excution - Virtual","15","Inspection Execution – Virtual","Send OTP","OTP sent successfully.","MVP1-M05-014","AC-0350","Virtual Inspection Execution","implemented","Provisional: matching module totals and preserved row sequence; semantic text review pending"
"Inspection Excution - Virtual","16","Inspection Execution – Virtual","Verify OTP","OTP validated successfully.","MVP1-M05-015","AC-0351","Virtual Inspection Execution","implemented","Provisional: matching module totals and preserved row sequence; semantic text review pending"
"Inspection Excution - Virtual","17","Inspection Execution – Virtual","Handle Verification Failure","Failure handled correctly.","MVP1-M05-016","AC-0352","Virtual Inspection Execution","implemented","Provisional: matching module totals and preserved row sequence; semantic text review pending"
"Inspection Excution - Virtual","18","Inspection Execution – Virtual","Record Verification Details","Verification stored successfully.","MVP1-M05-017","AC-0353","Virtual Inspection Execution","implemented","Provisional: matching module totals and preserved row sequence; semantic text review pending"
"Inspection Excution - Virtual","19","Inspection Execution – Virtual","Update Operational State","Operational State updated successfully.","MVP1-M05-018","AC-0354","Virtual Inspection Execution","implemented","Provisional: matching module totals and preserved row sequence; semantic text review pending"
"Inspection Excution - Virtual","20","Inspection Execution – Virtual","Start Inspection","Execution Workspace opens successfully.","MVP1-M05-019","AC-0355","Virtual Inspection Execution","implemented","Provisional: matching module totals and preserved row sequence; semantic text review pending"
"Inspection Excution - Virtual","21","Inspection Execution – Virtual","Redirect to Common Execution Engine","Inspector continues using the shared execution flow.","MVP1-M05-020","AC-0356","Virtual Inspection Execution","implemented","Provisional: matching module totals and preserved row sequence; semantic text review pending"
"Inspection Excution-Level2Flow","2","Inspection Review","Review Decision Panel","Reviewer sees only valid actions for Pending Review inspection.","MVP1-M06-001","AC-0357","Level 2 Review & Resubmission","implemented","Provisional: matching module totals and preserved row sequence; semantic text review pending"
"Inspection Excution-Level2Flow","3","Inspection Review","Approve Confirmation","Approval confirmation appears before final approval.","MVP1-M06-002","AC-0358","Level 2 Review & Resubmission","implemented","Provisional: matching module totals and preserved row sequence; semantic text review pending"
"Inspection Excution-Level2Flow","4","Inspection Review","Compliance Preview","Reviewer can see consequences before approving.","MVP1-M06-003","AC-0359","Level 2 Review & Resubmission","implemented","Provisional: matching module totals and preserved row sequence; semantic text review pending"
"Inspection Excution-Level2Flow","5","Inspection Review","Approve Inspection","Inspection status becomes Approved and Compliance Management is triggered.","MVP1-M06-004","AC-0360","Level 2 Review & Resubmission","implemented","Provisional: matching module totals and preserved row sequence; semantic text review pending"
"Inspection Excution-Level2Flow","6","Inspection Review","Return Confirmation","Return cannot be submitted without reason.","MVP1-M06-005","AC-0361","Level 2 Review & Resubmission","implemented","Provisional: matching module totals and preserved row sequence; semantic text review pending"
"Inspection Excution-Level2Flow","7","Inspection Review","Return Inspection","Inspection is returned and inspector can update it.","MVP1-M06-006","AC-0362","Level 2 Review & Resubmission","implemented","Provisional: matching module totals and preserved row sequence; semantic text review pending"
"Inspection Excution-Level2Flow","8","Inspection Review","Reject Confirmation","Reject cannot proceed without reason.","MVP1-M06-007","AC-0363","Level 2 Review & Resubmission","implemented","Provisional: matching module totals and preserved row sequence; semantic text review pending"
"Inspection Excution-Level2Flow","9","Inspection Review","Reject Inspection","Inspection is rejected, read-only, and Compliance Engine is not triggered.","MVP1-M06-008","AC-0364","Level 2 Review & Resubmission","implemented","Provisional: matching module totals and preserved row sequence; semantic text review pending"
"Inspection Excution-Level2Flow","10","Inspection Review","Decision Audit","Complete audit record exists for each decision.","MVP1-M06-009","AC-0365","Level 2 Review & Resubmission","implemented","Provisional: matching module totals and preserved row sequence; semantic text review pending"
"Inspection Excution-Level2Flow","11","Inspection Review","Decision Timeline","Decision appears in inspection timeline.","MVP1-M06-010","AC-0366","Level 2 Review & Resubmission","implemented","Provisional: matching module totals and preserved row sequence; semantic text review pending"
"Inspection Excution-Level2Flow","12","Inspection Review","Version Handling on Return","Reviewer can compare previous and latest versions.","MVP1-M06-011","AC-0367","Level 2 Review & Resubmission","implemented","Provisional: matching module totals and preserved row sequence; semantic text review pending"
"Inspection Excution-Level2Flow","13","Inspection Review","Reviewer Read-Only Rule","Reviewer cannot edit submitted inspection fields.","MVP1-M06-012","AC-0368","Level 2 Review & Resubmission","implemented","Provisional: matching module totals and preserved row sequence; semantic text review pending"
"Inspection Excution-Level2Flow","14","Inspection Review","Display Pending Review Queue","Queue loads successfully.","MVP1-M06-013","AC-0369","Level 2 Review & Resubmission","implemented","Provisional: matching module totals and preserved row sequence; semantic text review pending"
"Inspection Excution-Level2Flow","15","Inspection Review","Search & Filter Queue","Filters operate correctly.","MVP1-M06-014","AC-0370","Level 2 Review & Resubmission","implemented","Provisional: matching module totals and preserved row sequence; semantic text review pending"
"Inspection Excution-Level2Flow","16","Inspection Review","Open Submitted Inspection","Package loads successfully.","MVP1-M06-015","AC-0371","Level 2 Review & Resubmission","implemented","Provisional: matching module totals and preserved row sequence; semantic text review pending"
"Inspection Excution-Level2Flow","17","Inspection Review","Display Inspection Summary","Summary displayed successfully.","MVP1-M06-016","AC-0372","Level 2 Review & Resubmission","implemented","Provisional: matching module totals and preserved row sequence; semantic text review pending"
"Inspection Excution-Level2Flow","18","Inspection Review","Review Factory Verification","Changes displayed correctly.","MVP1-M06-017","AC-0373","Level 2 Review & Resubmission","implemented","Provisional: matching module totals and preserved row sequence; semantic text review pending"
"Inspection Excution-Level2Flow","19","Inspection Review","Review Inspection Report","Report displayed successfully.","MVP1-M06-018","AC-0374","Level 2 Review & Resubmission","implemented","Provisional: matching module totals and preserved row sequence; semantic text review pending"
"Inspection Excution-Level2Flow","20","Inspection Review","Review Inspection Checklist","Checklist displayed successfully.","MVP1-M06-019","AC-0375","Level 2 Review & Resubmission","implemented","Provisional: matching module totals and preserved row sequence; semantic text review pending"
"Inspection Excution-Level2Flow","21","Inspection Review","Review Evidence","Evidence displayed successfully.","MVP1-M06-020","AC-0376","Level 2 Review & Resubmission","implemented","Provisional: matching module totals and preserved row sequence; semantic text review pending"
"Inspection Excution-Level2Flow","22","Inspection Review","Review Action Forms","Action Forms displayed successfully.","MVP1-M06-021","AC-0377","Level 2 Review & Resubmission","implemented","Provisional: matching module totals and preserved row sequence; semantic text review pending"
"Inspection Excution-Level2Flow","23","Inspection Review","Review Timeline","Timeline displayed successfully.","MVP1-M06-022","AC-0378","Level 2 Review & Resubmission","implemented","Provisional: matching module totals and preserved row sequence; semantic text review pending"
"Inspection Excution-Level2Flow","24","Inspection Review","Review Version History","Version comparison works correctly.","MVP1-M06-023","AC-0379","Level 2 Review & Resubmission","implemented","Provisional: matching module totals and preserved row sequence; semantic text review pending"
"Inspection Excution-Level2Flow","25","Inspection Review","Return Inspection","Inspection successfully returned.","MVP1-M06-024","AC-0380","Level 2 Review & Resubmission","implemented","Provisional: matching module totals and preserved row sequence; semantic text review pending"
"Inspection Excution-Level2Flow","26","Inspection Review","Approve Inspection","Inspection approved successfully.","MVP1-M06-025","AC-0381","Level 2 Review & Resubmission","implemented","Provisional: matching module totals and preserved row sequence; semantic text review pending"
"Inspection Excution-Level2Flow","27","Inspection Review","Reject Inspection","Inspection rejected successfully.","MVP1-M06-026","AC-0382","Level 2 Review & Resubmission","implemented","Provisional: matching module totals and preserved row sequence; semantic text review pending"
"Inspection Excution-Level2Flow","28","Inspection Review","Generate Audit Events","Audit events generated successfully.","MVP1-M06-027","AC-0383","Level 2 Review & Resubmission","implemented","Provisional: matching module totals and preserved row sequence; semantic text review pending"
"Inspection Excution-Level2Flow","29","Inspection Review","Handle Review Errors","Errors handled safely.","MVP1-M06-028","AC-0384","Level 2 Review & Resubmission","implemented","Provisional: matching module totals and preserved row sequence; semantic text review pending"
"Inspection Excution-Level2Flow","30","Inspection Review","Reviewer Queue","Reviewer can see assigned pending inspections.","MVP1-M06-029","AC-0385","Level 2 Review & Resubmission","implemented","Provisional: matching module totals and preserved row sequence; semantic text review pending"
"Inspection Excution-Level2Flow","31","Inspection Review","Queue Filters & Search","Filters return accurate results.","MVP1-M06-030","AC-0386","Level 2 Review & Resubmission","implemented","Provisional: matching module totals and preserved row sequence; semantic text review pending"
"Inspection Excution-Level2Flow","32","Inspection Review","SLA & Risk Indicators","SLA and risk badges display correctly.","MVP1-M06-031","AC-0387","Level 2 Review & Resubmission","implemented","Provisional: matching module totals and preserved row sequence; semantic text review pending"
"Inspection Excution-Level2Flow","33","Inspection Review","Open Inspection From Queue","Reviewer can open inspection successfully.","MVP1-M06-032","AC-0388","Level 2 Review & Resubmission","implemented","Provisional: matching module totals and preserved row sequence; semantic text review pending"
"Inspection Excution-Level2Flow","34","Inspection Review","Review Workspace","Workspace loads complete package.","MVP1-M06-033","AC-0389","Level 2 Review & Resubmission","implemented","Provisional: matching module totals and preserved row sequence; semantic text review pending"
"Inspection Excution-Level2Flow","35","Inspection Review","Review Factory Observations","Reviewer sees all inspector-touched factory fields.","MVP1-M06-034","AC-0390","Level 2 Review & Resubmission","implemented","Provisional: matching module totals and preserved row sequence; semantic text review pending"
"Inspection Excution-Level2Flow","36","Inspection Review","Review Inspection Report","Report displays accurately.","MVP1-M06-035","AC-0391","Level 2 Review & Resubmission","implemented","Provisional: matching module totals and preserved row sequence; semantic text review pending"
"Inspection Excution-Level2Flow","37","Inspection Review","Review Checklist","Checklist displays full execution result.","MVP1-M06-036","AC-0392","Level 2 Review & Resubmission","implemented","Provisional: matching module totals and preserved row sequence; semantic text review pending"
"Inspection Excution-Level2Flow","38","Inspection Review","Review Evidence","Reviewer can preview all evidence.","MVP1-M06-037","AC-0393","Level 2 Review & Resubmission","implemented","Provisional: matching module totals and preserved row sequence; semantic text review pending"
"Inspection Excution-Level2Flow","39","Inspection Review","Review Action Forms","Action forms display correctly.","MVP1-M06-038","AC-0394","Level 2 Review & Resubmission","implemented","Provisional: matching module totals and preserved row sequence; semantic text review pending"
"Inspection Excution-Level2Flow","40","Inspection Review","Review Timeline & Audit","Reviewer can trace all events.","MVP1-M06-039","AC-0395","Level 2 Review & Resubmission","implemented","Provisional: matching module totals and preserved row sequence; semantic text review pending"
"Inspection Excution-Level2Flow","41","Inspection Review","Review Version History","Reviewer can compare resubmissions.","MVP1-M06-040","AC-0396","Level 2 Review & Resubmission","implemented","Provisional: matching module totals and preserved row sequence; semantic text review pending"
"Inspection Excution-Level2Flow","42","Inspection Review","Receive Returned Inspection","Inspector receives returned inspection.","MVP1-M06-041","AC-0397","Level 2 Review & Resubmission","implemented","Provisional: matching module totals and preserved row sequence; semantic text review pending"
"Inspection Excution-Level2Flow","43","Inspection Review","Display Return Details","Inspector understands required corrections.","MVP1-M06-042","AC-0398","Level 2 Review & Resubmission","implemented","Provisional: matching module totals and preserved row sequence; semantic text review pending"
"Inspection Excution-Level2Flow","44","Inspection Review","Unlock Returned Sections","Only returned sections are editable.","MVP1-M06-043","AC-0399","Level 2 Review & Resubmission","implemented","Provisional: matching module totals and preserved row sequence; semantic text review pending"
"Inspection Excution-Level2Flow","45","Inspection Review","Save Returned Updates","Returned updates are saved.","MVP1-M06-044","AC-0400","Level 2 Review & Resubmission","implemented","Provisional: matching module totals and preserved row sequence; semantic text review pending"
"Inspection Excution-Level2Flow","46","Inspection Review","Resubmit Returned Inspection","Resubmitted inspection returns to reviewer.","MVP1-M06-045","AC-0401","Level 2 Review & Resubmission","implemented","Provisional: matching module totals and preserved row sequence; semantic text review pending"
"Inspection Excution-Level2Flow","47","Inspection Review","Compare Returned Versions","Reviewer can identify corrected sections.","MVP1-M06-046","AC-0402","Level 2 Review & Resubmission","implemented","Provisional: matching module totals and preserved row sequence; semantic text review pending"
"Inspection Excution-Level2Flow","48","Inspection Review","Create Submission Version","Version created on every submission.","MVP1-M06-047","AC-0403","Level 2 Review & Resubmission","implemented","Provisional: matching module totals and preserved row sequence; semantic text review pending"
"Inspection Excution-Level2Flow","49","Inspection Review","Maintain Version History","All versions remain accessible.","MVP1-M06-048","AC-0404","Level 2 Review & Resubmission","implemented","Provisional: matching module totals and preserved row sequence; semantic text review pending"
"Inspection Excution-Level2Flow","50","Inspection Review","Audit Reviewer Decision","Every decision is fully auditable.","MVP1-M06-049","AC-0405","Level 2 Review & Resubmission","implemented","Provisional: matching module totals and preserved row sequence; semantic text review pending"
"Inspection Excution-Level2Flow","51","Inspection Review","Audit Returned Edits","Corrections are visible in audit.","MVP1-M06-050","AC-0406","Level 2 Review & Resubmission","implemented","Provisional: matching module totals and preserved row sequence; semantic text review pending"
"Inspection Excution-Level2Flow","52","Inspection Review","Timeline Event Generation","Timeline reflects full review journey.","MVP1-M06-051","AC-0407","Level 2 Review & Resubmission","implemented","Provisional: matching module totals and preserved row sequence; semantic text review pending"
"Inspection Excution-Level2Flow","53","Inspection Review","Reviewer Comments Immutability","Reviewer comments are preserved.","MVP1-M06-052","AC-0408","Level 2 Review & Resubmission","implemented","Provisional: matching module totals and preserved row sequence; semantic text review pending"
"Inspection Excution-Level2Flow","54","Inspection Review","Version Comparison","Reviewer can compare versions accurately.","MVP1-M06-053","AC-0409","Level 2 Review & Resubmission","implemented","Provisional: matching module totals and preserved row sequence; semantic text review pending"
"Factory 360","2","Factory 360°","Factory Profile Page","User can open complete factory profile.","MVP1-M07-001","AC-0410","Factory 360","implemented","Provisional: matching module totals and preserved row sequence; semantic text review pending"
"Factory 360","3","Factory 360°","Factory Overview","Overview displays correct synchronized data.","MVP1-M07-002","AC-0411","Factory 360","implemented","Provisional: matching module totals and preserved row sequence; semantic text review pending"
"Factory 360","4","Factory 360°","License Information","License details display correctly.","MVP1-M07-003","AC-0412","Factory 360","implemented","Provisional: matching module totals and preserved row sequence; semantic text review pending"
"Factory 360","5","Factory 360°","CR Information","CR details display correctly.","MVP1-M07-004","AC-0413","Factory 360","implemented","Provisional: matching module totals and preserved row sequence; semantic text review pending"
"Factory 360","6","Factory 360°","Location & Map","All location points display correctly.","MVP1-M07-005","AC-0414","Factory 360","implemented","Provisional: matching module totals and preserved row sequence; semantic text review pending"
"Factory 360","7","Factory 360°","Products","Products display correctly.","MVP1-M07-006","AC-0415","Factory 360","implemented","Provisional: matching module totals and preserved row sequence; semantic text review pending"
"Factory 360","8","Factory 360°","Raw Materials","Raw materials display correctly.","MVP1-M07-007","AC-0416","Factory 360","implemented","Provisional: matching module totals and preserved row sequence; semantic text review pending"
"Factory 360","9","Factory 360°","Workforce","Workforce data and observations are visible.","MVP1-M07-008","AC-0417","Factory 360","implemented","Provisional: matching module totals and preserved row sequence; semantic text review pending"
"Factory 360","10","Factory 360°","Investment & Capacity","Investment section loads correctly.","MVP1-M07-009","AC-0418","Factory 360","implemented","Provisional: matching module totals and preserved row sequence; semantic text review pending"
"Factory 360","11","Factory 360°","Visit History","User can view visit history.","MVP1-M07-010","AC-0419","Factory 360","implemented","Provisional: matching module totals and preserved row sequence; semantic text review pending"
"Factory 360","12","Factory 360°","Inspection History","Inspection history displays correctly.","MVP1-M07-011","AC-0420","Factory 360","implemented","Provisional: matching module totals and preserved row sequence; semantic text review pending"
"Factory 360","13","Factory 360°","Violations & Penalties","Violations and penalties display correctly.","MVP1-M07-012","AC-0421","Factory 360","implemented","Provisional: matching module totals and preserved row sequence; semantic text review pending"
"Factory 360","14","Factory 360°","Corrective Actions","Corrective actions show status and due date.","MVP1-M07-013","AC-0422","Factory 360","implemented","Provisional: matching module totals and preserved row sequence; semantic text review pending"
"Factory 360","15","Factory 360°","Factory Health Score","Score and history display correctly.","MVP1-M07-014","AC-0423","Factory 360","implemented","Provisional: matching module totals and preserved row sequence; semantic text review pending"
"Factory 360","16","Factory 360°","Risk Profile","Risk profile displays correctly.","MVP1-M07-015","AC-0424","Factory 360","implemented","Provisional: matching module totals and preserved row sequence; semantic text review pending"
"Factory 360","17","Factory 360°","Documents & Evidence","Authorized users can view documents.","MVP1-M07-016","AC-0425","Factory 360","implemented","Provisional: matching module totals and preserved row sequence; semantic text review pending"
"Factory 360","18","Factory 360°","Factory Timeline","Timeline accurately shows factory history.","MVP1-M07-017","AC-0426","Factory 360","implemented","Provisional: matching module totals and preserved row sequence; semantic text review pending"
"Factory 360","19","Factory 360°","Factory Card Link","User can open full profile from card.","MVP1-M07-018","AC-0427","Factory 360","implemented","Provisional: matching module totals and preserved row sequence; semantic text review pending"
"Factory 360","20","Factory 360°","Access Control","Unauthorized sections are hidden/blocked.","MVP1-M07-019","AC-0428","Factory 360","implemented","Provisional: matching module totals and preserved row sequence; semantic text review pending"
"Factory 360","21","Factory 360°","Error Handling","User sees available data and clear error message.","MVP1-M07-020","AC-0429","Factory 360","implemented","Provisional: matching module totals and preserved row sequence; semantic text review pending"
"Ops center","2","Operations Center","Command Center Dashboard","Dashboard loads live inspection status.","MVP1-M08-001","AC-0430","Operations Center","implemented","Provisional: matching module totals and preserved row sequence; semantic text review pending"
"Ops center","3","Operations Center","Live Operations Map","Live map shows accurate locations.","MVP1-M08-002","AC-0431","Operations Center","implemented","Provisional: matching module totals and preserved row sequence; semantic text review pending"
"Ops center","4","Operations Center","Visit Monitoring","Visits display correct current state.","MVP1-M08-003","AC-0432","Operations Center","implemented","Provisional: matching module totals and preserved row sequence; semantic text review pending"
"Ops center","5","Operations Center","Inspector Monitoring","Supervisor can monitor inspector status.","MVP1-M08-004","AC-0433","Operations Center","implemented","Provisional: matching module totals and preserved row sequence; semantic text review pending"
"Ops center","6","Operations Center","SLA Monitoring","SLA breaches display correctly.","MVP1-M08-005","AC-0434","Operations Center","implemented","Provisional: matching module totals and preserved row sequence; semantic text review pending"
"Ops center","7","Operations Center","Risk Monitoring","High-risk items are visible and filterable.","MVP1-M08-006","AC-0435","Operations Center","implemented","Provisional: matching module totals and preserved row sequence; semantic text review pending"
"Ops center","8","Operations Center","Alert Management","Alerts are generated for configured events.","MVP1-M08-007","AC-0436","Operations Center","implemented","Provisional: matching module totals and preserved row sequence; semantic text review pending"
"Ops center","9","Operations Center","Drilldown to Visit","User can open visit detail.","MVP1-M08-008","AC-0437","Operations Center","implemented","Provisional: matching module totals and preserved row sequence; semantic text review pending"
"Ops center","10","Operations Center","Drilldown to Factory 360°","User can open factory profile.","MVP1-M08-009","AC-0438","Operations Center","implemented","Provisional: matching module totals and preserved row sequence; semantic text review pending"
"Ops center","11","Operations Center","Branch / Region Filtering","Region filters work correctly.","MVP1-M08-010","AC-0439","Operations Center","implemented","Provisional: matching module totals and preserved row sequence; semantic text review pending"
"Ops center","12","Operations Center","Workload Monitoring","Workload metrics display correctly.","MVP1-M08-011","AC-0440","Operations Center","implemented","Provisional: matching module totals and preserved row sequence; semantic text review pending"
"Ops center","13","Operations Center","Cancellation Monitoring","Cancellations are visible and categorized.","MVP1-M08-012","AC-0441","Operations Center","implemented","Provisional: matching module totals and preserved row sequence; semantic text review pending"
"Ops center","14","Operations Center","GPS Override Monitoring","GPS overrides are traceable.","MVP1-M08-013","AC-0442","Operations Center","implemented","Provisional: matching module totals and preserved row sequence; semantic text review pending"
"Ops center","15","Operations Center","Live Tracking History","Route history displays correctly.","MVP1-M08-014","AC-0443","Operations Center","implemented","Provisional: matching module totals and preserved row sequence; semantic text review pending"
"Ops center","16","Operations Center","Operational Timeline","Timeline reflects all major events.","MVP1-M08-015","AC-0444","Operations Center","implemented","Provisional: matching module totals and preserved row sequence; semantic text review pending"
"Ops center","17","Operations Center","Operations KPIs","KPIs display accurately.","MVP1-M08-016","AC-0445","Operations Center","implemented","Provisional: matching module totals and preserved row sequence; semantic text review pending"
"Ops center","18","Operations Center","Export Operational Data","Authorized user can export data.","MVP1-M08-017","AC-0446","Operations Center","implemented","Provisional: matching module totals and preserved row sequence; semantic text review pending"
"Ops center","19","Operations Center","Access Control","Access restrictions apply correctly.","MVP1-M08-018","AC-0447","Operations Center","implemented","Provisional: matching module totals and preserved row sequence; semantic text review pending"
"Ops center","20","Operations Center","Error Handling","Dashboard remains usable with clear error messages.","MVP1-M08-019","AC-0448","Operations Center","implemented","Provisional: matching module totals and preserved row sequence; semantic text review pending"
"Complince","2","Compliance Configuration","Regulation Management","Admin can create and manage regulation records.","MVP1-M09-001","AC-0449","Compliance Configuration","implemented","Provisional: matching module totals and preserved row sequence; semantic text review pending"
"Complince","3","Compliance Configuration","Inspection Item Management","Item can be configured and reused.","MVP1-M09-002","AC-0450","Compliance Configuration","implemented","Provisional: matching module totals and preserved row sequence; semantic text review pending"
"Complince","4","Compliance Configuration","Violation Management","Violation is triggered correctly.","MVP1-M09-003","AC-0451","Compliance Configuration","implemented","Provisional: matching module totals and preserved row sequence; semantic text review pending"
"Complince","5","Compliance Configuration","Penalty Management","Penalty is linked and displayed correctly.","MVP1-M09-004","AC-0452","Compliance Configuration","implemented","Provisional: matching module totals and preserved row sequence; semantic text review pending"
"Complince","6","Compliance Configuration","Evidence Rule Configuration","Evidence requirement is enforced correctly.","MVP1-M09-005","AC-0453","Compliance Configuration","implemented","Provisional: matching module totals and preserved row sequence; semantic text review pending"
"Complince","7","Compliance Configuration","Report Package Management","Package can be created and used in execution.","MVP1-M09-006","AC-0454","Compliance Configuration","implemented","Provisional: matching module totals and preserved row sequence; semantic text review pending"
"Complince","8","Compliance Configuration","Package Item Assignment","Package checklist renders correctly.","MVP1-M09-007","AC-0455","Compliance Configuration","implemented","Provisional: matching module totals and preserved row sequence; semantic text review pending"
"Complince","9","Compliance Configuration","Dynamic Template Assignment","Correct template is used at runtime.","MVP1-M09-008","AC-0456","Compliance Configuration","implemented","Provisional: matching module totals and preserved row sequence; semantic text review pending"
"Complince","10","Compliance Configuration","Action Form Trigger Configuration","Correct action form is generated.","MVP1-M09-009","AC-0457","Compliance Configuration","implemented","Provisional: matching module totals and preserved row sequence; semantic text review pending"
"Complince","11","Compliance Configuration","Configuration Versioning","Previous inspections remain traceable to old configuration.","MVP1-M09-010","AC-0458","Compliance Configuration","implemented","Provisional: matching module totals and preserved row sequence; semantic text review pending"
"Complince","12","Compliance Configuration","Draft / Publish Lifecycle","Invalid configuration cannot be published.","MVP1-M09-011","AC-0459","Compliance Configuration","implemented","Provisional: matching module totals and preserved row sequence; semantic text review pending"
"Complince","13","Compliance Configuration","Dependency Validation","Admin receives clear validation errors.","MVP1-M09-012","AC-0460","Compliance Configuration","implemented","Provisional: matching module totals and preserved row sequence; semantic text review pending"
"Complince","14","Compliance Configuration","Impact Analysis","Admin can understand impact before publishing.","MVP1-M09-013","AC-0461","Compliance Configuration","implemented","Provisional: matching module totals and preserved row sequence; semantic text review pending"
"Complince","15","Compliance Configuration","Deactivation Rules","Deactivated config no longer appears for new packages.","MVP1-M09-014","AC-0462","Compliance Configuration","implemented","Provisional: matching module totals and preserved row sequence; semantic text review pending"
"Complince","16","Compliance Configuration","Audit Trail","Full history is available.","MVP1-M09-015","AC-0463","Compliance Configuration","implemented","Provisional: matching module totals and preserved row sequence; semantic text review pending"
"Complince","17","Compliance Configuration","Inspection Section / Group Management","Sections appear correctly in execution.","MVP1-M09-016","AC-0464","Compliance Configuration","implemented","Provisional: matching module totals and preserved row sequence; semantic text review pending"
"Complince","18","Compliance Configuration","Item Display Order","Items display in configured order.","MVP1-M09-017","AC-0465","Compliance Configuration","implemented","Provisional: matching module totals and preserved row sequence; semantic text review pending"
"Complince","19","Compliance Configuration","Mandatory Rule","Execution respects required/optional/conditional behavior.","MVP1-M09-018","AC-0466","Compliance Configuration","implemented","Provisional: matching module totals and preserved row sequence; semantic text review pending"
"Complince","20","Compliance Configuration","Response Mapping","Selected response triggers correct result.","MVP1-M09-019","AC-0467","Compliance Configuration","implemented","Provisional: matching module totals and preserved row sequence; semantic text review pending"
"Complince","21","Compliance Configuration","Compliance Result Mapping","Correct compliance result appears during inspection.","MVP1-M09-020","AC-0468","Compliance Configuration","implemented","Provisional: matching module totals and preserved row sequence; semantic text review pending"
"Complince","22","Compliance Configuration","Conditional Item Logic","Conditional items appear only when rule is met.","MVP1-M09-021","AC-0469","Compliance Configuration","implemented","Provisional: matching module totals and preserved row sequence; semantic text review pending"
"Complince","23","Compliance Configuration","Conditional Mandatory Logic","Submission validation respects conditional mandatory logic.","MVP1-M09-022","AC-0470","Compliance Configuration","implemented","Provisional: matching module totals and preserved row sequence; semantic text review pending"
"Complince","24","Compliance Configuration","Item Weight / Score","Item score is stored and available for calculations.","MVP1-M09-023","AC-0471","Compliance Configuration","implemented","Provisional: matching module totals and preserved row sequence; semantic text review pending"
"Complince","25","Compliance Configuration","Score Exclusion Rule","Excluded items are ignored in score.","MVP1-M09-024","AC-0472","Compliance Configuration","implemented","Provisional: matching module totals and preserved row sequence; semantic text review pending"
"Complince","26","Compliance Configuration","Response-Based Evidence Rule","Evidence validation applies correctly.","MVP1-M09-025","AC-0473","Compliance Configuration","implemented","Provisional: matching module totals and preserved row sequence; semantic text review pending"
"Complince","27","Compliance Configuration","Violation Trigger Rule","Correct violation is generated.","MVP1-M09-026","AC-0474","Compliance Configuration","implemented","Provisional: matching module totals and preserved row sequence; semantic text review pending"
"Complince","28","Compliance Configuration","Action Form Requirement Rule","Execution blocks submission when required form is incomplete.","MVP1-M09-027","AC-0475","Compliance Configuration","implemented","Provisional: matching module totals and preserved row sequence; semantic text review pending"
"Complince","29","Compliance Configuration","Configuration Preview","Admin can preview checklist and rules.","MVP1-M09-028","AC-0476","Compliance Configuration","implemented","Provisional: matching module totals and preserved row sequence; semantic text review pending"
"Complince","30","Compliance Configuration","Publish Validation","Admin sees clear validation errors before publish.","MVP1-M09-029","AC-0477","Compliance Configuration","implemented","Provisional: matching module totals and preserved row sequence; semantic text review pending"
"Complince","31","Compliance Configuration","Runtime Locking","Execution uses the locked version only.","MVP1-M09-030","AC-0478","Compliance Configuration","verified_live","Provisional: matching module totals and preserved row sequence; semantic text review pending"
