requirement_id,module,capability,classification,process_phases,journey,authoritative_storyboard,channel,screens,states,state_transitions,behavior,acceptance_id,evidence_contracts,error_contracts,source
MVP1-M01-001,Visit Planning - Planning,Visit Creation,MVP1 Mandatory,P01;P02;P03,"SB04 Visit Planning - Planning Methods, Targeting and Publishing",SB04,Web Portal,SCR-WEB-100;SCR-WEB-110;SCR-WEB-120;SCR-WEB-130;SCR-WEB-140;SCR-WEB-150,Initiated->Criteria Built->Targets Retrieved->Targets Selected->Configured->Assigned->Ready to Publish->Published,STM-PLAN-001;STM-PLAN-002,Select planning method. -> Load the selected planning workflow.,AC-0001,EV-003;EV-001;EV-011;EV-012,ERR-PLN-001;ERR-PLN-002;ERR-ASG-001;ERR-PUB-001,Inspection Project.xlsx | Visit Planning-Planning | row 2
MVP1-M01-002,Visit Planning - Planning,Bulk Planning,MVP1 Core + MVP2 AI Sub-capability,P01;P02;P03,"SB04 Visit Planning - Planning Methods, Targeting and Publishing",SB04,Web Portal,SCR-WEB-100;SCR-WEB-110;SCR-WEB-120;SCR-WEB-130;SCR-WEB-140;SCR-WEB-150,Initiated->Criteria Built->Targets Retrieved->Targets Selected->Configured->Assigned->Ready to Publish->Published,STM-PLAN-001;STM-PLAN-002,"Build search criteria, search factories, select/unselect factories, configure visit, publish. -> Retrieve factories, validate duplicates, generate Visit Plan, generate Visit IDs, assign inspectors, notify inspectors, create audit logs.",AC-0002,EV-003;EV-001;EV-011;EV-012,ERR-PLN-001;ERR-PLN-002;ERR-ASG-001;ERR-PUB-001,Inspection Project.xlsx | Visit Planning-Planning | row 3
MVP1-M01-003,Visit Planning - Planning,Planning Criteria Builder,MVP1 Core + MVP2 AI Sub-capability,P01;P02;P03,"SB04 Visit Planning - Planning Methods, Targeting and Publishing",SB04,Web Portal,SCR-WEB-100;SCR-WEB-110;SCR-WEB-120;SCR-WEB-130;SCR-WEB-140;SCR-WEB-150,Initiated->Criteria Built->Targets Retrieved->Targets Selected->Configured->Assigned->Ready to Publish->Published,STM-PLAN-001;STM-PLAN-002,"Add, edit and remove criteria using AND / OR conditions. -> Validate criteria and execute factory search.",AC-0003,EV-003;EV-001;EV-011;EV-012,ERR-PLN-001;ERR-PLN-002;ERR-ASG-001;ERR-PUB-001,Inspection Project.xlsx | Visit Planning-Planning | row 4
MVP1-M01-004,Visit Planning - Planning,Target Factory Identification,MVP1 Core + MVP2 AI Sub-capability,P01;P02;P03,"SB04 Visit Planning - Planning Methods, Targeting and Publishing",SB04,Web Portal,SCR-WEB-100;SCR-WEB-110;SCR-WEB-120;SCR-WEB-130;SCR-WEB-140;SCR-WEB-150,Initiated->Criteria Built->Targets Retrieved->Targets Selected->Configured->Assigned->Ready to Publish->Published,STM-PLAN-001;STM-PLAN-002,Review search results. -> Retrieve all matching factories.,AC-0004,EV-003;EV-001;EV-011;EV-012,ERR-PLN-001;ERR-PLN-002;ERR-ASG-001;ERR-PUB-001,Inspection Project.xlsx | Visit Planning-Planning | row 5
MVP1-M01-005,Visit Planning - Planning,Target Factory Selection,MVP1 Core + MVP2 AI Sub-capability,P01;P02;P03,"SB04 Visit Planning - Planning Methods, Targeting and Publishing",SB04,Web Portal,SCR-WEB-100;SCR-WEB-110;SCR-WEB-120;SCR-WEB-130;SCR-WEB-140;SCR-WEB-150,Initiated->Criteria Built->Targets Retrieved->Targets Selected->Configured->Assigned->Ready to Publish->Published,STM-PLAN-001;STM-PLAN-002,Select or remove factories individually or in bulk. -> Track selected factories and prepare Visit Plan.,AC-0005,EV-003;EV-001;EV-011;EV-012,ERR-PLN-001;ERR-PLN-002;ERR-ASG-001;ERR-PUB-001,Inspection Project.xlsx | Visit Planning-Planning | row 6
MVP1-M01-006,Visit Planning - Planning,Visit Configuration,MVP1 Core + MVP2 AI Sub-capability,P01;P02;P03,"SB04 Visit Planning - Planning Methods, Targeting and Publishing",SB04,Web Portal,SCR-WEB-100;SCR-WEB-110;SCR-WEB-120;SCR-WEB-130;SCR-WEB-140;SCR-WEB-150,Initiated->Criteria Built->Targets Retrieved->Targets Selected->Configured->Assigned->Ready to Publish->Published,STM-PLAN-001;STM-PLAN-002,"Select Business Visit Type, Visit Window, Assignment Method, Notes. -> Validate mandatory fields.",AC-0006,EV-003;EV-001;EV-011;EV-012,ERR-PLN-001;ERR-PLN-002;ERR-ASG-001;ERR-PUB-001,Inspection Project.xlsx | Visit Planning-Planning | row 7
MVP1-M01-007,Visit Planning - Planning,Automatic Inspector Assignment,MVP1 Mandatory,P01;P02;P03,"SB04 Visit Planning - Planning Methods, Targeting and Publishing",SB04,Web Portal,SCR-WEB-100;SCR-WEB-110;SCR-WEB-120;SCR-WEB-130;SCR-WEB-140;SCR-WEB-150,Initiated->Criteria Built->Targets Retrieved->Targets Selected->Configured->Assigned->Ready to Publish->Published,STM-PLAN-001;STM-PLAN-002,Select Auto Assignment. -> Assign inspectors according to assignment strategy.,AC-0007,EV-003;EV-001;EV-011;EV-012,ERR-PLN-001;ERR-PLN-002;ERR-ASG-001;ERR-PUB-001,Inspection Project.xlsx | Visit Planning-Planning | row 8
MVP1-M01-008,Visit Planning - Planning,Manual Inspector Assignment,MVP1 Core + MVP2 AI Sub-capability,P01;P02;P03,"SB04 Visit Planning - Planning Methods, Targeting and Publishing",SB04,Web Portal,SCR-WEB-100;SCR-WEB-110;SCR-WEB-120;SCR-WEB-130;SCR-WEB-140;SCR-WEB-150,Initiated->Criteria Built->Targets Retrieved->Targets Selected->Configured->Assigned->Ready to Publish->Published,STM-PLAN-001;STM-PLAN-002,Select inspector for one or multiple visits. -> Validate inspector availability.,AC-0008,EV-003;EV-001;EV-011;EV-012,ERR-PLN-001;ERR-PLN-002;ERR-ASG-001;ERR-PUB-001,Inspection Project.xlsx | Visit Planning-Planning | row 9
MVP1-M01-009,Visit Planning - Planning,Review Visit Plan,MVP1 Core + MVP2 AI Sub-capability,P01;P02;P03,"SB04 Visit Planning - Planning Methods, Targeting and Publishing",SB04,Web Portal,SCR-WEB-100;SCR-WEB-110;SCR-WEB-120;SCR-WEB-130;SCR-WEB-140;SCR-WEB-150,Initiated->Criteria Built->Targets Retrieved->Targets Selected->Configured->Assigned->Ready to Publish->Published,STM-PLAN-001;STM-PLAN-002,Review all configuration and assignments. -> Validate all required information.,AC-0009,EV-003;EV-001;EV-011;EV-012,ERR-PLN-001;ERR-PLN-002;ERR-ASG-001;ERR-PUB-001,Inspection Project.xlsx | Visit Planning-Planning | row 10
MVP1-M01-010,Visit Planning - Planning,Publish Visit Plan,MVP1 Core + MVP2 AI Sub-capability,P01;P02;P03,"SB04 Visit Planning - Planning Methods, Targeting and Publishing",SB04,Web Portal,SCR-WEB-100;SCR-WEB-110;SCR-WEB-120;SCR-WEB-130;SCR-WEB-140;SCR-WEB-150,Initiated->Criteria Built->Targets Retrieved->Targets Selected->Configured->Assigned->Ready to Publish->Published,STM-PLAN-001;STM-PLAN-002,"Confirm publishing. -> Create Visit Plan, create individual Visits, assign inspectors, update inspector calendars, generate audit records, send notifications.",AC-0010,EV-003;EV-001;EV-011;EV-012,ERR-PLN-001;ERR-PLN-002;ERR-ASG-001;ERR-PUB-001,Inspection Project.xlsx | Visit Planning-Planning | row 11
MVP1-M01-011,Visit Planning - Planning,Select Planning Method,MVP1 Mandatory,P01;P02;P03,"SB04 Visit Planning - Planning Methods, Targeting and Publishing",SB04,Web Portal,SCR-WEB-100;SCR-WEB-110;SCR-WEB-120;SCR-WEB-130;SCR-WEB-140;SCR-WEB-150,Initiated->Criteria Built->Targets Retrieved->Targets Selected->Configured->Assigned->Ready to Publish->Published,STM-PLAN-001;STM-PLAN-002,"Select Bulk, Single or Immediate. -> Load corresponding planning workflow.",AC-0011,EV-003;EV-001;EV-011;EV-012,ERR-PLN-001;ERR-PLN-002;ERR-ASG-001;ERR-PUB-001,Inspection Project.xlsx | Visit Planning-Planning | row 12
MVP1-M01-012,Visit Planning - Planning,Build Planning Criteria,MVP1 Mandatory,P01;P02;P03,"SB04 Visit Planning - Planning Methods, Targeting and Publishing",SB04,Web Portal,SCR-WEB-100;SCR-WEB-110;SCR-WEB-120;SCR-WEB-130;SCR-WEB-140;SCR-WEB-150,Initiated->Criteria Built->Targets Retrieved->Targets Selected->Configured->Assigned->Ready to Publish->Published,STM-PLAN-001;STM-PLAN-002,"Add/remove filters, combine using AND/OR. -> Validate criteria.",AC-0012,EV-003;EV-001;EV-011;EV-012,ERR-PLN-001;ERR-PLN-002;ERR-ASG-001;ERR-PUB-001,Inspection Project.xlsx | Visit Planning-Planning | row 13
MVP1-M01-013,Visit Planning - Planning,Retrieve Target Factories,MVP1 Mandatory,P01;P02;P03,"SB04 Visit Planning - Planning Methods, Targeting and Publishing",SB04,Web Portal,SCR-WEB-100;SCR-WEB-110;SCR-WEB-120;SCR-WEB-130;SCR-WEB-140;SCR-WEB-150,Initiated->Criteria Built->Targets Retrieved->Targets Selected->Configured->Assigned->Ready to Publish->Published,STM-PLAN-001;STM-PLAN-002,Click Search. -> Execute search and return matching factories.,AC-0013,EV-003;EV-001;EV-011;EV-012,ERR-PLN-001;ERR-PLN-002;ERR-ASG-001;ERR-PUB-001,Inspection Project.xlsx | Visit Planning-Planning | row 14
MVP1-M01-014,Visit Planning - Planning,Review Target Factories,MVP1 Mandatory,P01;P02;P03,"SB04 Visit Planning - Planning Methods, Targeting and Publishing",SB04,Web Portal,SCR-WEB-100;SCR-WEB-110;SCR-WEB-120;SCR-WEB-130;SCR-WEB-140;SCR-WEB-150,Initiated->Criteria Built->Targets Retrieved->Targets Selected->Configured->Assigned->Ready to Publish->Published,STM-PLAN-001;STM-PLAN-002,"Sort, filter, open factory profile. -> Display factory information.",AC-0014,EV-003;EV-001;EV-011;EV-012,ERR-PLN-001;ERR-PLN-002;ERR-ASG-001;ERR-PUB-001,Inspection Project.xlsx | Visit Planning-Planning | row 15
MVP1-M01-015,Visit Planning - Planning,Select Target Factories,MVP1 Mandatory,P01;P02;P03,"SB04 Visit Planning - Planning Methods, Targeting and Publishing",SB04,Web Portal,SCR-WEB-100;SCR-WEB-110;SCR-WEB-120;SCR-WEB-130;SCR-WEB-140;SCR-WEB-150,Initiated->Criteria Built->Targets Retrieved->Targets Selected->Configured->Assigned->Ready to Publish->Published,STM-PLAN-001;STM-PLAN-002,Select/unselect individual or multiple factories. -> Store selected factories.,AC-0015,EV-003;EV-001;EV-011;EV-012,ERR-PLN-001;ERR-PLN-002;ERR-ASG-001;ERR-PUB-001,Inspection Project.xlsx | Visit Planning-Planning | row 16
MVP1-M01-016,Visit Planning - Planning,AI Planning Summary,MVP1 Mandatory,P01;P02;P03,"SB04 Visit Planning - Planning Methods, Targeting and Publishing",SB04,Web Portal,SCR-WEB-100;SCR-WEB-110;SCR-WEB-120;SCR-WEB-130;SCR-WEB-140;SCR-WEB-150,Initiated->Criteria Built->Targets Retrieved->Targets Selected->Configured->Assigned->Ready to Publish->Published,STM-PLAN-001;STM-PLAN-002,Review AI summary. -> Generate campaign summary.,AC-0016,EV-003;EV-001;EV-011;EV-012,ERR-PLN-001;ERR-PLN-002;ERR-ASG-001;ERR-PUB-001,Inspection Project.xlsx | Visit Planning-Planning | row 17
MVP1-M01-017,Visit Planning - Planning,Configure Visit Details,MVP1 Mandatory,P01;P02;P03,"SB04 Visit Planning - Planning Methods, Targeting and Publishing",SB04,Web Portal,SCR-WEB-100;SCR-WEB-110;SCR-WEB-120;SCR-WEB-130;SCR-WEB-140;SCR-WEB-150,Initiated->Criteria Built->Targets Retrieved->Targets Selected->Configured->Assigned->Ready to Publish->Published,STM-PLAN-001;STM-PLAN-002,"Select Visit Type, Visit Window, Assignment Method, Notes. -> Validate mandatory fields.",AC-0017,EV-003;EV-001;EV-011;EV-012,ERR-PLN-001;ERR-PLN-002;ERR-ASG-001;ERR-PUB-001,Inspection Project.xlsx | Visit Planning-Planning | row 18
MVP1-M01-018,Visit Planning - Planning,Auto Assignment,MVP1 Mandatory,P01;P02;P03,"SB04 Visit Planning - Planning Methods, Targeting and Publishing",SB04,Web Portal,SCR-WEB-100;SCR-WEB-110;SCR-WEB-120;SCR-WEB-130;SCR-WEB-140;SCR-WEB-150,Initiated->Criteria Built->Targets Retrieved->Targets Selected->Configured->Assigned->Ready to Publish->Published,STM-PLAN-001;STM-PLAN-002,Choose Auto. -> Allocate inspectors.,AC-0018,EV-003;EV-001;EV-011;EV-012,ERR-PLN-001;ERR-PLN-002;ERR-ASG-001;ERR-PUB-001,Inspection Project.xlsx | Visit Planning-Planning | row 19
MVP1-M01-019,Visit Planning - Planning,Manual Assignment,MVP1 Mandatory,P01;P02;P03,"SB04 Visit Planning - Planning Methods, Targeting and Publishing",SB04,Web Portal,SCR-WEB-100;SCR-WEB-110;SCR-WEB-120;SCR-WEB-130;SCR-WEB-140;SCR-WEB-150,Initiated->Criteria Built->Targets Retrieved->Targets Selected->Configured->Assigned->Ready to Publish->Published,STM-PLAN-001;STM-PLAN-002,Select inspectors manually. -> Validate availability.,AC-0019,EV-003;EV-001;EV-011;EV-012,ERR-PLN-001;ERR-PLN-002;ERR-ASG-001;ERR-PUB-001,Inspection Project.xlsx | Visit Planning-Planning | row 20
MVP1-M01-020,Visit Planning - Planning,Review & Publish,MVP1 Mandatory,P01;P02;P03,"SB04 Visit Planning - Planning Methods, Targeting and Publishing",SB04,Web Portal,SCR-WEB-100;SCR-WEB-110;SCR-WEB-120;SCR-WEB-130;SCR-WEB-140;SCR-WEB-150,Initiated->Criteria Built->Targets Retrieved->Targets Selected->Configured->Assigned->Ready to Publish->Published,STM-PLAN-001;STM-PLAN-002,"Review and confirm. -> Validate duplicates, create Visit Plan, create Visits, notify inspectors, update calendars, audit.",AC-0020,EV-003;EV-001;EV-011;EV-012,ERR-PLN-001;ERR-PLN-002;ERR-ASG-001;ERR-PUB-001,Inspection Project.xlsx | Visit Planning-Planning | row 21
MVP1-M01-021,Visit Planning - Planning,Select Planning Method,MVP1 Mandatory,P01;P02;P03,"SB04 Visit Planning - Planning Methods, Targeting and Publishing",SB04,Web Portal,SCR-WEB-100;SCR-WEB-110;SCR-WEB-120;SCR-WEB-130;SCR-WEB-140;SCR-WEB-150,Initiated->Criteria Built->Targets Retrieved->Targets Selected->Configured->Assigned->Ready to Publish->Published,STM-PLAN-001;STM-PLAN-002,Select Bulk Planning. -> Load Bulk Planning workspace.,AC-0021,EV-003;EV-001;EV-011;EV-012,ERR-PLN-001;ERR-PLN-002;ERR-ASG-001;ERR-PUB-001,Inspection Project.xlsx | Visit Planning-Planning | row 22
MVP1-M01-022,Visit Planning - Planning,Build Planning Criteria,MVP1 Mandatory,P01;P02;P03,"SB04 Visit Planning - Planning Methods, Targeting and Publishing",SB04,Web Portal,SCR-WEB-100;SCR-WEB-110;SCR-WEB-120;SCR-WEB-130;SCR-WEB-140;SCR-WEB-150,Initiated->Criteria Built->Targets Retrieved->Targets Selected->Configured->Assigned->Ready to Publish->Published,STM-PLAN-001;STM-PLAN-002,"Add, remove and combine filter keys using AND / OR logic. -> Validate filters and prepare search query.",AC-0022,EV-003;EV-001;EV-011;EV-012,ERR-PLN-001;ERR-PLN-002;ERR-ASG-001;ERR-PUB-001,Inspection Project.xlsx | Visit Planning-Planning | row 23
MVP1-M01-023,Visit Planning - Planning,Search Target Factories,MVP1 Mandatory,P01;P02;P03,"SB04 Visit Planning - Planning Methods, Targeting and Publishing",SB04,Web Portal,SCR-WEB-100;SCR-WEB-110;SCR-WEB-120;SCR-WEB-130;SCR-WEB-140;SCR-WEB-150,Initiated->Criteria Built->Targets Retrieved->Targets Selected->Configured->Assigned->Ready to Publish->Published,STM-PLAN-001;STM-PLAN-002,Click Search. -> Execute search and retrieve all matching factories.,AC-0023,EV-003;EV-001;EV-011;EV-012,ERR-PLN-001;ERR-PLN-002;ERR-ASG-001;ERR-PUB-001,Inspection Project.xlsx | Visit Planning-Planning | row 24
MVP1-M01-024,Visit Planning - Planning,Review Target Factories,MVP1 Mandatory,P01;P02;P03,"SB04 Visit Planning - Planning Methods, Targeting and Publishing",SB04,Web Portal,SCR-WEB-100;SCR-WEB-110;SCR-WEB-120;SCR-WEB-130;SCR-WEB-140;SCR-WEB-150,Initiated->Criteria Built->Targets Retrieved->Targets Selected->Configured->Assigned->Ready to Publish->Published,STM-PLAN-001;STM-PLAN-002,"View factory details, sort list, filter results, open factory profile. -> Display complete factory information.",AC-0024,EV-003;EV-001;EV-011;EV-012,ERR-PLN-001;ERR-PLN-002;ERR-ASG-001;ERR-PUB-001,Inspection Project.xlsx | Visit Planning-Planning | row 25
MVP1-M01-025,Visit Planning - Planning,Select Target Factories,MVP1 Mandatory,P01;P02;P03,"SB04 Visit Planning - Planning Methods, Targeting and Publishing",SB04,Web Portal,SCR-WEB-100;SCR-WEB-110;SCR-WEB-120;SCR-WEB-130;SCR-WEB-140;SCR-WEB-150,Initiated->Criteria Built->Targets Retrieved->Targets Selected->Configured->Assigned->Ready to Publish->Published,STM-PLAN-001;STM-PLAN-002,"Select, unselect or select all factories. -> Store selected factories.",AC-0025,EV-003;EV-001;EV-011;EV-012,ERR-PLN-001;ERR-PLN-002;ERR-ASG-001;ERR-PUB-001,Inspection Project.xlsx | Visit Planning-Planning | row 26
MVP1-M01-026,Visit Planning - Planning,AI Planning Summary,MVP1 Mandatory,P01;P02;P03,"SB04 Visit Planning - Planning Methods, Targeting and Publishing",SB04,Web Portal,SCR-WEB-100;SCR-WEB-110;SCR-WEB-120;SCR-WEB-130;SCR-WEB-140;SCR-WEB-150,Initiated->Criteria Built->Targets Retrieved->Targets Selected->Configured->Assigned->Ready to Publish->Published,STM-PLAN-001;STM-PLAN-002,Review AI recommendations. -> Generate campaign summary.,AC-0026,EV-003;EV-001;EV-011;EV-012,ERR-PLN-001;ERR-PLN-002;ERR-ASG-001;ERR-PUB-001,Inspection Project.xlsx | Visit Planning-Planning | row 27
MVP1-M01-027,Visit Planning - Planning,Configure Visit Details,MVP1 Mandatory,P01;P02;P03,"SB04 Visit Planning - Planning Methods, Targeting and Publishing",SB04,Web Portal,SCR-WEB-100;SCR-WEB-110;SCR-WEB-120;SCR-WEB-130;SCR-WEB-140;SCR-WEB-150,Initiated->Criteria Built->Targets Retrieved->Targets Selected->Configured->Assigned->Ready to Publish->Published,STM-PLAN-001;STM-PLAN-002,"Configure Business Visit Type, Visit Window, Assignment Method and Notes. -> Validate mandatory information.",AC-0027,EV-003;EV-001;EV-011;EV-012,ERR-PLN-001;ERR-PLN-002;ERR-ASG-001;ERR-PUB-001,Inspection Project.xlsx | Visit Planning-Planning | row 28
MVP1-M01-028,Visit Planning - Planning,Automatic Inspector Assignment,MVP1 Mandatory,P01;P02;P03,"SB04 Visit Planning - Planning Methods, Targeting and Publishing",SB04,Web Portal,SCR-WEB-100;SCR-WEB-110;SCR-WEB-120;SCR-WEB-130;SCR-WEB-140;SCR-WEB-150,Initiated->Criteria Built->Targets Retrieved->Targets Selected->Configured->Assigned->Ready to Publish->Published,STM-PLAN-001;STM-PLAN-002,Select Auto Assignment. -> Assign inspectors according to configured strategy.,AC-0028,EV-003;EV-001;EV-011;EV-012,ERR-PLN-001;ERR-PLN-002;ERR-ASG-001;ERR-PUB-001,Inspection Project.xlsx | Visit Planning-Planning | row 29
MVP1-M01-029,Visit Planning - Planning,Manual Inspector Assignment,MVP1 Mandatory,P01;P02;P03,"SB04 Visit Planning - Planning Methods, Targeting and Publishing",SB04,Web Portal,SCR-WEB-100;SCR-WEB-110;SCR-WEB-120;SCR-WEB-130;SCR-WEB-140;SCR-WEB-150,Initiated->Criteria Built->Targets Retrieved->Targets Selected->Configured->Assigned->Ready to Publish->Published,STM-PLAN-001;STM-PLAN-002,Select inspector for one or multiple visits. -> Validate inspector eligibility and assignment conflicts.,AC-0029,EV-003;EV-001;EV-011;EV-012,ERR-PLN-001;ERR-PLN-002;ERR-ASG-001;ERR-PUB-001,Inspection Project.xlsx | Visit Planning-Planning | row 30
MVP1-M01-030,Visit Planning - Planning,Review Visit Plan,MVP1 Mandatory,P01;P02;P03,"SB04 Visit Planning - Planning Methods, Targeting and Publishing",SB04,Web Portal,SCR-WEB-100;SCR-WEB-110;SCR-WEB-120;SCR-WEB-130;SCR-WEB-140;SCR-WEB-150,Initiated->Criteria Built->Targets Retrieved->Targets Selected->Configured->Assigned->Ready to Publish->Published,STM-PLAN-001;STM-PLAN-002,"Review selected factories, assignments and visit configuration. -> Validate mandatory data, detect duplicate visits and highlight validation errors.",AC-0030,EV-003;EV-001;EV-011;EV-012,ERR-PLN-001;ERR-PLN-002;ERR-ASG-001;ERR-PUB-001,Inspection Project.xlsx | Visit Planning-Planning | row 31
MVP1-M01-031,Visit Planning - Planning,Publish Visit Plan,MVP1 Mandatory,P01;P02;P03,"SB04 Visit Planning - Planning Methods, Targeting and Publishing",SB04,Web Portal,SCR-WEB-100;SCR-WEB-110;SCR-WEB-120;SCR-WEB-130;SCR-WEB-140;SCR-WEB-150,Initiated->Criteria Built->Targets Retrieved->Targets Selected->Configured->Assigned->Ready to Publish->Published,STM-PLAN-001;STM-PLAN-002,"Confirm publishing. -> Create Visit Plan, generate individual Visit IDs, assign inspectors, update inspector calendars, send notifications, create audit records and move visits to Published status.",AC-0031,EV-003;EV-001;EV-011;EV-012,ERR-PLN-001;ERR-PLN-002;ERR-ASG-001;ERR-PUB-001,Inspection Project.xlsx | Visit Planning-Planning | row 32
MVP1-M01-032,Visit Planning - Planning,Bulk Edit Visit Plan,MVP1 Mandatory,P01;P02;P03,"SB04 Visit Planning - Planning Methods, Targeting and Publishing",SB04,Web Portal,SCR-WEB-100;SCR-WEB-110;SCR-WEB-120;SCR-WEB-130;SCR-WEB-140;SCR-WEB-150,Initiated->Criteria Built->Targets Retrieved->Targets Selected->Configured->Assigned->Ready to Publish->Published,STM-PLAN-001;STM-PLAN-002,Modify one or more fields and save changes. -> Apply updates to all selected child visits and record audit logs.,AC-0032,EV-003;EV-001;EV-011;EV-012,ERR-PLN-001;ERR-PLN-002;ERR-ASG-001;ERR-PUB-001,Inspection Project.xlsx | Visit Planning-Planning | row 33
MVP1-M01-033,Visit Planning - Planning,Bulk Cancel Visits,MVP1 Mandatory,P01;P02;P03,"SB04 Visit Planning - Planning Methods, Targeting and Publishing",SB04,Web Portal,SCR-WEB-100;SCR-WEB-110;SCR-WEB-120;SCR-WEB-130;SCR-WEB-140;SCR-WEB-150,Initiated->Criteria Built->Targets Retrieved->Targets Selected->Configured->Assigned->Ready to Publish->Published,STM-PLAN-001;STM-PLAN-002,"Select visits and provide cancellation reason. -> Cancel selected visits, notify inspectors and record audit logs.",AC-0033,EV-003;EV-001;EV-011;EV-012,ERR-PLN-001;ERR-PLN-002;ERR-ASG-001;ERR-PUB-001,Inspection Project.xlsx | Visit Planning-Planning | row 34
MVP1-M01-034,Visit Planning - Planning,Select Single Planning,MVP1 Mandatory,P01;P02;P03,"SB04 Visit Planning - Planning Methods, Targeting and Publishing",SB04,Web Portal,SCR-WEB-100;SCR-WEB-110;SCR-WEB-120;SCR-WEB-130;SCR-WEB-140;SCR-WEB-150,Initiated->Criteria Built->Targets Retrieved->Targets Selected->Configured->Assigned->Ready to Publish->Published,STM-PLAN-001;STM-PLAN-002,Select Single Planning. -> Load the Single Planning workspace.,AC-0034,EV-003;EV-001;EV-011;EV-012,ERR-PLN-001;ERR-PLN-002;ERR-ASG-001;ERR-PUB-001,Inspection Project.xlsx | Visit Planning-Planning | row 35
MVP1-M01-035,Visit Planning - Planning,Search Factory,MVP1 Mandatory,P01;P02;P03,"SB04 Visit Planning - Planning Methods, Targeting and Publishing",SB04,Web Portal,SCR-WEB-100;SCR-WEB-110;SCR-WEB-120;SCR-WEB-130;SCR-WEB-140;SCR-WEB-150,Initiated->Criteria Built->Targets Retrieved->Targets Selected->Configured->Assigned->Ready to Publish->Published,STM-PLAN-001;STM-PLAN-002,Search using CR Number or Industrial License Number. -> Validate search input and retrieve matching records.,AC-0035,EV-003;EV-001;EV-011;EV-012,ERR-PLN-001;ERR-PLN-002;ERR-ASG-001;ERR-PUB-001,Inspection Project.xlsx | Visit Planning-Planning | row 36
MVP1-M01-036,Visit Planning - Planning,Select Industrial License,MVP1 Mandatory,P01;P02;P03,"SB04 Visit Planning - Planning Methods, Targeting and Publishing",SB04,Web Portal,SCR-WEB-100;SCR-WEB-110;SCR-WEB-120;SCR-WEB-130;SCR-WEB-140;SCR-WEB-150,Initiated->Criteria Built->Targets Retrieved->Targets Selected->Configured->Assigned->Ready to Publish->Published,STM-PLAN-001;STM-PLAN-002,Select one Industrial License. -> Retrieve selected license details.,AC-0036,EV-003;EV-001;EV-011;EV-012,ERR-PLN-001;ERR-PLN-002;ERR-ASG-001;ERR-PUB-001,Inspection Project.xlsx | Visit Planning-Planning | row 37
MVP1-M01-037,Visit Planning - Planning,Retrieve Factory Profile,MVP1 Mandatory,P01;P02;P03,"SB04 Visit Planning - Planning Methods, Targeting and Publishing",SB04,Web Portal,SCR-WEB-100;SCR-WEB-110;SCR-WEB-120;SCR-WEB-130;SCR-WEB-140;SCR-WEB-150,Initiated->Criteria Built->Targets Retrieved->Targets Selected->Configured->Assigned->Ready to Publish->Published,STM-PLAN-001;STM-PLAN-002,"Review retrieved information. -> Display factory information including CR, Industrial License, Factory Name, Region, City, License Stage and Status.",AC-0037,EV-003;EV-001;EV-011;EV-012,ERR-PLN-001;ERR-PLN-002;ERR-ASG-001;ERR-PUB-001,Inspection Project.xlsx | Visit Planning-Planning | row 38
MVP1-M01-038,Visit Planning - Planning,Verify Factory Location,MVP1 Mandatory,P01;P02;P03,"SB04 Visit Planning - Planning Methods, Targeting and Publishing",SB04,Web Portal,SCR-WEB-100;SCR-WEB-110;SCR-WEB-120;SCR-WEB-130;SCR-WEB-140;SCR-WEB-150,Initiated->Criteria Built->Targets Retrieved->Targets Selected->Configured->Assigned->Ready to Publish->Published,STM-PLAN-001;STM-PLAN-002,"Confirm location, modify map pin or manually pin a new location. -> Display existing location and save updates if modified.",AC-0038,EV-003;EV-001;EV-011;EV-012,ERR-PLN-001;ERR-PLN-002;ERR-ASG-001;ERR-PUB-001,Inspection Project.xlsx | Visit Planning-Planning | row 39
MVP1-M01-039,Visit Planning - Planning,Configure Visit Details,MVP1 Mandatory,P01;P02;P03,"SB04 Visit Planning - Planning Methods, Targeting and Publishing",SB04,Web Portal,SCR-WEB-100;SCR-WEB-110;SCR-WEB-120;SCR-WEB-130;SCR-WEB-140;SCR-WEB-150,Initiated->Criteria Built->Targets Retrieved->Targets Selected->Configured->Assigned->Ready to Publish->Published,STM-PLAN-001;STM-PLAN-002,"Select Business Visit Type, Visit Window, Assignment Method and Notes. -> Validate mandatory fields.",AC-0039,EV-003;EV-001;EV-011;EV-012,ERR-PLN-001;ERR-PLN-002;ERR-ASG-001;ERR-PUB-001,Inspection Project.xlsx | Visit Planning-Planning | row 40
MVP1-M01-040,Visit Planning - Planning,Assign Inspector,MVP1 Mandatory,P01;P02;P03,"SB04 Visit Planning - Planning Methods, Targeting and Publishing",SB04,Web Portal,SCR-WEB-100;SCR-WEB-110;SCR-WEB-120;SCR-WEB-130;SCR-WEB-140;SCR-WEB-150,Initiated->Criteria Built->Targets Retrieved->Targets Selected->Configured->Assigned->Ready to Publish->Published,STM-PLAN-001;STM-PLAN-002,Select Auto Assignment or Manual Assignment. -> Assign inspector and validate availability.,AC-0040,EV-003;EV-001;EV-011;EV-012,ERR-PLN-001;ERR-PLN-002;ERR-ASG-001;ERR-PUB-001,Inspection Project.xlsx | Visit Planning-Planning | row 41
MVP1-M01-041,Visit Planning - Planning,Review Single Visit,MVP1 Mandatory,P01;P02;P03,"SB04 Visit Planning - Planning Methods, Targeting and Publishing",SB04,Web Portal,SCR-WEB-100;SCR-WEB-110;SCR-WEB-120;SCR-WEB-130;SCR-WEB-140;SCR-WEB-150,Initiated->Criteria Built->Targets Retrieved->Targets Selected->Configured->Assigned->Ready to Publish->Published,STM-PLAN-001;STM-PLAN-002,"Review factory information, assignment and visit configuration. -> Validate duplicate visits, mandatory fields and planning rules.",AC-0041,EV-003;EV-001;EV-011;EV-012,ERR-PLN-001;ERR-PLN-002;ERR-ASG-001;ERR-PUB-001,Inspection Project.xlsx | Visit Planning-Planning | row 42
MVP1-M01-042,Visit Planning - Planning,Publish Single Visit,MVP1 Mandatory,P01;P02;P03,"SB04 Visit Planning - Planning Methods, Targeting and Publishing",SB04,Web Portal,SCR-WEB-100;SCR-WEB-110;SCR-WEB-120;SCR-WEB-130;SCR-WEB-140;SCR-WEB-150,Initiated->Criteria Built->Targets Retrieved->Targets Selected->Configured->Assigned->Ready to Publish->Published,STM-PLAN-001;STM-PLAN-002,"Confirm publishing. -> Generate Visit ID, assign inspector, update calendar, notify inspector and record audit logs.",AC-0042,EV-003;EV-001;EV-011;EV-012,ERR-PLN-001;ERR-PLN-002;ERR-ASG-001;ERR-PUB-001,Inspection Project.xlsx | Visit Planning-Planning | row 43
MVP1-M01-043,Visit Planning - Planning,Select Immediate Visit,MVP1 Mandatory,P01;P02;P03,"SB04 Visit Planning - Planning Methods, Targeting and Publishing",SB04,Web Portal,SCR-WEB-100;SCR-WEB-110;SCR-WEB-120;SCR-WEB-130;SCR-WEB-140;SCR-WEB-150,Initiated->Criteria Built->Targets Retrieved->Targets Selected->Configured->Assigned->Ready to Publish->Published,STM-PLAN-001;STM-PLAN-002,Select Immediate Visit. -> Load Immediate Visit workspace.,AC-0043,EV-003;EV-001;EV-011;EV-012,ERR-PLN-001;ERR-PLN-002;ERR-ASG-001;ERR-PUB-001,Inspection Project.xlsx | Visit Planning-Planning | row 44
MVP1-M01-044,Visit Planning - Planning,Search Existing Factory,MVP1 Mandatory,P01;P02;P03,"SB04 Visit Planning - Planning Methods, Targeting and Publishing",SB04,Web Portal,SCR-WEB-100;SCR-WEB-110;SCR-WEB-120;SCR-WEB-130;SCR-WEB-140;SCR-WEB-150,Initiated->Criteria Built->Targets Retrieved->Targets Selected->Configured->Assigned->Ready to Publish->Published,STM-PLAN-001;STM-PLAN-002,Search using CR Number or Industrial License Number. -> Retrieve factory information if available.,AC-0044,EV-003;EV-001;EV-011;EV-012,ERR-PLN-001;ERR-PLN-002;ERR-ASG-001;ERR-PUB-001,Inspection Project.xlsx | Visit Planning-Planning | row 45
MVP1-M01-045,Visit Planning - Planning,Manual Factory Information,MVP1 Mandatory,P01;P02;P03,"SB04 Visit Planning - Planning Methods, Targeting and Publishing",SB04,Web Portal,SCR-WEB-100;SCR-WEB-110;SCR-WEB-120;SCR-WEB-130;SCR-WEB-140;SCR-WEB-150,Initiated->Criteria Built->Targets Retrieved->Targets Selected->Configured->Assigned->Ready to Publish->Published,STM-PLAN-001;STM-PLAN-002,"Enter factory name (optional), CR (optional), Industrial License (optional) and any available business information. -> Store manually entered information with the visit.",AC-0045,EV-003;EV-001;EV-011;EV-012,ERR-PLN-001;ERR-PLN-002;ERR-ASG-001;ERR-PUB-001,Inspection Project.xlsx | Visit Planning-Planning | row 46
MVP1-M01-046,Visit Planning - Planning,Capture Visit Location,MVP1 Mandatory,P01;P02;P03,"SB04 Visit Planning - Planning Methods, Targeting and Publishing",SB04,Web Portal,SCR-WEB-100;SCR-WEB-110;SCR-WEB-120;SCR-WEB-130;SCR-WEB-140;SCR-WEB-150,Initiated->Criteria Built->Targets Retrieved->Targets Selected->Configured->Assigned->Ready to Publish->Published,STM-PLAN-001;STM-PLAN-002,"Confirm existing location, modify map pin or manually pin a new location. -> Save the selected location with the visit.",AC-0046,EV-003;EV-001;EV-011;EV-012,ERR-PLN-001;ERR-PLN-002;ERR-ASG-001;ERR-PUB-001,Inspection Project.xlsx | Visit Planning-Planning | row 47
MVP1-M01-047,Visit Planning - Planning,Configure Immediate Visit,MVP1 Mandatory,P01;P02;P03,"SB04 Visit Planning - Planning Methods, Targeting and Publishing",SB04,Web Portal,SCR-WEB-100;SCR-WEB-110;SCR-WEB-120;SCR-WEB-130;SCR-WEB-140;SCR-WEB-150,Initiated->Criteria Built->Targets Retrieved->Targets Selected->Configured->Assigned->Ready to Publish->Published,STM-PLAN-001;STM-PLAN-002,"Select Business Visit Type, Visit Window (Planner only), Notes and Priority (Optional). -> Validate mandatory information.",AC-0047,EV-003;EV-001;EV-011;EV-012,ERR-PLN-001;ERR-PLN-002;ERR-ASG-001;ERR-PUB-001,Inspection Project.xlsx | Visit Planning-Planning | row 48
MVP1-M01-048,Visit Planning - Planning,Assign Inspector,MVP1 Mandatory,P01;P02;P03,"SB04 Visit Planning - Planning Methods, Targeting and Publishing",SB04,Web Portal,SCR-WEB-100;SCR-WEB-110;SCR-WEB-120;SCR-WEB-130;SCR-WEB-140;SCR-WEB-150,Initiated->Criteria Built->Targets Retrieved->Targets Selected->Configured->Assigned->Ready to Publish->Published,STM-PLAN-001;STM-PLAN-002,Select Auto or Manual Assignment. -> Assign inspector and validate assignment.,AC-0048,EV-003;EV-001;EV-011;EV-012,ERR-PLN-001;ERR-PLN-002;ERR-ASG-001;ERR-PUB-001,Inspection Project.xlsx | Visit Planning-Planning | row 49
MVP1-M01-049,Visit Planning - Planning,Review Immediate Visit,MVP1 Mandatory,P01;P02;P03,"SB04 Visit Planning - Planning Methods, Targeting and Publishing",SB04,Web Portal,SCR-WEB-100;SCR-WEB-110;SCR-WEB-120;SCR-WEB-130;SCR-WEB-140;SCR-WEB-150,Initiated->Criteria Built->Targets Retrieved->Targets Selected->Configured->Assigned->Ready to Publish->Published,STM-PLAN-001;STM-PLAN-002,"Review factory information, location and visit configuration. -> Validate mandatory information and duplicate active visits.",AC-0049,EV-003;EV-001;EV-011;EV-012,ERR-PLN-001;ERR-PLN-002;ERR-ASG-001;ERR-PUB-001,Inspection Project.xlsx | Visit Planning-Planning | row 50
MVP1-M01-050,Visit Planning - Planning,Create Immediate Visit,MVP1 Mandatory,P01;P02;P03,"SB04 Visit Planning - Planning Methods, Targeting and Publishing",SB04,Web Portal,SCR-WEB-100;SCR-WEB-110;SCR-WEB-120;SCR-WEB-130;SCR-WEB-140;SCR-WEB-150,Initiated->Criteria Built->Targets Retrieved->Targets Selected->Configured->Assigned->Ready to Publish->Published,STM-PLAN-001;STM-PLAN-002,"Confirm creation. -> Generate Visit ID, create audit record and register the visit.",AC-0050,EV-003;EV-001;EV-011;EV-012,ERR-PLN-001;ERR-PLN-002;ERR-ASG-001;ERR-PUB-001,Inspection Project.xlsx | Visit Planning-Planning | row 51
MVP1-M01-051,Visit Planning - Planning,Start Immediate Inspection,MVP1 Mandatory,P01;P02;P03,"SB04 Visit Planning - Planning Methods, Targeting and Publishing",SB04,Web Portal,SCR-WEB-100;SCR-WEB-110;SCR-WEB-120;SCR-WEB-130;SCR-WEB-140;SCR-WEB-150,Initiated->Criteria Built->Targets Retrieved->Targets Selected->Configured->Assigned->Ready to Publish->Published,STM-PLAN-001;STM-PLAN-002,Click Start Inspection. -> Change Visit Status to Inspection Started and transfer ownership to Visit Execution.,AC-0051,EV-003;EV-001;EV-011;EV-012,ERR-PLN-001;ERR-PLN-002;ERR-ASG-001;ERR-PUB-001,Inspection Project.xlsx | Visit Planning-Planning | row 52
MVP1-M01-052,Visit Planning - Planning,Notify Assigned Inspector,MVP1 Mandatory,P01;P02;P03,"SB04 Visit Planning - Planning Methods, Targeting and Publishing",SB04,Web Portal,SCR-WEB-100;SCR-WEB-110;SCR-WEB-120;SCR-WEB-130;SCR-WEB-140;SCR-WEB-150,Initiated->Criteria Built->Targets Retrieved->Targets Selected->Configured->Assigned->Ready to Publish->Published,STM-PLAN-001;STM-PLAN-002,N/A -> Send notification and update inspector calendar/work queue.,AC-0052,EV-003;EV-001;EV-011;EV-012,ERR-PLN-001;ERR-PLN-002;ERR-ASG-001;ERR-PUB-001,Inspection Project.xlsx | Visit Planning-Planning | row 53
MVP1-M02-001,Visit Planning - Management,Visit Management Workspace,MVP1 Mandatory,P03,SB05 Visit Planning - Management Workspace and Operational Control,SB05,Web Portal,SCR-WEB-200;SCR-WEB-210,Published->Active/Returned/Cancelled/Expired,STM-VIS-001;STM-VIS-002;STM-VIS-003,"Open Visit Management. -> Load KPIs, search, filters and visit list.",AC-0053,EV-003;EV-001;EV-011;EV-012,ERR-ASG-001;ERR-AUTH-001,Inspection Project.xlsx | Visit Planning- Mangment | row 2
MVP1-M02-002,Visit Planning - Management,Visit KPIs,MVP1 Mandatory,P03,SB05 Visit Planning - Management Workspace and Operational Control,SB05,Web Portal,SCR-WEB-200;SCR-WEB-210,Published->Active/Returned/Cancelled/Expired,STM-VIS-001;STM-VIS-002;STM-VIS-003,"Select KPI. -> Display Draft, Published, Returned, Cancelled and Expired counts. Selecting a KPI filters the visit list automatically.",AC-0054,EV-003;EV-001;EV-011;EV-012,ERR-ASG-001;ERR-AUTH-001,Inspection Project.xlsx | Visit Planning- Mangment | row 3
MVP1-M02-003,Visit Planning - Management,Search Visits,MVP1 Mandatory,P03,SB05 Visit Planning - Management Workspace and Operational Control,SB05,Web Portal,SCR-WEB-200;SCR-WEB-210,Published->Active/Returned/Cancelled/Expired,STM-VIS-001;STM-VIS-002;STM-VIS-003,"Search by Visit ID, Factory Name, CR Number, Industrial License or Inspector. -> Retrieve matching visits.",AC-0055,EV-003;EV-001;EV-011;EV-012,ERR-ASG-001;ERR-AUTH-001,Inspection Project.xlsx | Visit Planning- Mangment | row 4
MVP1-M02-004,Visit Planning - Management,Filter Visits,MVP1 Mandatory,P03,SB05 Visit Planning - Management Workspace and Operational Control,SB05,Web Portal,SCR-WEB-200;SCR-WEB-210,Published->Active/Returned/Cancelled/Expired,STM-VIS-001;STM-VIS-002;STM-VIS-003,Apply one or more filters. -> Refresh visit list.,AC-0056,EV-003;EV-001;EV-011;EV-012,ERR-ASG-001;ERR-AUTH-001,Inspection Project.xlsx | Visit Planning- Mangment | row 5
MVP1-M02-005,Visit Planning - Management,View Visit Details,MVP1 Mandatory,P03,SB05 Visit Planning - Management Workspace and Operational Control,SB05,Web Portal,SCR-WEB-200;SCR-WEB-210,Published->Active/Returned/Cancelled/Expired,STM-VIS-001;STM-VIS-002;STM-VIS-003,"View details. -> Display factory profile, location, assignment, visit information, timeline and audit history.",AC-0057,EV-003;EV-001;EV-011;EV-012,ERR-ASG-001;ERR-AUTH-001,Inspection Project.xlsx | Visit Planning- Mangment | row 6
MVP1-M02-006,Visit Planning - Management,Edit Visit,MVP1 Mandatory,P03,SB05 Visit Planning - Management Workspace and Operational Control,SB05,Web Portal,SCR-WEB-200;SCR-WEB-210,Published->Active/Returned/Cancelled/Expired,STM-VIS-001;STM-VIS-002;STM-VIS-003,"Update Business Visit Type, Visit Window, Inspector, Factory Location and Notes. -> Validate changes, save updates and record audit logs.",AC-0058,EV-003;EV-001;EV-011;EV-012,ERR-ASG-001;ERR-AUTH-001,Inspection Project.xlsx | Visit Planning- Mangment | row 7
MVP1-M02-007,Visit Planning - Management,Bulk Edit Visits,MVP1 Mandatory,P03,SB05 Visit Planning - Management Workspace and Operational Control,SB05,Web Portal,SCR-WEB-200;SCR-WEB-210,Published->Active/Returned/Cancelled/Expired,STM-VIS-001;STM-VIS-002;STM-VIS-003,Select child visits and update shared fields. -> Apply updates to all selected visits and record audit logs.,AC-0059,EV-003;EV-001;EV-011;EV-012,ERR-ASG-001;ERR-AUTH-001,Inspection Project.xlsx | Visit Planning- Mangment | row 8
MVP1-M02-008,Visit Planning - Management,Return Visit Handling,MVP1 Mandatory,P03,SB05 Visit Planning - Management Workspace and Operational Control,SB05,Web Portal,SCR-WEB-200;SCR-WEB-210,Published->Active/Returned/Cancelled/Expired,STM-VIS-001;STM-VIS-002;STM-VIS-003,"Review return reason, edit visit, republish or cancel. -> Display return reason and maintain audit history.",AC-0060,EV-003;EV-001;EV-011;EV-012,ERR-ASG-001;ERR-AUTH-001,Inspection Project.xlsx | Visit Planning- Mangment | row 9
MVP1-M02-009,Visit Planning - Management,Republish Returned Visit,MVP1 Mandatory,P03,SB05 Visit Planning - Management Workspace and Operational Control,SB05,Web Portal,SCR-WEB-200;SCR-WEB-210,Published->Active/Returned/Cancelled/Expired,STM-VIS-001;STM-VIS-002;STM-VIS-003,"Confirm republishing. -> Change status to Published, notify assigned inspector and update audit history.",AC-0061,EV-003;EV-001;EV-011;EV-012,ERR-ASG-001;ERR-AUTH-001,Inspection Project.xlsx | Visit Planning- Mangment | row 10
MVP1-M02-010,Visit Planning - Management,Cancel Visit,MVP1 Mandatory,P03,SB05 Visit Planning - Management Workspace and Operational Control,SB05,Web Portal,SCR-WEB-200;SCR-WEB-210,Published->Active/Returned/Cancelled/Expired,STM-VIS-001;STM-VIS-002;STM-VIS-003,"Enter cancellation reason and confirm. -> Update status, notify inspector and record audit log.",AC-0062,EV-003;EV-001;EV-011;EV-012,ERR-ASG-001;ERR-AUTH-001,Inspection Project.xlsx | Visit Planning- Mangment | row 11
MVP1-M02-011,Visit Planning - Management,Bulk Cancel Visits,MVP1 Mandatory,P03,SB05 Visit Planning - Management Workspace and Operational Control,SB05,Web Portal,SCR-WEB-200;SCR-WEB-210,Published->Active/Returned/Cancelled/Expired,STM-VIS-001;STM-VIS-002;STM-VIS-003,"Select visits, enter cancellation reason and confirm. -> Cancel selected visits, notify inspectors and record audit logs.",AC-0063,EV-003;EV-001;EV-011;EV-012,ERR-ASG-001;ERR-AUTH-001,Inspection Project.xlsx | Visit Planning- Mangment | row 12
MVP1-M02-012,Visit Planning - Management,Duplicate Visit Validation,MVP1 Mandatory,P03,SB05 Visit Planning - Management Workspace and Operational Control,SB05,Web Portal,SCR-WEB-200;SCR-WEB-210,Published->Active/Returned/Cancelled/Expired,STM-VIS-001;STM-VIS-002;STM-VIS-003,N/A -> Detect active or overlapping visits for the same factory.,AC-0064,EV-003;EV-001;EV-011;EV-012,ERR-ASG-001;ERR-AUTH-001,Inspection Project.xlsx | Visit Planning- Mangment | row 13
MVP1-M02-013,Visit Planning - Management,Activity Timeline,MVP1 Mandatory,P03,SB05 Visit Planning - Management Workspace and Operational Control,SB05,Web Portal,SCR-WEB-200;SCR-WEB-210,Published->Active/Returned/Cancelled/Expired,STM-VIS-001;STM-VIS-002;STM-VIS-003,Review timeline. -> Display all visit events in chronological order.,AC-0065,EV-003;EV-001;EV-011;EV-012,ERR-ASG-001;ERR-AUTH-001,Inspection Project.xlsx | Visit Planning- Mangment | row 14
MVP1-M02-014,Visit Planning - Management,Audit Trail,MVP1 Mandatory,P03,SB05 Visit Planning - Management Workspace and Operational Control,SB05,Web Portal,SCR-WEB-200;SCR-WEB-210,Published->Active/Returned/Cancelled/Expired,STM-VIS-001;STM-VIS-002;STM-VIS-003,"Review audit records. -> Record every change with previous value, new value, user and timestamp.",AC-0066,EV-003;EV-001;EV-011;EV-012,ERR-ASG-001;ERR-AUTH-001,Inspection Project.xlsx | Visit Planning- Mangment | row 15
MVP1-M02-015,Visit Planning - Management,Visit Status Management,MVP1 Mandatory,P03,SB05 Visit Planning - Management Workspace and Operational Control,SB05,Web Portal,SCR-WEB-200;SCR-WEB-210,Published->Active/Returned/Cancelled/Expired,STM-VIS-001;STM-VIS-002;STM-VIS-003,N/A -> Enforce lifecycle transitions based on business rules.,AC-0067,EV-003;EV-001;EV-011;EV-012,ERR-ASG-001;ERR-AUTH-001,Inspection Project.xlsx | Visit Planning- Mangment | row 16
MVP1-M02-016,Visit Planning - Management,Expired Visit Management,MVP1 Mandatory,P03,SB05 Visit Planning - Management Workspace and Operational Control,SB05,Web Portal,SCR-WEB-200;SCR-WEB-210,Published->Active/Returned/Cancelled/Expired,STM-VIS-001;STM-VIS-002;STM-VIS-003,N/A -> Update visit status to Expired and record audit history.,AC-0068,EV-003;EV-001;EV-011;EV-012,ERR-ASG-001;ERR-AUTH-001,Inspection Project.xlsx | Visit Planning- Mangment | row 17
MVP1-M02-017,Visit Planning - Management,Visit Plan Details,MVP1 Mandatory,P03,SB05 Visit Planning - Management Workspace and Operational Control,SB05,Web Portal,SCR-WEB-200;SCR-WEB-210,Published->Active/Returned/Cancelled/Expired,STM-VIS-001;STM-VIS-002;STM-VIS-003,"View child visits, assignments and planning summary. -> Display all visits belonging to the selected Visit Plan.",AC-0069,EV-003;EV-001;EV-011;EV-012,ERR-ASG-001;ERR-AUTH-001,Inspection Project.xlsx | Visit Planning- Mangment | row 18
MVP1-M02-018,Visit Planning - Management,Assignment Overview,MVP1 Mandatory,P03,SB05 Visit Planning - Management Workspace and Operational Control,SB05,Web Portal,SCR-WEB-200;SCR-WEB-210,Published->Active/Returned/Cancelled/Expired,STM-VIS-001;STM-VIS-002;STM-VIS-003,"View inspector workload and assigned visits. -> Display inspector capacity, assigned visits and available workload.",AC-0070,EV-003;EV-001;EV-011;EV-012,ERR-ASG-001;ERR-AUTH-001,Inspection Project.xlsx | Visit Planning- Mangment | row 19
MVP1-M02-019,Visit Planning - Management,Visit Management Workspace,MVP1 Mandatory,P03,SB05 Visit Planning - Management Workspace and Operational Control,SB05,Web Portal,SCR-WEB-200;SCR-WEB-210,Published->Active/Returned/Cancelled/Expired,STM-VIS-001;STM-VIS-002;STM-VIS-003,"Open workspace. -> Load KPIs, filters, search, visit list and planner actions.",AC-0071,EV-003;EV-001;EV-011;EV-012,ERR-ASG-001;ERR-AUTH-001,Inspection Project.xlsx | Visit Planning- Mangment | row 20
MVP1-M02-020,Visit Planning - Management,Planning KPI Summary,MVP1 Mandatory,P03,SB05 Visit Planning - Management Workspace and Operational Control,SB05,Web Portal,SCR-WEB-200;SCR-WEB-210,Published->Active/Returned/Cancelled/Expired,STM-VIS-001;STM-VIS-002;STM-VIS-003,View KPIs and drill into records. -> Calculate and display planning KPIs.,AC-0072,EV-003;EV-001;EV-011;EV-012,ERR-ASG-001;ERR-AUTH-001,Inspection Project.xlsx | Visit Planning- Mangment | row 21
MVP1-M02-021,Visit Planning - Management,Advanced Search,MVP1 Mandatory,P03,SB05 Visit Planning - Management Workspace and Operational Control,SB05,Web Portal,SCR-WEB-200;SCR-WEB-210,Published->Active/Returned/Cancelled/Expired,STM-VIS-001;STM-VIS-002;STM-VIS-003,"Search by Visit ID, Visit Plan ID, CR, License Number, Factory Name, Inspector or Campaign. -> Retrieve matching records.",AC-0073,EV-003;EV-001;EV-011;EV-012,ERR-ASG-001;ERR-AUTH-001,Inspection Project.xlsx | Visit Planning- Mangment | row 22
MVP1-M02-022,Visit Planning - Management,Advanced Filters,MVP1 Mandatory,P03,SB05 Visit Planning - Management Workspace and Operational Control,SB05,Web Portal,SCR-WEB-200;SCR-WEB-210,Published->Active/Returned/Cancelled/Expired,STM-VIS-001;STM-VIS-002;STM-VIS-003,Apply one or more filters. -> Refresh visit list.,AC-0074,EV-003;EV-001;EV-011;EV-012,ERR-ASG-001;ERR-AUTH-001,Inspection Project.xlsx | Visit Planning- Mangment | row 23
MVP1-M02-023,Visit Planning - Management,Visit List,MVP1 Mandatory,P03,SB05 Visit Planning - Management Workspace and Operational Control,SB05,Web Portal,SCR-WEB-200;SCR-WEB-210,Published->Active/Returned/Cancelled/Expired,STM-VIS-001;STM-VIS-002;STM-VIS-003,"Sort, group, select and open visits. -> Display configurable visit grid.",AC-0075,EV-003;EV-001;EV-011;EV-012,ERR-ASG-001;ERR-AUTH-001,Inspection Project.xlsx | Visit Planning- Mangment | row 24
MVP1-M02-024,Visit Planning - Management,View Visit Details,MVP1 Mandatory,P03,SB05 Visit Planning - Management Workspace and Operational Control,SB05,Web Portal,SCR-WEB-200;SCR-WEB-210,Published->Active/Returned/Cancelled/Expired,STM-VIS-001;STM-VIS-002;STM-VIS-003,"View visit information. -> Display factory profile, assignment, planning information, location, timeline, attachments and audit.",AC-0076,EV-003;EV-001;EV-011;EV-012,ERR-ASG-001;ERR-AUTH-001,Inspection Project.xlsx | Visit Planning- Mangment | row 25
MVP1-M02-025,Visit Planning - Management,Edit Visit,MVP1 Mandatory,P03,SB05 Visit Planning - Management Workspace and Operational Control,SB05,Web Portal,SCR-WEB-200;SCR-WEB-210,Published->Active/Returned/Cancelled/Expired,STM-VIS-001;STM-VIS-002;STM-VIS-003,"Update editable fields. -> Validate, save changes and audit updates.",AC-0077,EV-003;EV-001;EV-011;EV-012,ERR-ASG-001;ERR-AUTH-001,Inspection Project.xlsx | Visit Planning- Mangment | row 26
MVP1-M02-026,Visit Planning - Management,Reassign Inspector,MVP1 Mandatory,P03,SB05 Visit Planning - Management Workspace and Operational Control,SB05,Web Portal,SCR-WEB-200;SCR-WEB-210,Published->Active/Returned/Cancelled/Expired,STM-VIS-001;STM-VIS-002;STM-VIS-003,"Select another inspector. -> Validate eligibility, workload and update assignment. Notify affected inspector(s).",AC-0078,EV-003;EV-001;EV-011;EV-012,ERR-ASG-001;ERR-AUTH-001,Inspection Project.xlsx | Visit Planning- Mangment | row 27
MVP1-M02-027,Visit Planning - Management,Reschedule Visit,MVP1 Mandatory,P03,SB05 Visit Planning - Management Workspace and Operational Control,SB05,Web Portal,SCR-WEB-200;SCR-WEB-210,Published->Active/Returned/Cancelled/Expired,STM-VIS-001;STM-VIS-002;STM-VIS-003,Select new visit window. -> Validate planning conflicts and update schedule.,AC-0079,EV-003;EV-001;EV-011;EV-012,ERR-ASG-001;ERR-AUTH-001,Inspection Project.xlsx | Visit Planning- Mangment | row 28
MVP1-M02-028,Visit Planning - Management,Cancel Visit,MVP1 Mandatory,P03,SB05 Visit Planning - Management Workspace and Operational Control,SB05,Web Portal,SCR-WEB-200;SCR-WEB-210,Published->Active/Returned/Cancelled/Expired,STM-VIS-001;STM-VIS-002;STM-VIS-003,"Enter cancellation reason and confirm. -> Cancel visit, notify inspector and audit the action.",AC-0080,EV-003;EV-001;EV-011;EV-012,ERR-ASG-001;ERR-AUTH-001,Inspection Project.xlsx | Visit Planning- Mangment | row 29
MVP1-M02-029,Visit Planning - Management,Process Returned Visit,MVP1 Mandatory,P03,SB05 Visit Planning - Management Workspace and Operational Control,SB05,Web Portal,SCR-WEB-200;SCR-WEB-210,Published->Active/Returned/Cancelled/Expired,STM-VIS-001;STM-VIS-002;STM-VIS-003,"Review return reason, update planning information. -> Display return reason and allow corrections.",AC-0081,EV-003;EV-001;EV-011;EV-012,ERR-ASG-001;ERR-AUTH-001,Inspection Project.xlsx | Visit Planning- Mangment | row 30
MVP1-M02-030,Visit Planning - Management,Republish Visit,MVP1 Mandatory,P03,SB05 Visit Planning - Management Workspace and Operational Control,SB05,Web Portal,SCR-WEB-200;SCR-WEB-210,Published->Active/Returned/Cancelled/Expired,STM-VIS-001;STM-VIS-002;STM-VIS-003,"Confirm republishing. -> Validate updates, notify inspector and audit changes.",AC-0082,EV-003;EV-001;EV-011;EV-012,ERR-ASG-001;ERR-AUTH-001,Inspection Project.xlsx | Visit Planning- Mangment | row 31
MVP1-M02-031,Visit Planning - Management,Bulk Edit Visits,MVP1 Mandatory,P03,SB05 Visit Planning - Management Workspace and Operational Control,SB05,Web Portal,SCR-WEB-200;SCR-WEB-210,Published->Active/Returned/Cancelled/Expired,STM-VIS-001;STM-VIS-002;STM-VIS-003,Update shared information. -> Apply changes across selected visits.,AC-0083,EV-003;EV-001;EV-011;EV-012,ERR-ASG-001;ERR-AUTH-001,Inspection Project.xlsx | Visit Planning- Mangment | row 32
MVP1-M02-032,Visit Planning - Management,Bulk Reassign,MVP1 Mandatory,P03,SB05 Visit Planning - Management Workspace and Operational Control,SB05,Web Portal,SCR-WEB-200;SCR-WEB-210,Published->Active/Returned/Cancelled/Expired,STM-VIS-001;STM-VIS-002;STM-VIS-003,Select inspector(s). -> Update assignments and notify inspectors.,AC-0084,EV-003;EV-001;EV-011;EV-012,ERR-ASG-001;ERR-AUTH-001,Inspection Project.xlsx | Visit Planning- Mangment | row 33
MVP1-M02-033,Visit Planning - Management,Bulk Reschedule,MVP1 Mandatory,P03,SB05 Visit Planning - Management Workspace and Operational Control,SB05,Web Portal,SCR-WEB-200;SCR-WEB-210,Published->Active/Returned/Cancelled/Expired,STM-VIS-001;STM-VIS-002;STM-VIS-003,Select new visit window. -> Validate schedule conflicts and update visits.,AC-0085,EV-003;EV-001;EV-011;EV-012,ERR-ASG-001;ERR-AUTH-001,Inspection Project.xlsx | Visit Planning- Mangment | row 34
MVP1-M02-034,Visit Planning - Management,Bulk Cancel,MVP1 Mandatory,P03,SB05 Visit Planning - Management Workspace and Operational Control,SB05,Web Portal,SCR-WEB-200;SCR-WEB-210,Published->Active/Returned/Cancelled/Expired,STM-VIS-001;STM-VIS-002;STM-VIS-003,Select visits and confirm cancellation. -> Cancel selected visits and notify inspectors.,AC-0086,EV-003;EV-001;EV-011;EV-012,ERR-ASG-001;ERR-AUTH-001,Inspection Project.xlsx | Visit Planning- Mangment | row 35
MVP1-M02-035,Visit Planning - Management,Visit Plan Details,MVP1 Mandatory,P03,SB05 Visit Planning - Management Workspace and Operational Control,SB05,Web Portal,SCR-WEB-200;SCR-WEB-210,Published->Active/Returned/Cancelled/Expired,STM-VIS-001;STM-VIS-002;STM-VIS-003,"View summary and child visits. -> Display campaign information, progress and statistics.",AC-0087,EV-003;EV-001;EV-011;EV-012,ERR-ASG-001;ERR-AUTH-001,Inspection Project.xlsx | Visit Planning- Mangment | row 36
MVP1-M02-036,Visit Planning - Management,Campaign Progress,MVP1 Mandatory,P03,SB05 Visit Planning - Management Workspace and Operational Control,SB05,Web Portal,SCR-WEB-200;SCR-WEB-210,Published->Active/Returned/Cancelled/Expired,STM-VIS-001;STM-VIS-002;STM-VIS-003,"Review progress. -> Calculate completed, published, returned, cancelled and expired child visits.",AC-0088,EV-003;EV-001;EV-011;EV-012,ERR-ASG-001;ERR-AUTH-001,Inspection Project.xlsx | Visit Planning- Mangment | row 37
MVP1-M02-037,Visit Planning - Management,Assignment Center,MVP1 Mandatory,P03,SB05 Visit Planning - Management Workspace and Operational Control,SB05,Web Portal,SCR-WEB-200;SCR-WEB-210,Published->Active/Returned/Cancelled/Expired,STM-VIS-001;STM-VIS-002;STM-VIS-003,Review inspector workload and capacity. -> Display inspector utilization and assignments.,AC-0089,EV-003;EV-001;EV-011;EV-012,ERR-ASG-001;ERR-AUTH-001,Inspection Project.xlsx | Visit Planning- Mangment | row 38
MVP1-M02-038,Visit Planning - Management,Calendar View,MVP1 Mandatory,P03,SB05 Visit Planning - Management Workspace and Operational Control,SB05,Web Portal,SCR-WEB-200;SCR-WEB-210,Published->Active/Returned/Cancelled/Expired,STM-VIS-001;STM-VIS-002;STM-VIS-003,"Switch between Day, Week or Month views. -> Display visits according to selected period.",AC-0090,EV-003;EV-001;EV-011;EV-012,ERR-ASG-001;ERR-AUTH-001,Inspection Project.xlsx | Visit Planning- Mangment | row 39
MVP1-M02-039,Visit Planning - Management,Map View,MVP1 Mandatory,P03,SB05 Visit Planning - Management Workspace and Operational Control,SB05,Web Portal,SCR-WEB-200;SCR-WEB-210,Published->Active/Returned/Cancelled/Expired,STM-VIS-001;STM-VIS-002;STM-VIS-003,"Navigate map, select regions and open visit locations. -> Display factory locations and inspector locations.",AC-0091,EV-003;EV-001;EV-011;EV-012,ERR-ASG-001;ERR-AUTH-001,Inspection Project.xlsx | Visit Planning- Mangment | row 40
MVP1-M02-040,Visit Planning - Management,Conflict Validation Center,MVP1 Mandatory,P03,SB05 Visit Planning - Management Workspace and Operational Control,SB05,Web Portal,SCR-WEB-200;SCR-WEB-210,Published->Active/Returned/Cancelled/Expired,STM-VIS-001;STM-VIS-002;STM-VIS-003,"Review detected conflicts. -> Validate duplicate visits, overlapping schedules, inspector capacity, active visits and missing locations.",AC-0092,EV-003;EV-001;EV-011;EV-012,ERR-ASG-001;ERR-AUTH-001,Inspection Project.xlsx | Visit Planning- Mangment | row 41
MVP1-M02-041,Visit Planning - Management,Notifications,MVP1 Mandatory,P03,SB05 Visit Planning - Management Workspace and Operational Control,SB05,Web Portal,SCR-WEB-200;SCR-WEB-210,Published->Active/Returned/Cancelled/Expired,STM-VIS-001;STM-VIS-002;STM-VIS-003,"Review notifications. -> Send notifications for publish, return, cancel, reassignment, rescheduling and expiry.",AC-0093,EV-003;EV-001;EV-011;EV-012,ERR-ASG-001;ERR-AUTH-001,Inspection Project.xlsx | Visit Planning- Mangment | row 42
MVP1-M02-042,Visit Planning - Management,Attachments,MVP1 Mandatory,P03,SB05 Visit Planning - Management Workspace and Operational Control,SB05,Web Portal,SCR-WEB-200;SCR-WEB-210,Published->Active/Returned/Cancelled/Expired,STM-VIS-001;STM-VIS-002;STM-VIS-003,"Upload, download or remove attachments. -> Store attachment metadata and files securely.",AC-0094,EV-003;EV-001;EV-011;EV-012,ERR-ASG-001;ERR-AUTH-001,Inspection Project.xlsx | Visit Planning- Mangment | row 43
MVP1-M02-043,Visit Planning - Management,Internal Notes,MVP1 Mandatory,P03,SB05 Visit Planning - Management Workspace and Operational Control,SB05,Web Portal,SCR-WEB-200;SCR-WEB-210,Published->Active/Returned/Cancelled/Expired,STM-VIS-001;STM-VIS-002;STM-VIS-003,Add or edit notes. -> Save notes and maintain audit history.,AC-0095,EV-003;EV-001;EV-011;EV-012,ERR-ASG-001;ERR-AUTH-001,Inspection Project.xlsx | Visit Planning- Mangment | row 44
MVP1-M02-044,Visit Planning - Management,Activity Timeline,MVP1 Mandatory,P03,SB05 Visit Planning - Management Workspace and Operational Control,SB05,Web Portal,SCR-WEB-200;SCR-WEB-210,Published->Active/Returned/Cancelled/Expired,STM-VIS-001;STM-VIS-002;STM-VIS-003,Review events. -> Record every planning activity chronologically.,AC-0096,EV-003;EV-001;EV-011;EV-012,ERR-ASG-001;ERR-AUTH-001,Inspection Project.xlsx | Visit Planning- Mangment | row 45
MVP1-M02-045,Visit Planning - Management,Audit History,MVP1 Mandatory,P03,SB05 Visit Planning - Management Workspace and Operational Control,SB05,Web Portal,SCR-WEB-200;SCR-WEB-210,Published->Active/Returned/Cancelled/Expired,STM-VIS-001;STM-VIS-002;STM-VIS-003,Review audit records. -> Record every data modification with before/after values.,AC-0097,EV-003;EV-001;EV-011;EV-012,ERR-ASG-001;ERR-AUTH-001,Inspection Project.xlsx | Visit Planning- Mangment | row 46
MVP1-M02-046,Visit Planning - Management,Automatic Visit Expiry,MVP1 Mandatory,P03,SB05 Visit Planning - Management Workspace and Operational Control,SB05,Web Portal,SCR-WEB-200;SCR-WEB-210,Published->Active/Returned/Cancelled/Expired,STM-VIS-001;STM-VIS-002;STM-VIS-003,No user action. -> Update visit status and notify planner.,AC-0098,EV-003;EV-001;EV-011;EV-012,ERR-ASG-001;ERR-AUTH-001,Inspection Project.xlsx | Visit Planning- Mangment | row 47
MVP1-M03-001,Inspection Execution - Pre-Start,Inspector Dashboard,MVP1 Mandatory,P04;P05,SB06 Inspector Pre-Start Workspace,SB06,iPad / Inspector Workspace,SCR-IPAD-600;SCR-IPAD-610,Assigned->Preparing->Ready/Returned; mode gate Ready->Physical/Virtual/Blocked,STM-ASG-001;STM-ASG-002,"View workload, KPIs, quick actions, notifications. -> Load dashboard widgets and inspector summary.",AC-0099,EV-003;EV-006;EV-001;EV-011;EV-012,ERR-PKG-001;ERR-OFF-001;ERR-AUTH-001,Inspection Project.xlsx | Inspection Execution - PreStart | row 2
MVP1-M03-002,Inspection Execution - Pre-Start,View Assigned Visits,MVP1 Mandatory,P04;P05,SB06 Inspector Pre-Start Workspace,SB06,iPad / Inspector Workspace,SCR-IPAD-600;SCR-IPAD-610,Assigned->Preparing->Ready/Returned; mode gate Ready->Physical/Virtual/Blocked,STM-ASG-001;STM-ASG-002,"View visits, open visit, switch between views. -> Load assigned visits and synchronize data.",AC-0100,EV-003;EV-006;EV-001;EV-011;EV-012,ERR-PKG-001;ERR-OFF-001;ERR-AUTH-001,Inspection Project.xlsx | Inspection Execution - PreStart | row 3
MVP1-M03-003,Inspection Execution - Pre-Start,"Calendar, List & Map Views",MVP1 Mandatory,P04;P05,SB06 Inspector Pre-Start Workspace,SB06,iPad / Inspector Workspace,SCR-IPAD-600;SCR-IPAD-610,Assigned->Preparing->Ready/Returned; mode gate Ready->Physical/Virtual/Blocked,STM-ASG-001;STM-ASG-002,"Switch between Calendar, List and Map. -> Display selected view.",AC-0101,EV-003;EV-006;EV-001;EV-011;EV-012,ERR-PKG-001;ERR-OFF-001;ERR-AUTH-001,Inspection Project.xlsx | Inspection Execution - PreStart | row 4
MVP1-M03-004,Inspection Execution - Pre-Start,"Search, Filter & Sort",MVP1 Mandatory,P04;P05,SB06 Inspector Pre-Start Workspace,SB06,iPad / Inspector Workspace,SCR-IPAD-600;SCR-IPAD-610,Assigned->Preparing->Ready/Returned; mode gate Ready->Physical/Virtual/Blocked,STM-ASG-001;STM-ASG-002,"Search, filter, sort. -> Apply search and filtering.",AC-0102,EV-003;EV-006;EV-001;EV-011;EV-012,ERR-PKG-001;ERR-OFF-001;ERR-AUTH-001,Inspection Project.xlsx | Inspection Execution - PreStart | row 5
MVP1-M03-005,Inspection Execution - Pre-Start,Manage My Schedule,MVP1 Mandatory,P04;P05,SB06 Inspector Pre-Start Workspace,SB06,iPad / Inspector Workspace,SCR-IPAD-600;SCR-IPAD-610,Assigned->Preparing->Ready/Returned; mode gate Ready->Physical/Virtual/Blocked,STM-ASG-001;STM-ASG-002,Drag & drop prepared visits between eligible dates. -> Save updated schedule and refresh calendar.,AC-0103,EV-003;EV-006;EV-001;EV-011;EV-012,ERR-PKG-001;ERR-OFF-001;ERR-AUTH-001,Inspection Project.xlsx | Inspection Execution - PreStart | row 6
MVP1-M03-006,Inspection Execution - Pre-Start,Return Assignment,MVP1 Mandatory,P04;P05,SB06 Inspector Pre-Start Workspace,SB06,iPad / Inspector Workspace,SCR-IPAD-600;SCR-IPAD-610,Assigned->Preparing->Ready/Returned; mode gate Ready->Physical/Virtual/Blocked,STM-ASG-001;STM-ASG-002,Select return reason and comments. -> Update assignment and notify planner.,AC-0104,EV-003;EV-006;EV-001;EV-011;EV-012,ERR-PKG-001;ERR-OFF-001;ERR-AUTH-001,Inspection Project.xlsx | Inspection Execution - PreStart | row 7
MVP1-M03-007,Inspection Execution - Pre-Start,View Visit Card,MVP1 Mandatory,P04;P05,SB06 Inspector Pre-Start Workspace,SB06,iPad / Inspector Workspace,SCR-IPAD-600;SCR-IPAD-610,Assigned->Preparing->Ready/Returned; mode gate Ready->Physical/Virtual/Blocked,STM-ASG-001;STM-ASG-002,Review visit details. -> Load visit information.,AC-0105,EV-003;EV-006;EV-001;EV-011;EV-012,ERR-PKG-001;ERR-OFF-001;ERR-AUTH-001,Inspection Project.xlsx | Inspection Execution - PreStart | row 8
MVP1-M03-008,Inspection Execution - Pre-Start,View Factory 360°,MVP1 Mandatory,P04;P05,SB06 Inspector Pre-Start Workspace,SB06,iPad / Inspector Workspace,SCR-IPAD-600;SCR-IPAD-610,Assigned->Preparing->Ready/Returned; mode gate Ready->Physical/Virtual/Blocked,STM-ASG-001;STM-ASG-002,"Review factory profile and history. -> Load factory information, history and location.",AC-0106,EV-003;EV-006;EV-001;EV-011;EV-012,ERR-PKG-001;ERR-OFF-001;ERR-AUTH-001,Inspection Project.xlsx | Inspection Execution - PreStart | row 9
MVP1-M03-009,Inspection Execution - Pre-Start,AI Preparation Assistant,MVP1 Mandatory,P04;P05,SB06 Inspector Pre-Start Workspace,SB06,iPad / Inspector Workspace,SCR-IPAD-600;SCR-IPAD-610,Assigned->Preparing->Ready/Returned; mode gate Ready->Physical/Virtual/Blocked,STM-ASG-001;STM-ASG-002,Review AI insights. -> Generate AI recommendations.,AC-0107,EV-003;EV-006;EV-001;EV-011;EV-012,ERR-PKG-001;ERR-OFF-001;ERR-AUTH-001,Inspection Project.xlsx | Inspection Execution - PreStart | row 10
MVP1-M03-010,Inspection Execution - Pre-Start,Prepare Inspection,MVP1 Mandatory,P04;P05,SB06 Inspector Pre-Start Workspace,SB06,iPad / Inspector Workspace,SCR-IPAD-600;SCR-IPAD-610,Assigned->Preparing->Ready/Returned; mode gate Ready->Physical/Virtual/Blocked,STM-ASG-001;STM-ASG-002,"Select Execution Date, Report Type, Execution Mode, Notify Factory, Save. -> Validate inputs, resolve package, update status, populate calendar.",AC-0108,EV-003;EV-006;EV-001;EV-011;EV-012,ERR-PKG-001;ERR-OFF-001;ERR-AUTH-001,Inspection Project.xlsx | Inspection Execution - PreStart | row 11
MVP1-M03-011,Inspection Execution - Pre-Start,Execution Mode Eligibility,MVP1 Mandatory,P04;P05,SB06 Inspector Pre-Start Workspace,SB06,iPad / Inspector Workspace,SCR-IPAD-600;SCR-IPAD-610,Assigned->Preparing->Ready/Returned; mode gate Ready->Physical/Virtual/Blocked,STM-ASG-001;STM-ASG-002,Select eligible execution mode. -> Evaluate eligibility rules.,AC-0109,EV-003;EV-006;EV-001;EV-011;EV-012,ERR-PKG-001;ERR-OFF-001;ERR-AUTH-001,Inspection Project.xlsx | Inspection Execution - PreStart | row 12
MVP1-M03-012,Inspection Execution - Pre-Start,Inspection Package Resolution,MVP1 Mandatory,P04;P05,SB06 Inspector Pre-Start Workspace,SB06,iPad / Inspector Workspace,SCR-IPAD-600;SCR-IPAD-610,Assigned->Preparing->Ready/Returned; mode gate Ready->Physical/Virtual/Blocked,STM-ASG-001;STM-ASG-002,"Review package preview. -> Load Form, Checklist, Action Forms, Validation Rules, Required Evidence, Report Template and lock package.",AC-0110,EV-003;EV-006;EV-001;EV-011;EV-012,ERR-PKG-001;ERR-OFF-001;ERR-AUTH-001,Inspection Project.xlsx | Inspection Execution - PreStart | row 13
MVP1-M03-013,Inspection Execution - Pre-Start,Notify Factory,MVP1 Mandatory,P04;P05,SB06 Inspector Pre-Start Workspace,SB06,iPad / Inspector Workspace,SCR-IPAD-600;SCR-IPAD-610,Assigned->Preparing->Ready/Returned; mode gate Ready->Physical/Virtual/Blocked,STM-ASG-001;STM-ASG-002,Enable/Disable notification. -> Send notification using configured channels.,AC-0111,EV-003;EV-006;EV-001;EV-011;EV-012,ERR-PKG-001;ERR-OFF-001;ERR-AUTH-001,Inspection Project.xlsx | Inspection Execution - PreStart | row 14
MVP1-M03-014,Inspection Execution - Pre-Start,Virtual Appointment Management,MVP1 Mandatory,P04;P05,SB06 Inspector Pre-Start Workspace,SB06,iPad / Inspector Workspace,SCR-IPAD-600;SCR-IPAD-610,Assigned->Preparing->Ready/Returned; mode gate Ready->Physical/Virtual/Blocked,STM-ASG-001;STM-ASG-002,"Schedule appointment, review confirmations, approve reschedule requests. -> Notify factory, receive confirmation, generate meeting, synchronize calendars.",AC-0112,EV-003;EV-006;EV-001;EV-011;EV-012,ERR-PKG-001;ERR-OFF-001;ERR-AUTH-001,Inspection Project.xlsx | Inspection Execution - PreStart | row 15
MVP1-M03-015,Inspection Execution - Pre-Start,Inspection Status Management,MVP1 Mandatory,P04;P05,SB06 Inspector Pre-Start Workspace,SB06,iPad / Inspector Workspace,SCR-IPAD-600;SCR-IPAD-610,Assigned->Preparing->Ready/Returned; mode gate Ready->Physical/Virtual/Blocked,STM-ASG-001;STM-ASG-002,"— -> Manage transitions between New, Ready and Expired.",AC-0113,EV-003;EV-006;EV-001;EV-011;EV-012,ERR-PKG-001;ERR-OFF-001;ERR-AUTH-001,Inspection Project.xlsx | Inspection Execution - PreStart | row 16
MVP1-M04-001,Physical Inspection Execution,Validate Assigned Visit,MVP1 Mandatory,P07,SB08 Physical Inspection Execution Workspace,SB08,iPad / Inspector Workspace,SCR-IPAD-630,Start Allowed->In Progress->Ready for Validation,STM-INS-001,Click Start Journey. -> Verify the visit is assigned to the logged-in inspector.,AC-0114,EV-006;EV-003;EV-001;EV-011;EV-012,ERR-PKG-001;ERR-GEO-001;ERR-GEO-002;ERR-OFF-001;ERR-OFF-002;ERR-EVD-001;ERR-EVD-002;ERR-SUB-001;ERR-SUB-002,Inspection Project.xlsx | Inspection excution-Start jou | row 2
MVP1-M04-002,Physical Inspection Execution,Validate Visit Status,MVP1 Mandatory,P07,SB08 Physical Inspection Execution Workspace,SB08,iPad / Inspector Workspace,SCR-IPAD-630,Start Allowed->In Progress->Ready for Validation,STM-INS-001,"Click Start Journey. -> Validate visit is Published and not Cancelled, Completed or Expired.",AC-0115,EV-006;EV-003;EV-001;EV-011;EV-012,ERR-PKG-001;ERR-GEO-001;ERR-GEO-002;ERR-OFF-001;ERR-OFF-002;ERR-EVD-001;ERR-EVD-002;ERR-SUB-001;ERR-SUB-002,Inspection Project.xlsx | Inspection excution-Start jou | row 3
MVP1-M04-003,Physical Inspection Execution,Validate Execution Window,MVP1 Mandatory,P07,SB08 Physical Inspection Execution Workspace,SB08,iPad / Inspector Workspace,SCR-IPAD-630,Start Allowed->In Progress->Ready for Validation,STM-INS-001,Click Start Journey. -> Compare current date/time against planned execution window.,AC-0116,EV-006;EV-003;EV-001;EV-011;EV-012,ERR-PKG-001;ERR-GEO-001;ERR-GEO-002;ERR-OFF-001;ERR-OFF-002;ERR-EVD-001;ERR-EVD-002;ERR-SUB-001;ERR-SUB-002,Inspection Project.xlsx | Inspection excution-Start jou | row 4
MVP1-M04-004,Physical Inspection Execution,Validate Factory Location,MVP1 Mandatory,P07,SB08 Physical Inspection Execution Workspace,SB08,iPad / Inspector Workspace,SCR-IPAD-630,Start Allowed->In Progress->Ready for Validation,STM-INS-001,"Click Start Journey. -> Verify that the factory has valid coordinates. If planner manually selected location, use planner location; otherwise use license location.",AC-0117,EV-006;EV-003;EV-001;EV-011;EV-012,ERR-PKG-001;ERR-GEO-001;ERR-GEO-002;ERR-OFF-001;ERR-OFF-002;ERR-EVD-001;ERR-EVD-002;ERR-SUB-001;ERR-SUB-002,Inspection Project.xlsx | Inspection excution-Start jou | row 5
MVP1-M04-005,Physical Inspection Execution,Download Locked Inspection Package,MVP1 Mandatory,P09,"SB16 Inspection Submission, Locking, Version Creation and Handoff",SB16,iPad / Inspector Workspace,SCR-IPAD-660,Ready for Validation->Validated->Submitted->Locked,STM-INS-002;STM-SYNC-001;STM-SYNC-002,"Wait. -> Download the latest approved package including factory information, inspection report, inspection items, previous answers, and configuration. Lock the downloaded version.",AC-0118,EV-006;EV-007;EV-003;EV-001;EV-011;EV-012,ERR-PKG-001;ERR-GEO-001;ERR-GEO-002;ERR-OFF-001;ERR-OFF-002;ERR-EVD-001;ERR-EVD-002;ERR-SUB-001;ERR-SUB-002,Inspection Project.xlsx | Inspection excution-Start jou | row 6
MVP1-M04-006,Physical Inspection Execution,Verify Package Integrity,MVP1 Mandatory,P07,SB08 Physical Inspection Execution Workspace,SB08,iPad / Inspector Workspace,SCR-IPAD-630,Start Allowed->In Progress->Ready for Validation,STM-INS-001,"None -> Validate package version, checksum, mandatory files and configuration.",AC-0119,EV-006;EV-003;EV-001;EV-011;EV-012,ERR-PKG-001;ERR-GEO-001;ERR-GEO-002;ERR-OFF-001;ERR-OFF-002;ERR-EVD-001;ERR-EVD-002;ERR-SUB-001;ERR-SUB-002,Inspection Project.xlsx | Inspection excution-Start jou | row 7
MVP1-M04-007,Physical Inspection Execution,Cache Offline Package,MVP1 Mandatory,P07,SB08 Physical Inspection Execution Workspace,SB08,iPad / Inspector Workspace,SCR-IPAD-630,Start Allowed->In Progress->Ready for Validation,STM-INS-001,None -> Store package securely on the device.,AC-0120,EV-006;EV-003;EV-001;EV-011;EV-012,ERR-PKG-001;ERR-GEO-001;ERR-GEO-002;ERR-OFF-001;ERR-OFF-002;ERR-EVD-001;ERR-EVD-002;ERR-SUB-001;ERR-SUB-002,Inspection Project.xlsx | Inspection excution-Start jou | row 8
MVP1-M04-008,Physical Inspection Execution,Create Journey Session,MVP1 Mandatory,P06A,"SB07 Physical Inspection Start Journey; SB14 Journey Telemetry, Location and Exception Control",SB07/SB14,iPad / Inspector Workspace,SCR-IPAD-620;SCR-WEB-500,Ready->On Journey->Arrived->Checked-In->Start Allowed,STM-JRN-001;STM-JRN-002;STM-JRN-003,None -> Create journey session linked to visit.,AC-0121,EV-005;EV-003;EV-001;EV-011;EV-012,ERR-PKG-001;ERR-GEO-001;ERR-GEO-002;ERR-OFF-001;ERR-OFF-002;ERR-EVD-001;ERR-EVD-002;ERR-SUB-001;ERR-SUB-002,Inspection Project.xlsx | Inspection excution-Start jou | row 9
MVP1-M04-009,Physical Inspection Execution,Capture Journey Start Time,MVP1 Mandatory,P06A,"SB07 Physical Inspection Start Journey; SB14 Journey Telemetry, Location and Exception Control",SB07/SB14,iPad / Inspector Workspace,SCR-IPAD-620;SCR-WEB-500,Ready->On Journey->Arrived->Checked-In->Start Allowed,STM-JRN-001;STM-JRN-002;STM-JRN-003,None -> Capture server timestamp and device timestamp.,AC-0122,EV-005;EV-003;EV-001;EV-011;EV-012,ERR-PKG-001;ERR-GEO-001;ERR-GEO-002;ERR-OFF-001;ERR-OFF-002;ERR-EVD-001;ERR-EVD-002;ERR-SUB-001;ERR-SUB-002,Inspection Project.xlsx | Inspection excution-Start jou | row 10
MVP1-M04-010,Physical Inspection Execution,Capture Journey Start GPS,MVP1 Mandatory,P06A,"SB07 Physical Inspection Start Journey; SB14 Journey Telemetry, Location and Exception Control",SB07/SB14,iPad / Inspector Workspace,SCR-IPAD-620;SCR-WEB-500,Ready->On Journey->Arrived->Checked-In->Start Allowed,STM-JRN-001;STM-JRN-002;STM-JRN-003,"None -> Capture latitude, longitude and altitude.",AC-0123,EV-005;EV-003;EV-001;EV-011;EV-012,ERR-PKG-001;ERR-GEO-001;ERR-GEO-002;ERR-OFF-001;ERR-OFF-002;ERR-EVD-001;ERR-EVD-002;ERR-SUB-001;ERR-SUB-002,Inspection Project.xlsx | Inspection excution-Start jou | row 11
MVP1-M04-011,Physical Inspection Execution,Capture GPS Accuracy,MVP1 Mandatory,P06A,"SB07 Physical Inspection Start Journey; SB14 Journey Telemetry, Location and Exception Control",SB07/SB14,iPad / Inspector Workspace,SCR-IPAD-620;SCR-WEB-500,Ready->On Journey->Arrived->Checked-In->Start Allowed,STM-JRN-001;STM-JRN-002;STM-JRN-003,None -> Capture GPS accuracy in meters.,AC-0124,EV-005;EV-003;EV-001;EV-011;EV-012,ERR-PKG-001;ERR-GEO-001;ERR-GEO-002;ERR-OFF-001;ERR-OFF-002;ERR-EVD-001;ERR-EVD-002;ERR-SUB-001;ERR-SUB-002,Inspection Project.xlsx | Inspection excution-Start jou | row 12
MVP1-M04-012,Physical Inspection Execution,Capture Device Information,MVP1 Mandatory,P07,SB08 Physical Inspection Execution Workspace,SB08,iPad / Inspector Workspace,SCR-IPAD-630,Start Allowed->In Progress->Ready for Validation,STM-INS-001,"None -> Capture device ID, OS version, application version.",AC-0125,EV-006;EV-003;EV-001;EV-011;EV-012,ERR-PKG-001;ERR-GEO-001;ERR-GEO-002;ERR-OFF-001;ERR-OFF-002;ERR-EVD-001;ERR-EVD-002;ERR-SUB-001;ERR-SUB-002,Inspection Project.xlsx | Inspection excution-Start jou | row 13
MVP1-M04-013,Physical Inspection Execution,Capture Network Status,MVP1 Mandatory,P07,SB08 Physical Inspection Execution Workspace,SB08,iPad / Inspector Workspace,SCR-IPAD-630,Start Allowed->In Progress->Ready for Validation,STM-INS-001,None -> Capture Online/Offline status and connection type.,AC-0126,EV-006;EV-003;EV-001;EV-011;EV-012,ERR-PKG-001;ERR-GEO-001;ERR-GEO-002;ERR-OFF-001;ERR-OFF-002;ERR-EVD-001;ERR-EVD-002;ERR-SUB-001;ERR-SUB-002,Inspection Project.xlsx | Inspection excution-Start jou | row 14
MVP1-M04-014,Physical Inspection Execution,Start Live Tracking,MVP1 Mandatory,P07,SB08 Physical Inspection Execution Workspace,SB08,iPad / Inspector Workspace,SCR-IPAD-630,Start Allowed->In Progress->Ready for Validation,STM-INS-001,None -> Start background GPS tracking according to configured interval.,AC-0127,EV-006;EV-003;EV-001;EV-011;EV-012,ERR-PKG-001;ERR-GEO-001;ERR-GEO-002;ERR-OFF-001;ERR-OFF-002;ERR-EVD-001;ERR-EVD-002;ERR-SUB-001;ERR-SUB-002,Inspection Project.xlsx | Inspection excution-Start jou | row 15
MVP1-M04-015,Physical Inspection Execution,Initialize Journey Timeline,MVP1 Mandatory,P06A,"SB07 Physical Inspection Start Journey; SB14 Journey Telemetry, Location and Exception Control",SB07/SB14,iPad / Inspector Workspace,SCR-IPAD-620;SCR-WEB-500,Ready->On Journey->Arrived->Checked-In->Start Allowed,STM-JRN-001;STM-JRN-002;STM-JRN-003,None -> Create timeline events starting with Journey Started.,AC-0128,EV-005;EV-003;EV-001;EV-011;EV-012,ERR-PKG-001;ERR-GEO-001;ERR-GEO-002;ERR-OFF-001;ERR-OFF-002;ERR-EVD-001;ERR-EVD-002;ERR-SUB-001;ERR-SUB-002,Inspection Project.xlsx | Inspection excution-Start jou | row 16
MVP1-M04-016,Physical Inspection Execution,Launch Navigation,MVP1 Mandatory,P07,SB08 Physical Inspection Execution Workspace,SB08,iPad / Inspector Workspace,SCR-IPAD-630,Start Allowed->In Progress->Ready for Validation,STM-INS-001,Open Navigation. -> Launch preferred navigation application using factory coordinates.,AC-0129,EV-006;EV-003;EV-001;EV-011;EV-012,ERR-PKG-001;ERR-GEO-001;ERR-GEO-002;ERR-OFF-001;ERR-OFF-002;ERR-EVD-001;ERR-EVD-002;ERR-SUB-001;ERR-SUB-002,Inspection Project.xlsx | Inspection excution-Start jou | row 17
MVP1-M04-017,Physical Inspection Execution,Calculate Initial ETA,MVP1 Mandatory,P07,SB08 Physical Inspection Execution Workspace,SB08,iPad / Inspector Workspace,SCR-IPAD-630,Start Allowed->In Progress->Ready for Validation,STM-INS-001,None -> Calculate ETA based on current location and destination.,AC-0130,EV-006;EV-003;EV-001;EV-011;EV-012,ERR-PKG-001;ERR-GEO-001;ERR-GEO-002;ERR-OFF-001;ERR-OFF-002;ERR-EVD-001;ERR-EVD-002;ERR-SUB-001;ERR-SUB-002,Inspection Project.xlsx | Inspection excution-Start jou | row 18
MVP1-M04-018,Physical Inspection Execution,Update Operational State,MVP1 Mandatory,P07,SB08 Physical Inspection Execution Workspace,SB08,iPad / Inspector Workspace,SCR-IPAD-630,Start Allowed->In Progress->Ready for Validation,STM-INS-001,None -> Change Operational State from Prepared to On the Way.,AC-0131,EV-006;EV-003;EV-001;EV-011;EV-012,ERR-PKG-001;ERR-GEO-001;ERR-GEO-002;ERR-OFF-001;ERR-OFF-002;ERR-EVD-001;ERR-EVD-002;ERR-SUB-001;ERR-SUB-002,Inspection Project.xlsx | Inspection excution-Start jou | row 19
MVP1-M04-019,Physical Inspection Execution,Generate Audit Events,MVP1 Mandatory,P07,SB08 Physical Inspection Execution Workspace,SB08,iPad / Inspector Workspace,SCR-IPAD-630,Start Allowed->In Progress->Ready for Validation,STM-INS-001,"None -> Log every significant event including validation, download, GPS capture, timeline creation and tracking initialization.",AC-0132,EV-006;EV-003;EV-001;EV-011;EV-012,ERR-PKG-001;ERR-GEO-001;ERR-GEO-002;ERR-OFF-001;ERR-OFF-002;ERR-EVD-001;ERR-EVD-002;ERR-SUB-001;ERR-SUB-002,Inspection Project.xlsx | Inspection excution-Start jou | row 20
MVP1-M04-020,Physical Inspection Execution,Error Handling,MVP1 Mandatory,P07,SB08 Physical Inspection Execution Workspace,SB08,iPad / Inspector Workspace,SCR-IPAD-630,Start Allowed->In Progress->Ready for Validation,STM-INS-001,"Retry / Cancel. -> Display clear error messages, retry transient failures, prevent journey start if critical validations fail.",AC-0133,EV-006;EV-003;EV-001;EV-011;EV-012,ERR-PKG-001;ERR-GEO-001;ERR-GEO-002;ERR-OFF-001;ERR-OFF-002;ERR-EVD-001;ERR-EVD-002;ERR-SUB-001;ERR-SUB-002,Inspection Project.xlsx | Inspection excution-Start jou | row 21
MVP1-M04-021,Physical Inspection Execution,Activate Live Journey Tracking,MVP1 Mandatory,P06A,"SB07 Physical Inspection Start Journey; SB14 Journey Telemetry, Location and Exception Control",SB07/SB14,iPad / Inspector Workspace,SCR-IPAD-620;SCR-WEB-500,Ready->On Journey->Arrived->Checked-In->Start Allowed,STM-JRN-001;STM-JRN-002;STM-JRN-003,None -> Start continuous GPS tracking based on configurable interval.,AC-0134,EV-005;EV-003;EV-001;EV-011;EV-012,ERR-PKG-001;ERR-GEO-001;ERR-GEO-002;ERR-OFF-001;ERR-OFF-002;ERR-EVD-001;ERR-EVD-002;ERR-SUB-001;ERR-SUB-002,Inspection Project.xlsx | Inspection excution-Start jou | row 22
MVP1-M04-022,Physical Inspection Execution,Capture Live GPS Coordinates,MVP1 Mandatory,P06A,"SB07 Physical Inspection Start Journey; SB14 Journey Telemetry, Location and Exception Control",SB07/SB14,iPad / Inspector Workspace,SCR-IPAD-620;SCR-WEB-500,Ready->On Journey->Arrived->Checked-In->Start Allowed,STM-JRN-001;STM-JRN-002;STM-JRN-003,"None -> Capture Latitude, Longitude, Altitude, Speed, Heading and GPS Accuracy at each tracking interval.",AC-0135,EV-005;EV-003;EV-001;EV-011;EV-012,ERR-PKG-001;ERR-GEO-001;ERR-GEO-002;ERR-OFF-001;ERR-OFF-002;ERR-EVD-001;ERR-EVD-002;ERR-SUB-001;ERR-SUB-002,Inspection Project.xlsx | Inspection excution-Start jou | row 23
MVP1-M04-023,Physical Inspection Execution,Update Inspector Location on Operations Map,MVP1 Mandatory,P07,SB08 Physical Inspection Execution Workspace,SB08,iPad / Inspector Workspace,SCR-IPAD-630,Start Allowed->In Progress->Ready for Validation,STM-INS-001,None -> Update inspector marker on Operations Center map.,AC-0136,EV-006;EV-003;EV-001;EV-011;EV-012,ERR-PKG-001;ERR-GEO-001;ERR-GEO-002;ERR-OFF-001;ERR-OFF-002;ERR-EVD-001;ERR-EVD-002;ERR-SUB-001;ERR-SUB-002,Inspection Project.xlsx | Inspection excution-Start jou | row 24
MVP1-M04-024,Physical Inspection Execution,Calculate Estimated Time of Arrival (ETA),MVP1 Mandatory,P06A,"SB07 Physical Inspection Start Journey; SB14 Journey Telemetry, Location and Exception Control",SB07/SB14,iPad / Inspector Workspace,SCR-IPAD-620;SCR-WEB-500,Ready->On Journey->Arrived->Checked-In->Start Allowed,STM-JRN-001;STM-JRN-002;STM-JRN-003,"None -> Calculate ETA based on current location, road network and destination. Refresh ETA periodically.",AC-0137,EV-005;EV-003;EV-001;EV-011;EV-012,ERR-PKG-001;ERR-GEO-001;ERR-GEO-002;ERR-OFF-001;ERR-OFF-002;ERR-EVD-001;ERR-EVD-002;ERR-SUB-001;ERR-SUB-002,Inspection Project.xlsx | Inspection excution-Start jou | row 25
MVP1-M04-025,Physical Inspection Execution,Calculate Remaining Distance,MVP1 Mandatory,P07,SB08 Physical Inspection Execution Workspace,SB08,iPad / Inspector Workspace,SCR-IPAD-630,Start Allowed->In Progress->Ready for Validation,STM-INS-001,None -> Calculate remaining travel distance using navigation route.,AC-0138,EV-006;EV-003;EV-001;EV-011;EV-012,ERR-PKG-001;ERR-GEO-001;ERR-GEO-002;ERR-OFF-001;ERR-OFF-002;ERR-EVD-001;ERR-EVD-002;ERR-SUB-001;ERR-SUB-002,Inspection Project.xlsx | Inspection excution-Start jou | row 26
MVP1-M04-026,Physical Inspection Execution,Monitor Journey Progress,MVP1 Mandatory,P06A,"SB07 Physical Inspection Start Journey; SB14 Journey Telemetry, Location and Exception Control",SB07/SB14,iPad / Inspector Workspace,SCR-IPAD-620;SCR-WEB-500,Ready->On Journey->Arrived->Checked-In->Start Allowed,STM-JRN-001;STM-JRN-002;STM-JRN-003,None -> Calculate journey progress percentage using travelled vs remaining distance.,AC-0139,EV-005;EV-003;EV-001;EV-011;EV-012,ERR-PKG-001;ERR-GEO-001;ERR-GEO-002;ERR-OFF-001;ERR-OFF-002;ERR-EVD-001;ERR-EVD-002;ERR-SUB-001;ERR-SUB-002,Inspection Project.xlsx | Inspection excution-Start jou | row 27
MVP1-M04-027,Physical Inspection Execution,Monitor GPS Accuracy,MVP1 Mandatory,P06A,"SB07 Physical Inspection Start Journey; SB14 Journey Telemetry, Location and Exception Control",SB07/SB14,iPad / Inspector Workspace,SCR-IPAD-620;SCR-WEB-500,Ready->On Journey->Arrived->Checked-In->Start Allowed,STM-JRN-001;STM-JRN-002;STM-JRN-003,None -> Continuously monitor GPS accuracy and record significant degradation.,AC-0140,EV-005;EV-003;EV-001;EV-011;EV-012,ERR-PKG-001;ERR-GEO-001;ERR-GEO-002;ERR-OFF-001;ERR-OFF-002;ERR-EVD-001;ERR-EVD-002;ERR-SUB-001;ERR-SUB-002,Inspection Project.xlsx | Inspection excution-Start jou | row 28
MVP1-M04-028,Physical Inspection Execution,Monitor Network Connectivity,MVP1 Mandatory,P07,SB08 Physical Inspection Execution Workspace,SB08,iPad / Inspector Workspace,SCR-IPAD-630,Start Allowed->In Progress->Ready for Validation,STM-INS-001,"None -> Detect Online, Offline, Wi-Fi and Mobile Network transitions.",AC-0141,EV-006;EV-003;EV-001;EV-011;EV-012,ERR-PKG-001;ERR-GEO-001;ERR-GEO-002;ERR-OFF-001;ERR-OFF-002;ERR-EVD-001;ERR-EVD-002;ERR-SUB-001;ERR-SUB-002,Inspection Project.xlsx | Inspection excution-Start jou | row 29
MVP1-M04-029,Physical Inspection Execution,Handle Offline Mode,MVP1 Mandatory,P07,SB08 Physical Inspection Execution Workspace,SB08,iPad / Inspector Workspace,SCR-IPAD-630,Start Allowed->In Progress->Ready for Validation,STM-INS-001,"Continue travelling. -> Continue tracking locally, queue journey events, cache GPS updates until connectivity returns.",AC-0142,EV-006;EV-003;EV-001;EV-011;EV-012,ERR-PKG-001;ERR-GEO-001;ERR-GEO-002;ERR-OFF-001;ERR-OFF-002;ERR-EVD-001;ERR-EVD-002;ERR-SUB-001;ERR-SUB-002,Inspection Project.xlsx | Inspection excution-Start jou | row 30
MVP1-M04-030,Physical Inspection Execution,Synchronize Offline Journey Data,MVP1 Mandatory,P06A,"SB07 Physical Inspection Start Journey; SB14 Journey Telemetry, Location and Exception Control",SB07/SB14,iPad / Inspector Workspace,SCR-IPAD-620;SCR-WEB-500,Ready->On Journey->Arrived->Checked-In->Start Allowed,STM-JRN-001;STM-JRN-002;STM-JRN-003,"None -> Synchronize queued GPS points, timeline events and audit logs in chronological order.",AC-0143,EV-005;EV-003;EV-001;EV-011;EV-012,ERR-PKG-001;ERR-GEO-001;ERR-GEO-002;ERR-OFF-001;ERR-OFF-002;ERR-EVD-001;ERR-EVD-002;ERR-SUB-001;ERR-SUB-002,Inspection Project.xlsx | Inspection excution-Start jou | row 31
MVP1-M04-031,Physical Inspection Execution,Monitor Route Deviation,MVP1 Mandatory,P06A,"SB07 Physical Inspection Start Journey; SB14 Journey Telemetry, Location and Exception Control",SB07/SB14,iPad / Inspector Workspace,SCR-IPAD-620;SCR-WEB-500,Ready->On Journey->Arrived->Checked-In->Start Allowed,STM-JRN-001;STM-JRN-002;STM-JRN-003,None -> Compare current location against planned navigation route.,AC-0144,EV-005;EV-003;EV-001;EV-011;EV-012,ERR-PKG-001;ERR-GEO-001;ERR-GEO-002;ERR-OFF-001;ERR-OFF-002;ERR-EVD-001;ERR-EVD-002;ERR-SUB-001;ERR-SUB-002,Inspection Project.xlsx | Inspection excution-Start jou | row 32
MVP1-M04-032,Physical Inspection Execution,Detect Arrival Radius,MVP1 Mandatory,P06A,"SB07 Physical Inspection Start Journey; SB14 Journey Telemetry, Location and Exception Control",SB07/SB14,iPad / Inspector Workspace,SCR-IPAD-620;SCR-WEB-500,Ready->On Journey->Arrived->Checked-In->Start Allowed,STM-JRN-001;STM-JRN-002;STM-JRN-003,None -> Compare current location against configured arrival radius.,AC-0145,EV-005;EV-003;EV-001;EV-011;EV-012,ERR-PKG-001;ERR-GEO-001;ERR-GEO-002;ERR-OFF-001;ERR-OFF-002;ERR-EVD-001;ERR-EVD-002;ERR-SUB-001;ERR-SUB-002,Inspection Project.xlsx | Inspection excution-Start jou | row 33
MVP1-M04-033,Physical Inspection Execution,Record Journey Timeline Events,MVP1 Mandatory,P06A,"SB07 Physical Inspection Start Journey; SB14 Journey Telemetry, Location and Exception Control",SB07/SB14,iPad / Inspector Workspace,SCR-IPAD-620;SCR-WEB-500,Ready->On Journey->Arrived->Checked-In->Start Allowed,STM-JRN-001;STM-JRN-002;STM-JRN-003,"None -> Record Journey Started, Tracking Started, Offline, Online, ETA Updates, Route Deviations and Arrival Detection.",AC-0146,EV-005;EV-003;EV-001;EV-011;EV-012,ERR-PKG-001;ERR-GEO-001;ERR-GEO-002;ERR-OFF-001;ERR-OFF-002;ERR-EVD-001;ERR-EVD-002;ERR-SUB-001;ERR-SUB-002,Inspection Project.xlsx | Inspection excution-Start jou | row 34
MVP1-M04-034,Physical Inspection Execution,Generate Operational Audit Logs,MVP1 Mandatory,P07,SB08 Physical Inspection Execution Workspace,SB08,iPad / Inspector Workspace,SCR-IPAD-630,Start Allowed->In Progress->Ready for Validation,STM-INS-001,"None -> Record GPS events, network changes, synchronization events and operational state changes.",AC-0147,EV-006;EV-003;EV-001;EV-011;EV-012,ERR-PKG-001;ERR-GEO-001;ERR-GEO-002;ERR-OFF-001;ERR-OFF-002;ERR-EVD-001;ERR-EVD-002;ERR-SUB-001;ERR-SUB-002,Inspection Project.xlsx | Inspection excution-Start jou | row 35
MVP1-M04-035,Physical Inspection Execution,Display Journey Status,MVP1 Mandatory,P06A,"SB07 Physical Inspection Start Journey; SB14 Journey Telemetry, Location and Exception Control",SB07/SB14,iPad / Inspector Workspace,SCR-IPAD-620;SCR-WEB-500,Ready->On Journey->Arrived->Checked-In->Start Allowed,STM-JRN-001;STM-JRN-002;STM-JRN-003,"View status. -> Display current Operational State, ETA, Distance Remaining, GPS Status, Connectivity Status and Progress.",AC-0148,EV-005;EV-003;EV-001;EV-011;EV-012,ERR-PKG-001;ERR-GEO-001;ERR-GEO-002;ERR-OFF-001;ERR-OFF-002;ERR-EVD-001;ERR-EVD-002;ERR-SUB-001;ERR-SUB-002,Inspection Project.xlsx | Inspection excution-Start jou | row 36
MVP1-M04-036,Physical Inspection Execution,Handle Journey Exceptions,MVP1 Mandatory,P06A,"SB07 Physical Inspection Start Journey; SB14 Journey Telemetry, Location and Exception Control",SB07/SB14,iPad / Inspector Workspace,SCR-IPAD-620;SCR-WEB-500,Ready->On Journey->Arrived->Checked-In->Start Allowed,STM-JRN-001;STM-JRN-002;STM-JRN-003,"Retry if prompted. -> Handle GPS unavailable, navigation failure, synchronization failure, connectivity failure and mapping service errors. Maintain journey consistency and prevent duplicate sessions.",AC-0149,EV-005;EV-003;EV-001;EV-011;EV-012,ERR-PKG-001;ERR-GEO-001;ERR-GEO-002;ERR-OFF-001;ERR-OFF-002;ERR-EVD-001;ERR-EVD-002;ERR-SUB-001;ERR-SUB-002,Inspection Project.xlsx | Inspection excution-Start jou | row 37
MVP1-M04-037,Physical Inspection Execution,Detect Arrival Radius,MVP1 Mandatory,P06A,"SB07 Physical Inspection Start Journey; SB14 Journey Telemetry, Location and Exception Control",SB07/SB14,iPad / Inspector Workspace,SCR-IPAD-620;SCR-WEB-500,Ready->On Journey->Arrived->Checked-In->Start Allowed,STM-JRN-001;STM-JRN-002;STM-JRN-003,Continue travelling. -> Continuously compare inspector GPS against the planned factory location and determine whether the inspector is inside the configured arrival radius.,AC-0150,EV-005;EV-003;EV-001;EV-011;EV-012,ERR-PKG-001;ERR-GEO-001;ERR-GEO-002;ERR-OFF-001;ERR-OFF-002;ERR-EVD-001;ERR-EVD-002;ERR-SUB-001;ERR-SUB-002,Inspection Project.xlsx | Inspection excution-Start jou | row 38
MVP1-M04-038,Physical Inspection Execution,Enable Arrival Action,MVP1 Mandatory,P06A,"SB07 Physical Inspection Start Journey; SB14 Journey Telemetry, Location and Exception Control",SB07/SB14,iPad / Inspector Workspace,SCR-IPAD-620;SCR-WEB-500,Ready->On Journey->Arrived->Checked-In->Start Allowed,STM-JRN-001;STM-JRN-002;STM-JRN-003,Click Arrived. -> Enable the Arrived action only after arrival conditions are met or when GPS override is permitted.,AC-0151,EV-005;EV-003;EV-001;EV-011;EV-012,ERR-PKG-001;ERR-GEO-001;ERR-GEO-002;ERR-OFF-001;ERR-OFF-002;ERR-EVD-001;ERR-EVD-002;ERR-SUB-001;ERR-SUB-002,Inspection Project.xlsx | Inspection excution-Start jou | row 39
MVP1-M04-039,Physical Inspection Execution,Capture Arrival Timestamp,MVP1 Mandatory,P06A,"SB07 Physical Inspection Start Journey; SB14 Journey Telemetry, Location and Exception Control",SB07/SB14,iPad / Inspector Workspace,SCR-IPAD-620;SCR-WEB-500,Ready->On Journey->Arrived->Checked-In->Start Allowed,STM-JRN-001;STM-JRN-002;STM-JRN-003,Confirm Arrival. -> Capture both server timestamp and device timestamp as official arrival evidence.,AC-0152,EV-005;EV-003;EV-001;EV-011;EV-012,ERR-PKG-001;ERR-GEO-001;ERR-GEO-002;ERR-OFF-001;ERR-OFF-002;ERR-EVD-001;ERR-EVD-002;ERR-SUB-001;ERR-SUB-002,Inspection Project.xlsx | Inspection excution-Start jou | row 40
MVP1-M04-040,Physical Inspection Execution,Capture Actual GPS Coordinates,MVP1 Mandatory,P06A,"SB07 Physical Inspection Start Journey; SB14 Journey Telemetry, Location and Exception Control",SB07/SB14,iPad / Inspector Workspace,SCR-IPAD-620;SCR-WEB-500,Ready->On Journey->Arrived->Checked-In->Start Allowed,STM-JRN-001;STM-JRN-002;STM-JRN-003,"Confirm Arrival. -> Record latitude, longitude, altitude and GPS accuracy at the moment of arrival.",AC-0153,EV-005;EV-003;EV-001;EV-011;EV-012,ERR-PKG-001;ERR-GEO-001;ERR-GEO-002;ERR-OFF-001;ERR-OFF-002;ERR-EVD-001;ERR-EVD-002;ERR-SUB-001;ERR-SUB-002,Inspection Project.xlsx | Inspection excution-Start jou | row 41
MVP1-M04-041,Physical Inspection Execution,Compare Planned vs Actual Location,MVP1 Mandatory,P07,SB08 Physical Inspection Execution Workspace,SB08,iPad / Inspector Workspace,SCR-IPAD-630,Start Allowed->In Progress->Ready for Validation,STM-INS-001,None -> Calculate the distance between the planned location and the inspector's actual location.,AC-0154,EV-006;EV-003;EV-001;EV-011;EV-012,ERR-PKG-001;ERR-GEO-001;ERR-GEO-002;ERR-OFF-001;ERR-OFF-002;ERR-EVD-001;ERR-EVD-002;ERR-SUB-001;ERR-SUB-002,Inspection Project.xlsx | Inspection excution-Start jou | row 42
MVP1-M04-042,Physical Inspection Execution,Validate GPS Distance,MVP1 Mandatory,P06A,"SB07 Physical Inspection Start Journey; SB14 Journey Telemetry, Location and Exception Control",SB07/SB14,iPad / Inspector Workspace,SCR-IPAD-620;SCR-WEB-500,Ready->On Journey->Arrived->Checked-In->Start Allowed,STM-JRN-001;STM-JRN-002;STM-JRN-003,None -> Compare calculated distance against the configured tolerance radius.,AC-0155,EV-005;EV-003;EV-001;EV-011;EV-012,ERR-PKG-001;ERR-GEO-001;ERR-GEO-002;ERR-OFF-001;ERR-OFF-002;ERR-EVD-001;ERR-EVD-002;ERR-SUB-001;ERR-SUB-002,Inspection Project.xlsx | Inspection excution-Start jou | row 43
MVP1-M04-043,Physical Inspection Execution,GPS Override Confirmation,MVP1 Mandatory,P06A,"SB07 Physical Inspection Start Journey; SB14 Journey Telemetry, Location and Exception Control",SB07/SB14,iPad / Inspector Workspace,SCR-IPAD-620;SCR-WEB-500,Ready->On Journey->Arrived->Checked-In->Start Allowed,STM-JRN-001;STM-JRN-002;STM-JRN-003,"Confirm Override or Cancel. -> Display a confirmation dialog explaining that the inspector is outside the planned location. If confirmed, continue using the actual coordinates.",AC-0156,EV-005;EV-003;EV-001;EV-011;EV-012,ERR-PKG-001;ERR-GEO-001;ERR-GEO-002;ERR-OFF-001;ERR-OFF-002;ERR-EVD-001;ERR-EVD-002;ERR-SUB-001;ERR-SUB-002,Inspection Project.xlsx | Inspection excution-Start jou | row 44
MVP1-M04-044,Physical Inspection Execution,Store Actual Inspection Location,MVP1 Mandatory,P07,SB08 Physical Inspection Execution Workspace,SB08,iPad / Inspector Workspace,SCR-IPAD-630,Start Allowed->In Progress->Ready for Validation,STM-INS-001,None -> Save the final inspection coordinates that will be associated with the inspection execution.,AC-0157,EV-006;EV-003;EV-001;EV-011;EV-012,ERR-PKG-001;ERR-GEO-001;ERR-GEO-002;ERR-OFF-001;ERR-OFF-002;ERR-EVD-001;ERR-EVD-002;ERR-SUB-001;ERR-SUB-002,Inspection Project.xlsx | Inspection excution-Start jou | row 45
MVP1-M04-045,Physical Inspection Execution,Capture Arrival Evidence,MVP1 Mandatory,P06A,"SB07 Physical Inspection Start Journey; SB14 Journey Telemetry, Location and Exception Control",SB07/SB14,iPad / Inspector Workspace,SCR-IPAD-620;SCR-WEB-500,Ready->On Journey->Arrived->Checked-In->Start Allowed,STM-JRN-001;STM-JRN-002;STM-JRN-003,Capture photo or comment (if required). -> Store arrival evidence and associate it with the arrival event.,AC-0158,EV-005;EV-003;EV-001;EV-011;EV-012,ERR-PKG-001;ERR-GEO-001;ERR-GEO-002;ERR-OFF-001;ERR-OFF-002;ERR-EVD-001;ERR-EVD-002;ERR-SUB-001;ERR-SUB-002,Inspection Project.xlsx | Inspection excution-Start jou | row 46
MVP1-M04-046,Physical Inspection Execution,Update Operational State,MVP1 Mandatory,P07,SB08 Physical Inspection Execution Workspace,SB08,iPad / Inspector Workspace,SCR-IPAD-630,Start Allowed->In Progress->Ready for Validation,STM-INS-001,None -> Update Operational State from On the Way to Arrived while keeping Workflow Status unchanged.,AC-0159,EV-006;EV-003;EV-001;EV-011;EV-012,ERR-PKG-001;ERR-GEO-001;ERR-GEO-002;ERR-OFF-001;ERR-OFF-002;ERR-EVD-001;ERR-EVD-002;ERR-SUB-001;ERR-SUB-002,Inspection Project.xlsx | Inspection excution-Start jou | row 47
MVP1-M04-047,Physical Inspection Execution,Generate Arrival Timeline Events,MVP1 Mandatory,P06A,"SB07 Physical Inspection Start Journey; SB14 Journey Telemetry, Location and Exception Control",SB07/SB14,iPad / Inspector Workspace,SCR-IPAD-620;SCR-WEB-500,Ready->On Journey->Arrived->Checked-In->Start Allowed,STM-JRN-001;STM-JRN-002;STM-JRN-003,"None -> Record Arrived, GPS Validated, GPS Override (if applicable), Arrival Evidence and Arrival Confirmed events.",AC-0160,EV-005;EV-003;EV-001;EV-011;EV-012,ERR-PKG-001;ERR-GEO-001;ERR-GEO-002;ERR-OFF-001;ERR-OFF-002;ERR-EVD-001;ERR-EVD-002;ERR-SUB-001;ERR-SUB-002,Inspection Project.xlsx | Inspection excution-Start jou | row 48
MVP1-M04-048,Physical Inspection Execution,Generate Audit Logs,MVP1 Mandatory,P07,SB08 Physical Inspection Execution Workspace,SB08,iPad / Inspector Workspace,SCR-IPAD-630,Start Allowed->In Progress->Ready for Validation,STM-INS-001,"None -> Log timestamps, coordinates, validation results, overrides, evidence uploads and operational state transitions.",AC-0161,EV-006;EV-003;EV-001;EV-011;EV-012,ERR-PKG-001;ERR-GEO-001;ERR-GEO-002;ERR-OFF-001;ERR-OFF-002;ERR-EVD-001;ERR-EVD-002;ERR-SUB-001;ERR-SUB-002,Inspection Project.xlsx | Inspection excution-Start jou | row 49
MVP1-M04-049,Physical Inspection Execution,Handle Arrival Validation Errors,MVP1 Mandatory,P06A,"SB07 Physical Inspection Start Journey; SB14 Journey Telemetry, Location and Exception Control",SB07/SB14,iPad / Inspector Workspace,SCR-IPAD-620;SCR-WEB-500,Ready->On Journey->Arrived->Checked-In->Start Allowed,STM-JRN-001;STM-JRN-002;STM-JRN-003,"Retry, Refresh GPS or Cancel. -> Handle GPS unavailable, inaccurate GPS, mapping service failures and validation exceptions without corrupting the active inspection session.",AC-0162,EV-005;EV-003;EV-001;EV-011;EV-012,ERR-PKG-001;ERR-GEO-001;ERR-GEO-002;ERR-OFF-001;ERR-OFF-002;ERR-EVD-001;ERR-EVD-002;ERR-SUB-001;ERR-SUB-002,Inspection Project.xlsx | Inspection excution-Start jou | row 50
MVP1-M04-050,Physical Inspection Execution,Load Arrival Confirmation Screen,MVP1 Mandatory,P06A,"SB07 Physical Inspection Start Journey; SB14 Journey Telemetry, Location and Exception Control",SB07/SB14,iPad / Inspector Workspace,SCR-IPAD-620;SCR-WEB-500,Ready->On Journey->Arrived->Checked-In->Start Allowed,STM-JRN-001;STM-JRN-002;STM-JRN-003,"None -> Load Arrival Confirmation screen. Display Factory Card, Visit Card, Arrival Summary and available actions.",AC-0163,EV-005;EV-003;EV-001;EV-011;EV-012,ERR-PKG-001;ERR-GEO-001;ERR-GEO-002;ERR-OFF-001;ERR-OFF-002;ERR-EVD-001;ERR-EVD-002;ERR-SUB-001;ERR-SUB-002,Inspection Project.xlsx | Inspection excution-Start jou | row 51
MVP1-M04-051,Physical Inspection Execution,Load Factory Card,MVP1 Mandatory,P07,SB08 Physical Inspection Execution Workspace,SB08,iPad / Inspector Workspace,SCR-IPAD-630,Start Allowed->In Progress->Ready for Validation,STM-INS-001,"View Factory Card. -> Load Factory Card summary including Factory Name, CR Number, License Number, License Status, Factory Status, Activity, Risk Level and Factory Health Score (if available).",AC-0164,EV-006;EV-003;EV-001;EV-011;EV-012,ERR-PKG-001;ERR-GEO-001;ERR-GEO-002;ERR-OFF-001;ERR-OFF-002;ERR-EVD-001;ERR-EVD-002;ERR-SUB-001;ERR-SUB-002,Inspection Project.xlsx | Inspection excution-Start jou | row 52
MVP1-M04-052,Physical Inspection Execution,Load Visit Card,MVP1 Mandatory,P07,SB08 Physical Inspection Execution Workspace,SB08,iPad / Inspector Workspace,SCR-IPAD-630,Start Allowed->In Progress->Ready for Validation,STM-INS-001,"View Visit Card. -> Load Visit Type, Planned Window, Inspector Name, Branch, Planner, Visit Reason, Visit Priority and Report Type.",AC-0165,EV-006;EV-003;EV-001;EV-011;EV-012,ERR-PKG-001;ERR-GEO-001;ERR-GEO-002;ERR-OFF-001;ERR-OFF-002;ERR-EVD-001;ERR-EVD-002;ERR-SUB-001;ERR-SUB-002,Inspection Project.xlsx | Inspection excution-Start jou | row 53
MVP1-M04-053,Physical Inspection Execution,Display Journey Summary,MVP1 Mandatory,P06A,"SB07 Physical Inspection Start Journey; SB14 Journey Telemetry, Location and Exception Control",SB07/SB14,iPad / Inspector Workspace,SCR-IPAD-620;SCR-WEB-500,Ready->On Journey->Arrived->Checked-In->Start Allowed,STM-JRN-001;STM-JRN-002;STM-JRN-003,"Review information. -> Display Journey Start Time, Arrival Time, Journey Duration, Distance Travelled and GPS Validation Result.",AC-0166,EV-005;EV-003;EV-001;EV-011;EV-012,ERR-PKG-001;ERR-GEO-001;ERR-GEO-002;ERR-OFF-001;ERR-OFF-002;ERR-EVD-001;ERR-EVD-002;ERR-SUB-001;ERR-SUB-002,Inspection Project.xlsx | Inspection excution-Start jou | row 54
MVP1-M04-054,Physical Inspection Execution,Display Context Panel,MVP1 Mandatory,P07,SB08 Physical Inspection Execution Workspace,SB08,iPad / Inspector Workspace,SCR-IPAD-630,Start Allowed->In Progress->Ready for Validation,STM-INS-001,"Expand or collapse Factory Card and Visit Card. -> Provide quick access to Factory Card, Visit Card and map without leaving the confirmation screen.",AC-0167,EV-006;EV-003;EV-001;EV-011;EV-012,ERR-PKG-001;ERR-GEO-001;ERR-GEO-002;ERR-OFF-001;ERR-OFF-002;ERR-EVD-001;ERR-EVD-002;ERR-SUB-001;ERR-SUB-002,Inspection Project.xlsx | Inspection excution-Start jou | row 55
MVP1-M04-055,Physical Inspection Execution,Proceed with Inspection,MVP1 Mandatory,P07,SB08 Physical Inspection Execution Workspace,SB08,iPad / Inspector Workspace,SCR-IPAD-630,Start Allowed->In Progress->Ready for Validation,STM-INS-001,Click Proceed with Inspection. -> Change Workflow Status to In Progress. Change Operational State from Arrived to Executing. Create Inspection Session. Initialize Execution Workspace. Stop Journey Tracking. Start Inspection Timeline. Start Inspection SLA.,AC-0168,EV-006;EV-003;EV-001;EV-011;EV-012,ERR-PKG-001;ERR-GEO-001;ERR-GEO-002;ERR-OFF-001;ERR-OFF-002;ERR-EVD-001;ERR-EVD-002;ERR-SUB-001;ERR-SUB-002,Inspection Project.xlsx | Inspection excution-Start jou | row 56
MVP1-M04-056,Physical Inspection Execution,Cancel Visit,MVP1 Mandatory,P07,SB08 Physical Inspection Execution Workspace,SB08,iPad / Inspector Workspace,SCR-IPAD-630,Start Allowed->In Progress->Ready for Validation,STM-INS-001,Click Cancel Visit. -> Display cancellation form and stop transition to execution.,AC-0169,EV-006;EV-003;EV-001;EV-011;EV-012,ERR-PKG-001;ERR-GEO-001;ERR-GEO-002;ERR-OFF-001;ERR-OFF-002;ERR-EVD-001;ERR-EVD-002;ERR-SUB-001;ERR-SUB-002,Inspection Project.xlsx | Inspection excution-Start jou | row 57
MVP1-M04-057,Physical Inspection Execution,Capture Cancellation Reason,MVP1 Mandatory,P07,SB08 Physical Inspection Execution Workspace,SB08,iPad / Inspector Workspace,SCR-IPAD-630,Start Allowed->In Progress->Ready for Validation,STM-INS-001,Select reason and enter comments if required. -> Load configurable cancellation reasons. Save selected reason and comments.,AC-0170,EV-006;EV-003;EV-001;EV-011;EV-012,ERR-PKG-001;ERR-GEO-001;ERR-GEO-002;ERR-OFF-001;ERR-OFF-002;ERR-EVD-001;ERR-EVD-002;ERR-SUB-001;ERR-SUB-002,Inspection Project.xlsx | Inspection excution-Start jou | row 58
MVP1-M04-058,Physical Inspection Execution,Capture Cancellation Evidence,MVP1 Mandatory,P08,"SB08 Execution Workspace; SB15 Evidence, Violations, Penalties and Action Forms",SB08/SB15,iPad / Inspector Workspace,SCR-IPAD-640;SCR-IPAD-650,Observation->Evidence Linked->Finding->Violation/Action,(P08 evidence chain; ENG-07/ENG-08 governed),"Upload photo, video, document or comments. -> Store evidence and link it to the cancellation record.",AC-0171,EV-007;EV-003;EV-001;EV-011;EV-012,ERR-PKG-001;ERR-GEO-001;ERR-GEO-002;ERR-OFF-001;ERR-OFF-002;ERR-EVD-001;ERR-EVD-002;ERR-SUB-001;ERR-SUB-002,Inspection Project.xlsx | Inspection excution-Start jou | row 59
MVP1-M04-059,Physical Inspection Execution,Update Visit Status After Cancellation,MVP1 Mandatory,P07,SB08 Physical Inspection Execution Workspace,SB08,iPad / Inspector Workspace,SCR-IPAD-630,Start Allowed->In Progress->Ready for Validation,STM-INS-001,None -> Update Workflow Status to Cancelled. Update Operational State to Cancelled. Close active journey. Stop SLA timers.,AC-0172,EV-006;EV-003;EV-001;EV-011;EV-012,ERR-PKG-001;ERR-GEO-001;ERR-GEO-002;ERR-OFF-001;ERR-OFF-002;ERR-EVD-001;ERR-EVD-002;ERR-SUB-001;ERR-SUB-002,Inspection Project.xlsx | Inspection excution-Start jou | row 60
MVP1-M04-060,Physical Inspection Execution,Generate Arrival Audit Events,MVP1 Mandatory,P06A,"SB07 Physical Inspection Start Journey; SB14 Journey Telemetry, Location and Exception Control",SB07/SB14,iPad / Inspector Workspace,SCR-IPAD-620;SCR-WEB-500,Ready->On Journey->Arrived->Checked-In->Start Allowed,STM-JRN-001;STM-JRN-002;STM-JRN-003,"None -> Log Factory Card viewed, Visit Card viewed, Proceed with Inspection, Cancel Visit, Cancellation Reason, Cancellation Evidence and Workflow Transition.",AC-0173,EV-005;EV-003;EV-001;EV-011;EV-012,ERR-PKG-001;ERR-GEO-001;ERR-GEO-002;ERR-OFF-001;ERR-OFF-002;ERR-EVD-001;ERR-EVD-002;ERR-SUB-001;ERR-SUB-002,Inspection Project.xlsx | Inspection excution-Start jou | row 61
MVP1-M04-061,Physical Inspection Execution,Handle Arrival Confirmation Errors,MVP1 Mandatory,P06A,"SB07 Physical Inspection Start Journey; SB14 Journey Telemetry, Location and Exception Control",SB07/SB14,iPad / Inspector Workspace,SCR-IPAD-620;SCR-WEB-500,Ready->On Journey->Arrived->Checked-In->Start Allowed,STM-JRN-001;STM-JRN-002;STM-JRN-003,"Retry or Return. -> Handle workflow failures, inspection session creation failures, package initialization failures and cancellation failures without leaving the visit in an inconsistent state.",AC-0174,EV-005;EV-003;EV-001;EV-011;EV-012,ERR-PKG-001;ERR-GEO-001;ERR-GEO-002;ERR-OFF-001;ERR-OFF-002;ERR-EVD-001;ERR-EVD-002;ERR-SUB-001;ERR-SUB-002,Inspection Project.xlsx | Inspection excution-Start jou | row 62
MVP1-M04-062,Physical Inspection Execution,Create Inspection Session,MVP1 Mandatory,P07,SB08 Physical Inspection Execution Workspace,SB08,iPad / Inspector Workspace,SCR-IPAD-630,Start Allowed->In Progress->Ready for Validation,STM-INS-001,"Click Proceed with Inspection. -> Create a unique Inspection Session linked to the Visit, Factory, Inspector and Package Version.",AC-0175,EV-006;EV-003;EV-001;EV-011;EV-012,ERR-PKG-001;ERR-GEO-001;ERR-GEO-002;ERR-OFF-001;ERR-OFF-002;ERR-EVD-001;ERR-EVD-002;ERR-SUB-001;ERR-SUB-002,Inspection Project.xlsx | Inspection excution-Start jou | row 63
MVP1-M04-063,Physical Inspection Execution,Lock Inspection Package,MVP1 Mandatory,P09,"SB16 Inspection Submission, Locking, Version Creation and Handoff",SB16,iPad / Inspector Workspace,SCR-IPAD-660,Ready for Validation->Validated->Submitted->Locked,STM-INS-002;STM-SYNC-001;STM-SYNC-002,"None -> Lock the downloaded package including Factory Information, Report, Inspection Items, Configuration and Rules.",AC-0176,EV-006;EV-007;EV-003;EV-001;EV-011;EV-012,ERR-PKG-001;ERR-GEO-001;ERR-GEO-002;ERR-OFF-001;ERR-OFF-002;ERR-EVD-001;ERR-EVD-002;ERR-SUB-001;ERR-SUB-002,Inspection Project.xlsx | Inspection excution-Start jou | row 64
MVP1-M04-064,Physical Inspection Execution,Load Execution Workspace,MVP1 Mandatory,P07,SB08 Physical Inspection Execution Workspace,SB08,iPad / Inspector Workspace,SCR-IPAD-630,Start Allowed->In Progress->Ready for Validation,STM-INS-001,None -> Load the Execution Workspace and initialize all required components.,AC-0177,EV-006;EV-003;EV-001;EV-011;EV-012,ERR-PKG-001;ERR-GEO-001;ERR-GEO-002;ERR-OFF-001;ERR-OFF-002;ERR-EVD-001;ERR-EVD-002;ERR-SUB-001;ERR-SUB-002,Inspection Project.xlsx | Inspection excution-Start jou | row 65
MVP1-M04-065,Physical Inspection Execution,Initialize Wizard,MVP1 Mandatory,P07,SB08 Physical Inspection Execution Workspace,SB08,iPad / Inspector Workspace,SCR-IPAD-630,Start Allowed->In Progress->Ready for Validation,STM-INS-001,"None -> Create wizard instance, calculate available steps and initialize navigation.",AC-0178,EV-006;EV-003;EV-001;EV-011;EV-012,ERR-PKG-001;ERR-GEO-001;ERR-GEO-002;ERR-OFF-001;ERR-OFF-002;ERR-EVD-001;ERR-EVD-002;ERR-SUB-001;ERR-SUB-002,Inspection Project.xlsx | Inspection excution-Start jou | row 66
MVP1-M04-066,Physical Inspection Execution,Load Wizard Steps,MVP1 Mandatory,P07,SB08 Physical Inspection Execution Workspace,SB08,iPad / Inspector Workspace,SCR-IPAD-630,Start Allowed->In Progress->Ready for Validation,STM-INS-001,"None -> Load Factory Information, Inspection Report, Inspection Items, Action Forms and Review steps. Hide Action Forms if no forms are generated later.",AC-0179,EV-006;EV-003;EV-001;EV-011;EV-012,ERR-PKG-001;ERR-GEO-001;ERR-GEO-002;ERR-OFF-001;ERR-OFF-002;ERR-EVD-001;ERR-EVD-002;ERR-SUB-001;ERR-SUB-002,Inspection Project.xlsx | Inspection excution-Start jou | row 67
MVP1-M04-067,Physical Inspection Execution,Load Progress Engine,MVP1 Mandatory,P07,SB08 Physical Inspection Execution Workspace,SB08,iPad / Inspector Workspace,SCR-IPAD-630,Start Allowed->In Progress->Ready for Validation,STM-INS-001,None -> Calculate initial progress and display completion indicator.,AC-0180,EV-006;EV-003;EV-001;EV-011;EV-012,ERR-PKG-001;ERR-GEO-001;ERR-GEO-002;ERR-OFF-001;ERR-OFF-002;ERR-EVD-001;ERR-EVD-002;ERR-SUB-001;ERR-SUB-002,Inspection Project.xlsx | Inspection excution-Start jou | row 68
MVP1-M04-068,Physical Inspection Execution,Load Context Panel,MVP1 Mandatory,P07,SB08 Physical Inspection Execution Workspace,SB08,iPad / Inspector Workspace,SCR-IPAD-630,Start Allowed->In Progress->Ready for Validation,STM-INS-001,Open/Collapse Context Panel. -> Load Factory Card and Visit Card as a collapsible panel accessible from every wizard step.,AC-0181,EV-006;EV-003;EV-001;EV-011;EV-012,ERR-PKG-001;ERR-GEO-001;ERR-GEO-002;ERR-OFF-001;ERR-OFF-002;ERR-EVD-001;ERR-EVD-002;ERR-SUB-001;ERR-SUB-002,Inspection Project.xlsx | Inspection excution-Start jou | row 69
MVP1-M04-069,Physical Inspection Execution,Restore Draft Session,MVP1 Mandatory,P07,SB08 Physical Inspection Execution Workspace,SB08,iPad / Inspector Workspace,SCR-IPAD-630,Start Allowed->In Progress->Ready for Validation,STM-INS-001,"Resume Draft. -> Restore the last completed wizard step, entered values, uploaded evidence and pending action forms.",AC-0182,EV-006;EV-003;EV-001;EV-011;EV-012,ERR-PKG-001;ERR-GEO-001;ERR-GEO-002;ERR-OFF-001;ERR-OFF-002;ERR-EVD-001;ERR-EVD-002;ERR-SUB-001;ERR-SUB-002,Inspection Project.xlsx | Inspection excution-Start jou | row 70
MVP1-M04-070,Physical Inspection Execution,Initialize Auto Save,MVP1 Mandatory,P07,SB08 Physical Inspection Execution Workspace,SB08,iPad / Inspector Workspace,SCR-IPAD-630,Start Allowed->In Progress->Ready for Validation,STM-INS-001,None -> Start automatic background save based on configurable interval and significant user actions.,AC-0183,EV-006;EV-003;EV-001;EV-011;EV-012,ERR-PKG-001;ERR-GEO-001;ERR-GEO-002;ERR-OFF-001;ERR-OFF-002;ERR-EVD-001;ERR-EVD-002;ERR-SUB-001;ERR-SUB-002,Inspection Project.xlsx | Inspection excution-Start jou | row 71
MVP1-M04-071,Physical Inspection Execution,Initialize Offline Mode,MVP1 Mandatory,P07,SB08 Physical Inspection Execution Workspace,SB08,iPad / Inspector Workspace,SCR-IPAD-630,Start Allowed->In Progress->Ready for Validation,STM-INS-001,None -> Verify offline package availability and initialize local storage for execution data.,AC-0184,EV-006;EV-003;EV-001;EV-011;EV-012,ERR-PKG-001;ERR-GEO-001;ERR-GEO-002;ERR-OFF-001;ERR-OFF-002;ERR-EVD-001;ERR-EVD-002;ERR-SUB-001;ERR-SUB-002,Inspection Project.xlsx | Inspection excution-Start jou | row 72
MVP1-M04-072,Physical Inspection Execution,Start Inspection Timeline,MVP1 Mandatory,P07,SB08 Physical Inspection Execution Workspace,SB08,iPad / Inspector Workspace,SCR-IPAD-630,Start Allowed->In Progress->Ready for Validation,STM-INS-001,None -> Create inspection timeline starting with Execution Started.,AC-0185,EV-006;EV-003;EV-001;EV-011;EV-012,ERR-PKG-001;ERR-GEO-001;ERR-GEO-002;ERR-OFF-001;ERR-OFF-002;ERR-EVD-001;ERR-EVD-002;ERR-SUB-001;ERR-SUB-002,Inspection Project.xlsx | Inspection excution-Start jou | row 73
MVP1-M04-073,Physical Inspection Execution,Start Inspection SLA,MVP1 Mandatory,P07,SB08 Physical Inspection Execution Workspace,SB08,iPad / Inspector Workspace,SCR-IPAD-630,Start Allowed->In Progress->Ready for Validation,STM-INS-001,None -> Capture execution start time and start SLA timer.,AC-0186,EV-006;EV-003;EV-001;EV-011;EV-012,ERR-PKG-001;ERR-GEO-001;ERR-GEO-002;ERR-OFF-001;ERR-OFF-002;ERR-EVD-001;ERR-EVD-002;ERR-SUB-001;ERR-SUB-002,Inspection Project.xlsx | Inspection excution-Start jou | row 74
MVP1-M04-074,Physical Inspection Execution,Validate Workspace Initialization,MVP1 Mandatory,P07,SB08 Physical Inspection Execution Workspace,SB08,iPad / Inspector Workspace,SCR-IPAD-630,Start Allowed->In Progress->Ready for Validation,STM-INS-001,"None -> Validate package integrity, wizard configuration, mandatory forms and dependencies before allowing execution.",AC-0187,EV-006;EV-003;EV-001;EV-011;EV-012,ERR-PKG-001;ERR-GEO-001;ERR-GEO-002;ERR-OFF-001;ERR-OFF-002;ERR-EVD-001;ERR-EVD-002;ERR-SUB-001;ERR-SUB-002,Inspection Project.xlsx | Inspection excution-Start jou | row 75
MVP1-M04-075,Physical Inspection Execution,Handle Workspace Initialization Errors,MVP1 Mandatory,P07,SB08 Physical Inspection Execution Workspace,SB08,iPad / Inspector Workspace,SCR-IPAD-630,Start Allowed->In Progress->Ready for Validation,STM-INS-001,"Retry Initialization. -> Handle package loading failures, missing configurations, wizard initialization failures and dependency errors. Maintain session consistency.",AC-0188,EV-006;EV-003;EV-001;EV-011;EV-012,ERR-PKG-001;ERR-GEO-001;ERR-GEO-002;ERR-OFF-001;ERR-OFF-002;ERR-EVD-001;ERR-EVD-002;ERR-SUB-001;ERR-SUB-002,Inspection Project.xlsx | Inspection excution-Start jou | row 76
MVP1-M04-076,Physical Inspection Execution,Load Wizard Structure,MVP1 Mandatory,P07,SB08 Physical Inspection Execution Workspace,SB08,iPad / Inspector Workspace,SCR-IPAD-630,Start Allowed->In Progress->Ready for Validation,STM-INS-001,None -> Load all configured wizard steps from the Dynamic Form Engine in the configured sequence.,AC-0189,EV-006;EV-003;EV-001;EV-011;EV-012,ERR-PKG-001;ERR-GEO-001;ERR-GEO-002;ERR-OFF-001;ERR-OFF-002;ERR-EVD-001;ERR-EVD-002;ERR-SUB-001;ERR-SUB-002,Inspection Project.xlsx | Inspection excution-Start jou | row 77
MVP1-M04-077,Physical Inspection Execution,Display Current Step,MVP1 Mandatory,P07,SB08 Physical Inspection Execution Workspace,SB08,iPad / Inspector Workspace,SCR-IPAD-630,Start Allowed->In Progress->Ready for Validation,STM-INS-001,View current step. -> Highlight current step and display step title and description.,AC-0190,EV-006;EV-003;EV-001;EV-011;EV-012,ERR-PKG-001;ERR-GEO-001;ERR-GEO-002;ERR-OFF-001;ERR-OFF-002;ERR-EVD-001;ERR-EVD-002;ERR-SUB-001;ERR-SUB-002,Inspection Project.xlsx | Inspection excution-Start jou | row 78
MVP1-M04-078,Physical Inspection Execution,Navigate to Next Step,MVP1 Mandatory,P07,SB08 Physical Inspection Execution Workspace,SB08,iPad / Inspector Workspace,SCR-IPAD-630,Start Allowed->In Progress->Ready for Validation,STM-INS-001,Click Next. -> Validate current step before moving to the next step.,AC-0191,EV-006;EV-003;EV-001;EV-011;EV-012,ERR-PKG-001;ERR-GEO-001;ERR-GEO-002;ERR-OFF-001;ERR-OFF-002;ERR-EVD-001;ERR-EVD-002;ERR-SUB-001;ERR-SUB-002,Inspection Project.xlsx | Inspection excution-Start jou | row 79
MVP1-M04-079,Physical Inspection Execution,Navigate to Previous Step,MVP1 Mandatory,P07,SB08 Physical Inspection Execution Workspace,SB08,iPad / Inspector Workspace,SCR-IPAD-630,Start Allowed->In Progress->Ready for Validation,STM-INS-001,Click Previous. -> Load previously entered data without data loss.,AC-0192,EV-006;EV-003;EV-001;EV-011;EV-012,ERR-PKG-001;ERR-GEO-001;ERR-GEO-002;ERR-OFF-001;ERR-OFF-002;ERR-EVD-001;ERR-EVD-002;ERR-SUB-001;ERR-SUB-002,Inspection Project.xlsx | Inspection excution-Start jou | row 80
MVP1-M04-080,Physical Inspection Execution,Calculate Progress,MVP1 Mandatory,P07,SB08 Physical Inspection Execution Workspace,SB08,iPad / Inspector Workspace,SCR-IPAD-630,Start Allowed->In Progress->Ready for Validation,STM-INS-001,"None -> Calculate completion based on Factory Information, Report, Inspection Items, Action Forms and Review.",AC-0193,EV-006;EV-003;EV-001;EV-011;EV-012,ERR-PKG-001;ERR-GEO-001;ERR-GEO-002;ERR-OFF-001;ERR-OFF-002;ERR-EVD-001;ERR-EVD-002;ERR-SUB-001;ERR-SUB-002,Inspection Project.xlsx | Inspection excution-Start jou | row 81
MVP1-M04-081,Physical Inspection Execution,Display Progress Indicator,MVP1 Mandatory,P07,SB08 Physical Inspection Execution Workspace,SB08,iPad / Inspector Workspace,SCR-IPAD-630,Start Allowed->In Progress->Ready for Validation,STM-INS-001,"View progress. -> Display percentage, completed steps and remaining steps.",AC-0194,EV-006;EV-003;EV-001;EV-011;EV-012,ERR-PKG-001;ERR-GEO-001;ERR-GEO-002;ERR-OFF-001;ERR-OFF-002;ERR-EVD-001;ERR-EVD-002;ERR-SUB-001;ERR-SUB-002,Inspection Project.xlsx | Inspection excution-Start jou | row 82
MVP1-M04-082,Physical Inspection Execution,Track Step Completion,MVP1 Mandatory,P07,SB08 Physical Inspection Execution Workspace,SB08,iPad / Inspector Workspace,SCR-IPAD-630,Start Allowed->In Progress->Ready for Validation,STM-INS-001,Complete required fields. -> Evaluate completion rules and mark the step as completed.,AC-0195,EV-006;EV-003;EV-001;EV-011;EV-012,ERR-PKG-001;ERR-GEO-001;ERR-GEO-002;ERR-OFF-001;ERR-OFF-002;ERR-EVD-001;ERR-EVD-002;ERR-SUB-001;ERR-SUB-002,Inspection Project.xlsx | Inspection excution-Start jou | row 83
MVP1-M04-083,Physical Inspection Execution,Validate Step Before Navigation,MVP1 Mandatory,P07,SB08 Physical Inspection Execution Workspace,SB08,iPad / Inspector Workspace,SCR-IPAD-630,Start Allowed->In Progress->Ready for Validation,STM-INS-001,"Click Next. -> Validate mandatory fields, mandatory evidence and mandatory forms.",AC-0196,EV-006;EV-003;EV-001;EV-011;EV-012,ERR-PKG-001;ERR-GEO-001;ERR-GEO-002;ERR-OFF-001;ERR-OFF-002;ERR-EVD-001;ERR-EVD-002;ERR-SUB-001;ERR-SUB-002,Inspection Project.xlsx | Inspection excution-Start jou | row 84
MVP1-M04-084,Physical Inspection Execution,Skip Empty Action Forms Step,MVP1 Mandatory,P08,"SB08 Execution Workspace; SB15 Evidence, Violations, Penalties and Action Forms",SB08/SB15,iPad / Inspector Workspace,SCR-IPAD-640;SCR-IPAD-650,Observation->Evidence Linked->Finding->Violation/Action,(P08 evidence chain; ENG-07/ENG-08 governed),None -> Automatically remove Action Forms step if no forms are generated.,AC-0197,EV-007;EV-003;EV-001;EV-011;EV-012,ERR-PKG-001;ERR-GEO-001;ERR-GEO-002;ERR-OFF-001;ERR-OFF-002;ERR-EVD-001;ERR-EVD-002;ERR-SUB-001;ERR-SUB-002,Inspection Project.xlsx | Inspection excution-Start jou | row 85
MVP1-M04-085,Physical Inspection Execution,Display Change Counter,MVP1 Mandatory,P07,SB08 Physical Inspection Execution Workspace,SB08,iPad / Inspector Workspace,SCR-IPAD-630,Start Allowed->In Progress->Ready for Validation,STM-INS-001,"View change summary. -> Count Factory Information updates, Inspection Item updates and generated Action Forms.",AC-0198,EV-006;EV-003;EV-001;EV-011;EV-012,ERR-PKG-001;ERR-GEO-001;ERR-GEO-002;ERR-OFF-001;ERR-OFF-002;ERR-EVD-001;ERR-EVD-002;ERR-SUB-001;ERR-SUB-002,Inspection Project.xlsx | Inspection excution-Start jou | row 86
MVP1-M04-086,Physical Inspection Execution,Preserve Wizard State,MVP1 Mandatory,P07,SB08 Physical Inspection Execution Workspace,SB08,iPad / Inspector Workspace,SCR-IPAD-630,Start Allowed->In Progress->Ready for Validation,STM-INS-001,"None -> Preserve active step, entered data and navigation history.",AC-0199,EV-006;EV-003;EV-001;EV-011;EV-012,ERR-PKG-001;ERR-GEO-001;ERR-GEO-002;ERR-OFF-001;ERR-OFF-002;ERR-EVD-001;ERR-EVD-002;ERR-SUB-001;ERR-SUB-002,Inspection Project.xlsx | Inspection excution-Start jou | row 87
MVP1-M04-087,Physical Inspection Execution,Trigger Auto Save,MVP1 Mandatory,P07,SB08 Physical Inspection Execution Workspace,SB08,iPad / Inspector Workspace,SCR-IPAD-630,Start Allowed->In Progress->Ready for Validation,STM-INS-001,"None -> Save progress automatically after configurable intervals and significant actions (field updates, evidence uploads, navigation, action form completion).",AC-0200,EV-006;EV-003;EV-001;EV-011;EV-012,ERR-PKG-001;ERR-GEO-001;ERR-GEO-002;ERR-OFF-001;ERR-OFF-002;ERR-EVD-001;ERR-EVD-002;ERR-SUB-001;ERR-SUB-002,Inspection Project.xlsx | Inspection excution-Start jou | row 88
MVP1-M04-088,Physical Inspection Execution,Save Draft,MVP1 Mandatory,P07,SB08 Physical Inspection Execution Workspace,SB08,iPad / Inspector Workspace,SCR-IPAD-630,Start Allowed->In Progress->Ready for Validation,STM-INS-001,"Click Save Draft. -> Save current wizard state, values, evidence, generated forms and navigation position.",AC-0201,EV-006;EV-003;EV-001;EV-011;EV-012,ERR-PKG-001;ERR-GEO-001;ERR-GEO-002;ERR-OFF-001;ERR-OFF-002;ERR-EVD-001;ERR-EVD-002;ERR-SUB-001;ERR-SUB-002,Inspection Project.xlsx | Inspection excution-Start jou | row 89
MVP1-M04-089,Physical Inspection Execution,Restore Draft Navigation,MVP1 Mandatory,P07,SB08 Physical Inspection Execution Workspace,SB08,iPad / Inspector Workspace,SCR-IPAD-630,Start Allowed->In Progress->Ready for Validation,STM-INS-001,Resume Draft. -> Open the wizard on the last active step with all saved data restored.,AC-0202,EV-006;EV-003;EV-001;EV-011;EV-012,ERR-PKG-001;ERR-GEO-001;ERR-GEO-002;ERR-OFF-001;ERR-OFF-002;ERR-EVD-001;ERR-EVD-002;ERR-SUB-001;ERR-SUB-002,Inspection Project.xlsx | Inspection excution-Start jou | row 90
MVP1-M04-090,Physical Inspection Execution,Display Validation Summary,MVP1 Mandatory,P07,SB08 Physical Inspection Execution Workspace,SB08,iPad / Inspector Workspace,SCR-IPAD-630,Start Allowed->In Progress->Ready for Validation,STM-INS-001,View validation summary. -> Display grouped validation messages by wizard step.,AC-0203,EV-006;EV-003;EV-001;EV-011;EV-012,ERR-PKG-001;ERR-GEO-001;ERR-GEO-002;ERR-OFF-001;ERR-OFF-002;ERR-EVD-001;ERR-EVD-002;ERR-SUB-001;ERR-SUB-002,Inspection Project.xlsx | Inspection excution-Start jou | row 91
MVP1-M04-091,Physical Inspection Execution,Jump to Missing Section,MVP1 Mandatory,P07,SB08 Physical Inspection Execution Workspace,SB08,iPad / Inspector Workspace,SCR-IPAD-630,Start Allowed->In Progress->Ready for Validation,STM-INS-001,Click validation message. -> Navigate directly to the corresponding wizard step and highlight the missing field.,AC-0204,EV-006;EV-003;EV-001;EV-011;EV-012,ERR-PKG-001;ERR-GEO-001;ERR-GEO-002;ERR-OFF-001;ERR-OFF-002;ERR-EVD-001;ERR-EVD-002;ERR-SUB-001;ERR-SUB-002,Inspection Project.xlsx | Inspection excution-Start jou | row 92
MVP1-M04-092,Physical Inspection Execution,Lock Completed Navigation After Submission,MVP1 Mandatory,P09,"SB16 Inspection Submission, Locking, Version Creation and Handoff",SB16,iPad / Inspector Workspace,SCR-IPAD-660,Ready for Validation->Validated->Submitted->Locked,STM-INS-002;STM-SYNC-001;STM-SYNC-002,View inspection. -> Disable wizard navigation and editing after successful submission.,AC-0205,EV-006;EV-007;EV-003;EV-001;EV-011;EV-012,ERR-PKG-001;ERR-GEO-001;ERR-GEO-002;ERR-OFF-001;ERR-OFF-002;ERR-EVD-001;ERR-EVD-002;ERR-SUB-001;ERR-SUB-002,Inspection Project.xlsx | Inspection excution-Start jou | row 93
MVP1-M04-093,Physical Inspection Execution,Generate Wizard Audit Events,MVP1 Mandatory,P07,SB08 Physical Inspection Execution Workspace,SB08,iPad / Inspector Workspace,SCR-IPAD-630,Start Allowed->In Progress->Ready for Validation,STM-INS-001,"None -> Log step changes, draft saves, resumes, validation failures, navigation events and completion events.",AC-0206,EV-006;EV-003;EV-001;EV-011;EV-012,ERR-PKG-001;ERR-GEO-001;ERR-GEO-002;ERR-OFF-001;ERR-OFF-002;ERR-EVD-001;ERR-EVD-002;ERR-SUB-001;ERR-SUB-002,Inspection Project.xlsx | Inspection excution-Start jou | row 94
MVP1-M04-094,Physical Inspection Execution,Handle Wizard Errors,MVP1 Mandatory,P07,SB08 Physical Inspection Execution Workspace,SB08,iPad / Inspector Workspace,SCR-IPAD-630,Start Allowed->In Progress->Ready for Validation,STM-INS-001,"Retry navigation. -> Handle navigation failures, validation failures, draft failures and restore failures without data loss.",AC-0207,EV-006;EV-003;EV-001;EV-011;EV-012,ERR-PKG-001;ERR-GEO-001;ERR-GEO-002;ERR-OFF-001;ERR-OFF-002;ERR-EVD-001;ERR-EVD-002;ERR-SUB-001;ERR-SUB-002,Inspection Project.xlsx | Inspection excution-Start jou | row 95
MVP1-M04-095,Physical Inspection Execution,Load Factory Information,MVP1 Mandatory,P07,SB08 Physical Inspection Execution Workspace,SB08,iPad / Inspector Workspace,SCR-IPAD-630,Start Allowed->In Progress->Ready for Validation,STM-INS-001,Open Factory Information. -> Load latest approved factory profile from Senaei.,AC-0208,EV-006;EV-003;EV-001;EV-011;EV-012,ERR-PKG-001;ERR-GEO-001;ERR-GEO-002;ERR-OFF-001;ERR-OFF-002;ERR-EVD-001;ERR-EVD-002;ERR-SUB-001;ERR-SUB-002,Inspection Project.xlsx | Inspection excution-Start jou | row 96
MVP1-M04-096,Physical Inspection Execution,Load Industrial License Information,MVP1 Mandatory,P07,SB08 Physical Inspection Execution Workspace,SB08,iPad / Inspector Workspace,SCR-IPAD-630,Start Allowed->In Progress->Ready for Validation,STM-INS-001,"Review information. -> Load License Number, Status, Stage, Issue Date, Expiry Date, License Activity and License Holder.",AC-0209,EV-006;EV-003;EV-001;EV-011;EV-012,ERR-PKG-001;ERR-GEO-001;ERR-GEO-002;ERR-OFF-001;ERR-OFF-002;ERR-EVD-001;ERR-EVD-002;ERR-SUB-001;ERR-SUB-002,Inspection Project.xlsx | Inspection excution-Start jou | row 97
MVP1-M04-097,Physical Inspection Execution,Load Factory General Information,MVP1 Mandatory,P07,SB08 Physical Inspection Execution Workspace,SB08,iPad / Inspector Workspace,SCR-IPAD-630,Start Allowed->In Progress->Ready for Validation,STM-INS-001,"Review information. -> Display Factory Name, CR Number, Factory Status, Activity, Region, City and Address.",AC-0210,EV-006;EV-003;EV-001;EV-011;EV-012,ERR-PKG-001;ERR-GEO-001;ERR-GEO-002;ERR-OFF-001;ERR-OFF-002;ERR-EVD-001;ERR-EVD-002;ERR-SUB-001;ERR-SUB-002,Inspection Project.xlsx | Inspection excution-Start jou | row 98
MVP1-M04-098,Physical Inspection Execution,Load Products,MVP1 Mandatory,P07,SB08 Physical Inspection Execution Workspace,SB08,iPad / Inspector Workspace,SCR-IPAD-630,Start Allowed->In Progress->Ready for Validation,STM-INS-001,Review products. -> Load all registered products with HS Codes and production details.,AC-0211,EV-006;EV-003;EV-001;EV-011;EV-012,ERR-PKG-001;ERR-GEO-001;ERR-GEO-002;ERR-OFF-001;ERR-OFF-002;ERR-EVD-001;ERR-EVD-002;ERR-SUB-001;ERR-SUB-002,Inspection Project.xlsx | Inspection excution-Start jou | row 99
MVP1-M04-099,Physical Inspection Execution,Load Raw Materials,MVP1 Mandatory,P07,SB08 Physical Inspection Execution Workspace,SB08,iPad / Inspector Workspace,SCR-IPAD-630,Start Allowed->In Progress->Ready for Validation,STM-INS-001,Review raw materials. -> Load all synchronized raw materials.,AC-0212,EV-006;EV-003;EV-001;EV-011;EV-012,ERR-PKG-001;ERR-GEO-001;ERR-GEO-002;ERR-OFF-001;ERR-OFF-002;ERR-EVD-001;ERR-EVD-002;ERR-SUB-001;ERR-SUB-002,Inspection Project.xlsx | Inspection excution-Start jou | row 100
MVP1-M04-100,Physical Inspection Execution,Load Employees,MVP1 Mandatory,P07,SB08 Physical Inspection Execution Workspace,SB08,iPad / Inspector Workspace,SCR-IPAD-630,Start Allowed->In Progress->Ready for Validation,STM-INS-001,Review employee numbers. -> Load employee statistics from Senaei.,AC-0213,EV-006;EV-003;EV-001;EV-011;EV-012,ERR-PKG-001;ERR-GEO-001;ERR-GEO-002;ERR-OFF-001;ERR-OFF-002;ERR-EVD-001;ERR-EVD-002;ERR-SUB-001;ERR-SUB-002,Inspection Project.xlsx | Inspection excution-Start jou | row 101
MVP1-M04-101,Physical Inspection Execution,Load Investment Information,MVP1 Mandatory,P07,SB08 Physical Inspection Execution Workspace,SB08,iPad / Inspector Workspace,SCR-IPAD-630,Start Allowed->In Progress->Ready for Validation,STM-INS-001,"Review investment. -> Display investment size, production capacity and configured industrial indicators.",AC-0214,EV-006;EV-003;EV-001;EV-011;EV-012,ERR-PKG-001;ERR-GEO-001;ERR-GEO-002;ERR-OFF-001;ERR-OFF-002;ERR-EVD-001;ERR-EVD-002;ERR-SUB-001;ERR-SUB-002,Inspection Project.xlsx | Inspection excution-Start jou | row 102
MVP1-M04-102,Physical Inspection Execution,Display Source Value,MVP1 Mandatory,P07,SB08 Physical Inspection Execution Workspace,SB08,iPad / Inspector Workspace,SCR-IPAD-630,Start Allowed->In Progress->Ready for Validation,STM-INS-001,Review value. -> Display every attribute as Source Value (Senaei).,AC-0215,EV-006;EV-003;EV-001;EV-011;EV-012,ERR-PKG-001;ERR-GEO-001;ERR-GEO-002;ERR-OFF-001;ERR-OFF-002;ERR-EVD-001;ERR-EVD-002;ERR-SUB-001;ERR-SUB-002,Inspection Project.xlsx | Inspection excution-Start jou | row 103
MVP1-M04-103,Physical Inspection Execution,Capture Observed Value,MVP1 Mandatory,P07,SB08 Physical Inspection Execution Workspace,SB08,iPad / Inspector Workspace,SCR-IPAD-630,Start Allowed->In Progress->Ready for Validation,STM-INS-001,Enter observed value. -> Save inspector observation separately from Senaei data.,AC-0216,EV-006;EV-003;EV-001;EV-011;EV-012,ERR-PKG-001;ERR-GEO-001;ERR-GEO-002;ERR-OFF-001;ERR-OFF-002;ERR-EVD-001;ERR-EVD-002;ERR-SUB-001;ERR-SUB-002,Inspection Project.xlsx | Inspection excution-Start jou | row 104
MVP1-M04-104,Physical Inspection Execution,Mark Field as Verified,MVP1 Mandatory,P07,SB08 Physical Inspection Execution Workspace,SB08,iPad / Inspector Workspace,SCR-IPAD-630,Start Allowed->In Progress->Ready for Validation,STM-INS-001,Click Verified. -> Mark field verification status as Verified.,AC-0217,EV-006;EV-003;EV-001;EV-011;EV-012,ERR-PKG-001;ERR-GEO-001;ERR-GEO-002;ERR-OFF-001;ERR-OFF-002;ERR-EVD-001;ERR-EVD-002;ERR-SUB-001;ERR-SUB-002,Inspection Project.xlsx | Inspection excution-Start jou | row 105
MVP1-M04-105,Physical Inspection Execution,Mark Field as Updated,MVP1 Mandatory,P07,SB08 Physical Inspection Execution Workspace,SB08,iPad / Inspector Workspace,SCR-IPAD-630,Start Allowed->In Progress->Ready for Validation,STM-INS-001,Enter new value. -> Mark verification status as Updated.,AC-0218,EV-006;EV-003;EV-001;EV-011;EV-012,ERR-PKG-001;ERR-GEO-001;ERR-GEO-002;ERR-OFF-001;ERR-OFF-002;ERR-EVD-001;ERR-EVD-002;ERR-SUB-001;ERR-SUB-002,Inspection Project.xlsx | Inspection excution-Start jou | row 106
MVP1-M04-106,Physical Inspection Execution,Compare Before / After Values,MVP1 Mandatory,P07,SB08 Physical Inspection Execution Workspace,SB08,iPad / Inspector Workspace,SCR-IPAD-630,Start Allowed->In Progress->Ready for Validation,STM-INS-001,Review values. -> Display Source Value vs Observed Value side by side.,AC-0219,EV-006;EV-003;EV-001;EV-011;EV-012,ERR-PKG-001;ERR-GEO-001;ERR-GEO-002;ERR-OFF-001;ERR-OFF-002;ERR-EVD-001;ERR-EVD-002;ERR-SUB-001;ERR-SUB-002,Inspection Project.xlsx | Inspection excution-Start jou | row 107
MVP1-M04-107,Physical Inspection Execution,Highlight Updated Fields,MVP1 Mandatory,P07,SB08 Physical Inspection Execution Workspace,SB08,iPad / Inspector Workspace,SCR-IPAD-630,Start Allowed->In Progress->Ready for Validation,STM-INS-001,Review highlights. -> Highlight every updated field.,AC-0220,EV-006;EV-003;EV-001;EV-011;EV-012,ERR-PKG-001;ERR-GEO-001;ERR-GEO-002;ERR-OFF-001;ERR-OFF-002;ERR-EVD-001;ERR-EVD-002;ERR-SUB-001;ERR-SUB-002,Inspection Project.xlsx | Inspection excution-Start jou | row 108
MVP1-M04-108,Physical Inspection Execution,Attach Evidence to Factory Data,MVP1 Mandatory,P08,"SB08 Execution Workspace; SB15 Evidence, Violations, Penalties and Action Forms",SB08/SB15,iPad / Inspector Workspace,SCR-IPAD-640;SCR-IPAD-650,Observation->Evidence Linked->Finding->Violation/Action,(P08 evidence chain; ENG-07/ENG-08 governed),"Upload Photo, Video, Document or Comment. -> Associate evidence with the specific updated field.",AC-0221,EV-007;EV-003;EV-001;EV-011;EV-012,ERR-PKG-001;ERR-GEO-001;ERR-GEO-002;ERR-OFF-001;ERR-OFF-002;ERR-EVD-001;ERR-EVD-002;ERR-SUB-001;ERR-SUB-002,Inspection Project.xlsx | Inspection excution-Start jou | row 109
MVP1-M04-109,Physical Inspection Execution,Annotate Evidence,MVP1 Mandatory,P08,"SB08 Execution Workspace; SB15 Evidence, Violations, Penalties and Action Forms",SB08/SB15,iPad / Inspector Workspace,SCR-IPAD-640;SCR-IPAD-650,Observation->Evidence Linked->Finding->Violation/Action,(P08 evidence chain; ENG-07/ENG-08 governed),Draw annotations. -> Save annotated image together with the original file.,AC-0222,EV-007;EV-003;EV-001;EV-011;EV-012,ERR-PKG-001;ERR-GEO-001;ERR-GEO-002;ERR-OFF-001;ERR-OFF-002;ERR-EVD-001;ERR-EVD-002;ERR-SUB-001;ERR-SUB-002,Inspection Project.xlsx | Inspection excution-Start jou | row 110
MVP1-M04-110,Physical Inspection Execution,Maintain Change Counter,MVP1 Mandatory,P07,SB08 Physical Inspection Execution Workspace,SB08,iPad / Inspector Workspace,SCR-IPAD-630,Start Allowed->In Progress->Ready for Validation,STM-INS-001,Review change counter. -> Count all updated factory fields.,AC-0223,EV-006;EV-003;EV-001;EV-011;EV-012,ERR-PKG-001;ERR-GEO-001;ERR-GEO-002;ERR-OFF-001;ERR-OFF-002;ERR-EVD-001;ERR-EVD-002;ERR-SUB-001;ERR-SUB-002,Inspection Project.xlsx | Inspection excution-Start jou | row 111
MVP1-M04-111,Physical Inspection Execution,Review Factory Changes,MVP1 Mandatory,P07,SB08 Physical Inspection Execution Workspace,SB08,iPad / Inspector Workspace,SCR-IPAD-630,Start Allowed->In Progress->Ready for Validation,STM-INS-001,"Review changes. -> Display every updated field with Source Value, Observed Value and attached evidence.",AC-0224,EV-006;EV-003;EV-001;EV-011;EV-012,ERR-PKG-001;ERR-GEO-001;ERR-GEO-002;ERR-OFF-001;ERR-OFF-002;ERR-EVD-001;ERR-EVD-002;ERR-SUB-001;ERR-SUB-002,Inspection Project.xlsx | Inspection excution-Start jou | row 112
MVP1-M04-112,Physical Inspection Execution,Preserve Source Integrity,MVP1 Mandatory,P07,SB08 Physical Inspection Execution Workspace,SB08,iPad / Inspector Workspace,SCR-IPAD-630,Start Allowed->In Progress->Ready for Validation,STM-INS-001,None -> Prevent any direct update to Senaei during inspection.,AC-0225,EV-006;EV-003;EV-001;EV-011;EV-012,ERR-PKG-001;ERR-GEO-001;ERR-GEO-002;ERR-OFF-001;ERR-OFF-002;ERR-EVD-001;ERR-EVD-002;ERR-SUB-001;ERR-SUB-002,Inspection Project.xlsx | Inspection excution-Start jou | row 113
MVP1-M04-113,Physical Inspection Execution,Generate Verification Audit,MVP1 Mandatory,P07,SB08 Physical Inspection Execution Workspace,SB08,iPad / Inspector Workspace,SCR-IPAD-630,Start Allowed->In Progress->Ready for Validation,STM-INS-001,"None -> Log Verified, Updated, Evidence Added, Comments Added and Before/After values.",AC-0226,EV-006;EV-003;EV-001;EV-011;EV-012,ERR-PKG-001;ERR-GEO-001;ERR-GEO-002;ERR-OFF-001;ERR-OFF-002;ERR-EVD-001;ERR-EVD-002;ERR-SUB-001;ERR-SUB-002,Inspection Project.xlsx | Inspection excution-Start jou | row 114
MVP1-M04-114,Physical Inspection Execution,Handle Verification Errors,MVP1 Mandatory,P07,SB08 Physical Inspection Execution Workspace,SB08,iPad / Inspector Workspace,SCR-IPAD-630,Start Allowed->In Progress->Ready for Validation,STM-INS-001,"Retry. -> Handle synchronization failures, invalid observations and evidence failures without losing entered data.",AC-0227,EV-006;EV-003;EV-001;EV-011;EV-012,ERR-PKG-001;ERR-GEO-001;ERR-GEO-002;ERR-OFF-001;ERR-OFF-002;ERR-EVD-001;ERR-EVD-002;ERR-SUB-001;ERR-SUB-002,Inspection Project.xlsx | Inspection excution-Start jou | row 115
MVP1-M04-115,Physical Inspection Execution,Load Inspection Report,MVP1 Mandatory,P07,SB08 Physical Inspection Execution Workspace,SB08,iPad / Inspector Workspace,SCR-IPAD-630,Start Allowed->In Progress->Ready for Validation,STM-INS-001,Open Report Step. -> Retrieve the report definition selected during Visit Preparation from the Dynamic Form Builder and render the latest locked version included in the inspection package.,AC-0228,EV-006;EV-003;EV-001;EV-011;EV-012,ERR-PKG-001;ERR-GEO-001;ERR-GEO-002;ERR-OFF-001;ERR-OFF-002;ERR-EVD-001;ERR-EVD-002;ERR-SUB-001;ERR-SUB-002,Inspection Project.xlsx | Inspection excution-Start jou | row 116
MVP1-M04-116,Physical Inspection Execution,Load Report Metadata,MVP1 Mandatory,P07,SB08 Physical Inspection Execution Workspace,SB08,iPad / Inspector Workspace,SCR-IPAD-630,Start Allowed->In Progress->Ready for Validation,STM-INS-001,"Review report details. -> Display Report Name, Version, Description, Inspection Type and Last Updated Date.",AC-0229,EV-006;EV-003;EV-001;EV-011;EV-012,ERR-PKG-001;ERR-GEO-001;ERR-GEO-002;ERR-OFF-001;ERR-OFF-002;ERR-EVD-001;ERR-EVD-002;ERR-SUB-001;ERR-SUB-002,Inspection Project.xlsx | Inspection excution-Start jou | row 117
MVP1-M04-117,Physical Inspection Execution,Render Report Sections,MVP1 Mandatory,P07,SB08 Physical Inspection Execution Workspace,SB08,iPad / Inspector Workspace,SCR-IPAD-630,Start Allowed->In Progress->Ready for Validation,STM-INS-001,Navigate between sections. -> Render report sections exactly as configured in the Form Builder.,AC-0230,EV-006;EV-003;EV-001;EV-011;EV-012,ERR-PKG-001;ERR-GEO-001;ERR-GEO-002;ERR-OFF-001;ERR-OFF-002;ERR-EVD-001;ERR-EVD-002;ERR-SUB-001;ERR-SUB-002,Inspection Project.xlsx | Inspection excution-Start jou | row 118
MVP1-M04-118,Physical Inspection Execution,Render Dynamic Fields,MVP1 Mandatory,P07,SB08 Physical Inspection Execution Workspace,SB08,iPad / Inspector Workspace,SCR-IPAD-630,Start Allowed->In Progress->Ready for Validation,STM-INS-001,"Fill field values. -> Render all configured field types including text, number, date, lookup, checkbox, radio button, attachment, image, signature and custom controls.",AC-0231,EV-006;EV-003;EV-001;EV-011;EV-012,ERR-PKG-001;ERR-GEO-001;ERR-GEO-002;ERR-OFF-001;ERR-OFF-002;ERR-EVD-001;ERR-EVD-002;ERR-SUB-001;ERR-SUB-002,Inspection Project.xlsx | Inspection excution-Start jou | row 119
MVP1-M04-119,Physical Inspection Execution,Apply Field Visibility Rules,MVP1 Mandatory,P07,SB08 Physical Inspection Execution Workspace,SB08,iPad / Inspector Workspace,SCR-IPAD-630,Start Allowed->In Progress->Ready for Validation,STM-INS-001,Complete report. -> Evaluate conditional visibility rules configured in the Form Builder.,AC-0232,EV-006;EV-003;EV-001;EV-011;EV-012,ERR-PKG-001;ERR-GEO-001;ERR-GEO-002;ERR-OFF-001;ERR-OFF-002;ERR-EVD-001;ERR-EVD-002;ERR-SUB-001;ERR-SUB-002,Inspection Project.xlsx | Inspection excution-Start jou | row 120
MVP1-M04-120,Physical Inspection Execution,Apply Mandatory Rules,MVP1 Mandatory,P07,SB08 Physical Inspection Execution Workspace,SB08,iPad / Inspector Workspace,SCR-IPAD-630,Start Allowed->In Progress->Ready for Validation,STM-INS-001,Complete mandatory fields. -> Validate mandatory fields according to Form Builder configuration.,AC-0233,EV-006;EV-003;EV-001;EV-011;EV-012,ERR-PKG-001;ERR-GEO-001;ERR-GEO-002;ERR-OFF-001;ERR-OFF-002;ERR-EVD-001;ERR-EVD-002;ERR-SUB-001;ERR-SUB-002,Inspection Project.xlsx | Inspection excution-Start jou | row 121
MVP1-M04-121,Physical Inspection Execution,Apply Conditional Validation,MVP1 Mandatory,P07,SB08 Physical Inspection Execution Workspace,SB08,iPad / Inspector Workspace,SCR-IPAD-630,Start Allowed->In Progress->Ready for Validation,STM-INS-001,"Enter values. -> Execute conditional validations, value ranges, dependencies and custom validation rules configured in the Form Builder.",AC-0234,EV-006;EV-003;EV-001;EV-011;EV-012,ERR-PKG-001;ERR-GEO-001;ERR-GEO-002;ERR-OFF-001;ERR-OFF-002;ERR-EVD-001;ERR-EVD-002;ERR-SUB-001;ERR-SUB-002,Inspection Project.xlsx | Inspection excution-Start jou | row 122
MVP1-M04-122,Physical Inspection Execution,Capture Report Responses,MVP1 Mandatory,P07,SB08 Physical Inspection Execution Workspace,SB08,iPad / Inspector Workspace,SCR-IPAD-630,Start Allowed->In Progress->Ready for Validation,STM-INS-001,Enter values. -> Store responses continuously as part of the active inspection session.,AC-0235,EV-006;EV-003;EV-001;EV-011;EV-012,ERR-PKG-001;ERR-GEO-001;ERR-GEO-002;ERR-OFF-001;ERR-OFF-002;ERR-EVD-001;ERR-EVD-002;ERR-SUB-001;ERR-SUB-002,Inspection Project.xlsx | Inspection excution-Start jou | row 123
MVP1-M04-123,Physical Inspection Execution,Attach Evidence to Report Fields,MVP1 Mandatory,P08,"SB08 Execution Workspace; SB15 Evidence, Violations, Penalties and Action Forms",SB08/SB15,iPad / Inspector Workspace,SCR-IPAD-640;SCR-IPAD-650,Observation->Evidence Linked->Finding->Violation/Action,(P08 evidence chain; ENG-07/ENG-08 governed),"Upload Photo, Video, Document or Comment. -> Link uploaded evidence to the corresponding report field.",AC-0236,EV-007;EV-003;EV-001;EV-011;EV-012,ERR-PKG-001;ERR-GEO-001;ERR-GEO-002;ERR-OFF-001;ERR-OFF-002;ERR-EVD-001;ERR-EVD-002;ERR-SUB-001;ERR-SUB-002,Inspection Project.xlsx | Inspection excution-Start jou | row 124
MVP1-M04-124,Physical Inspection Execution,Annotate Report Evidence,MVP1 Mandatory,P08,"SB08 Execution Workspace; SB15 Evidence, Violations, Penalties and Action Forms",SB08/SB15,iPad / Inspector Workspace,SCR-IPAD-640;SCR-IPAD-650,Observation->Evidence Linked->Finding->Violation/Action,(P08 evidence chain; ENG-07/ENG-08 governed),Annotate image. -> Store annotated version while preserving the original file.,AC-0237,EV-007;EV-003;EV-001;EV-011;EV-012,ERR-PKG-001;ERR-GEO-001;ERR-GEO-002;ERR-OFF-001;ERR-OFF-002;ERR-EVD-001;ERR-EVD-002;ERR-SUB-001;ERR-SUB-002,Inspection Project.xlsx | Inspection excution-Start jou | row 125
MVP1-M04-125,Physical Inspection Execution,Save Draft Report,MVP1 Mandatory,P07,SB08 Physical Inspection Execution Workspace,SB08,iPad / Inspector Workspace,SCR-IPAD-630,Start Allowed->In Progress->Ready for Validation,STM-INS-001,"Save Draft. -> Save current responses, uploaded evidence and completed sections.",AC-0238,EV-006;EV-003;EV-001;EV-011;EV-012,ERR-PKG-001;ERR-GEO-001;ERR-GEO-002;ERR-OFF-001;ERR-OFF-002;ERR-EVD-001;ERR-EVD-002;ERR-SUB-001;ERR-SUB-002,Inspection Project.xlsx | Inspection excution-Start jou | row 126
MVP1-M04-126,Physical Inspection Execution,Auto Save Report,MVP1 Mandatory,P07,SB08 Physical Inspection Execution Workspace,SB08,iPad / Inspector Workspace,SCR-IPAD-630,Start Allowed->In Progress->Ready for Validation,STM-INS-001,Continue working. -> Automatically save report after configurable intervals and significant changes.,AC-0239,EV-006;EV-003;EV-001;EV-011;EV-012,ERR-PKG-001;ERR-GEO-001;ERR-GEO-002;ERR-OFF-001;ERR-OFF-002;ERR-EVD-001;ERR-EVD-002;ERR-SUB-001;ERR-SUB-002,Inspection Project.xlsx | Inspection excution-Start jou | row 127
MVP1-M04-127,Physical Inspection Execution,Calculate Report Completion,MVP1 Mandatory,P07,SB08 Physical Inspection Execution Workspace,SB08,iPad / Inspector Workspace,SCR-IPAD-630,Start Allowed->In Progress->Ready for Validation,STM-INS-001,Complete report. -> Calculate completed vs pending report fields and update overall wizard progress.,AC-0240,EV-006;EV-003;EV-001;EV-011;EV-012,ERR-PKG-001;ERR-GEO-001;ERR-GEO-002;ERR-OFF-001;ERR-OFF-002;ERR-EVD-001;ERR-EVD-002;ERR-SUB-001;ERR-SUB-002,Inspection Project.xlsx | Inspection excution-Start jou | row 128
MVP1-M04-128,Physical Inspection Execution,Review Report Summary,MVP1 Mandatory,P07,SB08 Physical Inspection Execution Workspace,SB08,iPad / Inspector Workspace,SCR-IPAD-630,Start Allowed->In Progress->Ready for Validation,STM-INS-001,"Review summary. -> Display completed sections, pending fields and attached evidence summary.",AC-0241,EV-006;EV-003;EV-001;EV-011;EV-012,ERR-PKG-001;ERR-GEO-001;ERR-GEO-002;ERR-OFF-001;ERR-OFF-002;ERR-EVD-001;ERR-EVD-002;ERR-SUB-001;ERR-SUB-002,Inspection Project.xlsx | Inspection excution-Start jou | row 129
MVP1-M04-129,Physical Inspection Execution,Lock Report After Submission,MVP1 Mandatory,P09,"SB16 Inspection Submission, Locking, Version Creation and Handoff",SB16,iPad / Inspector Workspace,SCR-IPAD-660,Ready for Validation->Validated->Submitted->Locked,STM-INS-002;STM-SYNC-001;STM-SYNC-002,View Report. -> Render report in read-only mode after submission.,AC-0242,EV-006;EV-007;EV-003;EV-001;EV-011;EV-012,ERR-PKG-001;ERR-GEO-001;ERR-GEO-002;ERR-OFF-001;ERR-OFF-002;ERR-EVD-001;ERR-EVD-002;ERR-SUB-001;ERR-SUB-002,Inspection Project.xlsx | Inspection excution-Start jou | row 130
MVP1-M04-130,Physical Inspection Execution,Generate Report Audit Events,MVP1 Mandatory,P07,SB08 Physical Inspection Execution Workspace,SB08,iPad / Inspector Workspace,SCR-IPAD-630,Start Allowed->In Progress->Ready for Validation,STM-INS-001,"None -> Record report opened, section completed, field updated, evidence uploaded, draft saved, resumed and completed events.",AC-0243,EV-006;EV-003;EV-001;EV-011;EV-012,ERR-PKG-001;ERR-GEO-001;ERR-GEO-002;ERR-OFF-001;ERR-OFF-002;ERR-EVD-001;ERR-EVD-002;ERR-SUB-001;ERR-SUB-002,Inspection Project.xlsx | Inspection excution-Start jou | row 131
MVP1-M04-131,Physical Inspection Execution,Handle Report Errors,MVP1 Mandatory,P07,SB08 Physical Inspection Execution Workspace,SB08,iPad / Inspector Workspace,SCR-IPAD-630,Start Allowed->In Progress->Ready for Validation,STM-INS-001,"Retry. -> Handle rendering failures, validation failures, save failures and evidence upload failures while preserving entered information.",AC-0244,EV-006;EV-003;EV-001;EV-011;EV-012,ERR-PKG-001;ERR-GEO-001;ERR-GEO-002;ERR-OFF-001;ERR-OFF-002;ERR-EVD-001;ERR-EVD-002;ERR-SUB-001;ERR-SUB-002,Inspection Project.xlsx | Inspection excution-Start jou | row 132
MVP1-M04-132,Physical Inspection Execution,Load Inspection Checklist,MVP1 Mandatory,P07,SB08 Physical Inspection Execution Workspace,SB08,iPad / Inspector Workspace,SCR-IPAD-630,Start Allowed->In Progress->Ready for Validation,STM-INS-001,Open Checklist Step. -> Load all configured inspection items from Compliance Configuration according to the selected Report Type.,AC-0245,EV-006;EV-003;EV-001;EV-011;EV-012,ERR-PKG-001;ERR-GEO-001;ERR-GEO-002;ERR-OFF-001;ERR-OFF-002;ERR-EVD-001;ERR-EVD-002;ERR-SUB-001;ERR-SUB-002,Inspection Project.xlsx | Inspection excution-Start jou | row 133
MVP1-M04-133,Physical Inspection Execution,Load Inspection Categories,MVP1 Mandatory,P07,SB08 Physical Inspection Execution Workspace,SB08,iPad / Inspector Workspace,SCR-IPAD-630,Start Allowed->In Progress->Ready for Validation,STM-INS-001,Expand / Collapse Categories. -> Display checklist grouped by configured categories and subcategories.,AC-0246,EV-006;EV-003;EV-001;EV-011;EV-012,ERR-PKG-001;ERR-GEO-001;ERR-GEO-002;ERR-OFF-001;ERR-OFF-002;ERR-EVD-001;ERR-EVD-002;ERR-SUB-001;ERR-SUB-002,Inspection Project.xlsx | Inspection excution-Start jou | row 134
MVP1-M04-134,Physical Inspection Execution,Load Required Inspection Items,MVP1 Mandatory,P07,SB08 Physical Inspection Execution Workspace,SB08,iPad / Inspector Workspace,SCR-IPAD-630,Start Allowed->In Progress->Ready for Validation,STM-INS-001,Answer Item. -> Mark configured mandatory items.,AC-0247,EV-006;EV-003;EV-001;EV-011;EV-012,ERR-PKG-001;ERR-GEO-001;ERR-GEO-002;ERR-OFF-001;ERR-OFF-002;ERR-EVD-001;ERR-EVD-002;ERR-SUB-001;ERR-SUB-002,Inspection Project.xlsx | Inspection excution-Start jou | row 135
MVP1-M04-135,Physical Inspection Execution,Load Optional Inspection Items,MVP1 Mandatory,P07,SB08 Physical Inspection Execution Workspace,SB08,iPad / Inspector Workspace,SCR-IPAD-630,Start Allowed->In Progress->Ready for Validation,STM-INS-001,Answer or Skip. -> Display optional items.,AC-0248,EV-006;EV-003;EV-001;EV-011;EV-012,ERR-PKG-001;ERR-GEO-001;ERR-GEO-002;ERR-OFF-001;ERR-OFF-002;ERR-EVD-001;ERR-EVD-002;ERR-SUB-001;ERR-SUB-002,Inspection Project.xlsx | Inspection excution-Start jou | row 136
MVP1-M04-136,Physical Inspection Execution,Load Previous Inspection Answers,MVP1 Mandatory,P07,SB08 Physical Inspection Execution Workspace,SB08,iPad / Inspector Workspace,SCR-IPAD-630,Start Allowed->In Progress->Ready for Validation,STM-INS-001,Review previous answer. -> Load latest approved answer from previous inspections for comparison.,AC-0249,EV-006;EV-003;EV-001;EV-011;EV-012,ERR-PKG-001;ERR-GEO-001;ERR-GEO-002;ERR-OFF-001;ERR-OFF-002;ERR-EVD-001;ERR-EVD-002;ERR-SUB-001;ERR-SUB-002,Inspection Project.xlsx | Inspection excution-Start jou | row 137
MVP1-M04-137,Physical Inspection Execution,Load Previous Evidence,MVP1 Mandatory,P08,"SB08 Execution Workspace; SB15 Evidence, Violations, Penalties and Action Forms",SB08/SB15,iPad / Inspector Workspace,SCR-IPAD-640;SCR-IPAD-650,Observation->Evidence Linked->Finding->Violation/Action,(P08 evidence chain; ENG-07/ENG-08 governed),Review evidence. -> Load previous inspection photos and attachments.,AC-0250,EV-007;EV-003;EV-001;EV-011;EV-012,ERR-PKG-001;ERR-GEO-001;ERR-GEO-002;ERR-OFF-001;ERR-OFF-002;ERR-EVD-001;ERR-EVD-002;ERR-SUB-001;ERR-SUB-002,Inspection Project.xlsx | Inspection excution-Start jou | row 138
MVP1-M04-138,Physical Inspection Execution,Display Inspection Item Details,MVP1 Mandatory,P07,SB08 Physical Inspection Execution Workspace,SB08,iPad / Inspector Workspace,SCR-IPAD-630,Start Allowed->In Progress->Ready for Validation,STM-INS-001,"Review item. -> Display Item Name, Description, Regulation Reference, Evidence Requirements, Guidance Notes and Response Type.",AC-0251,EV-006;EV-003;EV-001;EV-011;EV-012,ERR-PKG-001;ERR-GEO-001;ERR-GEO-002;ERR-OFF-001;ERR-OFF-002;ERR-EVD-001;ERR-EVD-002;ERR-SUB-001;ERR-SUB-002,Inspection Project.xlsx | Inspection excution-Start jou | row 139
MVP1-M04-139,Physical Inspection Execution,Capture Inspection Response,MVP1 Mandatory,P07,SB08 Physical Inspection Execution Workspace,SB08,iPad / Inspector Workspace,SCR-IPAD-630,Start Allowed->In Progress->Ready for Validation,STM-INS-001,Select response. -> Save selected response for the inspection item.,AC-0252,EV-006;EV-003;EV-001;EV-011;EV-012,ERR-PKG-001;ERR-GEO-001;ERR-GEO-002;ERR-OFF-001;ERR-OFF-002;ERR-EVD-001;ERR-EVD-002;ERR-SUB-001;ERR-SUB-002,Inspection Project.xlsx | Inspection excution-Start jou | row 140
MVP1-M04-140,Physical Inspection Execution,Apply Response Validation,MVP1 Mandatory,P07,SB08 Physical Inspection Execution Workspace,SB08,iPad / Inspector Workspace,SCR-IPAD-630,Start Allowed->In Progress->Ready for Validation,STM-INS-001,Complete response. -> Validate response according to configured response type and business rules.,AC-0253,EV-006;EV-003;EV-001;EV-011;EV-012,ERR-PKG-001;ERR-GEO-001;ERR-GEO-002;ERR-OFF-001;ERR-OFF-002;ERR-EVD-001;ERR-EVD-002;ERR-SUB-001;ERR-SUB-002,Inspection Project.xlsx | Inspection excution-Start jou | row 141
MVP1-M04-141,Physical Inspection Execution,Evaluate Compliance Result,MVP1 Mandatory,P07,SB08 Physical Inspection Execution Workspace,SB08,iPad / Inspector Workspace,SCR-IPAD-630,Start Allowed->In Progress->Ready for Validation,STM-INS-001,None -> Evaluate whether response is Compliant or Non-Compliant based on configured rules.,AC-0254,EV-006;EV-003;EV-001;EV-011;EV-012,ERR-PKG-001;ERR-GEO-001;ERR-GEO-002;ERR-OFF-001;ERR-OFF-002;ERR-EVD-001;ERR-EVD-002;ERR-SUB-001;ERR-SUB-002,Inspection Project.xlsx | Inspection excution-Start jou | row 142
MVP1-M04-142,Physical Inspection Execution,Generate Violation,MVP1 Mandatory,P08,"SB08 Execution Workspace; SB15 Evidence, Violations, Penalties and Action Forms",SB08/SB15,iPad / Inspector Workspace,SCR-IPAD-640;SCR-IPAD-650,Observation->Evidence Linked->Finding->Violation/Action,(P08 evidence chain; ENG-07/ENG-08 governed),None -> Retrieve linked violation from Compliance Configuration.,AC-0255,EV-007;EV-003;EV-001;EV-011;EV-012,ERR-PKG-001;ERR-GEO-001;ERR-GEO-002;ERR-OFF-001;ERR-OFF-002;ERR-EVD-001;ERR-EVD-002;ERR-SUB-001;ERR-SUB-002,Inspection Project.xlsx | Inspection excution-Start jou | row 143
MVP1-M04-143,Physical Inspection Execution,Display Penalty,MVP1 Mandatory,P08,"SB08 Execution Workspace; SB15 Evidence, Violations, Penalties and Action Forms",SB08/SB15,iPad / Inspector Workspace,SCR-IPAD-640;SCR-IPAD-650,Observation->Evidence Linked->Finding->Violation/Action,(P08 evidence chain; ENG-07/ENG-08 governed),Review penalty. -> Display configured penalty linked to the generated violation.,AC-0256,EV-007;EV-003;EV-001;EV-011;EV-012,ERR-PKG-001;ERR-GEO-001;ERR-GEO-002;ERR-OFF-001;ERR-OFF-002;ERR-EVD-001;ERR-EVD-002;ERR-SUB-001;ERR-SUB-002,Inspection Project.xlsx | Inspection excution-Start jou | row 144
MVP1-M04-144,Physical Inspection Execution,Display Corrective Action,MVP1 Mandatory,P07,SB08 Physical Inspection Execution Workspace,SB08,iPad / Inspector Workspace,SCR-IPAD-630,Start Allowed->In Progress->Ready for Validation,STM-INS-001,Review corrective action. -> Display configured corrective action associated with the generated violation.,AC-0257,EV-006;EV-003;EV-001;EV-011;EV-012,ERR-PKG-001;ERR-GEO-001;ERR-GEO-002;ERR-OFF-001;ERR-OFF-002;ERR-EVD-001;ERR-EVD-002;ERR-SUB-001;ERR-SUB-002,Inspection Project.xlsx | Inspection excution-Start jou | row 145
MVP1-M04-145,Physical Inspection Execution,Capture Inspector Comments,MVP1 Mandatory,P07,SB08 Physical Inspection Execution Workspace,SB08,iPad / Inspector Workspace,SCR-IPAD-630,Start Allowed->In Progress->Ready for Validation,STM-INS-001,Enter comments. -> Save inspector comments linked to the inspection item.,AC-0258,EV-006;EV-003;EV-001;EV-011;EV-012,ERR-PKG-001;ERR-GEO-001;ERR-GEO-002;ERR-OFF-001;ERR-OFF-002;ERR-EVD-001;ERR-EVD-002;ERR-SUB-001;ERR-SUB-002,Inspection Project.xlsx | Inspection excution-Start jou | row 146
MVP1-M04-146,Physical Inspection Execution,Attach Evidence to Inspection Item,MVP1 Mandatory,P08,"SB08 Execution Workspace; SB15 Evidence, Violations, Penalties and Action Forms",SB08/SB15,iPad / Inspector Workspace,SCR-IPAD-640;SCR-IPAD-650,Observation->Evidence Linked->Finding->Violation/Action,(P08 evidence chain; ENG-07/ENG-08 governed),"Upload Photo, Video, Document or Comment. -> Link uploaded evidence to the inspection item.",AC-0259,EV-007;EV-003;EV-001;EV-011;EV-012,ERR-PKG-001;ERR-GEO-001;ERR-GEO-002;ERR-OFF-001;ERR-OFF-002;ERR-EVD-001;ERR-EVD-002;ERR-SUB-001;ERR-SUB-002,Inspection Project.xlsx | Inspection excution-Start jou | row 147
MVP1-M04-147,Physical Inspection Execution,Annotate Inspection Evidence,MVP1 Mandatory,P08,"SB08 Execution Workspace; SB15 Evidence, Violations, Penalties and Action Forms",SB08/SB15,iPad / Inspector Workspace,SCR-IPAD-640;SCR-IPAD-650,Observation->Evidence Linked->Finding->Violation/Action,(P08 evidence chain; ENG-07/ENG-08 governed),Annotate image. -> Save annotation while preserving original media.,AC-0260,EV-007;EV-003;EV-001;EV-011;EV-012,ERR-PKG-001;ERR-GEO-001;ERR-GEO-002;ERR-OFF-001;ERR-OFF-002;ERR-EVD-001;ERR-EVD-002;ERR-SUB-001;ERR-SUB-002,Inspection Project.xlsx | Inspection excution-Start jou | row 148
MVP1-M04-148,Physical Inspection Execution,Track Checklist Progress,MVP1 Mandatory,P07,SB08 Physical Inspection Execution Workspace,SB08,iPad / Inspector Workspace,SCR-IPAD-630,Start Allowed->In Progress->Ready for Validation,STM-INS-001,View progress. -> Calculate completed items versus remaining items.,AC-0261,EV-006;EV-003;EV-001;EV-011;EV-012,ERR-PKG-001;ERR-GEO-001;ERR-GEO-002;ERR-OFF-001;ERR-OFF-002;ERR-EVD-001;ERR-EVD-002;ERR-SUB-001;ERR-SUB-002,Inspection Project.xlsx | Inspection excution-Start jou | row 149
MVP1-M04-149,Physical Inspection Execution,Review Checklist Summary,MVP1 Mandatory,P07,SB08 Physical Inspection Execution Workspace,SB08,iPad / Inspector Workspace,SCR-IPAD-630,Start Allowed->In Progress->Ready for Validation,STM-INS-001,"Review summary. -> Display total answered items, pending items, compliant items, non-compliant items, violations and evidence count.",AC-0262,EV-006;EV-003;EV-001;EV-011;EV-012,ERR-PKG-001;ERR-GEO-001;ERR-GEO-002;ERR-OFF-001;ERR-OFF-002;ERR-EVD-001;ERR-EVD-002;ERR-SUB-001;ERR-SUB-002,Inspection Project.xlsx | Inspection excution-Start jou | row 150
MVP1-M04-150,Physical Inspection Execution,Save Checklist Draft,MVP1 Mandatory,P07,SB08 Physical Inspection Execution Workspace,SB08,iPad / Inspector Workspace,SCR-IPAD-630,Start Allowed->In Progress->Ready for Validation,STM-INS-001,"Save Draft. -> Save responses, comments and evidence.",AC-0263,EV-006;EV-003;EV-001;EV-011;EV-012,ERR-PKG-001;ERR-GEO-001;ERR-GEO-002;ERR-OFF-001;ERR-OFF-002;ERR-EVD-001;ERR-EVD-002;ERR-SUB-001;ERR-SUB-002,Inspection Project.xlsx | Inspection excution-Start jou | row 151
MVP1-M04-151,Physical Inspection Execution,Lock Checklist After Submission,MVP1 Mandatory,P09,"SB16 Inspection Submission, Locking, Version Creation and Handoff",SB16,iPad / Inspector Workspace,SCR-IPAD-660,Ready for Validation->Validated->Submitted->Locked,STM-INS-002;STM-SYNC-001;STM-SYNC-002,View checklist. -> Render checklist in read-only mode after submission.,AC-0264,EV-006;EV-007;EV-003;EV-001;EV-011;EV-012,ERR-PKG-001;ERR-GEO-001;ERR-GEO-002;ERR-OFF-001;ERR-OFF-002;ERR-EVD-001;ERR-EVD-002;ERR-SUB-001;ERR-SUB-002,Inspection Project.xlsx | Inspection excution-Start jou | row 152
MVP1-M04-152,Physical Inspection Execution,Generate Checklist Audit Events,MVP1 Mandatory,P07,SB08 Physical Inspection Execution Workspace,SB08,iPad / Inspector Workspace,SCR-IPAD-630,Start Allowed->In Progress->Ready for Validation,STM-INS-001,"None -> Record item opened, answer changed, violation generated, evidence uploaded, comments added, draft saved and completed events.",AC-0265,EV-006;EV-003;EV-001;EV-011;EV-012,ERR-PKG-001;ERR-GEO-001;ERR-GEO-002;ERR-OFF-001;ERR-OFF-002;ERR-EVD-001;ERR-EVD-002;ERR-SUB-001;ERR-SUB-002,Inspection Project.xlsx | Inspection excution-Start jou | row 153
MVP1-M04-153,Physical Inspection Execution,Handle Checklist Errors,MVP1 Mandatory,P07,SB08 Physical Inspection Execution Workspace,SB08,iPad / Inspector Workspace,SCR-IPAD-630,Start Allowed->In Progress->Ready for Validation,STM-INS-001,"Retry. -> Handle validation failures, save failures, evidence upload failures and synchronization failures while preserving entered information.",AC-0266,EV-006;EV-003;EV-001;EV-011;EV-012,ERR-PKG-001;ERR-GEO-001;ERR-GEO-002;ERR-OFF-001;ERR-OFF-002;ERR-EVD-001;ERR-EVD-002;ERR-SUB-001;ERR-SUB-002,Inspection Project.xlsx | Inspection excution-Start jou | row 154
MVP1-M04-154,Physical Inspection Execution,Upload Evidence,MVP1 Mandatory,P08,"SB08 Execution Workspace; SB15 Evidence, Violations, Penalties and Action Forms",SB08/SB15,iPad / Inspector Workspace,SCR-IPAD-640;SCR-IPAD-650,Observation->Evidence Linked->Finding->Violation/Action,(P08 evidence chain; ENG-07/ENG-08 governed),"Upload Photo, Video or Document. -> Upload and associate evidence with the active inspection session.",AC-0267,EV-007;EV-003;EV-001;EV-011;EV-012,ERR-PKG-001;ERR-GEO-001;ERR-GEO-002;ERR-OFF-001;ERR-OFF-002;ERR-EVD-001;ERR-EVD-002;ERR-SUB-001;ERR-SUB-002,Inspection Project.xlsx | Inspection excution-Start jou | row 155
MVP1-M04-155,Physical Inspection Execution,Select Evidence Source,MVP1 Mandatory,P08,"SB08 Execution Workspace; SB15 Evidence, Violations, Penalties and Action Forms",SB08/SB15,iPad / Inspector Workspace,SCR-IPAD-640;SCR-IPAD-650,Observation->Evidence Linked->Finding->Violation/Action,(P08 evidence chain; ENG-07/ENG-08 governed),"Select Camera, Gallery or File. -> Display supported evidence sources.",AC-0268,EV-007;EV-003;EV-001;EV-011;EV-012,ERR-PKG-001;ERR-GEO-001;ERR-GEO-002;ERR-OFF-001;ERR-OFF-002;ERR-EVD-001;ERR-EVD-002;ERR-SUB-001;ERR-SUB-002,Inspection Project.xlsx | Inspection excution-Start jou | row 156
MVP1-M04-156,Physical Inspection Execution,Capture Photo,MVP1 Mandatory,P07,SB08 Physical Inspection Execution Workspace,SB08,iPad / Inspector Workspace,SCR-IPAD-630,Start Allowed->In Progress->Ready for Validation,STM-INS-001,Take Photo. -> Launch device camera and capture image.,AC-0269,EV-006;EV-003;EV-001;EV-011;EV-012,ERR-PKG-001;ERR-GEO-001;ERR-GEO-002;ERR-OFF-001;ERR-OFF-002;ERR-EVD-001;ERR-EVD-002;ERR-SUB-001;ERR-SUB-002,Inspection Project.xlsx | Inspection excution-Start jou | row 157
MVP1-M04-157,Physical Inspection Execution,Capture Video,MVP1 Mandatory,P07,SB08 Physical Inspection Execution Workspace,SB08,iPad / Inspector Workspace,SCR-IPAD-630,Start Allowed->In Progress->Ready for Validation,STM-INS-001,Record Video. -> Launch video recorder and capture video.,AC-0270,EV-006;EV-003;EV-001;EV-011;EV-012,ERR-PKG-001;ERR-GEO-001;ERR-GEO-002;ERR-OFF-001;ERR-OFF-002;ERR-EVD-001;ERR-EVD-002;ERR-SUB-001;ERR-SUB-002,Inspection Project.xlsx | Inspection excution-Start jou | row 158
MVP1-M04-158,Physical Inspection Execution,Upload Document,MVP1 Mandatory,P07,SB08 Physical Inspection Execution Workspace,SB08,iPad / Inspector Workspace,SCR-IPAD-630,Start Allowed->In Progress->Ready for Validation,STM-INS-001,Select Document. -> Upload supported document types.,AC-0271,EV-006;EV-003;EV-001;EV-011;EV-012,ERR-PKG-001;ERR-GEO-001;ERR-GEO-002;ERR-OFF-001;ERR-OFF-002;ERR-EVD-001;ERR-EVD-002;ERR-SUB-001;ERR-SUB-002,Inspection Project.xlsx | Inspection excution-Start jou | row 159
MVP1-M04-159,Physical Inspection Execution,Add Evidence Comment,MVP1 Mandatory,P08,"SB08 Execution Workspace; SB15 Evidence, Violations, Penalties and Action Forms",SB08/SB15,iPad / Inspector Workspace,SCR-IPAD-640;SCR-IPAD-650,Observation->Evidence Linked->Finding->Violation/Action,(P08 evidence chain; ENG-07/ENG-08 governed),Enter Comment. -> Store comment with evidence record.,AC-0272,EV-007;EV-003;EV-001;EV-011;EV-012,ERR-PKG-001;ERR-GEO-001;ERR-GEO-002;ERR-OFF-001;ERR-OFF-002;ERR-EVD-001;ERR-EVD-002;ERR-SUB-001;ERR-SUB-002,Inspection Project.xlsx | Inspection excution-Start jou | row 160
MVP1-M04-160,Physical Inspection Execution,Annotate Image,MVP1 Mandatory,P07,SB08 Physical Inspection Execution Workspace,SB08,iPad / Inspector Workspace,SCR-IPAD-630,Start Allowed->In Progress->Ready for Validation,STM-INS-001,Draw Annotation. -> Save annotation layer while preserving original image.,AC-0273,EV-006;EV-003;EV-001;EV-011;EV-012,ERR-PKG-001;ERR-GEO-001;ERR-GEO-002;ERR-OFF-001;ERR-OFF-002;ERR-EVD-001;ERR-EVD-002;ERR-SUB-001;ERR-SUB-002,Inspection Project.xlsx | Inspection excution-Start jou | row 161
MVP1-M04-161,Physical Inspection Execution,Link Evidence,MVP1 Mandatory,P08,"SB08 Execution Workspace; SB15 Evidence, Violations, Penalties and Action Forms",SB08/SB15,iPad / Inspector Workspace,SCR-IPAD-640;SCR-IPAD-650,Observation->Evidence Linked->Finding->Violation/Action,(P08 evidence chain; ENG-07/ENG-08 governed),"None -> Link evidence to Factory Information, Report Field, Inspection Item, Violation or Action Form.",AC-0274,EV-007;EV-003;EV-001;EV-011;EV-012,ERR-PKG-001;ERR-GEO-001;ERR-GEO-002;ERR-OFF-001;ERR-OFF-002;ERR-EVD-001;ERR-EVD-002;ERR-SUB-001;ERR-SUB-002,Inspection Project.xlsx | Inspection excution-Start jou | row 162
MVP1-M04-162,Physical Inspection Execution,Preview Evidence,MVP1 Mandatory,P08,"SB08 Execution Workspace; SB15 Evidence, Violations, Penalties and Action Forms",SB08/SB15,iPad / Inspector Workspace,SCR-IPAD-640;SCR-IPAD-650,Observation->Evidence Linked->Finding->Violation/Action,(P08 evidence chain; ENG-07/ENG-08 governed),Open Evidence. -> Display preview according to file type.,AC-0275,EV-007;EV-003;EV-001;EV-011;EV-012,ERR-PKG-001;ERR-GEO-001;ERR-GEO-002;ERR-OFF-001;ERR-OFF-002;ERR-EVD-001;ERR-EVD-002;ERR-SUB-001;ERR-SUB-002,Inspection Project.xlsx | Inspection excution-Start jou | row 163
MVP1-M04-163,Physical Inspection Execution,Replace Evidence,MVP1 Mandatory,P08,"SB08 Execution Workspace; SB15 Evidence, Violations, Penalties and Action Forms",SB08/SB15,iPad / Inspector Workspace,SCR-IPAD-640;SCR-IPAD-650,Observation->Evidence Linked->Finding->Violation/Action,(P08 evidence chain; ENG-07/ENG-08 governed),Replace File. -> Archive previous version and upload replacement.,AC-0276,EV-007;EV-003;EV-001;EV-011;EV-012,ERR-PKG-001;ERR-GEO-001;ERR-GEO-002;ERR-OFF-001;ERR-OFF-002;ERR-EVD-001;ERR-EVD-002;ERR-SUB-001;ERR-SUB-002,Inspection Project.xlsx | Inspection excution-Start jou | row 164
MVP1-M04-164,Physical Inspection Execution,Delete Evidence,MVP1 Mandatory,P08,"SB08 Execution Workspace; SB15 Evidence, Violations, Penalties and Action Forms",SB08/SB15,iPad / Inspector Workspace,SCR-IPAD-640;SCR-IPAD-650,Observation->Evidence Linked->Finding->Violation/Action,(P08 evidence chain; ENG-07/ENG-08 governed),Delete Evidence. -> Remove evidence from inspection package while recording audit event.,AC-0277,EV-007;EV-003;EV-001;EV-011;EV-012,ERR-PKG-001;ERR-GEO-001;ERR-GEO-002;ERR-OFF-001;ERR-OFF-002;ERR-EVD-001;ERR-EVD-002;ERR-SUB-001;ERR-SUB-002,Inspection Project.xlsx | Inspection excution-Start jou | row 165
MVP1-M04-165,Physical Inspection Execution,Validate Evidence,MVP1 Mandatory,P08,"SB08 Execution Workspace; SB15 Evidence, Violations, Penalties and Action Forms",SB08/SB15,iPad / Inspector Workspace,SCR-IPAD-640;SCR-IPAD-650,Observation->Evidence Linked->Finding->Violation/Action,(P08 evidence chain; ENG-07/ENG-08 governed),"None -> Validate mandatory evidence, file type, file size and supported formats.",AC-0278,EV-007;EV-003;EV-001;EV-011;EV-012,ERR-PKG-001;ERR-GEO-001;ERR-GEO-002;ERR-OFF-001;ERR-OFF-002;ERR-EVD-001;ERR-EVD-002;ERR-SUB-001;ERR-SUB-002,Inspection Project.xlsx | Inspection excution-Start jou | row 166
MVP1-M04-166,Physical Inspection Execution,Compress Media,MVP1 Mandatory,P07,SB08 Physical Inspection Execution Workspace,SB08,iPad / Inspector Workspace,SCR-IPAD-630,Start Allowed->In Progress->Ready for Validation,STM-INS-001,None -> Compress images and videos before synchronization without compromising required quality.,AC-0279,EV-006;EV-003;EV-001;EV-011;EV-012,ERR-PKG-001;ERR-GEO-001;ERR-GEO-002;ERR-OFF-001;ERR-OFF-002;ERR-EVD-001;ERR-EVD-002;ERR-SUB-001;ERR-SUB-002,Inspection Project.xlsx | Inspection excution-Start jou | row 167
MVP1-M04-167,Physical Inspection Execution,Offline Evidence Storage,MVP1 Mandatory,P08,"SB08 Execution Workspace; SB15 Evidence, Violations, Penalties and Action Forms",SB08/SB15,iPad / Inspector Workspace,SCR-IPAD-640;SCR-IPAD-650,Observation->Evidence Linked->Finding->Violation/Action,(P08 evidence chain; ENG-07/ENG-08 governed),Continue Upload. -> Store evidence securely on device until synchronization.,AC-0280,EV-007;EV-003;EV-001;EV-011;EV-012,ERR-PKG-001;ERR-GEO-001;ERR-GEO-002;ERR-OFF-001;ERR-OFF-002;ERR-EVD-001;ERR-EVD-002;ERR-SUB-001;ERR-SUB-002,Inspection Project.xlsx | Inspection excution-Start jou | row 168
MVP1-M04-168,Physical Inspection Execution,Synchronize Evidence,MVP1 Mandatory,P08,"SB08 Execution Workspace; SB15 Evidence, Violations, Penalties and Action Forms",SB08/SB15,iPad / Inspector Workspace,SCR-IPAD-640;SCR-IPAD-650,Observation->Evidence Linked->Finding->Violation/Action,(P08 evidence chain; ENG-07/ENG-08 governed),None -> Synchronize queued evidence while preserving relationships.,AC-0281,EV-007;EV-003;EV-001;EV-011;EV-012,ERR-PKG-001;ERR-GEO-001;ERR-GEO-002;ERR-OFF-001;ERR-OFF-002;ERR-EVD-001;ERR-EVD-002;ERR-SUB-001;ERR-SUB-002,Inspection Project.xlsx | Inspection excution-Start jou | row 169
MVP1-M04-169,Physical Inspection Execution,Generate Evidence Audit,MVP1 Mandatory,P08,"SB08 Execution Workspace; SB15 Evidence, Violations, Penalties and Action Forms",SB08/SB15,iPad / Inspector Workspace,SCR-IPAD-640;SCR-IPAD-650,Observation->Evidence Linked->Finding->Violation/Action,(P08 evidence chain; ENG-07/ENG-08 governed),"None -> Record upload, replace, delete, preview, annotation and synchronization events.",AC-0282,EV-007;EV-003;EV-001;EV-011;EV-012,ERR-PKG-001;ERR-GEO-001;ERR-GEO-002;ERR-OFF-001;ERR-OFF-002;ERR-EVD-001;ERR-EVD-002;ERR-SUB-001;ERR-SUB-002,Inspection Project.xlsx | Inspection excution-Start jou | row 170
MVP1-M04-170,Physical Inspection Execution,Handle Evidence Errors,MVP1 Mandatory,P08,"SB08 Execution Workspace; SB15 Evidence, Violations, Penalties and Action Forms",SB08/SB15,iPad / Inspector Workspace,SCR-IPAD-640;SCR-IPAD-650,Observation->Evidence Linked->Finding->Violation/Action,(P08 evidence chain; ENG-07/ENG-08 governed),"Retry Upload. -> Handle upload failures, synchronization failures, storage failures and unsupported formats without losing existing evidence.",AC-0283,EV-007;EV-003;EV-001;EV-011;EV-012,ERR-PKG-001;ERR-GEO-001;ERR-GEO-002;ERR-OFF-001;ERR-OFF-002;ERR-EVD-001;ERR-EVD-002;ERR-SUB-001;ERR-SUB-002,Inspection Project.xlsx | Inspection excution-Start jou | row 171
MVP1-M04-171,Physical Inspection Execution,Evaluate Action Form Triggers,MVP1 Mandatory,P08,"SB08 Execution Workspace; SB15 Evidence, Violations, Penalties and Action Forms",SB08/SB15,iPad / Inspector Workspace,SCR-IPAD-640;SCR-IPAD-650,Observation->Evidence Linked->Finding->Violation/Action,(P08 evidence chain; ENG-07/ENG-08 governed),None -> Evaluate configured trigger rules after each inspection response.,AC-0284,EV-007;EV-003;EV-001;EV-011;EV-012,ERR-PKG-001;ERR-GEO-001;ERR-GEO-002;ERR-OFF-001;ERR-OFF-002;ERR-EVD-001;ERR-EVD-002;ERR-SUB-001;ERR-SUB-002,Inspection Project.xlsx | Inspection excution-Start jou | row 172
MVP1-M04-172,Physical Inspection Execution,Generate Action Form,MVP1 Mandatory,P08,"SB08 Execution Workspace; SB15 Evidence, Violations, Penalties and Action Forms",SB08/SB15,iPad / Inspector Workspace,SCR-IPAD-640;SCR-IPAD-650,Observation->Evidence Linked->Finding->Violation/Action,(P08 evidence chain; ENG-07/ENG-08 governed),None -> Create Action Form from Dynamic Form Builder using configured template.,AC-0285,EV-007;EV-003;EV-001;EV-011;EV-012,ERR-PKG-001;ERR-GEO-001;ERR-GEO-002;ERR-OFF-001;ERR-OFF-002;ERR-EVD-001;ERR-EVD-002;ERR-SUB-001;ERR-SUB-002,Inspection Project.xlsx | Inspection excution-Start jou | row 173
MVP1-M04-173,Physical Inspection Execution,Assign Action Form Type,MVP1 Mandatory,P08,"SB08 Execution Workspace; SB15 Evidence, Violations, Penalties and Action Forms",SB08/SB15,iPad / Inspector Workspace,SCR-IPAD-640;SCR-IPAD-650,Observation->Evidence Linked->Finding->Violation/Action,(P08 evidence chain; ENG-07/ENG-08 governed),"None -> Assign configured form type (Corrective Action, Notice, Acknowledgment, Shutdown, etc.).",AC-0286,EV-007;EV-003;EV-001;EV-011;EV-012,ERR-PKG-001;ERR-GEO-001;ERR-GEO-002;ERR-OFF-001;ERR-OFF-002;ERR-EVD-001;ERR-EVD-002;ERR-SUB-001;ERR-SUB-002,Inspection Project.xlsx | Inspection excution-Start jou | row 174
MVP1-M04-174,Physical Inspection Execution,Load Action Form,MVP1 Mandatory,P08,"SB08 Execution Workspace; SB15 Evidence, Violations, Penalties and Action Forms",SB08/SB15,iPad / Inspector Workspace,SCR-IPAD-640;SCR-IPAD-650,Observation->Evidence Linked->Finding->Violation/Action,(P08 evidence chain; ENG-07/ENG-08 governed),Open Form. -> Load dynamic fields and sections according to configuration.,AC-0287,EV-007;EV-003;EV-001;EV-011;EV-012,ERR-PKG-001;ERR-GEO-001;ERR-GEO-002;ERR-OFF-001;ERR-OFF-002;ERR-EVD-001;ERR-EVD-002;ERR-SUB-001;ERR-SUB-002,Inspection Project.xlsx | Inspection excution-Start jou | row 175
MVP1-M04-175,Physical Inspection Execution,Render Dynamic Form Fields,MVP1 Mandatory,P07,SB08 Physical Inspection Execution Workspace,SB08,iPad / Inspector Workspace,SCR-IPAD-630,Start Allowed->In Progress->Ready for Validation,STM-INS-001,"Complete fields. -> Render text, number, lookup, date, attachment, signature and custom controls.",AC-0288,EV-006;EV-003;EV-001;EV-011;EV-012,ERR-PKG-001;ERR-GEO-001;ERR-GEO-002;ERR-OFF-001;ERR-OFF-002;ERR-EVD-001;ERR-EVD-002;ERR-SUB-001;ERR-SUB-002,Inspection Project.xlsx | Inspection excution-Start jou | row 176
MVP1-M04-176,Physical Inspection Execution,Apply Conditional Visibility,MVP1 Mandatory,P07,SB08 Physical Inspection Execution Workspace,SB08,iPad / Inspector Workspace,SCR-IPAD-630,Start Allowed->In Progress->Ready for Validation,STM-INS-001,Fill data. -> Evaluate conditional display rules defined in the Form Builder.,AC-0289,EV-006;EV-003;EV-001;EV-011;EV-012,ERR-PKG-001;ERR-GEO-001;ERR-GEO-002;ERR-OFF-001;ERR-OFF-002;ERR-EVD-001;ERR-EVD-002;ERR-SUB-001;ERR-SUB-002,Inspection Project.xlsx | Inspection excution-Start jou | row 177
MVP1-M04-177,Physical Inspection Execution,Validate Mandatory Fields,MVP1 Mandatory,P07,SB08 Physical Inspection Execution Workspace,SB08,iPad / Inspector Workspace,SCR-IPAD-630,Start Allowed->In Progress->Ready for Validation,STM-INS-001,Complete required fields. -> Validate mandatory fields before allowing completion.,AC-0290,EV-006;EV-003;EV-001;EV-011;EV-012,ERR-PKG-001;ERR-GEO-001;ERR-GEO-002;ERR-OFF-001;ERR-OFF-002;ERR-EVD-001;ERR-EVD-002;ERR-SUB-001;ERR-SUB-002,Inspection Project.xlsx | Inspection excution-Start jou | row 178
MVP1-M04-178,Physical Inspection Execution,Capture Action Form Responses,MVP1 Mandatory,P08,"SB08 Execution Workspace; SB15 Evidence, Violations, Penalties and Action Forms",SB08/SB15,iPad / Inspector Workspace,SCR-IPAD-640;SCR-IPAD-650,Observation->Evidence Linked->Finding->Violation/Action,(P08 evidence chain; ENG-07/ENG-08 governed),Enter values. -> Save responses as part of the inspection session.,AC-0291,EV-007;EV-003;EV-001;EV-011;EV-012,ERR-PKG-001;ERR-GEO-001;ERR-GEO-002;ERR-OFF-001;ERR-OFF-002;ERR-EVD-001;ERR-EVD-002;ERR-SUB-001;ERR-SUB-002,Inspection Project.xlsx | Inspection excution-Start jou | row 179
MVP1-M04-179,Physical Inspection Execution,Attach Evidence to Action Form,MVP1 Mandatory,P08,"SB08 Execution Workspace; SB15 Evidence, Violations, Penalties and Action Forms",SB08/SB15,iPad / Inspector Workspace,SCR-IPAD-640;SCR-IPAD-650,Observation->Evidence Linked->Finding->Violation/Action,(P08 evidence chain; ENG-07/ENG-08 governed),Upload evidence. -> Link uploaded evidence directly to the Action Form.,AC-0292,EV-007;EV-003;EV-001;EV-011;EV-012,ERR-PKG-001;ERR-GEO-001;ERR-GEO-002;ERR-OFF-001;ERR-OFF-002;ERR-EVD-001;ERR-EVD-002;ERR-SUB-001;ERR-SUB-002,Inspection Project.xlsx | Inspection excution-Start jou | row 180
MVP1-M04-180,Physical Inspection Execution,Capture Digital Signature,MVP1 Mandatory,P07,SB08 Physical Inspection Execution Workspace,SB08,iPad / Inspector Workspace,SCR-IPAD-630,Start Allowed->In Progress->Ready for Validation,STM-INS-001,"Sign electronically. -> Capture inspector signature and, when configured, factory representative signature. If refused, record refusal reason.",AC-0293,EV-006;EV-003;EV-001;EV-011;EV-012,ERR-PKG-001;ERR-GEO-001;ERR-GEO-002;ERR-OFF-001;ERR-OFF-002;ERR-EVD-001;ERR-EVD-002;ERR-SUB-001;ERR-SUB-002,Inspection Project.xlsx | Inspection excution-Start jou | row 181
MVP1-M04-181,Physical Inspection Execution,Save Draft Action Form,MVP1 Mandatory,P08,"SB08 Execution Workspace; SB15 Evidence, Violations, Penalties and Action Forms",SB08/SB15,iPad / Inspector Workspace,SCR-IPAD-640;SCR-IPAD-650,Observation->Evidence Linked->Finding->Violation/Action,(P08 evidence chain; ENG-07/ENG-08 governed),Save Draft. -> Save partially completed Action Form including responses and evidence.,AC-0294,EV-007;EV-003;EV-001;EV-011;EV-012,ERR-PKG-001;ERR-GEO-001;ERR-GEO-002;ERR-OFF-001;ERR-OFF-002;ERR-EVD-001;ERR-EVD-002;ERR-SUB-001;ERR-SUB-002,Inspection Project.xlsx | Inspection excution-Start jou | row 182
MVP1-M04-182,Physical Inspection Execution,Auto Save Action Form,MVP1 Mandatory,P08,"SB08 Execution Workspace; SB15 Evidence, Violations, Penalties and Action Forms",SB08/SB15,iPad / Inspector Workspace,SCR-IPAD-640;SCR-IPAD-650,Observation->Evidence Linked->Finding->Violation/Action,(P08 evidence chain; ENG-07/ENG-08 governed),Continue working. -> Save Action Form automatically after configurable intervals and major changes.,AC-0295,EV-007;EV-003;EV-001;EV-011;EV-012,ERR-PKG-001;ERR-GEO-001;ERR-GEO-002;ERR-OFF-001;ERR-OFF-002;ERR-EVD-001;ERR-EVD-002;ERR-SUB-001;ERR-SUB-002,Inspection Project.xlsx | Inspection excution-Start jou | row 183
MVP1-M04-183,Physical Inspection Execution,Complete Action Form,MVP1 Mandatory,P08,"SB08 Execution Workspace; SB15 Evidence, Violations, Penalties and Action Forms",SB08/SB15,iPad / Inspector Workspace,SCR-IPAD-640;SCR-IPAD-650,Observation->Evidence Linked->Finding->Violation/Action,(P08 evidence chain; ENG-07/ENG-08 governed),Click Complete. -> Validate all mandatory requirements and mark Action Form as completed.,AC-0296,EV-007;EV-003;EV-001;EV-011;EV-012,ERR-PKG-001;ERR-GEO-001;ERR-GEO-002;ERR-OFF-001;ERR-OFF-002;ERR-EVD-001;ERR-EVD-002;ERR-SUB-001;ERR-SUB-002,Inspection Project.xlsx | Inspection excution-Start jou | row 184
MVP1-M04-184,Physical Inspection Execution,Update Wizard Progress,MVP1 Mandatory,P07,SB08 Physical Inspection Execution Workspace,SB08,iPad / Inspector Workspace,SCR-IPAD-630,Start Allowed->In Progress->Ready for Validation,STM-INS-001,None -> Update inspection progress based on completed Action Forms.,AC-0297,EV-006;EV-003;EV-001;EV-011;EV-012,ERR-PKG-001;ERR-GEO-001;ERR-GEO-002;ERR-OFF-001;ERR-OFF-002;ERR-EVD-001;ERR-EVD-002;ERR-SUB-001;ERR-SUB-002,Inspection Project.xlsx | Inspection excution-Start jou | row 185
MVP1-M04-185,Physical Inspection Execution,Review Generated Action Forms,MVP1 Mandatory,P08,"SB08 Execution Workspace; SB15 Evidence, Violations, Penalties and Action Forms",SB08/SB15,iPad / Inspector Workspace,SCR-IPAD-640;SCR-IPAD-650,Observation->Evidence Linked->Finding->Violation/Action,(P08 evidence chain; ENG-07/ENG-08 governed),"Review forms. -> Display generated forms, completion status, evidence count and signature status.",AC-0298,EV-007;EV-003;EV-001;EV-011;EV-012,ERR-PKG-001;ERR-GEO-001;ERR-GEO-002;ERR-OFF-001;ERR-OFF-002;ERR-EVD-001;ERR-EVD-002;ERR-SUB-001;ERR-SUB-002,Inspection Project.xlsx | Inspection excution-Start jou | row 186
MVP1-M04-186,Physical Inspection Execution,Lock Action Forms After Submission,MVP1 Mandatory,P08,"SB08 Execution Workspace; SB15 Evidence, Violations, Penalties and Action Forms",SB08/SB15,iPad / Inspector Workspace,SCR-IPAD-640;SCR-IPAD-650,Observation->Evidence Linked->Finding->Violation/Action,(P08 evidence chain; ENG-07/ENG-08 governed),View forms. -> Render all Action Forms in read-only mode.,AC-0299,EV-007;EV-003;EV-001;EV-011;EV-012,ERR-PKG-001;ERR-GEO-001;ERR-GEO-002;ERR-OFF-001;ERR-OFF-002;ERR-EVD-001;ERR-EVD-002;ERR-SUB-001;ERR-SUB-002,Inspection Project.xlsx | Inspection excution-Start jou | row 187
MVP1-M04-187,Physical Inspection Execution,Generate Action Form Audit Events,MVP1 Mandatory,P08,"SB08 Execution Workspace; SB15 Evidence, Violations, Penalties and Action Forms",SB08/SB15,iPad / Inspector Workspace,SCR-IPAD-640;SCR-IPAD-650,Observation->Evidence Linked->Finding->Violation/Action,(P08 evidence chain; ENG-07/ENG-08 governed),"None -> Record generation, editing, evidence upload, signatures, completion, draft save, resume and submission events.",AC-0300,EV-007;EV-003;EV-001;EV-011;EV-012,ERR-PKG-001;ERR-GEO-001;ERR-GEO-002;ERR-OFF-001;ERR-OFF-002;ERR-EVD-001;ERR-EVD-002;ERR-SUB-001;ERR-SUB-002,Inspection Project.xlsx | Inspection excution-Start jou | row 188
MVP1-M04-188,Physical Inspection Execution,Handle Action Form Errors,MVP1 Mandatory,P08,"SB08 Execution Workspace; SB15 Evidence, Violations, Penalties and Action Forms",SB08/SB15,iPad / Inspector Workspace,SCR-IPAD-640;SCR-IPAD-650,Observation->Evidence Linked->Finding->Violation/Action,(P08 evidence chain; ENG-07/ENG-08 governed),"Retry. -> Handle generation failures, rendering failures, validation failures, signature failures and save failures while preserving entered data.",AC-0301,EV-007;EV-003;EV-001;EV-011;EV-012,ERR-PKG-001;ERR-GEO-001;ERR-GEO-002;ERR-OFF-001;ERR-OFF-002;ERR-EVD-001;ERR-EVD-002;ERR-SUB-001;ERR-SUB-002,Inspection Project.xlsx | Inspection excution-Start jou | row 189
MVP1-M04-189,Physical Inspection Execution,Load Review Workspace,MVP1 Mandatory,P07,SB08 Physical Inspection Execution Workspace,SB08,iPad / Inspector Workspace,SCR-IPAD-630,Start Allowed->In Progress->Ready for Validation,STM-INS-001,Open Review. -> Load review dashboard containing all execution sections.,AC-0302,EV-006;EV-003;EV-001;EV-011;EV-012,ERR-PKG-001;ERR-GEO-001;ERR-GEO-002;ERR-OFF-001;ERR-OFF-002;ERR-EVD-001;ERR-EVD-002;ERR-SUB-001;ERR-SUB-002,Inspection Project.xlsx | Inspection excution-Start jou | row 190
MVP1-M04-190,Physical Inspection Execution,Review Factory Information,MVP1 Mandatory,P07,SB08 Physical Inspection Execution Workspace,SB08,iPad / Inspector Workspace,SCR-IPAD-630,Start Allowed->In Progress->Ready for Validation,STM-INS-001,"Review changes. -> Display Source Value, Observed Value, Verification Status, Before/After values and attached evidence for every modified field.",AC-0303,EV-006;EV-003;EV-001;EV-011;EV-012,ERR-PKG-001;ERR-GEO-001;ERR-GEO-002;ERR-OFF-001;ERR-OFF-002;ERR-EVD-001;ERR-EVD-002;ERR-SUB-001;ERR-SUB-002,Inspection Project.xlsx | Inspection excution-Start jou | row 191
MVP1-M04-191,Physical Inspection Execution,Review Inspection Report,MVP1 Mandatory,P07,SB08 Physical Inspection Execution Workspace,SB08,iPad / Inspector Workspace,SCR-IPAD-630,Start Allowed->In Progress->Ready for Validation,STM-INS-001,"Expand Report Section. -> Display report sections, completed fields, attachments and comments.",AC-0304,EV-006;EV-003;EV-001;EV-011;EV-012,ERR-PKG-001;ERR-GEO-001;ERR-GEO-002;ERR-OFF-001;ERR-OFF-002;ERR-EVD-001;ERR-EVD-002;ERR-SUB-001;ERR-SUB-002,Inspection Project.xlsx | Inspection excution-Start jou | row 192
MVP1-M04-192,Physical Inspection Execution,Review Inspection Checklist,MVP1 Mandatory,P07,SB08 Physical Inspection Execution Workspace,SB08,iPad / Inspector Workspace,SCR-IPAD-630,Start Allowed->In Progress->Ready for Validation,STM-INS-001,"Expand Checklist Section. -> Display answered items, pending items, compliant items, non-compliant items and inspector comments.",AC-0305,EV-006;EV-003;EV-001;EV-011;EV-012,ERR-PKG-001;ERR-GEO-001;ERR-GEO-002;ERR-OFF-001;ERR-OFF-002;ERR-EVD-001;ERR-EVD-002;ERR-SUB-001;ERR-SUB-002,Inspection Project.xlsx | Inspection excution-Start jou | row 193
MVP1-M04-193,Physical Inspection Execution,Review Violations,MVP1 Mandatory,P08,"SB08 Execution Workspace; SB15 Evidence, Violations, Penalties and Action Forms",SB08/SB15,iPad / Inspector Workspace,SCR-IPAD-640;SCR-IPAD-650,Observation->Evidence Linked->Finding->Violation/Action,(P08 evidence chain; ENG-07/ENG-08 governed),"Expand Violations Section. -> Display violation classification, regulation, severity, corrective action and current status.",AC-0306,EV-007;EV-003;EV-001;EV-011;EV-012,ERR-PKG-001;ERR-GEO-001;ERR-GEO-002;ERR-OFF-001;ERR-OFF-002;ERR-EVD-001;ERR-EVD-002;ERR-SUB-001;ERR-SUB-002,Inspection Project.xlsx | Inspection excution-Start jou | row 194
MVP1-M04-194,Physical Inspection Execution,Review Penalties,MVP1 Mandatory,P08,"SB08 Execution Workspace; SB15 Evidence, Violations, Penalties and Action Forms",SB08/SB15,iPad / Inspector Workspace,SCR-IPAD-640;SCR-IPAD-650,Observation->Evidence Linked->Finding->Violation/Action,(P08 evidence chain; ENG-07/ENG-08 governed),Review penalties. -> Display configured penalties associated with each generated violation.,AC-0307,EV-007;EV-003;EV-001;EV-011;EV-012,ERR-PKG-001;ERR-GEO-001;ERR-GEO-002;ERR-OFF-001;ERR-OFF-002;ERR-EVD-001;ERR-EVD-002;ERR-SUB-001;ERR-SUB-002,Inspection Project.xlsx | Inspection excution-Start jou | row 195
MVP1-M04-195,Physical Inspection Execution,Review Action Forms,MVP1 Mandatory,P08,"SB08 Execution Workspace; SB15 Evidence, Violations, Penalties and Action Forms",SB08/SB15,iPad / Inspector Workspace,SCR-IPAD-640;SCR-IPAD-650,Observation->Evidence Linked->Finding->Violation/Action,(P08 evidence chain; ENG-07/ENG-08 governed),"Expand Action Forms. -> Display completion status, signatures, evidence count and validation status for every generated form.",AC-0308,EV-007;EV-003;EV-001;EV-011;EV-012,ERR-PKG-001;ERR-GEO-001;ERR-GEO-002;ERR-OFF-001;ERR-OFF-002;ERR-EVD-001;ERR-EVD-002;ERR-SUB-001;ERR-SUB-002,Inspection Project.xlsx | Inspection excution-Start jou | row 196
MVP1-M04-196,Physical Inspection Execution,Review Evidence,MVP1 Mandatory,P08,"SB08 Execution Workspace; SB15 Evidence, Violations, Penalties and Action Forms",SB08/SB15,iPad / Inspector Workspace,SCR-IPAD-640;SCR-IPAD-650,Observation->Evidence Linked->Finding->Violation/Action,(P08 evidence chain; ENG-07/ENG-08 governed),"Preview Evidence. -> Display all evidence grouped by Factory Verification, Report, Checklist and Action Forms.",AC-0309,EV-007;EV-003;EV-001;EV-011;EV-012,ERR-PKG-001;ERR-GEO-001;ERR-GEO-002;ERR-OFF-001;ERR-OFF-002;ERR-EVD-001;ERR-EVD-002;ERR-SUB-001;ERR-SUB-002,Inspection Project.xlsx | Inspection excution-Start jou | row 197
MVP1-M04-197,Physical Inspection Execution,Review Signatures,MVP1 Mandatory,P07,SB08 Physical Inspection Execution Workspace,SB08,iPad / Inspector Workspace,SCR-IPAD-630,Start Allowed->In Progress->Ready for Validation,STM-INS-001,"Review Signatures. -> Display Inspector Signature, Factory Representative Signature or Refusal Reason where applicable.",AC-0310,EV-006;EV-003;EV-001;EV-011;EV-012,ERR-PKG-001;ERR-GEO-001;ERR-GEO-002;ERR-OFF-001;ERR-OFF-002;ERR-EVD-001;ERR-EVD-002;ERR-SUB-001;ERR-SUB-002,Inspection Project.xlsx | Inspection excution-Start jou | row 198
MVP1-M04-198,Physical Inspection Execution,Calculate Change Counter,MVP1 Mandatory,P07,SB08 Physical Inspection Execution Workspace,SB08,iPad / Inspector Workspace,SCR-IPAD-630,Start Allowed->In Progress->Ready for Validation,STM-INS-001,"View summary. -> Count updated Factory Information, Report responses, Checklist responses, Evidence uploads and Action Forms.",AC-0311,EV-006;EV-003;EV-001;EV-011;EV-012,ERR-PKG-001;ERR-GEO-001;ERR-GEO-002;ERR-OFF-001;ERR-OFF-002;ERR-EVD-001;ERR-EVD-002;ERR-SUB-001;ERR-SUB-002,Inspection Project.xlsx | Inspection excution-Start jou | row 199
MVP1-M04-199,Physical Inspection Execution,Validate Mandatory Information,MVP1 Mandatory,P07,SB08 Physical Inspection Execution Workspace,SB08,iPad / Inspector Workspace,SCR-IPAD-630,Start Allowed->In Progress->Ready for Validation,STM-INS-001,"Click Validate. -> Validate mandatory fields, mandatory checklist items, mandatory Action Forms, signatures and evidence.",AC-0312,EV-006;EV-003;EV-001;EV-011;EV-012,ERR-PKG-001;ERR-GEO-001;ERR-GEO-002;ERR-OFF-001;ERR-OFF-002;ERR-EVD-001;ERR-EVD-002;ERR-SUB-001;ERR-SUB-002,Inspection Project.xlsx | Inspection excution-Start jou | row 200
MVP1-M04-200,Physical Inspection Execution,Display Validation Summary,MVP1 Mandatory,P07,SB08 Physical Inspection Execution Workspace,SB08,iPad / Inspector Workspace,SCR-IPAD-630,Start Allowed->In Progress->Ready for Validation,STM-INS-001,Review issues. -> Display grouped validation results by wizard step with issue description and severity.,AC-0313,EV-006;EV-003;EV-001;EV-011;EV-012,ERR-PKG-001;ERR-GEO-001;ERR-GEO-002;ERR-OFF-001;ERR-OFF-002;ERR-EVD-001;ERR-EVD-002;ERR-SUB-001;ERR-SUB-002,Inspection Project.xlsx | Inspection excution-Start jou | row 201
MVP1-M04-201,Physical Inspection Execution,Jump to Missing Section,MVP1 Mandatory,P07,SB08 Physical Inspection Execution Workspace,SB08,iPad / Inspector Workspace,SCR-IPAD-630,Start Allowed->In Progress->Ready for Validation,STM-INS-001,Click Validation Issue. -> Navigate to the corresponding wizard step and highlight the missing field or section.,AC-0314,EV-006;EV-003;EV-001;EV-011;EV-012,ERR-PKG-001;ERR-GEO-001;ERR-GEO-002;ERR-OFF-001;ERR-OFF-002;ERR-EVD-001;ERR-EVD-002;ERR-SUB-001;ERR-SUB-002,Inspection Project.xlsx | Inspection excution-Start jou | row 202
MVP1-M04-202,Physical Inspection Execution,Expand / Collapse Review Sections,MVP1 Mandatory,P07,SB08 Physical Inspection Execution Workspace,SB08,iPad / Inspector Workspace,SCR-IPAD-630,Start Allowed->In Progress->Ready for Validation,STM-INS-001,Expand or Collapse Sections. -> Allow review sections to be expanded or collapsed independently.,AC-0315,EV-006;EV-003;EV-001;EV-011;EV-012,ERR-PKG-001;ERR-GEO-001;ERR-GEO-002;ERR-OFF-001;ERR-OFF-002;ERR-EVD-001;ERR-EVD-002;ERR-SUB-001;ERR-SUB-002,Inspection Project.xlsx | Inspection excution-Start jou | row 203
MVP1-M04-203,Physical Inspection Execution,Save Review Draft,MVP1 Mandatory,P07,SB08 Physical Inspection Execution Workspace,SB08,iPad / Inspector Workspace,SCR-IPAD-630,Start Allowed->In Progress->Ready for Validation,STM-INS-001,Save Draft. -> Save review position together with the inspection draft.,AC-0316,EV-006;EV-003;EV-001;EV-011;EV-012,ERR-PKG-001;ERR-GEO-001;ERR-GEO-002;ERR-OFF-001;ERR-OFF-002;ERR-EVD-001;ERR-EVD-002;ERR-SUB-001;ERR-SUB-002,Inspection Project.xlsx | Inspection excution-Start jou | row 204
MVP1-M04-204,Physical Inspection Execution,Determine Submission Readiness,MVP1 Mandatory,P09,"SB16 Inspection Submission, Locking, Version Creation and Handoff",SB16,iPad / Inspector Workspace,SCR-IPAD-660,Ready for Validation->Validated->Submitted->Locked,STM-INS-002;STM-SYNC-001;STM-SYNC-002,None -> Evaluate overall inspection readiness based on validation results. Enable Submit only when all blocking validations pass.,AC-0317,EV-006;EV-007;EV-003;EV-001;EV-011;EV-012,ERR-PKG-001;ERR-GEO-001;ERR-GEO-002;ERR-OFF-001;ERR-OFF-002;ERR-EVD-001;ERR-EVD-002;ERR-SUB-001;ERR-SUB-002,Inspection Project.xlsx | Inspection excution-Start jou | row 205
MVP1-M04-205,Physical Inspection Execution,Generate Review Audit Events,MVP1 Mandatory,P07,SB08 Physical Inspection Execution Workspace,SB08,iPad / Inspector Workspace,SCR-IPAD-630,Start Allowed->In Progress->Ready for Validation,STM-INS-001,"None -> Record review opened, validation executed, navigation events, draft saved and submission readiness evaluation.",AC-0318,EV-006;EV-003;EV-001;EV-011;EV-012,ERR-PKG-001;ERR-GEO-001;ERR-GEO-002;ERR-OFF-001;ERR-OFF-002;ERR-EVD-001;ERR-EVD-002;ERR-SUB-001;ERR-SUB-002,Inspection Project.xlsx | Inspection excution-Start jou | row 206
MVP1-M04-206,Physical Inspection Execution,Handle Review Errors,MVP1 Mandatory,P07,SB08 Physical Inspection Execution Workspace,SB08,iPad / Inspector Workspace,SCR-IPAD-630,Start Allowed->In Progress->Ready for Validation,STM-INS-001,"Retry Review. -> Handle validation failures, summary generation failures and navigation failures while preserving inspection data.",AC-0319,EV-006;EV-003;EV-001;EV-011;EV-012,ERR-PKG-001;ERR-GEO-001;ERR-GEO-002;ERR-OFF-001;ERR-OFF-002;ERR-EVD-001;ERR-EVD-002;ERR-SUB-001;ERR-SUB-002,Inspection Project.xlsx | Inspection excution-Start jou | row 207
MVP1-M04-207,Physical Inspection Execution,Submit Inspection,MVP1 Mandatory,P09,"SB16 Inspection Submission, Locking, Version Creation and Handoff",SB16,iPad / Inspector Workspace,SCR-IPAD-660,Ready for Validation->Validated->Submitted->Locked,STM-INS-002;STM-SYNC-001;STM-SYNC-002,Click Submit Inspection. -> Start final submission process.,AC-0320,EV-006;EV-007;EV-003;EV-001;EV-011;EV-012,ERR-PKG-001;ERR-GEO-001;ERR-GEO-002;ERR-OFF-001;ERR-OFF-002;ERR-EVD-001;ERR-EVD-002;ERR-SUB-001;ERR-SUB-002,Inspection Project.xlsx | Inspection excution-Start jou | row 208
MVP1-M04-208,Physical Inspection Execution,Execute Final Validation,MVP1 Mandatory,P07,SB08 Physical Inspection Execution Workspace,SB08,iPad / Inspector Workspace,SCR-IPAD-630,Start Allowed->In Progress->Ready for Validation,STM-INS-001,"None -> Revalidate mandatory fields, mandatory checklist items, Action Forms, evidence, signatures and business rules before committing submission.",AC-0321,EV-006;EV-003;EV-001;EV-011;EV-012,ERR-PKG-001;ERR-GEO-001;ERR-GEO-002;ERR-OFF-001;ERR-OFF-002;ERR-EVD-001;ERR-EVD-002;ERR-SUB-001;ERR-SUB-002,Inspection Project.xlsx | Inspection excution-Start jou | row 209
MVP1-M04-209,Physical Inspection Execution,Generate Inspection Reference Number,MVP1 Mandatory,P07,SB08 Physical Inspection Execution Workspace,SB08,iPad / Inspector Workspace,SCR-IPAD-630,Start Allowed->In Progress->Ready for Validation,STM-INS-001,None -> Generate a unique Inspection Number according to configured numbering rules.,AC-0322,EV-006;EV-003;EV-001;EV-011;EV-012,ERR-PKG-001;ERR-GEO-001;ERR-GEO-002;ERR-OFF-001;ERR-OFF-002;ERR-EVD-001;ERR-EVD-002;ERR-SUB-001;ERR-SUB-002,Inspection Project.xlsx | Inspection excution-Start jou | row 210
MVP1-M04-210,Physical Inspection Execution,Freeze Inspection Data,MVP1 Mandatory,P07,SB08 Physical Inspection Execution Workspace,SB08,iPad / Inspector Workspace,SCR-IPAD-630,Start Allowed->In Progress->Ready for Validation,STM-INS-001,"None -> Freeze all responses, checklist answers, report data, factory observations, Action Forms and evidence.",AC-0323,EV-006;EV-003;EV-001;EV-011;EV-012,ERR-PKG-001;ERR-GEO-001;ERR-GEO-002;ERR-OFF-001;ERR-OFF-002;ERR-EVD-001;ERR-EVD-002;ERR-SUB-001;ERR-SUB-002,Inspection Project.xlsx | Inspection excution-Start jou | row 211
MVP1-M04-211,Physical Inspection Execution,Lock Inspection Package,MVP1 Mandatory,P09,"SB16 Inspection Submission, Locking, Version Creation and Handoff",SB16,iPad / Inspector Workspace,SCR-IPAD-660,Ready for Validation->Validated->Submitted->Locked,STM-INS-002;STM-SYNC-001;STM-SYNC-002,None -> Lock the inspection package version used during execution for future audit and review.,AC-0324,EV-006;EV-007;EV-003;EV-001;EV-011;EV-012,ERR-PKG-001;ERR-GEO-001;ERR-GEO-002;ERR-OFF-001;ERR-OFF-002;ERR-EVD-001;ERR-EVD-002;ERR-SUB-001;ERR-SUB-002,Inspection Project.xlsx | Inspection excution-Start jou | row 212
MVP1-M04-212,Physical Inspection Execution,Finalize Evidence Repository,MVP1 Mandatory,P08,"SB08 Execution Workspace; SB15 Evidence, Violations, Penalties and Action Forms",SB08/SB15,iPad / Inspector Workspace,SCR-IPAD-640;SCR-IPAD-650,Observation->Evidence Linked->Finding->Violation/Action,(P08 evidence chain; ENG-07/ENG-08 governed),"None -> Lock uploaded evidence, annotations and comments against further modification.",AC-0325,EV-007;EV-003;EV-001;EV-011;EV-012,ERR-PKG-001;ERR-GEO-001;ERR-GEO-002;ERR-OFF-001;ERR-OFF-002;ERR-EVD-001;ERR-EVD-002;ERR-SUB-001;ERR-SUB-002,Inspection Project.xlsx | Inspection excution-Start jou | row 213
MVP1-M04-213,Physical Inspection Execution,Finalize Action Forms,MVP1 Mandatory,P08,"SB08 Execution Workspace; SB15 Evidence, Violations, Penalties and Action Forms",SB08/SB15,iPad / Inspector Workspace,SCR-IPAD-640;SCR-IPAD-650,Observation->Evidence Linked->Finding->Violation/Action,(P08 evidence chain; ENG-07/ENG-08 governed),None -> Mark all completed Action Forms as closed and prevent further editing.,AC-0326,EV-007;EV-003;EV-001;EV-011;EV-012,ERR-PKG-001;ERR-GEO-001;ERR-GEO-002;ERR-OFF-001;ERR-OFF-002;ERR-EVD-001;ERR-EVD-002;ERR-SUB-001;ERR-SUB-002,Inspection Project.xlsx | Inspection excution-Start jou | row 214
MVP1-M04-214,Physical Inspection Execution,Generate Inspection Snapshot,MVP1 Mandatory,P07,SB08 Physical Inspection Execution Workspace,SB08,iPad / Inspector Workspace,SCR-IPAD-630,Start Allowed->In Progress->Ready for Validation,STM-INS-001,"None -> Create a read-only snapshot including package version, responses, observations, evidence, violations and Action Forms.",AC-0327,EV-006;EV-003;EV-001;EV-011;EV-012,ERR-PKG-001;ERR-GEO-001;ERR-GEO-002;ERR-OFF-001;ERR-OFF-002;ERR-EVD-001;ERR-EVD-002;ERR-SUB-001;ERR-SUB-002,Inspection Project.xlsx | Inspection excution-Start jou | row 215
MVP1-M04-215,Physical Inspection Execution,Generate Inspection PDF,MVP1 Mandatory,P07,SB08 Physical Inspection Execution Workspace,SB08,iPad / Inspector Workspace,SCR-IPAD-630,Start Allowed->In Progress->Ready for Validation,STM-INS-001,"None -> Generate PDF containing factory information, inspection report, checklist, violations, penalties, Action Forms, evidence references and inspector information.",AC-0328,EV-006;EV-003;EV-001;EV-011;EV-012,ERR-PKG-001;ERR-GEO-001;ERR-GEO-002;ERR-OFF-001;ERR-OFF-002;ERR-EVD-001;ERR-EVD-002;ERR-SUB-001;ERR-SUB-002,Inspection Project.xlsx | Inspection excution-Start jou | row 216
MVP1-M04-216,Physical Inspection Execution,Update Workflow Status,MVP1 Mandatory,P07,SB08 Physical Inspection Execution Workspace,SB08,iPad / Inspector Workspace,SCR-IPAD-630,Start Allowed->In Progress->Ready for Validation,STM-INS-001,None -> Update Workflow Status from In Progress to Pending Review.,AC-0329,EV-006;EV-003;EV-001;EV-011;EV-012,ERR-PKG-001;ERR-GEO-001;ERR-GEO-002;ERR-OFF-001;ERR-OFF-002;ERR-EVD-001;ERR-EVD-002;ERR-SUB-001;ERR-SUB-002,Inspection Project.xlsx | Inspection excution-Start jou | row 217
MVP1-M04-217,Physical Inspection Execution,Update Operational State,MVP1 Mandatory,P07,SB08 Physical Inspection Execution Workspace,SB08,iPad / Inspector Workspace,SCR-IPAD-630,Start Allowed->In Progress->Ready for Validation,STM-INS-001,None -> Update Operational State from Executing to Submitted.,AC-0330,EV-006;EV-003;EV-001;EV-011;EV-012,ERR-PKG-001;ERR-GEO-001;ERR-GEO-002;ERR-OFF-001;ERR-OFF-002;ERR-EVD-001;ERR-EVD-002;ERR-SUB-001;ERR-SUB-002,Inspection Project.xlsx | Inspection excution-Start jou | row 218
MVP1-M04-218,Physical Inspection Execution,Assign Reviewer,MVP1 Mandatory,P07,SB08 Physical Inspection Execution Workspace,SB08,iPad / Inspector Workspace,SCR-IPAD-630,Start Allowed->In Progress->Ready for Validation,STM-INS-001,None -> Create reviewer work item according to workflow configuration and assignment rules.,AC-0331,EV-006;EV-003;EV-001;EV-011;EV-012,ERR-PKG-001;ERR-GEO-001;ERR-GEO-002;ERR-OFF-001;ERR-OFF-002;ERR-EVD-001;ERR-EVD-002;ERR-SUB-001;ERR-SUB-002,Inspection Project.xlsx | Inspection excution-Start jou | row 219
MVP1-M04-219,Physical Inspection Execution,Notify Reviewer,MVP1 Mandatory,P07,SB08 Physical Inspection Execution Workspace,SB08,iPad / Inspector Workspace,SCR-IPAD-630,Start Allowed->In Progress->Ready for Validation,STM-INS-001,None -> Send system notification to assigned reviewer.,AC-0332,EV-006;EV-003;EV-001;EV-011;EV-012,ERR-PKG-001;ERR-GEO-001;ERR-GEO-002;ERR-OFF-001;ERR-OFF-002;ERR-EVD-001;ERR-EVD-002;ERR-SUB-001;ERR-SUB-002,Inspection Project.xlsx | Inspection excution-Start jou | row 220
MVP1-M04-220,Physical Inspection Execution,Notify Inspector,MVP1 Mandatory,P07,SB08 Physical Inspection Execution Workspace,SB08,iPad / Inspector Workspace,SCR-IPAD-630,Start Allowed->In Progress->Ready for Validation,STM-INS-001,None -> Display confirmation message and record submission completion.,AC-0333,EV-006;EV-003;EV-001;EV-011;EV-012,ERR-PKG-001;ERR-GEO-001;ERR-GEO-002;ERR-OFF-001;ERR-OFF-002;ERR-EVD-001;ERR-EVD-002;ERR-SUB-001;ERR-SUB-002,Inspection Project.xlsx | Inspection excution-Start jou | row 221
MVP1-M04-221,Physical Inspection Execution,Convert Inspection to Read-Only,MVP1 Mandatory,P07,SB08 Physical Inspection Execution Workspace,SB08,iPad / Inspector Workspace,SCR-IPAD-630,Start Allowed->In Progress->Ready for Validation,STM-INS-001,View Inspection. -> Disable editing across all execution screens while allowing viewing of submitted information.,AC-0334,EV-006;EV-003;EV-001;EV-011;EV-012,ERR-PKG-001;ERR-GEO-001;ERR-GEO-002;ERR-OFF-001;ERR-OFF-002;ERR-EVD-001;ERR-EVD-002;ERR-SUB-001;ERR-SUB-002,Inspection Project.xlsx | Inspection excution-Start jou | row 222
MVP1-M04-222,Physical Inspection Execution,Generate Submission Audit Events,MVP1 Mandatory,P09,"SB16 Inspection Submission, Locking, Version Creation and Handoff",SB16,iPad / Inspector Workspace,SCR-IPAD-660,Ready for Validation->Validated->Submitted->Locked,STM-INS-002;STM-SYNC-001;STM-SYNC-002,"None -> Record submission request, validation results, inspection number generation, package lock, PDF generation, workflow transition, reviewer assignment and notifications.",AC-0335,EV-006;EV-007;EV-003;EV-001;EV-011;EV-012,ERR-PKG-001;ERR-GEO-001;ERR-GEO-002;ERR-OFF-001;ERR-OFF-002;ERR-EVD-001;ERR-EVD-002;ERR-SUB-001;ERR-SUB-002,Inspection Project.xlsx | Inspection excution-Start jou | row 223
MVP1-M04-223,Physical Inspection Execution,Handle Submission Failures,MVP1 Mandatory,P09,"SB16 Inspection Submission, Locking, Version Creation and Handoff",SB16,iPad / Inspector Workspace,SCR-IPAD-660,Ready for Validation->Validated->Submitted->Locked,STM-INS-002;STM-SYNC-001;STM-SYNC-002,"Retry Submission. -> Handle workflow failures, PDF failures, notification failures, repository failures and assignment failures while ensuring the inspection is either completely submitted or completely rolled back.",AC-0336,EV-006;EV-007;EV-003;EV-001;EV-011;EV-012,ERR-PKG-001;ERR-GEO-001;ERR-GEO-002;ERR-OFF-001;ERR-OFF-002;ERR-EVD-001;ERR-EVD-002;ERR-SUB-001;ERR-SUB-002,Inspection Project.xlsx | Inspection excution-Start jou | row 224
MVP1-M05-001,Virtual Inspection Execution,Display Scheduled Visit,MVP1 Mandatory,P06B;P07;P08;P09,SB09 Virtual Inspection Execution,SB09,Virtual Session + Web Portal,SCR-VIR-700;SCR-VIR-710;SCR-VIR-720,Scheduled->Waiting->Joined->Verified->In Progress->Closed/Submitted,STM-VIR-001;STM-VIR-002;STM-VIR-003,"Open Visit -> Load confirmed virtual visit details including execution date, execution time, inspector, factory and report information.",AC-0337,EV-009;EV-007;EV-001;EV-011;EV-012,ERR-VIR-001;ERR-EVD-001;ERR-EVD-002;ERR-SUB-001;ERR-SUB-002,Inspection Project.xlsx | Inspection Excution - Virtual | row 2
MVP1-M05-002,Virtual Inspection Execution,Start Virtual Session,MVP1 Mandatory,P06B;P07;P08;P09,SB09 Virtual Inspection Execution,SB09,Virtual Session + Web Portal,SCR-VIR-700;SCR-VIR-710;SCR-VIR-720,Scheduled->Waiting->Joined->Verified->In Progress->Closed/Submitted,STM-VIR-001;STM-VIR-002;STM-VIR-003,"Click Start Session -> Validate visit status, execution window, inspector assignment and factory confirmation. Create Virtual Session.",AC-0338,EV-009;EV-007;EV-001;EV-011;EV-012,ERR-VIR-001;ERR-EVD-001;ERR-EVD-002;ERR-SUB-001;ERR-SUB-002,Inspection Project.xlsx | Inspection Excution - Virtual | row 3
MVP1-M05-003,Virtual Inspection Execution,Create Session Timeline,MVP1 Mandatory,P06B;P07;P08;P09,SB09 Virtual Inspection Execution,SB09,Virtual Session + Web Portal,SCR-VIR-700;SCR-VIR-710;SCR-VIR-720,Scheduled->Waiting->Joined->Verified->In Progress->Closed/Submitted,STM-VIR-001;STM-VIR-002;STM-VIR-003,None -> Create Virtual Session Timeline and capture session start timestamp.,AC-0339,EV-009;EV-007;EV-001;EV-011;EV-012,ERR-VIR-001;ERR-EVD-001;ERR-EVD-002;ERR-SUB-001;ERR-SUB-002,Inspection Project.xlsx | Inspection Excution - Virtual | row 4
MVP1-M05-004,Virtual Inspection Execution,Update Operational State,MVP1 Mandatory,P06B;P07;P08;P09,SB09 Virtual Inspection Execution,SB09,Virtual Session + Web Portal,SCR-VIR-700;SCR-VIR-710;SCR-VIR-720,Scheduled->Waiting->Joined->Verified->In Progress->Closed/Submitted,STM-VIR-001;STM-VIR-002;STM-VIR-003,None -> Update Operational State to Session Started while Workflow Status remains unchanged.,AC-0340,EV-009;EV-007;EV-001;EV-011;EV-012,ERR-VIR-001;ERR-EVD-001;ERR-EVD-002;ERR-SUB-001;ERR-SUB-002,Inspection Project.xlsx | Inspection Excution - Virtual | row 5
MVP1-M05-005,Virtual Inspection Execution,Cancel Virtual Visit,MVP1 Mandatory,P06B;P07;P08;P09,SB09 Virtual Inspection Execution,SB09,Virtual Session + Web Portal,SCR-VIR-700;SCR-VIR-710;SCR-VIR-720,Scheduled->Waiting->Joined->Verified->In Progress->Closed/Submitted,STM-VIR-001;STM-VIR-002;STM-VIR-003,Click Cancel -> Display cancellation form.,AC-0341,EV-009;EV-007;EV-001;EV-011;EV-012,ERR-VIR-001;ERR-EVD-001;ERR-EVD-002;ERR-SUB-001;ERR-SUB-002,Inspection Project.xlsx | Inspection Excution - Virtual | row 6
MVP1-M05-006,Virtual Inspection Execution,Capture Cancellation Reason,MVP1 Mandatory,P06B;P07;P08;P09,SB09 Virtual Inspection Execution,SB09,Virtual Session + Web Portal,SCR-VIR-700;SCR-VIR-710;SCR-VIR-720,Scheduled->Waiting->Joined->Verified->In Progress->Closed/Submitted,STM-VIR-001;STM-VIR-002;STM-VIR-003,Select Reason -> Save cancellation reason and comments.,AC-0342,EV-009;EV-007;EV-001;EV-011;EV-012,ERR-VIR-001;ERR-EVD-001;ERR-EVD-002;ERR-SUB-001;ERR-SUB-002,Inspection Project.xlsx | Inspection Excution - Virtual | row 7
MVP1-M05-007,Virtual Inspection Execution,Generate Audit Events,MVP1 Mandatory,P06B;P07;P08;P09,SB09 Virtual Inspection Execution,SB09,Virtual Session + Web Portal,SCR-VIR-700;SCR-VIR-710;SCR-VIR-720,Scheduled->Waiting->Joined->Verified->In Progress->Closed/Submitted,STM-VIR-001;STM-VIR-002;STM-VIR-003,"None -> Record session creation, cancellation and operational state updates.",AC-0343,EV-009;EV-007;EV-001;EV-011;EV-012,ERR-VIR-001;ERR-EVD-001;ERR-EVD-002;ERR-SUB-001;ERR-SUB-002,Inspection Project.xlsx | Inspection Excution - Virtual | row 8
MVP1-M05-008,Virtual Inspection Execution,Join Session,MVP1 Mandatory,P06B;P07;P08;P09,SB09 Virtual Inspection Execution,SB09,Virtual Session + Web Portal,SCR-VIR-700;SCR-VIR-710;SCR-VIR-720,Scheduled->Waiting->Joined->Verified->In Progress->Closed/Submitted,STM-VIR-001;STM-VIR-002;STM-VIR-003,Click Join Session -> Open configured meeting provider and connect inspector.,AC-0344,EV-009;EV-007;EV-001;EV-011;EV-012,ERR-VIR-001;ERR-EVD-001;ERR-EVD-002;ERR-SUB-001;ERR-SUB-002,Inspection Project.xlsx | Inspection Excution - Virtual | row 9
MVP1-M05-009,Virtual Inspection Execution,Wait for Factory Representative,MVP1 Mandatory,P06B;P07;P08;P09,SB09 Virtual Inspection Execution,SB09,Virtual Session + Web Portal,SCR-VIR-700;SCR-VIR-710;SCR-VIR-720,Scheduled->Waiting->Joined->Verified->In Progress->Closed/Submitted,STM-VIR-001;STM-VIR-002;STM-VIR-003,None -> Monitor participant status.,AC-0345,EV-009;EV-007;EV-001;EV-011;EV-012,ERR-VIR-001;ERR-EVD-001;ERR-EVD-002;ERR-SUB-001;ERR-SUB-002,Inspection Project.xlsx | Inspection Excution - Virtual | row 10
MVP1-M05-010,Virtual Inspection Execution,Capture Participant Join,MVP1 Mandatory,P06B;P07;P08;P09,SB09 Virtual Inspection Execution,SB09,Virtual Session + Web Portal,SCR-VIR-700;SCR-VIR-710;SCR-VIR-720,Scheduled->Waiting->Joined->Verified->In Progress->Closed/Submitted,STM-VIR-001;STM-VIR-002;STM-VIR-003,None -> Capture Inspector Join Time and Factory Representative Join Time.,AC-0346,EV-009;EV-007;EV-001;EV-011;EV-012,ERR-VIR-001;ERR-EVD-001;ERR-EVD-002;ERR-SUB-001;ERR-SUB-002,Inspection Project.xlsx | Inspection Excution - Virtual | row 11
MVP1-M05-011,Virtual Inspection Execution,Monitor Session Status,MVP1 Mandatory,P06B;P07;P08;P09,SB09 Virtual Inspection Execution,SB09,Virtual Session + Web Portal,SCR-VIR-700;SCR-VIR-710;SCR-VIR-720,Scheduled->Waiting->Joined->Verified->In Progress->Closed/Submitted,STM-VIR-001;STM-VIR-002;STM-VIR-003,"None -> Track Connected, Disconnected, Reconnected and Session End events.",AC-0347,EV-009;EV-007;EV-001;EV-011;EV-012,ERR-VIR-001;ERR-EVD-001;ERR-EVD-002;ERR-SUB-001;ERR-SUB-002,Inspection Project.xlsx | Inspection Excution - Virtual | row 12
MVP1-M05-012,Virtual Inspection Execution,Generate Session Audit,MVP1 Mandatory,P06B;P07;P08;P09,SB09 Virtual Inspection Execution,SB09,Virtual Session + Web Portal,SCR-VIR-700;SCR-VIR-710;SCR-VIR-720,Scheduled->Waiting->Joined->Verified->In Progress->Closed/Submitted,STM-VIR-001;STM-VIR-002;STM-VIR-003,"None -> Record Join, Leave, Disconnect and Reconnect events.",AC-0348,EV-009;EV-007;EV-001;EV-011;EV-012,ERR-VIR-001;ERR-EVD-001;ERR-EVD-002;ERR-SUB-001;ERR-SUB-002,Inspection Project.xlsx | Inspection Excution - Virtual | row 13
MVP1-M05-013,Virtual Inspection Execution,Initiate Identity Verification,MVP1 Mandatory,P06B;P07;P08;P09,SB09 Virtual Inspection Execution,SB09,Virtual Session + Web Portal,SCR-VIR-700;SCR-VIR-710;SCR-VIR-720,Scheduled->Waiting->Joined->Verified->In Progress->Closed/Submitted,STM-VIR-001;STM-VIR-002;STM-VIR-003,Click Verify Identity -> Display available verification method.,AC-0349,EV-009;EV-007;EV-001;EV-011;EV-012,ERR-VIR-001;ERR-EVD-001;ERR-EVD-002;ERR-SUB-001;ERR-SUB-002,Inspection Project.xlsx | Inspection Excution - Virtual | row 14
MVP1-M05-014,Virtual Inspection Execution,Send OTP,MVP1 Mandatory,P06B;P07;P08;P09,SB09 Virtual Inspection Execution,SB09,Virtual Session + Web Portal,SCR-VIR-700;SCR-VIR-710;SCR-VIR-720,Scheduled->Waiting->Joined->Verified->In Progress->Closed/Submitted,STM-VIR-001;STM-VIR-002;STM-VIR-003,Click Send OTP -> Generate OTP and send it to the registered representative.,AC-0350,EV-009;EV-007;EV-001;EV-011;EV-012,ERR-VIR-001;ERR-EVD-001;ERR-EVD-002;ERR-SUB-001;ERR-SUB-002,Inspection Project.xlsx | Inspection Excution - Virtual | row 15
MVP1-M05-015,Virtual Inspection Execution,Verify OTP,MVP1 Mandatory,P06B;P07;P08;P09,SB09 Virtual Inspection Execution,SB09,Virtual Session + Web Portal,SCR-VIR-700;SCR-VIR-710;SCR-VIR-720,Scheduled->Waiting->Joined->Verified->In Progress->Closed/Submitted,STM-VIR-001;STM-VIR-002;STM-VIR-003,Enter OTP -> Validate OTP.,AC-0351,EV-009;EV-007;EV-001;EV-011;EV-012,ERR-VIR-001;ERR-EVD-001;ERR-EVD-002;ERR-SUB-001;ERR-SUB-002,Inspection Project.xlsx | Inspection Excution - Virtual | row 16
MVP1-M05-016,Virtual Inspection Execution,Handle Verification Failure,MVP1 Mandatory,P06B;P07;P08;P09,SB09 Virtual Inspection Execution,SB09,Virtual Session + Web Portal,SCR-VIR-700;SCR-VIR-710;SCR-VIR-720,Scheduled->Waiting->Joined->Verified->In Progress->Closed/Submitted,STM-VIR-001;STM-VIR-002;STM-VIR-003,Retry -> Allow configurable retry attempts. Block inspection after maximum attempts.,AC-0352,EV-009;EV-007;EV-001;EV-011;EV-012,ERR-VIR-001;ERR-EVD-001;ERR-EVD-002;ERR-SUB-001;ERR-SUB-002,Inspection Project.xlsx | Inspection Excution - Virtual | row 17
MVP1-M05-017,Virtual Inspection Execution,Record Verification Details,MVP1 Mandatory,P06B;P07;P08;P09,SB09 Virtual Inspection Execution,SB09,Virtual Session + Web Portal,SCR-VIR-700;SCR-VIR-710;SCR-VIR-720,Scheduled->Waiting->Joined->Verified->In Progress->Closed/Submitted,STM-VIR-001;STM-VIR-002;STM-VIR-003,"None -> Capture verification time, verification method and representative details.",AC-0353,EV-009;EV-007;EV-001;EV-011;EV-012,ERR-VIR-001;ERR-EVD-001;ERR-EVD-002;ERR-SUB-001;ERR-SUB-002,Inspection Project.xlsx | Inspection Excution - Virtual | row 18
MVP1-M05-018,Virtual Inspection Execution,Update Operational State,MVP1 Mandatory,P06B;P07;P08;P09,SB09 Virtual Inspection Execution,SB09,Virtual Session + Web Portal,SCR-VIR-700;SCR-VIR-710;SCR-VIR-720,Scheduled->Waiting->Joined->Verified->In Progress->Closed/Submitted,STM-VIR-001;STM-VIR-002;STM-VIR-003,None -> Update Operational State from Session Started to Identity Verified.,AC-0354,EV-009;EV-007;EV-001;EV-011;EV-012,ERR-VIR-001;ERR-EVD-001;ERR-EVD-002;ERR-SUB-001;ERR-SUB-002,Inspection Project.xlsx | Inspection Excution - Virtual | row 19
MVP1-M05-019,Virtual Inspection Execution,Start Inspection,MVP1 Mandatory,P06B;P07;P08;P09,SB09 Virtual Inspection Execution,SB09,Virtual Session + Web Portal,SCR-VIR-700;SCR-VIR-710;SCR-VIR-720,Scheduled->Waiting->Joined->Verified->In Progress->Closed/Submitted,STM-VIR-001;STM-VIR-002;STM-VIR-003,"Click Start Inspection -> Update Workflow Status to In Progress, initialize Execution Workspace, create Inspection Session and start SLA timer.",AC-0355,EV-009;EV-007;EV-001;EV-011;EV-012,ERR-VIR-001;ERR-EVD-001;ERR-EVD-002;ERR-SUB-001;ERR-SUB-002,Inspection Project.xlsx | Inspection Excution - Virtual | row 20
MVP1-M05-020,Virtual Inspection Execution,Redirect to Common Execution Engine,MVP1 Mandatory,P06B;P07;P08;P09,SB09 Virtual Inspection Execution,SB09,Virtual Session + Web Portal,SCR-VIR-700;SCR-VIR-710;SCR-VIR-720,Scheduled->Waiting->Joined->Verified->In Progress->Closed/Submitted,STM-VIR-001;STM-VIR-002;STM-VIR-003,None -> Redirect inspector to the shared execution engine used by all inspection modes.,AC-0356,EV-009;EV-007;EV-001;EV-011;EV-012,ERR-VIR-001;ERR-EVD-001;ERR-EVD-002;ERR-SUB-001;ERR-SUB-002,Inspection Project.xlsx | Inspection Excution - Virtual | row 21
MVP1-M06-001,Level 2 Review & Resubmission,Review Decision Panel,MVP1 Mandatory,P10,"SB10 Level 2 Review, Return and Version Control",SB10,Web Portal,SCR-WEB-300;SCR-WEB-310,Submitted->Under Review->Approved/Returned/Rejected,STM-REV-001;STM-REV-002;STM-REV-003;STM-REV-004,"Select Approve, Return, or Reject. -> Display available actions based on reviewer permission and inspection status.",AC-0357,EV-008;EV-003;EV-001;EV-011;EV-012,ERR-REV-001;ERR-AUTH-001,Inspection Project.xlsx | Inspection Excution-Level2Flow | row 2
MVP1-M06-002,Level 2 Review & Resubmission,Approve Confirmation,MVP1 Mandatory,P10,"SB10 Level 2 Review, Return and Version Control",SB10,Web Portal,SCR-WEB-300;SCR-WEB-310,Submitted->Under Review->Approved/Returned/Rejected,STM-REV-001;STM-REV-002;STM-REV-003;STM-REV-004,"Click Approve, review confirmation summary, confirm approval or cancel. -> Display inspection summary, violations, critical violations, action forms, evidence count, factory updates, version number, and compliance preview.",AC-0358,EV-008;EV-003;EV-001;EV-011;EV-012,ERR-REV-001;ERR-AUTH-001,Inspection Project.xlsx | Inspection Excution-Level2Flow | row 3
MVP1-M06-003,Level 2 Review & Resubmission,Compliance Preview,MVP1 Mandatory,P10,"SB10 Level 2 Review, Return and Version Control",SB10,Web Portal,SCR-WEB-300;SCR-WEB-310,Submitted->Under Review->Approved/Returned/Rejected,STM-REV-001;STM-REV-002;STM-REV-003;STM-REV-004,"Review preview only. -> Display expected penalties, official documents, corrective actions, and notifications that may be generated after approval.",AC-0359,EV-008;EV-003;EV-001;EV-011;EV-012,ERR-REV-001;ERR-AUTH-001,Inspection Project.xlsx | Inspection Excution-Level2Flow | row 4
MVP1-M06-004,Level 2 Review & Resubmission,Approve Inspection,MVP1 Mandatory,P10,"SB10 Level 2 Review, Return and Version Control",SB10,Web Portal,SCR-WEB-300;SCR-WEB-310,Submitted->Under Review->Approved/Returned/Rejected,STM-REV-001;STM-REV-002;STM-REV-003;STM-REV-004,"Click Confirm Approve. -> Permanently lock latest inspection version, update status to Approved, create approval timeline event, notify inspector, trigger Compliance Management.",AC-0360,EV-008;EV-003;EV-001;EV-011;EV-012,ERR-REV-001;ERR-AUTH-001,Inspection Project.xlsx | Inspection Excution-Level2Flow | row 5
MVP1-M06-005,Level 2 Review & Resubmission,Return Confirmation,MVP1 Mandatory,P11,"SB10 Review Decision Workflow; SB17 Returned Inspection Correction, Resubmission and Version Comparison",SB10/SB17,Web Portal,SCR-WEB-320;SCR-IPAD-670,Returned->Correction In Progress->Resubmitted->Under Review,STM-COR-001;STM-COR-002,"Select returned sections, enter mandatory reason, optional comments, confirm return or cancel. -> Display selected returned sections, reason field, comments field, and return impact summary.",AC-0361,EV-008;EV-001;EV-011;EV-012,ERR-REV-001;ERR-AUTH-001,Inspection Project.xlsx | Inspection Excution-Level2Flow | row 6
MVP1-M06-006,Level 2 Review & Resubmission,Return Inspection,MVP1 Mandatory,P11,"SB10 Review Decision Workflow; SB17 Returned Inspection Correction, Resubmission and Version Comparison",SB10/SB17,Web Portal,SCR-WEB-320;SCR-IPAD-670,Returned->Correction In Progress->Resubmitted->Under Review,STM-COR-001;STM-COR-002,"Confirm return. -> Update status to Returned, unlock returned inspection for assigned inspector, preserve submitted version, notify inspector, create timeline and audit events.",AC-0362,EV-008;EV-001;EV-011;EV-012,ERR-REV-001;ERR-AUTH-001,Inspection Project.xlsx | Inspection Excution-Level2Flow | row 7
MVP1-M06-007,Level 2 Review & Resubmission,Reject Confirmation,MVP1 Mandatory,P10,"SB10 Level 2 Review, Return and Version Control",SB10,Web Portal,SCR-WEB-300;SCR-WEB-310,Submitted->Under Review->Approved/Returned/Rejected,STM-REV-001;STM-REV-002;STM-REV-003;STM-REV-004,"Enter mandatory rejection reason, optional comments, confirm reject or cancel. -> Display rejection impact: status becomes Rejected, no Compliance Management, inspection read-only forever, inspector notified.",AC-0363,EV-008;EV-003;EV-001;EV-011;EV-012,ERR-REV-001;ERR-AUTH-001,Inspection Project.xlsx | Inspection Excution-Level2Flow | row 8
MVP1-M06-008,Level 2 Review & Resubmission,Reject Inspection,MVP1 Mandatory,P10,"SB10 Level 2 Review, Return and Version Control",SB10,Web Portal,SCR-WEB-300;SCR-WEB-310,Submitted->Under Review->Approved/Returned/Rejected,STM-REV-001;STM-REV-002;STM-REV-003;STM-REV-004,"Confirm reject. -> Update status to Rejected, permanently lock inspection, stop workflow, prevent Compliance Management trigger, notify inspector, create timeline and audit events.",AC-0364,EV-008;EV-003;EV-001;EV-011;EV-012,ERR-REV-001;ERR-AUTH-001,Inspection Project.xlsx | Inspection Excution-Level2Flow | row 9
MVP1-M06-009,Level 2 Review & Resubmission,Decision Audit,MVP1 Mandatory,P10,"SB10 Level 2 Review, Return and Version Control",SB10,Web Portal,SCR-WEB-300;SCR-WEB-310,Submitted->Under Review->Approved/Returned/Rejected,STM-REV-001;STM-REV-002;STM-REV-003;STM-REV-004,"None. -> Log reviewer ID, decision, reason, comments, previous status, new status, timestamp, version, and affected sections.",AC-0365,EV-008;EV-003;EV-001;EV-011;EV-012,ERR-REV-001;ERR-AUTH-001,Inspection Project.xlsx | Inspection Excution-Level2Flow | row 10
MVP1-M06-010,Level 2 Review & Resubmission,Decision Timeline,MVP1 Mandatory,P10,"SB10 Level 2 Review, Return and Version Control",SB10,Web Portal,SCR-WEB-300;SCR-WEB-310,Submitted->Under Review->Approved/Returned/Rejected,STM-REV-001;STM-REV-002;STM-REV-003;STM-REV-004,"View timeline. -> Add timeline event for Approved, Returned, or Rejected decision.",AC-0366,EV-008;EV-003;EV-001;EV-011;EV-012,ERR-REV-001;ERR-AUTH-001,Inspection Project.xlsx | Inspection Excution-Level2Flow | row 11
MVP1-M06-011,Level 2 Review & Resubmission,Version Handling on Return,MVP1 Mandatory,P11,"SB10 Review Decision Workflow; SB17 Returned Inspection Correction, Resubmission and Version Comparison",SB10/SB17,Web Portal,SCR-WEB-320;SCR-IPAD-670,Returned->Correction In Progress->Resubmitted->Under Review,STM-COR-001;STM-COR-002,Inspector edits returned inspection and resubmits. -> Preserve previous submitted version and create a new version on resubmission.,AC-0367,EV-008;EV-001;EV-011;EV-012,ERR-REV-001;ERR-AUTH-001,Inspection Project.xlsx | Inspection Excution-Level2Flow | row 12
MVP1-M06-012,Level 2 Review & Resubmission,Reviewer Read-Only Rule,MVP1 Mandatory,P10,"SB10 Level 2 Review, Return and Version Control",SB10,Web Portal,SCR-WEB-300;SCR-WEB-310,Submitted->Under Review->Approved/Returned/Rejected,STM-REV-001;STM-REV-002;STM-REV-003;STM-REV-004,"Review only. -> Disable editing for report, checklist, evidence, factory observations, and action forms.",AC-0368,EV-008;EV-003;EV-001;EV-011;EV-012,ERR-REV-001;ERR-AUTH-001,Inspection Project.xlsx | Inspection Excution-Level2Flow | row 13
MVP1-M06-013,Level 2 Review & Resubmission,Display Pending Review Queue,MVP1 Mandatory,P10,"SB10 Level 2 Review, Return and Version Control",SB10,Web Portal,SCR-WEB-300;SCR-WEB-310,Submitted->Under Review->Approved/Returned/Rejected,STM-REV-001;STM-REV-002;STM-REV-003;STM-REV-004,"Open Pending Review Queue -> Load inspections assigned to the reviewer. Display priority, SLA, risk, inspection type, execution mode and submission date.",AC-0369,EV-008;EV-003;EV-001;EV-011;EV-012,ERR-REV-001;ERR-AUTH-001,Inspection Project.xlsx | Inspection Excution-Level2Flow | row 14
MVP1-M06-014,Level 2 Review & Resubmission,Search & Filter Queue,MVP1 Mandatory,P10,"SB10 Level 2 Review, Return and Version Control",SB10,Web Portal,SCR-WEB-300;SCR-WEB-310,Submitted->Under Review->Approved/Returned/Rejected,STM-REV-001;STM-REV-002;STM-REV-003;STM-REV-004,"Search and Filter -> Filter by Inspection Number, Factory, Region, Risk, Date, Inspector, Visit Type, Status and SLA.",AC-0370,EV-008;EV-003;EV-001;EV-011;EV-012,ERR-REV-001;ERR-AUTH-001,Inspection Project.xlsx | Inspection Excution-Level2Flow | row 15
MVP1-M06-015,Level 2 Review & Resubmission,Open Submitted Inspection,MVP1 Mandatory,P10,"SB10 Level 2 Review, Return and Version Control",SB10,Web Portal,SCR-WEB-300;SCR-WEB-310,Submitted->Under Review->Approved/Returned/Rejected,STM-REV-001;STM-REV-002;STM-REV-003;STM-REV-004,"Open Inspection -> Load latest submitted inspection version including report, checklist, evidence, factory verification, action forms, timeline and audit history.",AC-0371,EV-008;EV-003;EV-001;EV-011;EV-012,ERR-REV-001;ERR-AUTH-001,Inspection Project.xlsx | Inspection Excution-Level2Flow | row 16
MVP1-M06-016,Level 2 Review & Resubmission,Display Inspection Summary,MVP1 Mandatory,P10,"SB10 Level 2 Review, Return and Version Control",SB10,Web Portal,SCR-WEB-300;SCR-WEB-310,Submitted->Under Review->Approved/Returned/Rejected,STM-REV-001;STM-REV-002;STM-REV-003;STM-REV-004,"Review Summary -> Display inspection number, factory, inspector, execution mode, visit type, submission date, total violations, critical violations, evidence count and generated action forms.",AC-0372,EV-008;EV-003;EV-001;EV-011;EV-012,ERR-REV-001;ERR-AUTH-001,Inspection Project.xlsx | Inspection Excution-Level2Flow | row 17
MVP1-M06-017,Level 2 Review & Resubmission,Review Factory Verification,MVP1 Mandatory,P10,"SB10 Level 2 Review, Return and Version Control",SB10,Web Portal,SCR-WEB-300;SCR-WEB-310,Submitted->Under Review->Approved/Returned/Rejected,STM-REV-001;STM-REV-002;STM-REV-003;STM-REV-004,"Review Changes -> Display Source Value, Observed Value, Before/After comparison and attached evidence.",AC-0373,EV-008;EV-003;EV-001;EV-011;EV-012,ERR-REV-001;ERR-AUTH-001,Inspection Project.xlsx | Inspection Excution-Level2Flow | row 18
MVP1-M06-018,Level 2 Review & Resubmission,Review Inspection Report,MVP1 Mandatory,P10,"SB10 Level 2 Review, Return and Version Control",SB10,Web Portal,SCR-WEB-300;SCR-WEB-310,Submitted->Under Review->Approved/Returned/Rejected,STM-REV-001;STM-REV-002;STM-REV-003;STM-REV-004,"Open Report -> Display report responses, attachments and comments.",AC-0374,EV-008;EV-003;EV-001;EV-011;EV-012,ERR-REV-001;ERR-AUTH-001,Inspection Project.xlsx | Inspection Excution-Level2Flow | row 19
MVP1-M06-019,Level 2 Review & Resubmission,Review Inspection Checklist,MVP1 Mandatory,P10,"SB10 Level 2 Review, Return and Version Control",SB10,Web Portal,SCR-WEB-300;SCR-WEB-310,Submitted->Under Review->Approved/Returned/Rejected,STM-REV-001;STM-REV-002;STM-REV-003;STM-REV-004,"Open Checklist -> Display inspection items, responses, violations and evidence.",AC-0375,EV-008;EV-003;EV-001;EV-011;EV-012,ERR-REV-001;ERR-AUTH-001,Inspection Project.xlsx | Inspection Excution-Level2Flow | row 20
MVP1-M06-020,Level 2 Review & Resubmission,Review Evidence,MVP1 Mandatory,P10,"SB10 Level 2 Review, Return and Version Control",SB10,Web Portal,SCR-WEB-300;SCR-WEB-310,Submitted->Under Review->Approved/Returned/Rejected,STM-REV-001;STM-REV-002;STM-REV-003;STM-REV-004,"Preview Evidence -> Display photos, videos, documents and annotations linked to each inspection item.",AC-0376,EV-008;EV-003;EV-001;EV-011;EV-012,ERR-REV-001;ERR-AUTH-001,Inspection Project.xlsx | Inspection Excution-Level2Flow | row 21
MVP1-M06-021,Level 2 Review & Resubmission,Review Action Forms,MVP1 Mandatory,P10,"SB10 Level 2 Review, Return and Version Control",SB10,Web Portal,SCR-WEB-300;SCR-WEB-310,Submitted->Under Review->Approved/Returned/Rejected,STM-REV-001;STM-REV-002;STM-REV-003;STM-REV-004,"Open Action Forms -> Display completed action forms, signatures and attachments.",AC-0377,EV-008;EV-003;EV-001;EV-011;EV-012,ERR-REV-001;ERR-AUTH-001,Inspection Project.xlsx | Inspection Excution-Level2Flow | row 22
MVP1-M06-022,Level 2 Review & Resubmission,Review Timeline,MVP1 Mandatory,P10,"SB10 Level 2 Review, Return and Version Control",SB10,Web Portal,SCR-WEB-300;SCR-WEB-310,Submitted->Under Review->Approved/Returned/Rejected,STM-REV-001;STM-REV-002;STM-REV-003;STM-REV-004,View Timeline -> Display chronological events from planning until submission.,AC-0378,EV-008;EV-003;EV-001;EV-011;EV-012,ERR-REV-001;ERR-AUTH-001,Inspection Project.xlsx | Inspection Excution-Level2Flow | row 23
MVP1-M06-023,Level 2 Review & Resubmission,Review Version History,MVP1 Mandatory,P11,"SB10 Review Decision Workflow; SB17 Returned Inspection Correction, Resubmission and Version Comparison",SB10/SB17,Web Portal,SCR-WEB-320;SCR-IPAD-670,Returned->Correction In Progress->Resubmitted->Under Review,STM-COR-001;STM-COR-002,Compare Versions -> Display previous submissions and highlight differences between versions.,AC-0379,EV-008;EV-001;EV-011;EV-012,ERR-REV-001;ERR-AUTH-001,Inspection Project.xlsx | Inspection Excution-Level2Flow | row 24
MVP1-M06-024,Level 2 Review & Resubmission,Return Inspection,MVP1 Mandatory,P11,"SB10 Review Decision Workflow; SB17 Returned Inspection Correction, Resubmission and Version Comparison",SB10/SB17,Web Portal,SCR-WEB-320;SCR-IPAD-670,Returned->Correction In Progress->Resubmitted->Under Review,STM-COR-001;STM-COR-002,"Click Return -> Require return reason, allow section selection, create return event, unlock inspection, notify inspector and update workflow.",AC-0380,EV-008;EV-001;EV-011;EV-012,ERR-REV-001;ERR-AUTH-001,Inspection Project.xlsx | Inspection Excution-Level2Flow | row 25
MVP1-M06-025,Level 2 Review & Resubmission,Approve Inspection,MVP1 Mandatory,P10,"SB10 Level 2 Review, Return and Version Control",SB10,Web Portal,SCR-WEB-300;SCR-WEB-310,Submitted->Under Review->Approved/Returned/Rejected,STM-REV-001;STM-REV-002;STM-REV-003;STM-REV-004,"Click Approve -> Validate inspection, permanently lock latest version, update status to Approved, trigger Compliance Management, notify inspector and update timeline.",AC-0381,EV-008;EV-003;EV-001;EV-011;EV-012,ERR-REV-001;ERR-AUTH-001,Inspection Project.xlsx | Inspection Excution-Level2Flow | row 26
MVP1-M06-026,Level 2 Review & Resubmission,Reject Inspection,MVP1 Mandatory,P10,"SB10 Level 2 Review, Return and Version Control",SB10,Web Portal,SCR-WEB-300;SCR-WEB-310,Submitted->Under Review->Approved/Returned/Rejected,STM-REV-001;STM-REV-002;STM-REV-003;STM-REV-004,"Click Reject -> Require rejection reason, update workflow to Rejected, close inspection, notify inspector and update timeline.",AC-0382,EV-008;EV-003;EV-001;EV-011;EV-012,ERR-REV-001;ERR-AUTH-001,Inspection Project.xlsx | Inspection Excution-Level2Flow | row 27
MVP1-M06-027,Level 2 Review & Resubmission,Generate Audit Events,MVP1 Mandatory,P10,"SB10 Level 2 Review, Return and Version Control",SB10,Web Portal,SCR-WEB-300;SCR-WEB-310,Submitted->Under Review->Approved/Returned/Rejected,STM-REV-001;STM-REV-002;STM-REV-003;STM-REV-004,"None -> Record review opened, comments, approval, return, rejection, version viewed and timeline viewed.",AC-0383,EV-008;EV-003;EV-001;EV-011;EV-012,ERR-REV-001;ERR-AUTH-001,Inspection Project.xlsx | Inspection Excution-Level2Flow | row 28
MVP1-M06-028,Level 2 Review & Resubmission,Handle Review Errors,MVP1 Mandatory,P10,"SB10 Level 2 Review, Return and Version Control",SB10,Web Portal,SCR-WEB-300;SCR-WEB-310,Submitted->Under Review->Approved/Returned/Rejected,STM-REV-001;STM-REV-002;STM-REV-003;STM-REV-004,"Retry -> Handle workflow failures, repository failures and validation failures while preserving review integrity.",AC-0384,EV-008;EV-003;EV-001;EV-011;EV-012,ERR-REV-001;ERR-AUTH-001,Inspection Project.xlsx | Inspection Excution-Level2Flow | row 29
MVP1-M06-029,Level 2 Review & Resubmission,Reviewer Queue,MVP1 Mandatory,P10,"SB10 Level 2 Review, Return and Version Control",SB10,Web Portal,SCR-WEB-300;SCR-WEB-310,Submitted->Under Review->Approved/Returned/Rejected,STM-REV-001;STM-REV-002;STM-REV-003;STM-REV-004,"Open queue, view assigned inspections. -> Load inspections with status Pending Review assigned to the reviewer.",AC-0385,EV-008;EV-003;EV-001;EV-011;EV-012,ERR-REV-001;ERR-AUTH-001,Inspection Project.xlsx | Inspection Excution-Level2Flow | row 30
MVP1-M06-030,Level 2 Review & Resubmission,Queue Filters & Search,MVP1 Mandatory,P10,"SB10 Level 2 Review, Return and Version Control",SB10,Web Portal,SCR-WEB-300;SCR-WEB-310,Submitted->Under Review->Approved/Returned/Rejected,STM-REV-001;STM-REV-002;STM-REV-003;STM-REV-004,"Search/filter by inspection number, factory, inspector, risk, date, status, region. -> Apply filters and return matching inspections.",AC-0386,EV-008;EV-003;EV-001;EV-011;EV-012,ERR-REV-001;ERR-AUTH-001,Inspection Project.xlsx | Inspection Excution-Level2Flow | row 31
MVP1-M06-031,Level 2 Review & Resubmission,SLA & Risk Indicators,MVP1 Mandatory,P10,"SB10 Level 2 Review, Return and Version Control",SB10,Web Portal,SCR-WEB-300;SCR-WEB-310,Submitted->Under Review->Approved/Returned/Rejected,STM-REV-001;STM-REV-002;STM-REV-003;STM-REV-004,"View SLA/risk badges. -> Display SLA status, overdue flag, risk level, critical violations count.",AC-0387,EV-008;EV-003;EV-001;EV-011;EV-012,ERR-REV-001;ERR-AUTH-001,Inspection Project.xlsx | Inspection Excution-Level2Flow | row 32
MVP1-M06-032,Level 2 Review & Resubmission,Open Inspection From Queue,MVP1 Mandatory,P10,"SB10 Level 2 Review, Return and Version Control",SB10,Web Portal,SCR-WEB-300;SCR-WEB-310,Submitted->Under Review->Approved/Returned/Rejected,STM-REV-001;STM-REV-002;STM-REV-003;STM-REV-004,Click inspection record. -> Load latest submitted version in read-only mode.,AC-0388,EV-008;EV-003;EV-001;EV-011;EV-012,ERR-REV-001;ERR-AUTH-001,Inspection Project.xlsx | Inspection Excution-Level2Flow | row 33
MVP1-M06-033,Level 2 Review & Resubmission,Review Workspace,MVP1 Mandatory,P10,"SB10 Level 2 Review, Return and Version Control",SB10,Web Portal,SCR-WEB-300;SCR-WEB-310,Submitted->Under Review->Approved/Returned/Rejected,STM-REV-001;STM-REV-002;STM-REV-003;STM-REV-004,"Review submitted package. -> Load report, checklist, evidence, factory observations, action forms, violations, timeline, audit, versions.",AC-0389,EV-008;EV-003;EV-001;EV-011;EV-012,ERR-REV-001;ERR-AUTH-001,Inspection Project.xlsx | Inspection Excution-Level2Flow | row 34
MVP1-M06-034,Level 2 Review & Resubmission,Review Factory Observations,MVP1 Mandatory,P10,"SB10 Level 2 Review, Return and Version Control",SB10,Web Portal,SCR-WEB-300;SCR-WEB-310,Submitted->Under Review->Approved/Returned/Rejected,STM-REV-001;STM-REV-002;STM-REV-003;STM-REV-004,"View source/observed values and evidence. -> Display Source Value, Observed Value, Verified/Updated status, Before/After, evidence.",AC-0390,EV-008;EV-003;EV-001;EV-011;EV-012,ERR-REV-001;ERR-AUTH-001,Inspection Project.xlsx | Inspection Excution-Level2Flow | row 35
MVP1-M06-035,Level 2 Review & Resubmission,Review Inspection Report,MVP1 Mandatory,P10,"SB10 Level 2 Review, Return and Version Control",SB10,Web Portal,SCR-WEB-300;SCR-WEB-310,Submitted->Under Review->Approved/Returned/Rejected,STM-REV-001;STM-REV-002;STM-REV-003;STM-REV-004,View report fields and attachments. -> Render report in read-only mode from submitted version.,AC-0391,EV-008;EV-003;EV-001;EV-011;EV-012,ERR-REV-001;ERR-AUTH-001,Inspection Project.xlsx | Inspection Excution-Level2Flow | row 36
MVP1-M06-036,Level 2 Review & Resubmission,Review Checklist,MVP1 Mandatory,P10,"SB10 Level 2 Review, Return and Version Control",SB10,Web Portal,SCR-WEB-300;SCR-WEB-310,Submitted->Under Review->Approved/Returned/Rejected,STM-REV-001;STM-REV-002;STM-REV-003;STM-REV-004,"View answers, comments, violations, evidence. -> Display required/optional items, answers, generated violations, penalties, corrective actions.",AC-0392,EV-008;EV-003;EV-001;EV-011;EV-012,ERR-REV-001;ERR-AUTH-001,Inspection Project.xlsx | Inspection Excution-Level2Flow | row 37
MVP1-M06-037,Level 2 Review & Resubmission,Review Evidence,MVP1 Mandatory,P10,"SB10 Level 2 Review, Return and Version Control",SB10,Web Portal,SCR-WEB-300;SCR-WEB-310,Submitted->Under Review->Approved/Returned/Rejected,STM-REV-001;STM-REV-002;STM-REV-003;STM-REV-004,"Preview photos, videos, documents, annotations. -> Display evidence grouped by source: factory data, report, item, action form.",AC-0393,EV-008;EV-003;EV-001;EV-011;EV-012,ERR-REV-001;ERR-AUTH-001,Inspection Project.xlsx | Inspection Excution-Level2Flow | row 38
MVP1-M06-038,Level 2 Review & Resubmission,Review Action Forms,MVP1 Mandatory,P10,"SB10 Level 2 Review, Return and Version Control",SB10,Web Portal,SCR-WEB-300;SCR-WEB-310,Submitted->Under Review->Approved/Returned/Rejected,STM-REV-001;STM-REV-002;STM-REV-003;STM-REV-004,"Open generated forms. -> Display completed action forms, attachments, signatures/refusals.",AC-0394,EV-008;EV-003;EV-001;EV-011;EV-012,ERR-REV-001;ERR-AUTH-001,Inspection Project.xlsx | Inspection Excution-Level2Flow | row 39
MVP1-M06-039,Level 2 Review & Resubmission,Review Timeline & Audit,MVP1 Mandatory,P10,"SB10 Level 2 Review, Return and Version Control",SB10,Web Portal,SCR-WEB-300;SCR-WEB-310,Submitted->Under Review->Approved/Returned/Rejected,STM-REV-001;STM-REV-002;STM-REV-003;STM-REV-004,View timeline and audit. -> Display immutable timeline and audit events from planning to submission.,AC-0395,EV-008;EV-003;EV-001;EV-011;EV-012,ERR-REV-001;ERR-AUTH-001,Inspection Project.xlsx | Inspection Excution-Level2Flow | row 40
MVP1-M06-040,Level 2 Review & Resubmission,Review Version History,MVP1 Mandatory,P11,"SB10 Review Decision Workflow; SB17 Returned Inspection Correction, Resubmission and Version Comparison",SB10/SB17,Web Portal,SCR-WEB-320;SCR-IPAD-670,Returned->Correction In Progress->Resubmitted->Under Review,STM-COR-001;STM-COR-002,Open/compare versions. -> Display all submitted versions and differences between them.,AC-0396,EV-008;EV-001;EV-011;EV-012,ERR-REV-001;ERR-AUTH-001,Inspection Project.xlsx | Inspection Excution-Level2Flow | row 41
MVP1-M06-041,Level 2 Review & Resubmission,Receive Returned Inspection,MVP1 Mandatory,P11,"SB10 Review Decision Workflow; SB17 Returned Inspection Correction, Resubmission and Version Comparison",SB10/SB17,Web Portal,SCR-WEB-320;SCR-IPAD-670,Returned->Correction In Progress->Resubmitted->Under Review,STM-COR-001;STM-COR-002,Open returned inspection. -> Notify inspector and show returned inspection in assigned work.,AC-0397,EV-008;EV-001;EV-011;EV-012,ERR-REV-001;ERR-AUTH-001,Inspection Project.xlsx | Inspection Excution-Level2Flow | row 42
MVP1-M06-042,Level 2 Review & Resubmission,Display Return Details,MVP1 Mandatory,P11,"SB10 Review Decision Workflow; SB17 Returned Inspection Correction, Resubmission and Version Comparison",SB10/SB17,Web Portal,SCR-WEB-320;SCR-IPAD-670,Returned->Correction In Progress->Resubmitted->Under Review,STM-COR-001;STM-COR-002,"Review reason, comments, returned sections. -> Display return reason, reviewer comments, returned sections, related fields/items/forms.",AC-0398,EV-008;EV-001;EV-011;EV-012,ERR-REV-001;ERR-AUTH-001,Inspection Project.xlsx | Inspection Excution-Level2Flow | row 43
MVP1-M06-043,Level 2 Review & Resubmission,Unlock Returned Sections,MVP1 Mandatory,P11,"SB10 Review Decision Workflow; SB17 Returned Inspection Correction, Resubmission and Version Comparison",SB10/SB17,Web Portal,SCR-WEB-320;SCR-IPAD-670,Returned->Correction In Progress->Resubmitted->Under Review,STM-COR-001;STM-COR-002,Edit returned sections only. -> Unlock returned sections and keep non-returned sections read-only.,AC-0399,EV-008;EV-001;EV-011;EV-012,ERR-REV-001;ERR-AUTH-001,Inspection Project.xlsx | Inspection Excution-Level2Flow | row 44
MVP1-M06-044,Level 2 Review & Resubmission,Save Returned Updates,MVP1 Mandatory,P11,"SB10 Review Decision Workflow; SB17 Returned Inspection Correction, Resubmission and Version Comparison",SB10/SB17,Web Portal,SCR-WEB-320;SCR-IPAD-670,Returned->Correction In Progress->Resubmitted->Under Review,STM-COR-001;STM-COR-002,"Save draft. -> Save edits, evidence changes, comments, and updated values.",AC-0400,EV-008;EV-001;EV-011;EV-012,ERR-REV-001;ERR-AUTH-001,Inspection Project.xlsx | Inspection Excution-Level2Flow | row 45
MVP1-M06-045,Level 2 Review & Resubmission,Resubmit Returned Inspection,MVP1 Mandatory,P11,"SB10 Review Decision Workflow; SB17 Returned Inspection Correction, Resubmission and Version Comparison",SB10/SB17,Web Portal,SCR-WEB-320;SCR-IPAD-670,Returned->Correction In Progress->Resubmitted->Under Review,STM-COR-001;STM-COR-002,"Click Resubmit. -> Validate returned sections, create new submission version, lock version, status → Pending Review, notify reviewer.",AC-0401,EV-008;EV-001;EV-011;EV-012,ERR-REV-001;ERR-AUTH-001,Inspection Project.xlsx | Inspection Excution-Level2Flow | row 46
MVP1-M06-046,Level 2 Review & Resubmission,Compare Returned Versions,MVP1 Mandatory,P11,"SB10 Review Decision Workflow; SB17 Returned Inspection Correction, Resubmission and Version Comparison",SB10/SB17,Web Portal,SCR-WEB-320;SCR-IPAD-670,Returned->Correction In Progress->Resubmitted->Under Review,STM-COR-001;STM-COR-002,Compare previous vs latest. -> Highlight changes between previous submitted version and resubmitted version.,AC-0402,EV-008;EV-001;EV-011;EV-012,ERR-REV-001;ERR-AUTH-001,Inspection Project.xlsx | Inspection Excution-Level2Flow | row 47
MVP1-M06-047,Level 2 Review & Resubmission,Create Submission Version,MVP1 Mandatory,P11,"SB10 Review Decision Workflow; SB17 Returned Inspection Correction, Resubmission and Version Comparison",SB10/SB17,Web Portal,SCR-WEB-320;SCR-IPAD-670,Returned->Correction In Progress->Resubmitted->Under Review,STM-COR-001;STM-COR-002,"None -> Create immutable version containing report, checklist, evidence, observations, action forms, comments, timeline snapshot.",AC-0403,EV-008;EV-001;EV-011;EV-012,ERR-REV-001;ERR-AUTH-001,Inspection Project.xlsx | Inspection Excution-Level2Flow | row 48
MVP1-M06-048,Level 2 Review & Resubmission,Maintain Version History,MVP1 Mandatory,P11,"SB10 Review Decision Workflow; SB17 Returned Inspection Correction, Resubmission and Version Comparison",SB10/SB17,Web Portal,SCR-WEB-320;SCR-IPAD-670,Returned->Correction In Progress->Resubmitted->Under Review,STM-COR-001;STM-COR-002,"View versions. -> Store each submitted version with version number, timestamp, inspector, reviewer decision.",AC-0404,EV-008;EV-001;EV-011;EV-012,ERR-REV-001;ERR-AUTH-001,Inspection Project.xlsx | Inspection Excution-Level2Flow | row 49
MVP1-M06-049,Level 2 Review & Resubmission,Audit Reviewer Decision,MVP1 Mandatory,P10,"SB10 Level 2 Review, Return and Version Control",SB10,Web Portal,SCR-WEB-300;SCR-WEB-310,Submitted->Under Review->Approved/Returned/Rejected,STM-REV-001;STM-REV-002;STM-REV-003;STM-REV-004,"None -> Log reviewer ID, decision, reason, comments, affected sections, previous status, new status, timestamp.",AC-0405,EV-008;EV-003;EV-001;EV-011;EV-012,ERR-REV-001;ERR-AUTH-001,Inspection Project.xlsx | Inspection Excution-Level2Flow | row 50
MVP1-M06-050,Level 2 Review & Resubmission,Audit Returned Edits,MVP1 Mandatory,P11,"SB10 Review Decision Workflow; SB17 Returned Inspection Correction, Resubmission and Version Comparison",SB10/SB17,Web Portal,SCR-WEB-320;SCR-IPAD-670,Returned->Correction In Progress->Resubmitted->Under Review,STM-COR-001;STM-COR-002,"None -> Log edited sections, changed fields, evidence updates, comments, resubmission timestamp.",AC-0406,EV-008;EV-001;EV-011;EV-012,ERR-REV-001;ERR-AUTH-001,Inspection Project.xlsx | Inspection Excution-Level2Flow | row 51
MVP1-M06-051,Level 2 Review & Resubmission,Timeline Event Generation,MVP1 Mandatory,P10,"SB10 Level 2 Review, Return and Version Control",SB10,Web Portal,SCR-WEB-300;SCR-WEB-310,Submitted->Under Review->Approved/Returned/Rejected,STM-REV-001;STM-REV-002;STM-REV-003;STM-REV-004,"View timeline. -> Create timeline events: Submitted, Review Opened, Returned, Resubmitted, Approved, Rejected.",AC-0407,EV-008;EV-003;EV-001;EV-011;EV-012,ERR-REV-001;ERR-AUTH-001,Inspection Project.xlsx | Inspection Excution-Level2Flow | row 52
MVP1-M06-052,Level 2 Review & Resubmission,Reviewer Comments Immutability,MVP1 Mandatory,P10,"SB10 Level 2 Review, Return and Version Control",SB10,Web Portal,SCR-WEB-300;SCR-WEB-310,Submitted->Under Review->Approved/Returned/Rejected,STM-REV-001;STM-REV-002;STM-REV-003;STM-REV-004,Add comment where allowed. -> Store reviewer comments as immutable records.,AC-0408,EV-008;EV-003;EV-001;EV-011;EV-012,ERR-REV-001;ERR-AUTH-001,Inspection Project.xlsx | Inspection Excution-Level2Flow | row 53
MVP1-M06-053,Level 2 Review & Resubmission,Version Comparison,MVP1 Mandatory,P11,"SB10 Review Decision Workflow; SB17 Returned Inspection Correction, Resubmission and Version Comparison",SB10/SB17,Web Portal,SCR-WEB-320;SCR-IPAD-670,Returned->Correction In Progress->Resubmitted->Under Review,STM-COR-001;STM-COR-002,"Compare selected versions. -> Display before/after differences between versions including changed fields, evidence, items, action forms.",AC-0409,EV-008;EV-001;EV-011;EV-012,ERR-REV-001;ERR-AUTH-001,Inspection Project.xlsx | Inspection Excution-Level2Flow | row 54
MVP1-M07-001,Factory 360,Factory Profile Page,MVP1 Mandatory,P12,"SB11 Factory 360 - Profile, History and Compliance View",SB11,Web Portal,SCR-WEB-400,Reviewed Outcome->Historical/Operational Update (read/aggregate),(read-side; ENG-12 audit-sourced),"Open factory profile. -> Load factory master profile, license, CR, visits, inspections, violations, penalties, scores, timeline.",AC-0410,EV-001;EV-001;EV-011;EV-012,ERR-OPS-001;ERR-AUTH-001,Inspection Project.xlsx | Factory 360 | row 2
MVP1-M07-002,Factory 360,Factory Overview,MVP1 Mandatory,P12,"SB11 Factory 360 - Profile, History and Compliance View",SB11,Web Portal,SCR-WEB-400,Reviewed Outcome->Historical/Operational Update (read/aggregate),(read-side; ENG-12 audit-sourced),"View overview. -> Display factory name, CR, license, status, stage, activity, sector, region, city.",AC-0411,EV-001;EV-001;EV-011;EV-012,ERR-OPS-001;ERR-AUTH-001,Inspection Project.xlsx | Factory 360 | row 3
MVP1-M07-003,Factory 360,License Information,MVP1 Mandatory,P12,"SB11 Factory 360 - Profile, History and Compliance View",SB11,Web Portal,SCR-WEB-400,Reviewed Outcome->Historical/Operational Update (read/aggregate),(read-side; ENG-12 audit-sourced),"View license details. -> Display license number, status, stage, issue date, expiry date, activity, license holder.",AC-0412,EV-001;EV-001;EV-011;EV-012,ERR-OPS-001;ERR-AUTH-001,Inspection Project.xlsx | Factory 360 | row 4
MVP1-M07-004,Factory 360,CR Information,MVP1 Mandatory,P12,"SB11 Factory 360 - Profile, History and Compliance View",SB11,Web Portal,SCR-WEB-400,Reviewed Outcome->Historical/Operational Update (read/aggregate),(read-side; ENG-12 audit-sourced),"View CR information. -> Display CR number, legal name, CR status, owner details if available.",AC-0413,EV-001;EV-001;EV-011;EV-012,ERR-OPS-001;ERR-AUTH-001,Inspection Project.xlsx | Factory 360 | row 5
MVP1-M07-005,Factory 360,Location & Map,MVP1 Mandatory,P12,"SB11 Factory 360 - Profile, History and Compliance View",SB11,Web Portal,SCR-WEB-400,Reviewed Outcome->Historical/Operational Update (read/aggregate),(read-side; ENG-12 audit-sourced),"View map and pins. -> Show license pin, planner pin if available, actual observed locations from inspections, GPS override history.",AC-0414,EV-001;EV-001;EV-011;EV-012,ERR-OPS-001;ERR-AUTH-001,Inspection Project.xlsx | Factory 360 | row 6
MVP1-M07-006,Factory 360,Products,MVP1 Mandatory,P12,"SB11 Factory 360 - Profile, History and Compliance View",SB11,Web Portal,SCR-WEB-400,Reviewed Outcome->Historical/Operational Update (read/aggregate),(read-side; ENG-12 audit-sourced),"View product list. -> Load products, HS codes, production details if available.",AC-0415,EV-001;EV-001;EV-011;EV-012,ERR-OPS-001;ERR-AUTH-001,Inspection Project.xlsx | Factory 360 | row 7
MVP1-M07-007,Factory 360,Raw Materials,MVP1 Mandatory,P12,"SB11 Factory 360 - Profile, History and Compliance View",SB11,Web Portal,SCR-WEB-400,Reviewed Outcome->Historical/Operational Update (read/aggregate),(read-side; ENG-12 audit-sourced),View raw materials. -> Load raw material list from synchronized source.,AC-0416,EV-001;EV-001;EV-011;EV-012,ERR-OPS-001;ERR-AUTH-001,Inspection Project.xlsx | Factory 360 | row 8
MVP1-M07-008,Factory 360,Workforce,MVP1 Mandatory,P12,"SB11 Factory 360 - Profile, History and Compliance View",SB11,Web Portal,SCR-WEB-400,Reviewed Outcome->Historical/Operational Update (read/aggregate),(read-side; ENG-12 audit-sourced),View employee data. -> Display employee count and related workforce fields.,AC-0417,EV-001;EV-001;EV-011;EV-012,ERR-OPS-001;ERR-AUTH-001,Inspection Project.xlsx | Factory 360 | row 9
MVP1-M07-009,Factory 360,Investment & Capacity,MVP1 Mandatory,P12,"SB11 Factory 360 - Profile, History and Compliance View",SB11,Web Portal,SCR-WEB-400,Reviewed Outcome->Historical/Operational Update (read/aggregate),(read-side; ENG-12 audit-sourced),"View indicators. -> Display investment size, capacity, industrial indicators.",AC-0418,EV-001;EV-001;EV-011;EV-012,ERR-OPS-001;ERR-AUTH-001,Inspection Project.xlsx | Factory 360 | row 10
MVP1-M07-010,Factory 360,Visit History,MVP1 Mandatory,P12,"SB11 Factory 360 - Profile, History and Compliance View",SB11,Web Portal,SCR-WEB-400,Reviewed Outcome->Historical/Operational Update (read/aggregate),(read-side; ENG-12 audit-sourced),"View visits, open visit. -> Display planned, cancelled, completed, expired visits with status and dates.",AC-0419,EV-001;EV-001;EV-011;EV-012,ERR-OPS-001;ERR-AUTH-001,Inspection Project.xlsx | Factory 360 | row 11
MVP1-M07-011,Factory 360,Inspection History,MVP1 Mandatory,P12,"SB11 Factory 360 - Profile, History and Compliance View",SB11,Web Portal,SCR-WEB-400,Reviewed Outcome->Historical/Operational Update (read/aggregate),(read-side; ENG-12 audit-sourced),"Open inspection. -> Display submitted, approved, returned, rejected inspections with inspector, result, date.",AC-0420,EV-001;EV-001;EV-011;EV-012,ERR-OPS-001;ERR-AUTH-001,Inspection Project.xlsx | Factory 360 | row 12
MVP1-M07-012,Factory 360,Violations & Penalties,MVP1 Mandatory,P12,"SB11 Factory 360 - Profile, History and Compliance View",SB11,Web Portal,SCR-WEB-400,Reviewed Outcome->Historical/Operational Update (read/aggregate),(read-side; ENG-12 audit-sourced),"View violations/penalties. -> Display open/closed violations, penalties, corrective actions, issue dates, due dates.",AC-0421,EV-001;EV-001;EV-011;EV-012,ERR-OPS-001;ERR-AUTH-001,Inspection Project.xlsx | Factory 360 | row 13
MVP1-M07-013,Factory 360,Corrective Actions,MVP1 Mandatory,P12,"SB11 Factory 360 - Profile, History and Compliance View",SB11,Web Portal,SCR-WEB-400,Reviewed Outcome->Historical/Operational Update (read/aggregate),(read-side; ENG-12 audit-sourced),"View action status. -> Display corrective action, source violation, due date, status, evidence if any.",AC-0422,EV-001;EV-001;EV-011;EV-012,ERR-OPS-001;ERR-AUTH-001,Inspection Project.xlsx | Factory 360 | row 14
MVP1-M07-014,Factory 360,Factory Health Score,MVP1 Mandatory,P12,"SB11 Factory 360 - Profile, History and Compliance View",SB11,Web Portal,SCR-WEB-400,Reviewed Outcome->Historical/Operational Update (read/aggregate),(read-side; ENG-12 audit-sourced),"View score details. -> Display current score, score history, score drivers, last recalculation date.",AC-0423,EV-001;EV-001;EV-011;EV-012,ERR-OPS-001;ERR-AUTH-001,Inspection Project.xlsx | Factory 360 | row 15
MVP1-M07-015,Factory 360,Risk Profile,MVP1 Mandatory,P12,"SB11 Factory 360 - Profile, History and Compliance View",SB11,Web Portal,SCR-WEB-400,Reviewed Outcome->Historical/Operational Update (read/aggregate),(read-side; ENG-12 audit-sourced),"View risk profile. -> Display current risk level, risk drivers, risk history, related violations.",AC-0424,EV-001;EV-001;EV-011;EV-012,ERR-OPS-001;ERR-AUTH-001,Inspection Project.xlsx | Factory 360 | row 16
MVP1-M07-016,Factory 360,Documents & Evidence,MVP1 Mandatory,P12,"SB11 Factory 360 - Profile, History and Compliance View",SB11,Web Portal,SCR-WEB-400,Reviewed Outcome->Historical/Operational Update (read/aggregate),(read-side; ENG-12 audit-sourced),"Preview/download allowed documents. -> Display generated PDFs, inspection reports, penalty notices, evidence references.",AC-0425,EV-001;EV-001;EV-011;EV-012,ERR-OPS-001;ERR-AUTH-001,Inspection Project.xlsx | Factory 360 | row 17
MVP1-M07-017,Factory 360,Factory Timeline,MVP1 Mandatory,P12,"SB11 Factory 360 - Profile, History and Compliance View",SB11,Web Portal,SCR-WEB-400,Reviewed Outcome->Historical/Operational Update (read/aggregate),(read-side; ENG-12 audit-sourced),"View timeline. -> Display events: sync, visit planned, inspection submitted, approved, penalty issued, score updated.",AC-0426,EV-001;EV-001;EV-011;EV-012,ERR-OPS-001;ERR-AUTH-001,Inspection Project.xlsx | Factory 360 | row 18
MVP1-M07-018,Factory 360,Factory Card Link,MVP1 Mandatory,P12,"SB11 Factory 360 - Profile, History and Compliance View",SB11,Web Portal,SCR-WEB-400,Reviewed Outcome->Historical/Operational Update (read/aggregate),(read-side; ENG-12 audit-sourced),Click Open Factory 360°. -> Navigate to Factory 360° in new/detail view.,AC-0427,EV-001;EV-001;EV-011;EV-012,ERR-OPS-001;ERR-AUTH-001,Inspection Project.xlsx | Factory 360 | row 19
MVP1-M07-019,Factory 360,Access Control,MVP1 Mandatory,P12,"SB11 Factory 360 - Profile, History and Compliance View",SB11,Web Portal,SCR-WEB-400,Reviewed Outcome->Historical/Operational Update (read/aggregate),(read-side; ENG-12 audit-sourced),"View authorized sections. -> Apply role-based visibility for tabs, documents, evidence, penalties.",AC-0428,EV-001;EV-001;EV-011;EV-012,ERR-OPS-001;ERR-AUTH-001,Inspection Project.xlsx | Factory 360 | row 20
MVP1-M07-020,Factory 360,Error Handling,MVP1 Mandatory,P12,"SB11 Factory 360 - Profile, History and Compliance View",SB11,Web Portal,SCR-WEB-400,Reviewed Outcome->Historical/Operational Update (read/aggregate),(read-side; ENG-12 audit-sourced),Retry or view partial data. -> Show partial data with warning if a source is unavailable.,AC-0429,EV-001;EV-001;EV-011;EV-012,ERR-OPS-001;ERR-AUTH-001,Inspection Project.xlsx | Factory 360 | row 21
MVP1-M08-001,Operations Center,Command Center Dashboard,MVP1 Mandatory,P12;P03;P06A,"SB12 Operations Center - Command Dashboard, Live Map and Monitoring",SB12,Operations Center / Web Portal,SCR-WEB-500,Live operational states; Expiry via STM-VIS-003; telemetry via STM-JRN-*,STM-VIS-003;STM-JRN-001;STM-JRN-002;STM-JRN-003,"View live operations. -> Load live visits, inspectors, SLA, alerts, maps, risk indicators.",AC-0430,EV-010;EV-005;EV-001;EV-011;EV-012,ERR-OPS-001;ERR-AUTH-001,Inspection Project.xlsx | Ops center | row 2
MVP1-M08-002,Operations Center,Live Operations Map,MVP1 Mandatory,P12;P03;P06A,"SB12 Operations Center - Command Dashboard, Live Map and Monitoring",SB12,Operations Center / Web Portal,SCR-WEB-500,Live operational states; Expiry via STM-VIS-003; telemetry via STM-JRN-*,STM-VIS-003;STM-JRN-001;STM-JRN-002;STM-JRN-003,"Pan, zoom, filter, open pins. -> Display factory pins, inspector pins, active journeys, execution locations.",AC-0431,EV-010;EV-005;EV-001;EV-011;EV-012,ERR-OPS-001;ERR-AUTH-001,Inspection Project.xlsx | Ops center | row 3
MVP1-M08-003,Operations Center,Visit Monitoring,MVP1 Mandatory,P12;P03;P06A,"SB12 Operations Center - Command Dashboard, Live Map and Monitoring",SB12,Operations Center / Web Portal,SCR-WEB-500,Live operational states; Expiry via STM-VIS-003; telemetry via STM-JRN-*,STM-VIS-003;STM-JRN-001;STM-JRN-002;STM-JRN-003,"Filter/open visit. -> Display visits by operational state: New, Prepared, On the Way, Arrived, Executing, Submitted, Cancelled, Expired.",AC-0432,EV-010;EV-005;EV-001;EV-011;EV-012,ERR-OPS-001;ERR-AUTH-001,Inspection Project.xlsx | Ops center | row 4
MVP1-M08-004,Operations Center,Inspector Monitoring,MVP1 Mandatory,P12;P03;P06A,"SB12 Operations Center - Command Dashboard, Live Map and Monitoring",SB12,Operations Center / Web Portal,SCR-WEB-500,Live operational states; Expiry via STM-VIS-003; telemetry via STM-JRN-*,STM-VIS-003;STM-JRN-001;STM-JRN-002;STM-JRN-003,"View inspector workload/location. -> Display inspector availability, active visit, live location, offline/online state, workload.",AC-0433,EV-010;EV-005;EV-001;EV-011;EV-012,ERR-OPS-001;ERR-AUTH-001,Inspection Project.xlsx | Ops center | row 5
MVP1-M08-005,Operations Center,SLA Monitoring,MVP1 Mandatory,P12;P03;P06A,"SB12 Operations Center - Command Dashboard, Live Map and Monitoring",SB12,Operations Center / Web Portal,SCR-WEB-500,Live operational states; Expiry via STM-VIS-003; telemetry via STM-JRN-*,STM-VIS-003;STM-JRN-001;STM-JRN-002;STM-JRN-003,"View overdue items. -> Calculate overdue journey, execution, submission, review based on SLA rules.",AC-0434,EV-010;EV-005;EV-001;EV-011;EV-012,ERR-OPS-001;ERR-AUTH-001,Inspection Project.xlsx | Ops center | row 6
MVP1-M08-006,Operations Center,Risk Monitoring,MVP1 Mandatory,P12;P03;P06A,"SB12 Operations Center - Command Dashboard, Live Map and Monitoring",SB12,Operations Center / Web Portal,SCR-WEB-500,Live operational states; Expiry via STM-VIS-003; telemetry via STM-JRN-*,STM-VIS-003;STM-JRN-001;STM-JRN-002;STM-JRN-003,"View risk list/map. -> Display high-risk factories, critical violations, high-priority inspections.",AC-0435,EV-010;EV-005;EV-001;EV-011;EV-012,ERR-OPS-001;ERR-AUTH-001,Inspection Project.xlsx | Ops center | row 7
MVP1-M08-007,Operations Center,Alert Management,MVP1 Mandatory,P12;P03;P06A,"SB12 Operations Center - Command Dashboard, Live Map and Monitoring",SB12,Operations Center / Web Portal,SCR-WEB-500,Live operational states; Expiry via STM-VIS-003; telemetry via STM-JRN-*,STM-VIS-003;STM-JRN-001;STM-JRN-002;STM-JRN-003,"Open alert, acknowledge if allowed. -> Generate alerts for GPS override, missed visit, cancelled visit, offline inspector, stuck execution, overdue review.",AC-0436,EV-010;EV-005;EV-001;EV-011;EV-012,ERR-OPS-001;ERR-AUTH-001,Inspection Project.xlsx | Ops center | row 8
MVP1-M08-008,Operations Center,Drilldown to Visit,MVP1 Mandatory,P12;P03;P06A,"SB12 Operations Center - Command Dashboard, Live Map and Monitoring",SB12,Operations Center / Web Portal,SCR-WEB-500,Live operational states; Expiry via STM-VIS-003; telemetry via STM-JRN-*,STM-VIS-003;STM-JRN-001;STM-JRN-002;STM-JRN-003,"Click visit. -> Open visit detail with status, timeline, inspector, factory, execution mode.",AC-0437,EV-010;EV-005;EV-001;EV-011;EV-012,ERR-OPS-001;ERR-AUTH-001,Inspection Project.xlsx | Ops center | row 9
MVP1-M08-009,Operations Center,Drilldown to Factory 360°,MVP1 Mandatory,P12;P03;P06A,"SB12 Operations Center - Command Dashboard, Live Map and Monitoring",SB12,Operations Center / Web Portal,SCR-WEB-500,Live operational states; Expiry via STM-VIS-003; telemetry via STM-JRN-*,STM-VIS-003;STM-JRN-001;STM-JRN-002;STM-JRN-003,Click factory. -> Open Factory 360°.,AC-0438,EV-010;EV-005;EV-001;EV-011;EV-012,ERR-OPS-001;ERR-AUTH-001,Inspection Project.xlsx | Ops center | row 10
MVP1-M08-010,Operations Center,Branch / Region Filtering,MVP1 Mandatory,P12;P03;P06A,"SB12 Operations Center - Command Dashboard, Live Map and Monitoring",SB12,Operations Center / Web Portal,SCR-WEB-500,Live operational states; Expiry via STM-VIS-003; telemetry via STM-JRN-*,STM-VIS-003;STM-JRN-001;STM-JRN-002;STM-JRN-003,"Select branch/region/city. -> Filter all widgets, maps, lists, alerts by selected geography.",AC-0439,EV-010;EV-005;EV-001;EV-011;EV-012,ERR-OPS-001;ERR-AUTH-001,Inspection Project.xlsx | Ops center | row 11
MVP1-M08-011,Operations Center,Workload Monitoring,MVP1 Mandatory,P12;P03;P06A,"SB12 Operations Center - Command Dashboard, Live Map and Monitoring",SB12,Operations Center / Web Portal,SCR-WEB-500,Live operational states; Expiry via STM-VIS-003; telemetry via STM-JRN-*,STM-VIS-003;STM-JRN-001;STM-JRN-002;STM-JRN-003,"View workload. -> Display assigned, active, completed, overdue visits by inspector/branch.",AC-0440,EV-010;EV-005;EV-001;EV-011;EV-012,ERR-OPS-001;ERR-AUTH-001,Inspection Project.xlsx | Ops center | row 12
MVP1-M08-012,Operations Center,Cancellation Monitoring,MVP1 Mandatory,P12;P03;P06A,"SB12 Operations Center - Command Dashboard, Live Map and Monitoring",SB12,Operations Center / Web Portal,SCR-WEB-500,Live operational states; Expiry via STM-VIS-003; telemetry via STM-JRN-*,STM-VIS-003;STM-JRN-001;STM-JRN-002;STM-JRN-003,"View reasons. -> Display cancelled visits by reason, inspector, factory, region, date.",AC-0441,EV-010;EV-005;EV-001;EV-011;EV-012,ERR-OPS-001;ERR-AUTH-001,Inspection Project.xlsx | Ops center | row 13
MVP1-M08-013,Operations Center,GPS Override Monitoring,MVP1 Mandatory,P12;P03;P06A,"SB12 Operations Center - Command Dashboard, Live Map and Monitoring",SB12,Operations Center / Web Portal,SCR-WEB-500,Live operational states; Expiry via STM-VIS-003; telemetry via STM-JRN-*,STM-VIS-003;STM-JRN-001;STM-JRN-002;STM-JRN-003,View override events. -> Display GPS override records with planned vs actual location and inspector confirmation.,AC-0442,EV-010;EV-005;EV-001;EV-011;EV-012,ERR-OPS-001;ERR-AUTH-001,Inspection Project.xlsx | Ops center | row 14
MVP1-M08-014,Operations Center,Live Tracking History,MVP1 Mandatory,P12;P03;P06A,"SB12 Operations Center - Command Dashboard, Live Map and Monitoring",SB12,Operations Center / Web Portal,SCR-WEB-500,Live operational states; Expiry via STM-VIS-003; telemetry via STM-JRN-*,STM-VIS-003;STM-JRN-001;STM-JRN-002;STM-JRN-003,"View route history. -> Display journey path, timestamps, arrival point, actual location.",AC-0443,EV-010;EV-005;EV-001;EV-011;EV-012,ERR-OPS-001;ERR-AUTH-001,Inspection Project.xlsx | Ops center | row 15
MVP1-M08-015,Operations Center,Operational Timeline,MVP1 Mandatory,P12;P03;P06A,"SB12 Operations Center - Command Dashboard, Live Map and Monitoring",SB12,Operations Center / Web Portal,SCR-WEB-500,Live operational states; Expiry via STM-VIS-003; telemetry via STM-JRN-*,STM-VIS-003;STM-JRN-001;STM-JRN-002;STM-JRN-003,View timeline. -> Display key events from planning to review/compliance.,AC-0444,EV-010;EV-005;EV-001;EV-011;EV-012,ERR-OPS-001;ERR-AUTH-001,Inspection Project.xlsx | Ops center | row 16
MVP1-M08-016,Operations Center,Operations KPIs,MVP1 Mandatory,P12;P03;P06A,"SB12 Operations Center - Command Dashboard, Live Map and Monitoring",SB12,Operations Center / Web Portal,SCR-WEB-500,Live operational states; Expiry via STM-VIS-003; telemetry via STM-JRN-*,STM-VIS-003;STM-JRN-001;STM-JRN-002;STM-JRN-003,"View KPIs. -> Calculate visits planned, completed, cancelled, overdue, active inspectors, avg duration, SLA breach rate.",AC-0445,EV-010;EV-005;EV-001;EV-011;EV-012,ERR-OPS-001;ERR-AUTH-001,Inspection Project.xlsx | Ops center | row 17
MVP1-M08-017,Operations Center,Export Operational Data,MVP1 Mandatory,P12;P03;P06A,"SB12 Operations Center - Command Dashboard, Live Map and Monitoring",SB12,Operations Center / Web Portal,SCR-WEB-500,Live operational states; Expiry via STM-VIS-003; telemetry via STM-JRN-*,STM-VIS-003;STM-JRN-001;STM-JRN-002;STM-JRN-003,Export. -> Export filtered visits/alerts/KPIs according to permissions.,AC-0446,EV-010;EV-005;EV-001;EV-011;EV-012,ERR-OPS-001;ERR-AUTH-001,Inspection Project.xlsx | Ops center | row 18
MVP1-M08-018,Operations Center,Access Control,MVP1 Mandatory,P12;P03;P06A,"SB12 Operations Center - Command Dashboard, Live Map and Monitoring",SB12,Operations Center / Web Portal,SCR-WEB-500,Live operational states; Expiry via STM-VIS-003; telemetry via STM-JRN-*,STM-VIS-003;STM-JRN-001;STM-JRN-002;STM-JRN-003,"View permitted scope. -> Apply role, region, branch and permission restrictions.",AC-0447,EV-010;EV-005;EV-001;EV-011;EV-012,ERR-OPS-001;ERR-AUTH-001,Inspection Project.xlsx | Ops center | row 19
MVP1-M08-019,Operations Center,Error Handling,MVP1 Mandatory,P12;P03;P06A,"SB12 Operations Center - Command Dashboard, Live Map and Monitoring",SB12,Operations Center / Web Portal,SCR-WEB-500,Live operational states; Expiry via STM-VIS-003; telemetry via STM-JRN-*,STM-VIS-003;STM-JRN-001;STM-JRN-002;STM-JRN-003,Retry/refresh. -> Show partial dashboard if one data source fails; log failure; allow refresh.,AC-0448,EV-010;EV-005;EV-001;EV-011;EV-012,ERR-OPS-001;ERR-AUTH-001,Inspection Project.xlsx | Ops center | row 20
MVP1-M09-001,Compliance Configuration,Regulation Management,MVP1 Mandatory,P00,SB03 Compliance Configuration Admin; SB13 Compliance Runtime; SB18 Admin IA,SB03/SB13/SB18,Admin Portal,SCR-ADM-001;SCR-ADM-010;SCR-ADM-011;SCR-ADM-020;SCR-ADM-030;SCR-ADM-031;SCR-ADM-040;SCR-ADM-041;SCR-ADM-050;SCR-ADM-051;SCR-ADM-060;SCR-ADM-070;SCR-ADM-080;SCR-ADM-090,Config lifecycle Draft->Validated->Approved->Published->Locked (P00 state intent; ENG-03 governed),(config lifecycle via ENG-03; no runtime STM row),"Create, edit draft, deactivate, view regulation. -> Store regulation, status, effective date, attachments, issuing authority.",AC-0449,EV-002;EV-003;EV-001;EV-011;EV-012,ERR-PUB-001;ERR-AUTH-001,Inspection Project.xlsx | Complince | row 2
MVP1-M09-002,Compliance Configuration,Inspection Item Management,MVP1 Mandatory,P00,SB03 Compliance Configuration Admin; SB13 Compliance Runtime; SB18 Admin IA,SB03/SB13/SB18,Admin Portal,SCR-ADM-001;SCR-ADM-010;SCR-ADM-011;SCR-ADM-020;SCR-ADM-030;SCR-ADM-031;SCR-ADM-040;SCR-ADM-041;SCR-ADM-050;SCR-ADM-051;SCR-ADM-060;SCR-ADM-070;SCR-ADM-080;SCR-ADM-090,Config lifecycle Draft->Validated->Approved->Published->Locked (P00 state intent; ENG-03 governed),(config lifecycle via ENG-03; no runtime STM row),"Create inspection item, link to regulation, define response type, evidence rule. -> Store item configuration and make it available for packages.",AC-0450,EV-002;EV-003;EV-001;EV-011;EV-012,ERR-PUB-001;ERR-AUTH-001,Inspection Project.xlsx | Complince | row 3
MVP1-M09-003,Compliance Configuration,Violation Management,MVP1 Mandatory,P00,SB03 Compliance Configuration Admin; SB13 Compliance Runtime; SB18 Admin IA,SB03/SB13/SB18,Admin Portal,SCR-ADM-001;SCR-ADM-010;SCR-ADM-011;SCR-ADM-020;SCR-ADM-030;SCR-ADM-031;SCR-ADM-040;SCR-ADM-041;SCR-ADM-050;SCR-ADM-051;SCR-ADM-060;SCR-ADM-070;SCR-ADM-080;SCR-ADM-090,Config lifecycle Draft->Validated->Approved->Published->Locked (P00 state intent; ENG-03 governed),(config lifecycle via ENG-03; no runtime STM row),"Create violation, define severity, corrective action, grace period. -> Link violation to inspection item.",AC-0451,EV-002;EV-003;EV-001;EV-011;EV-012,ERR-PUB-001;ERR-AUTH-001,Inspection Project.xlsx | Complince | row 4
MVP1-M09-004,Compliance Configuration,Penalty Management,MVP1 Mandatory,P00,SB03 Compliance Configuration Admin; SB13 Compliance Runtime; SB18 Admin IA,SB03/SB13/SB18,Admin Portal,SCR-ADM-001;SCR-ADM-010;SCR-ADM-011;SCR-ADM-020;SCR-ADM-030;SCR-ADM-031;SCR-ADM-040;SCR-ADM-041;SCR-ADM-050;SCR-ADM-051;SCR-ADM-060;SCR-ADM-070;SCR-ADM-080;SCR-ADM-090,Config lifecycle Draft->Validated->Approved->Published->Locked (P00 state intent; ENG-03 governed),(config lifecycle via ENG-03; no runtime STM row),"Configure penalty type, amount if applicable, grace/due rules, linked template. -> Store one penalty against the violation.",AC-0452,EV-002;EV-003;EV-001;EV-011;EV-012,ERR-PUB-001;ERR-AUTH-001,Inspection Project.xlsx | Complince | row 5
MVP1-M09-005,Compliance Configuration,Evidence Rule Configuration,MVP1 Mandatory,P00,SB03 Compliance Configuration Admin; SB13 Compliance Runtime; SB18 Admin IA,SB03/SB13/SB18,Admin Portal,SCR-ADM-001;SCR-ADM-010;SCR-ADM-011;SCR-ADM-020;SCR-ADM-030;SCR-ADM-031;SCR-ADM-040;SCR-ADM-041;SCR-ADM-050;SCR-ADM-051;SCR-ADM-060;SCR-ADM-070;SCR-ADM-080;SCR-ADM-090,Config lifecycle Draft->Validated->Approved->Published->Locked (P00 state intent; ENG-03 governed),(config lifecycle via ENG-03; no runtime STM row),"Select required evidence types: photo, video, document, comment. -> Enforce evidence requirements during inspection execution.",AC-0453,EV-002;EV-003;EV-001;EV-011;EV-012,ERR-PUB-001;ERR-AUTH-001,Inspection Project.xlsx | Complince | row 6
MVP1-M09-006,Compliance Configuration,Report Package Management,MVP1 Mandatory,P00,SB03 Compliance Configuration Admin; SB13 Compliance Runtime; SB18 Admin IA,SB03/SB13/SB18,Admin Portal,SCR-ADM-001;SCR-ADM-010;SCR-ADM-011;SCR-ADM-020;SCR-ADM-030;SCR-ADM-031;SCR-ADM-040;SCR-ADM-041;SCR-ADM-050;SCR-ADM-051;SCR-ADM-060;SCR-ADM-070;SCR-ADM-080;SCR-ADM-090,Config lifecycle Draft->Validated->Approved->Published->Locked (P00 state intent; ENG-03 governed),(config lifecycle via ENG-03; no runtime STM row),"Create package, select form/report from Template Builder, attach inspection items. -> Store package definition and make it selectable during preparation.",AC-0454,EV-002;EV-003;EV-001;EV-011;EV-012,ERR-PUB-001;ERR-AUTH-001,Inspection Project.xlsx | Complince | row 7
MVP1-M09-007,Compliance Configuration,Package Item Assignment,MVP1 Mandatory,P00,SB03 Compliance Configuration Admin; SB13 Compliance Runtime; SB18 Admin IA,SB03/SB13/SB18,Admin Portal,SCR-ADM-001;SCR-ADM-010;SCR-ADM-011;SCR-ADM-020;SCR-ADM-030;SCR-ADM-031;SCR-ADM-040;SCR-ADM-041;SCR-ADM-050;SCR-ADM-051;SCR-ADM-060;SCR-ADM-070;SCR-ADM-080;SCR-ADM-090,Config lifecycle Draft->Validated->Approved->Published->Locked (P00 state intent; ENG-03 governed),(config lifecycle via ENG-03; no runtime STM row),"Add/remove items, mark required/optional, define order/category. -> Store package-item relationship.",AC-0455,EV-002;EV-003;EV-001;EV-011;EV-012,ERR-PUB-001;ERR-AUTH-001,Inspection Project.xlsx | Complince | row 8
MVP1-M09-008,Compliance Configuration,Dynamic Template Assignment,MVP1 Mandatory,P00,SB03 Compliance Configuration Admin; SB13 Compliance Runtime; SB18 Admin IA,SB03/SB13/SB18,Admin Portal,SCR-ADM-001;SCR-ADM-010;SCR-ADM-011;SCR-ADM-020;SCR-ADM-030;SCR-ADM-031;SCR-ADM-040;SCR-ADM-041;SCR-ADM-050;SCR-ADM-051;SCR-ADM-060;SCR-ADM-070;SCR-ADM-080;SCR-ADM-090,Config lifecycle Draft->Validated->Approved->Published->Locked (P00 state intent; ENG-03 governed),(config lifecycle via ENG-03; no runtime STM row),Select template from Dynamic Form/Template Builder. -> Store template reference and version.,AC-0456,EV-002;EV-003;EV-001;EV-011;EV-012,ERR-PUB-001;ERR-AUTH-001,Inspection Project.xlsx | Complince | row 9
MVP1-M09-009,Compliance Configuration,Action Form Trigger Configuration,MVP1 Mandatory,P00,SB03 Compliance Configuration Admin; SB13 Compliance Runtime; SB18 Admin IA,SB03/SB13/SB18,Admin Portal,SCR-ADM-001;SCR-ADM-010;SCR-ADM-011;SCR-ADM-020;SCR-ADM-030;SCR-ADM-031;SCR-ADM-040;SCR-ADM-041;SCR-ADM-050;SCR-ADM-051;SCR-ADM-060;SCR-ADM-070;SCR-ADM-080;SCR-ADM-090,Config lifecycle Draft->Validated->Approved->Published->Locked (P00 state intent; ENG-03 governed),(config lifecycle via ENG-03; no runtime STM row),Link action form template to violation/penalty where needed. -> Generate action form when configured trigger occurs.,AC-0457,EV-002;EV-003;EV-001;EV-011;EV-012,ERR-PUB-001;ERR-AUTH-001,Inspection Project.xlsx | Complince | row 10
MVP1-M09-010,Compliance Configuration,Configuration Versioning,MVP1 Mandatory,P00,SB03 Compliance Configuration Admin; SB13 Compliance Runtime; SB18 Admin IA,SB03/SB13/SB18,Admin Portal,SCR-ADM-001;SCR-ADM-010;SCR-ADM-011;SCR-ADM-020;SCR-ADM-030;SCR-ADM-031;SCR-ADM-040;SCR-ADM-041;SCR-ADM-050;SCR-ADM-051;SCR-ADM-060;SCR-ADM-070;SCR-ADM-080;SCR-ADM-090,Config lifecycle Draft->Validated->Approved->Published->Locked (P00 state intent; ENG-03 governed),(config lifecycle via ENG-03; no runtime STM row),Publish new version. -> Create immutable version of regulation/items/violations/penalties/package.,AC-0458,EV-002;EV-003;EV-001;EV-011;EV-012,ERR-PUB-001;ERR-AUTH-001,Inspection Project.xlsx | Complince | row 11
MVP1-M09-011,Compliance Configuration,Draft / Publish Lifecycle,MVP1 Mandatory,P00,SB03 Compliance Configuration Admin; SB13 Compliance Runtime; SB18 Admin IA,SB03/SB13/SB18,Admin Portal,SCR-ADM-001;SCR-ADM-010;SCR-ADM-011;SCR-ADM-020;SCR-ADM-030;SCR-ADM-031;SCR-ADM-040;SCR-ADM-041;SCR-ADM-050;SCR-ADM-051;SCR-ADM-060;SCR-ADM-070;SCR-ADM-080;SCR-ADM-090,Config lifecycle Draft->Validated->Approved->Published->Locked (P00 state intent; ENG-03 governed),(config lifecycle via ENG-03; no runtime STM row),"Save draft, validate, publish, deactivate. -> Validate dependencies before publish.",AC-0459,EV-002;EV-003;EV-001;EV-011;EV-012,ERR-PUB-001;ERR-AUTH-001,Inspection Project.xlsx | Complince | row 12
MVP1-M09-012,Compliance Configuration,Dependency Validation,MVP1 Mandatory,P00,SB03 Compliance Configuration Admin; SB13 Compliance Runtime; SB18 Admin IA,SB03/SB13/SB18,Admin Portal,SCR-ADM-001;SCR-ADM-010;SCR-ADM-011;SCR-ADM-020;SCR-ADM-030;SCR-ADM-031;SCR-ADM-040;SCR-ADM-041;SCR-ADM-050;SCR-ADM-051;SCR-ADM-060;SCR-ADM-070;SCR-ADM-080;SCR-ADM-090,Config lifecycle Draft->Validated->Approved->Published->Locked (P00 state intent; ENG-03 governed),(config lifecycle via ENG-03; no runtime STM row),"Click Publish. -> Validate regulation, items, response types, violations, penalties, evidence rules, templates.",AC-0460,EV-002;EV-003;EV-001;EV-011;EV-012,ERR-PUB-001;ERR-AUTH-001,Inspection Project.xlsx | Complince | row 13
MVP1-M09-013,Compliance Configuration,Impact Analysis,MVP1 Mandatory,P00,SB03 Compliance Configuration Admin; SB13 Compliance Runtime; SB18 Admin IA,SB03/SB13/SB18,Admin Portal,SCR-ADM-001;SCR-ADM-010;SCR-ADM-011;SCR-ADM-020;SCR-ADM-030;SCR-ADM-031;SCR-ADM-040;SCR-ADM-041;SCR-ADM-050;SCR-ADM-051;SCR-ADM-060;SCR-ADM-070;SCR-ADM-080;SCR-ADM-090,Config lifecycle Draft->Validated->Approved->Published->Locked (P00 state intent; ENG-03 governed),(config lifecycle via ENG-03; no runtime STM row),"View affected packages/items/templates. -> Display packages, active visits, and future executions affected by the change.",AC-0461,EV-002;EV-003;EV-001;EV-011;EV-012,ERR-PUB-001;ERR-AUTH-001,Inspection Project.xlsx | Complince | row 14
MVP1-M09-014,Compliance Configuration,Deactivation Rules,MVP1 Mandatory,P00,SB03 Compliance Configuration Admin; SB13 Compliance Runtime; SB18 Admin IA,SB03/SB13/SB18,Admin Portal,SCR-ADM-001;SCR-ADM-010;SCR-ADM-011;SCR-ADM-020;SCR-ADM-030;SCR-ADM-031;SCR-ADM-040;SCR-ADM-041;SCR-ADM-050;SCR-ADM-051;SCR-ADM-060;SCR-ADM-070;SCR-ADM-080;SCR-ADM-090,Config lifecycle Draft->Validated->Approved->Published->Locked (P00 state intent; ENG-03 governed),(config lifecycle via ENG-03; no runtime STM row),Deactivate with reason. -> Mark config inactive and prevent future use.,AC-0462,EV-002;EV-003;EV-001;EV-011;EV-012,ERR-PUB-001;ERR-AUTH-001,Inspection Project.xlsx | Complince | row 15
MVP1-M09-015,Compliance Configuration,Audit Trail,MVP1 Mandatory,P00,SB03 Compliance Configuration Admin; SB13 Compliance Runtime; SB18 Admin IA,SB03/SB13/SB18,Admin Portal,SCR-ADM-001;SCR-ADM-010;SCR-ADM-011;SCR-ADM-020;SCR-ADM-030;SCR-ADM-031;SCR-ADM-040;SCR-ADM-041;SCR-ADM-050;SCR-ADM-051;SCR-ADM-060;SCR-ADM-070;SCR-ADM-080;SCR-ADM-090,Config lifecycle Draft->Validated->Approved->Published->Locked (P00 state intent; ENG-03 governed),(config lifecycle via ENG-03; no runtime STM row),"None -> Log create, update, publish, deactivate, template link, item assignment.",AC-0463,EV-002;EV-003;EV-001;EV-011;EV-012,ERR-PUB-001;ERR-AUTH-001,Inspection Project.xlsx | Complince | row 16
MVP1-M09-016,Compliance Configuration,Inspection Section / Group Management,MVP1 Mandatory,P00,SB03 Compliance Configuration Admin; SB13 Compliance Runtime; SB18 Admin IA,SB03/SB13/SB18,Admin Portal,SCR-ADM-001;SCR-ADM-010;SCR-ADM-011;SCR-ADM-020;SCR-ADM-030;SCR-ADM-031;SCR-ADM-040;SCR-ADM-041;SCR-ADM-050;SCR-ADM-051;SCR-ADM-060;SCR-ADM-070;SCR-ADM-080;SCR-ADM-090,Config lifecycle Draft->Validated->Approved->Published->Locked (P00 state intent; ENG-03 governed),(config lifecycle via ENG-03; no runtime STM row),"Create section, name AR/EN, define order, assign items. -> Store section and render it in execution checklist.",AC-0464,EV-002;EV-003;EV-001;EV-011;EV-012,ERR-PUB-001;ERR-AUTH-001,Inspection Project.xlsx | Complince | row 17
MVP1-M09-017,Compliance Configuration,Item Display Order,MVP1 Mandatory,P00,SB03 Compliance Configuration Admin; SB13 Compliance Runtime; SB18 Admin IA,SB03/SB13/SB18,Admin Portal,SCR-ADM-001;SCR-ADM-010;SCR-ADM-011;SCR-ADM-020;SCR-ADM-030;SCR-ADM-031;SCR-ADM-040;SCR-ADM-041;SCR-ADM-050;SCR-ADM-051;SCR-ADM-060;SCR-ADM-070;SCR-ADM-080;SCR-ADM-090,Config lifecycle Draft->Validated->Approved->Published->Locked (P00 state intent; ENG-03 governed),(config lifecycle via ENG-03; no runtime STM row),Set item order. -> Save sort order and render items accordingly.,AC-0465,EV-002;EV-003;EV-001;EV-011;EV-012,ERR-PUB-001;ERR-AUTH-001,Inspection Project.xlsx | Complince | row 18
MVP1-M09-018,Compliance Configuration,Mandatory Rule,MVP1 Mandatory,P00,SB03 Compliance Configuration Admin; SB13 Compliance Runtime; SB18 Admin IA,SB03/SB13/SB18,Admin Portal,SCR-ADM-001;SCR-ADM-010;SCR-ADM-011;SCR-ADM-020;SCR-ADM-030;SCR-ADM-031;SCR-ADM-040;SCR-ADM-041;SCR-ADM-050;SCR-ADM-051;SCR-ADM-060;SCR-ADM-070;SCR-ADM-080;SCR-ADM-090,Config lifecycle Draft->Validated->Approved->Published->Locked (P00 state intent; ENG-03 governed),(config lifecycle via ENG-03; no runtime STM row),Select Required / Optional / Conditional. -> Store rule and enforce during execution.,AC-0466,EV-002;EV-003;EV-001;EV-011;EV-012,ERR-PUB-001;ERR-AUTH-001,Inspection Project.xlsx | Complince | row 19
MVP1-M09-019,Compliance Configuration,Response Mapping,MVP1 Mandatory,P00,SB03 Compliance Configuration Admin; SB13 Compliance Runtime; SB18 Admin IA,SB03/SB13/SB18,Admin Portal,SCR-ADM-001;SCR-ADM-010;SCR-ADM-011;SCR-ADM-020;SCR-ADM-030;SCR-ADM-031;SCR-ADM-040;SCR-ADM-041;SCR-ADM-050;SCR-ADM-051;SCR-ADM-060;SCR-ADM-070;SCR-ADM-080;SCR-ADM-090,Config lifecycle Draft->Validated->Approved->Published->Locked (P00 state intent; ENG-03 governed),(config lifecycle via ENG-03; no runtime STM row),Map each response to compliance result. -> Store mapping and use it during inspection execution.,AC-0467,EV-002;EV-003;EV-001;EV-011;EV-012,ERR-PUB-001;ERR-AUTH-001,Inspection Project.xlsx | Complince | row 20
MVP1-M09-020,Compliance Configuration,Compliance Result Mapping,MVP1 Mandatory,P00,SB03 Compliance Configuration Admin; SB13 Compliance Runtime; SB18 Admin IA,SB03/SB13/SB18,Admin Portal,SCR-ADM-001;SCR-ADM-010;SCR-ADM-011;SCR-ADM-020;SCR-ADM-030;SCR-ADM-031;SCR-ADM-040;SCR-ADM-041;SCR-ADM-050;SCR-ADM-051;SCR-ADM-060;SCR-ADM-070;SCR-ADM-080;SCR-ADM-090,Config lifecycle Draft->Validated->Approved->Published->Locked (P00 state intent; ENG-03 governed),(config lifecycle via ENG-03; no runtime STM row),Define Compliant / Non-Compliant / N/A / Needs Review. -> Evaluate response during execution and produce result.,AC-0468,EV-002;EV-003;EV-001;EV-011;EV-012,ERR-PUB-001;ERR-AUTH-001,Inspection Project.xlsx | Complince | row 21
MVP1-M09-021,Compliance Configuration,Conditional Item Logic,MVP1 Mandatory,P00,SB03 Compliance Configuration Admin; SB13 Compliance Runtime; SB18 Admin IA,SB03/SB13/SB18,Admin Portal,SCR-ADM-001;SCR-ADM-010;SCR-ADM-011;SCR-ADM-020;SCR-ADM-030;SCR-ADM-031;SCR-ADM-040;SCR-ADM-041;SCR-ADM-050;SCR-ADM-051;SCR-ADM-060;SCR-ADM-070;SCR-ADM-080;SCR-ADM-090,Config lifecycle Draft->Validated->Approved->Published->Locked (P00 state intent; ENG-03 governed),(config lifecycle via ENG-03; no runtime STM row),Define condition rules. -> Evaluate condition at runtime and show/hide items.,AC-0469,EV-002;EV-003;EV-001;EV-011;EV-012,ERR-PUB-001;ERR-AUTH-001,Inspection Project.xlsx | Complince | row 22
MVP1-M09-022,Compliance Configuration,Conditional Mandatory Logic,MVP1 Mandatory,P00,SB03 Compliance Configuration Admin; SB13 Compliance Runtime; SB18 Admin IA,SB03/SB13/SB18,Admin Portal,SCR-ADM-001;SCR-ADM-010;SCR-ADM-011;SCR-ADM-020;SCR-ADM-030;SCR-ADM-031;SCR-ADM-040;SCR-ADM-041;SCR-ADM-050;SCR-ADM-051;SCR-ADM-060;SCR-ADM-070;SCR-ADM-080;SCR-ADM-090,Config lifecycle Draft->Validated->Approved->Published->Locked (P00 state intent; ENG-03 governed),(config lifecycle via ENG-03; no runtime STM row),Define when item becomes mandatory. -> Enforce mandatory rule only when condition applies.,AC-0470,EV-002;EV-003;EV-001;EV-011;EV-012,ERR-PUB-001;ERR-AUTH-001,Inspection Project.xlsx | Complince | row 23
MVP1-M09-023,Compliance Configuration,Item Weight / Score,MVP1 Mandatory,P00,SB03 Compliance Configuration Admin; SB13 Compliance Runtime; SB18 Admin IA,SB03/SB13/SB18,Admin Portal,SCR-ADM-001;SCR-ADM-010;SCR-ADM-011;SCR-ADM-020;SCR-ADM-030;SCR-ADM-031;SCR-ADM-040;SCR-ADM-041;SCR-ADM-050;SCR-ADM-051;SCR-ADM-060;SCR-ADM-070;SCR-ADM-080;SCR-ADM-090,Config lifecycle Draft->Validated->Approved->Published->Locked (P00 state intent; ENG-03 governed),(config lifecycle via ENG-03; no runtime STM row),Enter weight/score. -> Store score and pass it to health/risk calculation after approval.,AC-0471,EV-002;EV-003;EV-001;EV-011;EV-012,ERR-PUB-001;ERR-AUTH-001,Inspection Project.xlsx | Complince | row 24
MVP1-M09-024,Compliance Configuration,Score Exclusion Rule,MVP1 Mandatory,P00,SB03 Compliance Configuration Admin; SB13 Compliance Runtime; SB18 Admin IA,SB03/SB13/SB18,Admin Portal,SCR-ADM-001;SCR-ADM-010;SCR-ADM-011;SCR-ADM-020;SCR-ADM-030;SCR-ADM-031;SCR-ADM-040;SCR-ADM-041;SCR-ADM-050;SCR-ADM-051;SCR-ADM-060;SCR-ADM-070;SCR-ADM-080;SCR-ADM-090,Config lifecycle Draft->Validated->Approved->Published->Locked (P00 state intent; ENG-03 governed),(config lifecycle via ENG-03; no runtime STM row),Enable/disable scoring. -> Mark item as excluded from score calculation.,AC-0472,EV-002;EV-003;EV-001;EV-011;EV-012,ERR-PUB-001;ERR-AUTH-001,Inspection Project.xlsx | Complince | row 25
MVP1-M09-025,Compliance Configuration,Response-Based Evidence Rule,MVP1 Mandatory,P00,SB03 Compliance Configuration Admin; SB13 Compliance Runtime; SB18 Admin IA,SB03/SB13/SB18,Admin Portal,SCR-ADM-001;SCR-ADM-010;SCR-ADM-011;SCR-ADM-020;SCR-ADM-030;SCR-ADM-031;SCR-ADM-040;SCR-ADM-041;SCR-ADM-050;SCR-ADM-051;SCR-ADM-060;SCR-ADM-070;SCR-ADM-080;SCR-ADM-090,Config lifecycle Draft->Validated->Approved->Published->Locked (P00 state intent; ENG-03 governed),(config lifecycle via ENG-03; no runtime STM row),Define evidence rule per response. -> Enforce evidence requirement at execution.,AC-0473,EV-002;EV-003;EV-001;EV-011;EV-012,ERR-PUB-001;ERR-AUTH-001,Inspection Project.xlsx | Complince | row 26
MVP1-M09-026,Compliance Configuration,Violation Trigger Rule,MVP1 Mandatory,P00,SB03 Compliance Configuration Admin; SB13 Compliance Runtime; SB18 Admin IA,SB03/SB13/SB18,Admin Portal,SCR-ADM-001;SCR-ADM-010;SCR-ADM-011;SCR-ADM-020;SCR-ADM-030;SCR-ADM-031;SCR-ADM-040;SCR-ADM-041;SCR-ADM-050;SCR-ADM-051;SCR-ADM-060;SCR-ADM-070;SCR-ADM-080;SCR-ADM-090,Config lifecycle Draft->Validated->Approved->Published->Locked (P00 state intent; ENG-03 governed),(config lifecycle via ENG-03; no runtime STM row),Link non-compliant result to violation. -> Generate violation when mapped response is selected.,AC-0474,EV-002;EV-003;EV-001;EV-011;EV-012,ERR-PUB-001;ERR-AUTH-001,Inspection Project.xlsx | Complince | row 27
MVP1-M09-027,Compliance Configuration,Action Form Requirement Rule,MVP1 Mandatory,P00,SB03 Compliance Configuration Admin; SB13 Compliance Runtime; SB18 Admin IA,SB03/SB13/SB18,Admin Portal,SCR-ADM-001;SCR-ADM-010;SCR-ADM-011;SCR-ADM-020;SCR-ADM-030;SCR-ADM-031;SCR-ADM-040;SCR-ADM-041;SCR-ADM-050;SCR-ADM-051;SCR-ADM-060;SCR-ADM-070;SCR-ADM-080;SCR-ADM-090,Config lifecycle Draft->Validated->Approved->Published->Locked (P00 state intent; ENG-03 governed),(config lifecycle via ENG-03; no runtime STM row),Mark action form optional/mandatory. -> Enforce completion if mandatory.,AC-0475,EV-002;EV-003;EV-001;EV-011;EV-012,ERR-PUB-001;ERR-AUTH-001,Inspection Project.xlsx | Complince | row 28
MVP1-M09-028,Compliance Configuration,Configuration Preview,MVP1 Mandatory,P00,SB03 Compliance Configuration Admin; SB13 Compliance Runtime; SB18 Admin IA,SB03/SB13/SB18,Admin Portal,SCR-ADM-001;SCR-ADM-010;SCR-ADM-011;SCR-ADM-020;SCR-ADM-030;SCR-ADM-031;SCR-ADM-040;SCR-ADM-041;SCR-ADM-050;SCR-ADM-051;SCR-ADM-060;SCR-ADM-070;SCR-ADM-080;SCR-ADM-090,Config lifecycle Draft->Validated->Approved->Published->Locked (P00 state intent; ENG-03 governed),(config lifecycle via ENG-03; no runtime STM row),Click Preview. -> Render package as it will appear to inspector.,AC-0476,EV-002;EV-003;EV-001;EV-011;EV-012,ERR-PUB-001;ERR-AUTH-001,Inspection Project.xlsx | Complince | row 29
MVP1-M09-029,Compliance Configuration,Publish Validation,MVP1 Mandatory,P00,SB03 Compliance Configuration Admin; SB13 Compliance Runtime; SB18 Admin IA,SB03/SB13/SB18,Admin Portal,SCR-ADM-001;SCR-ADM-010;SCR-ADM-011;SCR-ADM-020;SCR-ADM-030;SCR-ADM-031;SCR-ADM-040;SCR-ADM-041;SCR-ADM-050;SCR-ADM-051;SCR-ADM-060;SCR-ADM-070;SCR-ADM-080;SCR-ADM-090,Config lifecycle Draft->Validated->Approved->Published->Locked (P00 state intent; ENG-03 governed),(config lifecycle via ENG-03; no runtime STM row),"Click Publish. -> Validate sections, items, response mapping, violations, penalties, evidence, templates, action forms.",AC-0477,EV-002;EV-003;EV-001;EV-011;EV-012,ERR-PUB-001;ERR-AUTH-001,Inspection Project.xlsx | Complince | row 30
MVP1-M09-030,Compliance Configuration,Runtime Locking,MVP1 Mandatory,P00,SB03 Compliance Configuration Admin; SB13 Compliance Runtime; SB18 Admin IA,SB03/SB13/SB18,Admin Portal,SCR-ADM-001;SCR-ADM-010;SCR-ADM-011;SCR-ADM-020;SCR-ADM-030;SCR-ADM-031;SCR-ADM-040;SCR-ADM-041;SCR-ADM-050;SCR-ADM-051;SCR-ADM-060;SCR-ADM-070;SCR-ADM-080;SCR-ADM-090,Config lifecycle Draft->Validated->Approved->Published->Locked (P00 state intent; ENG-03 governed),(config lifecycle via ENG-03; no runtime STM row),None -> Lock published package version when selected for visit.,AC-0478,EV-002;EV-003;EV-001;EV-011;EV-012,ERR-PUB-001;ERR-AUTH-001,Inspection Project.xlsx | Complince | row 31
MVP1-FND-001,FND (foundation),"Identity, Authentication and Role-Based Access",MVP1 Foundation,ALL (P00-P12),Cross-cutting foundation consumed by all mapped journeys (ENG-12 + RBAC guard),SB02;SB20,All channels,ALL screens in scope of phases,Cross-cutting (state model integrity),(cross-cutting),"Users may access only the channels, data and actions granted by role and organizational scope; least privilege is mandatory.",FND-ACC-001,EV-001;EV-001;EV-011;EV-012,ERR-AUTH-001 (baseline),Strategic BRD/PDF via workbook sheet 03 MVP1 Foundations
MVP1-FND-002,FND (foundation),Canonical Status and Operational State Separation,MVP1 Foundation,ALL (P00-P12),Cross-cutting foundation consumed by all mapped journeys (ENG-03),SB20,All channels,ALL screens in scope of phases,Cross-cutting (state model integrity),ALL STM-* rows,"Visit planning status, journey operational state, inspection execution status, review status, virtual session state and sync state are separate controlled state models.",FND-ACC-002,EV-003;EV-001;EV-011;EV-012,ERR-AUTH-001 (baseline),Strategic BRD/PDF via workbook sheet 03 MVP1 Foundations
MVP1-FND-003,FND (foundation),Immutable Audit and Timeline Service,MVP1 Foundation,ALL (P00-P12),Cross-cutting foundation consumed by all mapped journeys (ENG-12),SB20,All channels,ALL screens in scope of phases,Cross-cutting (state model integrity),ALL STM-* rows,"Every create, update, assignment, publish, return, cancel, check-in, evidence action, submission, review decision and version event records actor, timestamp, object, old/new state and context.",FND-ACC-003,EV-003;EV-001;EV-011;EV-012,ERR-AUTH-001 (baseline),Strategic BRD/PDF via workbook sheet 03 MVP1 Foundations
MVP1-FND-004,FND (foundation),Notification and SLA Foundation,MVP1 Foundation,ALL (P00-P12),Cross-cutting foundation consumed by all mapped journeys (ENG-11),SB20,All channels,ALL screens in scope of phases,Cross-cutting (state model integrity),(cross-cutting),"Notifications are event-driven, role-aware, deduplicated and auditable; SLA calculations use server timestamps and pause/resume only by approved rules.",FND-ACC-004,EV-001;EV-001;EV-011;EV-012,ERR-AUTH-001 (baseline),Strategic BRD/PDF via workbook sheet 03 MVP1 Foundations
MVP1-FND-005,FND (foundation),Secure Offline Package and Sync Integrity,MVP1 Foundation,P04;P05;P06A;P07;P08;P09,Cross-cutting foundation consumed by all mapped journeys (ENG-10),SB07;SB16;SB20,iPad,ALL screens in scope of phases,Cross-cutting (state model integrity),(cross-cutting),"Downloaded packages are version-locked, checksum-validated, encrypted on device, locally autosaved and synchronized without silent overwrite.",FND-ACC-005,EV-006;EV-001;EV-011;EV-012,ERR-AUTH-001 (baseline),Strategic BRD/PDF via workbook sheet 03 MVP1 Foundations
MVP1-FND-006,FND (foundation),Idempotent Recovery and Failure Safety,MVP1 Foundation,P03;P06A;P09;P10;P11,Cross-cutting foundation consumed by all mapped journeys (ENG-10;ENG-03),SB16;SB20,Web;iPad;Virtual,ALL screens in scope of phases,Cross-cutting (state model integrity),ALL STM-* rows,"Retry-sensitive actions such as publish, assignment, journey start, check-in, submission, review decision and resubmission are idempotent or protected by unique transaction rules.",FND-ACC-006,EV-006;EV-012;EV-001;EV-011;EV-012,ERR-AUTH-001 (baseline),Strategic BRD/PDF via workbook sheet 03 MVP1 Foundations
MVP1-FND-007,FND (foundation),Factory Master Data and Source Provenance,MVP1 Foundation,P01;P02;P12,Cross-cutting foundation consumed by all mapped journeys (ENG-04;ENG-06 + factory master service),SB04;SB11;SB20,Web,ALL screens in scope of phases,Cross-cutting (state model integrity),(cross-cutting),"Official source data is preserved; planner-selected location and field-observed location are stored separately with source, actor and timestamp.",FND-ACC-007,EV-001;EV-001;EV-011;EV-012,ERR-AUTH-001 (baseline),Strategic BRD/PDF via workbook sheet 03 MVP1 Foundations
MVP1-FND-008,FND (foundation),Evidence Chain of Custody,MVP1 Foundation,P08;P09;P10,Cross-cutting foundation consumed by all mapped journeys (ENG-07),SB15;SB16;SB20,iPad;Virtual;Web,ALL screens in scope of phases,Cross-cutting (state model integrity),(cross-cutting),"Evidence is linked to inspection, item/form, actor, timestamp and location when available; post-submission evidence is read-only unless a controlled returned section explicitly permits update.",FND-ACC-008,EV-007;EV-001;EV-011;EV-012,ERR-AUTH-001 (baseline),Strategic BRD/PDF via workbook sheet 03 MVP1 Foundations
MVP1-FND-009,FND (foundation),Privacy-Controlled Location Tracking,MVP1 Foundation,P06A;P12,Cross-cutting foundation consumed by all mapped journeys (ENG-06),SB14;SB12;SB20,iPad;Operations,ALL screens in scope of phases,Cross-cutting (state model integrity),(cross-cutting),Live inspector location is visible only during active journey/execution and only to authorized roles; retention and access are policy-controlled.,FND-ACC-009,EV-005;EV-001;EV-011;EV-012,ERR-AUTH-001 (baseline),Strategic BRD/PDF via workbook sheet 03 MVP1 Foundations
MVP1-FND-010,FND (foundation),Master Data and Lookup Governance,MVP1 Foundation,ALL (P00-P12),Cross-cutting foundation consumed by all mapped journeys (master data governance),SB18;SB20,All channels,ALL screens in scope of phases,Cross-cutting (state model integrity),(cross-cutting),"Shared lookup values are centrally governed, versioned where required and never duplicated as hard-coded per-screen lists.",FND-ACC-010,EV-001;EV-001;EV-011;EV-012,ERR-AUTH-001 (baseline),Strategic BRD/PDF via workbook sheet 03 MVP1 Foundations
MVP1-FND-011,FND (foundation),"Accessibility, Responsive Layout and Readability",MVP1 Foundation,ALL (P00-P12),Cross-cutting foundation consumed by all mapped journeys (UI foundation),SB20,All channels,ALL screens in scope of phases,Cross-cutting (state model integrity),(cross-cutting),"Web and admin screens must remain legible at standard enterprise resolutions; mobile/tablet screens must support field-safe touch targets, readable typography and non-color-only status cues.",FND-ACC-011,EV-011;EV-001;EV-011;EV-012,ERR-AUTH-001 (baseline),Strategic BRD/PDF via workbook sheet 03 MVP1 Foundations
MVP1-FND-012,FND (foundation),Operational Fault Isolation,MVP1 Foundation,P12,Cross-cutting foundation consumed by all mapped journeys (fault isolation),SB11;SB12;SB20,Web;Operations,ALL screens in scope of phases,Cross-cutting (state model integrity),(cross-cutting),"Failure of one widget, data source or optional panel must not break the entire Operations Center, Factory 360 or dashboard page.",FND-ACC-012,EV-010;EV-001;EV-011;EV-012,ERR-AUTH-001 (baseline),Strategic BRD/PDF via workbook sheet 03 MVP1 Foundations
MVP1-FND-013,FND (foundation),Integration Boundary and Data Freshness,MVP1 Foundation,P01;P12,Cross-cutting foundation consumed by all mapped journeys (integration boundary (Senaei etc.)),SB11;SB20,Web,ALL screens in scope of phases,Cross-cutting (state model integrity),(cross-cutting),"Where factory, licence, CR, product or other source data is synchronized, the UI exposes source and freshness timestamp; stale/unavailable data is clearly indicated.",FND-ACC-013,EV-001;EV-001;EV-011;EV-012,ERR-AUTH-001 (baseline),Strategic BRD/PDF via workbook sheet 03 MVP1 Foundations
MVP1-FND-014,FND (foundation),"Secure File, Media and Attachment Handling",MVP1 Foundation,P08,Cross-cutting foundation consumed by all mapped journeys (ENG-07),SB15;SB20,iPad;Virtual;Web,ALL screens in scope of phases,Cross-cutting (state model integrity),(cross-cutting),"All uploaded media and documents enforce configured type/size limits, malware scanning where available, access checks, storage encryption and audit events.",FND-ACC-014,EV-007;EV-001;EV-011;EV-012,ERR-AUTH-001 (baseline),Strategic BRD/PDF via workbook sheet 03 MVP1 Foundations
MVP1-FND-015,FND (foundation),Build-Time Traceability and Non-Regression,MVP1 Foundation,ALL (P00-P12),Cross-cutting foundation consumed by all mapped journeys (ENG-12),SB20,All channels,ALL screens in scope of phases,Cross-cutting (state model integrity),(cross-cutting),"Every spreadsheet row maps to a requirement ID, backlog item or explicit approved grouping, acceptance criteria, test case and evidence.",FND-ACC-015,EV-001;EV-012;EV-001;EV-011;EV-012,ERR-AUTH-001 (baseline),Strategic BRD/PDF via workbook sheet 03 MVP1 Foundations
