acceptance_id,requirement_id,module,actor,input_preconditions,input_action,ui_result_visible,backend_result,business_rule,workflow_state_impact,audit_impact,evidence_impact,failure_recovery,proof_required,test_level,regression_guard
AC-0001,MVP1-M01-001,Visit Planning - Planning,"Planner, Inspector","User Authentication, Role & Permission Management",Select planning method.,User can access only the planning methods permitted by their role.,Load the selected planning workflow.,"Three planning methods are supported: Bulk, Single and Immediate.",STM-PLAN-001;STM-PLAN-002 | states: Initiated->Criteria Built->Targets Retrieved->Targets Selected->Configured->Assigned->Ready to Publish->Published,"ENG-12 immutable event: actor, time, object, before/after state, version refs (MVP1-FND-003)",EV-003,"ERR-PLN-001;ERR-PLN-002;ERR-ASG-001;ERR-PUB-001 | FAIL if requirement MVP1-M01-001 is removed, weakened, hidden, replaced by mock behavior, implemented only visually without runtime behavior, loses validation/audit/permission semantics, or cannot rep",Runtime screenshot showing the completed behavior; Requirement-linked test result; Audit or activity evidence where the action changes state or data,UI + API + E2E; add offline/device/location tests where applicable,"FAIL if requirement MVP1-M01-001 is removed, weakened, hidden, replaced by mock behavior, implemented only visually without runtime behavior, loses validation/audit/permission semantics, or cannot reproduce the accepted evidence after a later change."
AC-0002,MVP1-M01-002,Visit Planning - Planning,Planner,"Factory Master Data, Search Engine, Assignment Engine, Inspector Master Data, Notification Service","Build search criteria, search factories, select/unselect factories, configure visit, publish.",Planner successfully publishes a Visit Plan and all selected factories receive individual Visits.,"Retrieve factories, validate duplicates, generate Visit Plan, generate Visit IDs, assign inspectors, notify inspectors, create audit logs.",One Visit Plan can generate multiple Visits. Every Visit receives a unique Visit ID while sharing the same Visit Plan ID.,STM-PLAN-001;STM-PLAN-002 | states: Initiated->Criteria Built->Targets Retrieved->Targets Selected->Configured->Assigned->Ready to Publish->Published,"ENG-12 immutable event: actor, time, object, before/after state, version refs (MVP1-FND-003)",EV-003,"ERR-PLN-001;ERR-PLN-002;ERR-ASG-001;ERR-PUB-001 | FAIL if requirement MVP1-M01-002 is removed, weakened, hidden, replaced by mock behavior, implemented only visually without runtime behavior, loses validation/audit/permission semantics, or cannot rep",Runtime screenshot showing the completed behavior; Requirement-linked test result; Audit or activity evidence where the action changes state or data,UI + API + E2E; add offline/device/location tests where applicable,"FAIL if requirement MVP1-M01-002 is removed, weakened, hidden, replaced by mock behavior, implemented only visually without runtime behavior, loses validation/audit/permission semantics, or cannot reproduce the accepted evidence after a later change."
AC-0003,MVP1-M01-003,Visit Planning - Planning,Planner,Factory Master Data,"Add, edit and remove criteria using AND / OR conditions.",Planner can build one or multiple search criteria without limitation.,Validate criteria and execute factory search.,Multiple filters can be combined. Both AND and OR conditions are supported.,STM-PLAN-001;STM-PLAN-002 | states: Initiated->Criteria Built->Targets Retrieved->Targets Selected->Configured->Assigned->Ready to Publish->Published,"ENG-12 immutable event: actor, time, object, before/after state, version refs (MVP1-FND-003)",EV-003,"ERR-PLN-001;ERR-PLN-002;ERR-ASG-001;ERR-PUB-001 | FAIL if requirement MVP1-M01-003 is removed, weakened, hidden, replaced by mock behavior, implemented only visually without runtime behavior, loses validation/audit/permission semantics, or cannot rep",Runtime screenshot showing the completed behavior; Requirement-linked test result; Audit or activity evidence where the action changes state or data,UI + API + E2E; add offline/device/location tests where applicable,"FAIL if requirement MVP1-M01-003 is removed, weakened, hidden, replaced by mock behavior, implemented only visually without runtime behavior, loses validation/audit/permission semantics, or cannot reproduce the accepted evidence after a later change."
AC-0004,MVP1-M01-004,Visit Planning - Planning,Planner,Factory Repository,Review search results.,Matching factories are successfully retrieved.,Retrieve all matching factories.,Only factories matching all criteria are returned.,STM-PLAN-001;STM-PLAN-002 | states: Initiated->Criteria Built->Targets Retrieved->Targets Selected->Configured->Assigned->Ready to Publish->Published,"ENG-12 immutable event: actor, time, object, before/after state, version refs (MVP1-FND-003)",EV-003,"ERR-PLN-001;ERR-PLN-002;ERR-ASG-001;ERR-PUB-001 | FAIL if requirement MVP1-M01-004 is removed, weakened, hidden, replaced by mock behavior, implemented only visually without runtime behavior, loses validation/audit/permission semantics, or cannot rep",Runtime screenshot showing the completed behavior; Requirement-linked test result; Audit or activity evidence where the action changes state or data,UI + API + E2E; add offline/device/location tests where applicable,"FAIL if requirement MVP1-M01-004 is removed, weakened, hidden, replaced by mock behavior, implemented only visually without runtime behavior, loses validation/audit/permission semantics, or cannot reproduce the accepted evidence after a later change."
AC-0005,MVP1-M01-005,Visit Planning - Planning,Planner,Retrieved Factory List,Select or remove factories individually or in bulk.,Only selected factories proceed to Visit Configuration.,Track selected factories and prepare Visit Plan.,Planner has full control over the selected factories before publishing.,STM-PLAN-001;STM-PLAN-002 | states: Initiated->Criteria Built->Targets Retrieved->Targets Selected->Configured->Assigned->Ready to Publish->Published,"ENG-12 immutable event: actor, time, object, before/after state, version refs (MVP1-FND-003)",EV-003,"ERR-PLN-001;ERR-PLN-002;ERR-ASG-001;ERR-PUB-001 | FAIL if requirement MVP1-M01-005 is removed, weakened, hidden, replaced by mock behavior, implemented only visually without runtime behavior, loses validation/audit/permission semantics, or cannot rep",Runtime screenshot showing the completed behavior; Requirement-linked test result; Audit or activity evidence where the action changes state or data,UI + API + E2E; add offline/device/location tests where applicable,"FAIL if requirement MVP1-M01-005 is removed, weakened, hidden, replaced by mock behavior, implemented only visually without runtime behavior, loses validation/audit/permission semantics, or cannot reproduce the accepted evidence after a later change."
AC-0006,MVP1-M01-006,Visit Planning - Planning,Planner,Business Visit Type Master Data,"Select Business Visit Type, Visit Window, Assignment Method, Notes.",Planner successfully configures the Visit Plan.,Validate mandatory fields.,Configuration applies to every Visit generated from the same Visit Plan.,STM-PLAN-001;STM-PLAN-002 | states: Initiated->Criteria Built->Targets Retrieved->Targets Selected->Configured->Assigned->Ready to Publish->Published,"ENG-12 immutable event: actor, time, object, before/after state, version refs (MVP1-FND-003)",EV-003,"ERR-PLN-001;ERR-PLN-002;ERR-ASG-001;ERR-PUB-001 | FAIL if requirement MVP1-M01-006 is removed, weakened, hidden, replaced by mock behavior, implemented only visually without runtime behavior, loses validation/audit/permission semantics, or cannot rep",Runtime screenshot showing the completed behavior; Requirement-linked test result; Audit or activity evidence where the action changes state or data,UI + API + E2E; add offline/device/location tests where applicable,"FAIL if requirement MVP1-M01-006 is removed, weakened, hidden, replaced by mock behavior, implemented only visually without runtime behavior, loses validation/audit/permission semantics, or cannot reproduce the accepted evidence after a later change."
AC-0007,MVP1-M01-007,Visit Planning - Planning,"Planner, System","Inspector Master Data, Assignment Engine",Select Auto Assignment.,Every Visit has an assigned inspector before publishing.,Assign inspectors according to assignment strategy.,Assignment occurs before publishing.,STM-PLAN-001;STM-PLAN-002 | states: Initiated->Criteria Built->Targets Retrieved->Targets Selected->Configured->Assigned->Ready to Publish->Published,"ENG-12 immutable event: actor, time, object, before/after state, version refs (MVP1-FND-003)",EV-003,"ERR-PLN-001;ERR-PLN-002;ERR-ASG-001;ERR-PUB-001 | FAIL if requirement MVP1-M01-007 is removed, weakened, hidden, replaced by mock behavior, implemented only visually without runtime behavior, loses validation/audit/permission semantics, or cannot rep",Runtime screenshot showing the completed behavior; Requirement-linked test result; Audit or activity evidence where the action changes state or data,UI + API + E2E; add offline/device/location tests where applicable,"FAIL if requirement MVP1-M01-007 is removed, weakened, hidden, replaced by mock behavior, implemented only visually without runtime behavior, loses validation/audit/permission semantics, or cannot reproduce the accepted evidence after a later change."
AC-0008,MVP1-M01-008,Visit Planning - Planning,Planner,Inspector Master Data,Select inspector for one or multiple visits.,Planner successfully assigns inspectors manually.,Validate inspector availability.,Planner may override automatic recommendations.,STM-PLAN-001;STM-PLAN-002 | states: Initiated->Criteria Built->Targets Retrieved->Targets Selected->Configured->Assigned->Ready to Publish->Published,"ENG-12 immutable event: actor, time, object, before/after state, version refs (MVP1-FND-003)",EV-003,"ERR-PLN-001;ERR-PLN-002;ERR-ASG-001;ERR-PUB-001 | FAIL if requirement MVP1-M01-008 is removed, weakened, hidden, replaced by mock behavior, implemented only visually without runtime behavior, loses validation/audit/permission semantics, or cannot rep",Runtime screenshot showing the completed behavior; Requirement-linked test result; Audit or activity evidence where the action changes state or data,UI + API + E2E; add offline/device/location tests where applicable,"FAIL if requirement MVP1-M01-008 is removed, weakened, hidden, replaced by mock behavior, implemented only visually without runtime behavior, loses validation/audit/permission semantics, or cannot reproduce the accepted evidence after a later change."
AC-0009,MVP1-M01-009,Visit Planning - Planning,Planner,Configured Visit Plan,Review all configuration and assignments.,Planner reviews the complete Visit Plan before publishing.,Validate all required information.,Publishing is blocked until all mandatory information is completed.,STM-PLAN-001;STM-PLAN-002 | states: Initiated->Criteria Built->Targets Retrieved->Targets Selected->Configured->Assigned->Ready to Publish->Published,"ENG-12 immutable event: actor, time, object, before/after state, version refs (MVP1-FND-003)",EV-003,"ERR-PLN-001;ERR-PLN-002;ERR-ASG-001;ERR-PUB-001 | FAIL if requirement MVP1-M01-009 is removed, weakened, hidden, replaced by mock behavior, implemented only visually without runtime behavior, loses validation/audit/permission semantics, or cannot rep",Runtime screenshot showing the completed behavior; Requirement-linked test result; Audit or activity evidence where the action changes state or data,UI + API + E2E; add offline/device/location tests where applicable,"FAIL if requirement MVP1-M01-009 is removed, weakened, hidden, replaced by mock behavior, implemented only visually without runtime behavior, loses validation/audit/permission semantics, or cannot reproduce the accepted evidence after a later change."
AC-0010,MVP1-M01-010,Visit Planning - Planning,"Planner, System","Notification Service, Calendar Service, Audit Service",Confirm publishing.,"Individual Visits are successfully generated, assigned and available to inspectors.","Create Visit Plan, create individual Visits, assign inspectors, update inspector calendars, generate audit records, send notifications.",Every generated Visit becomes an independent business object while remaining linked to the originating Visit Plan.,STM-PLAN-001;STM-PLAN-002 | states: Initiated->Criteria Built->Targets Retrieved->Targets Selected->Configured->Assigned->Ready to Publish->Published,"ENG-12 immutable event: actor, time, object, before/after state, version refs (MVP1-FND-003)",EV-003,"ERR-PLN-001;ERR-PLN-002;ERR-ASG-001;ERR-PUB-001 | FAIL if requirement MVP1-M01-010 is removed, weakened, hidden, replaced by mock behavior, implemented only visually without runtime behavior, loses validation/audit/permission semantics, or cannot rep",Runtime screenshot showing the completed behavior; Requirement-linked test result; Audit or activity evidence where the action changes state or data,UI + API + E2E; add offline/device/location tests where applicable,"FAIL if requirement MVP1-M01-010 is removed, weakened, hidden, replaced by mock behavior, implemented only visually without runtime behavior, loses validation/audit/permission semantics, or cannot reproduce the accepted evidence after a later change."
AC-0011,MVP1-M01-011,Visit Planning - Planning,Planner,Visit Planning Permission,"Select Bulk, Single or Immediate.",Selected planning workflow opens successfully.,Load corresponding planning workflow.,Only one planning method can be selected per creation session.,STM-PLAN-001;STM-PLAN-002 | states: Initiated->Criteria Built->Targets Retrieved->Targets Selected->Configured->Assigned->Ready to Publish->Published,"ENG-12 immutable event: actor, time, object, before/after state, version refs (MVP1-FND-003)",EV-003,"ERR-PLN-001;ERR-PLN-002;ERR-ASG-001;ERR-PUB-001 | FAIL if requirement MVP1-M01-011 is removed, weakened, hidden, replaced by mock behavior, implemented only visually without runtime behavior, loses validation/audit/permission semantics, or cannot rep",Runtime screenshot showing the completed behavior; Requirement-linked test result; Audit or activity evidence where the action changes state or data,UI + API + E2E; add offline/device/location tests where applicable,"FAIL if requirement MVP1-M01-011 is removed, weakened, hidden, replaced by mock behavior, implemented only visually without runtime behavior, loses validation/audit/permission semantics, or cannot reproduce the accepted evidence after a later change."
AC-0012,MVP1-M01-012,Visit Planning - Planning,Planner,Factory Master Data,"Add/remove filters, combine using AND/OR.",Planner can create valid search criteria.,Validate criteria.,Unlimited filter combinations supported.,STM-PLAN-001;STM-PLAN-002 | states: Initiated->Criteria Built->Targets Retrieved->Targets Selected->Configured->Assigned->Ready to Publish->Published,"ENG-12 immutable event: actor, time, object, before/after state, version refs (MVP1-FND-003)",EV-003,"ERR-PLN-001;ERR-PLN-002;ERR-ASG-001;ERR-PUB-001 | FAIL if requirement MVP1-M01-012 is removed, weakened, hidden, replaced by mock behavior, implemented only visually without runtime behavior, loses validation/audit/permission semantics, or cannot rep",Runtime screenshot showing the completed behavior; Requirement-linked test result; Audit or activity evidence where the action changes state or data,UI + API + E2E; add offline/device/location tests where applicable,"FAIL if requirement MVP1-M01-012 is removed, weakened, hidden, replaced by mock behavior, implemented only visually without runtime behavior, loses validation/audit/permission semantics, or cannot reproduce the accepted evidence after a later change."
AC-0013,MVP1-M01-013,Visit Planning - Planning,Planner,Search Engine,Click Search.,Matching factories displayed.,Execute search and return matching factories.,Only matching factories are returned.,STM-PLAN-001;STM-PLAN-002 | states: Initiated->Criteria Built->Targets Retrieved->Targets Selected->Configured->Assigned->Ready to Publish->Published,"ENG-12 immutable event: actor, time, object, before/after state, version refs (MVP1-FND-003)",EV-003,"ERR-PLN-001;ERR-PLN-002;ERR-ASG-001;ERR-PUB-001 | FAIL if requirement MVP1-M01-013 is removed, weakened, hidden, replaced by mock behavior, implemented only visually without runtime behavior, loses validation/audit/permission semantics, or cannot rep",Runtime screenshot showing the completed behavior; Requirement-linked test result; Audit or activity evidence where the action changes state or data,UI + API + E2E; add offline/device/location tests where applicable,"FAIL if requirement MVP1-M01-013 is removed, weakened, hidden, replaced by mock behavior, implemented only visually without runtime behavior, loses validation/audit/permission semantics, or cannot reproduce the accepted evidence after a later change."
AC-0014,MVP1-M01-014,Visit Planning - Planning,Planner,Factory Repository,"Sort, filter, open factory profile.",Planner can review every returned factory.,Display factory information.,Factories are read-only during review.,STM-PLAN-001;STM-PLAN-002 | states: Initiated->Criteria Built->Targets Retrieved->Targets Selected->Configured->Assigned->Ready to Publish->Published,"ENG-12 immutable event: actor, time, object, before/after state, version refs (MVP1-FND-003)",EV-003,"ERR-PLN-001;ERR-PLN-002;ERR-ASG-001;ERR-PUB-001 | FAIL if requirement MVP1-M01-014 is removed, weakened, hidden, replaced by mock behavior, implemented only visually without runtime behavior, loses validation/audit/permission semantics, or cannot rep",Runtime screenshot showing the completed behavior; Requirement-linked test result; Audit or activity evidence where the action changes state or data,UI + API + E2E; add offline/device/location tests where applicable,"FAIL if requirement MVP1-M01-014 is removed, weakened, hidden, replaced by mock behavior, implemented only visually without runtime behavior, loses validation/audit/permission semantics, or cannot reproduce the accepted evidence after a later change."
AC-0015,MVP1-M01-015,Visit Planning - Planning,Planner,Retrieved Factories,Select/unselect individual or multiple factories.,Selected factories are saved.,Store selected factories.,Only selected factories proceed.,STM-PLAN-001;STM-PLAN-002 | states: Initiated->Criteria Built->Targets Retrieved->Targets Selected->Configured->Assigned->Ready to Publish->Published,"ENG-12 immutable event: actor, time, object, before/after state, version refs (MVP1-FND-003)",EV-003,"ERR-PLN-001;ERR-PLN-002;ERR-ASG-001;ERR-PUB-001 | FAIL if requirement MVP1-M01-015 is removed, weakened, hidden, replaced by mock behavior, implemented only visually without runtime behavior, loses validation/audit/permission semantics, or cannot rep",Runtime screenshot showing the completed behavior; Requirement-linked test result; Audit or activity evidence where the action changes state or data,UI + API + E2E; add offline/device/location tests where applicable,"FAIL if requirement MVP1-M01-015 is removed, weakened, hidden, replaced by mock behavior, implemented only visually without runtime behavior, loses validation/audit/permission semantics, or cannot reproduce the accepted evidence after a later change."
AC-0016,MVP1-M01-016,Visit Planning - Planning,"Planner, AI",AI Engine,Review AI summary.,Summary generated successfully.,Generate campaign summary.,Informational only.,STM-PLAN-001;STM-PLAN-002 | states: Initiated->Criteria Built->Targets Retrieved->Targets Selected->Configured->Assigned->Ready to Publish->Published,"ENG-12 immutable event: actor, time, object, before/after state, version refs (MVP1-FND-003)",EV-003,"ERR-PLN-001;ERR-PLN-002;ERR-ASG-001;ERR-PUB-001 | FAIL if requirement MVP1-M01-016 is removed, weakened, hidden, replaced by mock behavior, implemented only visually without runtime behavior, loses validation/audit/permission semantics, or cannot rep",Runtime screenshot showing the completed behavior; Requirement-linked test result; Audit or activity evidence where the action changes state or data,UI + API + E2E; add offline/device/location tests where applicable,"FAIL if requirement MVP1-M01-016 is removed, weakened, hidden, replaced by mock behavior, implemented only visually without runtime behavior, loses validation/audit/permission semantics, or cannot reproduce the accepted evidence after a later change."
AC-0017,MVP1-M01-017,Visit Planning - Planning,Planner,Visit Configuration,"Select Visit Type, Visit Window, Assignment Method, Notes.",Configuration saved successfully.,Validate mandatory fields.,Applies to all selected visits.,STM-PLAN-001;STM-PLAN-002 | states: Initiated->Criteria Built->Targets Retrieved->Targets Selected->Configured->Assigned->Ready to Publish->Published,"ENG-12 immutable event: actor, time, object, before/after state, version refs (MVP1-FND-003)",EV-003,"ERR-PLN-001;ERR-PLN-002;ERR-ASG-001;ERR-PUB-001 | FAIL if requirement MVP1-M01-017 is removed, weakened, hidden, replaced by mock behavior, implemented only visually without runtime behavior, loses validation/audit/permission semantics, or cannot rep",Runtime screenshot showing the completed behavior; Requirement-linked test result; Audit or activity evidence where the action changes state or data,UI + API + E2E; add offline/device/location tests where applicable,"FAIL if requirement MVP1-M01-017 is removed, weakened, hidden, replaced by mock behavior, implemented only visually without runtime behavior, loses validation/audit/permission semantics, or cannot reproduce the accepted evidence after a later change."
AC-0018,MVP1-M01-018,Visit Planning - Planning,Planner,Assignment Engine,Choose Auto.,Inspectors assigned successfully.,Allocate inspectors.,Every visit must have an inspector.,STM-PLAN-001;STM-PLAN-002 | states: Initiated->Criteria Built->Targets Retrieved->Targets Selected->Configured->Assigned->Ready to Publish->Published,"ENG-12 immutable event: actor, time, object, before/after state, version refs (MVP1-FND-003)",EV-003,"ERR-PLN-001;ERR-PLN-002;ERR-ASG-001;ERR-PUB-001 | FAIL if requirement MVP1-M01-018 is removed, weakened, hidden, replaced by mock behavior, implemented only visually without runtime behavior, loses validation/audit/permission semantics, or cannot rep",Runtime screenshot showing the completed behavior; Requirement-linked test result; Audit or activity evidence where the action changes state or data,UI + API + E2E; add offline/device/location tests where applicable,"FAIL if requirement MVP1-M01-018 is removed, weakened, hidden, replaced by mock behavior, implemented only visually without runtime behavior, loses validation/audit/permission semantics, or cannot reproduce the accepted evidence after a later change."
AC-0019,MVP1-M01-019,Visit Planning - Planning,Planner,Inspector Master Data,Select inspectors manually.,Manual assignment completed successfully.,Validate availability.,Manual assignment overrides auto assignment.,STM-PLAN-001;STM-PLAN-002 | states: Initiated->Criteria Built->Targets Retrieved->Targets Selected->Configured->Assigned->Ready to Publish->Published,"ENG-12 immutable event: actor, time, object, before/after state, version refs (MVP1-FND-003)",EV-003,"ERR-PLN-001;ERR-PLN-002;ERR-ASG-001;ERR-PUB-001 | FAIL if requirement MVP1-M01-019 is removed, weakened, hidden, replaced by mock behavior, implemented only visually without runtime behavior, loses validation/audit/permission semantics, or cannot rep",Runtime screenshot showing the completed behavior; Requirement-linked test result; Audit or activity evidence where the action changes state or data,UI + API + E2E; add offline/device/location tests where applicable,"FAIL if requirement MVP1-M01-019 is removed, weakened, hidden, replaced by mock behavior, implemented only visually without runtime behavior, loses validation/audit/permission semantics, or cannot reproduce the accepted evidence after a later change."
AC-0020,MVP1-M01-020,Visit Planning - Planning,Planner,"Notification Service, Calendar Service",Review and confirm.,Visit Plan successfully published.,"Validate duplicates, create Visit Plan, create Visits, notify inspectors, update calendars, audit.",Visits become available to inspectors immediately.,STM-PLAN-001;STM-PLAN-002 | states: Initiated->Criteria Built->Targets Retrieved->Targets Selected->Configured->Assigned->Ready to Publish->Published,"ENG-12 immutable event: actor, time, object, before/after state, version refs (MVP1-FND-003)",EV-003,"ERR-PLN-001;ERR-PLN-002;ERR-ASG-001;ERR-PUB-001 | FAIL if requirement MVP1-M01-020 is removed, weakened, hidden, replaced by mock behavior, implemented only visually without runtime behavior, loses validation/audit/permission semantics, or cannot rep",Runtime screenshot showing the completed behavior; Requirement-linked test result; Audit or activity evidence where the action changes state or data,UI + API + E2E; add offline/device/location tests where applicable,"FAIL if requirement MVP1-M01-020 is removed, weakened, hidden, replaced by mock behavior, implemented only visually without runtime behavior, loses validation/audit/permission semantics, or cannot reproduce the accepted evidence after a later change."
AC-0021,MVP1-M01-021,Visit Planning - Planning,Planner,Visit Planning Permission,Select Bulk Planning.,Bulk Planning workspace opens successfully.,Load Bulk Planning workspace.,Planner must select one planning method before proceeding.,STM-PLAN-001;STM-PLAN-002 | states: Initiated->Criteria Built->Targets Retrieved->Targets Selected->Configured->Assigned->Ready to Publish->Published,"ENG-12 immutable event: actor, time, object, before/after state, version refs (MVP1-FND-003)",EV-003,"ERR-PLN-001;ERR-PLN-002;ERR-ASG-001;ERR-PUB-001 | FAIL if requirement MVP1-M01-021 is removed, weakened, hidden, replaced by mock behavior, implemented only visually without runtime behavior, loses validation/audit/permission semantics, or cannot rep",Runtime screenshot showing the completed behavior; Requirement-linked test result; Audit or activity evidence where the action changes state or data,UI + API + E2E; add offline/device/location tests where applicable,"FAIL if requirement MVP1-M01-021 is removed, weakened, hidden, replaced by mock behavior, implemented only visually without runtime behavior, loses validation/audit/permission semantics, or cannot reproduce the accepted evidence after a later change."
AC-0022,MVP1-M01-022,Visit Planning - Planning,Planner,"Factory Master Data, Search Engine","Add, remove and combine filter keys using AND / OR logic.",Planner can successfully define one or more planning criteria.,Validate filters and prepare search query.,Unlimited filters are supported. Multiple AND/OR conditions are allowed.,STM-PLAN-001;STM-PLAN-002 | states: Initiated->Criteria Built->Targets Retrieved->Targets Selected->Configured->Assigned->Ready to Publish->Published,"ENG-12 immutable event: actor, time, object, before/after state, version refs (MVP1-FND-003)",EV-003,"ERR-PLN-001;ERR-PLN-002;ERR-ASG-001;ERR-PUB-001 | FAIL if requirement MVP1-M01-022 is removed, weakened, hidden, replaced by mock behavior, implemented only visually without runtime behavior, loses validation/audit/permission semantics, or cannot rep",Runtime screenshot showing the completed behavior; Requirement-linked test result; Audit or activity evidence where the action changes state or data,UI + API + E2E; add offline/device/location tests where applicable,"FAIL if requirement MVP1-M01-022 is removed, weakened, hidden, replaced by mock behavior, implemented only visually without runtime behavior, loses validation/audit/permission semantics, or cannot reproduce the accepted evidence after a later change."
AC-0023,MVP1-M01-023,Visit Planning - Planning,Planner,Factory Repository,Click Search.,Matching factories are displayed successfully.,Execute search and retrieve all matching factories.,Only factories satisfying the selected criteria are returned.,STM-PLAN-001;STM-PLAN-002 | states: Initiated->Criteria Built->Targets Retrieved->Targets Selected->Configured->Assigned->Ready to Publish->Published,"ENG-12 immutable event: actor, time, object, before/after state, version refs (MVP1-FND-003)",EV-003,"ERR-PLN-001;ERR-PLN-002;ERR-ASG-001;ERR-PUB-001 | FAIL if requirement MVP1-M01-023 is removed, weakened, hidden, replaced by mock behavior, implemented only visually without runtime behavior, loses validation/audit/permission semantics, or cannot rep",Runtime screenshot showing the completed behavior; Requirement-linked test result; Audit or activity evidence where the action changes state or data,UI + API + E2E; add offline/device/location tests where applicable,"FAIL if requirement MVP1-M01-023 is removed, weakened, hidden, replaced by mock behavior, implemented only visually without runtime behavior, loses validation/audit/permission semantics, or cannot reproduce the accepted evidence after a later change."
AC-0024,MVP1-M01-024,Visit Planning - Planning,Planner,Factory Repository,"View factory details, sort list, filter results, open factory profile.",Planner can review all returned factories.,Display complete factory information.,No visits are created during review.,STM-PLAN-001;STM-PLAN-002 | states: Initiated->Criteria Built->Targets Retrieved->Targets Selected->Configured->Assigned->Ready to Publish->Published,"ENG-12 immutable event: actor, time, object, before/after state, version refs (MVP1-FND-003)",EV-003,"ERR-PLN-001;ERR-PLN-002;ERR-ASG-001;ERR-PUB-001 | FAIL if requirement MVP1-M01-024 is removed, weakened, hidden, replaced by mock behavior, implemented only visually without runtime behavior, loses validation/audit/permission semantics, or cannot rep",Runtime screenshot showing the completed behavior; Requirement-linked test result; Audit or activity evidence where the action changes state or data,UI + API + E2E; add offline/device/location tests where applicable,"FAIL if requirement MVP1-M01-024 is removed, weakened, hidden, replaced by mock behavior, implemented only visually without runtime behavior, loses validation/audit/permission semantics, or cannot reproduce the accepted evidence after a later change."
AC-0025,MVP1-M01-025,Visit Planning - Planning,Planner,Retrieved Factory List,"Select, unselect or select all factories.",Only selected factories are included in the Visit Plan.,Store selected factories.,Only selected factories proceed to planning.,STM-PLAN-001;STM-PLAN-002 | states: Initiated->Criteria Built->Targets Retrieved->Targets Selected->Configured->Assigned->Ready to Publish->Published,"ENG-12 immutable event: actor, time, object, before/after state, version refs (MVP1-FND-003)",EV-003,"ERR-PLN-001;ERR-PLN-002;ERR-ASG-001;ERR-PUB-001 | FAIL if requirement MVP1-M01-025 is removed, weakened, hidden, replaced by mock behavior, implemented only visually without runtime behavior, loses validation/audit/permission semantics, or cannot rep",Runtime screenshot showing the completed behavior; Requirement-linked test result; Audit or activity evidence where the action changes state or data,UI + API + E2E; add offline/device/location tests where applicable,"FAIL if requirement MVP1-M01-025 is removed, weakened, hidden, replaced by mock behavior, implemented only visually without runtime behavior, loses validation/audit/permission semantics, or cannot reproduce the accepted evidence after a later change."
AC-0026,MVP1-M01-026,Visit Planning - Planning,"Planner, AI",AI Recommendation Engine,Review AI recommendations.,AI summary is generated successfully before publishing.,Generate campaign summary.,AI recommendations are advisory only and do not modify the plan automatically.,STM-PLAN-001;STM-PLAN-002 | states: Initiated->Criteria Built->Targets Retrieved->Targets Selected->Configured->Assigned->Ready to Publish->Published,"ENG-12 immutable event: actor, time, object, before/after state, version refs (MVP1-FND-003)",EV-003,"ERR-PLN-001;ERR-PLN-002;ERR-ASG-001;ERR-PUB-001 | FAIL if requirement MVP1-M01-026 is removed, weakened, hidden, replaced by mock behavior, implemented only visually without runtime behavior, loses validation/audit/permission semantics, or cannot rep",Runtime screenshot showing the completed behavior; Requirement-linked test result; Audit or activity evidence where the action changes state or data,UI + API + E2E; add offline/device/location tests where applicable,"FAIL if requirement MVP1-M01-026 is removed, weakened, hidden, replaced by mock behavior, implemented only visually without runtime behavior, loses validation/audit/permission semantics, or cannot reproduce the accepted evidence after a later change."
AC-0027,MVP1-M01-027,Visit Planning - Planning,Planner,Visit Configuration Master Data,"Configure Business Visit Type, Visit Window, Assignment Method and Notes.",Planner completes all mandatory visit configuration fields.,Validate mandatory information.,Configuration applies to every generated visit.,STM-PLAN-001;STM-PLAN-002 | states: Initiated->Criteria Built->Targets Retrieved->Targets Selected->Configured->Assigned->Ready to Publish->Published,"ENG-12 immutable event: actor, time, object, before/after state, version refs (MVP1-FND-003)",EV-003,"ERR-PLN-001;ERR-PLN-002;ERR-ASG-001;ERR-PUB-001 | FAIL if requirement MVP1-M01-027 is removed, weakened, hidden, replaced by mock behavior, implemented only visually without runtime behavior, loses validation/audit/permission semantics, or cannot rep",Runtime screenshot showing the completed behavior; Requirement-linked test result; Audit or activity evidence where the action changes state or data,UI + API + E2E; add offline/device/location tests where applicable,"FAIL if requirement MVP1-M01-027 is removed, weakened, hidden, replaced by mock behavior, implemented only visually without runtime behavior, loses validation/audit/permission semantics, or cannot reproduce the accepted evidence after a later change."
AC-0028,MVP1-M01-028,Visit Planning - Planning,"Planner, System","Inspector Master Data, Assignment Engine",Select Auto Assignment.,All visits receive inspector assignments automatically.,Assign inspectors according to configured strategy.,Every generated visit must have one assigned inspector before publishing.,STM-PLAN-001;STM-PLAN-002 | states: Initiated->Criteria Built->Targets Retrieved->Targets Selected->Configured->Assigned->Ready to Publish->Published,"ENG-12 immutable event: actor, time, object, before/after state, version refs (MVP1-FND-003)",EV-003,"ERR-PLN-001;ERR-PLN-002;ERR-ASG-001;ERR-PUB-001 | FAIL if requirement MVP1-M01-028 is removed, weakened, hidden, replaced by mock behavior, implemented only visually without runtime behavior, loses validation/audit/permission semantics, or cannot rep",Runtime screenshot showing the completed behavior; Requirement-linked test result; Audit or activity evidence where the action changes state or data,UI + API + E2E; add offline/device/location tests where applicable,"FAIL if requirement MVP1-M01-028 is removed, weakened, hidden, replaced by mock behavior, implemented only visually without runtime behavior, loses validation/audit/permission semantics, or cannot reproduce the accepted evidence after a later change."
AC-0029,MVP1-M01-029,Visit Planning - Planning,Planner,Inspector Master Data,Select inspector for one or multiple visits.,Planner successfully assigns inspectors manually.,Validate inspector eligibility and assignment conflicts.,Manual assignment overrides automatic assignment.,STM-PLAN-001;STM-PLAN-002 | states: Initiated->Criteria Built->Targets Retrieved->Targets Selected->Configured->Assigned->Ready to Publish->Published,"ENG-12 immutable event: actor, time, object, before/after state, version refs (MVP1-FND-003)",EV-003,"ERR-PLN-001;ERR-PLN-002;ERR-ASG-001;ERR-PUB-001 | FAIL if requirement MVP1-M01-029 is removed, weakened, hidden, replaced by mock behavior, implemented only visually without runtime behavior, loses validation/audit/permission semantics, or cannot rep",Runtime screenshot showing the completed behavior; Requirement-linked test result; Audit or activity evidence where the action changes state or data,UI + API + E2E; add offline/device/location tests where applicable,"FAIL if requirement MVP1-M01-029 is removed, weakened, hidden, replaced by mock behavior, implemented only visually without runtime behavior, loses validation/audit/permission semantics, or cannot reproduce the accepted evidence after a later change."
AC-0030,MVP1-M01-030,Visit Planning - Planning,Planner,Validation Engine,"Review selected factories, assignments and visit configuration.",Planner successfully reviews the Visit Plan before publishing.,"Validate mandatory data, detect duplicate visits and highlight validation errors.",Publishing is blocked until all mandatory validations pass.,STM-PLAN-001;STM-PLAN-002 | states: Initiated->Criteria Built->Targets Retrieved->Targets Selected->Configured->Assigned->Ready to Publish->Published,"ENG-12 immutable event: actor, time, object, before/after state, version refs (MVP1-FND-003)",EV-003,"ERR-PLN-001;ERR-PLN-002;ERR-ASG-001;ERR-PUB-001 | FAIL if requirement MVP1-M01-030 is removed, weakened, hidden, replaced by mock behavior, implemented only visually without runtime behavior, loses validation/audit/permission semantics, or cannot rep",Runtime screenshot showing the completed behavior; Requirement-linked test result; Audit or activity evidence where the action changes state or data,UI + API + E2E; add offline/device/location tests where applicable,"FAIL if requirement MVP1-M01-030 is removed, weakened, hidden, replaced by mock behavior, implemented only visually without runtime behavior, loses validation/audit/permission semantics, or cannot reproduce the accepted evidence after a later change."
AC-0031,MVP1-M01-031,Visit Planning - Planning,"Planner, System","Notification Service, Calendar Service, Audit Service, Visit Repository",Confirm publishing.,"Visit Plan is published successfully. Individual visits are created, assigned, audited and visible to inspectors.","Create Visit Plan, generate individual Visit IDs, assign inspectors, update inspector calendars, send notifications, create audit records and move visits to Published status.","Every Visit receives a unique Visit ID. All Visits inherit the same Visit Plan ID. Inspectors receive only individual Visits, never the Visit Plan.",STM-PLAN-001;STM-PLAN-002 | states: Initiated->Criteria Built->Targets Retrieved->Targets Selected->Configured->Assigned->Ready to Publish->Published,"ENG-12 immutable event: actor, time, object, before/after state, version refs (MVP1-FND-003)",EV-003,"ERR-PLN-001;ERR-PLN-002;ERR-ASG-001;ERR-PUB-001 | FAIL if requirement MVP1-M01-031 is removed, weakened, hidden, replaced by mock behavior, implemented only visually without runtime behavior, loses validation/audit/permission semantics, or cannot rep",Runtime screenshot showing the completed behavior; Requirement-linked test result; Audit or activity evidence where the action changes state or data,UI + API + E2E; add offline/device/location tests where applicable,"FAIL if requirement MVP1-M01-031 is removed, weakened, hidden, replaced by mock behavior, implemented only visually without runtime behavior, loses validation/audit/permission semantics, or cannot reproduce the accepted evidence after a later change."
AC-0032,MVP1-M01-032,Visit Planning - Planning,Planner,Published Visit Plan,Modify one or more fields and save changes.,All selected visits are updated successfully.,Apply updates to all selected child visits and record audit logs.,Bulk Edit is allowed only before any selected visit has started inspection. All editable fields are supported.,STM-PLAN-001;STM-PLAN-002 | states: Initiated->Criteria Built->Targets Retrieved->Targets Selected->Configured->Assigned->Ready to Publish->Published,"ENG-12 immutable event: actor, time, object, before/after state, version refs (MVP1-FND-003)",EV-003,"ERR-PLN-001;ERR-PLN-002;ERR-ASG-001;ERR-PUB-001 | FAIL if requirement MVP1-M01-032 is removed, weakened, hidden, replaced by mock behavior, implemented only visually without runtime behavior, loses validation/audit/permission semantics, or cannot rep",Runtime screenshot showing the completed behavior; Requirement-linked test result; Audit or activity evidence where the action changes state or data,UI + API + E2E; add offline/device/location tests where applicable,"FAIL if requirement MVP1-M01-032 is removed, weakened, hidden, replaced by mock behavior, implemented only visually without runtime behavior, loses validation/audit/permission semantics, or cannot reproduce the accepted evidence after a later change."
AC-0033,MVP1-M01-033,Visit Planning - Planning,Planner,Published Visits,Select visits and provide cancellation reason.,Selected visits are successfully cancelled and inspectors are notified.,"Cancel selected visits, notify inspectors and record audit logs.",Only visits that have not started inspection can be cancelled.,STM-PLAN-001;STM-PLAN-002 | states: Initiated->Criteria Built->Targets Retrieved->Targets Selected->Configured->Assigned->Ready to Publish->Published,"ENG-12 immutable event: actor, time, object, before/after state, version refs (MVP1-FND-003)",EV-003,"ERR-PLN-001;ERR-PLN-002;ERR-ASG-001;ERR-PUB-001 | FAIL if requirement MVP1-M01-033 is removed, weakened, hidden, replaced by mock behavior, implemented only visually without runtime behavior, loses validation/audit/permission semantics, or cannot rep",Runtime screenshot showing the completed behavior; Requirement-linked test result; Audit or activity evidence where the action changes state or data,UI + API + E2E; add offline/device/location tests where applicable,"FAIL if requirement MVP1-M01-033 is removed, weakened, hidden, replaced by mock behavior, implemented only visually without runtime behavior, loses validation/audit/permission semantics, or cannot reproduce the accepted evidence after a later change."
AC-0034,MVP1-M01-034,Visit Planning - Planning,Planner,Visit Planning Permission,Select Single Planning.,Single Planning workspace opens successfully.,Load the Single Planning workspace.,Only one factory can be planned within a Single Visit Plan.,STM-PLAN-001;STM-PLAN-002 | states: Initiated->Criteria Built->Targets Retrieved->Targets Selected->Configured->Assigned->Ready to Publish->Published,"ENG-12 immutable event: actor, time, object, before/after state, version refs (MVP1-FND-003)",EV-003,"ERR-PLN-001;ERR-PLN-002;ERR-ASG-001;ERR-PUB-001 | FAIL if requirement MVP1-M01-034 is removed, weakened, hidden, replaced by mock behavior, implemented only visually without runtime behavior, loses validation/audit/permission semantics, or cannot rep",Runtime screenshot showing the completed behavior; Requirement-linked test result; Audit or activity evidence where the action changes state or data,UI + API + E2E; add offline/device/location tests where applicable,"FAIL if requirement MVP1-M01-034 is removed, weakened, hidden, replaced by mock behavior, implemented only visually without runtime behavior, loses validation/audit/permission semantics, or cannot reproduce the accepted evidence after a later change."
AC-0035,MVP1-M01-035,Visit Planning - Planning,Planner,"Commercial Registration Integration, Industrial License Integration",Search using CR Number or Industrial License Number.,Matching factory information is successfully retrieved.,Validate search input and retrieve matching records.,Search supports CR and Industrial License only.,STM-PLAN-001;STM-PLAN-002 | states: Initiated->Criteria Built->Targets Retrieved->Targets Selected->Configured->Assigned->Ready to Publish->Published,"ENG-12 immutable event: actor, time, object, before/after state, version refs (MVP1-FND-003)",EV-003,"ERR-PLN-001;ERR-PLN-002;ERR-ASG-001;ERR-PUB-001 | FAIL if requirement MVP1-M01-035 is removed, weakened, hidden, replaced by mock behavior, implemented only visually without runtime behavior, loses validation/audit/permission semantics, or cannot rep",Runtime screenshot showing the completed behavior; Requirement-linked test result; Audit or activity evidence where the action changes state or data,UI + API + E2E; add offline/device/location tests where applicable,"FAIL if requirement MVP1-M01-035 is removed, weakened, hidden, replaced by mock behavior, implemented only visually without runtime behavior, loses validation/audit/permission semantics, or cannot reproduce the accepted evidence after a later change."
AC-0036,MVP1-M01-036,Visit Planning - Planning,Planner,Industrial License Repository,Select one Industrial License.,Planner successfully selects the intended Industrial License.,Retrieve selected license details.,"If multiple licenses exist, one license must be selected before proceeding.",STM-PLAN-001;STM-PLAN-002 | states: Initiated->Criteria Built->Targets Retrieved->Targets Selected->Configured->Assigned->Ready to Publish->Published,"ENG-12 immutable event: actor, time, object, before/after state, version refs (MVP1-FND-003)",EV-003,"ERR-PLN-001;ERR-PLN-002;ERR-ASG-001;ERR-PUB-001 | FAIL if requirement MVP1-M01-036 is removed, weakened, hidden, replaced by mock behavior, implemented only visually without runtime behavior, loses validation/audit/permission semantics, or cannot rep",Runtime screenshot showing the completed behavior; Requirement-linked test result; Audit or activity evidence where the action changes state or data,UI + API + E2E; add offline/device/location tests where applicable,"FAIL if requirement MVP1-M01-036 is removed, weakened, hidden, replaced by mock behavior, implemented only visually without runtime behavior, loses validation/audit/permission semantics, or cannot reproduce the accepted evidence after a later change."
AC-0037,MVP1-M01-037,Visit Planning - Planning,Planner,Factory Master Data,Review retrieved information.,Factory profile is displayed successfully.,"Display factory information including CR, Industrial License, Factory Name, Region, City, License Stage and Status.",Factory information is read-only except location.,STM-PLAN-001;STM-PLAN-002 | states: Initiated->Criteria Built->Targets Retrieved->Targets Selected->Configured->Assigned->Ready to Publish->Published,"ENG-12 immutable event: actor, time, object, before/after state, version refs (MVP1-FND-003)",EV-003,"ERR-PLN-001;ERR-PLN-002;ERR-ASG-001;ERR-PUB-001 | FAIL if requirement MVP1-M01-037 is removed, weakened, hidden, replaced by mock behavior, implemented only visually without runtime behavior, loses validation/audit/permission semantics, or cannot rep",Runtime screenshot showing the completed behavior; Requirement-linked test result; Audit or activity evidence where the action changes state or data,UI + API + E2E; add offline/device/location tests where applicable,"FAIL if requirement MVP1-M01-037 is removed, weakened, hidden, replaced by mock behavior, implemented only visually without runtime behavior, loses validation/audit/permission semantics, or cannot reproduce the accepted evidence after a later change."
AC-0038,MVP1-M01-038,Visit Planning - Planning,Planner,GIS / Map Service,"Confirm location, modify map pin or manually pin a new location.",Verified location is successfully saved.,Display existing location and save updates if modified.,Planner may override the stored location before publishing. System should distinguish between the official registered location and the planner-updated location.,STM-PLAN-001;STM-PLAN-002 | states: Initiated->Criteria Built->Targets Retrieved->Targets Selected->Configured->Assigned->Ready to Publish->Published,"ENG-12 immutable event: actor, time, object, before/after state, version refs (MVP1-FND-003)",EV-003,"ERR-PLN-001;ERR-PLN-002;ERR-ASG-001;ERR-PUB-001 | FAIL if requirement MVP1-M01-038 is removed, weakened, hidden, replaced by mock behavior, implemented only visually without runtime behavior, loses validation/audit/permission semantics, or cannot rep",Runtime screenshot showing the completed behavior; Requirement-linked test result; Audit or activity evidence where the action changes state or data,UI + API + E2E; add offline/device/location tests where applicable,"FAIL if requirement MVP1-M01-038 is removed, weakened, hidden, replaced by mock behavior, implemented only visually without runtime behavior, loses validation/audit/permission semantics, or cannot reproduce the accepted evidence after a later change."
AC-0039,MVP1-M01-039,Visit Planning - Planning,Planner,Visit Configuration Master Data,"Select Business Visit Type, Visit Window, Assignment Method and Notes.",Planner completes all required fields successfully.,Validate mandatory fields.,Configuration applies only to the selected visit.,STM-PLAN-001;STM-PLAN-002 | states: Initiated->Criteria Built->Targets Retrieved->Targets Selected->Configured->Assigned->Ready to Publish->Published,"ENG-12 immutable event: actor, time, object, before/after state, version refs (MVP1-FND-003)",EV-003,"ERR-PLN-001;ERR-PLN-002;ERR-ASG-001;ERR-PUB-001 | FAIL if requirement MVP1-M01-039 is removed, weakened, hidden, replaced by mock behavior, implemented only visually without runtime behavior, loses validation/audit/permission semantics, or cannot rep",Runtime screenshot showing the completed behavior; Requirement-linked test result; Audit or activity evidence where the action changes state or data,UI + API + E2E; add offline/device/location tests where applicable,"FAIL if requirement MVP1-M01-039 is removed, weakened, hidden, replaced by mock behavior, implemented only visually without runtime behavior, loses validation/audit/permission semantics, or cannot reproduce the accepted evidence after a later change."
AC-0040,MVP1-M01-040,Visit Planning - Planning,Planner,"Inspector Master Data, Assignment Engine",Select Auto Assignment or Manual Assignment.,Visit is successfully assigned.,Assign inspector and validate availability.,Every visit must have one assigned inspector before publishing.,STM-PLAN-001;STM-PLAN-002 | states: Initiated->Criteria Built->Targets Retrieved->Targets Selected->Configured->Assigned->Ready to Publish->Published,"ENG-12 immutable event: actor, time, object, before/after state, version refs (MVP1-FND-003)",EV-003,"ERR-PLN-001;ERR-PLN-002;ERR-ASG-001;ERR-PUB-001 | FAIL if requirement MVP1-M01-040 is removed, weakened, hidden, replaced by mock behavior, implemented only visually without runtime behavior, loses validation/audit/permission semantics, or cannot rep",Runtime screenshot showing the completed behavior; Requirement-linked test result; Audit or activity evidence where the action changes state or data,UI + API + E2E; add offline/device/location tests where applicable,"FAIL if requirement MVP1-M01-040 is removed, weakened, hidden, replaced by mock behavior, implemented only visually without runtime behavior, loses validation/audit/permission semantics, or cannot reproduce the accepted evidence after a later change."
AC-0041,MVP1-M01-041,Visit Planning - Planning,Planner,Validation Engine,"Review factory information, assignment and visit configuration.",Planner successfully reviews the visit.,"Validate duplicate visits, mandatory fields and planning rules.",Publishing is blocked until validation passes.,STM-PLAN-001;STM-PLAN-002 | states: Initiated->Criteria Built->Targets Retrieved->Targets Selected->Configured->Assigned->Ready to Publish->Published,"ENG-12 immutable event: actor, time, object, before/after state, version refs (MVP1-FND-003)",EV-003,"ERR-PLN-001;ERR-PLN-002;ERR-ASG-001;ERR-PUB-001 | FAIL if requirement MVP1-M01-041 is removed, weakened, hidden, replaced by mock behavior, implemented only visually without runtime behavior, loses validation/audit/permission semantics, or cannot rep",Runtime screenshot showing the completed behavior; Requirement-linked test result; Audit or activity evidence where the action changes state or data,UI + API + E2E; add offline/device/location tests where applicable,"FAIL if requirement MVP1-M01-041 is removed, weakened, hidden, replaced by mock behavior, implemented only visually without runtime behavior, loses validation/audit/permission semantics, or cannot reproduce the accepted evidence after a later change."
AC-0042,MVP1-M01-042,Visit Planning - Planning,"Planner, System","Notification Service, Calendar Service, Audit Service",Confirm publishing.,Visit is successfully published and available in the inspector's work queue.,"Generate Visit ID, assign inspector, update calendar, notify inspector and record audit logs.",A Single Visit creates one Visit Plan containing one Visit. The inspector receives only the Visit.,STM-PLAN-001;STM-PLAN-002 | states: Initiated->Criteria Built->Targets Retrieved->Targets Selected->Configured->Assigned->Ready to Publish->Published,"ENG-12 immutable event: actor, time, object, before/after state, version refs (MVP1-FND-003)",EV-003,"ERR-PLN-001;ERR-PLN-002;ERR-ASG-001;ERR-PUB-001 | FAIL if requirement MVP1-M01-042 is removed, weakened, hidden, replaced by mock behavior, implemented only visually without runtime behavior, loses validation/audit/permission semantics, or cannot rep",Runtime screenshot showing the completed behavior; Requirement-linked test result; Audit or activity evidence where the action changes state or data,UI + API + E2E; add offline/device/location tests where applicable,"FAIL if requirement MVP1-M01-042 is removed, weakened, hidden, replaced by mock behavior, implemented only visually without runtime behavior, loses validation/audit/permission semantics, or cannot reproduce the accepted evidence after a later change."
AC-0043,MVP1-M01-043,Visit Planning - Planning,"Planner, Inspector",Visit Planning Permission,Select Immediate Visit.,Immediate Visit workspace opens successfully.,Load Immediate Visit workspace.,Immediate Visits bypass Visit Plans and create a Visit directly.,STM-PLAN-001;STM-PLAN-002 | states: Initiated->Criteria Built->Targets Retrieved->Targets Selected->Configured->Assigned->Ready to Publish->Published,"ENG-12 immutable event: actor, time, object, before/after state, version refs (MVP1-FND-003)",EV-003,"ERR-PLN-001;ERR-PLN-002;ERR-ASG-001;ERR-PUB-001 | FAIL if requirement MVP1-M01-043 is removed, weakened, hidden, replaced by mock behavior, implemented only visually without runtime behavior, loses validation/audit/permission semantics, or cannot rep",Runtime screenshot showing the completed behavior; Requirement-linked test result; Audit or activity evidence where the action changes state or data,UI + API + E2E; add offline/device/location tests where applicable,"FAIL if requirement MVP1-M01-043 is removed, weakened, hidden, replaced by mock behavior, implemented only visually without runtime behavior, loses validation/audit/permission semantics, or cannot reproduce the accepted evidence after a later change."
AC-0044,MVP1-M01-044,Visit Planning - Planning,"Planner, Inspector","Commercial Registration Integration, Industrial License Integration",Search using CR Number or Industrial License Number.,Factory information is successfully retrieved when available.,Retrieve factory information if available.,Factory search is optional. Immediate Visits can continue even when no record is found.,STM-PLAN-001;STM-PLAN-002 | states: Initiated->Criteria Built->Targets Retrieved->Targets Selected->Configured->Assigned->Ready to Publish->Published,"ENG-12 immutable event: actor, time, object, before/after state, version refs (MVP1-FND-003)",EV-003,"ERR-PLN-001;ERR-PLN-002;ERR-ASG-001;ERR-PUB-001 | FAIL if requirement MVP1-M01-044 is removed, weakened, hidden, replaced by mock behavior, implemented only visually without runtime behavior, loses validation/audit/permission semantics, or cannot rep",Runtime screenshot showing the completed behavior; Requirement-linked test result; Audit or activity evidence where the action changes state or data,UI + API + E2E; add offline/device/location tests where applicable,"FAIL if requirement MVP1-M01-044 is removed, weakened, hidden, replaced by mock behavior, implemented only visually without runtime behavior, loses validation/audit/permission semantics, or cannot reproduce the accepted evidence after a later change."
AC-0045,MVP1-M01-045,Visit Planning - Planning,"Planner, Inspector",None,"Enter factory name (optional), CR (optional), Industrial License (optional) and any available business information.",User can continue without a CR or Industrial License.,Store manually entered information with the visit.,Immediate Visits do not require a registered factory.,STM-PLAN-001;STM-PLAN-002 | states: Initiated->Criteria Built->Targets Retrieved->Targets Selected->Configured->Assigned->Ready to Publish->Published,"ENG-12 immutable event: actor, time, object, before/after state, version refs (MVP1-FND-003)",EV-003,"ERR-PLN-001;ERR-PLN-002;ERR-ASG-001;ERR-PUB-001 | FAIL if requirement MVP1-M01-045 is removed, weakened, hidden, replaced by mock behavior, implemented only visually without runtime behavior, loses validation/audit/permission semantics, or cannot rep",Runtime screenshot showing the completed behavior; Requirement-linked test result; Audit or activity evidence where the action changes state or data,UI + API + E2E; add offline/device/location tests where applicable,"FAIL if requirement MVP1-M01-045 is removed, weakened, hidden, replaced by mock behavior, implemented only visually without runtime behavior, loses validation/audit/permission semantics, or cannot reproduce the accepted evidence after a later change."
AC-0046,MVP1-M01-046,Visit Planning - Planning,"Planner, Inspector",GIS / Map Service,"Confirm existing location, modify map pin or manually pin a new location.",Visit location is successfully captured.,Save the selected location with the visit.,"Location is mandatory before the visit can be created. If no registered location exists, planner or inspector must manually identify it.",STM-PLAN-001;STM-PLAN-002 | states: Initiated->Criteria Built->Targets Retrieved->Targets Selected->Configured->Assigned->Ready to Publish->Published,"ENG-12 immutable event: actor, time, object, before/after state, version refs (MVP1-FND-003)",EV-003,"ERR-PLN-001;ERR-PLN-002;ERR-ASG-001;ERR-PUB-001 | FAIL if requirement MVP1-M01-046 is removed, weakened, hidden, replaced by mock behavior, implemented only visually without runtime behavior, loses validation/audit/permission semantics, or cannot rep",Runtime screenshot showing the completed behavior; Requirement-linked test result; Audit or activity evidence where the action changes state or data,UI + API + E2E; add offline/device/location tests where applicable,"FAIL if requirement MVP1-M01-046 is removed, weakened, hidden, replaced by mock behavior, implemented only visually without runtime behavior, loses validation/audit/permission semantics, or cannot reproduce the accepted evidence after a later change."
AC-0047,MVP1-M01-047,Visit Planning - Planning,"Planner, Inspector",Visit Configuration Master Data,"Select Business Visit Type, Visit Window (Planner only), Notes and Priority (Optional).",Required information is successfully captured.,Validate mandatory information.,Planner may schedule an Immediate Visit. Inspector-created Immediate Visits start immediately.,STM-PLAN-001;STM-PLAN-002 | states: Initiated->Criteria Built->Targets Retrieved->Targets Selected->Configured->Assigned->Ready to Publish->Published,"ENG-12 immutable event: actor, time, object, before/after state, version refs (MVP1-FND-003)",EV-003,"ERR-PLN-001;ERR-PLN-002;ERR-ASG-001;ERR-PUB-001 | FAIL if requirement MVP1-M01-047 is removed, weakened, hidden, replaced by mock behavior, implemented only visually without runtime behavior, loses validation/audit/permission semantics, or cannot rep",Runtime screenshot showing the completed behavior; Requirement-linked test result; Audit or activity evidence where the action changes state or data,UI + API + E2E; add offline/device/location tests where applicable,"FAIL if requirement MVP1-M01-047 is removed, weakened, hidden, replaced by mock behavior, implemented only visually without runtime behavior, loses validation/audit/permission semantics, or cannot reproduce the accepted evidence after a later change."
AC-0048,MVP1-M01-048,Visit Planning - Planning,Planner,"Inspector Master Data, Assignment Engine",Select Auto or Manual Assignment.,Assigned inspector is successfully linked to the visit.,Assign inspector and validate assignment.,Only Planner-created Immediate Visits require assignment.,STM-PLAN-001;STM-PLAN-002 | states: Initiated->Criteria Built->Targets Retrieved->Targets Selected->Configured->Assigned->Ready to Publish->Published,"ENG-12 immutable event: actor, time, object, before/after state, version refs (MVP1-FND-003)",EV-003,"ERR-PLN-001;ERR-PLN-002;ERR-ASG-001;ERR-PUB-001 | FAIL if requirement MVP1-M01-048 is removed, weakened, hidden, replaced by mock behavior, implemented only visually without runtime behavior, loses validation/audit/permission semantics, or cannot rep",Runtime screenshot showing the completed behavior; Requirement-linked test result; Audit or activity evidence where the action changes state or data,UI + API + E2E; add offline/device/location tests where applicable,"FAIL if requirement MVP1-M01-048 is removed, weakened, hidden, replaced by mock behavior, implemented only visually without runtime behavior, loses validation/audit/permission semantics, or cannot reproduce the accepted evidence after a later change."
AC-0049,MVP1-M01-049,Visit Planning - Planning,Planner,Validation Engine,"Review factory information, location and visit configuration.",Planner successfully reviews the Immediate Visit before creation.,Validate mandatory information and duplicate active visits.,Review step is required only for Planner-created Immediate Visits.,STM-PLAN-001;STM-PLAN-002 | states: Initiated->Criteria Built->Targets Retrieved->Targets Selected->Configured->Assigned->Ready to Publish->Published,"ENG-12 immutable event: actor, time, object, before/after state, version refs (MVP1-FND-003)",EV-003,"ERR-PLN-001;ERR-PLN-002;ERR-ASG-001;ERR-PUB-001 | FAIL if requirement MVP1-M01-049 is removed, weakened, hidden, replaced by mock behavior, implemented only visually without runtime behavior, loses validation/audit/permission semantics, or cannot rep",Runtime screenshot showing the completed behavior; Requirement-linked test result; Audit or activity evidence where the action changes state or data,UI + API + E2E; add offline/device/location tests where applicable,"FAIL if requirement MVP1-M01-049 is removed, weakened, hidden, replaced by mock behavior, implemented only visually without runtime behavior, loses validation/audit/permission semantics, or cannot reproduce the accepted evidence after a later change."
AC-0050,MVP1-M01-050,Visit Planning - Planning,"Planner, Inspector","Visit Repository, Audit Service",Confirm creation.,Immediate Visit is successfully created.,"Generate Visit ID, create audit record and register the visit.",Immediate Visits generate a Visit directly without creating a Visit Plan.,STM-PLAN-001;STM-PLAN-002 | states: Initiated->Criteria Built->Targets Retrieved->Targets Selected->Configured->Assigned->Ready to Publish->Published,"ENG-12 immutable event: actor, time, object, before/after state, version refs (MVP1-FND-003)",EV-003,"ERR-PLN-001;ERR-PLN-002;ERR-ASG-001;ERR-PUB-001 | FAIL if requirement MVP1-M01-050 is removed, weakened, hidden, replaced by mock behavior, implemented only visually without runtime behavior, loses validation/audit/permission semantics, or cannot rep",Runtime screenshot showing the completed behavior; Requirement-linked test result; Audit or activity evidence where the action changes state or data,UI + API + E2E; add offline/device/location tests where applicable,"FAIL if requirement MVP1-M01-050 is removed, weakened, hidden, replaced by mock behavior, implemented only visually without runtime behavior, loses validation/audit/permission semantics, or cannot reproduce the accepted evidence after a later change."
AC-0051,MVP1-M01-051,Visit Planning - Planning,Inspector,Visit Execution Module,Click Start Inspection.,Inspection starts successfully and the visit appears in the execution workspace.,Change Visit Status to Inspection Started and transfer ownership to Visit Execution.,"Available only for Inspector-created Immediate Visits. Once inspection starts, the visit follows the standard execution lifecycle.",STM-PLAN-001;STM-PLAN-002 | states: Initiated->Criteria Built->Targets Retrieved->Targets Selected->Configured->Assigned->Ready to Publish->Published,"ENG-12 immutable event: actor, time, object, before/after state, version refs (MVP1-FND-003)",EV-003,"ERR-PLN-001;ERR-PLN-002;ERR-ASG-001;ERR-PUB-001 | FAIL if requirement MVP1-M01-051 is removed, weakened, hidden, replaced by mock behavior, implemented only visually without runtime behavior, loses validation/audit/permission semantics, or cannot rep",Runtime screenshot showing the completed behavior; Requirement-linked test result; Audit or activity evidence where the action changes state or data,UI + API + E2E; add offline/device/location tests where applicable,"FAIL if requirement MVP1-M01-051 is removed, weakened, hidden, replaced by mock behavior, implemented only visually without runtime behavior, loses validation/audit/permission semantics, or cannot reproduce the accepted evidence after a later change."
AC-0052,MVP1-M01-052,Visit Planning - Planning,System,"Notification Service, Inspector Calendar",N/A,Assigned inspector receives the Immediate Visit in their work queue.,Send notification and update inspector calendar/work queue.,Notifications are generated only when the visit is assigned to another inspector.,STM-PLAN-001;STM-PLAN-002 | states: Initiated->Criteria Built->Targets Retrieved->Targets Selected->Configured->Assigned->Ready to Publish->Published,"ENG-12 immutable event: actor, time, object, before/after state, version refs (MVP1-FND-003)",EV-003,"ERR-PLN-001;ERR-PLN-002;ERR-ASG-001;ERR-PUB-001 | FAIL if requirement MVP1-M01-052 is removed, weakened, hidden, replaced by mock behavior, implemented only visually without runtime behavior, loses validation/audit/permission semantics, or cannot rep",Runtime screenshot showing the completed behavior; Requirement-linked test result; Audit or activity evidence where the action changes state or data,UI + API + E2E; add offline/device/location tests where applicable,"FAIL if requirement MVP1-M01-052 is removed, weakened, hidden, replaced by mock behavior, implemented only visually without runtime behavior, loses validation/audit/permission semantics, or cannot reproduce the accepted evidence after a later change."
AC-0053,MVP1-M02-001,Visit Planning - Management,Planner,Visit Repository,Open Visit Management.,Planner can access all planned visits.,"Load KPIs, search, filters and visit list.",Only visits within the planning lifecycle are displayed.,STM-VIS-001;STM-VIS-002;STM-VIS-003 | states: Published->Active/Returned/Cancelled/Expired,"ENG-12 immutable event: actor, time, object, before/after state, version refs (MVP1-FND-003)",EV-003,"ERR-ASG-001;ERR-AUTH-001 | FAIL if requirement MVP1-M02-001 is removed, weakened, hidden, replaced by mock behavior, implemented only visually without runtime behavior, loses validation/audit/permission semantics, or cannot rep",Runtime screenshot showing the completed behavior; Requirement-linked test result; Audit or activity evidence where the action changes state or data,UI + API + E2E; add offline/device/location tests where applicable,"FAIL if requirement MVP1-M02-001 is removed, weakened, hidden, replaced by mock behavior, implemented only visually without runtime behavior, loses validation/audit/permission semantics, or cannot reproduce the accepted evidence after a later change."
AC-0054,MVP1-M02-002,Visit Planning - Management,Planner,Visit Repository,Select KPI.,KPI values match the underlying visit records.,"Display Draft, Published, Returned, Cancelled and Expired counts. Selecting a KPI filters the visit list automatically.",KPIs represent only planning statuses. Inspection execution statuses are excluded.,STM-VIS-001;STM-VIS-002;STM-VIS-003 | states: Published->Active/Returned/Cancelled/Expired,"ENG-12 immutable event: actor, time, object, before/after state, version refs (MVP1-FND-003)",EV-003,"ERR-ASG-001;ERR-AUTH-001 | FAIL if requirement MVP1-M02-002 is removed, weakened, hidden, replaced by mock behavior, implemented only visually without runtime behavior, loses validation/audit/permission semantics, or cannot rep",Runtime screenshot showing the completed behavior; Requirement-linked test result; Audit or activity evidence where the action changes state or data,UI + API + E2E; add offline/device/location tests where applicable,"FAIL if requirement MVP1-M02-002 is removed, weakened, hidden, replaced by mock behavior, implemented only visually without runtime behavior, loses validation/audit/permission semantics, or cannot reproduce the accepted evidence after a later change."
AC-0055,MVP1-M02-003,Visit Planning - Management,Planner,Visit Repository,"Search by Visit ID, Factory Name, CR Number, Industrial License or Inspector.",Matching visits are displayed.,Retrieve matching visits.,Partial matching is supported.,STM-VIS-001;STM-VIS-002;STM-VIS-003 | states: Published->Active/Returned/Cancelled/Expired,"ENG-12 immutable event: actor, time, object, before/after state, version refs (MVP1-FND-003)",EV-003,"ERR-ASG-001;ERR-AUTH-001 | FAIL if requirement MVP1-M02-003 is removed, weakened, hidden, replaced by mock behavior, implemented only visually without runtime behavior, loses validation/audit/permission semantics, or cannot rep",Runtime screenshot showing the completed behavior; Requirement-linked test result; Audit or activity evidence where the action changes state or data,UI + API + E2E; add offline/device/location tests where applicable,"FAIL if requirement MVP1-M02-003 is removed, weakened, hidden, replaced by mock behavior, implemented only visually without runtime behavior, loses validation/audit/permission semantics, or cannot reproduce the accepted evidence after a later change."
AC-0056,MVP1-M02-004,Visit Planning - Management,Planner,Visit Repository,Apply one or more filters.,Visit list reflects selected filters.,Refresh visit list.,Multiple filters may be combined.,STM-VIS-001;STM-VIS-002;STM-VIS-003 | states: Published->Active/Returned/Cancelled/Expired,"ENG-12 immutable event: actor, time, object, before/after state, version refs (MVP1-FND-003)",EV-003,"ERR-ASG-001;ERR-AUTH-001 | FAIL if requirement MVP1-M02-004 is removed, weakened, hidden, replaced by mock behavior, implemented only visually without runtime behavior, loses validation/audit/permission semantics, or cannot rep",Runtime screenshot showing the completed behavior; Requirement-linked test result; Audit or activity evidence where the action changes state or data,UI + API + E2E; add offline/device/location tests where applicable,"FAIL if requirement MVP1-M02-004 is removed, weakened, hidden, replaced by mock behavior, implemented only visually without runtime behavior, loses validation/audit/permission semantics, or cannot reproduce the accepted evidence after a later change."
AC-0057,MVP1-M02-005,Visit Planning - Management,Planner,Visit Repository,View details.,Planner can access complete visit information.,"Display factory profile, location, assignment, visit information, timeline and audit history.",Information is read-only until Edit is selected.,STM-VIS-001;STM-VIS-002;STM-VIS-003 | states: Published->Active/Returned/Cancelled/Expired,"ENG-12 immutable event: actor, time, object, before/after state, version refs (MVP1-FND-003)",EV-003,"ERR-ASG-001;ERR-AUTH-001 | FAIL if requirement MVP1-M02-005 is removed, weakened, hidden, replaced by mock behavior, implemented only visually without runtime behavior, loses validation/audit/permission semantics, or cannot rep",Runtime screenshot showing the completed behavior; Requirement-linked test result; Audit or activity evidence where the action changes state or data,UI + API + E2E; add offline/device/location tests where applicable,"FAIL if requirement MVP1-M02-005 is removed, weakened, hidden, replaced by mock behavior, implemented only visually without runtime behavior, loses validation/audit/permission semantics, or cannot reproduce the accepted evidence after a later change."
AC-0058,MVP1-M02-006,Visit Planning - Management,Planner,"Published Visit, Returned Visit","Update Business Visit Type, Visit Window, Inspector, Factory Location and Notes.",Changes are successfully saved and audited.,"Validate changes, save updates and record audit logs.",Edit is allowed only before the inspection has started.,STM-VIS-001;STM-VIS-002;STM-VIS-003 | states: Published->Active/Returned/Cancelled/Expired,"ENG-12 immutable event: actor, time, object, before/after state, version refs (MVP1-FND-003)",EV-003,"ERR-ASG-001;ERR-AUTH-001 | FAIL if requirement MVP1-M02-006 is removed, weakened, hidden, replaced by mock behavior, implemented only visually without runtime behavior, loses validation/audit/permission semantics, or cannot rep",Runtime screenshot showing the completed behavior; Requirement-linked test result; Audit or activity evidence where the action changes state or data,UI + API + E2E; add offline/device/location tests where applicable,"FAIL if requirement MVP1-M02-006 is removed, weakened, hidden, replaced by mock behavior, implemented only visually without runtime behavior, loses validation/audit/permission semantics, or cannot reproduce the accepted evidence after a later change."
AC-0059,MVP1-M02-007,Visit Planning - Management,Planner,Visit Plan,Select child visits and update shared fields.,Selected visits are successfully updated.,Apply updates to all selected visits and record audit logs.,Bulk Edit is only available for visits within the same Visit Plan and before inspection starts.,STM-VIS-001;STM-VIS-002;STM-VIS-003 | states: Published->Active/Returned/Cancelled/Expired,"ENG-12 immutable event: actor, time, object, before/after state, version refs (MVP1-FND-003)",EV-003,"ERR-ASG-001;ERR-AUTH-001 | FAIL if requirement MVP1-M02-007 is removed, weakened, hidden, replaced by mock behavior, implemented only visually without runtime behavior, loses validation/audit/permission semantics, or cannot rep",Runtime screenshot showing the completed behavior; Requirement-linked test result; Audit or activity evidence where the action changes state or data,UI + API + E2E; add offline/device/location tests where applicable,"FAIL if requirement MVP1-M02-007 is removed, weakened, hidden, replaced by mock behavior, implemented only visually without runtime behavior, loses validation/audit/permission semantics, or cannot reproduce the accepted evidence after a later change."
AC-0060,MVP1-M02-008,Visit Planning - Management,Planner,Returned Visit,"Review return reason, edit visit, republish or cancel.",Planner can successfully process returned visits.,Display return reason and maintain audit history.,"Returned visits are always managed as Single Visits, even if originally created through Bulk Planning.",STM-VIS-001;STM-VIS-002;STM-VIS-003 | states: Published->Active/Returned/Cancelled/Expired,"ENG-12 immutable event: actor, time, object, before/after state, version refs (MVP1-FND-003)",EV-003,"ERR-ASG-001;ERR-AUTH-001 | FAIL if requirement MVP1-M02-008 is removed, weakened, hidden, replaced by mock behavior, implemented only visually without runtime behavior, loses validation/audit/permission semantics, or cannot rep",Runtime screenshot showing the completed behavior; Requirement-linked test result; Audit or activity evidence where the action changes state or data,UI + API + E2E; add offline/device/location tests where applicable,"FAIL if requirement MVP1-M02-008 is removed, weakened, hidden, replaced by mock behavior, implemented only visually without runtime behavior, loses validation/audit/permission semantics, or cannot reproduce the accepted evidence after a later change."
AC-0061,MVP1-M02-009,Visit Planning - Management,Planner,"Returned Visit, Notification Service",Confirm republishing.,Returned visit is successfully republished.,"Change status to Published, notify assigned inspector and update audit history.",Same Visit ID and same Visit Plan ID are retained.,STM-VIS-001;STM-VIS-002;STM-VIS-003 | states: Published->Active/Returned/Cancelled/Expired,"ENG-12 immutable event: actor, time, object, before/after state, version refs (MVP1-FND-003)",EV-003,"ERR-ASG-001;ERR-AUTH-001 | FAIL if requirement MVP1-M02-009 is removed, weakened, hidden, replaced by mock behavior, implemented only visually without runtime behavior, loses validation/audit/permission semantics, or cannot rep",Runtime screenshot showing the completed behavior; Requirement-linked test result; Audit or activity evidence where the action changes state or data,UI + API + E2E; add offline/device/location tests where applicable,"FAIL if requirement MVP1-M02-009 is removed, weakened, hidden, replaced by mock behavior, implemented only visually without runtime behavior, loses validation/audit/permission semantics, or cannot reproduce the accepted evidence after a later change."
AC-0062,MVP1-M02-010,Visit Planning - Management,Planner,"Published Visit, Returned Visit",Enter cancellation reason and confirm.,Visit is cancelled successfully and removed from active planning.,"Update status, notify inspector and record audit log.",Cancellation is only allowed before inspection starts. Cancelled is a final state.,STM-VIS-001;STM-VIS-002;STM-VIS-003 | states: Published->Active/Returned/Cancelled/Expired,"ENG-12 immutable event: actor, time, object, before/after state, version refs (MVP1-FND-003)",EV-003,"ERR-ASG-001;ERR-AUTH-001 | FAIL if requirement MVP1-M02-010 is removed, weakened, hidden, replaced by mock behavior, implemented only visually without runtime behavior, loses validation/audit/permission semantics, or cannot rep",Runtime screenshot showing the completed behavior; Requirement-linked test result; Audit or activity evidence where the action changes state or data,UI + API + E2E; add offline/device/location tests where applicable,"FAIL if requirement MVP1-M02-010 is removed, weakened, hidden, replaced by mock behavior, implemented only visually without runtime behavior, loses validation/audit/permission semantics, or cannot reproduce the accepted evidence after a later change."
AC-0063,MVP1-M02-011,Visit Planning - Management,Planner,Visit Plan,"Select visits, enter cancellation reason and confirm.",Selected visits are successfully cancelled.,"Cancel selected visits, notify inspectors and record audit logs.",Only visits that have not started inspection may be cancelled.,STM-VIS-001;STM-VIS-002;STM-VIS-003 | states: Published->Active/Returned/Cancelled/Expired,"ENG-12 immutable event: actor, time, object, before/after state, version refs (MVP1-FND-003)",EV-003,"ERR-ASG-001;ERR-AUTH-001 | FAIL if requirement MVP1-M02-011 is removed, weakened, hidden, replaced by mock behavior, implemented only visually without runtime behavior, loses validation/audit/permission semantics, or cannot rep",Runtime screenshot showing the completed behavior; Requirement-linked test result; Audit or activity evidence where the action changes state or data,UI + API + E2E; add offline/device/location tests where applicable,"FAIL if requirement MVP1-M02-011 is removed, weakened, hidden, replaced by mock behavior, implemented only visually without runtime behavior, loses validation/audit/permission semantics, or cannot reproduce the accepted evidence after a later change."
AC-0064,MVP1-M02-012,Visit Planning - Management,System,Visit Repository,N/A,Duplicate visits are successfully prevented.,Detect active or overlapping visits for the same factory.,Duplicate active visits are not allowed.,STM-VIS-001;STM-VIS-002;STM-VIS-003 | states: Published->Active/Returned/Cancelled/Expired,"ENG-12 immutable event: actor, time, object, before/after state, version refs (MVP1-FND-003)",EV-003,"ERR-ASG-001;ERR-AUTH-001 | FAIL if requirement MVP1-M02-012 is removed, weakened, hidden, replaced by mock behavior, implemented only visually without runtime behavior, loses validation/audit/permission semantics, or cannot rep",Runtime screenshot showing the completed behavior; Requirement-linked test result; Audit or activity evidence where the action changes state or data,UI + API + E2E; add offline/device/location tests where applicable,"FAIL if requirement MVP1-M02-012 is removed, weakened, hidden, replaced by mock behavior, implemented only visually without runtime behavior, loses validation/audit/permission semantics, or cannot reproduce the accepted evidence after a later change."
AC-0065,MVP1-M02-013,Visit Planning - Management,Planner,Audit Repository,Review timeline.,Timeline displays complete visit history.,Display all visit events in chronological order.,Timeline cannot be modified by users.,STM-VIS-001;STM-VIS-002;STM-VIS-003 | states: Published->Active/Returned/Cancelled/Expired,"ENG-12 immutable event: actor, time, object, before/after state, version refs (MVP1-FND-003)",EV-003,"ERR-ASG-001;ERR-AUTH-001 | FAIL if requirement MVP1-M02-013 is removed, weakened, hidden, replaced by mock behavior, implemented only visually without runtime behavior, loses validation/audit/permission semantics, or cannot rep",Runtime screenshot showing the completed behavior; Requirement-linked test result; Audit or activity evidence where the action changes state or data,UI + API + E2E; add offline/device/location tests where applicable,"FAIL if requirement MVP1-M02-013 is removed, weakened, hidden, replaced by mock behavior, implemented only visually without runtime behavior, loses validation/audit/permission semantics, or cannot reproduce the accepted evidence after a later change."
AC-0066,MVP1-M02-014,Visit Planning - Management,"System, Planner",Audit Service,Review audit records.,Every planning action is traceable.,"Record every change with previous value, new value, user and timestamp.",All planning actions must be audited. Audit records cannot be edited or deleted.,STM-VIS-001;STM-VIS-002;STM-VIS-003 | states: Published->Active/Returned/Cancelled/Expired,"ENG-12 immutable event: actor, time, object, before/after state, version refs (MVP1-FND-003)",EV-003,"ERR-ASG-001;ERR-AUTH-001 | FAIL if requirement MVP1-M02-014 is removed, weakened, hidden, replaced by mock behavior, implemented only visually without runtime behavior, loses validation/audit/permission semantics, or cannot rep",Runtime screenshot showing the completed behavior; Requirement-linked test result; Audit or activity evidence where the action changes state or data,UI + API + E2E; add offline/device/location tests where applicable,"FAIL if requirement MVP1-M02-014 is removed, weakened, hidden, replaced by mock behavior, implemented only visually without runtime behavior, loses validation/audit/permission semantics, or cannot reproduce the accepted evidence after a later change."
AC-0067,MVP1-M02-015,Visit Planning - Management,System,Workflow Engine,N/A,Invalid status transitions are prevented automatically.,Enforce lifecycle transitions based on business rules.,"Valid planning statuses are Draft, Published, Returned, Cancelled and Expired. Cancelled and Expired are final states. Returned is only available before inspection starts.",STM-VIS-001;STM-VIS-002;STM-VIS-003 | states: Published->Active/Returned/Cancelled/Expired,"ENG-12 immutable event: actor, time, object, before/after state, version refs (MVP1-FND-003)",EV-003,"ERR-ASG-001;ERR-AUTH-001 | FAIL if requirement MVP1-M02-015 is removed, weakened, hidden, replaced by mock behavior, implemented only visually without runtime behavior, loses validation/audit/permission semantics, or cannot rep",Runtime screenshot showing the completed behavior; Requirement-linked test result; Audit or activity evidence where the action changes state or data,UI + API + E2E; add offline/device/location tests where applicable,"FAIL if requirement MVP1-M02-015 is removed, weakened, hidden, replaced by mock behavior, implemented only visually without runtime behavior, loses validation/audit/permission semantics, or cannot reproduce the accepted evidence after a later change."
AC-0068,MVP1-M02-016,Visit Planning - Management,System,Scheduler Service,N/A,Visits automatically expire after the configured visit window ends.,Update visit status to Expired and record audit history.,"Expired is a final state. No edit, republish or cancel actions are allowed. View only.",STM-VIS-001;STM-VIS-002;STM-VIS-003 | states: Published->Active/Returned/Cancelled/Expired,"ENG-12 immutable event: actor, time, object, before/after state, version refs (MVP1-FND-003)",EV-003,"ERR-ASG-001;ERR-AUTH-001 | FAIL if requirement MVP1-M02-016 is removed, weakened, hidden, replaced by mock behavior, implemented only visually without runtime behavior, loses validation/audit/permission semantics, or cannot rep",Runtime screenshot showing the completed behavior; Requirement-linked test result; Audit or activity evidence where the action changes state or data,UI + API + E2E; add offline/device/location tests where applicable,"FAIL if requirement MVP1-M02-016 is removed, weakened, hidden, replaced by mock behavior, implemented only visually without runtime behavior, loses validation/audit/permission semantics, or cannot reproduce the accepted evidence after a later change."
AC-0069,MVP1-M02-017,Visit Planning - Management,Planner,Visit Plan Repository,"View child visits, assignments and planning summary.",Planner can successfully manage all visits within the selected Visit Plan.,Display all visits belonging to the selected Visit Plan.,Bulk operations are only available from the Visit Plan level.,STM-VIS-001;STM-VIS-002;STM-VIS-003 | states: Published->Active/Returned/Cancelled/Expired,"ENG-12 immutable event: actor, time, object, before/after state, version refs (MVP1-FND-003)",EV-003,"ERR-ASG-001;ERR-AUTH-001 | FAIL if requirement MVP1-M02-017 is removed, weakened, hidden, replaced by mock behavior, implemented only visually without runtime behavior, loses validation/audit/permission semantics, or cannot rep",Runtime screenshot showing the completed behavior; Requirement-linked test result; Audit or activity evidence where the action changes state or data,UI + API + E2E; add offline/device/location tests where applicable,"FAIL if requirement MVP1-M02-017 is removed, weakened, hidden, replaced by mock behavior, implemented only visually without runtime behavior, loses validation/audit/permission semantics, or cannot reproduce the accepted evidence after a later change."
AC-0070,MVP1-M02-018,Visit Planning - Management,Planner,"Inspector Repository, Assignment Engine",View inspector workload and assigned visits.,Planner can review inspector workload before reassigning visits.,"Display inspector capacity, assigned visits and available workload.",Read-only dashboard used to support planning decisions.,STM-VIS-001;STM-VIS-002;STM-VIS-003 | states: Published->Active/Returned/Cancelled/Expired,"ENG-12 immutable event: actor, time, object, before/after state, version refs (MVP1-FND-003)",EV-003,"ERR-ASG-001;ERR-AUTH-001 | FAIL if requirement MVP1-M02-018 is removed, weakened, hidden, replaced by mock behavior, implemented only visually without runtime behavior, loses validation/audit/permission semantics, or cannot rep",Runtime screenshot showing the completed behavior; Requirement-linked test result; Audit or activity evidence where the action changes state or data,UI + API + E2E; add offline/device/location tests where applicable,"FAIL if requirement MVP1-M02-018 is removed, weakened, hidden, replaced by mock behavior, implemented only visually without runtime behavior, loses validation/audit/permission semantics, or cannot reproduce the accepted evidence after a later change."
AC-0071,MVP1-M02-019,Visit Planning - Management,Displays only visits owned by the Planning lifecycle.,Planner,Open workspace.,"Visit Repository, User Roles, Dashboard Service","Load KPIs, filters, search, visit list and planner actions.",None,STM-VIS-001;STM-VIS-002;STM-VIS-003 | states: Published->Active/Returned/Cancelled/Expired,"ENG-12 immutable event: actor, time, object, before/after state, version refs (MVP1-FND-003)",EV-003,"ERR-ASG-001;ERR-AUTH-001 | FAIL if requirement MVP1-M02-019 is removed, weakened, hidden, replaced by mock behavior, implemented only visually without runtime behavior, loses validation/audit/permission semantics, or cannot rep",Runtime screenshot showing the completed behavior; Requirement-linked test result; Audit or activity evidence where the action changes state or data,UI + API + E2E; add offline/device/location tests where applicable,"FAIL if requirement MVP1-M02-019 is removed, weakened, hidden, replaced by mock behavior, implemented only visually without runtime behavior, loses validation/audit/permission semantics, or cannot reproduce the accepted evidence after a later change."
AC-0072,MVP1-M02-020,Visit Planning - Management,"KPIs include Draft, Published, Returned, Cancelled and Expired only. Execution KPIs are excluded.",Planner,View KPIs and drill into records.,Visit Repository,Calculate and display planning KPIs.,None,STM-VIS-001;STM-VIS-002;STM-VIS-003 | states: Published->Active/Returned/Cancelled/Expired,"ENG-12 immutable event: actor, time, object, before/after state, version refs (MVP1-FND-003)",EV-003,"ERR-ASG-001;ERR-AUTH-001 | FAIL if requirement MVP1-M02-020 is removed, weakened, hidden, replaced by mock behavior, implemented only visually without runtime behavior, loses validation/audit/permission semantics, or cannot rep",Runtime screenshot showing the completed behavior; Requirement-linked test result; Audit or activity evidence where the action changes state or data,UI + API + E2E; add offline/device/location tests where applicable,"FAIL if requirement MVP1-M02-020 is removed, weakened, hidden, replaced by mock behavior, implemented only visually without runtime behavior, loses validation/audit/permission semantics, or cannot reproduce the accepted evidence after a later change."
AC-0073,MVP1-M02-021,Visit Planning - Management,Supports partial and combined search criteria.,Planner,"Search by Visit ID, Visit Plan ID, CR, License Number, Factory Name, Inspector or Campaign.","Search Engine, Visit Repository",Retrieve matching records.,None,STM-VIS-001;STM-VIS-002;STM-VIS-003 | states: Published->Active/Returned/Cancelled/Expired,"ENG-12 immutable event: actor, time, object, before/after state, version refs (MVP1-FND-003)",EV-003,"ERR-ASG-001;ERR-AUTH-001 | FAIL if requirement MVP1-M02-021 is removed, weakened, hidden, replaced by mock behavior, implemented only visually without runtime behavior, loses validation/audit/permission semantics, or cannot rep",Runtime screenshot showing the completed behavior; Requirement-linked test result; Audit or activity evidence where the action changes state or data,UI + API + E2E; add offline/device/location tests where applicable,"FAIL if requirement MVP1-M02-021 is removed, weakened, hidden, replaced by mock behavior, implemented only visually without runtime behavior, loses validation/audit/permission semantics, or cannot reproduce the accepted evidence after a later change."
AC-0074,MVP1-M02-022,Visit Planning - Management,Multiple filters can be combined.,Planner,Apply one or more filters.,Visit Repository,Refresh visit list.,None,STM-VIS-001;STM-VIS-002;STM-VIS-003 | states: Published->Active/Returned/Cancelled/Expired,"ENG-12 immutable event: actor, time, object, before/after state, version refs (MVP1-FND-003)",EV-003,"ERR-ASG-001;ERR-AUTH-001 | FAIL if requirement MVP1-M02-022 is removed, weakened, hidden, replaced by mock behavior, implemented only visually without runtime behavior, loses validation/audit/permission semantics, or cannot rep",Runtime screenshot showing the completed behavior; Requirement-linked test result; Audit or activity evidence where the action changes state or data,UI + API + E2E; add offline/device/location tests where applicable,"FAIL if requirement MVP1-M02-022 is removed, weakened, hidden, replaced by mock behavior, implemented only visually without runtime behavior, loses validation/audit/permission semantics, or cannot reproduce the accepted evidence after a later change."
AC-0075,MVP1-M02-023,Visit Planning - Management,"Supports pagination, sorting and grouping.",Planner,"Sort, group, select and open visits.",Visit Repository,Display configurable visit grid.,None,STM-VIS-001;STM-VIS-002;STM-VIS-003 | states: Published->Active/Returned/Cancelled/Expired,"ENG-12 immutable event: actor, time, object, before/after state, version refs (MVP1-FND-003)",EV-003,"ERR-ASG-001;ERR-AUTH-001 | FAIL if requirement MVP1-M02-023 is removed, weakened, hidden, replaced by mock behavior, implemented only visually without runtime behavior, loses validation/audit/permission semantics, or cannot rep",Runtime screenshot showing the completed behavior; Requirement-linked test result; Audit or activity evidence where the action changes state or data,UI + API + E2E; add offline/device/location tests where applicable,"FAIL if requirement MVP1-M02-023 is removed, weakened, hidden, replaced by mock behavior, implemented only visually without runtime behavior, loses validation/audit/permission semantics, or cannot reproduce the accepted evidence after a later change."
AC-0076,MVP1-M02-024,Visit Planning - Management,Information remains read-only until Edit is selected.,Planner,View visit information.,Visit Repository,"Display factory profile, assignment, planning information, location, timeline, attachments and audit.",None,STM-VIS-001;STM-VIS-002;STM-VIS-003 | states: Published->Active/Returned/Cancelled/Expired,"ENG-12 immutable event: actor, time, object, before/after state, version refs (MVP1-FND-003)",EV-003,"ERR-ASG-001;ERR-AUTH-001 | FAIL if requirement MVP1-M02-024 is removed, weakened, hidden, replaced by mock behavior, implemented only visually without runtime behavior, loses validation/audit/permission semantics, or cannot rep",Runtime screenshot showing the completed behavior; Requirement-linked test result; Audit or activity evidence where the action changes state or data,UI + API + E2E; add offline/device/location tests where applicable,"FAIL if requirement MVP1-M02-024 is removed, weakened, hidden, replaced by mock behavior, implemented only visually without runtime behavior, loses validation/audit/permission semantics, or cannot reproduce the accepted evidence after a later change."
AC-0077,MVP1-M02-025,Visit Planning - Management,Editing is prohibited once inspection has started.,Planner,Update editable fields.,"Validation Engine, Assignment Engine","Validate, save changes and audit updates.",Status unchanged,STM-VIS-001;STM-VIS-002;STM-VIS-003 | states: Published->Active/Returned/Cancelled/Expired,"ENG-12 immutable event: actor, time, object, before/after state, version refs (MVP1-FND-003)",EV-003,"ERR-ASG-001;ERR-AUTH-001 | FAIL if requirement MVP1-M02-025 is removed, weakened, hidden, replaced by mock behavior, implemented only visually without runtime behavior, loses validation/audit/permission semantics, or cannot rep",Runtime screenshot showing the completed behavior; Requirement-linked test result; Audit or activity evidence where the action changes state or data,UI + API + E2E; add offline/device/location tests where applicable,"FAIL if requirement MVP1-M02-025 is removed, weakened, hidden, replaced by mock behavior, implemented only visually without runtime behavior, loses validation/audit/permission semantics, or cannot reproduce the accepted evidence after a later change."
AC-0078,MVP1-M02-026,Visit Planning - Management,Reassignment is only allowed before inspection starts.,Planner,Select another inspector.,"Assignment Engine, Notification Service","Validate eligibility, workload and update assignment. Notify affected inspector(s).",Status unchanged,STM-VIS-001;STM-VIS-002;STM-VIS-003 | states: Published->Active/Returned/Cancelled/Expired,"ENG-12 immutable event: actor, time, object, before/after state, version refs (MVP1-FND-003)",EV-003,"ERR-ASG-001;ERR-AUTH-001 | FAIL if requirement MVP1-M02-026 is removed, weakened, hidden, replaced by mock behavior, implemented only visually without runtime behavior, loses validation/audit/permission semantics, or cannot rep",Runtime screenshot showing the completed behavior; Requirement-linked test result; Audit or activity evidence where the action changes state or data,UI + API + E2E; add offline/device/location tests where applicable,"FAIL if requirement MVP1-M02-026 is removed, weakened, hidden, replaced by mock behavior, implemented only visually without runtime behavior, loses validation/audit/permission semantics, or cannot reproduce the accepted evidence after a later change."
AC-0079,MVP1-M02-027,Visit Planning - Management,Rescheduling is prohibited after inspection starts.,Planner,Select new visit window.,Calendar Engine,Validate planning conflicts and update schedule.,Status unchanged,STM-VIS-001;STM-VIS-002;STM-VIS-003 | states: Published->Active/Returned/Cancelled/Expired,"ENG-12 immutable event: actor, time, object, before/after state, version refs (MVP1-FND-003)",EV-003,"ERR-ASG-001;ERR-AUTH-001 | FAIL if requirement MVP1-M02-027 is removed, weakened, hidden, replaced by mock behavior, implemented only visually without runtime behavior, loses validation/audit/permission semantics, or cannot rep",Runtime screenshot showing the completed behavior; Requirement-linked test result; Audit or activity evidence where the action changes state or data,UI + API + E2E; add offline/device/location tests where applicable,"FAIL if requirement MVP1-M02-027 is removed, weakened, hidden, replaced by mock behavior, implemented only visually without runtime behavior, loses validation/audit/permission semantics, or cannot reproduce the accepted evidence after a later change."
AC-0080,MVP1-M02-028,Visit Planning - Management,Cancelled is a final status.,Planner,Enter cancellation reason and confirm.,"Notification Service, Audit Service","Cancel visit, notify inspector and audit the action.",Published/Returned → Cancelled,STM-VIS-001;STM-VIS-002;STM-VIS-003 | states: Published->Active/Returned/Cancelled/Expired,"ENG-12 immutable event: actor, time, object, before/after state, version refs (MVP1-FND-003)",EV-003,"ERR-ASG-001;ERR-AUTH-001 | FAIL if requirement MVP1-M02-028 is removed, weakened, hidden, replaced by mock behavior, implemented only visually without runtime behavior, loses validation/audit/permission semantics, or cannot rep",Runtime screenshot showing the completed behavior; Requirement-linked test result; Audit or activity evidence where the action changes state or data,UI + API + E2E; add offline/device/location tests where applicable,"FAIL if requirement MVP1-M02-028 is removed, weakened, hidden, replaced by mock behavior, implemented only visually without runtime behavior, loses validation/audit/permission semantics, or cannot reproduce the accepted evidence after a later change."
AC-0081,MVP1-M02-029,Visit Planning - Management,Returned visits are treated as individual visits even if created from Bulk Planning.,Planner,"Review return reason, update planning information.",Visit Repository,Display return reason and allow corrections.,Returned remains Returned until republished.,STM-VIS-001;STM-VIS-002;STM-VIS-003 | states: Published->Active/Returned/Cancelled/Expired,"ENG-12 immutable event: actor, time, object, before/after state, version refs (MVP1-FND-003)",EV-003,"ERR-ASG-001;ERR-AUTH-001 | FAIL if requirement MVP1-M02-029 is removed, weakened, hidden, replaced by mock behavior, implemented only visually without runtime behavior, loses validation/audit/permission semantics, or cannot rep",Runtime screenshot showing the completed behavior; Requirement-linked test result; Audit or activity evidence where the action changes state or data,UI + API + E2E; add offline/device/location tests where applicable,"FAIL if requirement MVP1-M02-029 is removed, weakened, hidden, replaced by mock behavior, implemented only visually without runtime behavior, loses validation/audit/permission semantics, or cannot reproduce the accepted evidence after a later change."
AC-0082,MVP1-M02-030,Visit Planning - Management,Visit ID and Visit Plan ID remain unchanged.,Planner,Confirm republishing.,Notification Service,"Validate updates, notify inspector and audit changes.",Returned → Published,STM-VIS-001;STM-VIS-002;STM-VIS-003 | states: Published->Active/Returned/Cancelled/Expired,"ENG-12 immutable event: actor, time, object, before/after state, version refs (MVP1-FND-003)",EV-003,"ERR-ASG-001;ERR-AUTH-001 | FAIL if requirement MVP1-M02-030 is removed, weakened, hidden, replaced by mock behavior, implemented only visually without runtime behavior, loses validation/audit/permission semantics, or cannot rep",Runtime screenshot showing the completed behavior; Requirement-linked test result; Audit or activity evidence where the action changes state or data,UI + API + E2E; add offline/device/location tests where applicable,"FAIL if requirement MVP1-M02-030 is removed, weakened, hidden, replaced by mock behavior, implemented only visually without runtime behavior, loses validation/audit/permission semantics, or cannot reproduce the accepted evidence after a later change."
AC-0083,MVP1-M02-031,Visit Planning - Management,Bulk Edit is only allowed for child visits belonging to the same Visit Plan.,Planner,Update shared information.,Visit Plan Repository,Apply changes across selected visits.,Status unchanged,STM-VIS-001;STM-VIS-002;STM-VIS-003 | states: Published->Active/Returned/Cancelled/Expired,"ENG-12 immutable event: actor, time, object, before/after state, version refs (MVP1-FND-003)",EV-003,"ERR-ASG-001;ERR-AUTH-001 | FAIL if requirement MVP1-M02-031 is removed, weakened, hidden, replaced by mock behavior, implemented only visually without runtime behavior, loses validation/audit/permission semantics, or cannot rep",Runtime screenshot showing the completed behavior; Requirement-linked test result; Audit or activity evidence where the action changes state or data,UI + API + E2E; add offline/device/location tests where applicable,"FAIL if requirement MVP1-M02-031 is removed, weakened, hidden, replaced by mock behavior, implemented only visually without runtime behavior, loses validation/audit/permission semantics, or cannot reproduce the accepted evidence after a later change."
AC-0084,MVP1-M02-032,Visit Planning - Management,Only visits not yet started may be reassigned.,Planner,Select inspector(s).,Assignment Engine,Update assignments and notify inspectors.,Status unchanged,STM-VIS-001;STM-VIS-002;STM-VIS-003 | states: Published->Active/Returned/Cancelled/Expired,"ENG-12 immutable event: actor, time, object, before/after state, version refs (MVP1-FND-003)",EV-003,"ERR-ASG-001;ERR-AUTH-001 | FAIL if requirement MVP1-M02-032 is removed, weakened, hidden, replaced by mock behavior, implemented only visually without runtime behavior, loses validation/audit/permission semantics, or cannot rep",Runtime screenshot showing the completed behavior; Requirement-linked test result; Audit or activity evidence where the action changes state or data,UI + API + E2E; add offline/device/location tests where applicable,"FAIL if requirement MVP1-M02-032 is removed, weakened, hidden, replaced by mock behavior, implemented only visually without runtime behavior, loses validation/audit/permission semantics, or cannot reproduce the accepted evidence after a later change."
AC-0085,MVP1-M02-033,Visit Planning - Management,Only not-started visits may be rescheduled.,Planner,Select new visit window.,Calendar Engine,Validate schedule conflicts and update visits.,Status unchanged,STM-VIS-001;STM-VIS-002;STM-VIS-003 | states: Published->Active/Returned/Cancelled/Expired,"ENG-12 immutable event: actor, time, object, before/after state, version refs (MVP1-FND-003)",EV-003,"ERR-ASG-001;ERR-AUTH-001 | FAIL if requirement MVP1-M02-033 is removed, weakened, hidden, replaced by mock behavior, implemented only visually without runtime behavior, loses validation/audit/permission semantics, or cannot rep",Runtime screenshot showing the completed behavior; Requirement-linked test result; Audit or activity evidence where the action changes state or data,UI + API + E2E; add offline/device/location tests where applicable,"FAIL if requirement MVP1-M02-033 is removed, weakened, hidden, replaced by mock behavior, implemented only visually without runtime behavior, loses validation/audit/permission semantics, or cannot reproduce the accepted evidence after a later change."
AC-0086,MVP1-M02-034,Visit Planning - Management,Only visits not yet started may be cancelled.,Planner,Select visits and confirm cancellation.,Notification Service,Cancel selected visits and notify inspectors.,Published/Returned → Cancelled,STM-VIS-001;STM-VIS-002;STM-VIS-003 | states: Published->Active/Returned/Cancelled/Expired,"ENG-12 immutable event: actor, time, object, before/after state, version refs (MVP1-FND-003)",EV-003,"ERR-ASG-001;ERR-AUTH-001 | FAIL if requirement MVP1-M02-034 is removed, weakened, hidden, replaced by mock behavior, implemented only visually without runtime behavior, loses validation/audit/permission semantics, or cannot rep",Runtime screenshot showing the completed behavior; Requirement-linked test result; Audit or activity evidence where the action changes state or data,UI + API + E2E; add offline/device/location tests where applicable,"FAIL if requirement MVP1-M02-034 is removed, weakened, hidden, replaced by mock behavior, implemented only visually without runtime behavior, loses validation/audit/permission semantics, or cannot reproduce the accepted evidence after a later change."
AC-0087,MVP1-M02-035,Visit Planning - Management,Visit Plan is the parent record of all child visits.,Planner,View summary and child visits.,Visit Plan Repository,"Display campaign information, progress and statistics.",None,STM-VIS-001;STM-VIS-002;STM-VIS-003 | states: Published->Active/Returned/Cancelled/Expired,"ENG-12 immutable event: actor, time, object, before/after state, version refs (MVP1-FND-003)",EV-003,"ERR-ASG-001;ERR-AUTH-001 | FAIL if requirement MVP1-M02-035 is removed, weakened, hidden, replaced by mock behavior, implemented only visually without runtime behavior, loses validation/audit/permission semantics, or cannot rep",Runtime screenshot showing the completed behavior; Requirement-linked test result; Audit or activity evidence where the action changes state or data,UI + API + E2E; add offline/device/location tests where applicable,"FAIL if requirement MVP1-M02-035 is removed, weakened, hidden, replaced by mock behavior, implemented only visually without runtime behavior, loses validation/audit/permission semantics, or cannot reproduce the accepted evidence after a later change."
AC-0088,MVP1-M02-036,Visit Planning - Management,Progress is calculated automatically.,Planner,Review progress.,Visit Plan Repository,"Calculate completed, published, returned, cancelled and expired child visits.",None,STM-VIS-001;STM-VIS-002;STM-VIS-003 | states: Published->Active/Returned/Cancelled/Expired,"ENG-12 immutable event: actor, time, object, before/after state, version refs (MVP1-FND-003)",EV-003,"ERR-ASG-001;ERR-AUTH-001 | FAIL if requirement MVP1-M02-036 is removed, weakened, hidden, replaced by mock behavior, implemented only visually without runtime behavior, loses validation/audit/permission semantics, or cannot rep",Runtime screenshot showing the completed behavior; Requirement-linked test result; Audit or activity evidence where the action changes state or data,UI + API + E2E; add offline/device/location tests where applicable,"FAIL if requirement MVP1-M02-036 is removed, weakened, hidden, replaced by mock behavior, implemented only visually without runtime behavior, loses validation/audit/permission semantics, or cannot reproduce the accepted evidence after a later change."
AC-0089,MVP1-M02-037,Visit Planning - Management,Read-only operational capability supporting planning decisions.,Planner,Review inspector workload and capacity.,Assignment Engine,Display inspector utilization and assignments.,None,STM-VIS-001;STM-VIS-002;STM-VIS-003 | states: Published->Active/Returned/Cancelled/Expired,"ENG-12 immutable event: actor, time, object, before/after state, version refs (MVP1-FND-003)",EV-003,"ERR-ASG-001;ERR-AUTH-001 | FAIL if requirement MVP1-M02-037 is removed, weakened, hidden, replaced by mock behavior, implemented only visually without runtime behavior, loses validation/audit/permission semantics, or cannot rep",Runtime screenshot showing the completed behavior; Requirement-linked test result; Audit or activity evidence where the action changes state or data,UI + API + E2E; add offline/device/location tests where applicable,"FAIL if requirement MVP1-M02-037 is removed, weakened, hidden, replaced by mock behavior, implemented only visually without runtime behavior, loses validation/audit/permission semantics, or cannot reproduce the accepted evidence after a later change."
AC-0090,MVP1-M02-038,Visit Planning - Management,Calendar reflects the latest planning changes.,Planner,"Switch between Day, Week or Month views.",Calendar Engine,Display visits according to selected period.,None,STM-VIS-001;STM-VIS-002;STM-VIS-003 | states: Published->Active/Returned/Cancelled/Expired,"ENG-12 immutable event: actor, time, object, before/after state, version refs (MVP1-FND-003)",EV-003,"ERR-ASG-001;ERR-AUTH-001 | FAIL if requirement MVP1-M02-038 is removed, weakened, hidden, replaced by mock behavior, implemented only visually without runtime behavior, loses validation/audit/permission semantics, or cannot rep",Runtime screenshot showing the completed behavior; Requirement-linked test result; Audit or activity evidence where the action changes state or data,UI + API + E2E; add offline/device/location tests where applicable,"FAIL if requirement MVP1-M02-038 is removed, weakened, hidden, replaced by mock behavior, implemented only visually without runtime behavior, loses validation/audit/permission semantics, or cannot reproduce the accepted evidence after a later change."
AC-0091,MVP1-M02-039,Visit Planning - Management,Displays only planning-related visits.,Planner,"Navigate map, select regions and open visit locations.",GIS Platform,Display factory locations and inspector locations.,None,STM-VIS-001;STM-VIS-002;STM-VIS-003 | states: Published->Active/Returned/Cancelled/Expired,"ENG-12 immutable event: actor, time, object, before/after state, version refs (MVP1-FND-003)",EV-003,"ERR-ASG-001;ERR-AUTH-001 | FAIL if requirement MVP1-M02-039 is removed, weakened, hidden, replaced by mock behavior, implemented only visually without runtime behavior, loses validation/audit/permission semantics, or cannot rep",Runtime screenshot showing the completed behavior; Requirement-linked test result; Audit or activity evidence where the action changes state or data,UI + API + E2E; add offline/device/location tests where applicable,"FAIL if requirement MVP1-M02-039 is removed, weakened, hidden, replaced by mock behavior, implemented only visually without runtime behavior, loses validation/audit/permission semantics, or cannot reproduce the accepted evidence after a later change."
AC-0092,MVP1-M02-040,Visit Planning - Management,Publishing or editing is blocked until blocking conflicts are resolved.,"Planner, System",Review detected conflicts.,Validation Engine,"Validate duplicate visits, overlapping schedules, inspector capacity, active visits and missing locations.",None,STM-VIS-001;STM-VIS-002;STM-VIS-003 | states: Published->Active/Returned/Cancelled/Expired,"ENG-12 immutable event: actor, time, object, before/after state, version refs (MVP1-FND-003)",EV-003,"ERR-ASG-001;ERR-AUTH-001 | FAIL if requirement MVP1-M02-040 is removed, weakened, hidden, replaced by mock behavior, implemented only visually without runtime behavior, loses validation/audit/permission semantics, or cannot rep",Runtime screenshot showing the completed behavior; Requirement-linked test result; Audit or activity evidence where the action changes state or data,UI + API + E2E; add offline/device/location tests where applicable,"FAIL if requirement MVP1-M02-040 is removed, weakened, hidden, replaced by mock behavior, implemented only visually without runtime behavior, loses validation/audit/permission semantics, or cannot reproduce the accepted evidence after a later change."
AC-0093,MVP1-M02-041,Visit Planning - Management,Notifications are generated automatically based on planning events.,"Planner, Inspector, System",Review notifications.,Notification Service,"Send notifications for publish, return, cancel, reassignment, rescheduling and expiry.",None,STM-VIS-001;STM-VIS-002;STM-VIS-003 | states: Published->Active/Returned/Cancelled/Expired,"ENG-12 immutable event: actor, time, object, before/after state, version refs (MVP1-FND-003)",EV-003,"ERR-ASG-001;ERR-AUTH-001 | FAIL if requirement MVP1-M02-041 is removed, weakened, hidden, replaced by mock behavior, implemented only visually without runtime behavior, loses validation/audit/permission semantics, or cannot rep",Runtime screenshot showing the completed behavior; Requirement-linked test result; Audit or activity evidence where the action changes state or data,UI + API + E2E; add offline/device/location tests where applicable,"FAIL if requirement MVP1-M02-041 is removed, weakened, hidden, replaced by mock behavior, implemented only visually without runtime behavior, loses validation/audit/permission semantics, or cannot reproduce the accepted evidence after a later change."
AC-0094,MVP1-M02-042,Visit Planning - Management,Attachments remain associated with the visit throughout its lifecycle.,Planner,"Upload, download or remove attachments.",Document Management Service,Store attachment metadata and files securely.,None,STM-VIS-001;STM-VIS-002;STM-VIS-003 | states: Published->Active/Returned/Cancelled/Expired,"ENG-12 immutable event: actor, time, object, before/after state, version refs (MVP1-FND-003)",EV-003,"ERR-ASG-001;ERR-AUTH-001 | FAIL if requirement MVP1-M02-042 is removed, weakened, hidden, replaced by mock behavior, implemented only visually without runtime behavior, loses validation/audit/permission semantics, or cannot rep",Runtime screenshot showing the completed behavior; Requirement-linked test result; Audit or activity evidence where the action changes state or data,UI + API + E2E; add offline/device/location tests where applicable,"FAIL if requirement MVP1-M02-042 is removed, weakened, hidden, replaced by mock behavior, implemented only visually without runtime behavior, loses validation/audit/permission semantics, or cannot reproduce the accepted evidence after a later change."
AC-0095,MVP1-M02-043,Visit Planning - Management,Notes are visible only to authorized internal users.,"Planner, Supervisor",Add or edit notes.,Notes Service,Save notes and maintain audit history.,None,STM-VIS-001;STM-VIS-002;STM-VIS-003 | states: Published->Active/Returned/Cancelled/Expired,"ENG-12 immutable event: actor, time, object, before/after state, version refs (MVP1-FND-003)",EV-003,"ERR-ASG-001;ERR-AUTH-001 | FAIL if requirement MVP1-M02-043 is removed, weakened, hidden, replaced by mock behavior, implemented only visually without runtime behavior, loses validation/audit/permission semantics, or cannot rep",Runtime screenshot showing the completed behavior; Requirement-linked test result; Audit or activity evidence where the action changes state or data,UI + API + E2E; add offline/device/location tests where applicable,"FAIL if requirement MVP1-M02-043 is removed, weakened, hidden, replaced by mock behavior, implemented only visually without runtime behavior, loses validation/audit/permission semantics, or cannot reproduce the accepted evidence after a later change."
AC-0096,MVP1-M02-044,Visit Planning - Management,Timeline is system generated and immutable.,Planner,Review events.,Audit Service,Record every planning activity chronologically.,None,STM-VIS-001;STM-VIS-002;STM-VIS-003 | states: Published->Active/Returned/Cancelled/Expired,"ENG-12 immutable event: actor, time, object, before/after state, version refs (MVP1-FND-003)",EV-003,"ERR-ASG-001;ERR-AUTH-001 | FAIL if requirement MVP1-M02-044 is removed, weakened, hidden, replaced by mock behavior, implemented only visually without runtime behavior, loses validation/audit/permission semantics, or cannot rep",Runtime screenshot showing the completed behavior; Requirement-linked test result; Audit or activity evidence where the action changes state or data,UI + API + E2E; add offline/device/location tests where applicable,"FAIL if requirement MVP1-M02-044 is removed, weakened, hidden, replaced by mock behavior, implemented only visually without runtime behavior, loses validation/audit/permission semantics, or cannot reproduce the accepted evidence after a later change."
AC-0097,MVP1-M02-045,Visit Planning - Management,Audit records cannot be modified or deleted.,"Planner, Auditor",Review audit records.,Audit Service,Record every data modification with before/after values.,None,STM-VIS-001;STM-VIS-002;STM-VIS-003 | states: Published->Active/Returned/Cancelled/Expired,"ENG-12 immutable event: actor, time, object, before/after state, version refs (MVP1-FND-003)",EV-003,"ERR-ASG-001;ERR-AUTH-001 | FAIL if requirement MVP1-M02-045 is removed, weakened, hidden, replaced by mock behavior, implemented only visually without runtime behavior, loses validation/audit/permission semantics, or cannot rep",Runtime screenshot showing the completed behavior; Requirement-linked test result; Audit or activity evidence where the action changes state or data,UI + API + E2E; add offline/device/location tests where applicable,"FAIL if requirement MVP1-M02-045 is removed, weakened, hidden, replaced by mock behavior, implemented only visually without runtime behavior, loses validation/audit/permission semantics, or cannot reproduce the accepted evidence after a later change."
AC-0098,MVP1-M02-046,Visit Planning - Management,Expired is a final status and becomes read-only.,System,No user action.,Scheduler Service,Update visit status and notify planner.,Published → Expired,STM-VIS-001;STM-VIS-002;STM-VIS-003 | states: Published->Active/Returned/Cancelled/Expired,"ENG-12 immutable event: actor, time, object, before/after state, version refs (MVP1-FND-003)",EV-003,"ERR-ASG-001;ERR-AUTH-001 | FAIL if requirement MVP1-M02-046 is removed, weakened, hidden, replaced by mock behavior, implemented only visually without runtime behavior, loses validation/audit/permission semantics, or cannot rep",Runtime screenshot showing the completed behavior; Requirement-linked test result; Audit or activity evidence where the action changes state or data,UI + API + E2E; add offline/device/location tests where applicable,"FAIL if requirement MVP1-M02-046 is removed, weakened, hidden, replaced by mock behavior, implemented only visually without runtime behavior, loses validation/audit/permission semantics, or cannot reproduce the accepted evidence after a later change."
AC-0099,MVP1-M03-001,Inspection Execution - Pre-Start,Inspector,"Assignment Engine, AI Engine","View workload, KPIs, quick actions, notifications.",Inspector can access dashboard and view assigned workload.,Load dashboard widgets and inspector summary.,Dashboard displays inspector-specific information only.,STM-ASG-001;STM-ASG-002 | states: Assigned->Preparing->Ready/Returned; mode gate Ready->Physical/Virtual/Blocked,"ENG-12 immutable event: actor, time, object, before/after state, version refs (MVP1-FND-003)",EV-003;EV-006,"ERR-PKG-001;ERR-OFF-001;ERR-AUTH-001 | FAIL if requirement MVP1-M03-001 is removed, weakened, hidden, replaced by mock behavior, implemented only visually without runtime behavior, loses validation/audit/permission semantics, or cannot rep",Runtime screenshot showing the completed behavior; Requirement-linked test result; Audit or activity evidence where the action changes state or data; Device/offline evidence when applicable; GPS/geofence or sync evidence where applicable,UI + API + E2E; add offline/device/location tests where applicable,"FAIL if requirement MVP1-M03-001 is removed, weakened, hidden, replaced by mock behavior, implemented only visually without runtime behavior, loses validation/audit/permission semantics, or cannot reproduce the accepted evidence after a later change."
AC-0100,MVP1-M03-002,Inspection Execution - Pre-Start,Inspector,Visit Management,"View visits, open visit, switch between views.",Inspector can access all assigned visits.,Load assigned visits and synchronize data.,Only assigned visits are displayed.,STM-ASG-001;STM-ASG-002 | states: Assigned->Preparing->Ready/Returned; mode gate Ready->Physical/Virtual/Blocked,"ENG-12 immutable event: actor, time, object, before/after state, version refs (MVP1-FND-003)",EV-003;EV-006,"ERR-PKG-001;ERR-OFF-001;ERR-AUTH-001 | FAIL if requirement MVP1-M03-002 is removed, weakened, hidden, replaced by mock behavior, implemented only visually without runtime behavior, loses validation/audit/permission semantics, or cannot rep",Runtime screenshot showing the completed behavior; Requirement-linked test result; Audit or activity evidence where the action changes state or data; Device/offline evidence when applicable; GPS/geofence or sync evidence where applicable,UI + API + E2E; add offline/device/location tests where applicable,"FAIL if requirement MVP1-M03-002 is removed, weakened, hidden, replaced by mock behavior, implemented only visually without runtime behavior, loses validation/audit/permission semantics, or cannot reproduce the accepted evidence after a later change."
AC-0101,MVP1-M03-003,Inspection Execution - Pre-Start,Inspector,"Calendar Service, GIS","Switch between Calendar, List and Map.",Inspector can switch between all views.,Display selected view.,New visits appear only in Assignment Pool. Prepared visits appear in Calendar. Map displays all assigned visits.,STM-ASG-001;STM-ASG-002 | states: Assigned->Preparing->Ready/Returned; mode gate Ready->Physical/Virtual/Blocked,"ENG-12 immutable event: actor, time, object, before/after state, version refs (MVP1-FND-003)",EV-003;EV-006,"ERR-PKG-001;ERR-OFF-001;ERR-AUTH-001 | FAIL if requirement MVP1-M03-003 is removed, weakened, hidden, replaced by mock behavior, implemented only visually without runtime behavior, loses validation/audit/permission semantics, or cannot rep",Runtime screenshot showing the completed behavior; Requirement-linked test result; Audit or activity evidence where the action changes state or data; Device/offline evidence when applicable; GPS/geofence or sync evidence where applicable,UI + API + E2E; add offline/device/location tests where applicable,"FAIL if requirement MVP1-M03-003 is removed, weakened, hidden, replaced by mock behavior, implemented only visually without runtime behavior, loses validation/audit/permission semantics, or cannot reproduce the accepted evidence after a later change."
AC-0102,MVP1-M03-004,Inspection Execution - Pre-Start,Inspector,Search Service,"Search, filter, sort.",Accurate search and filtering results.,Apply search and filtering.,Search applies across all assigned visits.,STM-ASG-001;STM-ASG-002 | states: Assigned->Preparing->Ready/Returned; mode gate Ready->Physical/Virtual/Blocked,"ENG-12 immutable event: actor, time, object, before/after state, version refs (MVP1-FND-003)",EV-003;EV-006,"ERR-PKG-001;ERR-OFF-001;ERR-AUTH-001 | FAIL if requirement MVP1-M03-004 is removed, weakened, hidden, replaced by mock behavior, implemented only visually without runtime behavior, loses validation/audit/permission semantics, or cannot rep",Runtime screenshot showing the completed behavior; Requirement-linked test result; Audit or activity evidence where the action changes state or data; Device/offline evidence when applicable; GPS/geofence or sync evidence where applicable,UI + API + E2E; add offline/device/location tests where applicable,"FAIL if requirement MVP1-M03-004 is removed, weakened, hidden, replaced by mock behavior, implemented only visually without runtime behavior, loses validation/audit/permission semantics, or cannot reproduce the accepted evidence after a later change."
AC-0103,MVP1-M03-005,Inspection Execution - Pre-Start,Inspector,Calendar Service,Drag & drop prepared visits between eligible dates.,Calendar updates successfully after changes.,Save updated schedule and refresh calendar.,Execution Date must remain within Planning Window.,STM-ASG-001;STM-ASG-002 | states: Assigned->Preparing->Ready/Returned; mode gate Ready->Physical/Virtual/Blocked,"ENG-12 immutable event: actor, time, object, before/after state, version refs (MVP1-FND-003)",EV-003;EV-006,"ERR-PKG-001;ERR-OFF-001;ERR-AUTH-001 | FAIL if requirement MVP1-M03-005 is removed, weakened, hidden, replaced by mock behavior, implemented only visually without runtime behavior, loses validation/audit/permission semantics, or cannot rep",Runtime screenshot showing the completed behavior; Requirement-linked test result; Audit or activity evidence where the action changes state or data; Device/offline evidence when applicable; GPS/geofence or sync evidence where applicable,UI + API + E2E; add offline/device/location tests where applicable,"FAIL if requirement MVP1-M03-005 is removed, weakened, hidden, replaced by mock behavior, implemented only visually without runtime behavior, loses validation/audit/permission semantics, or cannot reproduce the accepted evidence after a later change."
AC-0104,MVP1-M03-006,Inspection Execution - Pre-Start,Inspector,"Assignment Engine, Notification Service",Select return reason and comments.,Assignment successfully returned.,Update assignment and notify planner.,Return reason is mandatory.,STM-ASG-001;STM-ASG-002 | states: Assigned->Preparing->Ready/Returned; mode gate Ready->Physical/Virtual/Blocked,"ENG-12 immutable event: actor, time, object, before/after state, version refs (MVP1-FND-003)",EV-003;EV-006,"ERR-PKG-001;ERR-OFF-001;ERR-AUTH-001 | FAIL if requirement MVP1-M03-006 is removed, weakened, hidden, replaced by mock behavior, implemented only visually without runtime behavior, loses validation/audit/permission semantics, or cannot rep",Runtime screenshot showing the completed behavior; Requirement-linked test result; Audit or activity evidence where the action changes state or data; Device/offline evidence when applicable; GPS/geofence or sync evidence where applicable,UI + API + E2E; add offline/device/location tests where applicable,"FAIL if requirement MVP1-M03-006 is removed, weakened, hidden, replaced by mock behavior, implemented only visually without runtime behavior, loses validation/audit/permission semantics, or cannot reproduce the accepted evidence after a later change."
AC-0105,MVP1-M03-007,Inspection Execution - Pre-Start,Inspector,Visit Repository,Review visit details.,Visit information displayed correctly.,Load visit information.,Visit information is read-only.,STM-ASG-001;STM-ASG-002 | states: Assigned->Preparing->Ready/Returned; mode gate Ready->Physical/Virtual/Blocked,"ENG-12 immutable event: actor, time, object, before/after state, version refs (MVP1-FND-003)",EV-003;EV-006,"ERR-PKG-001;ERR-OFF-001;ERR-AUTH-001 | FAIL if requirement MVP1-M03-007 is removed, weakened, hidden, replaced by mock behavior, implemented only visually without runtime behavior, loses validation/audit/permission semantics, or cannot rep",Runtime screenshot showing the completed behavior; Requirement-linked test result; Audit or activity evidence where the action changes state or data; Device/offline evidence when applicable; GPS/geofence or sync evidence where applicable,UI + API + E2E; add offline/device/location tests where applicable,"FAIL if requirement MVP1-M03-007 is removed, weakened, hidden, replaced by mock behavior, implemented only visually without runtime behavior, loses validation/audit/permission semantics, or cannot reproduce the accepted evidence after a later change."
AC-0106,MVP1-M03-008,Inspection Execution - Pre-Start,Inspector,"Factory Profile, GIS",Review factory profile and history.,Factory profile loads successfully.,"Load factory information, history and location.",Latest synchronized factory data shall be displayed.,STM-ASG-001;STM-ASG-002 | states: Assigned->Preparing->Ready/Returned; mode gate Ready->Physical/Virtual/Blocked,"ENG-12 immutable event: actor, time, object, before/after state, version refs (MVP1-FND-003)",EV-003;EV-006,"ERR-PKG-001;ERR-OFF-001;ERR-AUTH-001 | FAIL if requirement MVP1-M03-008 is removed, weakened, hidden, replaced by mock behavior, implemented only visually without runtime behavior, loses validation/audit/permission semantics, or cannot rep",Runtime screenshot showing the completed behavior; Requirement-linked test result; Audit or activity evidence where the action changes state or data; Device/offline evidence when applicable; GPS/geofence or sync evidence where applicable,UI + API + E2E; add offline/device/location tests where applicable,"FAIL if requirement MVP1-M03-008 is removed, weakened, hidden, replaced by mock behavior, implemented only visually without runtime behavior, loses validation/audit/permission semantics, or cannot reproduce the accepted evidence after a later change."
AC-0107,MVP1-M03-009,Inspection Execution - Pre-Start,Inspector,AI Engine,Review AI insights.,AI recommendations generated successfully.,Generate AI recommendations.,AI recommendations are advisory only.,STM-ASG-001;STM-ASG-002 | states: Assigned->Preparing->Ready/Returned; mode gate Ready->Physical/Virtual/Blocked,"ENG-12 immutable event: actor, time, object, before/after state, version refs (MVP1-FND-003)",EV-003;EV-006,"ERR-PKG-001;ERR-OFF-001;ERR-AUTH-001 | FAIL if requirement MVP1-M03-009 is removed, weakened, hidden, replaced by mock behavior, implemented only visually without runtime behavior, loses validation/audit/permission semantics, or cannot rep",Runtime screenshot showing the completed behavior; Requirement-linked test result; Audit or activity evidence where the action changes state or data; Device/offline evidence when applicable; GPS/geofence or sync evidence where applicable,UI + API + E2E; add offline/device/location tests where applicable,"FAIL if requirement MVP1-M03-009 is removed, weakened, hidden, replaced by mock behavior, implemented only visually without runtime behavior, loses validation/audit/permission semantics, or cannot reproduce the accepted evidence after a later change."
AC-0108,MVP1-M03-010,Inspection Execution - Pre-Start,Inspector,"Report Builder, Package Builder, Calendar Service","Select Execution Date, Report Type, Execution Mode, Notify Factory, Save.",Inspection successfully prepared.,"Validate inputs, resolve package, update status, populate calendar.",Preparation required before inspection can start.,STM-ASG-001;STM-ASG-002 | states: Assigned->Preparing->Ready/Returned; mode gate Ready->Physical/Virtual/Blocked,"ENG-12 immutable event: actor, time, object, before/after state, version refs (MVP1-FND-003)",EV-003;EV-006,"ERR-PKG-001;ERR-OFF-001;ERR-AUTH-001 | FAIL if requirement MVP1-M03-010 is removed, weakened, hidden, replaced by mock behavior, implemented only visually without runtime behavior, loses validation/audit/permission semantics, or cannot rep",Runtime screenshot showing the completed behavior; Requirement-linked test result; Audit or activity evidence where the action changes state or data; Device/offline evidence when applicable; GPS/geofence or sync evidence where applicable,UI + API + E2E; add offline/device/location tests where applicable,"FAIL if requirement MVP1-M03-010 is removed, weakened, hidden, replaced by mock behavior, implemented only visually without runtime behavior, loses validation/audit/permission semantics, or cannot reproduce the accepted evidence after a later change."
AC-0109,MVP1-M03-011,Inspection Execution - Pre-Start,Inspector,Rule Engine,Select eligible execution mode.,Ineligible modes cannot be selected.,Evaluate eligibility rules.,Only eligible execution modes are displayed.,STM-ASG-001;STM-ASG-002 | states: Assigned->Preparing->Ready/Returned; mode gate Ready->Physical/Virtual/Blocked,"ENG-12 immutable event: actor, time, object, before/after state, version refs (MVP1-FND-003)",EV-003;EV-006,"ERR-PKG-001;ERR-OFF-001;ERR-AUTH-001 | FAIL if requirement MVP1-M03-011 is removed, weakened, hidden, replaced by mock behavior, implemented only visually without runtime behavior, loses validation/audit/permission semantics, or cannot rep",Runtime screenshot showing the completed behavior; Requirement-linked test result; Audit or activity evidence where the action changes state or data; Device/offline evidence when applicable; GPS/geofence or sync evidence where applicable,UI + API + E2E; add offline/device/location tests where applicable,"FAIL if requirement MVP1-M03-011 is removed, weakened, hidden, replaced by mock behavior, implemented only visually without runtime behavior, loses validation/audit/permission semantics, or cannot reproduce the accepted evidence after a later change."
AC-0110,MVP1-M03-012,Inspection Execution - Pre-Start,Inspector,Package Builder,Review package preview.,Correct inspection package generated.,"Load Form, Checklist, Action Forms, Validation Rules, Required Evidence, Report Template and lock package.",Package regenerated after edits before execution and locked after save.,STM-ASG-001;STM-ASG-002 | states: Assigned->Preparing->Ready/Returned; mode gate Ready->Physical/Virtual/Blocked,"ENG-12 immutable event: actor, time, object, before/after state, version refs (MVP1-FND-003)",EV-003;EV-006,"ERR-PKG-001;ERR-OFF-001;ERR-AUTH-001 | FAIL if requirement MVP1-M03-012 is removed, weakened, hidden, replaced by mock behavior, implemented only visually without runtime behavior, loses validation/audit/permission semantics, or cannot rep",Runtime screenshot showing the completed behavior; Requirement-linked test result; Audit or activity evidence where the action changes state or data; Device/offline evidence when applicable; GPS/geofence or sync evidence where applicable,UI + API + E2E; add offline/device/location tests where applicable,"FAIL if requirement MVP1-M03-012 is removed, weakened, hidden, replaced by mock behavior, implemented only visually without runtime behavior, loses validation/audit/permission semantics, or cannot reproduce the accepted evidence after a later change."
AC-0111,MVP1-M03-013,Inspection Execution - Pre-Start,Inspector,Notification Service,Enable/Disable notification.,Notification successfully sent when enabled.,Send notification using configured channels.,Optional for Physical inspections. Virtual notifications follow appointment workflow.,STM-ASG-001;STM-ASG-002 | states: Assigned->Preparing->Ready/Returned; mode gate Ready->Physical/Virtual/Blocked,"ENG-12 immutable event: actor, time, object, before/after state, version refs (MVP1-FND-003)",EV-003;EV-006,"ERR-PKG-001;ERR-OFF-001;ERR-AUTH-001 | FAIL if requirement MVP1-M03-013 is removed, weakened, hidden, replaced by mock behavior, implemented only visually without runtime behavior, loses validation/audit/permission semantics, or cannot rep",Runtime screenshot showing the completed behavior; Requirement-linked test result; Audit or activity evidence where the action changes state or data; Device/offline evidence when applicable; GPS/geofence or sync evidence where applicable,UI + API + E2E; add offline/device/location tests where applicable,"FAIL if requirement MVP1-M03-013 is removed, weakened, hidden, replaced by mock behavior, implemented only visually without runtime behavior, loses validation/audit/permission semantics, or cannot reproduce the accepted evidence after a later change."
AC-0112,MVP1-M03-014,Inspection Execution - Pre-Start,"Inspector, Factory Representative","Appointment Management, Meeting Service","Schedule appointment, review confirmations, approve reschedule requests.",Virtual appointment confirmed successfully.,"Notify factory, receive confirmation, generate meeting, synchronize calendars.",Virtual inspection requires confirmed appointment before execution.,STM-ASG-001;STM-ASG-002 | states: Assigned->Preparing->Ready/Returned; mode gate Ready->Physical/Virtual/Blocked,"ENG-12 immutable event: actor, time, object, before/after state, version refs (MVP1-FND-003)",EV-003;EV-006,"ERR-PKG-001;ERR-OFF-001;ERR-AUTH-001 | FAIL if requirement MVP1-M03-014 is removed, weakened, hidden, replaced by mock behavior, implemented only visually without runtime behavior, loses validation/audit/permission semantics, or cannot rep",Runtime screenshot showing the completed behavior; Requirement-linked test result; Audit or activity evidence where the action changes state or data; Device/offline evidence when applicable; GPS/geofence or sync evidence where applicable,UI + API + E2E; add offline/device/location tests where applicable,"FAIL if requirement MVP1-M03-014 is removed, weakened, hidden, replaced by mock behavior, implemented only visually without runtime behavior, loses validation/audit/permission semantics, or cannot reproduce the accepted evidence after a later change."
AC-0113,MVP1-M03-015,Inspection Execution - Pre-Start,System,Workflow Engine,—,Status transitions occur correctly.,"Manage transitions between New, Ready and Expired.",Status lifecycle follows business rules and automatic expiration policies.,STM-ASG-001;STM-ASG-002 | states: Assigned->Preparing->Ready/Returned; mode gate Ready->Physical/Virtual/Blocked,"ENG-12 immutable event: actor, time, object, before/after state, version refs (MVP1-FND-003)",EV-003;EV-006,"ERR-PKG-001;ERR-OFF-001;ERR-AUTH-001 | FAIL if requirement MVP1-M03-015 is removed, weakened, hidden, replaced by mock behavior, implemented only visually without runtime behavior, loses validation/audit/permission semantics, or cannot rep",Runtime screenshot showing the completed behavior; Requirement-linked test result; Audit or activity evidence where the action changes state or data; Device/offline evidence when applicable; GPS/geofence or sync evidence where applicable,UI + API + E2E; add offline/device/location tests where applicable,"FAIL if requirement MVP1-M03-015 is removed, weakened, hidden, replaced by mock behavior, implemented only visually without runtime behavior, loses validation/audit/permission semantics, or cannot reproduce the accepted evidence after a later change."
AC-0114,MVP1-M04-001,Physical Inspection Execution,Inspector,Workflow Engine,Click Start Journey.,Inspector cannot start a visit assigned to another inspector.,Verify the visit is assigned to the logged-in inspector.,Only the assigned inspector can start the journey. Shared or reassigned visits shall follow the latest assignment.,STM-INS-001 | states: Start Allowed->In Progress->Ready for Validation,"ENG-12 immutable event: actor, time, object, before/after state, version refs (MVP1-FND-003)",EV-006;EV-003,"ERR-PKG-001;ERR-GEO-001;ERR-GEO-002;ERR-OFF-001;ERR-OFF-002;ERR-EVD-001;ERR-EVD-002;ERR-SUB-001;ERR-SUB-002 | FAIL if requirement MVP1-M04-001 is removed, weakened, hidden, replaced by mock behavior, implemented only visually without runtime behavior, loses validation/audit/permission semantics, or cannot rep",Runtime screenshot showing the completed behavior; Requirement-linked test result; Audit or activity evidence where the action changes state or data; Device/offline evidence when applicable; GPS/geofence or sync evidence where applicable,UI + API + E2E; add offline/device/location tests where applicable,"FAIL if requirement MVP1-M04-001 is removed, weakened, hidden, replaced by mock behavior, implemented only visually without runtime behavior, loses validation/audit/permission semantics, or cannot reproduce the accepted evidence after a later change."
AC-0115,MVP1-M04-002,Physical Inspection Execution,Inspector,Workflow Engine,Click Start Journey.,Invalid visit statuses are blocked with a clear error message.,"Validate visit is Published and not Cancelled, Completed or Expired.",Journey can only start for executable visits.,STM-INS-001 | states: Start Allowed->In Progress->Ready for Validation,"ENG-12 immutable event: actor, time, object, before/after state, version refs (MVP1-FND-003)",EV-006;EV-003,"ERR-PKG-001;ERR-GEO-001;ERR-GEO-002;ERR-OFF-001;ERR-OFF-002;ERR-EVD-001;ERR-EVD-002;ERR-SUB-001;ERR-SUB-002 | FAIL if requirement MVP1-M04-002 is removed, weakened, hidden, replaced by mock behavior, implemented only visually without runtime behavior, loses validation/audit/permission semantics, or cannot rep",Runtime screenshot showing the completed behavior; Requirement-linked test result; Audit or activity evidence where the action changes state or data; Device/offline evidence when applicable; GPS/geofence or sync evidence where applicable,UI + API + E2E; add offline/device/location tests where applicable,"FAIL if requirement MVP1-M04-002 is removed, weakened, hidden, replaced by mock behavior, implemented only visually without runtime behavior, loses validation/audit/permission semantics, or cannot reproduce the accepted evidence after a later change."
AC-0116,MVP1-M04-003,Physical Inspection Execution,Inspector,Planning Module,Click Start Journey.,Inspector receives appropriate validation if outside execution window.,Compare current date/time against planned execution window.,Journey cannot start after the visit has expired.,STM-INS-001 | states: Start Allowed->In Progress->Ready for Validation,"ENG-12 immutable event: actor, time, object, before/after state, version refs (MVP1-FND-003)",EV-006;EV-003,"ERR-PKG-001;ERR-GEO-001;ERR-GEO-002;ERR-OFF-001;ERR-OFF-002;ERR-EVD-001;ERR-EVD-002;ERR-SUB-001;ERR-SUB-002 | FAIL if requirement MVP1-M04-003 is removed, weakened, hidden, replaced by mock behavior, implemented only visually without runtime behavior, loses validation/audit/permission semantics, or cannot rep",Runtime screenshot showing the completed behavior; Requirement-linked test result; Audit or activity evidence where the action changes state or data; Device/offline evidence when applicable; GPS/geofence or sync evidence where applicable,UI + API + E2E; add offline/device/location tests where applicable,"FAIL if requirement MVP1-M04-003 is removed, weakened, hidden, replaced by mock behavior, implemented only visually without runtime behavior, loses validation/audit/permission semantics, or cannot reproduce the accepted evidence after a later change."
AC-0117,MVP1-M04-004,Physical Inspection Execution,Inspector,"Factory Profile, GIS",Click Start Journey.,Navigation starts using the correct destination.,"Verify that the factory has valid coordinates. If planner manually selected location, use planner location; otherwise use license location.",Journey cannot start without a destination.,STM-INS-001 | states: Start Allowed->In Progress->Ready for Validation,"ENG-12 immutable event: actor, time, object, before/after state, version refs (MVP1-FND-003)",EV-006;EV-003,"ERR-PKG-001;ERR-GEO-001;ERR-GEO-002;ERR-OFF-001;ERR-OFF-002;ERR-EVD-001;ERR-EVD-002;ERR-SUB-001;ERR-SUB-002 | FAIL if requirement MVP1-M04-004 is removed, weakened, hidden, replaced by mock behavior, implemented only visually without runtime behavior, loses validation/audit/permission semantics, or cannot rep",Runtime screenshot showing the completed behavior; Requirement-linked test result; Audit or activity evidence where the action changes state or data; Device/offline evidence when applicable; GPS/geofence or sync evidence where applicable,UI + API + E2E; add offline/device/location tests where applicable,"FAIL if requirement MVP1-M04-004 is removed, weakened, hidden, replaced by mock behavior, implemented only visually without runtime behavior, loses validation/audit/permission semantics, or cannot reproduce the accepted evidence after a later change."
AC-0118,MVP1-M04-005,Physical Inspection Execution,Inspector,Dynamic Form Engine,Wait.,Package downloads successfully before journey begins.,"Download the latest approved package including factory information, inspection report, inspection items, previous answers, and configuration. Lock the downloaded version.",Package version is frozen after download. Future changes by planners shall not affect the ongoing inspection.,STM-INS-002;STM-SYNC-001;STM-SYNC-002 | states: Ready for Validation->Validated->Submitted->Locked,"ENG-12 immutable event: actor, time, object, before/after state, version refs (MVP1-FND-003)",EV-006;EV-007;EV-003,"ERR-PKG-001;ERR-GEO-001;ERR-GEO-002;ERR-OFF-001;ERR-OFF-002;ERR-EVD-001;ERR-EVD-002;ERR-SUB-001;ERR-SUB-002 | FAIL if requirement MVP1-M04-005 is removed, weakened, hidden, replaced by mock behavior, implemented only visually without runtime behavior, loses validation/audit/permission semantics, or cannot rep",Runtime screenshot showing the completed behavior; Requirement-linked test result; Audit or activity evidence where the action changes state or data; Device/offline evidence when applicable; GPS/geofence or sync evidence where applicable,UI + API + E2E; add offline/device/location tests where applicable,"FAIL if requirement MVP1-M04-005 is removed, weakened, hidden, replaced by mock behavior, implemented only visually without runtime behavior, loses validation/audit/permission semantics, or cannot reproduce the accepted evidence after a later change."
AC-0119,MVP1-M04-006,Physical Inspection Execution,Inspector,Package Service,None,Invalid packages are rejected and re-downloaded.,"Validate package version, checksum, mandatory files and configuration.",Inspection cannot continue using a corrupted package.,STM-INS-001 | states: Start Allowed->In Progress->Ready for Validation,"ENG-12 immutable event: actor, time, object, before/after state, version refs (MVP1-FND-003)",EV-006;EV-003,"ERR-PKG-001;ERR-GEO-001;ERR-GEO-002;ERR-OFF-001;ERR-OFF-002;ERR-EVD-001;ERR-EVD-002;ERR-SUB-001;ERR-SUB-002 | FAIL if requirement MVP1-M04-006 is removed, weakened, hidden, replaced by mock behavior, implemented only visually without runtime behavior, loses validation/audit/permission semantics, or cannot rep",Runtime screenshot showing the completed behavior; Requirement-linked test result; Audit or activity evidence where the action changes state or data; Device/offline evidence when applicable; GPS/geofence or sync evidence where applicable,UI + API + E2E; add offline/device/location tests where applicable,"FAIL if requirement MVP1-M04-006 is removed, weakened, hidden, replaced by mock behavior, implemented only visually without runtime behavior, loses validation/audit/permission semantics, or cannot reproduce the accepted evidence after a later change."
AC-0120,MVP1-M04-007,Physical Inspection Execution,Inspector,Offline Service,None,Inspector can continue execution without network connectivity.,Store package securely on the device.,Package remains available while offline until inspection is submitted.,STM-INS-001 | states: Start Allowed->In Progress->Ready for Validation,"ENG-12 immutable event: actor, time, object, before/after state, version refs (MVP1-FND-003)",EV-006;EV-003,"ERR-PKG-001;ERR-GEO-001;ERR-GEO-002;ERR-OFF-001;ERR-OFF-002;ERR-EVD-001;ERR-EVD-002;ERR-SUB-001;ERR-SUB-002 | FAIL if requirement MVP1-M04-007 is removed, weakened, hidden, replaced by mock behavior, implemented only visually without runtime behavior, loses validation/audit/permission semantics, or cannot rep",Runtime screenshot showing the completed behavior; Requirement-linked test result; Audit or activity evidence where the action changes state or data; Device/offline evidence when applicable; GPS/geofence or sync evidence where applicable,UI + API + E2E; add offline/device/location tests where applicable,"FAIL if requirement MVP1-M04-007 is removed, weakened, hidden, replaced by mock behavior, implemented only visually without runtime behavior, loses validation/audit/permission semantics, or cannot reproduce the accepted evidence after a later change."
AC-0121,MVP1-M04-008,Physical Inspection Execution,Inspector,Audit Service,None,Journey session created successfully.,Create journey session linked to visit.,One active journey per visit.,STM-JRN-001;STM-JRN-002;STM-JRN-003 | states: Ready->On Journey->Arrived->Checked-In->Start Allowed,"ENG-12 immutable event: actor, time, object, before/after state, version refs (MVP1-FND-003)",EV-005;EV-003,"ERR-PKG-001;ERR-GEO-001;ERR-GEO-002;ERR-OFF-001;ERR-OFF-002;ERR-EVD-001;ERR-EVD-002;ERR-SUB-001;ERR-SUB-002 | FAIL if requirement MVP1-M04-008 is removed, weakened, hidden, replaced by mock behavior, implemented only visually without runtime behavior, loses validation/audit/permission semantics, or cannot rep",Runtime screenshot showing the completed behavior; Requirement-linked test result; Audit or activity evidence where the action changes state or data; Device/offline evidence when applicable; GPS/geofence or sync evidence where applicable,UI + API + E2E; add offline/device/location tests where applicable,"FAIL if requirement MVP1-M04-008 is removed, weakened, hidden, replaced by mock behavior, implemented only visually without runtime behavior, loses validation/audit/permission semantics, or cannot reproduce the accepted evidence after a later change."
AC-0122,MVP1-M04-009,Physical Inspection Execution,Inspector,Audit Service,None,Journey start time recorded.,Capture server timestamp and device timestamp.,Server time is the official audit time.,STM-JRN-001;STM-JRN-002;STM-JRN-003 | states: Ready->On Journey->Arrived->Checked-In->Start Allowed,"ENG-12 immutable event: actor, time, object, before/after state, version refs (MVP1-FND-003)",EV-005;EV-003,"ERR-PKG-001;ERR-GEO-001;ERR-GEO-002;ERR-OFF-001;ERR-OFF-002;ERR-EVD-001;ERR-EVD-002;ERR-SUB-001;ERR-SUB-002 | FAIL if requirement MVP1-M04-009 is removed, weakened, hidden, replaced by mock behavior, implemented only visually without runtime behavior, loses validation/audit/permission semantics, or cannot rep",Runtime screenshot showing the completed behavior; Requirement-linked test result; Audit or activity evidence where the action changes state or data; Device/offline evidence when applicable; GPS/geofence or sync evidence where applicable,UI + API + E2E; add offline/device/location tests where applicable,"FAIL if requirement MVP1-M04-009 is removed, weakened, hidden, replaced by mock behavior, implemented only visually without runtime behavior, loses validation/audit/permission semantics, or cannot reproduce the accepted evidence after a later change."
AC-0123,MVP1-M04-010,Physical Inspection Execution,Inspector,GIS,None,GPS stored successfully.,"Capture latitude, longitude and altitude.",Coordinates stored as audit evidence.,STM-JRN-001;STM-JRN-002;STM-JRN-003 | states: Ready->On Journey->Arrived->Checked-In->Start Allowed,"ENG-12 immutable event: actor, time, object, before/after state, version refs (MVP1-FND-003)",EV-005;EV-003,"ERR-PKG-001;ERR-GEO-001;ERR-GEO-002;ERR-OFF-001;ERR-OFF-002;ERR-EVD-001;ERR-EVD-002;ERR-SUB-001;ERR-SUB-002 | FAIL if requirement MVP1-M04-010 is removed, weakened, hidden, replaced by mock behavior, implemented only visually without runtime behavior, loses validation/audit/permission semantics, or cannot rep",Runtime screenshot showing the completed behavior; Requirement-linked test result; Audit or activity evidence where the action changes state or data; Device/offline evidence when applicable; GPS/geofence or sync evidence where applicable,UI + API + E2E; add offline/device/location tests where applicable,"FAIL if requirement MVP1-M04-010 is removed, weakened, hidden, replaced by mock behavior, implemented only visually without runtime behavior, loses validation/audit/permission semantics, or cannot reproduce the accepted evidence after a later change."
AC-0124,MVP1-M04-011,Physical Inspection Execution,Inspector,GIS,None,GPS accuracy stored.,Capture GPS accuracy in meters.,Used later for audit and investigation.,STM-JRN-001;STM-JRN-002;STM-JRN-003 | states: Ready->On Journey->Arrived->Checked-In->Start Allowed,"ENG-12 immutable event: actor, time, object, before/after state, version refs (MVP1-FND-003)",EV-005;EV-003,"ERR-PKG-001;ERR-GEO-001;ERR-GEO-002;ERR-OFF-001;ERR-OFF-002;ERR-EVD-001;ERR-EVD-002;ERR-SUB-001;ERR-SUB-002 | FAIL if requirement MVP1-M04-011 is removed, weakened, hidden, replaced by mock behavior, implemented only visually without runtime behavior, loses validation/audit/permission semantics, or cannot rep",Runtime screenshot showing the completed behavior; Requirement-linked test result; Audit or activity evidence where the action changes state or data; Device/offline evidence when applicable; GPS/geofence or sync evidence where applicable,UI + API + E2E; add offline/device/location tests where applicable,"FAIL if requirement MVP1-M04-011 is removed, weakened, hidden, replaced by mock behavior, implemented only visually without runtime behavior, loses validation/audit/permission semantics, or cannot reproduce the accepted evidence after a later change."
AC-0125,MVP1-M04-012,Physical Inspection Execution,Inspector,Device Service,None,Device information stored successfully.,"Capture device ID, OS version, application version.",Every inspection must be traceable to a device.,STM-INS-001 | states: Start Allowed->In Progress->Ready for Validation,"ENG-12 immutable event: actor, time, object, before/after state, version refs (MVP1-FND-003)",EV-006;EV-003,"ERR-PKG-001;ERR-GEO-001;ERR-GEO-002;ERR-OFF-001;ERR-OFF-002;ERR-EVD-001;ERR-EVD-002;ERR-SUB-001;ERR-SUB-002 | FAIL if requirement MVP1-M04-012 is removed, weakened, hidden, replaced by mock behavior, implemented only visually without runtime behavior, loses validation/audit/permission semantics, or cannot rep",Runtime screenshot showing the completed behavior; Requirement-linked test result; Audit or activity evidence where the action changes state or data; Device/offline evidence when applicable; GPS/geofence or sync evidence where applicable,UI + API + E2E; add offline/device/location tests where applicable,"FAIL if requirement MVP1-M04-012 is removed, weakened, hidden, replaced by mock behavior, implemented only visually without runtime behavior, loses validation/audit/permission semantics, or cannot reproduce the accepted evidence after a later change."
AC-0126,MVP1-M04-013,Physical Inspection Execution,Inspector,Network Service,None,Initial connectivity stored.,Capture Online/Offline status and connection type.,Used for troubleshooting offline scenarios.,STM-INS-001 | states: Start Allowed->In Progress->Ready for Validation,"ENG-12 immutable event: actor, time, object, before/after state, version refs (MVP1-FND-003)",EV-006;EV-003,"ERR-PKG-001;ERR-GEO-001;ERR-GEO-002;ERR-OFF-001;ERR-OFF-002;ERR-EVD-001;ERR-EVD-002;ERR-SUB-001;ERR-SUB-002 | FAIL if requirement MVP1-M04-013 is removed, weakened, hidden, replaced by mock behavior, implemented only visually without runtime behavior, loses validation/audit/permission semantics, or cannot rep",Runtime screenshot showing the completed behavior; Requirement-linked test result; Audit or activity evidence where the action changes state or data; Device/offline evidence when applicable; GPS/geofence or sync evidence where applicable,UI + API + E2E; add offline/device/location tests where applicable,"FAIL if requirement MVP1-M04-013 is removed, weakened, hidden, replaced by mock behavior, implemented only visually without runtime behavior, loses validation/audit/permission semantics, or cannot reproduce the accepted evidence after a later change."
AC-0127,MVP1-M04-014,Physical Inspection Execution,Inspector,Maps Service,None,Operations Center receives live location updates.,Start background GPS tracking according to configured interval.,Tracking continues until inspection begins or journey is cancelled.,STM-INS-001 | states: Start Allowed->In Progress->Ready for Validation,"ENG-12 immutable event: actor, time, object, before/after state, version refs (MVP1-FND-003)",EV-006;EV-003,"ERR-PKG-001;ERR-GEO-001;ERR-GEO-002;ERR-OFF-001;ERR-OFF-002;ERR-EVD-001;ERR-EVD-002;ERR-SUB-001;ERR-SUB-002 | FAIL if requirement MVP1-M04-014 is removed, weakened, hidden, replaced by mock behavior, implemented only visually without runtime behavior, loses validation/audit/permission semantics, or cannot rep",Runtime screenshot showing the completed behavior; Requirement-linked test result; Audit or activity evidence where the action changes state or data; Device/offline evidence when applicable; GPS/geofence or sync evidence where applicable,UI + API + E2E; add offline/device/location tests where applicable,"FAIL if requirement MVP1-M04-014 is removed, weakened, hidden, replaced by mock behavior, implemented only visually without runtime behavior, loses validation/audit/permission semantics, or cannot reproduce the accepted evidence after a later change."
AC-0128,MVP1-M04-015,Physical Inspection Execution,Inspector,Audit Timeline,None,Timeline initialized successfully.,Create timeline events starting with Journey Started.,Every operational event must appear in timeline.,STM-JRN-001;STM-JRN-002;STM-JRN-003 | states: Ready->On Journey->Arrived->Checked-In->Start Allowed,"ENG-12 immutable event: actor, time, object, before/after state, version refs (MVP1-FND-003)",EV-005;EV-003,"ERR-PKG-001;ERR-GEO-001;ERR-GEO-002;ERR-OFF-001;ERR-OFF-002;ERR-EVD-001;ERR-EVD-002;ERR-SUB-001;ERR-SUB-002 | FAIL if requirement MVP1-M04-015 is removed, weakened, hidden, replaced by mock behavior, implemented only visually without runtime behavior, loses validation/audit/permission semantics, or cannot rep",Runtime screenshot showing the completed behavior; Requirement-linked test result; Audit or activity evidence where the action changes state or data; Device/offline evidence when applicable; GPS/geofence or sync evidence where applicable,UI + API + E2E; add offline/device/location tests where applicable,"FAIL if requirement MVP1-M04-015 is removed, weakened, hidden, replaced by mock behavior, implemented only visually without runtime behavior, loses validation/audit/permission semantics, or cannot reproduce the accepted evidence after a later change."
AC-0129,MVP1-M04-016,Physical Inspection Execution,Inspector,Maps,Open Navigation.,Inspector navigates to correct destination.,Launch preferred navigation application using factory coordinates.,Navigation is optional but recommended.,STM-INS-001 | states: Start Allowed->In Progress->Ready for Validation,"ENG-12 immutable event: actor, time, object, before/after state, version refs (MVP1-FND-003)",EV-006;EV-003,"ERR-PKG-001;ERR-GEO-001;ERR-GEO-002;ERR-OFF-001;ERR-OFF-002;ERR-EVD-001;ERR-EVD-002;ERR-SUB-001;ERR-SUB-002 | FAIL if requirement MVP1-M04-016 is removed, weakened, hidden, replaced by mock behavior, implemented only visually without runtime behavior, loses validation/audit/permission semantics, or cannot rep",Runtime screenshot showing the completed behavior; Requirement-linked test result; Audit or activity evidence where the action changes state or data; Device/offline evidence when applicable; GPS/geofence or sync evidence where applicable,UI + API + E2E; add offline/device/location tests where applicable,"FAIL if requirement MVP1-M04-016 is removed, weakened, hidden, replaced by mock behavior, implemented only visually without runtime behavior, loses validation/audit/permission semantics, or cannot reproduce the accepted evidence after a later change."
AC-0130,MVP1-M04-017,Physical Inspection Execution,Inspector,Maps Engine,None,ETA displayed correctly.,Calculate ETA based on current location and destination.,ETA updates continuously during journey.,STM-INS-001 | states: Start Allowed->In Progress->Ready for Validation,"ENG-12 immutable event: actor, time, object, before/after state, version refs (MVP1-FND-003)",EV-006;EV-003,"ERR-PKG-001;ERR-GEO-001;ERR-GEO-002;ERR-OFF-001;ERR-OFF-002;ERR-EVD-001;ERR-EVD-002;ERR-SUB-001;ERR-SUB-002 | FAIL if requirement MVP1-M04-017 is removed, weakened, hidden, replaced by mock behavior, implemented only visually without runtime behavior, loses validation/audit/permission semantics, or cannot rep",Runtime screenshot showing the completed behavior; Requirement-linked test result; Audit or activity evidence where the action changes state or data; Device/offline evidence when applicable; GPS/geofence or sync evidence where applicable,UI + API + E2E; add offline/device/location tests where applicable,"FAIL if requirement MVP1-M04-017 is removed, weakened, hidden, replaced by mock behavior, implemented only visually without runtime behavior, loses validation/audit/permission semantics, or cannot reproduce the accepted evidence after a later change."
AC-0131,MVP1-M04-018,Physical Inspection Execution,Inspector,Workflow Engine,None,Operational State updated correctly.,Change Operational State from Prepared to On the Way.,Workflow Status remains unchanged until inspection begins.,STM-INS-001 | states: Start Allowed->In Progress->Ready for Validation,"ENG-12 immutable event: actor, time, object, before/after state, version refs (MVP1-FND-003)",EV-006;EV-003,"ERR-PKG-001;ERR-GEO-001;ERR-GEO-002;ERR-OFF-001;ERR-OFF-002;ERR-EVD-001;ERR-EVD-002;ERR-SUB-001;ERR-SUB-002 | FAIL if requirement MVP1-M04-018 is removed, weakened, hidden, replaced by mock behavior, implemented only visually without runtime behavior, loses validation/audit/permission semantics, or cannot rep",Runtime screenshot showing the completed behavior; Requirement-linked test result; Audit or activity evidence where the action changes state or data; Device/offline evidence when applicable; GPS/geofence or sync evidence where applicable,UI + API + E2E; add offline/device/location tests where applicable,"FAIL if requirement MVP1-M04-018 is removed, weakened, hidden, replaced by mock behavior, implemented only visually without runtime behavior, loses validation/audit/permission semantics, or cannot reproduce the accepted evidence after a later change."
AC-0132,MVP1-M04-019,Physical Inspection Execution,Inspector,Audit Service,None,Complete audit trail available.,"Log every significant event including validation, download, GPS capture, timeline creation and tracking initialization.",Every event must be auditable.,STM-INS-001 | states: Start Allowed->In Progress->Ready for Validation,"ENG-12 immutable event: actor, time, object, before/after state, version refs (MVP1-FND-003)",EV-006;EV-003,"ERR-PKG-001;ERR-GEO-001;ERR-GEO-002;ERR-OFF-001;ERR-OFF-002;ERR-EVD-001;ERR-EVD-002;ERR-SUB-001;ERR-SUB-002 | FAIL if requirement MVP1-M04-019 is removed, weakened, hidden, replaced by mock behavior, implemented only visually without runtime behavior, loses validation/audit/permission semantics, or cannot rep",Runtime screenshot showing the completed behavior; Requirement-linked test result; Audit or activity evidence where the action changes state or data; Device/offline evidence when applicable; GPS/geofence or sync evidence where applicable,UI + API + E2E; add offline/device/location tests where applicable,"FAIL if requirement MVP1-M04-019 is removed, weakened, hidden, replaced by mock behavior, implemented only visually without runtime behavior, loses validation/audit/permission semantics, or cannot reproduce the accepted evidence after a later change."
AC-0133,MVP1-M04-020,Physical Inspection Execution,Inspector,All Related Services,Retry / Cancel.,User receives meaningful error messages and system remains in a consistent state.,"Display clear error messages, retry transient failures, prevent journey start if critical validations fail.",No partial journey session shall remain active after critical failure.,STM-INS-001 | states: Start Allowed->In Progress->Ready for Validation,"ENG-12 immutable event: actor, time, object, before/after state, version refs (MVP1-FND-003)",EV-006;EV-003,"ERR-PKG-001;ERR-GEO-001;ERR-GEO-002;ERR-OFF-001;ERR-OFF-002;ERR-EVD-001;ERR-EVD-002;ERR-SUB-001;ERR-SUB-002 | FAIL if requirement MVP1-M04-020 is removed, weakened, hidden, replaced by mock behavior, implemented only visually without runtime behavior, loses validation/audit/permission semantics, or cannot rep",Runtime screenshot showing the completed behavior; Requirement-linked test result; Audit or activity evidence where the action changes state or data; Device/offline evidence when applicable; GPS/geofence or sync evidence where applicable,UI + API + E2E; add offline/device/location tests where applicable,"FAIL if requirement MVP1-M04-020 is removed, weakened, hidden, replaced by mock behavior, implemented only visually without runtime behavior, loses validation/audit/permission semantics, or cannot reproduce the accepted evidence after a later change."
AC-0134,MVP1-M04-021,Physical Inspection Execution,"Inspector, Operations","GIS, Maps",None,Live tracking starts successfully.,Start continuous GPS tracking based on configurable interval.,Tracking starts only after successful Start Journey.,STM-JRN-001;STM-JRN-002;STM-JRN-003 | states: Ready->On Journey->Arrived->Checked-In->Start Allowed,"ENG-12 immutable event: actor, time, object, before/after state, version refs (MVP1-FND-003)",EV-005;EV-003,"ERR-PKG-001;ERR-GEO-001;ERR-GEO-002;ERR-OFF-001;ERR-OFF-002;ERR-EVD-001;ERR-EVD-002;ERR-SUB-001;ERR-SUB-002 | FAIL if requirement MVP1-M04-021 is removed, weakened, hidden, replaced by mock behavior, implemented only visually without runtime behavior, loses validation/audit/permission semantics, or cannot rep",Runtime screenshot showing the completed behavior; Requirement-linked test result; Audit or activity evidence where the action changes state or data; Device/offline evidence when applicable; GPS/geofence or sync evidence where applicable,UI + API + E2E; add offline/device/location tests where applicable,"FAIL if requirement MVP1-M04-021 is removed, weakened, hidden, replaced by mock behavior, implemented only visually without runtime behavior, loses validation/audit/permission semantics, or cannot reproduce the accepted evidence after a later change."
AC-0135,MVP1-M04-022,Physical Inspection Execution,Inspector,GIS,None,GPS history is stored successfully.,"Capture Latitude, Longitude, Altitude, Speed, Heading and GPS Accuracy at each tracking interval.",Every GPS point is linked to the journey session.,STM-JRN-001;STM-JRN-002;STM-JRN-003 | states: Ready->On Journey->Arrived->Checked-In->Start Allowed,"ENG-12 immutable event: actor, time, object, before/after state, version refs (MVP1-FND-003)",EV-005;EV-003,"ERR-PKG-001;ERR-GEO-001;ERR-GEO-002;ERR-OFF-001;ERR-OFF-002;ERR-EVD-001;ERR-EVD-002;ERR-SUB-001;ERR-SUB-002 | FAIL if requirement MVP1-M04-022 is removed, weakened, hidden, replaced by mock behavior, implemented only visually without runtime behavior, loses validation/audit/permission semantics, or cannot rep",Runtime screenshot showing the completed behavior; Requirement-linked test result; Audit or activity evidence where the action changes state or data; Device/offline evidence when applicable; GPS/geofence or sync evidence where applicable,UI + API + E2E; add offline/device/location tests where applicable,"FAIL if requirement MVP1-M04-022 is removed, weakened, hidden, replaced by mock behavior, implemented only visually without runtime behavior, loses validation/audit/permission semantics, or cannot reproduce the accepted evidence after a later change."
AC-0136,MVP1-M04-023,Physical Inspection Execution,Operations,Maps,None,Operations users can monitor inspector movement.,Update inspector marker on Operations Center map.,Map refresh interval shall be configurable.,STM-INS-001 | states: Start Allowed->In Progress->Ready for Validation,"ENG-12 immutable event: actor, time, object, before/after state, version refs (MVP1-FND-003)",EV-006;EV-003,"ERR-PKG-001;ERR-GEO-001;ERR-GEO-002;ERR-OFF-001;ERR-OFF-002;ERR-EVD-001;ERR-EVD-002;ERR-SUB-001;ERR-SUB-002 | FAIL if requirement MVP1-M04-023 is removed, weakened, hidden, replaced by mock behavior, implemented only visually without runtime behavior, loses validation/audit/permission semantics, or cannot rep",Runtime screenshot showing the completed behavior; Requirement-linked test result; Audit or activity evidence where the action changes state or data; Device/offline evidence when applicable; GPS/geofence or sync evidence where applicable,UI + API + E2E; add offline/device/location tests where applicable,"FAIL if requirement MVP1-M04-023 is removed, weakened, hidden, replaced by mock behavior, implemented only visually without runtime behavior, loses validation/audit/permission semantics, or cannot reproduce the accepted evidence after a later change."
AC-0137,MVP1-M04-024,Physical Inspection Execution,Inspector,Maps Engine,None,ETA displayed accurately.,"Calculate ETA based on current location, road network and destination. Refresh ETA periodically.",ETA shall refresh automatically during travel.,STM-JRN-001;STM-JRN-002;STM-JRN-003 | states: Ready->On Journey->Arrived->Checked-In->Start Allowed,"ENG-12 immutable event: actor, time, object, before/after state, version refs (MVP1-FND-003)",EV-005;EV-003,"ERR-PKG-001;ERR-GEO-001;ERR-GEO-002;ERR-OFF-001;ERR-OFF-002;ERR-EVD-001;ERR-EVD-002;ERR-SUB-001;ERR-SUB-002 | FAIL if requirement MVP1-M04-024 is removed, weakened, hidden, replaced by mock behavior, implemented only visually without runtime behavior, loses validation/audit/permission semantics, or cannot rep",Runtime screenshot showing the completed behavior; Requirement-linked test result; Audit or activity evidence where the action changes state or data; Device/offline evidence when applicable; GPS/geofence or sync evidence where applicable,UI + API + E2E; add offline/device/location tests where applicable,"FAIL if requirement MVP1-M04-024 is removed, weakened, hidden, replaced by mock behavior, implemented only visually without runtime behavior, loses validation/audit/permission semantics, or cannot reproduce the accepted evidence after a later change."
AC-0138,MVP1-M04-025,Physical Inspection Execution,Inspector,Maps Engine,None,Remaining distance displayed correctly.,Calculate remaining travel distance using navigation route.,Distance refreshes automatically.,STM-INS-001 | states: Start Allowed->In Progress->Ready for Validation,"ENG-12 immutable event: actor, time, object, before/after state, version refs (MVP1-FND-003)",EV-006;EV-003,"ERR-PKG-001;ERR-GEO-001;ERR-GEO-002;ERR-OFF-001;ERR-OFF-002;ERR-EVD-001;ERR-EVD-002;ERR-SUB-001;ERR-SUB-002 | FAIL if requirement MVP1-M04-025 is removed, weakened, hidden, replaced by mock behavior, implemented only visually without runtime behavior, loses validation/audit/permission semantics, or cannot rep",Runtime screenshot showing the completed behavior; Requirement-linked test result; Audit or activity evidence where the action changes state or data; Device/offline evidence when applicable; GPS/geofence or sync evidence where applicable,UI + API + E2E; add offline/device/location tests where applicable,"FAIL if requirement MVP1-M04-025 is removed, weakened, hidden, replaced by mock behavior, implemented only visually without runtime behavior, loses validation/audit/permission semantics, or cannot reproduce the accepted evidence after a later change."
AC-0139,MVP1-M04-026,Physical Inspection Execution,Inspector,Maps Engine,None,Progress updates correctly.,Calculate journey progress percentage using travelled vs remaining distance.,Progress is informational only.,STM-JRN-001;STM-JRN-002;STM-JRN-003 | states: Ready->On Journey->Arrived->Checked-In->Start Allowed,"ENG-12 immutable event: actor, time, object, before/after state, version refs (MVP1-FND-003)",EV-005;EV-003,"ERR-PKG-001;ERR-GEO-001;ERR-GEO-002;ERR-OFF-001;ERR-OFF-002;ERR-EVD-001;ERR-EVD-002;ERR-SUB-001;ERR-SUB-002 | FAIL if requirement MVP1-M04-026 is removed, weakened, hidden, replaced by mock behavior, implemented only visually without runtime behavior, loses validation/audit/permission semantics, or cannot rep",Runtime screenshot showing the completed behavior; Requirement-linked test result; Audit or activity evidence where the action changes state or data; Device/offline evidence when applicable; GPS/geofence or sync evidence where applicable,UI + API + E2E; add offline/device/location tests where applicable,"FAIL if requirement MVP1-M04-026 is removed, weakened, hidden, replaced by mock behavior, implemented only visually without runtime behavior, loses validation/audit/permission semantics, or cannot reproduce the accepted evidence after a later change."
AC-0140,MVP1-M04-027,Physical Inspection Execution,Inspector,GIS,None,GPS quality recorded correctly.,Continuously monitor GPS accuracy and record significant degradation.,GPS quality shall be auditable.,STM-JRN-001;STM-JRN-002;STM-JRN-003 | states: Ready->On Journey->Arrived->Checked-In->Start Allowed,"ENG-12 immutable event: actor, time, object, before/after state, version refs (MVP1-FND-003)",EV-005;EV-003,"ERR-PKG-001;ERR-GEO-001;ERR-GEO-002;ERR-OFF-001;ERR-OFF-002;ERR-EVD-001;ERR-EVD-002;ERR-SUB-001;ERR-SUB-002 | FAIL if requirement MVP1-M04-027 is removed, weakened, hidden, replaced by mock behavior, implemented only visually without runtime behavior, loses validation/audit/permission semantics, or cannot rep",Runtime screenshot showing the completed behavior; Requirement-linked test result; Audit or activity evidence where the action changes state or data; Device/offline evidence when applicable; GPS/geofence or sync evidence where applicable,UI + API + E2E; add offline/device/location tests where applicable,"FAIL if requirement MVP1-M04-027 is removed, weakened, hidden, replaced by mock behavior, implemented only visually without runtime behavior, loses validation/audit/permission semantics, or cannot reproduce the accepted evidence after a later change."
AC-0141,MVP1-M04-028,Physical Inspection Execution,Inspector,Device Services,None,Connectivity status updates correctly.,"Detect Online, Offline, Wi-Fi and Mobile Network transitions.",Every connectivity change shall be recorded.,STM-INS-001 | states: Start Allowed->In Progress->Ready for Validation,"ENG-12 immutable event: actor, time, object, before/after state, version refs (MVP1-FND-003)",EV-006;EV-003,"ERR-PKG-001;ERR-GEO-001;ERR-GEO-002;ERR-OFF-001;ERR-OFF-002;ERR-EVD-001;ERR-EVD-002;ERR-SUB-001;ERR-SUB-002 | FAIL if requirement MVP1-M04-028 is removed, weakened, hidden, replaced by mock behavior, implemented only visually without runtime behavior, loses validation/audit/permission semantics, or cannot rep",Runtime screenshot showing the completed behavior; Requirement-linked test result; Audit or activity evidence where the action changes state or data; Device/offline evidence when applicable; GPS/geofence or sync evidence where applicable,UI + API + E2E; add offline/device/location tests where applicable,"FAIL if requirement MVP1-M04-028 is removed, weakened, hidden, replaced by mock behavior, implemented only visually without runtime behavior, loses validation/audit/permission semantics, or cannot reproduce the accepted evidence after a later change."
AC-0142,MVP1-M04-029,Physical Inspection Execution,Inspector,Offline Synchronization,Continue travelling.,Inspector continues working without interruption.,"Continue tracking locally, queue journey events, cache GPS updates until connectivity returns.",Journey shall continue without internet connectivity.,STM-INS-001 | states: Start Allowed->In Progress->Ready for Validation,"ENG-12 immutable event: actor, time, object, before/after state, version refs (MVP1-FND-003)",EV-006;EV-003,"ERR-PKG-001;ERR-GEO-001;ERR-GEO-002;ERR-OFF-001;ERR-OFF-002;ERR-EVD-001;ERR-EVD-002;ERR-SUB-001;ERR-SUB-002 | FAIL if requirement MVP1-M04-029 is removed, weakened, hidden, replaced by mock behavior, implemented only visually without runtime behavior, loses validation/audit/permission semantics, or cannot rep",Runtime screenshot showing the completed behavior; Requirement-linked test result; Audit or activity evidence where the action changes state or data; Device/offline evidence when applicable; GPS/geofence or sync evidence where applicable,UI + API + E2E; add offline/device/location tests where applicable,"FAIL if requirement MVP1-M04-029 is removed, weakened, hidden, replaced by mock behavior, implemented only visually without runtime behavior, loses validation/audit/permission semantics, or cannot reproduce the accepted evidence after a later change."
AC-0143,MVP1-M04-030,Physical Inspection Execution,Inspector,Offline Sync Engine,None,Queued data synchronized successfully.,"Synchronize queued GPS points, timeline events and audit logs in chronological order.",Duplicate synchronization shall be prevented.,STM-JRN-001;STM-JRN-002;STM-JRN-003 | states: Ready->On Journey->Arrived->Checked-In->Start Allowed,"ENG-12 immutable event: actor, time, object, before/after state, version refs (MVP1-FND-003)",EV-005;EV-003,"ERR-PKG-001;ERR-GEO-001;ERR-GEO-002;ERR-OFF-001;ERR-OFF-002;ERR-EVD-001;ERR-EVD-002;ERR-SUB-001;ERR-SUB-002 | FAIL if requirement MVP1-M04-030 is removed, weakened, hidden, replaced by mock behavior, implemented only visually without runtime behavior, loses validation/audit/permission semantics, or cannot rep",Runtime screenshot showing the completed behavior; Requirement-linked test result; Audit or activity evidence where the action changes state or data; Device/offline evidence when applicable; GPS/geofence or sync evidence where applicable,UI + API + E2E; add offline/device/location tests where applicable,"FAIL if requirement MVP1-M04-030 is removed, weakened, hidden, replaced by mock behavior, implemented only visually without runtime behavior, loses validation/audit/permission semantics, or cannot reproduce the accepted evidence after a later change."
AC-0144,MVP1-M04-031,Physical Inspection Execution,Inspector,Maps Engine,None,Deviation events recorded.,Compare current location against planned navigation route.,Route deviation does not stop the inspection.,STM-JRN-001;STM-JRN-002;STM-JRN-003 | states: Ready->On Journey->Arrived->Checked-In->Start Allowed,"ENG-12 immutable event: actor, time, object, before/after state, version refs (MVP1-FND-003)",EV-005;EV-003,"ERR-PKG-001;ERR-GEO-001;ERR-GEO-002;ERR-OFF-001;ERR-OFF-002;ERR-EVD-001;ERR-EVD-002;ERR-SUB-001;ERR-SUB-002 | FAIL if requirement MVP1-M04-031 is removed, weakened, hidden, replaced by mock behavior, implemented only visually without runtime behavior, loses validation/audit/permission semantics, or cannot rep",Runtime screenshot showing the completed behavior; Requirement-linked test result; Audit or activity evidence where the action changes state or data; Device/offline evidence when applicable; GPS/geofence or sync evidence where applicable,UI + API + E2E; add offline/device/location tests where applicable,"FAIL if requirement MVP1-M04-031 is removed, weakened, hidden, replaced by mock behavior, implemented only visually without runtime behavior, loses validation/audit/permission semantics, or cannot reproduce the accepted evidence after a later change."
AC-0145,MVP1-M04-032,Physical Inspection Execution,Inspector,GIS,None,Arrival eligibility evaluated correctly.,Compare current location against configured arrival radius.,Arrival button becomes available only when within configured radius or GPS override is allowed.,STM-JRN-001;STM-JRN-002;STM-JRN-003 | states: Ready->On Journey->Arrived->Checked-In->Start Allowed,"ENG-12 immutable event: actor, time, object, before/after state, version refs (MVP1-FND-003)",EV-005;EV-003,"ERR-PKG-001;ERR-GEO-001;ERR-GEO-002;ERR-OFF-001;ERR-OFF-002;ERR-EVD-001;ERR-EVD-002;ERR-SUB-001;ERR-SUB-002 | FAIL if requirement MVP1-M04-032 is removed, weakened, hidden, replaced by mock behavior, implemented only visually without runtime behavior, loses validation/audit/permission semantics, or cannot rep",Runtime screenshot showing the completed behavior; Requirement-linked test result; Audit or activity evidence where the action changes state or data; Device/offline evidence when applicable; GPS/geofence or sync evidence where applicable,UI + API + E2E; add offline/device/location tests where applicable,"FAIL if requirement MVP1-M04-032 is removed, weakened, hidden, replaced by mock behavior, implemented only visually without runtime behavior, loses validation/audit/permission semantics, or cannot reproduce the accepted evidence after a later change."
AC-0146,MVP1-M04-033,Physical Inspection Execution,"Inspector, Reviewer",Audit Timeline,None,Timeline contains all operational events.,"Record Journey Started, Tracking Started, Offline, Online, ETA Updates, Route Deviations and Arrival Detection.",Timeline must remain immutable after submission.,STM-JRN-001;STM-JRN-002;STM-JRN-003 | states: Ready->On Journey->Arrived->Checked-In->Start Allowed,"ENG-12 immutable event: actor, time, object, before/after state, version refs (MVP1-FND-003)",EV-005;EV-003,"ERR-PKG-001;ERR-GEO-001;ERR-GEO-002;ERR-OFF-001;ERR-OFF-002;ERR-EVD-001;ERR-EVD-002;ERR-SUB-001;ERR-SUB-002 | FAIL if requirement MVP1-M04-033 is removed, weakened, hidden, replaced by mock behavior, implemented only visually without runtime behavior, loses validation/audit/permission semantics, or cannot rep",Runtime screenshot showing the completed behavior; Requirement-linked test result; Audit or activity evidence where the action changes state or data; Device/offline evidence when applicable; GPS/geofence or sync evidence where applicable,UI + API + E2E; add offline/device/location tests where applicable,"FAIL if requirement MVP1-M04-033 is removed, weakened, hidden, replaced by mock behavior, implemented only visually without runtime behavior, loses validation/audit/permission semantics, or cannot reproduce the accepted evidence after a later change."
AC-0147,MVP1-M04-034,Physical Inspection Execution,Operations,Audit Service,None,Complete audit trail available.,"Record GPS events, network changes, synchronization events and operational state changes.",All system-generated actions shall be auditable.,STM-INS-001 | states: Start Allowed->In Progress->Ready for Validation,"ENG-12 immutable event: actor, time, object, before/after state, version refs (MVP1-FND-003)",EV-006;EV-003,"ERR-PKG-001;ERR-GEO-001;ERR-GEO-002;ERR-OFF-001;ERR-OFF-002;ERR-EVD-001;ERR-EVD-002;ERR-SUB-001;ERR-SUB-002 | FAIL if requirement MVP1-M04-034 is removed, weakened, hidden, replaced by mock behavior, implemented only visually without runtime behavior, loses validation/audit/permission semantics, or cannot rep",Runtime screenshot showing the completed behavior; Requirement-linked test result; Audit or activity evidence where the action changes state or data; Device/offline evidence when applicable; GPS/geofence or sync evidence where applicable,UI + API + E2E; add offline/device/location tests where applicable,"FAIL if requirement MVP1-M04-034 is removed, weakened, hidden, replaced by mock behavior, implemented only visually without runtime behavior, loses validation/audit/permission semantics, or cannot reproduce the accepted evidence after a later change."
AC-0148,MVP1-M04-035,Physical Inspection Execution,Inspector,Journey Services,View status.,Journey dashboard displays current operational status.,"Display current Operational State, ETA, Distance Remaining, GPS Status, Connectivity Status and Progress.",Information refreshes automatically.,STM-JRN-001;STM-JRN-002;STM-JRN-003 | states: Ready->On Journey->Arrived->Checked-In->Start Allowed,"ENG-12 immutable event: actor, time, object, before/after state, version refs (MVP1-FND-003)",EV-005;EV-003,"ERR-PKG-001;ERR-GEO-001;ERR-GEO-002;ERR-OFF-001;ERR-OFF-002;ERR-EVD-001;ERR-EVD-002;ERR-SUB-001;ERR-SUB-002 | FAIL if requirement MVP1-M04-035 is removed, weakened, hidden, replaced by mock behavior, implemented only visually without runtime behavior, loses validation/audit/permission semantics, or cannot rep",Runtime screenshot showing the completed behavior; Requirement-linked test result; Audit or activity evidence where the action changes state or data; Device/offline evidence when applicable; GPS/geofence or sync evidence where applicable,UI + API + E2E; add offline/device/location tests where applicable,"FAIL if requirement MVP1-M04-035 is removed, weakened, hidden, replaced by mock behavior, implemented only visually without runtime behavior, loses validation/audit/permission semantics, or cannot reproduce the accepted evidence after a later change."
AC-0149,MVP1-M04-036,Physical Inspection Execution,Inspector,"GIS, Offline Sync, Audit",Retry if prompted.,Journey remains recoverable after unexpected failures.,"Handle GPS unavailable, navigation failure, synchronization failure, connectivity failure and mapping service errors. Maintain journey consistency and prevent duplicate sessions.",Critical failures shall never corrupt the active journey session.,STM-JRN-001;STM-JRN-002;STM-JRN-003 | states: Ready->On Journey->Arrived->Checked-In->Start Allowed,"ENG-12 immutable event: actor, time, object, before/after state, version refs (MVP1-FND-003)",EV-005;EV-003,"ERR-PKG-001;ERR-GEO-001;ERR-GEO-002;ERR-OFF-001;ERR-OFF-002;ERR-EVD-001;ERR-EVD-002;ERR-SUB-001;ERR-SUB-002 | FAIL if requirement MVP1-M04-036 is removed, weakened, hidden, replaced by mock behavior, implemented only visually without runtime behavior, loses validation/audit/permission semantics, or cannot rep",Runtime screenshot showing the completed behavior; Requirement-linked test result; Audit or activity evidence where the action changes state or data; Device/offline evidence when applicable; GPS/geofence or sync evidence where applicable,UI + API + E2E; add offline/device/location tests where applicable,"FAIL if requirement MVP1-M04-036 is removed, weakened, hidden, replaced by mock behavior, implemented only visually without runtime behavior, loses validation/audit/permission semantics, or cannot reproduce the accepted evidence after a later change."
AC-0150,MVP1-M04-037,Physical Inspection Execution,Inspector,GIS Service,Continue travelling.,System correctly identifies when the inspector enters the allowed arrival radius.,Continuously compare inspector GPS against the planned factory location and determine whether the inspector is inside the configured arrival radius.,Arrival radius shall be configurable by system administration.,STM-JRN-001;STM-JRN-002;STM-JRN-003 | states: Ready->On Journey->Arrived->Checked-In->Start Allowed,"ENG-12 immutable event: actor, time, object, before/after state, version refs (MVP1-FND-003)",EV-005;EV-003,"ERR-PKG-001;ERR-GEO-001;ERR-GEO-002;ERR-OFF-001;ERR-OFF-002;ERR-EVD-001;ERR-EVD-002;ERR-SUB-001;ERR-SUB-002 | FAIL if requirement MVP1-M04-037 is removed, weakened, hidden, replaced by mock behavior, implemented only visually without runtime behavior, loses validation/audit/permission semantics, or cannot rep",Runtime screenshot showing the completed behavior; Requirement-linked test result; Audit or activity evidence where the action changes state or data; Device/offline evidence when applicable; GPS/geofence or sync evidence where applicable,UI + API + E2E; add offline/device/location tests where applicable,"FAIL if requirement MVP1-M04-037 is removed, weakened, hidden, replaced by mock behavior, implemented only visually without runtime behavior, loses validation/audit/permission semantics, or cannot reproduce the accepted evidence after a later change."
AC-0151,MVP1-M04-038,Physical Inspection Execution,Inspector,Workflow Engine,Click Arrived.,Inspector can only continue when arrival conditions are satisfied.,Enable the Arrived action only after arrival conditions are met or when GPS override is permitted.,Arrived button shall not be enabled before reaching the configured radius unless override is allowed.,STM-JRN-001;STM-JRN-002;STM-JRN-003 | states: Ready->On Journey->Arrived->Checked-In->Start Allowed,"ENG-12 immutable event: actor, time, object, before/after state, version refs (MVP1-FND-003)",EV-005;EV-003,"ERR-PKG-001;ERR-GEO-001;ERR-GEO-002;ERR-OFF-001;ERR-OFF-002;ERR-EVD-001;ERR-EVD-002;ERR-SUB-001;ERR-SUB-002 | FAIL if requirement MVP1-M04-038 is removed, weakened, hidden, replaced by mock behavior, implemented only visually without runtime behavior, loses validation/audit/permission semantics, or cannot rep",Runtime screenshot showing the completed behavior; Requirement-linked test result; Audit or activity evidence where the action changes state or data; Device/offline evidence when applicable; GPS/geofence or sync evidence where applicable,UI + API + E2E; add offline/device/location tests where applicable,"FAIL if requirement MVP1-M04-038 is removed, weakened, hidden, replaced by mock behavior, implemented only visually without runtime behavior, loses validation/audit/permission semantics, or cannot reproduce the accepted evidence after a later change."
AC-0152,MVP1-M04-039,Physical Inspection Execution,Inspector,Audit Service,Confirm Arrival.,Arrival time is recorded successfully.,Capture both server timestamp and device timestamp as official arrival evidence.,Server timestamp shall be the official audit timestamp.,STM-JRN-001;STM-JRN-002;STM-JRN-003 | states: Ready->On Journey->Arrived->Checked-In->Start Allowed,"ENG-12 immutable event: actor, time, object, before/after state, version refs (MVP1-FND-003)",EV-005;EV-003,"ERR-PKG-001;ERR-GEO-001;ERR-GEO-002;ERR-OFF-001;ERR-OFF-002;ERR-EVD-001;ERR-EVD-002;ERR-SUB-001;ERR-SUB-002 | FAIL if requirement MVP1-M04-039 is removed, weakened, hidden, replaced by mock behavior, implemented only visually without runtime behavior, loses validation/audit/permission semantics, or cannot rep",Runtime screenshot showing the completed behavior; Requirement-linked test result; Audit or activity evidence where the action changes state or data; Device/offline evidence when applicable; GPS/geofence or sync evidence where applicable,UI + API + E2E; add offline/device/location tests where applicable,"FAIL if requirement MVP1-M04-039 is removed, weakened, hidden, replaced by mock behavior, implemented only visually without runtime behavior, loses validation/audit/permission semantics, or cannot reproduce the accepted evidence after a later change."
AC-0153,MVP1-M04-040,Physical Inspection Execution,Inspector,GIS Service,Confirm Arrival.,Actual coordinates are successfully stored.,"Record latitude, longitude, altitude and GPS accuracy at the moment of arrival.",Actual coordinates shall always be stored regardless of GPS validation outcome.,STM-JRN-001;STM-JRN-002;STM-JRN-003 | states: Ready->On Journey->Arrived->Checked-In->Start Allowed,"ENG-12 immutable event: actor, time, object, before/after state, version refs (MVP1-FND-003)",EV-005;EV-003,"ERR-PKG-001;ERR-GEO-001;ERR-GEO-002;ERR-OFF-001;ERR-OFF-002;ERR-EVD-001;ERR-EVD-002;ERR-SUB-001;ERR-SUB-002 | FAIL if requirement MVP1-M04-040 is removed, weakened, hidden, replaced by mock behavior, implemented only visually without runtime behavior, loses validation/audit/permission semantics, or cannot rep",Runtime screenshot showing the completed behavior; Requirement-linked test result; Audit or activity evidence where the action changes state or data; Device/offline evidence when applicable; GPS/geofence or sync evidence where applicable,UI + API + E2E; add offline/device/location tests where applicable,"FAIL if requirement MVP1-M04-040 is removed, weakened, hidden, replaced by mock behavior, implemented only visually without runtime behavior, loses validation/audit/permission semantics, or cannot reproduce the accepted evidence after a later change."
AC-0154,MVP1-M04-041,Physical Inspection Execution,Inspector,GIS Engine,None,System calculates the distance correctly.,Calculate the distance between the planned location and the inspector's actual location.,"Planned location is the Planner-selected location if available; otherwise, the Industrial License location from Senaei.",STM-INS-001 | states: Start Allowed->In Progress->Ready for Validation,"ENG-12 immutable event: actor, time, object, before/after state, version refs (MVP1-FND-003)",EV-006;EV-003,"ERR-PKG-001;ERR-GEO-001;ERR-GEO-002;ERR-OFF-001;ERR-OFF-002;ERR-EVD-001;ERR-EVD-002;ERR-SUB-001;ERR-SUB-002 | FAIL if requirement MVP1-M04-041 is removed, weakened, hidden, replaced by mock behavior, implemented only visually without runtime behavior, loses validation/audit/permission semantics, or cannot rep",Runtime screenshot showing the completed behavior; Requirement-linked test result; Audit or activity evidence where the action changes state or data; Device/offline evidence when applicable; GPS/geofence or sync evidence where applicable,UI + API + E2E; add offline/device/location tests where applicable,"FAIL if requirement MVP1-M04-041 is removed, weakened, hidden, replaced by mock behavior, implemented only visually without runtime behavior, loses validation/audit/permission semantics, or cannot reproduce the accepted evidence after a later change."
AC-0155,MVP1-M04-042,Physical Inspection Execution,Inspector,GIS Engine,None,Validation result is generated correctly.,Compare calculated distance against the configured tolerance radius.,Validation shall use configurable radius values.,STM-JRN-001;STM-JRN-002;STM-JRN-003 | states: Ready->On Journey->Arrived->Checked-In->Start Allowed,"ENG-12 immutable event: actor, time, object, before/after state, version refs (MVP1-FND-003)",EV-005;EV-003,"ERR-PKG-001;ERR-GEO-001;ERR-GEO-002;ERR-OFF-001;ERR-OFF-002;ERR-EVD-001;ERR-EVD-002;ERR-SUB-001;ERR-SUB-002 | FAIL if requirement MVP1-M04-042 is removed, weakened, hidden, replaced by mock behavior, implemented only visually without runtime behavior, loses validation/audit/permission semantics, or cannot rep",Runtime screenshot showing the completed behavior; Requirement-linked test result; Audit or activity evidence where the action changes state or data; Device/offline evidence when applicable; GPS/geofence or sync evidence where applicable,UI + API + E2E; add offline/device/location tests where applicable,"FAIL if requirement MVP1-M04-042 is removed, weakened, hidden, replaced by mock behavior, implemented only visually without runtime behavior, loses validation/audit/permission semantics, or cannot reproduce the accepted evidence after a later change."
AC-0156,MVP1-M04-043,Physical Inspection Execution,Inspector,Workflow Engine,Confirm Override or Cancel.,Override confirmation is recorded before continuing.,"Display a confirmation dialog explaining that the inspector is outside the planned location. If confirmed, continue using the actual coordinates.",GPS override requires explicit inspector confirmation.,STM-JRN-001;STM-JRN-002;STM-JRN-003 | states: Ready->On Journey->Arrived->Checked-In->Start Allowed,"ENG-12 immutable event: actor, time, object, before/after state, version refs (MVP1-FND-003)",EV-005;EV-003,"ERR-PKG-001;ERR-GEO-001;ERR-GEO-002;ERR-OFF-001;ERR-OFF-002;ERR-EVD-001;ERR-EVD-002;ERR-SUB-001;ERR-SUB-002 | FAIL if requirement MVP1-M04-043 is removed, weakened, hidden, replaced by mock behavior, implemented only visually without runtime behavior, loses validation/audit/permission semantics, or cannot rep",Runtime screenshot showing the completed behavior; Requirement-linked test result; Audit or activity evidence where the action changes state or data; Device/offline evidence when applicable; GPS/geofence or sync evidence where applicable,UI + API + E2E; add offline/device/location tests where applicable,"FAIL if requirement MVP1-M04-043 is removed, weakened, hidden, replaced by mock behavior, implemented only visually without runtime behavior, loses validation/audit/permission semantics, or cannot reproduce the accepted evidence after a later change."
AC-0157,MVP1-M04-044,Physical Inspection Execution,Inspector,Audit Service,None,Inspection location stored successfully.,Save the final inspection coordinates that will be associated with the inspection execution.,Final coordinates shall remain immutable after inspection starts.,STM-INS-001 | states: Start Allowed->In Progress->Ready for Validation,"ENG-12 immutable event: actor, time, object, before/after state, version refs (MVP1-FND-003)",EV-006;EV-003,"ERR-PKG-001;ERR-GEO-001;ERR-GEO-002;ERR-OFF-001;ERR-OFF-002;ERR-EVD-001;ERR-EVD-002;ERR-SUB-001;ERR-SUB-002 | FAIL if requirement MVP1-M04-044 is removed, weakened, hidden, replaced by mock behavior, implemented only visually without runtime behavior, loses validation/audit/permission semantics, or cannot rep",Runtime screenshot showing the completed behavior; Requirement-linked test result; Audit or activity evidence where the action changes state or data; Device/offline evidence when applicable; GPS/geofence or sync evidence where applicable,UI + API + E2E; add offline/device/location tests where applicable,"FAIL if requirement MVP1-M04-044 is removed, weakened, hidden, replaced by mock behavior, implemented only visually without runtime behavior, loses validation/audit/permission semantics, or cannot reproduce the accepted evidence after a later change."
AC-0158,MVP1-M04-045,Physical Inspection Execution,Inspector,Evidence Service,Capture photo or comment (if required).,Required evidence is successfully attached.,Store arrival evidence and associate it with the arrival event.,Arrival evidence requirements shall be configurable.,STM-JRN-001;STM-JRN-002;STM-JRN-003 | states: Ready->On Journey->Arrived->Checked-In->Start Allowed,"ENG-12 immutable event: actor, time, object, before/after state, version refs (MVP1-FND-003)",EV-005;EV-003,"ERR-PKG-001;ERR-GEO-001;ERR-GEO-002;ERR-OFF-001;ERR-OFF-002;ERR-EVD-001;ERR-EVD-002;ERR-SUB-001;ERR-SUB-002 | FAIL if requirement MVP1-M04-045 is removed, weakened, hidden, replaced by mock behavior, implemented only visually without runtime behavior, loses validation/audit/permission semantics, or cannot rep",Runtime screenshot showing the completed behavior; Requirement-linked test result; Audit or activity evidence where the action changes state or data; Device/offline evidence when applicable; GPS/geofence or sync evidence where applicable,UI + API + E2E; add offline/device/location tests where applicable,"FAIL if requirement MVP1-M04-045 is removed, weakened, hidden, replaced by mock behavior, implemented only visually without runtime behavior, loses validation/audit/permission semantics, or cannot reproduce the accepted evidence after a later change."
AC-0159,MVP1-M04-046,Physical Inspection Execution,Inspector,Workflow Engine,None,Operational State updated correctly.,Update Operational State from On the Way to Arrived while keeping Workflow Status unchanged.,Workflow Status remains unchanged until the inspection officially starts.,STM-INS-001 | states: Start Allowed->In Progress->Ready for Validation,"ENG-12 immutable event: actor, time, object, before/after state, version refs (MVP1-FND-003)",EV-006;EV-003,"ERR-PKG-001;ERR-GEO-001;ERR-GEO-002;ERR-OFF-001;ERR-OFF-002;ERR-EVD-001;ERR-EVD-002;ERR-SUB-001;ERR-SUB-002 | FAIL if requirement MVP1-M04-046 is removed, weakened, hidden, replaced by mock behavior, implemented only visually without runtime behavior, loses validation/audit/permission semantics, or cannot rep",Runtime screenshot showing the completed behavior; Requirement-linked test result; Audit or activity evidence where the action changes state or data; Device/offline evidence when applicable; GPS/geofence or sync evidence where applicable,UI + API + E2E; add offline/device/location tests where applicable,"FAIL if requirement MVP1-M04-046 is removed, weakened, hidden, replaced by mock behavior, implemented only visually without runtime behavior, loses validation/audit/permission semantics, or cannot reproduce the accepted evidence after a later change."
AC-0160,MVP1-M04-047,Physical Inspection Execution,"Inspector, Reviewer",Audit Timeline,None,Timeline accurately reflects the arrival process.,"Record Arrived, GPS Validated, GPS Override (if applicable), Arrival Evidence and Arrival Confirmed events.",Timeline events shall be immutable after submission.,STM-JRN-001;STM-JRN-002;STM-JRN-003 | states: Ready->On Journey->Arrived->Checked-In->Start Allowed,"ENG-12 immutable event: actor, time, object, before/after state, version refs (MVP1-FND-003)",EV-005;EV-003,"ERR-PKG-001;ERR-GEO-001;ERR-GEO-002;ERR-OFF-001;ERR-OFF-002;ERR-EVD-001;ERR-EVD-002;ERR-SUB-001;ERR-SUB-002 | FAIL if requirement MVP1-M04-047 is removed, weakened, hidden, replaced by mock behavior, implemented only visually without runtime behavior, loses validation/audit/permission semantics, or cannot rep",Runtime screenshot showing the completed behavior; Requirement-linked test result; Audit or activity evidence where the action changes state or data; Device/offline evidence when applicable; GPS/geofence or sync evidence where applicable,UI + API + E2E; add offline/device/location tests where applicable,"FAIL if requirement MVP1-M04-047 is removed, weakened, hidden, replaced by mock behavior, implemented only visually without runtime behavior, loses validation/audit/permission semantics, or cannot reproduce the accepted evidence after a later change."
AC-0161,MVP1-M04-048,Physical Inspection Execution,"Operations, Reviewer",Audit Service,None,Complete audit trail is available.,"Log timestamps, coordinates, validation results, overrides, evidence uploads and operational state transitions.",Every arrival-related action shall be auditable.,STM-INS-001 | states: Start Allowed->In Progress->Ready for Validation,"ENG-12 immutable event: actor, time, object, before/after state, version refs (MVP1-FND-003)",EV-006;EV-003,"ERR-PKG-001;ERR-GEO-001;ERR-GEO-002;ERR-OFF-001;ERR-OFF-002;ERR-EVD-001;ERR-EVD-002;ERR-SUB-001;ERR-SUB-002 | FAIL if requirement MVP1-M04-048 is removed, weakened, hidden, replaced by mock behavior, implemented only visually without runtime behavior, loses validation/audit/permission semantics, or cannot rep",Runtime screenshot showing the completed behavior; Requirement-linked test result; Audit or activity evidence where the action changes state or data; Device/offline evidence when applicable; GPS/geofence or sync evidence where applicable,UI + API + E2E; add offline/device/location tests where applicable,"FAIL if requirement MVP1-M04-048 is removed, weakened, hidden, replaced by mock behavior, implemented only visually without runtime behavior, loses validation/audit/permission semantics, or cannot reproduce the accepted evidence after a later change."
AC-0162,MVP1-M04-049,Physical Inspection Execution,Inspector,"GIS, Maps, Device Services","Retry, Refresh GPS or Cancel.",Arrival validation errors are handled without data loss or workflow inconsistency.,"Handle GPS unavailable, inaccurate GPS, mapping service failures and validation exceptions without corrupting the active inspection session.",Critical failures shall never automatically cancel the visit. Inspector shall always receive a clear validation message and available recovery options.,STM-JRN-001;STM-JRN-002;STM-JRN-003 | states: Ready->On Journey->Arrived->Checked-In->Start Allowed,"ENG-12 immutable event: actor, time, object, before/after state, version refs (MVP1-FND-003)",EV-005;EV-003,"ERR-PKG-001;ERR-GEO-001;ERR-GEO-002;ERR-OFF-001;ERR-OFF-002;ERR-EVD-001;ERR-EVD-002;ERR-SUB-001;ERR-SUB-002 | FAIL if requirement MVP1-M04-049 is removed, weakened, hidden, replaced by mock behavior, implemented only visually without runtime behavior, loses validation/audit/permission semantics, or cannot rep",Runtime screenshot showing the completed behavior; Requirement-linked test result; Audit or activity evidence where the action changes state or data; Device/offline evidence when applicable; GPS/geofence or sync evidence where applicable,UI + API + E2E; add offline/device/location tests where applicable,"FAIL if requirement MVP1-M04-049 is removed, weakened, hidden, replaced by mock behavior, implemented only visually without runtime behavior, loses validation/audit/permission semantics, or cannot reproduce the accepted evidence after a later change."
AC-0163,MVP1-M04-050,Physical Inspection Execution,Inspector,Workflow Engine,None,Screen loads successfully with all required information.,"Load Arrival Confirmation screen. Display Factory Card, Visit Card, Arrival Summary and available actions.",Arrival Confirmation is only accessible after successful arrival validation.,STM-JRN-001;STM-JRN-002;STM-JRN-003 | states: Ready->On Journey->Arrived->Checked-In->Start Allowed,"ENG-12 immutable event: actor, time, object, before/after state, version refs (MVP1-FND-003)",EV-005;EV-003,"ERR-PKG-001;ERR-GEO-001;ERR-GEO-002;ERR-OFF-001;ERR-OFF-002;ERR-EVD-001;ERR-EVD-002;ERR-SUB-001;ERR-SUB-002 | FAIL if requirement MVP1-M04-050 is removed, weakened, hidden, replaced by mock behavior, implemented only visually without runtime behavior, loses validation/audit/permission semantics, or cannot rep",Runtime screenshot showing the completed behavior; Requirement-linked test result; Audit or activity evidence where the action changes state or data; Device/offline evidence when applicable; GPS/geofence or sync evidence where applicable,UI + API + E2E; add offline/device/location tests where applicable,"FAIL if requirement MVP1-M04-050 is removed, weakened, hidden, replaced by mock behavior, implemented only visually without runtime behavior, loses validation/audit/permission semantics, or cannot reproduce the accepted evidence after a later change."
AC-0164,MVP1-M04-051,Physical Inspection Execution,Inspector,"Factory 360°, Senaei",View Factory Card.,Factory Card displays the latest synchronized information.,"Load Factory Card summary including Factory Name, CR Number, License Number, License Status, Factory Status, Activity, Risk Level and Factory Health Score (if available).",Factory Card is read-only during Arrival Confirmation.,STM-INS-001 | states: Start Allowed->In Progress->Ready for Validation,"ENG-12 immutable event: actor, time, object, before/after state, version refs (MVP1-FND-003)",EV-006;EV-003,"ERR-PKG-001;ERR-GEO-001;ERR-GEO-002;ERR-OFF-001;ERR-OFF-002;ERR-EVD-001;ERR-EVD-002;ERR-SUB-001;ERR-SUB-002 | FAIL if requirement MVP1-M04-051 is removed, weakened, hidden, replaced by mock behavior, implemented only visually without runtime behavior, loses validation/audit/permission semantics, or cannot rep",Runtime screenshot showing the completed behavior; Requirement-linked test result; Audit or activity evidence where the action changes state or data; Device/offline evidence when applicable; GPS/geofence or sync evidence where applicable,UI + API + E2E; add offline/device/location tests where applicable,"FAIL if requirement MVP1-M04-051 is removed, weakened, hidden, replaced by mock behavior, implemented only visually without runtime behavior, loses validation/audit/permission semantics, or cannot reproduce the accepted evidence after a later change."
AC-0165,MVP1-M04-052,Physical Inspection Execution,Inspector,Visit Management,View Visit Card.,Visit Card displays correctly.,"Load Visit Type, Planned Window, Inspector Name, Branch, Planner, Visit Reason, Visit Priority and Report Type.",Visit Card reflects the locked visit package.,STM-INS-001 | states: Start Allowed->In Progress->Ready for Validation,"ENG-12 immutable event: actor, time, object, before/after state, version refs (MVP1-FND-003)",EV-006;EV-003,"ERR-PKG-001;ERR-GEO-001;ERR-GEO-002;ERR-OFF-001;ERR-OFF-002;ERR-EVD-001;ERR-EVD-002;ERR-SUB-001;ERR-SUB-002 | FAIL if requirement MVP1-M04-052 is removed, weakened, hidden, replaced by mock behavior, implemented only visually without runtime behavior, loses validation/audit/permission semantics, or cannot rep",Runtime screenshot showing the completed behavior; Requirement-linked test result; Audit or activity evidence where the action changes state or data; Device/offline evidence when applicable; GPS/geofence or sync evidence where applicable,UI + API + E2E; add offline/device/location tests where applicable,"FAIL if requirement MVP1-M04-052 is removed, weakened, hidden, replaced by mock behavior, implemented only visually without runtime behavior, loses validation/audit/permission semantics, or cannot reproduce the accepted evidence after a later change."
AC-0166,MVP1-M04-053,Physical Inspection Execution,Inspector,Journey Service,Review information.,Journey summary displays correctly.,"Display Journey Start Time, Arrival Time, Journey Duration, Distance Travelled and GPS Validation Result.",Journey Summary is informational only.,STM-JRN-001;STM-JRN-002;STM-JRN-003 | states: Ready->On Journey->Arrived->Checked-In->Start Allowed,"ENG-12 immutable event: actor, time, object, before/after state, version refs (MVP1-FND-003)",EV-005;EV-003,"ERR-PKG-001;ERR-GEO-001;ERR-GEO-002;ERR-OFF-001;ERR-OFF-002;ERR-EVD-001;ERR-EVD-002;ERR-SUB-001;ERR-SUB-002 | FAIL if requirement MVP1-M04-053 is removed, weakened, hidden, replaced by mock behavior, implemented only visually without runtime behavior, loses validation/audit/permission semantics, or cannot rep",Runtime screenshot showing the completed behavior; Requirement-linked test result; Audit or activity evidence where the action changes state or data; Device/offline evidence when applicable; GPS/geofence or sync evidence where applicable,UI + API + E2E; add offline/device/location tests where applicable,"FAIL if requirement MVP1-M04-053 is removed, weakened, hidden, replaced by mock behavior, implemented only visually without runtime behavior, loses validation/audit/permission semantics, or cannot reproduce the accepted evidence after a later change."
AC-0167,MVP1-M04-054,Physical Inspection Execution,Inspector,"Factory Card, Visit Card",Expand or collapse Factory Card and Visit Card.,Context panel functions correctly.,"Provide quick access to Factory Card, Visit Card and map without leaving the confirmation screen.",Context panel remains available throughout execution.,STM-INS-001 | states: Start Allowed->In Progress->Ready for Validation,"ENG-12 immutable event: actor, time, object, before/after state, version refs (MVP1-FND-003)",EV-006;EV-003,"ERR-PKG-001;ERR-GEO-001;ERR-GEO-002;ERR-OFF-001;ERR-OFF-002;ERR-EVD-001;ERR-EVD-002;ERR-SUB-001;ERR-SUB-002 | FAIL if requirement MVP1-M04-054 is removed, weakened, hidden, replaced by mock behavior, implemented only visually without runtime behavior, loses validation/audit/permission semantics, or cannot rep",Runtime screenshot showing the completed behavior; Requirement-linked test result; Audit or activity evidence where the action changes state or data; Device/offline evidence when applicable; GPS/geofence or sync evidence where applicable,UI + API + E2E; add offline/device/location tests where applicable,"FAIL if requirement MVP1-M04-054 is removed, weakened, hidden, replaced by mock behavior, implemented only visually without runtime behavior, loses validation/audit/permission semantics, or cannot reproduce the accepted evidence after a later change."
AC-0168,MVP1-M04-055,Physical Inspection Execution,Inspector,"Workflow Engine, Execution Workspace",Click Proceed with Inspection.,Execution workspace opens successfully.,Change Workflow Status to In Progress. Change Operational State from Arrived to Executing. Create Inspection Session. Initialize Execution Workspace. Stop Journey Tracking. Start Inspection Timeline. Start Inspection SLA.,Inspection can only start after successful arrival confirmation.,STM-INS-001 | states: Start Allowed->In Progress->Ready for Validation,"ENG-12 immutable event: actor, time, object, before/after state, version refs (MVP1-FND-003)",EV-006;EV-003,"ERR-PKG-001;ERR-GEO-001;ERR-GEO-002;ERR-OFF-001;ERR-OFF-002;ERR-EVD-001;ERR-EVD-002;ERR-SUB-001;ERR-SUB-002 | FAIL if requirement MVP1-M04-055 is removed, weakened, hidden, replaced by mock behavior, implemented only visually without runtime behavior, loses validation/audit/permission semantics, or cannot rep",Runtime screenshot showing the completed behavior; Requirement-linked test result; Audit or activity evidence where the action changes state or data; Device/offline evidence when applicable; GPS/geofence or sync evidence where applicable,UI + API + E2E; add offline/device/location tests where applicable,"FAIL if requirement MVP1-M04-055 is removed, weakened, hidden, replaced by mock behavior, implemented only visually without runtime behavior, loses validation/audit/permission semantics, or cannot reproduce the accepted evidence after a later change."
AC-0169,MVP1-M04-056,Physical Inspection Execution,Inspector,Workflow Engine,Click Cancel Visit.,Cancellation process starts correctly.,Display cancellation form and stop transition to execution.,Cancellation is only allowed before inspection starts.,STM-INS-001 | states: Start Allowed->In Progress->Ready for Validation,"ENG-12 immutable event: actor, time, object, before/after state, version refs (MVP1-FND-003)",EV-006;EV-003,"ERR-PKG-001;ERR-GEO-001;ERR-GEO-002;ERR-OFF-001;ERR-OFF-002;ERR-EVD-001;ERR-EVD-002;ERR-SUB-001;ERR-SUB-002 | FAIL if requirement MVP1-M04-056 is removed, weakened, hidden, replaced by mock behavior, implemented only visually without runtime behavior, loses validation/audit/permission semantics, or cannot rep",Runtime screenshot showing the completed behavior; Requirement-linked test result; Audit or activity evidence where the action changes state or data; Device/offline evidence when applicable; GPS/geofence or sync evidence where applicable,UI + API + E2E; add offline/device/location tests where applicable,"FAIL if requirement MVP1-M04-056 is removed, weakened, hidden, replaced by mock behavior, implemented only visually without runtime behavior, loses validation/audit/permission semantics, or cannot reproduce the accepted evidence after a later change."
AC-0170,MVP1-M04-057,Physical Inspection Execution,Inspector,Lookup Management,Select reason and enter comments if required.,Cancellation cannot continue without mandatory information.,Load configurable cancellation reasons. Save selected reason and comments.,Cancellation reason is mandatory. Comments may be mandatory depending on selected reason.,STM-INS-001 | states: Start Allowed->In Progress->Ready for Validation,"ENG-12 immutable event: actor, time, object, before/after state, version refs (MVP1-FND-003)",EV-006;EV-003,"ERR-PKG-001;ERR-GEO-001;ERR-GEO-002;ERR-OFF-001;ERR-OFF-002;ERR-EVD-001;ERR-EVD-002;ERR-SUB-001;ERR-SUB-002 | FAIL if requirement MVP1-M04-057 is removed, weakened, hidden, replaced by mock behavior, implemented only visually without runtime behavior, loses validation/audit/permission semantics, or cannot rep",Runtime screenshot showing the completed behavior; Requirement-linked test result; Audit or activity evidence where the action changes state or data; Device/offline evidence when applicable; GPS/geofence or sync evidence where applicable,UI + API + E2E; add offline/device/location tests where applicable,"FAIL if requirement MVP1-M04-057 is removed, weakened, hidden, replaced by mock behavior, implemented only visually without runtime behavior, loses validation/audit/permission semantics, or cannot reproduce the accepted evidence after a later change."
AC-0171,MVP1-M04-058,Physical Inspection Execution,Inspector,Evidence Service,"Upload photo, video, document or comments.",Mandatory evidence is enforced correctly.,Store evidence and link it to the cancellation record.,Evidence requirements are configurable per cancellation reason.,(P08 evidence chain; ENG-07/ENG-08 governed) | states: Observation->Evidence Linked->Finding->Violation/Action,"ENG-12 immutable event: actor, time, object, before/after state, version refs (MVP1-FND-003)",EV-007;EV-003,"ERR-PKG-001;ERR-GEO-001;ERR-GEO-002;ERR-OFF-001;ERR-OFF-002;ERR-EVD-001;ERR-EVD-002;ERR-SUB-001;ERR-SUB-002 | FAIL if requirement MVP1-M04-058 is removed, weakened, hidden, replaced by mock behavior, implemented only visually without runtime behavior, loses validation/audit/permission semantics, or cannot rep",Runtime screenshot showing the completed behavior; Requirement-linked test result; Audit or activity evidence where the action changes state or data; Device/offline evidence when applicable; GPS/geofence or sync evidence where applicable,UI + API + E2E; add offline/device/location tests where applicable,"FAIL if requirement MVP1-M04-058 is removed, weakened, hidden, replaced by mock behavior, implemented only visually without runtime behavior, loses validation/audit/permission semantics, or cannot reproduce the accepted evidence after a later change."
AC-0172,MVP1-M04-059,Physical Inspection Execution,Inspector,Workflow Engine,None,Visit status updates correctly.,Update Workflow Status to Cancelled. Update Operational State to Cancelled. Close active journey. Stop SLA timers.,Cancelled visits cannot be resumed.,STM-INS-001 | states: Start Allowed->In Progress->Ready for Validation,"ENG-12 immutable event: actor, time, object, before/after state, version refs (MVP1-FND-003)",EV-006;EV-003,"ERR-PKG-001;ERR-GEO-001;ERR-GEO-002;ERR-OFF-001;ERR-OFF-002;ERR-EVD-001;ERR-EVD-002;ERR-SUB-001;ERR-SUB-002 | FAIL if requirement MVP1-M04-059 is removed, weakened, hidden, replaced by mock behavior, implemented only visually without runtime behavior, loses validation/audit/permission semantics, or cannot rep",Runtime screenshot showing the completed behavior; Requirement-linked test result; Audit or activity evidence where the action changes state or data; Device/offline evidence when applicable; GPS/geofence or sync evidence where applicable,UI + API + E2E; add offline/device/location tests where applicable,"FAIL if requirement MVP1-M04-059 is removed, weakened, hidden, replaced by mock behavior, implemented only visually without runtime behavior, loses validation/audit/permission semantics, or cannot reproduce the accepted evidence after a later change."
AC-0173,MVP1-M04-060,Physical Inspection Execution,"Inspector, Reviewer",Audit Service,None,Complete audit trail is generated.,"Log Factory Card viewed, Visit Card viewed, Proceed with Inspection, Cancel Visit, Cancellation Reason, Cancellation Evidence and Workflow Transition.",Every action shall be auditable.,STM-JRN-001;STM-JRN-002;STM-JRN-003 | states: Ready->On Journey->Arrived->Checked-In->Start Allowed,"ENG-12 immutable event: actor, time, object, before/after state, version refs (MVP1-FND-003)",EV-005;EV-003,"ERR-PKG-001;ERR-GEO-001;ERR-GEO-002;ERR-OFF-001;ERR-OFF-002;ERR-EVD-001;ERR-EVD-002;ERR-SUB-001;ERR-SUB-002 | FAIL if requirement MVP1-M04-060 is removed, weakened, hidden, replaced by mock behavior, implemented only visually without runtime behavior, loses validation/audit/permission semantics, or cannot rep",Runtime screenshot showing the completed behavior; Requirement-linked test result; Audit or activity evidence where the action changes state or data; Device/offline evidence when applicable; GPS/geofence or sync evidence where applicable,UI + API + E2E; add offline/device/location tests where applicable,"FAIL if requirement MVP1-M04-060 is removed, weakened, hidden, replaced by mock behavior, implemented only visually without runtime behavior, loses validation/audit/permission semantics, or cannot reproduce the accepted evidence after a later change."
AC-0174,MVP1-M04-061,Physical Inspection Execution,Inspector,"Workflow Engine, Audit, Execution Workspace",Retry or Return.,Errors are handled gracefully and no inconsistent workflow state exists.,"Handle workflow failures, inspection session creation failures, package initialization failures and cancellation failures without leaving the visit in an inconsistent state.",The visit shall never be partially transitioned between Journey and Execution. Recovery must always preserve data integrity.,STM-JRN-001;STM-JRN-002;STM-JRN-003 | states: Ready->On Journey->Arrived->Checked-In->Start Allowed,"ENG-12 immutable event: actor, time, object, before/after state, version refs (MVP1-FND-003)",EV-005;EV-003,"ERR-PKG-001;ERR-GEO-001;ERR-GEO-002;ERR-OFF-001;ERR-OFF-002;ERR-EVD-001;ERR-EVD-002;ERR-SUB-001;ERR-SUB-002 | FAIL if requirement MVP1-M04-061 is removed, weakened, hidden, replaced by mock behavior, implemented only visually without runtime behavior, loses validation/audit/permission semantics, or cannot rep",Runtime screenshot showing the completed behavior; Requirement-linked test result; Audit or activity evidence where the action changes state or data; Device/offline evidence when applicable; GPS/geofence or sync evidence where applicable,UI + API + E2E; add offline/device/location tests where applicable,"FAIL if requirement MVP1-M04-061 is removed, weakened, hidden, replaced by mock behavior, implemented only visually without runtime behavior, loses validation/audit/permission semantics, or cannot reproduce the accepted evidence after a later change."
AC-0175,MVP1-M04-062,Physical Inspection Execution,Inspector,Workflow Engine,Click Proceed with Inspection.,Inspection Session created successfully.,"Create a unique Inspection Session linked to the Visit, Factory, Inspector and Package Version.",Only one active inspection session may exist per visit.,STM-INS-001 | states: Start Allowed->In Progress->Ready for Validation,"ENG-12 immutable event: actor, time, object, before/after state, version refs (MVP1-FND-003)",EV-006;EV-003,"ERR-PKG-001;ERR-GEO-001;ERR-GEO-002;ERR-OFF-001;ERR-OFF-002;ERR-EVD-001;ERR-EVD-002;ERR-SUB-001;ERR-SUB-002 | FAIL if requirement MVP1-M04-062 is removed, weakened, hidden, replaced by mock behavior, implemented only visually without runtime behavior, loses validation/audit/permission semantics, or cannot rep",Runtime screenshot showing the completed behavior; Requirement-linked test result; Audit or activity evidence where the action changes state or data; Device/offline evidence when applicable; GPS/geofence or sync evidence where applicable,UI + API + E2E; add offline/device/location tests where applicable,"FAIL if requirement MVP1-M04-062 is removed, weakened, hidden, replaced by mock behavior, implemented only visually without runtime behavior, loses validation/audit/permission semantics, or cannot reproduce the accepted evidence after a later change."
AC-0176,MVP1-M04-063,Physical Inspection Execution,Inspector,Dynamic Form Engine,None,Package remains unchanged throughout execution.,"Lock the downloaded package including Factory Information, Report, Inspection Items, Configuration and Rules.",Planner changes after execution starts shall not affect the active inspection.,STM-INS-002;STM-SYNC-001;STM-SYNC-002 | states: Ready for Validation->Validated->Submitted->Locked,"ENG-12 immutable event: actor, time, object, before/after state, version refs (MVP1-FND-003)",EV-006;EV-007;EV-003,"ERR-PKG-001;ERR-GEO-001;ERR-GEO-002;ERR-OFF-001;ERR-OFF-002;ERR-EVD-001;ERR-EVD-002;ERR-SUB-001;ERR-SUB-002 | FAIL if requirement MVP1-M04-063 is removed, weakened, hidden, replaced by mock behavior, implemented only visually without runtime behavior, loses validation/audit/permission semantics, or cannot rep",Runtime screenshot showing the completed behavior; Requirement-linked test result; Audit or activity evidence where the action changes state or data; Device/offline evidence when applicable; GPS/geofence or sync evidence where applicable,UI + API + E2E; add offline/device/location tests where applicable,"FAIL if requirement MVP1-M04-063 is removed, weakened, hidden, replaced by mock behavior, implemented only visually without runtime behavior, loses validation/audit/permission semantics, or cannot reproduce the accepted evidence after a later change."
AC-0177,MVP1-M04-064,Physical Inspection Execution,Inspector,UI Framework,None,Workspace loads successfully.,Load the Execution Workspace and initialize all required components.,Workspace shall only open after successful initialization.,STM-INS-001 | states: Start Allowed->In Progress->Ready for Validation,"ENG-12 immutable event: actor, time, object, before/after state, version refs (MVP1-FND-003)",EV-006;EV-003,"ERR-PKG-001;ERR-GEO-001;ERR-GEO-002;ERR-OFF-001;ERR-OFF-002;ERR-EVD-001;ERR-EVD-002;ERR-SUB-001;ERR-SUB-002 | FAIL if requirement MVP1-M04-064 is removed, weakened, hidden, replaced by mock behavior, implemented only visually without runtime behavior, loses validation/audit/permission semantics, or cannot rep",Runtime screenshot showing the completed behavior; Requirement-linked test result; Audit or activity evidence where the action changes state or data; Device/offline evidence when applicable; GPS/geofence or sync evidence where applicable,UI + API + E2E; add offline/device/location tests where applicable,"FAIL if requirement MVP1-M04-064 is removed, weakened, hidden, replaced by mock behavior, implemented only visually without runtime behavior, loses validation/audit/permission semantics, or cannot reproduce the accepted evidence after a later change."
AC-0178,MVP1-M04-065,Physical Inspection Execution,Inspector,Dynamic Form Engine,None,Wizard initialized successfully.,"Create wizard instance, calculate available steps and initialize navigation.",Wizard sequence shall follow the configured inspection flow.,STM-INS-001 | states: Start Allowed->In Progress->Ready for Validation,"ENG-12 immutable event: actor, time, object, before/after state, version refs (MVP1-FND-003)",EV-006;EV-003,"ERR-PKG-001;ERR-GEO-001;ERR-GEO-002;ERR-OFF-001;ERR-OFF-002;ERR-EVD-001;ERR-EVD-002;ERR-SUB-001;ERR-SUB-002 | FAIL if requirement MVP1-M04-065 is removed, weakened, hidden, replaced by mock behavior, implemented only visually without runtime behavior, loses validation/audit/permission semantics, or cannot rep",Runtime screenshot showing the completed behavior; Requirement-linked test result; Audit or activity evidence where the action changes state or data; Device/offline evidence when applicable; GPS/geofence or sync evidence where applicable,UI + API + E2E; add offline/device/location tests where applicable,"FAIL if requirement MVP1-M04-065 is removed, weakened, hidden, replaced by mock behavior, implemented only visually without runtime behavior, loses validation/audit/permission semantics, or cannot reproduce the accepted evidence after a later change."
AC-0179,MVP1-M04-066,Physical Inspection Execution,Inspector,Dynamic Form Engine,None,Correct wizard sequence displayed.,"Load Factory Information, Inspection Report, Inspection Items, Action Forms and Review steps. Hide Action Forms if no forms are generated later.",Wizard steps are configuration-driven.,STM-INS-001 | states: Start Allowed->In Progress->Ready for Validation,"ENG-12 immutable event: actor, time, object, before/after state, version refs (MVP1-FND-003)",EV-006;EV-003,"ERR-PKG-001;ERR-GEO-001;ERR-GEO-002;ERR-OFF-001;ERR-OFF-002;ERR-EVD-001;ERR-EVD-002;ERR-SUB-001;ERR-SUB-002 | FAIL if requirement MVP1-M04-066 is removed, weakened, hidden, replaced by mock behavior, implemented only visually without runtime behavior, loses validation/audit/permission semantics, or cannot rep",Runtime screenshot showing the completed behavior; Requirement-linked test result; Audit or activity evidence where the action changes state or data; Device/offline evidence when applicable; GPS/geofence or sync evidence where applicable,UI + API + E2E; add offline/device/location tests where applicable,"FAIL if requirement MVP1-M04-066 is removed, weakened, hidden, replaced by mock behavior, implemented only visually without runtime behavior, loses validation/audit/permission semantics, or cannot reproduce the accepted evidence after a later change."
AC-0180,MVP1-M04-067,Physical Inspection Execution,Inspector,Progress Engine,None,Progress displayed correctly.,Calculate initial progress and display completion indicator.,Progress starts at 0% and updates automatically.,STM-INS-001 | states: Start Allowed->In Progress->Ready for Validation,"ENG-12 immutable event: actor, time, object, before/after state, version refs (MVP1-FND-003)",EV-006;EV-003,"ERR-PKG-001;ERR-GEO-001;ERR-GEO-002;ERR-OFF-001;ERR-OFF-002;ERR-EVD-001;ERR-EVD-002;ERR-SUB-001;ERR-SUB-002 | FAIL if requirement MVP1-M04-067 is removed, weakened, hidden, replaced by mock behavior, implemented only visually without runtime behavior, loses validation/audit/permission semantics, or cannot rep",Runtime screenshot showing the completed behavior; Requirement-linked test result; Audit or activity evidence where the action changes state or data; Device/offline evidence when applicable; GPS/geofence or sync evidence where applicable,UI + API + E2E; add offline/device/location tests where applicable,"FAIL if requirement MVP1-M04-067 is removed, weakened, hidden, replaced by mock behavior, implemented only visually without runtime behavior, loses validation/audit/permission semantics, or cannot reproduce the accepted evidence after a later change."
AC-0181,MVP1-M04-068,Physical Inspection Execution,Inspector,"Factory Card, Visit Card",Open/Collapse Context Panel.,Inspector can access context from any step.,Load Factory Card and Visit Card as a collapsible panel accessible from every wizard step.,Context panel remains available throughout execution.,STM-INS-001 | states: Start Allowed->In Progress->Ready for Validation,"ENG-12 immutable event: actor, time, object, before/after state, version refs (MVP1-FND-003)",EV-006;EV-003,"ERR-PKG-001;ERR-GEO-001;ERR-GEO-002;ERR-OFF-001;ERR-OFF-002;ERR-EVD-001;ERR-EVD-002;ERR-SUB-001;ERR-SUB-002 | FAIL if requirement MVP1-M04-068 is removed, weakened, hidden, replaced by mock behavior, implemented only visually without runtime behavior, loses validation/audit/permission semantics, or cannot rep",Runtime screenshot showing the completed behavior; Requirement-linked test result; Audit or activity evidence where the action changes state or data; Device/offline evidence when applicable; GPS/geofence or sync evidence where applicable,UI + API + E2E; add offline/device/location tests where applicable,"FAIL if requirement MVP1-M04-068 is removed, weakened, hidden, replaced by mock behavior, implemented only visually without runtime behavior, loses validation/audit/permission semantics, or cannot reproduce the accepted evidence after a later change."
AC-0182,MVP1-M04-069,Physical Inspection Execution,Inspector,Draft Service,Resume Draft.,Draft restored successfully.,"Restore the last completed wizard step, entered values, uploaded evidence and pending action forms.",Only the assigned inspector can resume the draft.,STM-INS-001 | states: Start Allowed->In Progress->Ready for Validation,"ENG-12 immutable event: actor, time, object, before/after state, version refs (MVP1-FND-003)",EV-006;EV-003,"ERR-PKG-001;ERR-GEO-001;ERR-GEO-002;ERR-OFF-001;ERR-OFF-002;ERR-EVD-001;ERR-EVD-002;ERR-SUB-001;ERR-SUB-002 | FAIL if requirement MVP1-M04-069 is removed, weakened, hidden, replaced by mock behavior, implemented only visually without runtime behavior, loses validation/audit/permission semantics, or cannot rep",Runtime screenshot showing the completed behavior; Requirement-linked test result; Audit or activity evidence where the action changes state or data; Device/offline evidence when applicable; GPS/geofence or sync evidence where applicable,UI + API + E2E; add offline/device/location tests where applicable,"FAIL if requirement MVP1-M04-069 is removed, weakened, hidden, replaced by mock behavior, implemented only visually without runtime behavior, loses validation/audit/permission semantics, or cannot reproduce the accepted evidence after a later change."
AC-0183,MVP1-M04-070,Physical Inspection Execution,Inspector,Draft Service,None,Inspection progress saved automatically.,Start automatic background save based on configurable interval and significant user actions.,Auto Save shall not interrupt the inspector.,STM-INS-001 | states: Start Allowed->In Progress->Ready for Validation,"ENG-12 immutable event: actor, time, object, before/after state, version refs (MVP1-FND-003)",EV-006;EV-003,"ERR-PKG-001;ERR-GEO-001;ERR-GEO-002;ERR-OFF-001;ERR-OFF-002;ERR-EVD-001;ERR-EVD-002;ERR-SUB-001;ERR-SUB-002 | FAIL if requirement MVP1-M04-070 is removed, weakened, hidden, replaced by mock behavior, implemented only visually without runtime behavior, loses validation/audit/permission semantics, or cannot rep",Runtime screenshot showing the completed behavior; Requirement-linked test result; Audit or activity evidence where the action changes state or data; Device/offline evidence when applicable; GPS/geofence or sync evidence where applicable,UI + API + E2E; add offline/device/location tests where applicable,"FAIL if requirement MVP1-M04-070 is removed, weakened, hidden, replaced by mock behavior, implemented only visually without runtime behavior, loses validation/audit/permission semantics, or cannot reproduce the accepted evidence after a later change."
AC-0184,MVP1-M04-071,Physical Inspection Execution,Inspector,Offline Synchronization,None,Offline execution initialized successfully.,Verify offline package availability and initialize local storage for execution data.,Inspector shall continue working without network connectivity.,STM-INS-001 | states: Start Allowed->In Progress->Ready for Validation,"ENG-12 immutable event: actor, time, object, before/after state, version refs (MVP1-FND-003)",EV-006;EV-003,"ERR-PKG-001;ERR-GEO-001;ERR-GEO-002;ERR-OFF-001;ERR-OFF-002;ERR-EVD-001;ERR-EVD-002;ERR-SUB-001;ERR-SUB-002 | FAIL if requirement MVP1-M04-071 is removed, weakened, hidden, replaced by mock behavior, implemented only visually without runtime behavior, loses validation/audit/permission semantics, or cannot rep",Runtime screenshot showing the completed behavior; Requirement-linked test result; Audit or activity evidence where the action changes state or data; Device/offline evidence when applicable; GPS/geofence or sync evidence where applicable,UI + API + E2E; add offline/device/location tests where applicable,"FAIL if requirement MVP1-M04-071 is removed, weakened, hidden, replaced by mock behavior, implemented only visually without runtime behavior, loses validation/audit/permission semantics, or cannot reproduce the accepted evidence after a later change."
AC-0185,MVP1-M04-072,Physical Inspection Execution,Inspector,Audit Service,None,Timeline initialized correctly.,Create inspection timeline starting with Execution Started.,Timeline continues until inspection submission.,STM-INS-001 | states: Start Allowed->In Progress->Ready for Validation,"ENG-12 immutable event: actor, time, object, before/after state, version refs (MVP1-FND-003)",EV-006;EV-003,"ERR-PKG-001;ERR-GEO-001;ERR-GEO-002;ERR-OFF-001;ERR-OFF-002;ERR-EVD-001;ERR-EVD-002;ERR-SUB-001;ERR-SUB-002 | FAIL if requirement MVP1-M04-072 is removed, weakened, hidden, replaced by mock behavior, implemented only visually without runtime behavior, loses validation/audit/permission semantics, or cannot rep",Runtime screenshot showing the completed behavior; Requirement-linked test result; Audit or activity evidence where the action changes state or data; Device/offline evidence when applicable; GPS/geofence or sync evidence where applicable,UI + API + E2E; add offline/device/location tests where applicable,"FAIL if requirement MVP1-M04-072 is removed, weakened, hidden, replaced by mock behavior, implemented only visually without runtime behavior, loses validation/audit/permission semantics, or cannot reproduce the accepted evidence after a later change."
AC-0186,MVP1-M04-073,Physical Inspection Execution,Inspector,SLA Engine,None,SLA timer started successfully.,Capture execution start time and start SLA timer.,"SLA starts when execution begins, not when journey starts.",STM-INS-001 | states: Start Allowed->In Progress->Ready for Validation,"ENG-12 immutable event: actor, time, object, before/after state, version refs (MVP1-FND-003)",EV-006;EV-003,"ERR-PKG-001;ERR-GEO-001;ERR-GEO-002;ERR-OFF-001;ERR-OFF-002;ERR-EVD-001;ERR-EVD-002;ERR-SUB-001;ERR-SUB-002 | FAIL if requirement MVP1-M04-073 is removed, weakened, hidden, replaced by mock behavior, implemented only visually without runtime behavior, loses validation/audit/permission semantics, or cannot rep",Runtime screenshot showing the completed behavior; Requirement-linked test result; Audit or activity evidence where the action changes state or data; Device/offline evidence when applicable; GPS/geofence or sync evidence where applicable,UI + API + E2E; add offline/device/location tests where applicable,"FAIL if requirement MVP1-M04-073 is removed, weakened, hidden, replaced by mock behavior, implemented only visually without runtime behavior, loses validation/audit/permission semantics, or cannot reproduce the accepted evidence after a later change."
AC-0187,MVP1-M04-074,Physical Inspection Execution,Inspector,Validation Engine,None,Workspace validation completed successfully.,"Validate package integrity, wizard configuration, mandatory forms and dependencies before allowing execution.",Inspection cannot continue if initialization fails.,STM-INS-001 | states: Start Allowed->In Progress->Ready for Validation,"ENG-12 immutable event: actor, time, object, before/after state, version refs (MVP1-FND-003)",EV-006;EV-003,"ERR-PKG-001;ERR-GEO-001;ERR-GEO-002;ERR-OFF-001;ERR-OFF-002;ERR-EVD-001;ERR-EVD-002;ERR-SUB-001;ERR-SUB-002 | FAIL if requirement MVP1-M04-074 is removed, weakened, hidden, replaced by mock behavior, implemented only visually without runtime behavior, loses validation/audit/permission semantics, or cannot rep",Runtime screenshot showing the completed behavior; Requirement-linked test result; Audit or activity evidence where the action changes state or data; Device/offline evidence when applicable; GPS/geofence or sync evidence where applicable,UI + API + E2E; add offline/device/location tests where applicable,"FAIL if requirement MVP1-M04-074 is removed, weakened, hidden, replaced by mock behavior, implemented only visually without runtime behavior, loses validation/audit/permission semantics, or cannot reproduce the accepted evidence after a later change."
AC-0188,MVP1-M04-075,Physical Inspection Execution,Inspector,"Workflow Engine, Dynamic Form Engine",Retry Initialization.,Execution either initializes completely or fails safely.,"Handle package loading failures, missing configurations, wizard initialization failures and dependency errors. Maintain session consistency.",Failed initialization shall never create a partial inspection session.,STM-INS-001 | states: Start Allowed->In Progress->Ready for Validation,"ENG-12 immutable event: actor, time, object, before/after state, version refs (MVP1-FND-003)",EV-006;EV-003,"ERR-PKG-001;ERR-GEO-001;ERR-GEO-002;ERR-OFF-001;ERR-OFF-002;ERR-EVD-001;ERR-EVD-002;ERR-SUB-001;ERR-SUB-002 | FAIL if requirement MVP1-M04-075 is removed, weakened, hidden, replaced by mock behavior, implemented only visually without runtime behavior, loses validation/audit/permission semantics, or cannot rep",Runtime screenshot showing the completed behavior; Requirement-linked test result; Audit or activity evidence where the action changes state or data; Device/offline evidence when applicable; GPS/geofence or sync evidence where applicable,UI + API + E2E; add offline/device/location tests where applicable,"FAIL if requirement MVP1-M04-075 is removed, weakened, hidden, replaced by mock behavior, implemented only visually without runtime behavior, loses validation/audit/permission semantics, or cannot reproduce the accepted evidence after a later change."
AC-0189,MVP1-M04-076,Physical Inspection Execution,Inspector,Dynamic Form Engine,None,Wizard displays the correct steps.,Load all configured wizard steps from the Dynamic Form Engine in the configured sequence.,Wizard sequence shall be configuration-driven.,STM-INS-001 | states: Start Allowed->In Progress->Ready for Validation,"ENG-12 immutable event: actor, time, object, before/after state, version refs (MVP1-FND-003)",EV-006;EV-003,"ERR-PKG-001;ERR-GEO-001;ERR-GEO-002;ERR-OFF-001;ERR-OFF-002;ERR-EVD-001;ERR-EVD-002;ERR-SUB-001;ERR-SUB-002 | FAIL if requirement MVP1-M04-076 is removed, weakened, hidden, replaced by mock behavior, implemented only visually without runtime behavior, loses validation/audit/permission semantics, or cannot rep",Runtime screenshot showing the completed behavior; Requirement-linked test result; Audit or activity evidence where the action changes state or data; Device/offline evidence when applicable; GPS/geofence or sync evidence where applicable,UI + API + E2E; add offline/device/location tests where applicable,"FAIL if requirement MVP1-M04-076 is removed, weakened, hidden, replaced by mock behavior, implemented only visually without runtime behavior, loses validation/audit/permission semantics, or cannot reproduce the accepted evidence after a later change."
AC-0190,MVP1-M04-077,Physical Inspection Execution,Inspector,UI Engine,View current step.,Active step is always visible.,Highlight current step and display step title and description.,Only one active step can exist at a time.,STM-INS-001 | states: Start Allowed->In Progress->Ready for Validation,"ENG-12 immutable event: actor, time, object, before/after state, version refs (MVP1-FND-003)",EV-006;EV-003,"ERR-PKG-001;ERR-GEO-001;ERR-GEO-002;ERR-OFF-001;ERR-OFF-002;ERR-EVD-001;ERR-EVD-002;ERR-SUB-001;ERR-SUB-002 | FAIL if requirement MVP1-M04-077 is removed, weakened, hidden, replaced by mock behavior, implemented only visually without runtime behavior, loses validation/audit/permission semantics, or cannot rep",Runtime screenshot showing the completed behavior; Requirement-linked test result; Audit or activity evidence where the action changes state or data; Device/offline evidence when applicable; GPS/geofence or sync evidence where applicable,UI + API + E2E; add offline/device/location tests where applicable,"FAIL if requirement MVP1-M04-077 is removed, weakened, hidden, replaced by mock behavior, implemented only visually without runtime behavior, loses validation/audit/permission semantics, or cannot reproduce the accepted evidence after a later change."
AC-0191,MVP1-M04-078,Physical Inspection Execution,Inspector,Validation Engine,Click Next.,User moves successfully to the next step.,Validate current step before moving to the next step.,Navigation only succeeds when validation passes.,STM-INS-001 | states: Start Allowed->In Progress->Ready for Validation,"ENG-12 immutable event: actor, time, object, before/after state, version refs (MVP1-FND-003)",EV-006;EV-003,"ERR-PKG-001;ERR-GEO-001;ERR-GEO-002;ERR-OFF-001;ERR-OFF-002;ERR-EVD-001;ERR-EVD-002;ERR-SUB-001;ERR-SUB-002 | FAIL if requirement MVP1-M04-078 is removed, weakened, hidden, replaced by mock behavior, implemented only visually without runtime behavior, loses validation/audit/permission semantics, or cannot rep",Runtime screenshot showing the completed behavior; Requirement-linked test result; Audit or activity evidence where the action changes state or data; Device/offline evidence when applicable; GPS/geofence or sync evidence where applicable,UI + API + E2E; add offline/device/location tests where applicable,"FAIL if requirement MVP1-M04-078 is removed, weakened, hidden, replaced by mock behavior, implemented only visually without runtime behavior, loses validation/audit/permission semantics, or cannot reproduce the accepted evidence after a later change."
AC-0192,MVP1-M04-079,Physical Inspection Execution,Inspector,Draft Service,Click Previous.,Previous step loads correctly.,Load previously entered data without data loss.,Previously entered data shall remain unchanged.,STM-INS-001 | states: Start Allowed->In Progress->Ready for Validation,"ENG-12 immutable event: actor, time, object, before/after state, version refs (MVP1-FND-003)",EV-006;EV-003,"ERR-PKG-001;ERR-GEO-001;ERR-GEO-002;ERR-OFF-001;ERR-OFF-002;ERR-EVD-001;ERR-EVD-002;ERR-SUB-001;ERR-SUB-002 | FAIL if requirement MVP1-M04-079 is removed, weakened, hidden, replaced by mock behavior, implemented only visually without runtime behavior, loses validation/audit/permission semantics, or cannot rep",Runtime screenshot showing the completed behavior; Requirement-linked test result; Audit or activity evidence where the action changes state or data; Device/offline evidence when applicable; GPS/geofence or sync evidence where applicable,UI + API + E2E; add offline/device/location tests where applicable,"FAIL if requirement MVP1-M04-079 is removed, weakened, hidden, replaced by mock behavior, implemented only visually without runtime behavior, loses validation/audit/permission semantics, or cannot reproduce the accepted evidence after a later change."
AC-0193,MVP1-M04-080,Physical Inspection Execution,Inspector,Progress Engine,None,Progress reflects actual completion.,"Calculate completion based on Factory Information, Report, Inspection Items, Action Forms and Review.",Progress updates immediately after completing each section.,STM-INS-001 | states: Start Allowed->In Progress->Ready for Validation,"ENG-12 immutable event: actor, time, object, before/after state, version refs (MVP1-FND-003)",EV-006;EV-003,"ERR-PKG-001;ERR-GEO-001;ERR-GEO-002;ERR-OFF-001;ERR-OFF-002;ERR-EVD-001;ERR-EVD-002;ERR-SUB-001;ERR-SUB-002 | FAIL if requirement MVP1-M04-080 is removed, weakened, hidden, replaced by mock behavior, implemented only visually without runtime behavior, loses validation/audit/permission semantics, or cannot rep",Runtime screenshot showing the completed behavior; Requirement-linked test result; Audit or activity evidence where the action changes state or data; Device/offline evidence when applicable; GPS/geofence or sync evidence where applicable,UI + API + E2E; add offline/device/location tests where applicable,"FAIL if requirement MVP1-M04-080 is removed, weakened, hidden, replaced by mock behavior, implemented only visually without runtime behavior, loses validation/audit/permission semantics, or cannot reproduce the accepted evidence after a later change."
AC-0194,MVP1-M04-081,Physical Inspection Execution,Inspector,UI Engine,View progress.,Progress indicator updates continuously.,"Display percentage, completed steps and remaining steps.",Progress is informational only.,STM-INS-001 | states: Start Allowed->In Progress->Ready for Validation,"ENG-12 immutable event: actor, time, object, before/after state, version refs (MVP1-FND-003)",EV-006;EV-003,"ERR-PKG-001;ERR-GEO-001;ERR-GEO-002;ERR-OFF-001;ERR-OFF-002;ERR-EVD-001;ERR-EVD-002;ERR-SUB-001;ERR-SUB-002 | FAIL if requirement MVP1-M04-081 is removed, weakened, hidden, replaced by mock behavior, implemented only visually without runtime behavior, loses validation/audit/permission semantics, or cannot rep",Runtime screenshot showing the completed behavior; Requirement-linked test result; Audit or activity evidence where the action changes state or data; Device/offline evidence when applicable; GPS/geofence or sync evidence where applicable,UI + API + E2E; add offline/device/location tests where applicable,"FAIL if requirement MVP1-M04-081 is removed, weakened, hidden, replaced by mock behavior, implemented only visually without runtime behavior, loses validation/audit/permission semantics, or cannot reproduce the accepted evidence after a later change."
AC-0195,MVP1-M04-082,Physical Inspection Execution,Inspector,Validation Engine,Complete required fields.,Completed steps are clearly identified.,Evaluate completion rules and mark the step as completed.,A step is complete only when mandatory requirements are satisfied.,STM-INS-001 | states: Start Allowed->In Progress->Ready for Validation,"ENG-12 immutable event: actor, time, object, before/after state, version refs (MVP1-FND-003)",EV-006;EV-003,"ERR-PKG-001;ERR-GEO-001;ERR-GEO-002;ERR-OFF-001;ERR-OFF-002;ERR-EVD-001;ERR-EVD-002;ERR-SUB-001;ERR-SUB-002 | FAIL if requirement MVP1-M04-082 is removed, weakened, hidden, replaced by mock behavior, implemented only visually without runtime behavior, loses validation/audit/permission semantics, or cannot rep",Runtime screenshot showing the completed behavior; Requirement-linked test result; Audit or activity evidence where the action changes state or data; Device/offline evidence when applicable; GPS/geofence or sync evidence where applicable,UI + API + E2E; add offline/device/location tests where applicable,"FAIL if requirement MVP1-M04-082 is removed, weakened, hidden, replaced by mock behavior, implemented only visually without runtime behavior, loses validation/audit/permission semantics, or cannot reproduce the accepted evidence after a later change."
AC-0196,MVP1-M04-083,Physical Inspection Execution,Inspector,Validation Engine,Click Next.,User receives validation message.,"Validate mandatory fields, mandatory evidence and mandatory forms.",Navigation shall be blocked when validation fails.,STM-INS-001 | states: Start Allowed->In Progress->Ready for Validation,"ENG-12 immutable event: actor, time, object, before/after state, version refs (MVP1-FND-003)",EV-006;EV-003,"ERR-PKG-001;ERR-GEO-001;ERR-GEO-002;ERR-OFF-001;ERR-OFF-002;ERR-EVD-001;ERR-EVD-002;ERR-SUB-001;ERR-SUB-002 | FAIL if requirement MVP1-M04-083 is removed, weakened, hidden, replaced by mock behavior, implemented only visually without runtime behavior, loses validation/audit/permission semantics, or cannot rep",Runtime screenshot showing the completed behavior; Requirement-linked test result; Audit or activity evidence where the action changes state or data; Device/offline evidence when applicable; GPS/geofence or sync evidence where applicable,UI + API + E2E; add offline/device/location tests where applicable,"FAIL if requirement MVP1-M04-083 is removed, weakened, hidden, replaced by mock behavior, implemented only visually without runtime behavior, loses validation/audit/permission semantics, or cannot reproduce the accepted evidence after a later change."
AC-0197,MVP1-M04-084,Physical Inspection Execution,Inspector,Rule Engine,None,Wizard hides unnecessary steps.,Automatically remove Action Forms step if no forms are generated.,Action Forms step appears only when required.,(P08 evidence chain; ENG-07/ENG-08 governed) | states: Observation->Evidence Linked->Finding->Violation/Action,"ENG-12 immutable event: actor, time, object, before/after state, version refs (MVP1-FND-003)",EV-007;EV-003,"ERR-PKG-001;ERR-GEO-001;ERR-GEO-002;ERR-OFF-001;ERR-OFF-002;ERR-EVD-001;ERR-EVD-002;ERR-SUB-001;ERR-SUB-002 | FAIL if requirement MVP1-M04-084 is removed, weakened, hidden, replaced by mock behavior, implemented only visually without runtime behavior, loses validation/audit/permission semantics, or cannot rep",Runtime screenshot showing the completed behavior; Requirement-linked test result; Audit or activity evidence where the action changes state or data; Device/offline evidence when applicable; GPS/geofence or sync evidence where applicable,UI + API + E2E; add offline/device/location tests where applicable,"FAIL if requirement MVP1-M04-084 is removed, weakened, hidden, replaced by mock behavior, implemented only visually without runtime behavior, loses validation/audit/permission semantics, or cannot reproduce the accepted evidence after a later change."
AC-0198,MVP1-M04-085,Physical Inspection Execution,Inspector,Observation Engine,View change summary.,Change counter always reflects actual changes.,"Count Factory Information updates, Inspection Item updates and generated Action Forms.",Counter updates immediately after every modification.,STM-INS-001 | states: Start Allowed->In Progress->Ready for Validation,"ENG-12 immutable event: actor, time, object, before/after state, version refs (MVP1-FND-003)",EV-006;EV-003,"ERR-PKG-001;ERR-GEO-001;ERR-GEO-002;ERR-OFF-001;ERR-OFF-002;ERR-EVD-001;ERR-EVD-002;ERR-SUB-001;ERR-SUB-002 | FAIL if requirement MVP1-M04-085 is removed, weakened, hidden, replaced by mock behavior, implemented only visually without runtime behavior, loses validation/audit/permission semantics, or cannot rep",Runtime screenshot showing the completed behavior; Requirement-linked test result; Audit or activity evidence where the action changes state or data; Device/offline evidence when applicable; GPS/geofence or sync evidence where applicable,UI + API + E2E; add offline/device/location tests where applicable,"FAIL if requirement MVP1-M04-085 is removed, weakened, hidden, replaced by mock behavior, implemented only visually without runtime behavior, loses validation/audit/permission semantics, or cannot reproduce the accepted evidence after a later change."
AC-0199,MVP1-M04-086,Physical Inspection Execution,Inspector,Draft Service,None,Wizard restores correctly after interruption.,"Preserve active step, entered data and navigation history.","State shall survive refresh, reconnect and resume.",STM-INS-001 | states: Start Allowed->In Progress->Ready for Validation,"ENG-12 immutable event: actor, time, object, before/after state, version refs (MVP1-FND-003)",EV-006;EV-003,"ERR-PKG-001;ERR-GEO-001;ERR-GEO-002;ERR-OFF-001;ERR-OFF-002;ERR-EVD-001;ERR-EVD-002;ERR-SUB-001;ERR-SUB-002 | FAIL if requirement MVP1-M04-086 is removed, weakened, hidden, replaced by mock behavior, implemented only visually without runtime behavior, loses validation/audit/permission semantics, or cannot rep",Runtime screenshot showing the completed behavior; Requirement-linked test result; Audit or activity evidence where the action changes state or data; Device/offline evidence when applicable; GPS/geofence or sync evidence where applicable,UI + API + E2E; add offline/device/location tests where applicable,"FAIL if requirement MVP1-M04-086 is removed, weakened, hidden, replaced by mock behavior, implemented only visually without runtime behavior, loses validation/audit/permission semantics, or cannot reproduce the accepted evidence after a later change."
AC-0200,MVP1-M04-087,Physical Inspection Execution,Inspector,Draft Service,None,No entered data is lost.,"Save progress automatically after configurable intervals and significant actions (field updates, evidence uploads, navigation, action form completion).",Auto Save shall run silently in the background.,STM-INS-001 | states: Start Allowed->In Progress->Ready for Validation,"ENG-12 immutable event: actor, time, object, before/after state, version refs (MVP1-FND-003)",EV-006;EV-003,"ERR-PKG-001;ERR-GEO-001;ERR-GEO-002;ERR-OFF-001;ERR-OFF-002;ERR-EVD-001;ERR-EVD-002;ERR-SUB-001;ERR-SUB-002 | FAIL if requirement MVP1-M04-087 is removed, weakened, hidden, replaced by mock behavior, implemented only visually without runtime behavior, loses validation/audit/permission semantics, or cannot rep",Runtime screenshot showing the completed behavior; Requirement-linked test result; Audit or activity evidence where the action changes state or data; Device/offline evidence when applicable; GPS/geofence or sync evidence where applicable,UI + API + E2E; add offline/device/location tests where applicable,"FAIL if requirement MVP1-M04-087 is removed, weakened, hidden, replaced by mock behavior, implemented only visually without runtime behavior, loses validation/audit/permission semantics, or cannot reproduce the accepted evidence after a later change."
AC-0201,MVP1-M04-088,Physical Inspection Execution,Inspector,Draft Service,Click Save Draft.,Draft restored exactly as saved.,"Save current wizard state, values, evidence, generated forms and navigation position.",Draft remains editable by the assigned inspector only.,STM-INS-001 | states: Start Allowed->In Progress->Ready for Validation,"ENG-12 immutable event: actor, time, object, before/after state, version refs (MVP1-FND-003)",EV-006;EV-003,"ERR-PKG-001;ERR-GEO-001;ERR-GEO-002;ERR-OFF-001;ERR-OFF-002;ERR-EVD-001;ERR-EVD-002;ERR-SUB-001;ERR-SUB-002 | FAIL if requirement MVP1-M04-088 is removed, weakened, hidden, replaced by mock behavior, implemented only visually without runtime behavior, loses validation/audit/permission semantics, or cannot rep",Runtime screenshot showing the completed behavior; Requirement-linked test result; Audit or activity evidence where the action changes state or data; Device/offline evidence when applicable; GPS/geofence or sync evidence where applicable,UI + API + E2E; add offline/device/location tests where applicable,"FAIL if requirement MVP1-M04-088 is removed, weakened, hidden, replaced by mock behavior, implemented only visually without runtime behavior, loses validation/audit/permission semantics, or cannot reproduce the accepted evidence after a later change."
AC-0202,MVP1-M04-089,Physical Inspection Execution,Inspector,Draft Service,Resume Draft.,Draft resumes successfully.,Open the wizard on the last active step with all saved data restored.,Resume shall not restart the wizard from Step 1.,STM-INS-001 | states: Start Allowed->In Progress->Ready for Validation,"ENG-12 immutable event: actor, time, object, before/after state, version refs (MVP1-FND-003)",EV-006;EV-003,"ERR-PKG-001;ERR-GEO-001;ERR-GEO-002;ERR-OFF-001;ERR-OFF-002;ERR-EVD-001;ERR-EVD-002;ERR-SUB-001;ERR-SUB-002 | FAIL if requirement MVP1-M04-089 is removed, weakened, hidden, replaced by mock behavior, implemented only visually without runtime behavior, loses validation/audit/permission semantics, or cannot rep",Runtime screenshot showing the completed behavior; Requirement-linked test result; Audit or activity evidence where the action changes state or data; Device/offline evidence when applicable; GPS/geofence or sync evidence where applicable,UI + API + E2E; add offline/device/location tests where applicable,"FAIL if requirement MVP1-M04-089 is removed, weakened, hidden, replaced by mock behavior, implemented only visually without runtime behavior, loses validation/audit/permission semantics, or cannot reproduce the accepted evidence after a later change."
AC-0203,MVP1-M04-090,Physical Inspection Execution,Inspector,Validation Engine,View validation summary.,Inspector can quickly identify missing information.,Display grouped validation messages by wizard step.,Validation summary shall identify the affected step.,STM-INS-001 | states: Start Allowed->In Progress->Ready for Validation,"ENG-12 immutable event: actor, time, object, before/after state, version refs (MVP1-FND-003)",EV-006;EV-003,"ERR-PKG-001;ERR-GEO-001;ERR-GEO-002;ERR-OFF-001;ERR-OFF-002;ERR-EVD-001;ERR-EVD-002;ERR-SUB-001;ERR-SUB-002 | FAIL if requirement MVP1-M04-090 is removed, weakened, hidden, replaced by mock behavior, implemented only visually without runtime behavior, loses validation/audit/permission semantics, or cannot rep",Runtime screenshot showing the completed behavior; Requirement-linked test result; Audit or activity evidence where the action changes state or data; Device/offline evidence when applicable; GPS/geofence or sync evidence where applicable,UI + API + E2E; add offline/device/location tests where applicable,"FAIL if requirement MVP1-M04-090 is removed, weakened, hidden, replaced by mock behavior, implemented only visually without runtime behavior, loses validation/audit/permission semantics, or cannot reproduce the accepted evidence after a later change."
AC-0204,MVP1-M04-091,Physical Inspection Execution,Inspector,Navigation Engine,Click validation message.,Inspector reaches the correct field immediately.,Navigate directly to the corresponding wizard step and highlight the missing field.,Jump-to-Missing is available only for unresolved validations.,STM-INS-001 | states: Start Allowed->In Progress->Ready for Validation,"ENG-12 immutable event: actor, time, object, before/after state, version refs (MVP1-FND-003)",EV-006;EV-003,"ERR-PKG-001;ERR-GEO-001;ERR-GEO-002;ERR-OFF-001;ERR-OFF-002;ERR-EVD-001;ERR-EVD-002;ERR-SUB-001;ERR-SUB-002 | FAIL if requirement MVP1-M04-091 is removed, weakened, hidden, replaced by mock behavior, implemented only visually without runtime behavior, loses validation/audit/permission semantics, or cannot rep",Runtime screenshot showing the completed behavior; Requirement-linked test result; Audit or activity evidence where the action changes state or data; Device/offline evidence when applicable; GPS/geofence or sync evidence where applicable,UI + API + E2E; add offline/device/location tests where applicable,"FAIL if requirement MVP1-M04-091 is removed, weakened, hidden, replaced by mock behavior, implemented only visually without runtime behavior, loses validation/audit/permission semantics, or cannot reproduce the accepted evidence after a later change."
AC-0205,MVP1-M04-092,Physical Inspection Execution,Inspector,Workflow Engine,View inspection.,Inspector cannot edit after submission.,Disable wizard navigation and editing after successful submission.,Submitted inspections become permanently read-only.,STM-INS-002;STM-SYNC-001;STM-SYNC-002 | states: Ready for Validation->Validated->Submitted->Locked,"ENG-12 immutable event: actor, time, object, before/after state, version refs (MVP1-FND-003)",EV-006;EV-007;EV-003,"ERR-PKG-001;ERR-GEO-001;ERR-GEO-002;ERR-OFF-001;ERR-OFF-002;ERR-EVD-001;ERR-EVD-002;ERR-SUB-001;ERR-SUB-002 | FAIL if requirement MVP1-M04-092 is removed, weakened, hidden, replaced by mock behavior, implemented only visually without runtime behavior, loses validation/audit/permission semantics, or cannot rep",Runtime screenshot showing the completed behavior; Requirement-linked test result; Audit or activity evidence where the action changes state or data; Device/offline evidence when applicable; GPS/geofence or sync evidence where applicable,UI + API + E2E; add offline/device/location tests where applicable,"FAIL if requirement MVP1-M04-092 is removed, weakened, hidden, replaced by mock behavior, implemented only visually without runtime behavior, loses validation/audit/permission semantics, or cannot reproduce the accepted evidence after a later change."
AC-0206,MVP1-M04-093,Physical Inspection Execution,"Inspector, Reviewer",Audit Service,None,Complete wizard audit history is available.,"Log step changes, draft saves, resumes, validation failures, navigation events and completion events.",Every wizard interaction shall be auditable.,STM-INS-001 | states: Start Allowed->In Progress->Ready for Validation,"ENG-12 immutable event: actor, time, object, before/after state, version refs (MVP1-FND-003)",EV-006;EV-003,"ERR-PKG-001;ERR-GEO-001;ERR-GEO-002;ERR-OFF-001;ERR-OFF-002;ERR-EVD-001;ERR-EVD-002;ERR-SUB-001;ERR-SUB-002 | FAIL if requirement MVP1-M04-093 is removed, weakened, hidden, replaced by mock behavior, implemented only visually without runtime behavior, loses validation/audit/permission semantics, or cannot rep",Runtime screenshot showing the completed behavior; Requirement-linked test result; Audit or activity evidence where the action changes state or data; Device/offline evidence when applicable; GPS/geofence or sync evidence where applicable,UI + API + E2E; add offline/device/location tests where applicable,"FAIL if requirement MVP1-M04-093 is removed, weakened, hidden, replaced by mock behavior, implemented only visually without runtime behavior, loses validation/audit/permission semantics, or cannot reproduce the accepted evidence after a later change."
AC-0207,MVP1-M04-094,Physical Inspection Execution,Inspector,"Validation Engine, Draft Service",Retry navigation.,Wizard remains recoverable after unexpected failures.,"Handle navigation failures, validation failures, draft failures and restore failures without data loss.",Navigation failures shall never corrupt the inspection session.,STM-INS-001 | states: Start Allowed->In Progress->Ready for Validation,"ENG-12 immutable event: actor, time, object, before/after state, version refs (MVP1-FND-003)",EV-006;EV-003,"ERR-PKG-001;ERR-GEO-001;ERR-GEO-002;ERR-OFF-001;ERR-OFF-002;ERR-EVD-001;ERR-EVD-002;ERR-SUB-001;ERR-SUB-002 | FAIL if requirement MVP1-M04-094 is removed, weakened, hidden, replaced by mock behavior, implemented only visually without runtime behavior, loses validation/audit/permission semantics, or cannot rep",Runtime screenshot showing the completed behavior; Requirement-linked test result; Audit or activity evidence where the action changes state or data; Device/offline evidence when applicable; GPS/geofence or sync evidence where applicable,UI + API + E2E; add offline/device/location tests where applicable,"FAIL if requirement MVP1-M04-094 is removed, weakened, hidden, replaced by mock behavior, implemented only visually without runtime behavior, loses validation/audit/permission semantics, or cannot reproduce the accepted evidence after a later change."
AC-0208,MVP1-M04-095,Physical Inspection Execution,Inspector,Senaei Integration,Open Factory Information.,Factory information loads successfully.,Load latest approved factory profile from Senaei.,Only synchronized Senaei data shall be displayed.,STM-INS-001 | states: Start Allowed->In Progress->Ready for Validation,"ENG-12 immutable event: actor, time, object, before/after state, version refs (MVP1-FND-003)",EV-006;EV-003,"ERR-PKG-001;ERR-GEO-001;ERR-GEO-002;ERR-OFF-001;ERR-OFF-002;ERR-EVD-001;ERR-EVD-002;ERR-SUB-001;ERR-SUB-002 | FAIL if requirement MVP1-M04-095 is removed, weakened, hidden, replaced by mock behavior, implemented only visually without runtime behavior, loses validation/audit/permission semantics, or cannot rep",Runtime screenshot showing the completed behavior; Requirement-linked test result; Audit or activity evidence where the action changes state or data; Device/offline evidence when applicable; GPS/geofence or sync evidence where applicable,UI + API + E2E; add offline/device/location tests where applicable,"FAIL if requirement MVP1-M04-095 is removed, weakened, hidden, replaced by mock behavior, implemented only visually without runtime behavior, loses validation/audit/permission semantics, or cannot reproduce the accepted evidence after a later change."
AC-0209,MVP1-M04-096,Physical Inspection Execution,Inspector,Senaei,Review information.,License information displayed correctly.,"Load License Number, Status, Stage, Issue Date, Expiry Date, License Activity and License Holder.",License information is read-only.,STM-INS-001 | states: Start Allowed->In Progress->Ready for Validation,"ENG-12 immutable event: actor, time, object, before/after state, version refs (MVP1-FND-003)",EV-006;EV-003,"ERR-PKG-001;ERR-GEO-001;ERR-GEO-002;ERR-OFF-001;ERR-OFF-002;ERR-EVD-001;ERR-EVD-002;ERR-SUB-001;ERR-SUB-002 | FAIL if requirement MVP1-M04-096 is removed, weakened, hidden, replaced by mock behavior, implemented only visually without runtime behavior, loses validation/audit/permission semantics, or cannot rep",Runtime screenshot showing the completed behavior; Requirement-linked test result; Audit or activity evidence where the action changes state or data; Device/offline evidence when applicable; GPS/geofence or sync evidence where applicable,UI + API + E2E; add offline/device/location tests where applicable,"FAIL if requirement MVP1-M04-096 is removed, weakened, hidden, replaced by mock behavior, implemented only visually without runtime behavior, loses validation/audit/permission semantics, or cannot reproduce the accepted evidence after a later change."
AC-0210,MVP1-M04-097,Physical Inspection Execution,Inspector,Senaei,Review information.,Factory profile displayed correctly.,"Display Factory Name, CR Number, Factory Status, Activity, Region, City and Address.",Data originates from Senaei only.,STM-INS-001 | states: Start Allowed->In Progress->Ready for Validation,"ENG-12 immutable event: actor, time, object, before/after state, version refs (MVP1-FND-003)",EV-006;EV-003,"ERR-PKG-001;ERR-GEO-001;ERR-GEO-002;ERR-OFF-001;ERR-OFF-002;ERR-EVD-001;ERR-EVD-002;ERR-SUB-001;ERR-SUB-002 | FAIL if requirement MVP1-M04-097 is removed, weakened, hidden, replaced by mock behavior, implemented only visually without runtime behavior, loses validation/audit/permission semantics, or cannot rep",Runtime screenshot showing the completed behavior; Requirement-linked test result; Audit or activity evidence where the action changes state or data; Device/offline evidence when applicable; GPS/geofence or sync evidence where applicable,UI + API + E2E; add offline/device/location tests where applicable,"FAIL if requirement MVP1-M04-097 is removed, weakened, hidden, replaced by mock behavior, implemented only visually without runtime behavior, loses validation/audit/permission semantics, or cannot reproduce the accepted evidence after a later change."
AC-0211,MVP1-M04-098,Physical Inspection Execution,Inspector,Senaei,Review products.,Products displayed successfully.,Load all registered products with HS Codes and production details.,Products are loaded from the license package.,STM-INS-001 | states: Start Allowed->In Progress->Ready for Validation,"ENG-12 immutable event: actor, time, object, before/after state, version refs (MVP1-FND-003)",EV-006;EV-003,"ERR-PKG-001;ERR-GEO-001;ERR-GEO-002;ERR-OFF-001;ERR-OFF-002;ERR-EVD-001;ERR-EVD-002;ERR-SUB-001;ERR-SUB-002 | FAIL if requirement MVP1-M04-098 is removed, weakened, hidden, replaced by mock behavior, implemented only visually without runtime behavior, loses validation/audit/permission semantics, or cannot rep",Runtime screenshot showing the completed behavior; Requirement-linked test result; Audit or activity evidence where the action changes state or data; Device/offline evidence when applicable; GPS/geofence or sync evidence where applicable,UI + API + E2E; add offline/device/location tests where applicable,"FAIL if requirement MVP1-M04-098 is removed, weakened, hidden, replaced by mock behavior, implemented only visually without runtime behavior, loses validation/audit/permission semantics, or cannot reproduce the accepted evidence after a later change."
AC-0212,MVP1-M04-099,Physical Inspection Execution,Inspector,Senaei,Review raw materials.,Raw materials displayed correctly.,Load all synchronized raw materials.,Read-only until observation is recorded.,STM-INS-001 | states: Start Allowed->In Progress->Ready for Validation,"ENG-12 immutable event: actor, time, object, before/after state, version refs (MVP1-FND-003)",EV-006;EV-003,"ERR-PKG-001;ERR-GEO-001;ERR-GEO-002;ERR-OFF-001;ERR-OFF-002;ERR-EVD-001;ERR-EVD-002;ERR-SUB-001;ERR-SUB-002 | FAIL if requirement MVP1-M04-099 is removed, weakened, hidden, replaced by mock behavior, implemented only visually without runtime behavior, loses validation/audit/permission semantics, or cannot rep",Runtime screenshot showing the completed behavior; Requirement-linked test result; Audit or activity evidence where the action changes state or data; Device/offline evidence when applicable; GPS/geofence or sync evidence where applicable,UI + API + E2E; add offline/device/location tests where applicable,"FAIL if requirement MVP1-M04-099 is removed, weakened, hidden, replaced by mock behavior, implemented only visually without runtime behavior, loses validation/audit/permission semantics, or cannot reproduce the accepted evidence after a later change."
AC-0213,MVP1-M04-100,Physical Inspection Execution,Inspector,Senaei,Review employee numbers.,Employee information displayed correctly.,Load employee statistics from Senaei.,Source values remain unchanged during inspection.,STM-INS-001 | states: Start Allowed->In Progress->Ready for Validation,"ENG-12 immutable event: actor, time, object, before/after state, version refs (MVP1-FND-003)",EV-006;EV-003,"ERR-PKG-001;ERR-GEO-001;ERR-GEO-002;ERR-OFF-001;ERR-OFF-002;ERR-EVD-001;ERR-EVD-002;ERR-SUB-001;ERR-SUB-002 | FAIL if requirement MVP1-M04-100 is removed, weakened, hidden, replaced by mock behavior, implemented only visually without runtime behavior, loses validation/audit/permission semantics, or cannot rep",Runtime screenshot showing the completed behavior; Requirement-linked test result; Audit or activity evidence where the action changes state or data; Device/offline evidence when applicable; GPS/geofence or sync evidence where applicable,UI + API + E2E; add offline/device/location tests where applicable,"FAIL if requirement MVP1-M04-100 is removed, weakened, hidden, replaced by mock behavior, implemented only visually without runtime behavior, loses validation/audit/permission semantics, or cannot reproduce the accepted evidence after a later change."
AC-0214,MVP1-M04-101,Physical Inspection Execution,Inspector,Senaei,Review investment.,Investment information displayed correctly.,"Display investment size, production capacity and configured industrial indicators.",Read-only source information.,STM-INS-001 | states: Start Allowed->In Progress->Ready for Validation,"ENG-12 immutable event: actor, time, object, before/after state, version refs (MVP1-FND-003)",EV-006;EV-003,"ERR-PKG-001;ERR-GEO-001;ERR-GEO-002;ERR-OFF-001;ERR-OFF-002;ERR-EVD-001;ERR-EVD-002;ERR-SUB-001;ERR-SUB-002 | FAIL if requirement MVP1-M04-101 is removed, weakened, hidden, replaced by mock behavior, implemented only visually without runtime behavior, loses validation/audit/permission semantics, or cannot rep",Runtime screenshot showing the completed behavior; Requirement-linked test result; Audit or activity evidence where the action changes state or data; Device/offline evidence when applicable; GPS/geofence or sync evidence where applicable,UI + API + E2E; add offline/device/location tests where applicable,"FAIL if requirement MVP1-M04-101 is removed, weakened, hidden, replaced by mock behavior, implemented only visually without runtime behavior, loses validation/audit/permission semantics, or cannot reproduce the accepted evidence after a later change."
AC-0215,MVP1-M04-102,Physical Inspection Execution,Inspector,UI Engine,Review value.,Source values clearly identified.,Display every attribute as Source Value (Senaei).,Source values cannot be edited directly.,STM-INS-001 | states: Start Allowed->In Progress->Ready for Validation,"ENG-12 immutable event: actor, time, object, before/after state, version refs (MVP1-FND-003)",EV-006;EV-003,"ERR-PKG-001;ERR-GEO-001;ERR-GEO-002;ERR-OFF-001;ERR-OFF-002;ERR-EVD-001;ERR-EVD-002;ERR-SUB-001;ERR-SUB-002 | FAIL if requirement MVP1-M04-102 is removed, weakened, hidden, replaced by mock behavior, implemented only visually without runtime behavior, loses validation/audit/permission semantics, or cannot rep",Runtime screenshot showing the completed behavior; Requirement-linked test result; Audit or activity evidence where the action changes state or data; Device/offline evidence when applicable; GPS/geofence or sync evidence where applicable,UI + API + E2E; add offline/device/location tests where applicable,"FAIL if requirement MVP1-M04-102 is removed, weakened, hidden, replaced by mock behavior, implemented only visually without runtime behavior, loses validation/audit/permission semantics, or cannot reproduce the accepted evidence after a later change."
AC-0216,MVP1-M04-103,Physical Inspection Execution,Inspector,Observation Engine,Enter observed value.,Observation saved successfully.,Save inspector observation separately from Senaei data.,Observation never overwrites source value.,STM-INS-001 | states: Start Allowed->In Progress->Ready for Validation,"ENG-12 immutable event: actor, time, object, before/after state, version refs (MVP1-FND-003)",EV-006;EV-003,"ERR-PKG-001;ERR-GEO-001;ERR-GEO-002;ERR-OFF-001;ERR-OFF-002;ERR-EVD-001;ERR-EVD-002;ERR-SUB-001;ERR-SUB-002 | FAIL if requirement MVP1-M04-103 is removed, weakened, hidden, replaced by mock behavior, implemented only visually without runtime behavior, loses validation/audit/permission semantics, or cannot rep",Runtime screenshot showing the completed behavior; Requirement-linked test result; Audit or activity evidence where the action changes state or data; Device/offline evidence when applicable; GPS/geofence or sync evidence where applicable,UI + API + E2E; add offline/device/location tests where applicable,"FAIL if requirement MVP1-M04-103 is removed, weakened, hidden, replaced by mock behavior, implemented only visually without runtime behavior, loses validation/audit/permission semantics, or cannot reproduce the accepted evidence after a later change."
AC-0217,MVP1-M04-104,Physical Inspection Execution,Inspector,Observation Engine,Click Verified.,Verified status recorded.,Mark field verification status as Verified.,Verified fields require no observed value.,STM-INS-001 | states: Start Allowed->In Progress->Ready for Validation,"ENG-12 immutable event: actor, time, object, before/after state, version refs (MVP1-FND-003)",EV-006;EV-003,"ERR-PKG-001;ERR-GEO-001;ERR-GEO-002;ERR-OFF-001;ERR-OFF-002;ERR-EVD-001;ERR-EVD-002;ERR-SUB-001;ERR-SUB-002 | FAIL if requirement MVP1-M04-104 is removed, weakened, hidden, replaced by mock behavior, implemented only visually without runtime behavior, loses validation/audit/permission semantics, or cannot rep",Runtime screenshot showing the completed behavior; Requirement-linked test result; Audit or activity evidence where the action changes state or data; Device/offline evidence when applicable; GPS/geofence or sync evidence where applicable,UI + API + E2E; add offline/device/location tests where applicable,"FAIL if requirement MVP1-M04-104 is removed, weakened, hidden, replaced by mock behavior, implemented only visually without runtime behavior, loses validation/audit/permission semantics, or cannot reproduce the accepted evidence after a later change."
AC-0218,MVP1-M04-105,Physical Inspection Execution,Inspector,Observation Engine,Enter new value.,Updated status recorded correctly.,Mark verification status as Updated.,Updated fields require observed value.,STM-INS-001 | states: Start Allowed->In Progress->Ready for Validation,"ENG-12 immutable event: actor, time, object, before/after state, version refs (MVP1-FND-003)",EV-006;EV-003,"ERR-PKG-001;ERR-GEO-001;ERR-GEO-002;ERR-OFF-001;ERR-OFF-002;ERR-EVD-001;ERR-EVD-002;ERR-SUB-001;ERR-SUB-002 | FAIL if requirement MVP1-M04-105 is removed, weakened, hidden, replaced by mock behavior, implemented only visually without runtime behavior, loses validation/audit/permission semantics, or cannot rep",Runtime screenshot showing the completed behavior; Requirement-linked test result; Audit or activity evidence where the action changes state or data; Device/offline evidence when applicable; GPS/geofence or sync evidence where applicable,UI + API + E2E; add offline/device/location tests where applicable,"FAIL if requirement MVP1-M04-105 is removed, weakened, hidden, replaced by mock behavior, implemented only visually without runtime behavior, loses validation/audit/permission semantics, or cannot reproduce the accepted evidence after a later change."
AC-0219,MVP1-M04-106,Physical Inspection Execution,"Inspector, Reviewer",Observation Engine,Review values.,Before/After comparison available.,Display Source Value vs Observed Value side by side.,Every updated field shall display both values.,STM-INS-001 | states: Start Allowed->In Progress->Ready for Validation,"ENG-12 immutable event: actor, time, object, before/after state, version refs (MVP1-FND-003)",EV-006;EV-003,"ERR-PKG-001;ERR-GEO-001;ERR-GEO-002;ERR-OFF-001;ERR-OFF-002;ERR-EVD-001;ERR-EVD-002;ERR-SUB-001;ERR-SUB-002 | FAIL if requirement MVP1-M04-106 is removed, weakened, hidden, replaced by mock behavior, implemented only visually without runtime behavior, loses validation/audit/permission semantics, or cannot rep",Runtime screenshot showing the completed behavior; Requirement-linked test result; Audit or activity evidence where the action changes state or data; Device/offline evidence when applicable; GPS/geofence or sync evidence where applicable,UI + API + E2E; add offline/device/location tests where applicable,"FAIL if requirement MVP1-M04-106 is removed, weakened, hidden, replaced by mock behavior, implemented only visually without runtime behavior, loses validation/audit/permission semantics, or cannot reproduce the accepted evidence after a later change."
AC-0220,MVP1-M04-107,Physical Inspection Execution,Inspector,UI Engine,Review highlights.,Modified fields easily identifiable.,Highlight every updated field.,Highlights remain visible until submission.,STM-INS-001 | states: Start Allowed->In Progress->Ready for Validation,"ENG-12 immutable event: actor, time, object, before/after state, version refs (MVP1-FND-003)",EV-006;EV-003,"ERR-PKG-001;ERR-GEO-001;ERR-GEO-002;ERR-OFF-001;ERR-OFF-002;ERR-EVD-001;ERR-EVD-002;ERR-SUB-001;ERR-SUB-002 | FAIL if requirement MVP1-M04-107 is removed, weakened, hidden, replaced by mock behavior, implemented only visually without runtime behavior, loses validation/audit/permission semantics, or cannot rep",Runtime screenshot showing the completed behavior; Requirement-linked test result; Audit or activity evidence where the action changes state or data; Device/offline evidence when applicable; GPS/geofence or sync evidence where applicable,UI + API + E2E; add offline/device/location tests where applicable,"FAIL if requirement MVP1-M04-107 is removed, weakened, hidden, replaced by mock behavior, implemented only visually without runtime behavior, loses validation/audit/permission semantics, or cannot reproduce the accepted evidence after a later change."
AC-0221,MVP1-M04-108,Physical Inspection Execution,Inspector,Evidence Service,"Upload Photo, Video, Document or Comment.",Evidence linked successfully.,Associate evidence with the specific updated field.,Evidence can be attached to any verified field.,(P08 evidence chain; ENG-07/ENG-08 governed) | states: Observation->Evidence Linked->Finding->Violation/Action,"ENG-12 immutable event: actor, time, object, before/after state, version refs (MVP1-FND-003)",EV-007;EV-003,"ERR-PKG-001;ERR-GEO-001;ERR-GEO-002;ERR-OFF-001;ERR-OFF-002;ERR-EVD-001;ERR-EVD-002;ERR-SUB-001;ERR-SUB-002 | FAIL if requirement MVP1-M04-108 is removed, weakened, hidden, replaced by mock behavior, implemented only visually without runtime behavior, loses validation/audit/permission semantics, or cannot rep",Runtime screenshot showing the completed behavior; Requirement-linked test result; Audit or activity evidence where the action changes state or data; Device/offline evidence when applicable; GPS/geofence or sync evidence where applicable,UI + API + E2E; add offline/device/location tests where applicable,"FAIL if requirement MVP1-M04-108 is removed, weakened, hidden, replaced by mock behavior, implemented only visually without runtime behavior, loses validation/audit/permission semantics, or cannot reproduce the accepted evidence after a later change."
AC-0222,MVP1-M04-109,Physical Inspection Execution,Inspector,Media Service,Draw annotations.,Annotated evidence stored successfully.,Save annotated image together with the original file.,Original evidence shall never be overwritten.,(P08 evidence chain; ENG-07/ENG-08 governed) | states: Observation->Evidence Linked->Finding->Violation/Action,"ENG-12 immutable event: actor, time, object, before/after state, version refs (MVP1-FND-003)",EV-007;EV-003,"ERR-PKG-001;ERR-GEO-001;ERR-GEO-002;ERR-OFF-001;ERR-OFF-002;ERR-EVD-001;ERR-EVD-002;ERR-SUB-001;ERR-SUB-002 | FAIL if requirement MVP1-M04-109 is removed, weakened, hidden, replaced by mock behavior, implemented only visually without runtime behavior, loses validation/audit/permission semantics, or cannot rep",Runtime screenshot showing the completed behavior; Requirement-linked test result; Audit or activity evidence where the action changes state or data; Device/offline evidence when applicable; GPS/geofence or sync evidence where applicable,UI + API + E2E; add offline/device/location tests where applicable,"FAIL if requirement MVP1-M04-109 is removed, weakened, hidden, replaced by mock behavior, implemented only visually without runtime behavior, loses validation/audit/permission semantics, or cannot reproduce the accepted evidence after a later change."
AC-0223,MVP1-M04-110,Physical Inspection Execution,Inspector,Observation Engine,Review change counter.,Counter always accurate.,Count all updated factory fields.,Counter updates immediately.,STM-INS-001 | states: Start Allowed->In Progress->Ready for Validation,"ENG-12 immutable event: actor, time, object, before/after state, version refs (MVP1-FND-003)",EV-006;EV-003,"ERR-PKG-001;ERR-GEO-001;ERR-GEO-002;ERR-OFF-001;ERR-OFF-002;ERR-EVD-001;ERR-EVD-002;ERR-SUB-001;ERR-SUB-002 | FAIL if requirement MVP1-M04-110 is removed, weakened, hidden, replaced by mock behavior, implemented only visually without runtime behavior, loses validation/audit/permission semantics, or cannot rep",Runtime screenshot showing the completed behavior; Requirement-linked test result; Audit or activity evidence where the action changes state or data; Device/offline evidence when applicable; GPS/geofence or sync evidence where applicable,UI + API + E2E; add offline/device/location tests where applicable,"FAIL if requirement MVP1-M04-110 is removed, weakened, hidden, replaced by mock behavior, implemented only visually without runtime behavior, loses validation/audit/permission semantics, or cannot reproduce the accepted evidence after a later change."
AC-0224,MVP1-M04-111,Physical Inspection Execution,"Inspector, Reviewer",Review Engine,Review changes.,Review summary complete.,"Display every updated field with Source Value, Observed Value and attached evidence.",Review is read-only.,STM-INS-001 | states: Start Allowed->In Progress->Ready for Validation,"ENG-12 immutable event: actor, time, object, before/after state, version refs (MVP1-FND-003)",EV-006;EV-003,"ERR-PKG-001;ERR-GEO-001;ERR-GEO-002;ERR-OFF-001;ERR-OFF-002;ERR-EVD-001;ERR-EVD-002;ERR-SUB-001;ERR-SUB-002 | FAIL if requirement MVP1-M04-111 is removed, weakened, hidden, replaced by mock behavior, implemented only visually without runtime behavior, loses validation/audit/permission semantics, or cannot rep",Runtime screenshot showing the completed behavior; Requirement-linked test result; Audit or activity evidence where the action changes state or data; Device/offline evidence when applicable; GPS/geofence or sync evidence where applicable,UI + API + E2E; add offline/device/location tests where applicable,"FAIL if requirement MVP1-M04-111 is removed, weakened, hidden, replaced by mock behavior, implemented only visually without runtime behavior, loses validation/audit/permission semantics, or cannot reproduce the accepted evidence after a later change."
AC-0225,MVP1-M04-112,Physical Inspection Execution,Inspector,Senaei,None,Master data integrity maintained.,Prevent any direct update to Senaei during inspection.,Source data remains unchanged until future synchronization workflow.,STM-INS-001 | states: Start Allowed->In Progress->Ready for Validation,"ENG-12 immutable event: actor, time, object, before/after state, version refs (MVP1-FND-003)",EV-006;EV-003,"ERR-PKG-001;ERR-GEO-001;ERR-GEO-002;ERR-OFF-001;ERR-OFF-002;ERR-EVD-001;ERR-EVD-002;ERR-SUB-001;ERR-SUB-002 | FAIL if requirement MVP1-M04-112 is removed, weakened, hidden, replaced by mock behavior, implemented only visually without runtime behavior, loses validation/audit/permission semantics, or cannot rep",Runtime screenshot showing the completed behavior; Requirement-linked test result; Audit or activity evidence where the action changes state or data; Device/offline evidence when applicable; GPS/geofence or sync evidence where applicable,UI + API + E2E; add offline/device/location tests where applicable,"FAIL if requirement MVP1-M04-112 is removed, weakened, hidden, replaced by mock behavior, implemented only visually without runtime behavior, loses validation/audit/permission semantics, or cannot reproduce the accepted evidence after a later change."
AC-0226,MVP1-M04-113,Physical Inspection Execution,"Inspector, Reviewer",Audit Service,None,Complete audit trail generated.,"Log Verified, Updated, Evidence Added, Comments Added and Before/After values.",Every verification action shall be auditable.,STM-INS-001 | states: Start Allowed->In Progress->Ready for Validation,"ENG-12 immutable event: actor, time, object, before/after state, version refs (MVP1-FND-003)",EV-006;EV-003,"ERR-PKG-001;ERR-GEO-001;ERR-GEO-002;ERR-OFF-001;ERR-OFF-002;ERR-EVD-001;ERR-EVD-002;ERR-SUB-001;ERR-SUB-002 | FAIL if requirement MVP1-M04-113 is removed, weakened, hidden, replaced by mock behavior, implemented only visually without runtime behavior, loses validation/audit/permission semantics, or cannot rep",Runtime screenshot showing the completed behavior; Requirement-linked test result; Audit or activity evidence where the action changes state or data; Device/offline evidence when applicable; GPS/geofence or sync evidence where applicable,UI + API + E2E; add offline/device/location tests where applicable,"FAIL if requirement MVP1-M04-113 is removed, weakened, hidden, replaced by mock behavior, implemented only visually without runtime behavior, loses validation/audit/permission semantics, or cannot reproduce the accepted evidence after a later change."
AC-0227,MVP1-M04-114,Physical Inspection Execution,Inspector,Validation Engine,Retry.,Errors handled without data loss.,"Handle synchronization failures, invalid observations and evidence failures without losing entered data.",Verification failures shall never remove inspector observations.,STM-INS-001 | states: Start Allowed->In Progress->Ready for Validation,"ENG-12 immutable event: actor, time, object, before/after state, version refs (MVP1-FND-003)",EV-006;EV-003,"ERR-PKG-001;ERR-GEO-001;ERR-GEO-002;ERR-OFF-001;ERR-OFF-002;ERR-EVD-001;ERR-EVD-002;ERR-SUB-001;ERR-SUB-002 | FAIL if requirement MVP1-M04-114 is removed, weakened, hidden, replaced by mock behavior, implemented only visually without runtime behavior, loses validation/audit/permission semantics, or cannot rep",Runtime screenshot showing the completed behavior; Requirement-linked test result; Audit or activity evidence where the action changes state or data; Device/offline evidence when applicable; GPS/geofence or sync evidence where applicable,UI + API + E2E; add offline/device/location tests where applicable,"FAIL if requirement MVP1-M04-114 is removed, weakened, hidden, replaced by mock behavior, implemented only visually without runtime behavior, loses validation/audit/permission semantics, or cannot reproduce the accepted evidence after a later change."
AC-0228,MVP1-M04-115,Physical Inspection Execution,Inspector,Dynamic Form Builder,Open Report Step.,Correct report loads successfully.,Retrieve the report definition selected during Visit Preparation from the Dynamic Form Builder and render the latest locked version included in the inspection package.,Report definition is locked when the inspection starts and cannot change during execution.,STM-INS-001 | states: Start Allowed->In Progress->Ready for Validation,"ENG-12 immutable event: actor, time, object, before/after state, version refs (MVP1-FND-003)",EV-006;EV-003,"ERR-PKG-001;ERR-GEO-001;ERR-GEO-002;ERR-OFF-001;ERR-OFF-002;ERR-EVD-001;ERR-EVD-002;ERR-SUB-001;ERR-SUB-002 | FAIL if requirement MVP1-M04-115 is removed, weakened, hidden, replaced by mock behavior, implemented only visually without runtime behavior, loses validation/audit/permission semantics, or cannot rep",Runtime screenshot showing the completed behavior; Requirement-linked test result; Audit or activity evidence where the action changes state or data; Device/offline evidence when applicable; GPS/geofence or sync evidence where applicable,UI + API + E2E; add offline/device/location tests where applicable,"FAIL if requirement MVP1-M04-115 is removed, weakened, hidden, replaced by mock behavior, implemented only visually without runtime behavior, loses validation/audit/permission semantics, or cannot reproduce the accepted evidence after a later change."
AC-0229,MVP1-M04-116,Physical Inspection Execution,Inspector,Dynamic Form Builder,Review report details.,Metadata displayed correctly.,"Display Report Name, Version, Description, Inspection Type and Last Updated Date.",Report metadata is read-only.,STM-INS-001 | states: Start Allowed->In Progress->Ready for Validation,"ENG-12 immutable event: actor, time, object, before/after state, version refs (MVP1-FND-003)",EV-006;EV-003,"ERR-PKG-001;ERR-GEO-001;ERR-GEO-002;ERR-OFF-001;ERR-OFF-002;ERR-EVD-001;ERR-EVD-002;ERR-SUB-001;ERR-SUB-002 | FAIL if requirement MVP1-M04-116 is removed, weakened, hidden, replaced by mock behavior, implemented only visually without runtime behavior, loses validation/audit/permission semantics, or cannot rep",Runtime screenshot showing the completed behavior; Requirement-linked test result; Audit or activity evidence where the action changes state or data; Device/offline evidence when applicable; GPS/geofence or sync evidence where applicable,UI + API + E2E; add offline/device/location tests where applicable,"FAIL if requirement MVP1-M04-116 is removed, weakened, hidden, replaced by mock behavior, implemented only visually without runtime behavior, loses validation/audit/permission semantics, or cannot reproduce the accepted evidence after a later change."
AC-0230,MVP1-M04-117,Physical Inspection Execution,Inspector,Dynamic Form Builder,Navigate between sections.,All configured sections displayed correctly.,Render report sections exactly as configured in the Form Builder.,Section order follows configuration.,STM-INS-001 | states: Start Allowed->In Progress->Ready for Validation,"ENG-12 immutable event: actor, time, object, before/after state, version refs (MVP1-FND-003)",EV-006;EV-003,"ERR-PKG-001;ERR-GEO-001;ERR-GEO-002;ERR-OFF-001;ERR-OFF-002;ERR-EVD-001;ERR-EVD-002;ERR-SUB-001;ERR-SUB-002 | FAIL if requirement MVP1-M04-117 is removed, weakened, hidden, replaced by mock behavior, implemented only visually without runtime behavior, loses validation/audit/permission semantics, or cannot rep",Runtime screenshot showing the completed behavior; Requirement-linked test result; Audit or activity evidence where the action changes state or data; Device/offline evidence when applicable; GPS/geofence or sync evidence where applicable,UI + API + E2E; add offline/device/location tests where applicable,"FAIL if requirement MVP1-M04-117 is removed, weakened, hidden, replaced by mock behavior, implemented only visually without runtime behavior, loses validation/audit/permission semantics, or cannot reproduce the accepted evidence after a later change."
AC-0231,MVP1-M04-118,Physical Inspection Execution,Inspector,Dynamic Form Builder,Fill field values.,Dynamic fields render successfully.,"Render all configured field types including text, number, date, lookup, checkbox, radio button, attachment, image, signature and custom controls.",Field behavior is driven entirely by configuration.,STM-INS-001 | states: Start Allowed->In Progress->Ready for Validation,"ENG-12 immutable event: actor, time, object, before/after state, version refs (MVP1-FND-003)",EV-006;EV-003,"ERR-PKG-001;ERR-GEO-001;ERR-GEO-002;ERR-OFF-001;ERR-OFF-002;ERR-EVD-001;ERR-EVD-002;ERR-SUB-001;ERR-SUB-002 | FAIL if requirement MVP1-M04-118 is removed, weakened, hidden, replaced by mock behavior, implemented only visually without runtime behavior, loses validation/audit/permission semantics, or cannot rep",Runtime screenshot showing the completed behavior; Requirement-linked test result; Audit or activity evidence where the action changes state or data; Device/offline evidence when applicable; GPS/geofence or sync evidence where applicable,UI + API + E2E; add offline/device/location tests where applicable,"FAIL if requirement MVP1-M04-118 is removed, weakened, hidden, replaced by mock behavior, implemented only visually without runtime behavior, loses validation/audit/permission semantics, or cannot reproduce the accepted evidence after a later change."
AC-0232,MVP1-M04-119,Physical Inspection Execution,Inspector,Rule Engine,Complete report.,Visibility rules applied correctly.,Evaluate conditional visibility rules configured in the Form Builder.,Hidden fields are excluded from validation.,STM-INS-001 | states: Start Allowed->In Progress->Ready for Validation,"ENG-12 immutable event: actor, time, object, before/after state, version refs (MVP1-FND-003)",EV-006;EV-003,"ERR-PKG-001;ERR-GEO-001;ERR-GEO-002;ERR-OFF-001;ERR-OFF-002;ERR-EVD-001;ERR-EVD-002;ERR-SUB-001;ERR-SUB-002 | FAIL if requirement MVP1-M04-119 is removed, weakened, hidden, replaced by mock behavior, implemented only visually without runtime behavior, loses validation/audit/permission semantics, or cannot rep",Runtime screenshot showing the completed behavior; Requirement-linked test result; Audit or activity evidence where the action changes state or data; Device/offline evidence when applicable; GPS/geofence or sync evidence where applicable,UI + API + E2E; add offline/device/location tests where applicable,"FAIL if requirement MVP1-M04-119 is removed, weakened, hidden, replaced by mock behavior, implemented only visually without runtime behavior, loses validation/audit/permission semantics, or cannot reproduce the accepted evidence after a later change."
AC-0233,MVP1-M04-120,Physical Inspection Execution,Inspector,Validation Engine,Complete mandatory fields.,Missing mandatory fields block progression.,Validate mandatory fields according to Form Builder configuration.,Mandatory rules are configuration-driven.,STM-INS-001 | states: Start Allowed->In Progress->Ready for Validation,"ENG-12 immutable event: actor, time, object, before/after state, version refs (MVP1-FND-003)",EV-006;EV-003,"ERR-PKG-001;ERR-GEO-001;ERR-GEO-002;ERR-OFF-001;ERR-OFF-002;ERR-EVD-001;ERR-EVD-002;ERR-SUB-001;ERR-SUB-002 | FAIL if requirement MVP1-M04-120 is removed, weakened, hidden, replaced by mock behavior, implemented only visually without runtime behavior, loses validation/audit/permission semantics, or cannot rep",Runtime screenshot showing the completed behavior; Requirement-linked test result; Audit or activity evidence where the action changes state or data; Device/offline evidence when applicable; GPS/geofence or sync evidence where applicable,UI + API + E2E; add offline/device/location tests where applicable,"FAIL if requirement MVP1-M04-120 is removed, weakened, hidden, replaced by mock behavior, implemented only visually without runtime behavior, loses validation/audit/permission semantics, or cannot reproduce the accepted evidence after a later change."
AC-0234,MVP1-M04-121,Physical Inspection Execution,Inspector,Rule Engine,Enter values.,Conditional validations execute successfully.,"Execute conditional validations, value ranges, dependencies and custom validation rules configured in the Form Builder.",Validation follows configured business rules only.,STM-INS-001 | states: Start Allowed->In Progress->Ready for Validation,"ENG-12 immutable event: actor, time, object, before/after state, version refs (MVP1-FND-003)",EV-006;EV-003,"ERR-PKG-001;ERR-GEO-001;ERR-GEO-002;ERR-OFF-001;ERR-OFF-002;ERR-EVD-001;ERR-EVD-002;ERR-SUB-001;ERR-SUB-002 | FAIL if requirement MVP1-M04-121 is removed, weakened, hidden, replaced by mock behavior, implemented only visually without runtime behavior, loses validation/audit/permission semantics, or cannot rep",Runtime screenshot showing the completed behavior; Requirement-linked test result; Audit or activity evidence where the action changes state or data; Device/offline evidence when applicable; GPS/geofence or sync evidence where applicable,UI + API + E2E; add offline/device/location tests where applicable,"FAIL if requirement MVP1-M04-121 is removed, weakened, hidden, replaced by mock behavior, implemented only visually without runtime behavior, loses validation/audit/permission semantics, or cannot reproduce the accepted evidence after a later change."
AC-0235,MVP1-M04-122,Physical Inspection Execution,Inspector,Draft Service,Enter values.,Responses saved correctly.,Store responses continuously as part of the active inspection session.,Responses belong to the current inspection version only.,STM-INS-001 | states: Start Allowed->In Progress->Ready for Validation,"ENG-12 immutable event: actor, time, object, before/after state, version refs (MVP1-FND-003)",EV-006;EV-003,"ERR-PKG-001;ERR-GEO-001;ERR-GEO-002;ERR-OFF-001;ERR-OFF-002;ERR-EVD-001;ERR-EVD-002;ERR-SUB-001;ERR-SUB-002 | FAIL if requirement MVP1-M04-122 is removed, weakened, hidden, replaced by mock behavior, implemented only visually without runtime behavior, loses validation/audit/permission semantics, or cannot rep",Runtime screenshot showing the completed behavior; Requirement-linked test result; Audit or activity evidence where the action changes state or data; Device/offline evidence when applicable; GPS/geofence or sync evidence where applicable,UI + API + E2E; add offline/device/location tests where applicable,"FAIL if requirement MVP1-M04-122 is removed, weakened, hidden, replaced by mock behavior, implemented only visually without runtime behavior, loses validation/audit/permission semantics, or cannot reproduce the accepted evidence after a later change."
AC-0236,MVP1-M04-123,Physical Inspection Execution,Inspector,Evidence Service,"Upload Photo, Video, Document or Comment.",Evidence linked successfully.,Link uploaded evidence to the corresponding report field.,Evidence remains attached to the originating field.,(P08 evidence chain; ENG-07/ENG-08 governed) | states: Observation->Evidence Linked->Finding->Violation/Action,"ENG-12 immutable event: actor, time, object, before/after state, version refs (MVP1-FND-003)",EV-007;EV-003,"ERR-PKG-001;ERR-GEO-001;ERR-GEO-002;ERR-OFF-001;ERR-OFF-002;ERR-EVD-001;ERR-EVD-002;ERR-SUB-001;ERR-SUB-002 | FAIL if requirement MVP1-M04-123 is removed, weakened, hidden, replaced by mock behavior, implemented only visually without runtime behavior, loses validation/audit/permission semantics, or cannot rep",Runtime screenshot showing the completed behavior; Requirement-linked test result; Audit or activity evidence where the action changes state or data; Device/offline evidence when applicable; GPS/geofence or sync evidence where applicable,UI + API + E2E; add offline/device/location tests where applicable,"FAIL if requirement MVP1-M04-123 is removed, weakened, hidden, replaced by mock behavior, implemented only visually without runtime behavior, loses validation/audit/permission semantics, or cannot reproduce the accepted evidence after a later change."
AC-0237,MVP1-M04-124,Physical Inspection Execution,Inspector,Media Service,Annotate image.,Annotation stored successfully.,Store annotated version while preserving the original file.,Original image shall never be modified.,(P08 evidence chain; ENG-07/ENG-08 governed) | states: Observation->Evidence Linked->Finding->Violation/Action,"ENG-12 immutable event: actor, time, object, before/after state, version refs (MVP1-FND-003)",EV-007;EV-003,"ERR-PKG-001;ERR-GEO-001;ERR-GEO-002;ERR-OFF-001;ERR-OFF-002;ERR-EVD-001;ERR-EVD-002;ERR-SUB-001;ERR-SUB-002 | FAIL if requirement MVP1-M04-124 is removed, weakened, hidden, replaced by mock behavior, implemented only visually without runtime behavior, loses validation/audit/permission semantics, or cannot rep",Runtime screenshot showing the completed behavior; Requirement-linked test result; Audit or activity evidence where the action changes state or data; Device/offline evidence when applicable; GPS/geofence or sync evidence where applicable,UI + API + E2E; add offline/device/location tests where applicable,"FAIL if requirement MVP1-M04-124 is removed, weakened, hidden, replaced by mock behavior, implemented only visually without runtime behavior, loses validation/audit/permission semantics, or cannot reproduce the accepted evidence after a later change."
AC-0238,MVP1-M04-125,Physical Inspection Execution,Inspector,Draft Service,Save Draft.,Draft restored successfully.,"Save current responses, uploaded evidence and completed sections.",Draft remains editable until submission.,STM-INS-001 | states: Start Allowed->In Progress->Ready for Validation,"ENG-12 immutable event: actor, time, object, before/after state, version refs (MVP1-FND-003)",EV-006;EV-003,"ERR-PKG-001;ERR-GEO-001;ERR-GEO-002;ERR-OFF-001;ERR-OFF-002;ERR-EVD-001;ERR-EVD-002;ERR-SUB-001;ERR-SUB-002 | FAIL if requirement MVP1-M04-125 is removed, weakened, hidden, replaced by mock behavior, implemented only visually without runtime behavior, loses validation/audit/permission semantics, or cannot rep",Runtime screenshot showing the completed behavior; Requirement-linked test result; Audit or activity evidence where the action changes state or data; Device/offline evidence when applicable; GPS/geofence or sync evidence where applicable,UI + API + E2E; add offline/device/location tests where applicable,"FAIL if requirement MVP1-M04-125 is removed, weakened, hidden, replaced by mock behavior, implemented only visually without runtime behavior, loses validation/audit/permission semantics, or cannot reproduce the accepted evidence after a later change."
AC-0239,MVP1-M04-126,Physical Inspection Execution,Inspector,Draft Service,Continue working.,No entered data is lost.,Automatically save report after configurable intervals and significant changes.,Auto Save runs silently in the background.,STM-INS-001 | states: Start Allowed->In Progress->Ready for Validation,"ENG-12 immutable event: actor, time, object, before/after state, version refs (MVP1-FND-003)",EV-006;EV-003,"ERR-PKG-001;ERR-GEO-001;ERR-GEO-002;ERR-OFF-001;ERR-OFF-002;ERR-EVD-001;ERR-EVD-002;ERR-SUB-001;ERR-SUB-002 | FAIL if requirement MVP1-M04-126 is removed, weakened, hidden, replaced by mock behavior, implemented only visually without runtime behavior, loses validation/audit/permission semantics, or cannot rep",Runtime screenshot showing the completed behavior; Requirement-linked test result; Audit or activity evidence where the action changes state or data; Device/offline evidence when applicable; GPS/geofence or sync evidence where applicable,UI + API + E2E; add offline/device/location tests where applicable,"FAIL if requirement MVP1-M04-126 is removed, weakened, hidden, replaced by mock behavior, implemented only visually without runtime behavior, loses validation/audit/permission semantics, or cannot reproduce the accepted evidence after a later change."
AC-0240,MVP1-M04-127,Physical Inspection Execution,Inspector,Progress Engine,Complete report.,Completion calculated accurately.,Calculate completed vs pending report fields and update overall wizard progress.,Completion contributes to overall inspection progress.,STM-INS-001 | states: Start Allowed->In Progress->Ready for Validation,"ENG-12 immutable event: actor, time, object, before/after state, version refs (MVP1-FND-003)",EV-006;EV-003,"ERR-PKG-001;ERR-GEO-001;ERR-GEO-002;ERR-OFF-001;ERR-OFF-002;ERR-EVD-001;ERR-EVD-002;ERR-SUB-001;ERR-SUB-002 | FAIL if requirement MVP1-M04-127 is removed, weakened, hidden, replaced by mock behavior, implemented only visually without runtime behavior, loses validation/audit/permission semantics, or cannot rep",Runtime screenshot showing the completed behavior; Requirement-linked test result; Audit or activity evidence where the action changes state or data; Device/offline evidence when applicable; GPS/geofence or sync evidence where applicable,UI + API + E2E; add offline/device/location tests where applicable,"FAIL if requirement MVP1-M04-127 is removed, weakened, hidden, replaced by mock behavior, implemented only visually without runtime behavior, loses validation/audit/permission semantics, or cannot reproduce the accepted evidence after a later change."
AC-0241,MVP1-M04-128,Physical Inspection Execution,Inspector,Review Engine,Review summary.,Summary generated successfully.,"Display completed sections, pending fields and attached evidence summary.",Summary is informational before submission.,STM-INS-001 | states: Start Allowed->In Progress->Ready for Validation,"ENG-12 immutable event: actor, time, object, before/after state, version refs (MVP1-FND-003)",EV-006;EV-003,"ERR-PKG-001;ERR-GEO-001;ERR-GEO-002;ERR-OFF-001;ERR-OFF-002;ERR-EVD-001;ERR-EVD-002;ERR-SUB-001;ERR-SUB-002 | FAIL if requirement MVP1-M04-128 is removed, weakened, hidden, replaced by mock behavior, implemented only visually without runtime behavior, loses validation/audit/permission semantics, or cannot rep",Runtime screenshot showing the completed behavior; Requirement-linked test result; Audit or activity evidence where the action changes state or data; Device/offline evidence when applicable; GPS/geofence or sync evidence where applicable,UI + API + E2E; add offline/device/location tests where applicable,"FAIL if requirement MVP1-M04-128 is removed, weakened, hidden, replaced by mock behavior, implemented only visually without runtime behavior, loses validation/audit/permission semantics, or cannot reproduce the accepted evidence after a later change."
AC-0242,MVP1-M04-129,Physical Inspection Execution,"Inspector, Reviewer",Workflow Engine,View Report.,Report cannot be modified after submission.,Render report in read-only mode after submission.,Report becomes immutable immediately after submission.,STM-INS-002;STM-SYNC-001;STM-SYNC-002 | states: Ready for Validation->Validated->Submitted->Locked,"ENG-12 immutable event: actor, time, object, before/after state, version refs (MVP1-FND-003)",EV-006;EV-007;EV-003,"ERR-PKG-001;ERR-GEO-001;ERR-GEO-002;ERR-OFF-001;ERR-OFF-002;ERR-EVD-001;ERR-EVD-002;ERR-SUB-001;ERR-SUB-002 | FAIL if requirement MVP1-M04-129 is removed, weakened, hidden, replaced by mock behavior, implemented only visually without runtime behavior, loses validation/audit/permission semantics, or cannot rep",Runtime screenshot showing the completed behavior; Requirement-linked test result; Audit or activity evidence where the action changes state or data; Device/offline evidence when applicable; GPS/geofence or sync evidence where applicable,UI + API + E2E; add offline/device/location tests where applicable,"FAIL if requirement MVP1-M04-129 is removed, weakened, hidden, replaced by mock behavior, implemented only visually without runtime behavior, loses validation/audit/permission semantics, or cannot reproduce the accepted evidence after a later change."
AC-0243,MVP1-M04-130,Physical Inspection Execution,"Inspector, Reviewer",Audit Service,None,Audit trail contains all report activities.,"Record report opened, section completed, field updated, evidence uploaded, draft saved, resumed and completed events.",Every report interaction shall be auditable.,STM-INS-001 | states: Start Allowed->In Progress->Ready for Validation,"ENG-12 immutable event: actor, time, object, before/after state, version refs (MVP1-FND-003)",EV-006;EV-003,"ERR-PKG-001;ERR-GEO-001;ERR-GEO-002;ERR-OFF-001;ERR-OFF-002;ERR-EVD-001;ERR-EVD-002;ERR-SUB-001;ERR-SUB-002 | FAIL if requirement MVP1-M04-130 is removed, weakened, hidden, replaced by mock behavior, implemented only visually without runtime behavior, loses validation/audit/permission semantics, or cannot rep",Runtime screenshot showing the completed behavior; Requirement-linked test result; Audit or activity evidence where the action changes state or data; Device/offline evidence when applicable; GPS/geofence or sync evidence where applicable,UI + API + E2E; add offline/device/location tests where applicable,"FAIL if requirement MVP1-M04-130 is removed, weakened, hidden, replaced by mock behavior, implemented only visually without runtime behavior, loses validation/audit/permission semantics, or cannot reproduce the accepted evidence after a later change."
AC-0244,MVP1-M04-131,Physical Inspection Execution,Inspector,"Validation Engine, Draft Service",Retry.,Report recovers gracefully after failures.,"Handle rendering failures, validation failures, save failures and evidence upload failures while preserving entered information.",Report failures shall never cause data loss or inconsistent inspection state.,STM-INS-001 | states: Start Allowed->In Progress->Ready for Validation,"ENG-12 immutable event: actor, time, object, before/after state, version refs (MVP1-FND-003)",EV-006;EV-003,"ERR-PKG-001;ERR-GEO-001;ERR-GEO-002;ERR-OFF-001;ERR-OFF-002;ERR-EVD-001;ERR-EVD-002;ERR-SUB-001;ERR-SUB-002 | FAIL if requirement MVP1-M04-131 is removed, weakened, hidden, replaced by mock behavior, implemented only visually without runtime behavior, loses validation/audit/permission semantics, or cannot rep",Runtime screenshot showing the completed behavior; Requirement-linked test result; Audit or activity evidence where the action changes state or data; Device/offline evidence when applicable; GPS/geofence or sync evidence where applicable,UI + API + E2E; add offline/device/location tests where applicable,"FAIL if requirement MVP1-M04-131 is removed, weakened, hidden, replaced by mock behavior, implemented only visually without runtime behavior, loses validation/audit/permission semantics, or cannot reproduce the accepted evidence after a later change."
AC-0245,MVP1-M04-132,Physical Inspection Execution,Inspector,Compliance Configuration,Open Checklist Step.,Correct checklist is displayed.,Load all configured inspection items from Compliance Configuration according to the selected Report Type.,Checklist is loaded from the locked inspection package.,STM-INS-001 | states: Start Allowed->In Progress->Ready for Validation,"ENG-12 immutable event: actor, time, object, before/after state, version refs (MVP1-FND-003)",EV-006;EV-003,"ERR-PKG-001;ERR-GEO-001;ERR-GEO-002;ERR-OFF-001;ERR-OFF-002;ERR-EVD-001;ERR-EVD-002;ERR-SUB-001;ERR-SUB-002 | FAIL if requirement MVP1-M04-132 is removed, weakened, hidden, replaced by mock behavior, implemented only visually without runtime behavior, loses validation/audit/permission semantics, or cannot rep",Runtime screenshot showing the completed behavior; Requirement-linked test result; Audit or activity evidence where the action changes state or data; Device/offline evidence when applicable; GPS/geofence or sync evidence where applicable,UI + API + E2E; add offline/device/location tests where applicable,"FAIL if requirement MVP1-M04-132 is removed, weakened, hidden, replaced by mock behavior, implemented only visually without runtime behavior, loses validation/audit/permission semantics, or cannot reproduce the accepted evidence after a later change."
AC-0246,MVP1-M04-133,Physical Inspection Execution,Inspector,Compliance Configuration,Expand / Collapse Categories.,Categories displayed correctly.,Display checklist grouped by configured categories and subcategories.,Category sequence follows configuration.,STM-INS-001 | states: Start Allowed->In Progress->Ready for Validation,"ENG-12 immutable event: actor, time, object, before/after state, version refs (MVP1-FND-003)",EV-006;EV-003,"ERR-PKG-001;ERR-GEO-001;ERR-GEO-002;ERR-OFF-001;ERR-OFF-002;ERR-EVD-001;ERR-EVD-002;ERR-SUB-001;ERR-SUB-002 | FAIL if requirement MVP1-M04-133 is removed, weakened, hidden, replaced by mock behavior, implemented only visually without runtime behavior, loses validation/audit/permission semantics, or cannot rep",Runtime screenshot showing the completed behavior; Requirement-linked test result; Audit or activity evidence where the action changes state or data; Device/offline evidence when applicable; GPS/geofence or sync evidence where applicable,UI + API + E2E; add offline/device/location tests where applicable,"FAIL if requirement MVP1-M04-133 is removed, weakened, hidden, replaced by mock behavior, implemented only visually without runtime behavior, loses validation/audit/permission semantics, or cannot reproduce the accepted evidence after a later change."
AC-0247,MVP1-M04-134,Physical Inspection Execution,Inspector,Rule Engine,Answer Item.,Mandatory items clearly identified.,Mark configured mandatory items.,Mandatory items cannot be skipped.,STM-INS-001 | states: Start Allowed->In Progress->Ready for Validation,"ENG-12 immutable event: actor, time, object, before/after state, version refs (MVP1-FND-003)",EV-006;EV-003,"ERR-PKG-001;ERR-GEO-001;ERR-GEO-002;ERR-OFF-001;ERR-OFF-002;ERR-EVD-001;ERR-EVD-002;ERR-SUB-001;ERR-SUB-002 | FAIL if requirement MVP1-M04-134 is removed, weakened, hidden, replaced by mock behavior, implemented only visually without runtime behavior, loses validation/audit/permission semantics, or cannot rep",Runtime screenshot showing the completed behavior; Requirement-linked test result; Audit or activity evidence where the action changes state or data; Device/offline evidence when applicable; GPS/geofence or sync evidence where applicable,UI + API + E2E; add offline/device/location tests where applicable,"FAIL if requirement MVP1-M04-134 is removed, weakened, hidden, replaced by mock behavior, implemented only visually without runtime behavior, loses validation/audit/permission semantics, or cannot reproduce the accepted evidence after a later change."
AC-0248,MVP1-M04-135,Physical Inspection Execution,Inspector,Rule Engine,Answer or Skip.,Optional items identified correctly.,Display optional items.,Optional items may remain unanswered.,STM-INS-001 | states: Start Allowed->In Progress->Ready for Validation,"ENG-12 immutable event: actor, time, object, before/after state, version refs (MVP1-FND-003)",EV-006;EV-003,"ERR-PKG-001;ERR-GEO-001;ERR-GEO-002;ERR-OFF-001;ERR-OFF-002;ERR-EVD-001;ERR-EVD-002;ERR-SUB-001;ERR-SUB-002 | FAIL if requirement MVP1-M04-135 is removed, weakened, hidden, replaced by mock behavior, implemented only visually without runtime behavior, loses validation/audit/permission semantics, or cannot rep",Runtime screenshot showing the completed behavior; Requirement-linked test result; Audit or activity evidence where the action changes state or data; Device/offline evidence when applicable; GPS/geofence or sync evidence where applicable,UI + API + E2E; add offline/device/location tests where applicable,"FAIL if requirement MVP1-M04-135 is removed, weakened, hidden, replaced by mock behavior, implemented only visually without runtime behavior, loses validation/audit/permission semantics, or cannot reproduce the accepted evidence after a later change."
AC-0249,MVP1-M04-136,Physical Inspection Execution,Inspector,Inspection Repository,Review previous answer.,Previous answers displayed successfully.,Load latest approved answer from previous inspections for comparison.,Historical answers are read-only.,STM-INS-001 | states: Start Allowed->In Progress->Ready for Validation,"ENG-12 immutable event: actor, time, object, before/after state, version refs (MVP1-FND-003)",EV-006;EV-003,"ERR-PKG-001;ERR-GEO-001;ERR-GEO-002;ERR-OFF-001;ERR-OFF-002;ERR-EVD-001;ERR-EVD-002;ERR-SUB-001;ERR-SUB-002 | FAIL if requirement MVP1-M04-136 is removed, weakened, hidden, replaced by mock behavior, implemented only visually without runtime behavior, loses validation/audit/permission semantics, or cannot rep",Runtime screenshot showing the completed behavior; Requirement-linked test result; Audit or activity evidence where the action changes state or data; Device/offline evidence when applicable; GPS/geofence or sync evidence where applicable,UI + API + E2E; add offline/device/location tests where applicable,"FAIL if requirement MVP1-M04-136 is removed, weakened, hidden, replaced by mock behavior, implemented only visually without runtime behavior, loses validation/audit/permission semantics, or cannot reproduce the accepted evidence after a later change."
AC-0250,MVP1-M04-137,Physical Inspection Execution,Inspector,Evidence Repository,Review evidence.,Historical evidence displayed correctly.,Load previous inspection photos and attachments.,Historical evidence is read-only.,(P08 evidence chain; ENG-07/ENG-08 governed) | states: Observation->Evidence Linked->Finding->Violation/Action,"ENG-12 immutable event: actor, time, object, before/after state, version refs (MVP1-FND-003)",EV-007;EV-003,"ERR-PKG-001;ERR-GEO-001;ERR-GEO-002;ERR-OFF-001;ERR-OFF-002;ERR-EVD-001;ERR-EVD-002;ERR-SUB-001;ERR-SUB-002 | FAIL if requirement MVP1-M04-137 is removed, weakened, hidden, replaced by mock behavior, implemented only visually without runtime behavior, loses validation/audit/permission semantics, or cannot rep",Runtime screenshot showing the completed behavior; Requirement-linked test result; Audit or activity evidence where the action changes state or data; Device/offline evidence when applicable; GPS/geofence or sync evidence where applicable,UI + API + E2E; add offline/device/location tests where applicable,"FAIL if requirement MVP1-M04-137 is removed, weakened, hidden, replaced by mock behavior, implemented only visually without runtime behavior, loses validation/audit/permission semantics, or cannot reproduce the accepted evidence after a later change."
AC-0251,MVP1-M04-138,Physical Inspection Execution,Inspector,Compliance Configuration,Review item.,Inspector has complete inspection context.,"Display Item Name, Description, Regulation Reference, Evidence Requirements, Guidance Notes and Response Type.",Item details are configuration-driven.,STM-INS-001 | states: Start Allowed->In Progress->Ready for Validation,"ENG-12 immutable event: actor, time, object, before/after state, version refs (MVP1-FND-003)",EV-006;EV-003,"ERR-PKG-001;ERR-GEO-001;ERR-GEO-002;ERR-OFF-001;ERR-OFF-002;ERR-EVD-001;ERR-EVD-002;ERR-SUB-001;ERR-SUB-002 | FAIL if requirement MVP1-M04-138 is removed, weakened, hidden, replaced by mock behavior, implemented only visually without runtime behavior, loses validation/audit/permission semantics, or cannot rep",Runtime screenshot showing the completed behavior; Requirement-linked test result; Audit or activity evidence where the action changes state or data; Device/offline evidence when applicable; GPS/geofence or sync evidence where applicable,UI + API + E2E; add offline/device/location tests where applicable,"FAIL if requirement MVP1-M04-138 is removed, weakened, hidden, replaced by mock behavior, implemented only visually without runtime behavior, loses validation/audit/permission semantics, or cannot reproduce the accepted evidence after a later change."
AC-0252,MVP1-M04-139,Physical Inspection Execution,Inspector,Checklist Engine,Select response.,Response saved successfully.,Save selected response for the inspection item.,Only configured response values are allowed.,STM-INS-001 | states: Start Allowed->In Progress->Ready for Validation,"ENG-12 immutable event: actor, time, object, before/after state, version refs (MVP1-FND-003)",EV-006;EV-003,"ERR-PKG-001;ERR-GEO-001;ERR-GEO-002;ERR-OFF-001;ERR-OFF-002;ERR-EVD-001;ERR-EVD-002;ERR-SUB-001;ERR-SUB-002 | FAIL if requirement MVP1-M04-139 is removed, weakened, hidden, replaced by mock behavior, implemented only visually without runtime behavior, loses validation/audit/permission semantics, or cannot rep",Runtime screenshot showing the completed behavior; Requirement-linked test result; Audit or activity evidence where the action changes state or data; Device/offline evidence when applicable; GPS/geofence or sync evidence where applicable,UI + API + E2E; add offline/device/location tests where applicable,"FAIL if requirement MVP1-M04-139 is removed, weakened, hidden, replaced by mock behavior, implemented only visually without runtime behavior, loses validation/audit/permission semantics, or cannot reproduce the accepted evidence after a later change."
AC-0253,MVP1-M04-140,Physical Inspection Execution,Inspector,Validation Engine,Complete response.,Validation executes correctly.,Validate response according to configured response type and business rules.,Invalid responses cannot be saved.,STM-INS-001 | states: Start Allowed->In Progress->Ready for Validation,"ENG-12 immutable event: actor, time, object, before/after state, version refs (MVP1-FND-003)",EV-006;EV-003,"ERR-PKG-001;ERR-GEO-001;ERR-GEO-002;ERR-OFF-001;ERR-OFF-002;ERR-EVD-001;ERR-EVD-002;ERR-SUB-001;ERR-SUB-002 | FAIL if requirement MVP1-M04-140 is removed, weakened, hidden, replaced by mock behavior, implemented only visually without runtime behavior, loses validation/audit/permission semantics, or cannot rep",Runtime screenshot showing the completed behavior; Requirement-linked test result; Audit or activity evidence where the action changes state or data; Device/offline evidence when applicable; GPS/geofence or sync evidence where applicable,UI + API + E2E; add offline/device/location tests where applicable,"FAIL if requirement MVP1-M04-140 is removed, weakened, hidden, replaced by mock behavior, implemented only visually without runtime behavior, loses validation/audit/permission semantics, or cannot reproduce the accepted evidence after a later change."
AC-0254,MVP1-M04-141,Physical Inspection Execution,Inspector,Rule Engine,None,Compliance calculated correctly.,Evaluate whether response is Compliant or Non-Compliant based on configured rules.,Evaluation is automatic.,STM-INS-001 | states: Start Allowed->In Progress->Ready for Validation,"ENG-12 immutable event: actor, time, object, before/after state, version refs (MVP1-FND-003)",EV-006;EV-003,"ERR-PKG-001;ERR-GEO-001;ERR-GEO-002;ERR-OFF-001;ERR-OFF-002;ERR-EVD-001;ERR-EVD-002;ERR-SUB-001;ERR-SUB-002 | FAIL if requirement MVP1-M04-141 is removed, weakened, hidden, replaced by mock behavior, implemented only visually without runtime behavior, loses validation/audit/permission semantics, or cannot rep",Runtime screenshot showing the completed behavior; Requirement-linked test result; Audit or activity evidence where the action changes state or data; Device/offline evidence when applicable; GPS/geofence or sync evidence where applicable,UI + API + E2E; add offline/device/location tests where applicable,"FAIL if requirement MVP1-M04-141 is removed, weakened, hidden, replaced by mock behavior, implemented only visually without runtime behavior, loses validation/audit/permission semantics, or cannot reproduce the accepted evidence after a later change."
AC-0255,MVP1-M04-142,Physical Inspection Execution,Inspector,Compliance Configuration,None,Correct violation generated automatically.,Retrieve linked violation from Compliance Configuration.,Inspector cannot modify generated violation.,(P08 evidence chain; ENG-07/ENG-08 governed) | states: Observation->Evidence Linked->Finding->Violation/Action,"ENG-12 immutable event: actor, time, object, before/after state, version refs (MVP1-FND-003)",EV-007;EV-003,"ERR-PKG-001;ERR-GEO-001;ERR-GEO-002;ERR-OFF-001;ERR-OFF-002;ERR-EVD-001;ERR-EVD-002;ERR-SUB-001;ERR-SUB-002 | FAIL if requirement MVP1-M04-142 is removed, weakened, hidden, replaced by mock behavior, implemented only visually without runtime behavior, loses validation/audit/permission semantics, or cannot rep",Runtime screenshot showing the completed behavior; Requirement-linked test result; Audit or activity evidence where the action changes state or data; Device/offline evidence when applicable; GPS/geofence or sync evidence where applicable,UI + API + E2E; add offline/device/location tests where applicable,"FAIL if requirement MVP1-M04-142 is removed, weakened, hidden, replaced by mock behavior, implemented only visually without runtime behavior, loses validation/audit/permission semantics, or cannot reproduce the accepted evidence after a later change."
AC-0256,MVP1-M04-143,Physical Inspection Execution,Inspector,Compliance Configuration,Review penalty.,Correct penalty displayed.,Display configured penalty linked to the generated violation.,Penalty is informational during inspection.,(P08 evidence chain; ENG-07/ENG-08 governed) | states: Observation->Evidence Linked->Finding->Violation/Action,"ENG-12 immutable event: actor, time, object, before/after state, version refs (MVP1-FND-003)",EV-007;EV-003,"ERR-PKG-001;ERR-GEO-001;ERR-GEO-002;ERR-OFF-001;ERR-OFF-002;ERR-EVD-001;ERR-EVD-002;ERR-SUB-001;ERR-SUB-002 | FAIL if requirement MVP1-M04-143 is removed, weakened, hidden, replaced by mock behavior, implemented only visually without runtime behavior, loses validation/audit/permission semantics, or cannot rep",Runtime screenshot showing the completed behavior; Requirement-linked test result; Audit or activity evidence where the action changes state or data; Device/offline evidence when applicable; GPS/geofence or sync evidence where applicable,UI + API + E2E; add offline/device/location tests where applicable,"FAIL if requirement MVP1-M04-143 is removed, weakened, hidden, replaced by mock behavior, implemented only visually without runtime behavior, loses validation/audit/permission semantics, or cannot reproduce the accepted evidence after a later change."
AC-0257,MVP1-M04-144,Physical Inspection Execution,Inspector,Compliance Configuration,Review corrective action.,Correct corrective action displayed.,Display configured corrective action associated with the generated violation.,Corrective action is read-only.,STM-INS-001 | states: Start Allowed->In Progress->Ready for Validation,"ENG-12 immutable event: actor, time, object, before/after state, version refs (MVP1-FND-003)",EV-006;EV-003,"ERR-PKG-001;ERR-GEO-001;ERR-GEO-002;ERR-OFF-001;ERR-OFF-002;ERR-EVD-001;ERR-EVD-002;ERR-SUB-001;ERR-SUB-002 | FAIL if requirement MVP1-M04-144 is removed, weakened, hidden, replaced by mock behavior, implemented only visually without runtime behavior, loses validation/audit/permission semantics, or cannot rep",Runtime screenshot showing the completed behavior; Requirement-linked test result; Audit or activity evidence where the action changes state or data; Device/offline evidence when applicable; GPS/geofence or sync evidence where applicable,UI + API + E2E; add offline/device/location tests where applicable,"FAIL if requirement MVP1-M04-144 is removed, weakened, hidden, replaced by mock behavior, implemented only visually without runtime behavior, loses validation/audit/permission semantics, or cannot reproduce the accepted evidence after a later change."
AC-0258,MVP1-M04-145,Physical Inspection Execution,Inspector,Checklist Engine,Enter comments.,Comments stored successfully.,Save inspector comments linked to the inspection item.,Comments remain editable until submission.,STM-INS-001 | states: Start Allowed->In Progress->Ready for Validation,"ENG-12 immutable event: actor, time, object, before/after state, version refs (MVP1-FND-003)",EV-006;EV-003,"ERR-PKG-001;ERR-GEO-001;ERR-GEO-002;ERR-OFF-001;ERR-OFF-002;ERR-EVD-001;ERR-EVD-002;ERR-SUB-001;ERR-SUB-002 | FAIL if requirement MVP1-M04-145 is removed, weakened, hidden, replaced by mock behavior, implemented only visually without runtime behavior, loses validation/audit/permission semantics, or cannot rep",Runtime screenshot showing the completed behavior; Requirement-linked test result; Audit or activity evidence where the action changes state or data; Device/offline evidence when applicable; GPS/geofence or sync evidence where applicable,UI + API + E2E; add offline/device/location tests where applicable,"FAIL if requirement MVP1-M04-145 is removed, weakened, hidden, replaced by mock behavior, implemented only visually without runtime behavior, loses validation/audit/permission semantics, or cannot reproduce the accepted evidence after a later change."
AC-0259,MVP1-M04-146,Physical Inspection Execution,Inspector,Evidence Service,"Upload Photo, Video, Document or Comment.",Evidence linked correctly.,Link uploaded evidence to the inspection item.,Evidence remains attached to originating inspection item.,(P08 evidence chain; ENG-07/ENG-08 governed) | states: Observation->Evidence Linked->Finding->Violation/Action,"ENG-12 immutable event: actor, time, object, before/after state, version refs (MVP1-FND-003)",EV-007;EV-003,"ERR-PKG-001;ERR-GEO-001;ERR-GEO-002;ERR-OFF-001;ERR-OFF-002;ERR-EVD-001;ERR-EVD-002;ERR-SUB-001;ERR-SUB-002 | FAIL if requirement MVP1-M04-146 is removed, weakened, hidden, replaced by mock behavior, implemented only visually without runtime behavior, loses validation/audit/permission semantics, or cannot rep",Runtime screenshot showing the completed behavior; Requirement-linked test result; Audit or activity evidence where the action changes state or data; Device/offline evidence when applicable; GPS/geofence or sync evidence where applicable,UI + API + E2E; add offline/device/location tests where applicable,"FAIL if requirement MVP1-M04-146 is removed, weakened, hidden, replaced by mock behavior, implemented only visually without runtime behavior, loses validation/audit/permission semantics, or cannot reproduce the accepted evidence after a later change."
AC-0260,MVP1-M04-147,Physical Inspection Execution,Inspector,Media Service,Annotate image.,Annotation stored successfully.,Save annotation while preserving original media.,Original evidence remains unchanged.,(P08 evidence chain; ENG-07/ENG-08 governed) | states: Observation->Evidence Linked->Finding->Violation/Action,"ENG-12 immutable event: actor, time, object, before/after state, version refs (MVP1-FND-003)",EV-007;EV-003,"ERR-PKG-001;ERR-GEO-001;ERR-GEO-002;ERR-OFF-001;ERR-OFF-002;ERR-EVD-001;ERR-EVD-002;ERR-SUB-001;ERR-SUB-002 | FAIL if requirement MVP1-M04-147 is removed, weakened, hidden, replaced by mock behavior, implemented only visually without runtime behavior, loses validation/audit/permission semantics, or cannot rep",Runtime screenshot showing the completed behavior; Requirement-linked test result; Audit or activity evidence where the action changes state or data; Device/offline evidence when applicable; GPS/geofence or sync evidence where applicable,UI + API + E2E; add offline/device/location tests where applicable,"FAIL if requirement MVP1-M04-147 is removed, weakened, hidden, replaced by mock behavior, implemented only visually without runtime behavior, loses validation/audit/permission semantics, or cannot reproduce the accepted evidence after a later change."
AC-0261,MVP1-M04-148,Physical Inspection Execution,Inspector,Progress Engine,View progress.,Progress displayed accurately.,Calculate completed items versus remaining items.,Progress contributes to overall inspection completion.,STM-INS-001 | states: Start Allowed->In Progress->Ready for Validation,"ENG-12 immutable event: actor, time, object, before/after state, version refs (MVP1-FND-003)",EV-006;EV-003,"ERR-PKG-001;ERR-GEO-001;ERR-GEO-002;ERR-OFF-001;ERR-OFF-002;ERR-EVD-001;ERR-EVD-002;ERR-SUB-001;ERR-SUB-002 | FAIL if requirement MVP1-M04-148 is removed, weakened, hidden, replaced by mock behavior, implemented only visually without runtime behavior, loses validation/audit/permission semantics, or cannot rep",Runtime screenshot showing the completed behavior; Requirement-linked test result; Audit or activity evidence where the action changes state or data; Device/offline evidence when applicable; GPS/geofence or sync evidence where applicable,UI + API + E2E; add offline/device/location tests where applicable,"FAIL if requirement MVP1-M04-148 is removed, weakened, hidden, replaced by mock behavior, implemented only visually without runtime behavior, loses validation/audit/permission semantics, or cannot reproduce the accepted evidence after a later change."
AC-0262,MVP1-M04-149,Physical Inspection Execution,Inspector,Review Engine,Review summary.,Summary reflects actual inspection state.,"Display total answered items, pending items, compliant items, non-compliant items, violations and evidence count.",Summary updates dynamically.,STM-INS-001 | states: Start Allowed->In Progress->Ready for Validation,"ENG-12 immutable event: actor, time, object, before/after state, version refs (MVP1-FND-003)",EV-006;EV-003,"ERR-PKG-001;ERR-GEO-001;ERR-GEO-002;ERR-OFF-001;ERR-OFF-002;ERR-EVD-001;ERR-EVD-002;ERR-SUB-001;ERR-SUB-002 | FAIL if requirement MVP1-M04-149 is removed, weakened, hidden, replaced by mock behavior, implemented only visually without runtime behavior, loses validation/audit/permission semantics, or cannot rep",Runtime screenshot showing the completed behavior; Requirement-linked test result; Audit or activity evidence where the action changes state or data; Device/offline evidence when applicable; GPS/geofence or sync evidence where applicable,UI + API + E2E; add offline/device/location tests where applicable,"FAIL if requirement MVP1-M04-149 is removed, weakened, hidden, replaced by mock behavior, implemented only visually without runtime behavior, loses validation/audit/permission semantics, or cannot reproduce the accepted evidence after a later change."
AC-0263,MVP1-M04-150,Physical Inspection Execution,Inspector,Draft Service,Save Draft.,Draft restored successfully.,"Save responses, comments and evidence.",Draft remains editable before submission.,STM-INS-001 | states: Start Allowed->In Progress->Ready for Validation,"ENG-12 immutable event: actor, time, object, before/after state, version refs (MVP1-FND-003)",EV-006;EV-003,"ERR-PKG-001;ERR-GEO-001;ERR-GEO-002;ERR-OFF-001;ERR-OFF-002;ERR-EVD-001;ERR-EVD-002;ERR-SUB-001;ERR-SUB-002 | FAIL if requirement MVP1-M04-150 is removed, weakened, hidden, replaced by mock behavior, implemented only visually without runtime behavior, loses validation/audit/permission semantics, or cannot rep",Runtime screenshot showing the completed behavior; Requirement-linked test result; Audit or activity evidence where the action changes state or data; Device/offline evidence when applicable; GPS/geofence or sync evidence where applicable,UI + API + E2E; add offline/device/location tests where applicable,"FAIL if requirement MVP1-M04-150 is removed, weakened, hidden, replaced by mock behavior, implemented only visually without runtime behavior, loses validation/audit/permission semantics, or cannot reproduce the accepted evidence after a later change."
AC-0264,MVP1-M04-151,Physical Inspection Execution,"Inspector, Reviewer",Workflow Engine,View checklist.,Checklist cannot be modified after submission.,Render checklist in read-only mode after submission.,Checklist becomes immutable after submission.,STM-INS-002;STM-SYNC-001;STM-SYNC-002 | states: Ready for Validation->Validated->Submitted->Locked,"ENG-12 immutable event: actor, time, object, before/after state, version refs (MVP1-FND-003)",EV-006;EV-007;EV-003,"ERR-PKG-001;ERR-GEO-001;ERR-GEO-002;ERR-OFF-001;ERR-OFF-002;ERR-EVD-001;ERR-EVD-002;ERR-SUB-001;ERR-SUB-002 | FAIL if requirement MVP1-M04-151 is removed, weakened, hidden, replaced by mock behavior, implemented only visually without runtime behavior, loses validation/audit/permission semantics, or cannot rep",Runtime screenshot showing the completed behavior; Requirement-linked test result; Audit or activity evidence where the action changes state or data; Device/offline evidence when applicable; GPS/geofence or sync evidence where applicable,UI + API + E2E; add offline/device/location tests where applicable,"FAIL if requirement MVP1-M04-151 is removed, weakened, hidden, replaced by mock behavior, implemented only visually without runtime behavior, loses validation/audit/permission semantics, or cannot reproduce the accepted evidence after a later change."
AC-0265,MVP1-M04-152,Physical Inspection Execution,"Inspector, Reviewer",Audit Service,None,Audit history complete.,"Record item opened, answer changed, violation generated, evidence uploaded, comments added, draft saved and completed events.",Every checklist action shall be auditable.,STM-INS-001 | states: Start Allowed->In Progress->Ready for Validation,"ENG-12 immutable event: actor, time, object, before/after state, version refs (MVP1-FND-003)",EV-006;EV-003,"ERR-PKG-001;ERR-GEO-001;ERR-GEO-002;ERR-OFF-001;ERR-OFF-002;ERR-EVD-001;ERR-EVD-002;ERR-SUB-001;ERR-SUB-002 | FAIL if requirement MVP1-M04-152 is removed, weakened, hidden, replaced by mock behavior, implemented only visually without runtime behavior, loses validation/audit/permission semantics, or cannot rep",Runtime screenshot showing the completed behavior; Requirement-linked test result; Audit or activity evidence where the action changes state or data; Device/offline evidence when applicable; GPS/geofence or sync evidence where applicable,UI + API + E2E; add offline/device/location tests where applicable,"FAIL if requirement MVP1-M04-152 is removed, weakened, hidden, replaced by mock behavior, implemented only visually without runtime behavior, loses validation/audit/permission semantics, or cannot reproduce the accepted evidence after a later change."
AC-0266,MVP1-M04-153,Physical Inspection Execution,Inspector,"Validation Engine, Draft Service",Retry.,Checklist remains recoverable after failures.,"Handle validation failures, save failures, evidence upload failures and synchronization failures while preserving entered information.",No checklist data shall be lost because of recoverable failures.,STM-INS-001 | states: Start Allowed->In Progress->Ready for Validation,"ENG-12 immutable event: actor, time, object, before/after state, version refs (MVP1-FND-003)",EV-006;EV-003,"ERR-PKG-001;ERR-GEO-001;ERR-GEO-002;ERR-OFF-001;ERR-OFF-002;ERR-EVD-001;ERR-EVD-002;ERR-SUB-001;ERR-SUB-002 | FAIL if requirement MVP1-M04-153 is removed, weakened, hidden, replaced by mock behavior, implemented only visually without runtime behavior, loses validation/audit/permission semantics, or cannot rep",Runtime screenshot showing the completed behavior; Requirement-linked test result; Audit or activity evidence where the action changes state or data; Device/offline evidence when applicable; GPS/geofence or sync evidence where applicable,UI + API + E2E; add offline/device/location tests where applicable,"FAIL if requirement MVP1-M04-153 is removed, weakened, hidden, replaced by mock behavior, implemented only visually without runtime behavior, loses validation/audit/permission semantics, or cannot reproduce the accepted evidence after a later change."
AC-0267,MVP1-M04-154,Physical Inspection Execution,Inspector,Media Service,"Upload Photo, Video or Document.",Evidence uploaded successfully.,Upload and associate evidence with the active inspection session.,Evidence can be uploaded from any execution step.,(P08 evidence chain; ENG-07/ENG-08 governed) | states: Observation->Evidence Linked->Finding->Violation/Action,"ENG-12 immutable event: actor, time, object, before/after state, version refs (MVP1-FND-003)",EV-007;EV-003,"ERR-PKG-001;ERR-GEO-001;ERR-GEO-002;ERR-OFF-001;ERR-OFF-002;ERR-EVD-001;ERR-EVD-002;ERR-SUB-001;ERR-SUB-002 | FAIL if requirement MVP1-M04-154 is removed, weakened, hidden, replaced by mock behavior, implemented only visually without runtime behavior, loses validation/audit/permission semantics, or cannot rep",Runtime screenshot showing the completed behavior; Requirement-linked test result; Audit or activity evidence where the action changes state or data; Device/offline evidence when applicable; GPS/geofence or sync evidence where applicable,UI + API + E2E; add offline/device/location tests where applicable,"FAIL if requirement MVP1-M04-154 is removed, weakened, hidden, replaced by mock behavior, implemented only visually without runtime behavior, loses validation/audit/permission semantics, or cannot reproduce the accepted evidence after a later change."
AC-0268,MVP1-M04-155,Physical Inspection Execution,Inspector,Device Services,"Select Camera, Gallery or File.",Selected source opened successfully.,Display supported evidence sources.,Supported sources are configurable.,(P08 evidence chain; ENG-07/ENG-08 governed) | states: Observation->Evidence Linked->Finding->Violation/Action,"ENG-12 immutable event: actor, time, object, before/after state, version refs (MVP1-FND-003)",EV-007;EV-003,"ERR-PKG-001;ERR-GEO-001;ERR-GEO-002;ERR-OFF-001;ERR-OFF-002;ERR-EVD-001;ERR-EVD-002;ERR-SUB-001;ERR-SUB-002 | FAIL if requirement MVP1-M04-155 is removed, weakened, hidden, replaced by mock behavior, implemented only visually without runtime behavior, loses validation/audit/permission semantics, or cannot rep",Runtime screenshot showing the completed behavior; Requirement-linked test result; Audit or activity evidence where the action changes state or data; Device/offline evidence when applicable; GPS/geofence or sync evidence where applicable,UI + API + E2E; add offline/device/location tests where applicable,"FAIL if requirement MVP1-M04-155 is removed, weakened, hidden, replaced by mock behavior, implemented only visually without runtime behavior, loses validation/audit/permission semantics, or cannot reproduce the accepted evidence after a later change."
AC-0269,MVP1-M04-156,Physical Inspection Execution,Inspector,Camera Service,Take Photo.,Photo stored successfully.,Launch device camera and capture image.,Original photo retained.,STM-INS-001 | states: Start Allowed->In Progress->Ready for Validation,"ENG-12 immutable event: actor, time, object, before/after state, version refs (MVP1-FND-003)",EV-006;EV-003,"ERR-PKG-001;ERR-GEO-001;ERR-GEO-002;ERR-OFF-001;ERR-OFF-002;ERR-EVD-001;ERR-EVD-002;ERR-SUB-001;ERR-SUB-002 | FAIL if requirement MVP1-M04-156 is removed, weakened, hidden, replaced by mock behavior, implemented only visually without runtime behavior, loses validation/audit/permission semantics, or cannot rep",Runtime screenshot showing the completed behavior; Requirement-linked test result; Audit or activity evidence where the action changes state or data; Device/offline evidence when applicable; GPS/geofence or sync evidence where applicable,UI + API + E2E; add offline/device/location tests where applicable,"FAIL if requirement MVP1-M04-156 is removed, weakened, hidden, replaced by mock behavior, implemented only visually without runtime behavior, loses validation/audit/permission semantics, or cannot reproduce the accepted evidence after a later change."
AC-0270,MVP1-M04-157,Physical Inspection Execution,Inspector,Camera Service,Record Video.,Video uploaded successfully.,Launch video recorder and capture video.,Maximum recording duration configurable.,STM-INS-001 | states: Start Allowed->In Progress->Ready for Validation,"ENG-12 immutable event: actor, time, object, before/after state, version refs (MVP1-FND-003)",EV-006;EV-003,"ERR-PKG-001;ERR-GEO-001;ERR-GEO-002;ERR-OFF-001;ERR-OFF-002;ERR-EVD-001;ERR-EVD-002;ERR-SUB-001;ERR-SUB-002 | FAIL if requirement MVP1-M04-157 is removed, weakened, hidden, replaced by mock behavior, implemented only visually without runtime behavior, loses validation/audit/permission semantics, or cannot rep",Runtime screenshot showing the completed behavior; Requirement-linked test result; Audit or activity evidence where the action changes state or data; Device/offline evidence when applicable; GPS/geofence or sync evidence where applicable,UI + API + E2E; add offline/device/location tests where applicable,"FAIL if requirement MVP1-M04-157 is removed, weakened, hidden, replaced by mock behavior, implemented only visually without runtime behavior, loses validation/audit/permission semantics, or cannot reproduce the accepted evidence after a later change."
AC-0271,MVP1-M04-158,Physical Inspection Execution,Inspector,Storage Service,Select Document.,Document uploaded successfully.,Upload supported document types.,Allowed extensions configured centrally.,STM-INS-001 | states: Start Allowed->In Progress->Ready for Validation,"ENG-12 immutable event: actor, time, object, before/after state, version refs (MVP1-FND-003)",EV-006;EV-003,"ERR-PKG-001;ERR-GEO-001;ERR-GEO-002;ERR-OFF-001;ERR-OFF-002;ERR-EVD-001;ERR-EVD-002;ERR-SUB-001;ERR-SUB-002 | FAIL if requirement MVP1-M04-158 is removed, weakened, hidden, replaced by mock behavior, implemented only visually without runtime behavior, loses validation/audit/permission semantics, or cannot rep",Runtime screenshot showing the completed behavior; Requirement-linked test result; Audit or activity evidence where the action changes state or data; Device/offline evidence when applicable; GPS/geofence or sync evidence where applicable,UI + API + E2E; add offline/device/location tests where applicable,"FAIL if requirement MVP1-M04-158 is removed, weakened, hidden, replaced by mock behavior, implemented only visually without runtime behavior, loses validation/audit/permission semantics, or cannot reproduce the accepted evidence after a later change."
AC-0272,MVP1-M04-159,Physical Inspection Execution,Inspector,Evidence Repository,Enter Comment.,Comment stored successfully.,Store comment with evidence record.,Comment length configurable.,(P08 evidence chain; ENG-07/ENG-08 governed) | states: Observation->Evidence Linked->Finding->Violation/Action,"ENG-12 immutable event: actor, time, object, before/after state, version refs (MVP1-FND-003)",EV-007;EV-003,"ERR-PKG-001;ERR-GEO-001;ERR-GEO-002;ERR-OFF-001;ERR-OFF-002;ERR-EVD-001;ERR-EVD-002;ERR-SUB-001;ERR-SUB-002 | FAIL if requirement MVP1-M04-159 is removed, weakened, hidden, replaced by mock behavior, implemented only visually without runtime behavior, loses validation/audit/permission semantics, or cannot rep",Runtime screenshot showing the completed behavior; Requirement-linked test result; Audit or activity evidence where the action changes state or data; Device/offline evidence when applicable; GPS/geofence or sync evidence where applicable,UI + API + E2E; add offline/device/location tests where applicable,"FAIL if requirement MVP1-M04-159 is removed, weakened, hidden, replaced by mock behavior, implemented only visually without runtime behavior, loses validation/audit/permission semantics, or cannot reproduce the accepted evidence after a later change."
AC-0273,MVP1-M04-160,Physical Inspection Execution,Inspector,Media Editor,Draw Annotation.,Annotation saved successfully.,Save annotation layer while preserving original image.,Original evidence shall never be modified.,STM-INS-001 | states: Start Allowed->In Progress->Ready for Validation,"ENG-12 immutable event: actor, time, object, before/after state, version refs (MVP1-FND-003)",EV-006;EV-003,"ERR-PKG-001;ERR-GEO-001;ERR-GEO-002;ERR-OFF-001;ERR-OFF-002;ERR-EVD-001;ERR-EVD-002;ERR-SUB-001;ERR-SUB-002 | FAIL if requirement MVP1-M04-160 is removed, weakened, hidden, replaced by mock behavior, implemented only visually without runtime behavior, loses validation/audit/permission semantics, or cannot rep",Runtime screenshot showing the completed behavior; Requirement-linked test result; Audit or activity evidence where the action changes state or data; Device/offline evidence when applicable; GPS/geofence or sync evidence where applicable,UI + API + E2E; add offline/device/location tests where applicable,"FAIL if requirement MVP1-M04-160 is removed, weakened, hidden, replaced by mock behavior, implemented only visually without runtime behavior, loses validation/audit/permission semantics, or cannot reproduce the accepted evidence after a later change."
AC-0274,MVP1-M04-161,Physical Inspection Execution,Inspector,Evidence Engine,None,Evidence linked correctly.,"Link evidence to Factory Information, Report Field, Inspection Item, Violation or Action Form.",One evidence item may be linked to multiple entities if configured.,(P08 evidence chain; ENG-07/ENG-08 governed) | states: Observation->Evidence Linked->Finding->Violation/Action,"ENG-12 immutable event: actor, time, object, before/after state, version refs (MVP1-FND-003)",EV-007;EV-003,"ERR-PKG-001;ERR-GEO-001;ERR-GEO-002;ERR-OFF-001;ERR-OFF-002;ERR-EVD-001;ERR-EVD-002;ERR-SUB-001;ERR-SUB-002 | FAIL if requirement MVP1-M04-161 is removed, weakened, hidden, replaced by mock behavior, implemented only visually without runtime behavior, loses validation/audit/permission semantics, or cannot rep",Runtime screenshot showing the completed behavior; Requirement-linked test result; Audit or activity evidence where the action changes state or data; Device/offline evidence when applicable; GPS/geofence or sync evidence where applicable,UI + API + E2E; add offline/device/location tests where applicable,"FAIL if requirement MVP1-M04-161 is removed, weakened, hidden, replaced by mock behavior, implemented only visually without runtime behavior, loses validation/audit/permission semantics, or cannot reproduce the accepted evidence after a later change."
AC-0275,MVP1-M04-162,Physical Inspection Execution,Inspector,Viewer,Open Evidence.,Evidence preview available.,Display preview according to file type.,Preview does not modify evidence.,(P08 evidence chain; ENG-07/ENG-08 governed) | states: Observation->Evidence Linked->Finding->Violation/Action,"ENG-12 immutable event: actor, time, object, before/after state, version refs (MVP1-FND-003)",EV-007;EV-003,"ERR-PKG-001;ERR-GEO-001;ERR-GEO-002;ERR-OFF-001;ERR-OFF-002;ERR-EVD-001;ERR-EVD-002;ERR-SUB-001;ERR-SUB-002 | FAIL if requirement MVP1-M04-162 is removed, weakened, hidden, replaced by mock behavior, implemented only visually without runtime behavior, loses validation/audit/permission semantics, or cannot rep",Runtime screenshot showing the completed behavior; Requirement-linked test result; Audit or activity evidence where the action changes state or data; Device/offline evidence when applicable; GPS/geofence or sync evidence where applicable,UI + API + E2E; add offline/device/location tests where applicable,"FAIL if requirement MVP1-M04-162 is removed, weakened, hidden, replaced by mock behavior, implemented only visually without runtime behavior, loses validation/audit/permission semantics, or cannot reproduce the accepted evidence after a later change."
AC-0276,MVP1-M04-163,Physical Inspection Execution,Inspector,Versioning Engine,Replace File.,Previous version retained in audit.,Archive previous version and upload replacement.,Replacement allowed only before submission.,(P08 evidence chain; ENG-07/ENG-08 governed) | states: Observation->Evidence Linked->Finding->Violation/Action,"ENG-12 immutable event: actor, time, object, before/after state, version refs (MVP1-FND-003)",EV-007;EV-003,"ERR-PKG-001;ERR-GEO-001;ERR-GEO-002;ERR-OFF-001;ERR-OFF-002;ERR-EVD-001;ERR-EVD-002;ERR-SUB-001;ERR-SUB-002 | FAIL if requirement MVP1-M04-163 is removed, weakened, hidden, replaced by mock behavior, implemented only visually without runtime behavior, loses validation/audit/permission semantics, or cannot rep",Runtime screenshot showing the completed behavior; Requirement-linked test result; Audit or activity evidence where the action changes state or data; Device/offline evidence when applicable; GPS/geofence or sync evidence where applicable,UI + API + E2E; add offline/device/location tests where applicable,"FAIL if requirement MVP1-M04-163 is removed, weakened, hidden, replaced by mock behavior, implemented only visually without runtime behavior, loses validation/audit/permission semantics, or cannot reproduce the accepted evidence after a later change."
AC-0277,MVP1-M04-164,Physical Inspection Execution,Inspector,Audit Service,Delete Evidence.,Evidence removed successfully.,Remove evidence from inspection package while recording audit event.,Deletion allowed only before submission.,(P08 evidence chain; ENG-07/ENG-08 governed) | states: Observation->Evidence Linked->Finding->Violation/Action,"ENG-12 immutable event: actor, time, object, before/after state, version refs (MVP1-FND-003)",EV-007;EV-003,"ERR-PKG-001;ERR-GEO-001;ERR-GEO-002;ERR-OFF-001;ERR-OFF-002;ERR-EVD-001;ERR-EVD-002;ERR-SUB-001;ERR-SUB-002 | FAIL if requirement MVP1-M04-164 is removed, weakened, hidden, replaced by mock behavior, implemented only visually without runtime behavior, loses validation/audit/permission semantics, or cannot rep",Runtime screenshot showing the completed behavior; Requirement-linked test result; Audit or activity evidence where the action changes state or data; Device/offline evidence when applicable; GPS/geofence or sync evidence where applicable,UI + API + E2E; add offline/device/location tests where applicable,"FAIL if requirement MVP1-M04-164 is removed, weakened, hidden, replaced by mock behavior, implemented only visually without runtime behavior, loses validation/audit/permission semantics, or cannot reproduce the accepted evidence after a later change."
AC-0278,MVP1-M04-165,Physical Inspection Execution,Inspector,Validation Engine,None,Validation performed successfully.,"Validate mandatory evidence, file type, file size and supported formats.",Submission blocked if mandatory evidence is missing.,(P08 evidence chain; ENG-07/ENG-08 governed) | states: Observation->Evidence Linked->Finding->Violation/Action,"ENG-12 immutable event: actor, time, object, before/after state, version refs (MVP1-FND-003)",EV-007;EV-003,"ERR-PKG-001;ERR-GEO-001;ERR-GEO-002;ERR-OFF-001;ERR-OFF-002;ERR-EVD-001;ERR-EVD-002;ERR-SUB-001;ERR-SUB-002 | FAIL if requirement MVP1-M04-165 is removed, weakened, hidden, replaced by mock behavior, implemented only visually without runtime behavior, loses validation/audit/permission semantics, or cannot rep",Runtime screenshot showing the completed behavior; Requirement-linked test result; Audit or activity evidence where the action changes state or data; Device/offline evidence when applicable; GPS/geofence or sync evidence where applicable,UI + API + E2E; add offline/device/location tests where applicable,"FAIL if requirement MVP1-M04-165 is removed, weakened, hidden, replaced by mock behavior, implemented only visually without runtime behavior, loses validation/audit/permission semantics, or cannot reproduce the accepted evidence after a later change."
AC-0279,MVP1-M04-166,Physical Inspection Execution,Inspector,Media Service,None,Media optimized successfully.,Compress images and videos before synchronization without compromising required quality.,Original quality policy configurable.,STM-INS-001 | states: Start Allowed->In Progress->Ready for Validation,"ENG-12 immutable event: actor, time, object, before/after state, version refs (MVP1-FND-003)",EV-006;EV-003,"ERR-PKG-001;ERR-GEO-001;ERR-GEO-002;ERR-OFF-001;ERR-OFF-002;ERR-EVD-001;ERR-EVD-002;ERR-SUB-001;ERR-SUB-002 | FAIL if requirement MVP1-M04-166 is removed, weakened, hidden, replaced by mock behavior, implemented only visually without runtime behavior, loses validation/audit/permission semantics, or cannot rep",Runtime screenshot showing the completed behavior; Requirement-linked test result; Audit or activity evidence where the action changes state or data; Device/offline evidence when applicable; GPS/geofence or sync evidence where applicable,UI + API + E2E; add offline/device/location tests where applicable,"FAIL if requirement MVP1-M04-166 is removed, weakened, hidden, replaced by mock behavior, implemented only visually without runtime behavior, loses validation/audit/permission semantics, or cannot reproduce the accepted evidence after a later change."
AC-0280,MVP1-M04-167,Physical Inspection Execution,Inspector,Offline Sync,Continue Upload.,Offline evidence retained successfully.,Store evidence securely on device until synchronization.,Evidence remains available after application restart.,(P08 evidence chain; ENG-07/ENG-08 governed) | states: Observation->Evidence Linked->Finding->Violation/Action,"ENG-12 immutable event: actor, time, object, before/after state, version refs (MVP1-FND-003)",EV-007;EV-003,"ERR-PKG-001;ERR-GEO-001;ERR-GEO-002;ERR-OFF-001;ERR-OFF-002;ERR-EVD-001;ERR-EVD-002;ERR-SUB-001;ERR-SUB-002 | FAIL if requirement MVP1-M04-167 is removed, weakened, hidden, replaced by mock behavior, implemented only visually without runtime behavior, loses validation/audit/permission semantics, or cannot rep",Runtime screenshot showing the completed behavior; Requirement-linked test result; Audit or activity evidence where the action changes state or data; Device/offline evidence when applicable; GPS/geofence or sync evidence where applicable,UI + API + E2E; add offline/device/location tests where applicable,"FAIL if requirement MVP1-M04-167 is removed, weakened, hidden, replaced by mock behavior, implemented only visually without runtime behavior, loses validation/audit/permission semantics, or cannot reproduce the accepted evidence after a later change."
AC-0281,MVP1-M04-168,Physical Inspection Execution,Inspector,Synchronization Engine,None,Offline evidence synchronized successfully.,Synchronize queued evidence while preserving relationships.,Synchronization order shall be maintained.,(P08 evidence chain; ENG-07/ENG-08 governed) | states: Observation->Evidence Linked->Finding->Violation/Action,"ENG-12 immutable event: actor, time, object, before/after state, version refs (MVP1-FND-003)",EV-007;EV-003,"ERR-PKG-001;ERR-GEO-001;ERR-GEO-002;ERR-OFF-001;ERR-OFF-002;ERR-EVD-001;ERR-EVD-002;ERR-SUB-001;ERR-SUB-002 | FAIL if requirement MVP1-M04-168 is removed, weakened, hidden, replaced by mock behavior, implemented only visually without runtime behavior, loses validation/audit/permission semantics, or cannot rep",Runtime screenshot showing the completed behavior; Requirement-linked test result; Audit or activity evidence where the action changes state or data; Device/offline evidence when applicable; GPS/geofence or sync evidence where applicable,UI + API + E2E; add offline/device/location tests where applicable,"FAIL if requirement MVP1-M04-168 is removed, weakened, hidden, replaced by mock behavior, implemented only visually without runtime behavior, loses validation/audit/permission semantics, or cannot reproduce the accepted evidence after a later change."
AC-0282,MVP1-M04-169,Physical Inspection Execution,"Inspector, Reviewer",Audit Service,None,Complete evidence history available.,"Record upload, replace, delete, preview, annotation and synchronization events.",Every evidence action shall be auditable.,(P08 evidence chain; ENG-07/ENG-08 governed) | states: Observation->Evidence Linked->Finding->Violation/Action,"ENG-12 immutable event: actor, time, object, before/after state, version refs (MVP1-FND-003)",EV-007;EV-003,"ERR-PKG-001;ERR-GEO-001;ERR-GEO-002;ERR-OFF-001;ERR-OFF-002;ERR-EVD-001;ERR-EVD-002;ERR-SUB-001;ERR-SUB-002 | FAIL if requirement MVP1-M04-169 is removed, weakened, hidden, replaced by mock behavior, implemented only visually without runtime behavior, loses validation/audit/permission semantics, or cannot rep",Runtime screenshot showing the completed behavior; Requirement-linked test result; Audit or activity evidence where the action changes state or data; Device/offline evidence when applicable; GPS/geofence or sync evidence where applicable,UI + API + E2E; add offline/device/location tests where applicable,"FAIL if requirement MVP1-M04-169 is removed, weakened, hidden, replaced by mock behavior, implemented only visually without runtime behavior, loses validation/audit/permission semantics, or cannot reproduce the accepted evidence after a later change."
AC-0283,MVP1-M04-170,Physical Inspection Execution,Inspector,"Storage, Sync Engine",Retry Upload.,No uploaded evidence is lost because of recoverable failures.,"Handle upload failures, synchronization failures, storage failures and unsupported formats without losing existing evidence.",Evidence integrity maintained after failures.,(P08 evidence chain; ENG-07/ENG-08 governed) | states: Observation->Evidence Linked->Finding->Violation/Action,"ENG-12 immutable event: actor, time, object, before/after state, version refs (MVP1-FND-003)",EV-007;EV-003,"ERR-PKG-001;ERR-GEO-001;ERR-GEO-002;ERR-OFF-001;ERR-OFF-002;ERR-EVD-001;ERR-EVD-002;ERR-SUB-001;ERR-SUB-002 | FAIL if requirement MVP1-M04-170 is removed, weakened, hidden, replaced by mock behavior, implemented only visually without runtime behavior, loses validation/audit/permission semantics, or cannot rep",Runtime screenshot showing the completed behavior; Requirement-linked test result; Audit or activity evidence where the action changes state or data; Device/offline evidence when applicable; GPS/geofence or sync evidence where applicable,UI + API + E2E; add offline/device/location tests where applicable,"FAIL if requirement MVP1-M04-170 is removed, weakened, hidden, replaced by mock behavior, implemented only visually without runtime behavior, loses validation/audit/permission semantics, or cannot reproduce the accepted evidence after a later change."
AC-0284,MVP1-M04-171,Physical Inspection Execution,Inspector,Compliance Configuration,None,Action Form decision generated correctly.,Evaluate configured trigger rules after each inspection response.,Trigger evaluation occurs immediately after each answer.,(P08 evidence chain; ENG-07/ENG-08 governed) | states: Observation->Evidence Linked->Finding->Violation/Action,"ENG-12 immutable event: actor, time, object, before/after state, version refs (MVP1-FND-003)",EV-007;EV-003,"ERR-PKG-001;ERR-GEO-001;ERR-GEO-002;ERR-OFF-001;ERR-OFF-002;ERR-EVD-001;ERR-EVD-002;ERR-SUB-001;ERR-SUB-002 | FAIL if requirement MVP1-M04-171 is removed, weakened, hidden, replaced by mock behavior, implemented only visually without runtime behavior, loses validation/audit/permission semantics, or cannot rep",Runtime screenshot showing the completed behavior; Requirement-linked test result; Audit or activity evidence where the action changes state or data; Device/offline evidence when applicable; GPS/geofence or sync evidence where applicable,UI + API + E2E; add offline/device/location tests where applicable,"FAIL if requirement MVP1-M04-171 is removed, weakened, hidden, replaced by mock behavior, implemented only visually without runtime behavior, loses validation/audit/permission semantics, or cannot reproduce the accepted evidence after a later change."
AC-0285,MVP1-M04-172,Physical Inspection Execution,Inspector,Dynamic Form Builder,None,Correct Action Form generated.,Create Action Form from Dynamic Form Builder using configured template.,Generated forms belong only to the current inspection.,(P08 evidence chain; ENG-07/ENG-08 governed) | states: Observation->Evidence Linked->Finding->Violation/Action,"ENG-12 immutable event: actor, time, object, before/after state, version refs (MVP1-FND-003)",EV-007;EV-003,"ERR-PKG-001;ERR-GEO-001;ERR-GEO-002;ERR-OFF-001;ERR-OFF-002;ERR-EVD-001;ERR-EVD-002;ERR-SUB-001;ERR-SUB-002 | FAIL if requirement MVP1-M04-172 is removed, weakened, hidden, replaced by mock behavior, implemented only visually without runtime behavior, loses validation/audit/permission semantics, or cannot rep",Runtime screenshot showing the completed behavior; Requirement-linked test result; Audit or activity evidence where the action changes state or data; Device/offline evidence when applicable; GPS/geofence or sync evidence where applicable,UI + API + E2E; add offline/device/location tests where applicable,"FAIL if requirement MVP1-M04-172 is removed, weakened, hidden, replaced by mock behavior, implemented only visually without runtime behavior, loses validation/audit/permission semantics, or cannot reproduce the accepted evidence after a later change."
AC-0286,MVP1-M04-173,Physical Inspection Execution,Inspector,Form Builder,None,Correct form type assigned.,"Assign configured form type (Corrective Action, Notice, Acknowledgment, Shutdown, etc.).",Form type is configuration-driven.,(P08 evidence chain; ENG-07/ENG-08 governed) | states: Observation->Evidence Linked->Finding->Violation/Action,"ENG-12 immutable event: actor, time, object, before/after state, version refs (MVP1-FND-003)",EV-007;EV-003,"ERR-PKG-001;ERR-GEO-001;ERR-GEO-002;ERR-OFF-001;ERR-OFF-002;ERR-EVD-001;ERR-EVD-002;ERR-SUB-001;ERR-SUB-002 | FAIL if requirement MVP1-M04-173 is removed, weakened, hidden, replaced by mock behavior, implemented only visually without runtime behavior, loses validation/audit/permission semantics, or cannot rep",Runtime screenshot showing the completed behavior; Requirement-linked test result; Audit or activity evidence where the action changes state or data; Device/offline evidence when applicable; GPS/geofence or sync evidence where applicable,UI + API + E2E; add offline/device/location tests where applicable,"FAIL if requirement MVP1-M04-173 is removed, weakened, hidden, replaced by mock behavior, implemented only visually without runtime behavior, loses validation/audit/permission semantics, or cannot reproduce the accepted evidence after a later change."
AC-0287,MVP1-M04-174,Physical Inspection Execution,Inspector,Dynamic Form Builder,Open Form.,Form displayed successfully.,Load dynamic fields and sections according to configuration.,Forms are loaded from the locked package version.,(P08 evidence chain; ENG-07/ENG-08 governed) | states: Observation->Evidence Linked->Finding->Violation/Action,"ENG-12 immutable event: actor, time, object, before/after state, version refs (MVP1-FND-003)",EV-007;EV-003,"ERR-PKG-001;ERR-GEO-001;ERR-GEO-002;ERR-OFF-001;ERR-OFF-002;ERR-EVD-001;ERR-EVD-002;ERR-SUB-001;ERR-SUB-002 | FAIL if requirement MVP1-M04-174 is removed, weakened, hidden, replaced by mock behavior, implemented only visually without runtime behavior, loses validation/audit/permission semantics, or cannot rep",Runtime screenshot showing the completed behavior; Requirement-linked test result; Audit or activity evidence where the action changes state or data; Device/offline evidence when applicable; GPS/geofence or sync evidence where applicable,UI + API + E2E; add offline/device/location tests where applicable,"FAIL if requirement MVP1-M04-174 is removed, weakened, hidden, replaced by mock behavior, implemented only visually without runtime behavior, loses validation/audit/permission semantics, or cannot reproduce the accepted evidence after a later change."
AC-0288,MVP1-M04-175,Physical Inspection Execution,Inspector,Dynamic Form Builder,Complete fields.,Fields rendered correctly.,"Render text, number, lookup, date, attachment, signature and custom controls.",Field rendering follows Form Builder configuration.,STM-INS-001 | states: Start Allowed->In Progress->Ready for Validation,"ENG-12 immutable event: actor, time, object, before/after state, version refs (MVP1-FND-003)",EV-006;EV-003,"ERR-PKG-001;ERR-GEO-001;ERR-GEO-002;ERR-OFF-001;ERR-OFF-002;ERR-EVD-001;ERR-EVD-002;ERR-SUB-001;ERR-SUB-002 | FAIL if requirement MVP1-M04-175 is removed, weakened, hidden, replaced by mock behavior, implemented only visually without runtime behavior, loses validation/audit/permission semantics, or cannot rep",Runtime screenshot showing the completed behavior; Requirement-linked test result; Audit or activity evidence where the action changes state or data; Device/offline evidence when applicable; GPS/geofence or sync evidence where applicable,UI + API + E2E; add offline/device/location tests where applicable,"FAIL if requirement MVP1-M04-175 is removed, weakened, hidden, replaced by mock behavior, implemented only visually without runtime behavior, loses validation/audit/permission semantics, or cannot reproduce the accepted evidence after a later change."
AC-0289,MVP1-M04-176,Physical Inspection Execution,Inspector,Rule Engine,Fill data.,Visibility rules executed correctly.,Evaluate conditional display rules defined in the Form Builder.,Hidden fields are excluded from validation.,STM-INS-001 | states: Start Allowed->In Progress->Ready for Validation,"ENG-12 immutable event: actor, time, object, before/after state, version refs (MVP1-FND-003)",EV-006;EV-003,"ERR-PKG-001;ERR-GEO-001;ERR-GEO-002;ERR-OFF-001;ERR-OFF-002;ERR-EVD-001;ERR-EVD-002;ERR-SUB-001;ERR-SUB-002 | FAIL if requirement MVP1-M04-176 is removed, weakened, hidden, replaced by mock behavior, implemented only visually without runtime behavior, loses validation/audit/permission semantics, or cannot rep",Runtime screenshot showing the completed behavior; Requirement-linked test result; Audit or activity evidence where the action changes state or data; Device/offline evidence when applicable; GPS/geofence or sync evidence where applicable,UI + API + E2E; add offline/device/location tests where applicable,"FAIL if requirement MVP1-M04-176 is removed, weakened, hidden, replaced by mock behavior, implemented only visually without runtime behavior, loses validation/audit/permission semantics, or cannot reproduce the accepted evidence after a later change."
AC-0290,MVP1-M04-177,Physical Inspection Execution,Inspector,Validation Engine,Complete required fields.,Missing required fields block completion.,Validate mandatory fields before allowing completion.,Mandatory rules are configuration-driven.,STM-INS-001 | states: Start Allowed->In Progress->Ready for Validation,"ENG-12 immutable event: actor, time, object, before/after state, version refs (MVP1-FND-003)",EV-006;EV-003,"ERR-PKG-001;ERR-GEO-001;ERR-GEO-002;ERR-OFF-001;ERR-OFF-002;ERR-EVD-001;ERR-EVD-002;ERR-SUB-001;ERR-SUB-002 | FAIL if requirement MVP1-M04-177 is removed, weakened, hidden, replaced by mock behavior, implemented only visually without runtime behavior, loses validation/audit/permission semantics, or cannot rep",Runtime screenshot showing the completed behavior; Requirement-linked test result; Audit or activity evidence where the action changes state or data; Device/offline evidence when applicable; GPS/geofence or sync evidence where applicable,UI + API + E2E; add offline/device/location tests where applicable,"FAIL if requirement MVP1-M04-177 is removed, weakened, hidden, replaced by mock behavior, implemented only visually without runtime behavior, loses validation/audit/permission semantics, or cannot reproduce the accepted evidence after a later change."
AC-0291,MVP1-M04-178,Physical Inspection Execution,Inspector,Draft Service,Enter values.,Responses stored successfully.,Save responses as part of the inspection session.,Responses remain editable until submission.,(P08 evidence chain; ENG-07/ENG-08 governed) | states: Observation->Evidence Linked->Finding->Violation/Action,"ENG-12 immutable event: actor, time, object, before/after state, version refs (MVP1-FND-003)",EV-007;EV-003,"ERR-PKG-001;ERR-GEO-001;ERR-GEO-002;ERR-OFF-001;ERR-OFF-002;ERR-EVD-001;ERR-EVD-002;ERR-SUB-001;ERR-SUB-002 | FAIL if requirement MVP1-M04-178 is removed, weakened, hidden, replaced by mock behavior, implemented only visually without runtime behavior, loses validation/audit/permission semantics, or cannot rep",Runtime screenshot showing the completed behavior; Requirement-linked test result; Audit or activity evidence where the action changes state or data; Device/offline evidence when applicable; GPS/geofence or sync evidence where applicable,UI + API + E2E; add offline/device/location tests where applicable,"FAIL if requirement MVP1-M04-178 is removed, weakened, hidden, replaced by mock behavior, implemented only visually without runtime behavior, loses validation/audit/permission semantics, or cannot reproduce the accepted evidence after a later change."
AC-0292,MVP1-M04-179,Physical Inspection Execution,Inspector,Evidence Engine,Upload evidence.,Evidence linked correctly.,Link uploaded evidence directly to the Action Form.,Evidence requirements depend on form configuration.,(P08 evidence chain; ENG-07/ENG-08 governed) | states: Observation->Evidence Linked->Finding->Violation/Action,"ENG-12 immutable event: actor, time, object, before/after state, version refs (MVP1-FND-003)",EV-007;EV-003,"ERR-PKG-001;ERR-GEO-001;ERR-GEO-002;ERR-OFF-001;ERR-OFF-002;ERR-EVD-001;ERR-EVD-002;ERR-SUB-001;ERR-SUB-002 | FAIL if requirement MVP1-M04-179 is removed, weakened, hidden, replaced by mock behavior, implemented only visually without runtime behavior, loses validation/audit/permission semantics, or cannot rep",Runtime screenshot showing the completed behavior; Requirement-linked test result; Audit or activity evidence where the action changes state or data; Device/offline evidence when applicable; GPS/geofence or sync evidence where applicable,UI + API + E2E; add offline/device/location tests where applicable,"FAIL if requirement MVP1-M04-179 is removed, weakened, hidden, replaced by mock behavior, implemented only visually without runtime behavior, loses validation/audit/permission semantics, or cannot reproduce the accepted evidence after a later change."
AC-0293,MVP1-M04-180,Physical Inspection Execution,"Inspector, Factory Representative",Signature Service,Sign electronically.,Required signatures captured successfully.,"Capture inspector signature and, when configured, factory representative signature. If refused, record refusal reason.",Signature requirement is configurable.,STM-INS-001 | states: Start Allowed->In Progress->Ready for Validation,"ENG-12 immutable event: actor, time, object, before/after state, version refs (MVP1-FND-003)",EV-006;EV-003,"ERR-PKG-001;ERR-GEO-001;ERR-GEO-002;ERR-OFF-001;ERR-OFF-002;ERR-EVD-001;ERR-EVD-002;ERR-SUB-001;ERR-SUB-002 | FAIL if requirement MVP1-M04-180 is removed, weakened, hidden, replaced by mock behavior, implemented only visually without runtime behavior, loses validation/audit/permission semantics, or cannot rep",Runtime screenshot showing the completed behavior; Requirement-linked test result; Audit or activity evidence where the action changes state or data; Device/offline evidence when applicable; GPS/geofence or sync evidence where applicable,UI + API + E2E; add offline/device/location tests where applicable,"FAIL if requirement MVP1-M04-180 is removed, weakened, hidden, replaced by mock behavior, implemented only visually without runtime behavior, loses validation/audit/permission semantics, or cannot reproduce the accepted evidence after a later change."
AC-0294,MVP1-M04-181,Physical Inspection Execution,Inspector,Draft Service,Save Draft.,Draft restored successfully.,Save partially completed Action Form including responses and evidence.,Draft remains editable until submission.,(P08 evidence chain; ENG-07/ENG-08 governed) | states: Observation->Evidence Linked->Finding->Violation/Action,"ENG-12 immutable event: actor, time, object, before/after state, version refs (MVP1-FND-003)",EV-007;EV-003,"ERR-PKG-001;ERR-GEO-001;ERR-GEO-002;ERR-OFF-001;ERR-OFF-002;ERR-EVD-001;ERR-EVD-002;ERR-SUB-001;ERR-SUB-002 | FAIL if requirement MVP1-M04-181 is removed, weakened, hidden, replaced by mock behavior, implemented only visually without runtime behavior, loses validation/audit/permission semantics, or cannot rep",Runtime screenshot showing the completed behavior; Requirement-linked test result; Audit or activity evidence where the action changes state or data; Device/offline evidence when applicable; GPS/geofence or sync evidence where applicable,UI + API + E2E; add offline/device/location tests where applicable,"FAIL if requirement MVP1-M04-181 is removed, weakened, hidden, replaced by mock behavior, implemented only visually without runtime behavior, loses validation/audit/permission semantics, or cannot reproduce the accepted evidence after a later change."
AC-0295,MVP1-M04-182,Physical Inspection Execution,Inspector,Draft Service,Continue working.,Form progress preserved automatically.,Save Action Form automatically after configurable intervals and major changes.,Auto Save runs silently.,(P08 evidence chain; ENG-07/ENG-08 governed) | states: Observation->Evidence Linked->Finding->Violation/Action,"ENG-12 immutable event: actor, time, object, before/after state, version refs (MVP1-FND-003)",EV-007;EV-003,"ERR-PKG-001;ERR-GEO-001;ERR-GEO-002;ERR-OFF-001;ERR-OFF-002;ERR-EVD-001;ERR-EVD-002;ERR-SUB-001;ERR-SUB-002 | FAIL if requirement MVP1-M04-182 is removed, weakened, hidden, replaced by mock behavior, implemented only visually without runtime behavior, loses validation/audit/permission semantics, or cannot rep",Runtime screenshot showing the completed behavior; Requirement-linked test result; Audit or activity evidence where the action changes state or data; Device/offline evidence when applicable; GPS/geofence or sync evidence where applicable,UI + API + E2E; add offline/device/location tests where applicable,"FAIL if requirement MVP1-M04-182 is removed, weakened, hidden, replaced by mock behavior, implemented only visually without runtime behavior, loses validation/audit/permission semantics, or cannot reproduce the accepted evidence after a later change."
AC-0296,MVP1-M04-183,Physical Inspection Execution,Inspector,Validation Engine,Click Complete.,Completed status assigned correctly.,Validate all mandatory requirements and mark Action Form as completed.,Form cannot be marked complete with validation errors.,(P08 evidence chain; ENG-07/ENG-08 governed) | states: Observation->Evidence Linked->Finding->Violation/Action,"ENG-12 immutable event: actor, time, object, before/after state, version refs (MVP1-FND-003)",EV-007;EV-003,"ERR-PKG-001;ERR-GEO-001;ERR-GEO-002;ERR-OFF-001;ERR-OFF-002;ERR-EVD-001;ERR-EVD-002;ERR-SUB-001;ERR-SUB-002 | FAIL if requirement MVP1-M04-183 is removed, weakened, hidden, replaced by mock behavior, implemented only visually without runtime behavior, loses validation/audit/permission semantics, or cannot rep",Runtime screenshot showing the completed behavior; Requirement-linked test result; Audit or activity evidence where the action changes state or data; Device/offline evidence when applicable; GPS/geofence or sync evidence where applicable,UI + API + E2E; add offline/device/location tests where applicable,"FAIL if requirement MVP1-M04-183 is removed, weakened, hidden, replaced by mock behavior, implemented only visually without runtime behavior, loses validation/audit/permission semantics, or cannot reproduce the accepted evidence after a later change."
AC-0297,MVP1-M04-184,Physical Inspection Execution,Inspector,Progress Engine,None,Wizard progress recalculated correctly.,Update inspection progress based on completed Action Forms.,Progress updates automatically.,STM-INS-001 | states: Start Allowed->In Progress->Ready for Validation,"ENG-12 immutable event: actor, time, object, before/after state, version refs (MVP1-FND-003)",EV-006;EV-003,"ERR-PKG-001;ERR-GEO-001;ERR-GEO-002;ERR-OFF-001;ERR-OFF-002;ERR-EVD-001;ERR-EVD-002;ERR-SUB-001;ERR-SUB-002 | FAIL if requirement MVP1-M04-184 is removed, weakened, hidden, replaced by mock behavior, implemented only visually without runtime behavior, loses validation/audit/permission semantics, or cannot rep",Runtime screenshot showing the completed behavior; Requirement-linked test result; Audit or activity evidence where the action changes state or data; Device/offline evidence when applicable; GPS/geofence or sync evidence where applicable,UI + API + E2E; add offline/device/location tests where applicable,"FAIL if requirement MVP1-M04-184 is removed, weakened, hidden, replaced by mock behavior, implemented only visually without runtime behavior, loses validation/audit/permission semantics, or cannot reproduce the accepted evidence after a later change."
AC-0298,MVP1-M04-185,Physical Inspection Execution,"Inspector, Reviewer",Review Engine,Review forms.,Summary generated successfully.,"Display generated forms, completion status, evidence count and signature status.",Summary is read-only before submission.,(P08 evidence chain; ENG-07/ENG-08 governed) | states: Observation->Evidence Linked->Finding->Violation/Action,"ENG-12 immutable event: actor, time, object, before/after state, version refs (MVP1-FND-003)",EV-007;EV-003,"ERR-PKG-001;ERR-GEO-001;ERR-GEO-002;ERR-OFF-001;ERR-OFF-002;ERR-EVD-001;ERR-EVD-002;ERR-SUB-001;ERR-SUB-002 | FAIL if requirement MVP1-M04-185 is removed, weakened, hidden, replaced by mock behavior, implemented only visually without runtime behavior, loses validation/audit/permission semantics, or cannot rep",Runtime screenshot showing the completed behavior; Requirement-linked test result; Audit or activity evidence where the action changes state or data; Device/offline evidence when applicable; GPS/geofence or sync evidence where applicable,UI + API + E2E; add offline/device/location tests where applicable,"FAIL if requirement MVP1-M04-185 is removed, weakened, hidden, replaced by mock behavior, implemented only visually without runtime behavior, loses validation/audit/permission semantics, or cannot reproduce the accepted evidence after a later change."
AC-0299,MVP1-M04-186,Physical Inspection Execution,"Inspector, Reviewer",Workflow Engine,View forms.,Action Forms cannot be edited.,Render all Action Forms in read-only mode.,Forms become immutable after submission.,(P08 evidence chain; ENG-07/ENG-08 governed) | states: Observation->Evidence Linked->Finding->Violation/Action,"ENG-12 immutable event: actor, time, object, before/after state, version refs (MVP1-FND-003)",EV-007;EV-003,"ERR-PKG-001;ERR-GEO-001;ERR-GEO-002;ERR-OFF-001;ERR-OFF-002;ERR-EVD-001;ERR-EVD-002;ERR-SUB-001;ERR-SUB-002 | FAIL if requirement MVP1-M04-186 is removed, weakened, hidden, replaced by mock behavior, implemented only visually without runtime behavior, loses validation/audit/permission semantics, or cannot rep",Runtime screenshot showing the completed behavior; Requirement-linked test result; Audit or activity evidence where the action changes state or data; Device/offline evidence when applicable; GPS/geofence or sync evidence where applicable,UI + API + E2E; add offline/device/location tests where applicable,"FAIL if requirement MVP1-M04-186 is removed, weakened, hidden, replaced by mock behavior, implemented only visually without runtime behavior, loses validation/audit/permission semantics, or cannot reproduce the accepted evidence after a later change."
AC-0300,MVP1-M04-187,Physical Inspection Execution,"Inspector, Reviewer",Audit Service,None,Audit history complete.,"Record generation, editing, evidence upload, signatures, completion, draft save, resume and submission events.",Every Action Form event is auditable.,(P08 evidence chain; ENG-07/ENG-08 governed) | states: Observation->Evidence Linked->Finding->Violation/Action,"ENG-12 immutable event: actor, time, object, before/after state, version refs (MVP1-FND-003)",EV-007;EV-003,"ERR-PKG-001;ERR-GEO-001;ERR-GEO-002;ERR-OFF-001;ERR-OFF-002;ERR-EVD-001;ERR-EVD-002;ERR-SUB-001;ERR-SUB-002 | FAIL if requirement MVP1-M04-187 is removed, weakened, hidden, replaced by mock behavior, implemented only visually without runtime behavior, loses validation/audit/permission semantics, or cannot rep",Runtime screenshot showing the completed behavior; Requirement-linked test result; Audit or activity evidence where the action changes state or data; Device/offline evidence when applicable; GPS/geofence or sync evidence where applicable,UI + API + E2E; add offline/device/location tests where applicable,"FAIL if requirement MVP1-M04-187 is removed, weakened, hidden, replaced by mock behavior, implemented only visually without runtime behavior, loses validation/audit/permission semantics, or cannot reproduce the accepted evidence after a later change."
AC-0301,MVP1-M04-188,Physical Inspection Execution,Inspector,"Validation Engine, Draft Service",Retry.,Action Forms recover successfully after failures.,"Handle generation failures, rendering failures, validation failures, signature failures and save failures while preserving entered data.",No completed Action Form data shall be lost due to recoverable failures.,(P08 evidence chain; ENG-07/ENG-08 governed) | states: Observation->Evidence Linked->Finding->Violation/Action,"ENG-12 immutable event: actor, time, object, before/after state, version refs (MVP1-FND-003)",EV-007;EV-003,"ERR-PKG-001;ERR-GEO-001;ERR-GEO-002;ERR-OFF-001;ERR-OFF-002;ERR-EVD-001;ERR-EVD-002;ERR-SUB-001;ERR-SUB-002 | FAIL if requirement MVP1-M04-188 is removed, weakened, hidden, replaced by mock behavior, implemented only visually without runtime behavior, loses validation/audit/permission semantics, or cannot rep",Runtime screenshot showing the completed behavior; Requirement-linked test result; Audit or activity evidence where the action changes state or data; Device/offline evidence when applicable; GPS/geofence or sync evidence where applicable,UI + API + E2E; add offline/device/location tests where applicable,"FAIL if requirement MVP1-M04-188 is removed, weakened, hidden, replaced by mock behavior, implemented only visually without runtime behavior, loses validation/audit/permission semantics, or cannot reproduce the accepted evidence after a later change."
AC-0302,MVP1-M04-189,Physical Inspection Execution,Inspector,Execution Engine,Open Review.,Review screen loads successfully.,Load review dashboard containing all execution sections.,Review is always the last wizard step.,STM-INS-001 | states: Start Allowed->In Progress->Ready for Validation,"ENG-12 immutable event: actor, time, object, before/after state, version refs (MVP1-FND-003)",EV-006;EV-003,"ERR-PKG-001;ERR-GEO-001;ERR-GEO-002;ERR-OFF-001;ERR-OFF-002;ERR-EVD-001;ERR-EVD-002;ERR-SUB-001;ERR-SUB-002 | FAIL if requirement MVP1-M04-189 is removed, weakened, hidden, replaced by mock behavior, implemented only visually without runtime behavior, loses validation/audit/permission semantics, or cannot rep",Runtime screenshot showing the completed behavior; Requirement-linked test result; Audit or activity evidence where the action changes state or data; Device/offline evidence when applicable; GPS/geofence or sync evidence where applicable,UI + API + E2E; add offline/device/location tests where applicable,"FAIL if requirement MVP1-M04-189 is removed, weakened, hidden, replaced by mock behavior, implemented only visually without runtime behavior, loses validation/audit/permission semantics, or cannot reproduce the accepted evidence after a later change."
AC-0303,MVP1-M04-190,Physical Inspection Execution,Inspector,Observation Engine,Review changes.,Factory verification summary displayed correctly.,"Display Source Value, Observed Value, Verification Status, Before/After values and attached evidence for every modified field.",Only modified fields are highlighted.,STM-INS-001 | states: Start Allowed->In Progress->Ready for Validation,"ENG-12 immutable event: actor, time, object, before/after state, version refs (MVP1-FND-003)",EV-006;EV-003,"ERR-PKG-001;ERR-GEO-001;ERR-GEO-002;ERR-OFF-001;ERR-OFF-002;ERR-EVD-001;ERR-EVD-002;ERR-SUB-001;ERR-SUB-002 | FAIL if requirement MVP1-M04-190 is removed, weakened, hidden, replaced by mock behavior, implemented only visually without runtime behavior, loses validation/audit/permission semantics, or cannot rep",Runtime screenshot showing the completed behavior; Requirement-linked test result; Audit or activity evidence where the action changes state or data; Device/offline evidence when applicable; GPS/geofence or sync evidence where applicable,UI + API + E2E; add offline/device/location tests where applicable,"FAIL if requirement MVP1-M04-190 is removed, weakened, hidden, replaced by mock behavior, implemented only visually without runtime behavior, loses validation/audit/permission semantics, or cannot reproduce the accepted evidence after a later change."
AC-0304,MVP1-M04-191,Physical Inspection Execution,Inspector,Dynamic Form Builder,Expand Report Section.,Report summary displayed successfully.,"Display report sections, completed fields, attachments and comments.",Report is read-only during review.,STM-INS-001 | states: Start Allowed->In Progress->Ready for Validation,"ENG-12 immutable event: actor, time, object, before/after state, version refs (MVP1-FND-003)",EV-006;EV-003,"ERR-PKG-001;ERR-GEO-001;ERR-GEO-002;ERR-OFF-001;ERR-OFF-002;ERR-EVD-001;ERR-EVD-002;ERR-SUB-001;ERR-SUB-002 | FAIL if requirement MVP1-M04-191 is removed, weakened, hidden, replaced by mock behavior, implemented only visually without runtime behavior, loses validation/audit/permission semantics, or cannot rep",Runtime screenshot showing the completed behavior; Requirement-linked test result; Audit or activity evidence where the action changes state or data; Device/offline evidence when applicable; GPS/geofence or sync evidence where applicable,UI + API + E2E; add offline/device/location tests where applicable,"FAIL if requirement MVP1-M04-191 is removed, weakened, hidden, replaced by mock behavior, implemented only visually without runtime behavior, loses validation/audit/permission semantics, or cannot reproduce the accepted evidence after a later change."
AC-0305,MVP1-M04-192,Physical Inspection Execution,Inspector,Checklist Engine,Expand Checklist Section.,Checklist summary displayed correctly.,"Display answered items, pending items, compliant items, non-compliant items and inspector comments.",Checklist reflects the latest saved responses.,STM-INS-001 | states: Start Allowed->In Progress->Ready for Validation,"ENG-12 immutable event: actor, time, object, before/after state, version refs (MVP1-FND-003)",EV-006;EV-003,"ERR-PKG-001;ERR-GEO-001;ERR-GEO-002;ERR-OFF-001;ERR-OFF-002;ERR-EVD-001;ERR-EVD-002;ERR-SUB-001;ERR-SUB-002 | FAIL if requirement MVP1-M04-192 is removed, weakened, hidden, replaced by mock behavior, implemented only visually without runtime behavior, loses validation/audit/permission semantics, or cannot rep",Runtime screenshot showing the completed behavior; Requirement-linked test result; Audit or activity evidence where the action changes state or data; Device/offline evidence when applicable; GPS/geofence or sync evidence where applicable,UI + API + E2E; add offline/device/location tests where applicable,"FAIL if requirement MVP1-M04-192 is removed, weakened, hidden, replaced by mock behavior, implemented only visually without runtime behavior, loses validation/audit/permission semantics, or cannot reproduce the accepted evidence after a later change."
AC-0306,MVP1-M04-193,Physical Inspection Execution,Inspector,Compliance Configuration,Expand Violations Section.,Violations displayed correctly.,"Display violation classification, regulation, severity, corrective action and current status.",Violations are read-only and generated automatically.,(P08 evidence chain; ENG-07/ENG-08 governed) | states: Observation->Evidence Linked->Finding->Violation/Action,"ENG-12 immutable event: actor, time, object, before/after state, version refs (MVP1-FND-003)",EV-007;EV-003,"ERR-PKG-001;ERR-GEO-001;ERR-GEO-002;ERR-OFF-001;ERR-OFF-002;ERR-EVD-001;ERR-EVD-002;ERR-SUB-001;ERR-SUB-002 | FAIL if requirement MVP1-M04-193 is removed, weakened, hidden, replaced by mock behavior, implemented only visually without runtime behavior, loses validation/audit/permission semantics, or cannot rep",Runtime screenshot showing the completed behavior; Requirement-linked test result; Audit or activity evidence where the action changes state or data; Device/offline evidence when applicable; GPS/geofence or sync evidence where applicable,UI + API + E2E; add offline/device/location tests where applicable,"FAIL if requirement MVP1-M04-193 is removed, weakened, hidden, replaced by mock behavior, implemented only visually without runtime behavior, loses validation/audit/permission semantics, or cannot reproduce the accepted evidence after a later change."
AC-0307,MVP1-M04-194,Physical Inspection Execution,Inspector,Compliance Configuration,Review penalties.,Penalties displayed correctly.,Display configured penalties associated with each generated violation.,Penalties cannot be modified by the inspector.,(P08 evidence chain; ENG-07/ENG-08 governed) | states: Observation->Evidence Linked->Finding->Violation/Action,"ENG-12 immutable event: actor, time, object, before/after state, version refs (MVP1-FND-003)",EV-007;EV-003,"ERR-PKG-001;ERR-GEO-001;ERR-GEO-002;ERR-OFF-001;ERR-OFF-002;ERR-EVD-001;ERR-EVD-002;ERR-SUB-001;ERR-SUB-002 | FAIL if requirement MVP1-M04-194 is removed, weakened, hidden, replaced by mock behavior, implemented only visually without runtime behavior, loses validation/audit/permission semantics, or cannot rep",Runtime screenshot showing the completed behavior; Requirement-linked test result; Audit or activity evidence where the action changes state or data; Device/offline evidence when applicable; GPS/geofence or sync evidence where applicable,UI + API + E2E; add offline/device/location tests where applicable,"FAIL if requirement MVP1-M04-194 is removed, weakened, hidden, replaced by mock behavior, implemented only visually without runtime behavior, loses validation/audit/permission semantics, or cannot reproduce the accepted evidence after a later change."
AC-0308,MVP1-M04-195,Physical Inspection Execution,Inspector,Dynamic Form Builder,Expand Action Forms.,Action Form summary displayed successfully.,"Display completion status, signatures, evidence count and validation status for every generated form.",Incomplete mandatory forms are highlighted.,(P08 evidence chain; ENG-07/ENG-08 governed) | states: Observation->Evidence Linked->Finding->Violation/Action,"ENG-12 immutable event: actor, time, object, before/after state, version refs (MVP1-FND-003)",EV-007;EV-003,"ERR-PKG-001;ERR-GEO-001;ERR-GEO-002;ERR-OFF-001;ERR-OFF-002;ERR-EVD-001;ERR-EVD-002;ERR-SUB-001;ERR-SUB-002 | FAIL if requirement MVP1-M04-195 is removed, weakened, hidden, replaced by mock behavior, implemented only visually without runtime behavior, loses validation/audit/permission semantics, or cannot rep",Runtime screenshot showing the completed behavior; Requirement-linked test result; Audit or activity evidence where the action changes state or data; Device/offline evidence when applicable; GPS/geofence or sync evidence where applicable,UI + API + E2E; add offline/device/location tests where applicable,"FAIL if requirement MVP1-M04-195 is removed, weakened, hidden, replaced by mock behavior, implemented only visually without runtime behavior, loses validation/audit/permission semantics, or cannot reproduce the accepted evidence after a later change."
AC-0309,MVP1-M04-196,Physical Inspection Execution,Inspector,Evidence Engine,Preview Evidence.,Evidence summary displayed correctly.,"Display all evidence grouped by Factory Verification, Report, Checklist and Action Forms.",Deleted evidence shall not appear.,(P08 evidence chain; ENG-07/ENG-08 governed) | states: Observation->Evidence Linked->Finding->Violation/Action,"ENG-12 immutable event: actor, time, object, before/after state, version refs (MVP1-FND-003)",EV-007;EV-003,"ERR-PKG-001;ERR-GEO-001;ERR-GEO-002;ERR-OFF-001;ERR-OFF-002;ERR-EVD-001;ERR-EVD-002;ERR-SUB-001;ERR-SUB-002 | FAIL if requirement MVP1-M04-196 is removed, weakened, hidden, replaced by mock behavior, implemented only visually without runtime behavior, loses validation/audit/permission semantics, or cannot rep",Runtime screenshot showing the completed behavior; Requirement-linked test result; Audit or activity evidence where the action changes state or data; Device/offline evidence when applicable; GPS/geofence or sync evidence where applicable,UI + API + E2E; add offline/device/location tests where applicable,"FAIL if requirement MVP1-M04-196 is removed, weakened, hidden, replaced by mock behavior, implemented only visually without runtime behavior, loses validation/audit/permission semantics, or cannot reproduce the accepted evidence after a later change."
AC-0310,MVP1-M04-197,Physical Inspection Execution,Inspector,Signature Service,Review Signatures.,Signature status displayed correctly.,"Display Inspector Signature, Factory Representative Signature or Refusal Reason where applicable.",Signature requirements depend on Action Form configuration.,STM-INS-001 | states: Start Allowed->In Progress->Ready for Validation,"ENG-12 immutable event: actor, time, object, before/after state, version refs (MVP1-FND-003)",EV-006;EV-003,"ERR-PKG-001;ERR-GEO-001;ERR-GEO-002;ERR-OFF-001;ERR-OFF-002;ERR-EVD-001;ERR-EVD-002;ERR-SUB-001;ERR-SUB-002 | FAIL if requirement MVP1-M04-197 is removed, weakened, hidden, replaced by mock behavior, implemented only visually without runtime behavior, loses validation/audit/permission semantics, or cannot rep",Runtime screenshot showing the completed behavior; Requirement-linked test result; Audit or activity evidence where the action changes state or data; Device/offline evidence when applicable; GPS/geofence or sync evidence where applicable,UI + API + E2E; add offline/device/location tests where applicable,"FAIL if requirement MVP1-M04-197 is removed, weakened, hidden, replaced by mock behavior, implemented only visually without runtime behavior, loses validation/audit/permission semantics, or cannot reproduce the accepted evidence after a later change."
AC-0311,MVP1-M04-198,Physical Inspection Execution,Inspector,Progress Engine,View summary.,Counter reflects all changes.,"Count updated Factory Information, Report responses, Checklist responses, Evidence uploads and Action Forms.",Counter updates automatically until submission.,STM-INS-001 | states: Start Allowed->In Progress->Ready for Validation,"ENG-12 immutable event: actor, time, object, before/after state, version refs (MVP1-FND-003)",EV-006;EV-003,"ERR-PKG-001;ERR-GEO-001;ERR-GEO-002;ERR-OFF-001;ERR-OFF-002;ERR-EVD-001;ERR-EVD-002;ERR-SUB-001;ERR-SUB-002 | FAIL if requirement MVP1-M04-198 is removed, weakened, hidden, replaced by mock behavior, implemented only visually without runtime behavior, loses validation/audit/permission semantics, or cannot rep",Runtime screenshot showing the completed behavior; Requirement-linked test result; Audit or activity evidence where the action changes state or data; Device/offline evidence when applicable; GPS/geofence or sync evidence where applicable,UI + API + E2E; add offline/device/location tests where applicable,"FAIL if requirement MVP1-M04-198 is removed, weakened, hidden, replaced by mock behavior, implemented only visually without runtime behavior, loses validation/audit/permission semantics, or cannot reproduce the accepted evidence after a later change."
AC-0312,MVP1-M04-199,Physical Inspection Execution,Inspector,Validation Engine,Click Validate.,Validation completed successfully.,"Validate mandatory fields, mandatory checklist items, mandatory Action Forms, signatures and evidence.",Submission blocked if any mandatory requirement is missing.,STM-INS-001 | states: Start Allowed->In Progress->Ready for Validation,"ENG-12 immutable event: actor, time, object, before/after state, version refs (MVP1-FND-003)",EV-006;EV-003,"ERR-PKG-001;ERR-GEO-001;ERR-GEO-002;ERR-OFF-001;ERR-OFF-002;ERR-EVD-001;ERR-EVD-002;ERR-SUB-001;ERR-SUB-002 | FAIL if requirement MVP1-M04-199 is removed, weakened, hidden, replaced by mock behavior, implemented only visually without runtime behavior, loses validation/audit/permission semantics, or cannot rep",Runtime screenshot showing the completed behavior; Requirement-linked test result; Audit or activity evidence where the action changes state or data; Device/offline evidence when applicable; GPS/geofence or sync evidence where applicable,UI + API + E2E; add offline/device/location tests where applicable,"FAIL if requirement MVP1-M04-199 is removed, weakened, hidden, replaced by mock behavior, implemented only visually without runtime behavior, loses validation/audit/permission semantics, or cannot reproduce the accepted evidence after a later change."
AC-0313,MVP1-M04-200,Physical Inspection Execution,Inspector,Validation Engine,Review issues.,Validation summary generated correctly.,Display grouped validation results by wizard step with issue description and severity.,All validation failures are displayed together.,STM-INS-001 | states: Start Allowed->In Progress->Ready for Validation,"ENG-12 immutable event: actor, time, object, before/after state, version refs (MVP1-FND-003)",EV-006;EV-003,"ERR-PKG-001;ERR-GEO-001;ERR-GEO-002;ERR-OFF-001;ERR-OFF-002;ERR-EVD-001;ERR-EVD-002;ERR-SUB-001;ERR-SUB-002 | FAIL if requirement MVP1-M04-200 is removed, weakened, hidden, replaced by mock behavior, implemented only visually without runtime behavior, loses validation/audit/permission semantics, or cannot rep",Runtime screenshot showing the completed behavior; Requirement-linked test result; Audit or activity evidence where the action changes state or data; Device/offline evidence when applicable; GPS/geofence or sync evidence where applicable,UI + API + E2E; add offline/device/location tests where applicable,"FAIL if requirement MVP1-M04-200 is removed, weakened, hidden, replaced by mock behavior, implemented only visually without runtime behavior, loses validation/audit/permission semantics, or cannot reproduce the accepted evidence after a later change."
AC-0314,MVP1-M04-201,Physical Inspection Execution,Inspector,Navigation Engine,Click Validation Issue.,Inspector reaches missing field directly.,Navigate to the corresponding wizard step and highlight the missing field or section.,Navigation always opens the correct location.,STM-INS-001 | states: Start Allowed->In Progress->Ready for Validation,"ENG-12 immutable event: actor, time, object, before/after state, version refs (MVP1-FND-003)",EV-006;EV-003,"ERR-PKG-001;ERR-GEO-001;ERR-GEO-002;ERR-OFF-001;ERR-OFF-002;ERR-EVD-001;ERR-EVD-002;ERR-SUB-001;ERR-SUB-002 | FAIL if requirement MVP1-M04-201 is removed, weakened, hidden, replaced by mock behavior, implemented only visually without runtime behavior, loses validation/audit/permission semantics, or cannot rep",Runtime screenshot showing the completed behavior; Requirement-linked test result; Audit or activity evidence where the action changes state or data; Device/offline evidence when applicable; GPS/geofence or sync evidence where applicable,UI + API + E2E; add offline/device/location tests where applicable,"FAIL if requirement MVP1-M04-201 is removed, weakened, hidden, replaced by mock behavior, implemented only visually without runtime behavior, loses validation/audit/permission semantics, or cannot reproduce the accepted evidence after a later change."
AC-0315,MVP1-M04-202,Physical Inspection Execution,Inspector,UI Engine,Expand or Collapse Sections.,Sections expand and collapse correctly.,Allow review sections to be expanded or collapsed independently.,Expansion state does not affect data.,STM-INS-001 | states: Start Allowed->In Progress->Ready for Validation,"ENG-12 immutable event: actor, time, object, before/after state, version refs (MVP1-FND-003)",EV-006;EV-003,"ERR-PKG-001;ERR-GEO-001;ERR-GEO-002;ERR-OFF-001;ERR-OFF-002;ERR-EVD-001;ERR-EVD-002;ERR-SUB-001;ERR-SUB-002 | FAIL if requirement MVP1-M04-202 is removed, weakened, hidden, replaced by mock behavior, implemented only visually without runtime behavior, loses validation/audit/permission semantics, or cannot rep",Runtime screenshot showing the completed behavior; Requirement-linked test result; Audit or activity evidence where the action changes state or data; Device/offline evidence when applicable; GPS/geofence or sync evidence where applicable,UI + API + E2E; add offline/device/location tests where applicable,"FAIL if requirement MVP1-M04-202 is removed, weakened, hidden, replaced by mock behavior, implemented only visually without runtime behavior, loses validation/audit/permission semantics, or cannot reproduce the accepted evidence after a later change."
AC-0316,MVP1-M04-203,Physical Inspection Execution,Inspector,Draft Service,Save Draft.,Review draft restored successfully.,Save review position together with the inspection draft.,Draft remains editable until submission.,STM-INS-001 | states: Start Allowed->In Progress->Ready for Validation,"ENG-12 immutable event: actor, time, object, before/after state, version refs (MVP1-FND-003)",EV-006;EV-003,"ERR-PKG-001;ERR-GEO-001;ERR-GEO-002;ERR-OFF-001;ERR-OFF-002;ERR-EVD-001;ERR-EVD-002;ERR-SUB-001;ERR-SUB-002 | FAIL if requirement MVP1-M04-203 is removed, weakened, hidden, replaced by mock behavior, implemented only visually without runtime behavior, loses validation/audit/permission semantics, or cannot rep",Runtime screenshot showing the completed behavior; Requirement-linked test result; Audit or activity evidence where the action changes state or data; Device/offline evidence when applicable; GPS/geofence or sync evidence where applicable,UI + API + E2E; add offline/device/location tests where applicable,"FAIL if requirement MVP1-M04-203 is removed, weakened, hidden, replaced by mock behavior, implemented only visually without runtime behavior, loses validation/audit/permission semantics, or cannot reproduce the accepted evidence after a later change."
AC-0317,MVP1-M04-204,Physical Inspection Execution,Inspector,Validation Engine,None,Submit button enabled only when inspection is ready.,Evaluate overall inspection readiness based on validation results. Enable Submit only when all blocking validations pass.,Submit button remains disabled while blocking issues exist.,STM-INS-002;STM-SYNC-001;STM-SYNC-002 | states: Ready for Validation->Validated->Submitted->Locked,"ENG-12 immutable event: actor, time, object, before/after state, version refs (MVP1-FND-003)",EV-006;EV-007;EV-003,"ERR-PKG-001;ERR-GEO-001;ERR-GEO-002;ERR-OFF-001;ERR-OFF-002;ERR-EVD-001;ERR-EVD-002;ERR-SUB-001;ERR-SUB-002 | FAIL if requirement MVP1-M04-204 is removed, weakened, hidden, replaced by mock behavior, implemented only visually without runtime behavior, loses validation/audit/permission semantics, or cannot rep",Runtime screenshot showing the completed behavior; Requirement-linked test result; Audit or activity evidence where the action changes state or data; Device/offline evidence when applicable; GPS/geofence or sync evidence where applicable,UI + API + E2E; add offline/device/location tests where applicable,"FAIL if requirement MVP1-M04-204 is removed, weakened, hidden, replaced by mock behavior, implemented only visually without runtime behavior, loses validation/audit/permission semantics, or cannot reproduce the accepted evidence after a later change."
AC-0318,MVP1-M04-205,Physical Inspection Execution,"Inspector, Reviewer",Audit Service,None,Audit history complete.,"Record review opened, validation executed, navigation events, draft saved and submission readiness evaluation.",Every review activity shall be auditable.,STM-INS-001 | states: Start Allowed->In Progress->Ready for Validation,"ENG-12 immutable event: actor, time, object, before/after state, version refs (MVP1-FND-003)",EV-006;EV-003,"ERR-PKG-001;ERR-GEO-001;ERR-GEO-002;ERR-OFF-001;ERR-OFF-002;ERR-EVD-001;ERR-EVD-002;ERR-SUB-001;ERR-SUB-002 | FAIL if requirement MVP1-M04-205 is removed, weakened, hidden, replaced by mock behavior, implemented only visually without runtime behavior, loses validation/audit/permission semantics, or cannot rep",Runtime screenshot showing the completed behavior; Requirement-linked test result; Audit or activity evidence where the action changes state or data; Device/offline evidence when applicable; GPS/geofence or sync evidence where applicable,UI + API + E2E; add offline/device/location tests where applicable,"FAIL if requirement MVP1-M04-205 is removed, weakened, hidden, replaced by mock behavior, implemented only visually without runtime behavior, loses validation/audit/permission semantics, or cannot reproduce the accepted evidence after a later change."
AC-0319,MVP1-M04-206,Physical Inspection Execution,Inspector,"Validation Engine, Audit Service",Retry Review.,Review remains recoverable without data loss.,"Handle validation failures, summary generation failures and navigation failures while preserving inspection data.",Review errors shall never modify or remove inspection data.,STM-INS-001 | states: Start Allowed->In Progress->Ready for Validation,"ENG-12 immutable event: actor, time, object, before/after state, version refs (MVP1-FND-003)",EV-006;EV-003,"ERR-PKG-001;ERR-GEO-001;ERR-GEO-002;ERR-OFF-001;ERR-OFF-002;ERR-EVD-001;ERR-EVD-002;ERR-SUB-001;ERR-SUB-002 | FAIL if requirement MVP1-M04-206 is removed, weakened, hidden, replaced by mock behavior, implemented only visually without runtime behavior, loses validation/audit/permission semantics, or cannot rep",Runtime screenshot showing the completed behavior; Requirement-linked test result; Audit or activity evidence where the action changes state or data; Device/offline evidence when applicable; GPS/geofence or sync evidence where applicable,UI + API + E2E; add offline/device/location tests where applicable,"FAIL if requirement MVP1-M04-206 is removed, weakened, hidden, replaced by mock behavior, implemented only visually without runtime behavior, loses validation/audit/permission semantics, or cannot reproduce the accepted evidence after a later change."
AC-0320,MVP1-M04-207,Physical Inspection Execution,Inspector,Workflow Engine,Click Submit Inspection.,Submission process starts successfully.,Start final submission process.,Submit is only available after Review validation passes.,STM-INS-002;STM-SYNC-001;STM-SYNC-002 | states: Ready for Validation->Validated->Submitted->Locked,"ENG-12 immutable event: actor, time, object, before/after state, version refs (MVP1-FND-003)",EV-006;EV-007;EV-003,"ERR-PKG-001;ERR-GEO-001;ERR-GEO-002;ERR-OFF-001;ERR-OFF-002;ERR-EVD-001;ERR-EVD-002;ERR-SUB-001;ERR-SUB-002 | FAIL if requirement MVP1-M04-207 is removed, weakened, hidden, replaced by mock behavior, implemented only visually without runtime behavior, loses validation/audit/permission semantics, or cannot rep",Runtime screenshot showing the completed behavior; Requirement-linked test result; Audit or activity evidence where the action changes state or data; Device/offline evidence when applicable; GPS/geofence or sync evidence where applicable,UI + API + E2E; add offline/device/location tests where applicable,"FAIL if requirement MVP1-M04-207 is removed, weakened, hidden, replaced by mock behavior, implemented only visually without runtime behavior, loses validation/audit/permission semantics, or cannot reproduce the accepted evidence after a later change."
AC-0321,MVP1-M04-208,Physical Inspection Execution,Inspector,Validation Engine,None,Submission blocked if validation fails.,"Revalidate mandatory fields, mandatory checklist items, Action Forms, evidence, signatures and business rules before committing submission.",Final validation always executes even if previous validation passed.,STM-INS-001 | states: Start Allowed->In Progress->Ready for Validation,"ENG-12 immutable event: actor, time, object, before/after state, version refs (MVP1-FND-003)",EV-006;EV-003,"ERR-PKG-001;ERR-GEO-001;ERR-GEO-002;ERR-OFF-001;ERR-OFF-002;ERR-EVD-001;ERR-EVD-002;ERR-SUB-001;ERR-SUB-002 | FAIL if requirement MVP1-M04-208 is removed, weakened, hidden, replaced by mock behavior, implemented only visually without runtime behavior, loses validation/audit/permission semantics, or cannot rep",Runtime screenshot showing the completed behavior; Requirement-linked test result; Audit or activity evidence where the action changes state or data; Device/offline evidence when applicable; GPS/geofence or sync evidence where applicable,UI + API + E2E; add offline/device/location tests where applicable,"FAIL if requirement MVP1-M04-208 is removed, weakened, hidden, replaced by mock behavior, implemented only visually without runtime behavior, loses validation/audit/permission semantics, or cannot reproduce the accepted evidence after a later change."
AC-0322,MVP1-M04-209,Physical Inspection Execution,Inspector,Number Generator,None,Unique inspection number generated successfully.,Generate a unique Inspection Number according to configured numbering rules.,Inspection Number is immutable after generation.,STM-INS-001 | states: Start Allowed->In Progress->Ready for Validation,"ENG-12 immutable event: actor, time, object, before/after state, version refs (MVP1-FND-003)",EV-006;EV-003,"ERR-PKG-001;ERR-GEO-001;ERR-GEO-002;ERR-OFF-001;ERR-OFF-002;ERR-EVD-001;ERR-EVD-002;ERR-SUB-001;ERR-SUB-002 | FAIL if requirement MVP1-M04-209 is removed, weakened, hidden, replaced by mock behavior, implemented only visually without runtime behavior, loses validation/audit/permission semantics, or cannot rep",Runtime screenshot showing the completed behavior; Requirement-linked test result; Audit or activity evidence where the action changes state or data; Device/offline evidence when applicable; GPS/geofence or sync evidence where applicable,UI + API + E2E; add offline/device/location tests where applicable,"FAIL if requirement MVP1-M04-209 is removed, weakened, hidden, replaced by mock behavior, implemented only visually without runtime behavior, loses validation/audit/permission semantics, or cannot reproduce the accepted evidence after a later change."
AC-0323,MVP1-M04-210,Physical Inspection Execution,Inspector,Workflow Engine,None,Inspection data permanently locked.,"Freeze all responses, checklist answers, report data, factory observations, Action Forms and evidence.",No further editing is permitted after submission.,STM-INS-001 | states: Start Allowed->In Progress->Ready for Validation,"ENG-12 immutable event: actor, time, object, before/after state, version refs (MVP1-FND-003)",EV-006;EV-003,"ERR-PKG-001;ERR-GEO-001;ERR-GEO-002;ERR-OFF-001;ERR-OFF-002;ERR-EVD-001;ERR-EVD-002;ERR-SUB-001;ERR-SUB-002 | FAIL if requirement MVP1-M04-210 is removed, weakened, hidden, replaced by mock behavior, implemented only visually without runtime behavior, loses validation/audit/permission semantics, or cannot rep",Runtime screenshot showing the completed behavior; Requirement-linked test result; Audit or activity evidence where the action changes state or data; Device/offline evidence when applicable; GPS/geofence or sync evidence where applicable,UI + API + E2E; add offline/device/location tests where applicable,"FAIL if requirement MVP1-M04-210 is removed, weakened, hidden, replaced by mock behavior, implemented only visually without runtime behavior, loses validation/audit/permission semantics, or cannot reproduce the accepted evidence after a later change."
AC-0324,MVP1-M04-211,Physical Inspection Execution,Reviewer,Package Repository,None,Package version preserved successfully.,Lock the inspection package version used during execution for future audit and review.,Package version shall remain available throughout the inspection lifecycle.,STM-INS-002;STM-SYNC-001;STM-SYNC-002 | states: Ready for Validation->Validated->Submitted->Locked,"ENG-12 immutable event: actor, time, object, before/after state, version refs (MVP1-FND-003)",EV-006;EV-007;EV-003,"ERR-PKG-001;ERR-GEO-001;ERR-GEO-002;ERR-OFF-001;ERR-OFF-002;ERR-EVD-001;ERR-EVD-002;ERR-SUB-001;ERR-SUB-002 | FAIL if requirement MVP1-M04-211 is removed, weakened, hidden, replaced by mock behavior, implemented only visually without runtime behavior, loses validation/audit/permission semantics, or cannot rep",Runtime screenshot showing the completed behavior; Requirement-linked test result; Audit or activity evidence where the action changes state or data; Device/offline evidence when applicable; GPS/geofence or sync evidence where applicable,UI + API + E2E; add offline/device/location tests where applicable,"FAIL if requirement MVP1-M04-211 is removed, weakened, hidden, replaced by mock behavior, implemented only visually without runtime behavior, loses validation/audit/permission semantics, or cannot reproduce the accepted evidence after a later change."
AC-0325,MVP1-M04-212,Physical Inspection Execution,"Inspector, Reviewer",Evidence Service,None,Evidence repository finalized successfully.,"Lock uploaded evidence, annotations and comments against further modification.",Evidence becomes read-only after submission.,(P08 evidence chain; ENG-07/ENG-08 governed) | states: Observation->Evidence Linked->Finding->Violation/Action,"ENG-12 immutable event: actor, time, object, before/after state, version refs (MVP1-FND-003)",EV-007;EV-003,"ERR-PKG-001;ERR-GEO-001;ERR-GEO-002;ERR-OFF-001;ERR-OFF-002;ERR-EVD-001;ERR-EVD-002;ERR-SUB-001;ERR-SUB-002 | FAIL if requirement MVP1-M04-212 is removed, weakened, hidden, replaced by mock behavior, implemented only visually without runtime behavior, loses validation/audit/permission semantics, or cannot rep",Runtime screenshot showing the completed behavior; Requirement-linked test result; Audit or activity evidence where the action changes state or data; Device/offline evidence when applicable; GPS/geofence or sync evidence where applicable,UI + API + E2E; add offline/device/location tests where applicable,"FAIL if requirement MVP1-M04-212 is removed, weakened, hidden, replaced by mock behavior, implemented only visually without runtime behavior, loses validation/audit/permission semantics, or cannot reproduce the accepted evidence after a later change."
AC-0326,MVP1-M04-213,Physical Inspection Execution,Inspector,Dynamic Form Builder,None,Action Forms finalized successfully.,Mark all completed Action Forms as closed and prevent further editing.,All mandatory Action Forms must be completed before submission.,(P08 evidence chain; ENG-07/ENG-08 governed) | states: Observation->Evidence Linked->Finding->Violation/Action,"ENG-12 immutable event: actor, time, object, before/after state, version refs (MVP1-FND-003)",EV-007;EV-003,"ERR-PKG-001;ERR-GEO-001;ERR-GEO-002;ERR-OFF-001;ERR-OFF-002;ERR-EVD-001;ERR-EVD-002;ERR-SUB-001;ERR-SUB-002 | FAIL if requirement MVP1-M04-213 is removed, weakened, hidden, replaced by mock behavior, implemented only visually without runtime behavior, loses validation/audit/permission semantics, or cannot rep",Runtime screenshot showing the completed behavior; Requirement-linked test result; Audit or activity evidence where the action changes state or data; Device/offline evidence when applicable; GPS/geofence or sync evidence where applicable,UI + API + E2E; add offline/device/location tests where applicable,"FAIL if requirement MVP1-M04-213 is removed, weakened, hidden, replaced by mock behavior, implemented only visually without runtime behavior, loses validation/audit/permission semantics, or cannot reproduce the accepted evidence after a later change."
AC-0327,MVP1-M04-214,Physical Inspection Execution,Reviewer,Audit Repository,None,Snapshot created successfully.,"Create a read-only snapshot including package version, responses, observations, evidence, violations and Action Forms.",Snapshot becomes the official inspection record.,STM-INS-001 | states: Start Allowed->In Progress->Ready for Validation,"ENG-12 immutable event: actor, time, object, before/after state, version refs (MVP1-FND-003)",EV-006;EV-003,"ERR-PKG-001;ERR-GEO-001;ERR-GEO-002;ERR-OFF-001;ERR-OFF-002;ERR-EVD-001;ERR-EVD-002;ERR-SUB-001;ERR-SUB-002 | FAIL if requirement MVP1-M04-214 is removed, weakened, hidden, replaced by mock behavior, implemented only visually without runtime behavior, loses validation/audit/permission semantics, or cannot rep",Runtime screenshot showing the completed behavior; Requirement-linked test result; Audit or activity evidence where the action changes state or data; Device/offline evidence when applicable; GPS/geofence or sync evidence where applicable,UI + API + E2E; add offline/device/location tests where applicable,"FAIL if requirement MVP1-M04-214 is removed, weakened, hidden, replaced by mock behavior, implemented only visually without runtime behavior, loses validation/audit/permission semantics, or cannot reproduce the accepted evidence after a later change."
AC-0328,MVP1-M04-215,Physical Inspection Execution,Reviewer,Reporting Engine,None,PDF generated successfully.,"Generate PDF containing factory information, inspection report, checklist, violations, penalties, Action Forms, evidence references and inspector information.",PDF is generated after successful submission and becomes the official inspection report for reviewers.,STM-INS-001 | states: Start Allowed->In Progress->Ready for Validation,"ENG-12 immutable event: actor, time, object, before/after state, version refs (MVP1-FND-003)",EV-006;EV-003,"ERR-PKG-001;ERR-GEO-001;ERR-GEO-002;ERR-OFF-001;ERR-OFF-002;ERR-EVD-001;ERR-EVD-002;ERR-SUB-001;ERR-SUB-002 | FAIL if requirement MVP1-M04-215 is removed, weakened, hidden, replaced by mock behavior, implemented only visually without runtime behavior, loses validation/audit/permission semantics, or cannot rep",Runtime screenshot showing the completed behavior; Requirement-linked test result; Audit or activity evidence where the action changes state or data; Device/offline evidence when applicable; GPS/geofence or sync evidence where applicable,UI + API + E2E; add offline/device/location tests where applicable,"FAIL if requirement MVP1-M04-215 is removed, weakened, hidden, replaced by mock behavior, implemented only visually without runtime behavior, loses validation/audit/permission semantics, or cannot reproduce the accepted evidence after a later change."
AC-0329,MVP1-M04-216,Physical Inspection Execution,Reviewer,Workflow Engine,None,Workflow updated successfully.,Update Workflow Status from In Progress to Pending Review.,Workflow transition is automatic.,STM-INS-001 | states: Start Allowed->In Progress->Ready for Validation,"ENG-12 immutable event: actor, time, object, before/after state, version refs (MVP1-FND-003)",EV-006;EV-003,"ERR-PKG-001;ERR-GEO-001;ERR-GEO-002;ERR-OFF-001;ERR-OFF-002;ERR-EVD-001;ERR-EVD-002;ERR-SUB-001;ERR-SUB-002 | FAIL if requirement MVP1-M04-216 is removed, weakened, hidden, replaced by mock behavior, implemented only visually without runtime behavior, loses validation/audit/permission semantics, or cannot rep",Runtime screenshot showing the completed behavior; Requirement-linked test result; Audit or activity evidence where the action changes state or data; Device/offline evidence when applicable; GPS/geofence or sync evidence where applicable,UI + API + E2E; add offline/device/location tests where applicable,"FAIL if requirement MVP1-M04-216 is removed, weakened, hidden, replaced by mock behavior, implemented only visually without runtime behavior, loses validation/audit/permission semantics, or cannot reproduce the accepted evidence after a later change."
AC-0330,MVP1-M04-217,Physical Inspection Execution,Inspector,Workflow Engine,None,Operational State updated successfully.,Update Operational State from Executing to Submitted.,Operational State reflects execution completion.,STM-INS-001 | states: Start Allowed->In Progress->Ready for Validation,"ENG-12 immutable event: actor, time, object, before/after state, version refs (MVP1-FND-003)",EV-006;EV-003,"ERR-PKG-001;ERR-GEO-001;ERR-GEO-002;ERR-OFF-001;ERR-OFF-002;ERR-EVD-001;ERR-EVD-002;ERR-SUB-001;ERR-SUB-002 | FAIL if requirement MVP1-M04-217 is removed, weakened, hidden, replaced by mock behavior, implemented only visually without runtime behavior, loses validation/audit/permission semantics, or cannot rep",Runtime screenshot showing the completed behavior; Requirement-linked test result; Audit or activity evidence where the action changes state or data; Device/offline evidence when applicable; GPS/geofence or sync evidence where applicable,UI + API + E2E; add offline/device/location tests where applicable,"FAIL if requirement MVP1-M04-217 is removed, weakened, hidden, replaced by mock behavior, implemented only visually without runtime behavior, loses validation/audit/permission semantics, or cannot reproduce the accepted evidence after a later change."
AC-0331,MVP1-M04-218,Physical Inspection Execution,Reviewer,Workflow Engine,None,Reviewer task created successfully.,Create reviewer work item according to workflow configuration and assignment rules.,Assignment follows workflow configuration.,STM-INS-001 | states: Start Allowed->In Progress->Ready for Validation,"ENG-12 immutable event: actor, time, object, before/after state, version refs (MVP1-FND-003)",EV-006;EV-003,"ERR-PKG-001;ERR-GEO-001;ERR-GEO-002;ERR-OFF-001;ERR-OFF-002;ERR-EVD-001;ERR-EVD-002;ERR-SUB-001;ERR-SUB-002 | FAIL if requirement MVP1-M04-218 is removed, weakened, hidden, replaced by mock behavior, implemented only visually without runtime behavior, loses validation/audit/permission semantics, or cannot rep",Runtime screenshot showing the completed behavior; Requirement-linked test result; Audit or activity evidence where the action changes state or data; Device/offline evidence when applicable; GPS/geofence or sync evidence where applicable,UI + API + E2E; add offline/device/location tests where applicable,"FAIL if requirement MVP1-M04-218 is removed, weakened, hidden, replaced by mock behavior, implemented only visually without runtime behavior, loses validation/audit/permission semantics, or cannot reproduce the accepted evidence after a later change."
AC-0332,MVP1-M04-219,Physical Inspection Execution,Reviewer,Notification Service,None,Reviewer receives notification successfully.,Send system notification to assigned reviewer.,Notification templates are configurable.,STM-INS-001 | states: Start Allowed->In Progress->Ready for Validation,"ENG-12 immutable event: actor, time, object, before/after state, version refs (MVP1-FND-003)",EV-006;EV-003,"ERR-PKG-001;ERR-GEO-001;ERR-GEO-002;ERR-OFF-001;ERR-OFF-002;ERR-EVD-001;ERR-EVD-002;ERR-SUB-001;ERR-SUB-002 | FAIL if requirement MVP1-M04-219 is removed, weakened, hidden, replaced by mock behavior, implemented only visually without runtime behavior, loses validation/audit/permission semantics, or cannot rep",Runtime screenshot showing the completed behavior; Requirement-linked test result; Audit or activity evidence where the action changes state or data; Device/offline evidence when applicable; GPS/geofence or sync evidence where applicable,UI + API + E2E; add offline/device/location tests where applicable,"FAIL if requirement MVP1-M04-219 is removed, weakened, hidden, replaced by mock behavior, implemented only visually without runtime behavior, loses validation/audit/permission semantics, or cannot reproduce the accepted evidence after a later change."
AC-0333,MVP1-M04-220,Physical Inspection Execution,Inspector,Notification Service,None,Inspector receives confirmation successfully.,Display confirmation message and record submission completion.,Confirmation displayed immediately after successful submission.,STM-INS-001 | states: Start Allowed->In Progress->Ready for Validation,"ENG-12 immutable event: actor, time, object, before/after state, version refs (MVP1-FND-003)",EV-006;EV-003,"ERR-PKG-001;ERR-GEO-001;ERR-GEO-002;ERR-OFF-001;ERR-OFF-002;ERR-EVD-001;ERR-EVD-002;ERR-SUB-001;ERR-SUB-002 | FAIL if requirement MVP1-M04-220 is removed, weakened, hidden, replaced by mock behavior, implemented only visually without runtime behavior, loses validation/audit/permission semantics, or cannot rep",Runtime screenshot showing the completed behavior; Requirement-linked test result; Audit or activity evidence where the action changes state or data; Device/offline evidence when applicable; GPS/geofence or sync evidence where applicable,UI + API + E2E; add offline/device/location tests where applicable,"FAIL if requirement MVP1-M04-220 is removed, weakened, hidden, replaced by mock behavior, implemented only visually without runtime behavior, loses validation/audit/permission semantics, or cannot reproduce the accepted evidence after a later change."
AC-0334,MVP1-M04-221,Physical Inspection Execution,Inspector,UI Engine,View Inspection.,Inspection becomes completely read-only.,Disable editing across all execution screens while allowing viewing of submitted information.,Inspector can no longer modify submitted inspection.,STM-INS-001 | states: Start Allowed->In Progress->Ready for Validation,"ENG-12 immutable event: actor, time, object, before/after state, version refs (MVP1-FND-003)",EV-006;EV-003,"ERR-PKG-001;ERR-GEO-001;ERR-GEO-002;ERR-OFF-001;ERR-OFF-002;ERR-EVD-001;ERR-EVD-002;ERR-SUB-001;ERR-SUB-002 | FAIL if requirement MVP1-M04-221 is removed, weakened, hidden, replaced by mock behavior, implemented only visually without runtime behavior, loses validation/audit/permission semantics, or cannot rep",Runtime screenshot showing the completed behavior; Requirement-linked test result; Audit or activity evidence where the action changes state or data; Device/offline evidence when applicable; GPS/geofence or sync evidence where applicable,UI + API + E2E; add offline/device/location tests where applicable,"FAIL if requirement MVP1-M04-221 is removed, weakened, hidden, replaced by mock behavior, implemented only visually without runtime behavior, loses validation/audit/permission semantics, or cannot reproduce the accepted evidence after a later change."
AC-0335,MVP1-M04-222,Physical Inspection Execution,"Inspector, Reviewer",Audit Service,None,Complete submission audit history available.,"Record submission request, validation results, inspection number generation, package lock, PDF generation, workflow transition, reviewer assignment and notifications.",Every submission activity shall be permanently auditable.,STM-INS-002;STM-SYNC-001;STM-SYNC-002 | states: Ready for Validation->Validated->Submitted->Locked,"ENG-12 immutable event: actor, time, object, before/after state, version refs (MVP1-FND-003)",EV-006;EV-007;EV-003,"ERR-PKG-001;ERR-GEO-001;ERR-GEO-002;ERR-OFF-001;ERR-OFF-002;ERR-EVD-001;ERR-EVD-002;ERR-SUB-001;ERR-SUB-002 | FAIL if requirement MVP1-M04-222 is removed, weakened, hidden, replaced by mock behavior, implemented only visually without runtime behavior, loses validation/audit/permission semantics, or cannot rep",Runtime screenshot showing the completed behavior; Requirement-linked test result; Audit or activity evidence where the action changes state or data; Device/offline evidence when applicable; GPS/geofence or sync evidence where applicable,UI + API + E2E; add offline/device/location tests where applicable,"FAIL if requirement MVP1-M04-222 is removed, weakened, hidden, replaced by mock behavior, implemented only visually without runtime behavior, loses validation/audit/permission semantics, or cannot reproduce the accepted evidence after a later change."
AC-0336,MVP1-M04-223,Physical Inspection Execution,Inspector,"Workflow Engine, Audit Service",Retry Submission.,Submission failures recover safely without corrupting the inspection.,"Handle workflow failures, PDF failures, notification failures, repository failures and assignment failures while ensuring the inspection is either completely submitted or completely rolled back.",Partial submission shall never occur. Data integrity shall always be maintained.,STM-INS-002;STM-SYNC-001;STM-SYNC-002 | states: Ready for Validation->Validated->Submitted->Locked,"ENG-12 immutable event: actor, time, object, before/after state, version refs (MVP1-FND-003)",EV-006;EV-007;EV-003,"ERR-PKG-001;ERR-GEO-001;ERR-GEO-002;ERR-OFF-001;ERR-OFF-002;ERR-EVD-001;ERR-EVD-002;ERR-SUB-001;ERR-SUB-002 | FAIL if requirement MVP1-M04-223 is removed, weakened, hidden, replaced by mock behavior, implemented only visually without runtime behavior, loses validation/audit/permission semantics, or cannot rep",Runtime screenshot showing the completed behavior; Requirement-linked test result; Audit or activity evidence where the action changes state or data; Device/offline evidence when applicable; GPS/geofence or sync evidence where applicable,UI + API + E2E; add offline/device/location tests where applicable,"FAIL if requirement MVP1-M04-223 is removed, weakened, hidden, replaced by mock behavior, implemented only visually without runtime behavior, loses validation/audit/permission semantics, or cannot reproduce the accepted evidence after a later change."
AC-0337,MVP1-M05-001,Virtual Inspection Execution,Inspector,Visit Management,Open Visit,Visit displayed successfully.,"Load confirmed virtual visit details including execution date, execution time, inspector, factory and report information.",Only confirmed virtual visits are displayed.,STM-VIR-001;STM-VIR-002;STM-VIR-003 | states: Scheduled->Waiting->Joined->Verified->In Progress->Closed/Submitted,"ENG-12 immutable event: actor, time, object, before/after state, version refs (MVP1-FND-003)",EV-009;EV-007,"ERR-VIR-001;ERR-EVD-001;ERR-EVD-002;ERR-SUB-001;ERR-SUB-002 | FAIL if requirement MVP1-M05-001 is removed, weakened, hidden, replaced by mock behavior, implemented only visually without runtime behavior, loses validation/audit/permission semantics, or cannot rep",Runtime screenshot showing the completed behavior; Requirement-linked test result; Audit or activity evidence where the action changes state or data; Session/identity/OTP state evidence where applicable,UI + API + E2E; add offline/device/location tests where applicable,"FAIL if requirement MVP1-M05-001 is removed, weakened, hidden, replaced by mock behavior, implemented only visually without runtime behavior, loses validation/audit/permission semantics, or cannot reproduce the accepted evidence after a later change."
AC-0338,MVP1-M05-002,Virtual Inspection Execution,Inspector,Workflow Engine,Click Start Session,Session created successfully.,"Validate visit status, execution window, inspector assignment and factory confirmation. Create Virtual Session.",Session may only start during the planned execution window.,STM-VIR-001;STM-VIR-002;STM-VIR-003 | states: Scheduled->Waiting->Joined->Verified->In Progress->Closed/Submitted,"ENG-12 immutable event: actor, time, object, before/after state, version refs (MVP1-FND-003)",EV-009;EV-007,"ERR-VIR-001;ERR-EVD-001;ERR-EVD-002;ERR-SUB-001;ERR-SUB-002 | FAIL if requirement MVP1-M05-002 is removed, weakened, hidden, replaced by mock behavior, implemented only visually without runtime behavior, loses validation/audit/permission semantics, or cannot rep",Runtime screenshot showing the completed behavior; Requirement-linked test result; Audit or activity evidence where the action changes state or data; Session/identity/OTP state evidence where applicable,UI + API + E2E; add offline/device/location tests where applicable,"FAIL if requirement MVP1-M05-002 is removed, weakened, hidden, replaced by mock behavior, implemented only visually without runtime behavior, loses validation/audit/permission semantics, or cannot reproduce the accepted evidence after a later change."
AC-0339,MVP1-M05-003,Virtual Inspection Execution,Inspector,Audit Service,None,Timeline created successfully.,Create Virtual Session Timeline and capture session start timestamp.,Timeline starts before meeting connection.,STM-VIR-001;STM-VIR-002;STM-VIR-003 | states: Scheduled->Waiting->Joined->Verified->In Progress->Closed/Submitted,"ENG-12 immutable event: actor, time, object, before/after state, version refs (MVP1-FND-003)",EV-009;EV-007,"ERR-VIR-001;ERR-EVD-001;ERR-EVD-002;ERR-SUB-001;ERR-SUB-002 | FAIL if requirement MVP1-M05-003 is removed, weakened, hidden, replaced by mock behavior, implemented only visually without runtime behavior, loses validation/audit/permission semantics, or cannot rep",Runtime screenshot showing the completed behavior; Requirement-linked test result; Audit or activity evidence where the action changes state or data; Session/identity/OTP state evidence where applicable,UI + API + E2E; add offline/device/location tests where applicable,"FAIL if requirement MVP1-M05-003 is removed, weakened, hidden, replaced by mock behavior, implemented only visually without runtime behavior, loses validation/audit/permission semantics, or cannot reproduce the accepted evidence after a later change."
AC-0340,MVP1-M05-004,Virtual Inspection Execution,Inspector,Workflow Engine,None,Operational State updated successfully.,Update Operational State to Session Started while Workflow Status remains unchanged.,Workflow Status changes only after inspection starts.,STM-VIR-001;STM-VIR-002;STM-VIR-003 | states: Scheduled->Waiting->Joined->Verified->In Progress->Closed/Submitted,"ENG-12 immutable event: actor, time, object, before/after state, version refs (MVP1-FND-003)",EV-009;EV-007,"ERR-VIR-001;ERR-EVD-001;ERR-EVD-002;ERR-SUB-001;ERR-SUB-002 | FAIL if requirement MVP1-M05-004 is removed, weakened, hidden, replaced by mock behavior, implemented only visually without runtime behavior, loses validation/audit/permission semantics, or cannot rep",Runtime screenshot showing the completed behavior; Requirement-linked test result; Audit or activity evidence where the action changes state or data; Session/identity/OTP state evidence where applicable,UI + API + E2E; add offline/device/location tests where applicable,"FAIL if requirement MVP1-M05-004 is removed, weakened, hidden, replaced by mock behavior, implemented only visually without runtime behavior, loses validation/audit/permission semantics, or cannot reproduce the accepted evidence after a later change."
AC-0341,MVP1-M05-005,Virtual Inspection Execution,Inspector,Workflow Engine,Click Cancel,Cancellation initiated successfully.,Display cancellation form.,Cancellation only allowed before inspection starts.,STM-VIR-001;STM-VIR-002;STM-VIR-003 | states: Scheduled->Waiting->Joined->Verified->In Progress->Closed/Submitted,"ENG-12 immutable event: actor, time, object, before/after state, version refs (MVP1-FND-003)",EV-009;EV-007,"ERR-VIR-001;ERR-EVD-001;ERR-EVD-002;ERR-SUB-001;ERR-SUB-002 | FAIL if requirement MVP1-M05-005 is removed, weakened, hidden, replaced by mock behavior, implemented only visually without runtime behavior, loses validation/audit/permission semantics, or cannot rep",Runtime screenshot showing the completed behavior; Requirement-linked test result; Audit or activity evidence where the action changes state or data; Session/identity/OTP state evidence where applicable,UI + API + E2E; add offline/device/location tests where applicable,"FAIL if requirement MVP1-M05-005 is removed, weakened, hidden, replaced by mock behavior, implemented only visually without runtime behavior, loses validation/audit/permission semantics, or cannot reproduce the accepted evidence after a later change."
AC-0342,MVP1-M05-006,Virtual Inspection Execution,Inspector,Lookup Management,Select Reason,Cancellation reason recorded.,Save cancellation reason and comments.,Reason mandatory.,STM-VIR-001;STM-VIR-002;STM-VIR-003 | states: Scheduled->Waiting->Joined->Verified->In Progress->Closed/Submitted,"ENG-12 immutable event: actor, time, object, before/after state, version refs (MVP1-FND-003)",EV-009;EV-007,"ERR-VIR-001;ERR-EVD-001;ERR-EVD-002;ERR-SUB-001;ERR-SUB-002 | FAIL if requirement MVP1-M05-006 is removed, weakened, hidden, replaced by mock behavior, implemented only visually without runtime behavior, loses validation/audit/permission semantics, or cannot rep",Runtime screenshot showing the completed behavior; Requirement-linked test result; Audit or activity evidence where the action changes state or data; Session/identity/OTP state evidence where applicable,UI + API + E2E; add offline/device/location tests where applicable,"FAIL if requirement MVP1-M05-006 is removed, weakened, hidden, replaced by mock behavior, implemented only visually without runtime behavior, loses validation/audit/permission semantics, or cannot reproduce the accepted evidence after a later change."
AC-0343,MVP1-M05-007,Virtual Inspection Execution,Inspector,Audit Service,None,Audit generated successfully.,"Record session creation, cancellation and operational state updates.",Every event shall be auditable.,STM-VIR-001;STM-VIR-002;STM-VIR-003 | states: Scheduled->Waiting->Joined->Verified->In Progress->Closed/Submitted,"ENG-12 immutable event: actor, time, object, before/after state, version refs (MVP1-FND-003)",EV-009;EV-007,"ERR-VIR-001;ERR-EVD-001;ERR-EVD-002;ERR-SUB-001;ERR-SUB-002 | FAIL if requirement MVP1-M05-007 is removed, weakened, hidden, replaced by mock behavior, implemented only visually without runtime behavior, loses validation/audit/permission semantics, or cannot rep",Runtime screenshot showing the completed behavior; Requirement-linked test result; Audit or activity evidence where the action changes state or data; Session/identity/OTP state evidence where applicable,UI + API + E2E; add offline/device/location tests where applicable,"FAIL if requirement MVP1-M05-007 is removed, weakened, hidden, replaced by mock behavior, implemented only visually without runtime behavior, loses validation/audit/permission semantics, or cannot reproduce the accepted evidence after a later change."
AC-0344,MVP1-M05-008,Virtual Inspection Execution,Inspector,Meeting Integration,Click Join Session,Inspector connected successfully.,Open configured meeting provider and connect inspector.,Meeting provider is transparent to business users.,STM-VIR-001;STM-VIR-002;STM-VIR-003 | states: Scheduled->Waiting->Joined->Verified->In Progress->Closed/Submitted,"ENG-12 immutable event: actor, time, object, before/after state, version refs (MVP1-FND-003)",EV-009;EV-007,"ERR-VIR-001;ERR-EVD-001;ERR-EVD-002;ERR-SUB-001;ERR-SUB-002 | FAIL if requirement MVP1-M05-008 is removed, weakened, hidden, replaced by mock behavior, implemented only visually without runtime behavior, loses validation/audit/permission semantics, or cannot rep",Runtime screenshot showing the completed behavior; Requirement-linked test result; Audit or activity evidence where the action changes state or data; Session/identity/OTP state evidence where applicable,UI + API + E2E; add offline/device/location tests where applicable,"FAIL if requirement MVP1-M05-008 is removed, weakened, hidden, replaced by mock behavior, implemented only visually without runtime behavior, loses validation/audit/permission semantics, or cannot reproduce the accepted evidence after a later change."
AC-0345,MVP1-M05-009,Virtual Inspection Execution,Inspector,Meeting Provider,None,Waiting state displayed correctly.,Monitor participant status.,Inspection cannot start until factory joins.,STM-VIR-001;STM-VIR-002;STM-VIR-003 | states: Scheduled->Waiting->Joined->Verified->In Progress->Closed/Submitted,"ENG-12 immutable event: actor, time, object, before/after state, version refs (MVP1-FND-003)",EV-009;EV-007,"ERR-VIR-001;ERR-EVD-001;ERR-EVD-002;ERR-SUB-001;ERR-SUB-002 | FAIL if requirement MVP1-M05-009 is removed, weakened, hidden, replaced by mock behavior, implemented only visually without runtime behavior, loses validation/audit/permission semantics, or cannot rep",Runtime screenshot showing the completed behavior; Requirement-linked test result; Audit or activity evidence where the action changes state or data; Session/identity/OTP state evidence where applicable,UI + API + E2E; add offline/device/location tests where applicable,"FAIL if requirement MVP1-M05-009 is removed, weakened, hidden, replaced by mock behavior, implemented only visually without runtime behavior, loses validation/audit/permission semantics, or cannot reproduce the accepted evidence after a later change."
AC-0346,MVP1-M05-010,Virtual Inspection Execution,Inspector,Meeting Provider,None,Join times stored successfully.,Capture Inspector Join Time and Factory Representative Join Time.,Join times are auditable.,STM-VIR-001;STM-VIR-002;STM-VIR-003 | states: Scheduled->Waiting->Joined->Verified->In Progress->Closed/Submitted,"ENG-12 immutable event: actor, time, object, before/after state, version refs (MVP1-FND-003)",EV-009;EV-007,"ERR-VIR-001;ERR-EVD-001;ERR-EVD-002;ERR-SUB-001;ERR-SUB-002 | FAIL if requirement MVP1-M05-010 is removed, weakened, hidden, replaced by mock behavior, implemented only visually without runtime behavior, loses validation/audit/permission semantics, or cannot rep",Runtime screenshot showing the completed behavior; Requirement-linked test result; Audit or activity evidence where the action changes state or data; Session/identity/OTP state evidence where applicable,UI + API + E2E; add offline/device/location tests where applicable,"FAIL if requirement MVP1-M05-010 is removed, weakened, hidden, replaced by mock behavior, implemented only visually without runtime behavior, loses validation/audit/permission semantics, or cannot reproduce the accepted evidence after a later change."
AC-0347,MVP1-M05-011,Virtual Inspection Execution,Inspector,Meeting Provider,None,Meeting lifecycle recorded successfully.,"Track Connected, Disconnected, Reconnected and Session End events.",Every meeting event recorded.,STM-VIR-001;STM-VIR-002;STM-VIR-003 | states: Scheduled->Waiting->Joined->Verified->In Progress->Closed/Submitted,"ENG-12 immutable event: actor, time, object, before/after state, version refs (MVP1-FND-003)",EV-009;EV-007,"ERR-VIR-001;ERR-EVD-001;ERR-EVD-002;ERR-SUB-001;ERR-SUB-002 | FAIL if requirement MVP1-M05-011 is removed, weakened, hidden, replaced by mock behavior, implemented only visually without runtime behavior, loses validation/audit/permission semantics, or cannot rep",Runtime screenshot showing the completed behavior; Requirement-linked test result; Audit or activity evidence where the action changes state or data; Session/identity/OTP state evidence where applicable,UI + API + E2E; add offline/device/location tests where applicable,"FAIL if requirement MVP1-M05-011 is removed, weakened, hidden, replaced by mock behavior, implemented only visually without runtime behavior, loses validation/audit/permission semantics, or cannot reproduce the accepted evidence after a later change."
AC-0348,MVP1-M05-012,Virtual Inspection Execution,Reviewer,Audit Service,None,Complete meeting audit generated.,"Record Join, Leave, Disconnect and Reconnect events.",Session history always available.,STM-VIR-001;STM-VIR-002;STM-VIR-003 | states: Scheduled->Waiting->Joined->Verified->In Progress->Closed/Submitted,"ENG-12 immutable event: actor, time, object, before/after state, version refs (MVP1-FND-003)",EV-009;EV-007,"ERR-VIR-001;ERR-EVD-001;ERR-EVD-002;ERR-SUB-001;ERR-SUB-002 | FAIL if requirement MVP1-M05-012 is removed, weakened, hidden, replaced by mock behavior, implemented only visually without runtime behavior, loses validation/audit/permission semantics, or cannot rep",Runtime screenshot showing the completed behavior; Requirement-linked test result; Audit or activity evidence where the action changes state or data; Session/identity/OTP state evidence where applicable,UI + API + E2E; add offline/device/location tests where applicable,"FAIL if requirement MVP1-M05-012 is removed, weakened, hidden, replaced by mock behavior, implemented only visually without runtime behavior, loses validation/audit/permission semantics, or cannot reproduce the accepted evidence after a later change."
AC-0349,MVP1-M05-013,Virtual Inspection Execution,Inspector,Identity Service,Click Verify Identity,Verification initiated successfully.,Display available verification method.,Inspection cannot proceed before verification.,STM-VIR-001;STM-VIR-002;STM-VIR-003 | states: Scheduled->Waiting->Joined->Verified->In Progress->Closed/Submitted,"ENG-12 immutable event: actor, time, object, before/after state, version refs (MVP1-FND-003)",EV-009;EV-007,"ERR-VIR-001;ERR-EVD-001;ERR-EVD-002;ERR-SUB-001;ERR-SUB-002 | FAIL if requirement MVP1-M05-013 is removed, weakened, hidden, replaced by mock behavior, implemented only visually without runtime behavior, loses validation/audit/permission semantics, or cannot rep",Runtime screenshot showing the completed behavior; Requirement-linked test result; Audit or activity evidence where the action changes state or data; Session/identity/OTP state evidence where applicable,UI + API + E2E; add offline/device/location tests where applicable,"FAIL if requirement MVP1-M05-013 is removed, weakened, hidden, replaced by mock behavior, implemented only visually without runtime behavior, loses validation/audit/permission semantics, or cannot reproduce the accepted evidence after a later change."
AC-0350,MVP1-M05-014,Virtual Inspection Execution,Inspector,Notification Service,Click Send OTP,OTP sent successfully.,Generate OTP and send it to the registered representative.,OTP validity configurable.,STM-VIR-001;STM-VIR-002;STM-VIR-003 | states: Scheduled->Waiting->Joined->Verified->In Progress->Closed/Submitted,"ENG-12 immutable event: actor, time, object, before/after state, version refs (MVP1-FND-003)",EV-009;EV-007,"ERR-VIR-001;ERR-EVD-001;ERR-EVD-002;ERR-SUB-001;ERR-SUB-002 | FAIL if requirement MVP1-M05-014 is removed, weakened, hidden, replaced by mock behavior, implemented only visually without runtime behavior, loses validation/audit/permission semantics, or cannot rep",Runtime screenshot showing the completed behavior; Requirement-linked test result; Audit or activity evidence where the action changes state or data; Session/identity/OTP state evidence where applicable,UI + API + E2E; add offline/device/location tests where applicable,"FAIL if requirement MVP1-M05-014 is removed, weakened, hidden, replaced by mock behavior, implemented only visually without runtime behavior, loses validation/audit/permission semantics, or cannot reproduce the accepted evidence after a later change."
AC-0351,MVP1-M05-015,Virtual Inspection Execution,Inspector,Identity Service,Enter OTP,OTP validated successfully.,Validate OTP.,Only verified representatives may proceed.,STM-VIR-001;STM-VIR-002;STM-VIR-003 | states: Scheduled->Waiting->Joined->Verified->In Progress->Closed/Submitted,"ENG-12 immutable event: actor, time, object, before/after state, version refs (MVP1-FND-003)",EV-009;EV-007,"ERR-VIR-001;ERR-EVD-001;ERR-EVD-002;ERR-SUB-001;ERR-SUB-002 | FAIL if requirement MVP1-M05-015 is removed, weakened, hidden, replaced by mock behavior, implemented only visually without runtime behavior, loses validation/audit/permission semantics, or cannot rep",Runtime screenshot showing the completed behavior; Requirement-linked test result; Audit or activity evidence where the action changes state or data; Session/identity/OTP state evidence where applicable,UI + API + E2E; add offline/device/location tests where applicable,"FAIL if requirement MVP1-M05-015 is removed, weakened, hidden, replaced by mock behavior, implemented only visually without runtime behavior, loses validation/audit/permission semantics, or cannot reproduce the accepted evidence after a later change."
AC-0352,MVP1-M05-016,Virtual Inspection Execution,Inspector,Identity Service,Retry,Failure handled correctly.,Allow configurable retry attempts. Block inspection after maximum attempts.,Inspection cannot start while verification fails.,STM-VIR-001;STM-VIR-002;STM-VIR-003 | states: Scheduled->Waiting->Joined->Verified->In Progress->Closed/Submitted,"ENG-12 immutable event: actor, time, object, before/after state, version refs (MVP1-FND-003)",EV-009;EV-007,"ERR-VIR-001;ERR-EVD-001;ERR-EVD-002;ERR-SUB-001;ERR-SUB-002 | FAIL if requirement MVP1-M05-016 is removed, weakened, hidden, replaced by mock behavior, implemented only visually without runtime behavior, loses validation/audit/permission semantics, or cannot rep",Runtime screenshot showing the completed behavior; Requirement-linked test result; Audit or activity evidence where the action changes state or data; Session/identity/OTP state evidence where applicable,UI + API + E2E; add offline/device/location tests where applicable,"FAIL if requirement MVP1-M05-016 is removed, weakened, hidden, replaced by mock behavior, implemented only visually without runtime behavior, loses validation/audit/permission semantics, or cannot reproduce the accepted evidence after a later change."
AC-0353,MVP1-M05-017,Virtual Inspection Execution,Reviewer,Audit Service,None,Verification stored successfully.,"Capture verification time, verification method and representative details.",Verification becomes part of inspection audit.,STM-VIR-001;STM-VIR-002;STM-VIR-003 | states: Scheduled->Waiting->Joined->Verified->In Progress->Closed/Submitted,"ENG-12 immutable event: actor, time, object, before/after state, version refs (MVP1-FND-003)",EV-009;EV-007,"ERR-VIR-001;ERR-EVD-001;ERR-EVD-002;ERR-SUB-001;ERR-SUB-002 | FAIL if requirement MVP1-M05-017 is removed, weakened, hidden, replaced by mock behavior, implemented only visually without runtime behavior, loses validation/audit/permission semantics, or cannot rep",Runtime screenshot showing the completed behavior; Requirement-linked test result; Audit or activity evidence where the action changes state or data; Session/identity/OTP state evidence where applicable,UI + API + E2E; add offline/device/location tests where applicable,"FAIL if requirement MVP1-M05-017 is removed, weakened, hidden, replaced by mock behavior, implemented only visually without runtime behavior, loses validation/audit/permission semantics, or cannot reproduce the accepted evidence after a later change."
AC-0354,MVP1-M05-018,Virtual Inspection Execution,Inspector,Workflow Engine,None,Operational State updated successfully.,Update Operational State from Session Started to Identity Verified.,Workflow Status unchanged.,STM-VIR-001;STM-VIR-002;STM-VIR-003 | states: Scheduled->Waiting->Joined->Verified->In Progress->Closed/Submitted,"ENG-12 immutable event: actor, time, object, before/after state, version refs (MVP1-FND-003)",EV-009;EV-007,"ERR-VIR-001;ERR-EVD-001;ERR-EVD-002;ERR-SUB-001;ERR-SUB-002 | FAIL if requirement MVP1-M05-018 is removed, weakened, hidden, replaced by mock behavior, implemented only visually without runtime behavior, loses validation/audit/permission semantics, or cannot rep",Runtime screenshot showing the completed behavior; Requirement-linked test result; Audit or activity evidence where the action changes state or data; Session/identity/OTP state evidence where applicable,UI + API + E2E; add offline/device/location tests where applicable,"FAIL if requirement MVP1-M05-018 is removed, weakened, hidden, replaced by mock behavior, implemented only visually without runtime behavior, loses validation/audit/permission semantics, or cannot reproduce the accepted evidence after a later change."
AC-0355,MVP1-M05-019,Virtual Inspection Execution,Inspector,Execution Engine,Click Start Inspection,Execution Workspace opens successfully.,"Update Workflow Status to In Progress, initialize Execution Workspace, create Inspection Session and start SLA timer.",Inspection cannot start before successful identity verification.,STM-VIR-001;STM-VIR-002;STM-VIR-003 | states: Scheduled->Waiting->Joined->Verified->In Progress->Closed/Submitted,"ENG-12 immutable event: actor, time, object, before/after state, version refs (MVP1-FND-003)",EV-009;EV-007,"ERR-VIR-001;ERR-EVD-001;ERR-EVD-002;ERR-SUB-001;ERR-SUB-002 | FAIL if requirement MVP1-M05-019 is removed, weakened, hidden, replaced by mock behavior, implemented only visually without runtime behavior, loses validation/audit/permission semantics, or cannot rep",Runtime screenshot showing the completed behavior; Requirement-linked test result; Audit or activity evidence where the action changes state or data; Session/identity/OTP state evidence where applicable,UI + API + E2E; add offline/device/location tests where applicable,"FAIL if requirement MVP1-M05-019 is removed, weakened, hidden, replaced by mock behavior, implemented only visually without runtime behavior, loses validation/audit/permission semantics, or cannot reproduce the accepted evidence after a later change."
AC-0356,MVP1-M05-020,Virtual Inspection Execution,Inspector,Common Execution Engine,None,Inspector continues using the shared execution flow.,Redirect inspector to the shared execution engine used by all inspection modes.,No virtual-specific logic exists after this point.,STM-VIR-001;STM-VIR-002;STM-VIR-003 | states: Scheduled->Waiting->Joined->Verified->In Progress->Closed/Submitted,"ENG-12 immutable event: actor, time, object, before/after state, version refs (MVP1-FND-003)",EV-009;EV-007,"ERR-VIR-001;ERR-EVD-001;ERR-EVD-002;ERR-SUB-001;ERR-SUB-002 | FAIL if requirement MVP1-M05-020 is removed, weakened, hidden, replaced by mock behavior, implemented only visually without runtime behavior, loses validation/audit/permission semantics, or cannot rep",Runtime screenshot showing the completed behavior; Requirement-linked test result; Audit or activity evidence where the action changes state or data; Session/identity/OTP state evidence where applicable,UI + API + E2E; add offline/device/location tests where applicable,"FAIL if requirement MVP1-M05-020 is removed, weakened, hidden, replaced by mock behavior, implemented only visually without runtime behavior, loses validation/audit/permission semantics, or cannot reproduce the accepted evidence after a later change."
AC-0357,MVP1-M06-001,Level 2 Review & Resubmission,Level 2 Reviewer,"Workflow Engine, Permission Engine","Select Approve, Return, or Reject.",Reviewer sees only valid actions for Pending Review inspection.,Display available actions based on reviewer permission and inspection status.,"Only Level 2 reviewer can approve, return, or reject. Reviewer cannot edit inspection content.",STM-REV-001;STM-REV-002;STM-REV-003;STM-REV-004 | states: Submitted->Under Review->Approved/Returned/Rejected,"ENG-12 immutable event: actor, time, object, before/after state, version refs (MVP1-FND-003)",EV-008;EV-003,"ERR-REV-001;ERR-AUTH-001 | FAIL if requirement MVP1-M06-001 is removed, weakened, hidden, replaced by mock behavior, implemented only visually without runtime behavior, loses validation/audit/permission semantics, or cannot rep",Runtime screenshot showing the completed behavior; Requirement-linked test result; Audit or activity evidence where the action changes state or data,UI + API + E2E; add offline/device/location tests where applicable,"FAIL if requirement MVP1-M06-001 is removed, weakened, hidden, replaced by mock behavior, implemented only visually without runtime behavior, loses validation/audit/permission semantics, or cannot reproduce the accepted evidence after a later change."
AC-0358,MVP1-M06-002,Level 2 Review & Resubmission,Level 2 Reviewer,"Review Engine, Compliance Preview Engine","Click Approve, review confirmation summary, confirm approval or cancel.",Approval confirmation appears before final approval.,"Display inspection summary, violations, critical violations, action forms, evidence count, factory updates, version number, and compliance preview.",Approval is irreversible. Reviewer must confirm before approval is committed.,STM-REV-001;STM-REV-002;STM-REV-003;STM-REV-004 | states: Submitted->Under Review->Approved/Returned/Rejected,"ENG-12 immutable event: actor, time, object, before/after state, version refs (MVP1-FND-003)",EV-008;EV-003,"ERR-REV-001;ERR-AUTH-001 | FAIL if requirement MVP1-M06-002 is removed, weakened, hidden, replaced by mock behavior, implemented only visually without runtime behavior, loses validation/audit/permission semantics, or cannot rep",Runtime screenshot showing the completed behavior; Requirement-linked test result; Audit or activity evidence where the action changes state or data,UI + API + E2E; add offline/device/location tests where applicable,"FAIL if requirement MVP1-M06-002 is removed, weakened, hidden, replaced by mock behavior, implemented only visually without runtime behavior, loses validation/audit/permission semantics, or cannot reproduce the accepted evidence after a later change."
AC-0359,MVP1-M06-003,Level 2 Review & Resubmission,Level 2 Reviewer,"Compliance Configuration, Dynamic Template Builder",Review preview only.,Reviewer can see consequences before approving.,"Display expected penalties, official documents, corrective actions, and notifications that may be generated after approval.",Preview is read-only. Reviewer cannot modify penalties from this screen.,STM-REV-001;STM-REV-002;STM-REV-003;STM-REV-004 | states: Submitted->Under Review->Approved/Returned/Rejected,"ENG-12 immutable event: actor, time, object, before/after state, version refs (MVP1-FND-003)",EV-008;EV-003,"ERR-REV-001;ERR-AUTH-001 | FAIL if requirement MVP1-M06-003 is removed, weakened, hidden, replaced by mock behavior, implemented only visually without runtime behavior, loses validation/audit/permission semantics, or cannot rep",Runtime screenshot showing the completed behavior; Requirement-linked test result; Audit or activity evidence where the action changes state or data,UI + API + E2E; add offline/device/location tests where applicable,"FAIL if requirement MVP1-M06-003 is removed, weakened, hidden, replaced by mock behavior, implemented only visually without runtime behavior, loses validation/audit/permission semantics, or cannot reproduce the accepted evidence after a later change."
AC-0360,MVP1-M06-004,Level 2 Review & Resubmission,Level 2 Reviewer,"Workflow Engine, Compliance Engine, Notification Service, Audit Service",Click Confirm Approve.,Inspection status becomes Approved and Compliance Management is triggered.,"Permanently lock latest inspection version, update status to Approved, create approval timeline event, notify inspector, trigger Compliance Management.",Approved inspection is permanently read-only. Compliance Engine starts only after approval.,STM-REV-001;STM-REV-002;STM-REV-003;STM-REV-004 | states: Submitted->Under Review->Approved/Returned/Rejected,"ENG-12 immutable event: actor, time, object, before/after state, version refs (MVP1-FND-003)",EV-008;EV-003,"ERR-REV-001;ERR-AUTH-001 | FAIL if requirement MVP1-M06-004 is removed, weakened, hidden, replaced by mock behavior, implemented only visually without runtime behavior, loses validation/audit/permission semantics, or cannot rep",Runtime screenshot showing the completed behavior; Requirement-linked test result; Audit or activity evidence where the action changes state or data,UI + API + E2E; add offline/device/location tests where applicable,"FAIL if requirement MVP1-M06-004 is removed, weakened, hidden, replaced by mock behavior, implemented only visually without runtime behavior, loses validation/audit/permission semantics, or cannot reproduce the accepted evidence after a later change."
AC-0361,MVP1-M06-005,Level 2 Review & Resubmission,Level 2 Reviewer,"Workflow Engine, Version Engine","Select returned sections, enter mandatory reason, optional comments, confirm return or cancel.",Return cannot be submitted without reason.,"Display selected returned sections, reason field, comments field, and return impact summary.",Return reason is mandatory. Reviewer may identify one or more sections requiring correction.,STM-COR-001;STM-COR-002 | states: Returned->Correction In Progress->Resubmitted->Under Review,"ENG-12 immutable event: actor, time, object, before/after state, version refs (MVP1-FND-003)",EV-008,"ERR-REV-001;ERR-AUTH-001 | FAIL if requirement MVP1-M06-005 is removed, weakened, hidden, replaced by mock behavior, implemented only visually without runtime behavior, loses validation/audit/permission semantics, or cannot rep",Runtime screenshot showing the completed behavior; Requirement-linked test result; Audit or activity evidence where the action changes state or data,UI + API + E2E; add offline/device/location tests where applicable,"FAIL if requirement MVP1-M06-005 is removed, weakened, hidden, replaced by mock behavior, implemented only visually without runtime behavior, loses validation/audit/permission semantics, or cannot reproduce the accepted evidence after a later change."
AC-0362,MVP1-M06-006,Level 2 Review & Resubmission,"Level 2 Reviewer, Inspector","Workflow Engine, Version Engine, Notification Service",Confirm return.,Inspection is returned and inspector can update it.,"Update status to Returned, unlock returned inspection for assigned inspector, preserve submitted version, notify inspector, create timeline and audit events.",Returned inspection becomes editable for inspector. Previous submitted version remains locked for audit.,STM-COR-001;STM-COR-002 | states: Returned->Correction In Progress->Resubmitted->Under Review,"ENG-12 immutable event: actor, time, object, before/after state, version refs (MVP1-FND-003)",EV-008,"ERR-REV-001;ERR-AUTH-001 | FAIL if requirement MVP1-M06-006 is removed, weakened, hidden, replaced by mock behavior, implemented only visually without runtime behavior, loses validation/audit/permission semantics, or cannot rep",Runtime screenshot showing the completed behavior; Requirement-linked test result; Audit or activity evidence where the action changes state or data,UI + API + E2E; add offline/device/location tests where applicable,"FAIL if requirement MVP1-M06-006 is removed, weakened, hidden, replaced by mock behavior, implemented only visually without runtime behavior, loses validation/audit/permission semantics, or cannot reproduce the accepted evidence after a later change."
AC-0363,MVP1-M06-007,Level 2 Review & Resubmission,Level 2 Reviewer,Workflow Engine,"Enter mandatory rejection reason, optional comments, confirm reject or cancel.",Reject cannot proceed without reason.,"Display rejection impact: status becomes Rejected, no Compliance Management, inspection read-only forever, inspector notified.",Rejection reason is mandatory. Reject is final.,STM-REV-001;STM-REV-002;STM-REV-003;STM-REV-004 | states: Submitted->Under Review->Approved/Returned/Rejected,"ENG-12 immutable event: actor, time, object, before/after state, version refs (MVP1-FND-003)",EV-008;EV-003,"ERR-REV-001;ERR-AUTH-001 | FAIL if requirement MVP1-M06-007 is removed, weakened, hidden, replaced by mock behavior, implemented only visually without runtime behavior, loses validation/audit/permission semantics, or cannot rep",Runtime screenshot showing the completed behavior; Requirement-linked test result; Audit or activity evidence where the action changes state or data,UI + API + E2E; add offline/device/location tests where applicable,"FAIL if requirement MVP1-M06-007 is removed, weakened, hidden, replaced by mock behavior, implemented only visually without runtime behavior, loses validation/audit/permission semantics, or cannot reproduce the accepted evidence after a later change."
AC-0364,MVP1-M06-008,Level 2 Review & Resubmission,Level 2 Reviewer,"Workflow Engine, Notification Service, Audit Service",Confirm reject.,"Inspection is rejected, read-only, and Compliance Engine is not triggered.","Update status to Rejected, permanently lock inspection, stop workflow, prevent Compliance Management trigger, notify inspector, create timeline and audit events.","Rejected inspections cannot be reopened. If another inspection is required, a new visit must be created.",STM-REV-001;STM-REV-002;STM-REV-003;STM-REV-004 | states: Submitted->Under Review->Approved/Returned/Rejected,"ENG-12 immutable event: actor, time, object, before/after state, version refs (MVP1-FND-003)",EV-008;EV-003,"ERR-REV-001;ERR-AUTH-001 | FAIL if requirement MVP1-M06-008 is removed, weakened, hidden, replaced by mock behavior, implemented only visually without runtime behavior, loses validation/audit/permission semantics, or cannot rep",Runtime screenshot showing the completed behavior; Requirement-linked test result; Audit or activity evidence where the action changes state or data,UI + API + E2E; add offline/device/location tests where applicable,"FAIL if requirement MVP1-M06-008 is removed, weakened, hidden, replaced by mock behavior, implemented only visually without runtime behavior, loses validation/audit/permission semantics, or cannot reproduce the accepted evidence after a later change."
AC-0365,MVP1-M06-009,Level 2 Review & Resubmission,"Reviewer, Auditor",Audit Service,None.,Complete audit record exists for each decision.,"Log reviewer ID, decision, reason, comments, previous status, new status, timestamp, version, and affected sections.",Every decision must be immutable and auditable.,STM-REV-001;STM-REV-002;STM-REV-003;STM-REV-004 | states: Submitted->Under Review->Approved/Returned/Rejected,"ENG-12 immutable event: actor, time, object, before/after state, version refs (MVP1-FND-003)",EV-008;EV-003,"ERR-REV-001;ERR-AUTH-001 | FAIL if requirement MVP1-M06-009 is removed, weakened, hidden, replaced by mock behavior, implemented only visually without runtime behavior, loses validation/audit/permission semantics, or cannot rep",Runtime screenshot showing the completed behavior; Requirement-linked test result; Audit or activity evidence where the action changes state or data,UI + API + E2E; add offline/device/location tests where applicable,"FAIL if requirement MVP1-M06-009 is removed, weakened, hidden, replaced by mock behavior, implemented only visually without runtime behavior, loses validation/audit/permission semantics, or cannot reproduce the accepted evidence after a later change."
AC-0366,MVP1-M06-010,Level 2 Review & Resubmission,"Inspector, Reviewer, Auditor",Timeline Service,View timeline.,Decision appears in inspection timeline.,"Add timeline event for Approved, Returned, or Rejected decision.",Timeline is immutable.,STM-REV-001;STM-REV-002;STM-REV-003;STM-REV-004 | states: Submitted->Under Review->Approved/Returned/Rejected,"ENG-12 immutable event: actor, time, object, before/after state, version refs (MVP1-FND-003)",EV-008;EV-003,"ERR-REV-001;ERR-AUTH-001 | FAIL if requirement MVP1-M06-010 is removed, weakened, hidden, replaced by mock behavior, implemented only visually without runtime behavior, loses validation/audit/permission semantics, or cannot rep",Runtime screenshot showing the completed behavior; Requirement-linked test result; Audit or activity evidence where the action changes state or data,UI + API + E2E; add offline/device/location tests where applicable,"FAIL if requirement MVP1-M06-010 is removed, weakened, hidden, replaced by mock behavior, implemented only visually without runtime behavior, loses validation/audit/permission semantics, or cannot reproduce the accepted evidence after a later change."
AC-0367,MVP1-M06-011,Level 2 Review & Resubmission,"Inspector, Reviewer",Version Engine,Inspector edits returned inspection and resubmits.,Reviewer can compare previous and latest versions.,Preserve previous submitted version and create a new version on resubmission.,No submitted version is overwritten. Latest submitted version is used for review.,STM-COR-001;STM-COR-002 | states: Returned->Correction In Progress->Resubmitted->Under Review,"ENG-12 immutable event: actor, time, object, before/after state, version refs (MVP1-FND-003)",EV-008,"ERR-REV-001;ERR-AUTH-001 | FAIL if requirement MVP1-M06-011 is removed, weakened, hidden, replaced by mock behavior, implemented only visually without runtime behavior, loses validation/audit/permission semantics, or cannot rep",Runtime screenshot showing the completed behavior; Requirement-linked test result; Audit or activity evidence where the action changes state or data,UI + API + E2E; add offline/device/location tests where applicable,"FAIL if requirement MVP1-M06-011 is removed, weakened, hidden, replaced by mock behavior, implemented only visually without runtime behavior, loses validation/audit/permission semantics, or cannot reproduce the accepted evidence after a later change."
AC-0368,MVP1-M06-012,Level 2 Review & Resubmission,Level 2 Reviewer,Permission Engine,Review only.,Reviewer cannot edit submitted inspection fields.,"Disable editing for report, checklist, evidence, factory observations, and action forms.",Reviewer cannot modify inspection content. Correction must be done by Return.,STM-REV-001;STM-REV-002;STM-REV-003;STM-REV-004 | states: Submitted->Under Review->Approved/Returned/Rejected,"ENG-12 immutable event: actor, time, object, before/after state, version refs (MVP1-FND-003)",EV-008;EV-003,"ERR-REV-001;ERR-AUTH-001 | FAIL if requirement MVP1-M06-012 is removed, weakened, hidden, replaced by mock behavior, implemented only visually without runtime behavior, loses validation/audit/permission semantics, or cannot rep",Runtime screenshot showing the completed behavior; Requirement-linked test result; Audit or activity evidence where the action changes state or data,UI + API + E2E; add offline/device/location tests where applicable,"FAIL if requirement MVP1-M06-012 is removed, weakened, hidden, replaced by mock behavior, implemented only visually without runtime behavior, loses validation/audit/permission semantics, or cannot reproduce the accepted evidence after a later change."
AC-0369,MVP1-M06-013,Level 2 Review & Resubmission,Reviewer,Workflow Engine,Open Pending Review Queue,Queue loads successfully.,"Load inspections assigned to the reviewer. Display priority, SLA, risk, inspection type, execution mode and submission date.",Reviewer shall only view assigned inspections unless granted supervisor permissions.,STM-REV-001;STM-REV-002;STM-REV-003;STM-REV-004 | states: Submitted->Under Review->Approved/Returned/Rejected,"ENG-12 immutable event: actor, time, object, before/after state, version refs (MVP1-FND-003)",EV-008;EV-003,"ERR-REV-001;ERR-AUTH-001 | FAIL if requirement MVP1-M06-013 is removed, weakened, hidden, replaced by mock behavior, implemented only visually without runtime behavior, loses validation/audit/permission semantics, or cannot rep",Runtime screenshot showing the completed behavior; Requirement-linked test result; Audit or activity evidence where the action changes state or data,UI + API + E2E; add offline/device/location tests where applicable,"FAIL if requirement MVP1-M06-013 is removed, weakened, hidden, replaced by mock behavior, implemented only visually without runtime behavior, loses validation/audit/permission semantics, or cannot reproduce the accepted evidence after a later change."
AC-0370,MVP1-M06-014,Level 2 Review & Resubmission,Reviewer,Search Engine,Search and Filter,Filters operate correctly.,"Filter by Inspection Number, Factory, Region, Risk, Date, Inspector, Visit Type, Status and SLA.",Multiple filters may be combined.,STM-REV-001;STM-REV-002;STM-REV-003;STM-REV-004 | states: Submitted->Under Review->Approved/Returned/Rejected,"ENG-12 immutable event: actor, time, object, before/after state, version refs (MVP1-FND-003)",EV-008;EV-003,"ERR-REV-001;ERR-AUTH-001 | FAIL if requirement MVP1-M06-014 is removed, weakened, hidden, replaced by mock behavior, implemented only visually without runtime behavior, loses validation/audit/permission semantics, or cannot rep",Runtime screenshot showing the completed behavior; Requirement-linked test result; Audit or activity evidence where the action changes state or data,UI + API + E2E; add offline/device/location tests where applicable,"FAIL if requirement MVP1-M06-014 is removed, weakened, hidden, replaced by mock behavior, implemented only visually without runtime behavior, loses validation/audit/permission semantics, or cannot reproduce the accepted evidence after a later change."
AC-0371,MVP1-M06-015,Level 2 Review & Resubmission,Reviewer,Inspection Repository,Open Inspection,Package loads successfully.,"Load latest submitted inspection version including report, checklist, evidence, factory verification, action forms, timeline and audit history.",Latest submitted version shall always be opened.,STM-REV-001;STM-REV-002;STM-REV-003;STM-REV-004 | states: Submitted->Under Review->Approved/Returned/Rejected,"ENG-12 immutable event: actor, time, object, before/after state, version refs (MVP1-FND-003)",EV-008;EV-003,"ERR-REV-001;ERR-AUTH-001 | FAIL if requirement MVP1-M06-015 is removed, weakened, hidden, replaced by mock behavior, implemented only visually without runtime behavior, loses validation/audit/permission semantics, or cannot rep",Runtime screenshot showing the completed behavior; Requirement-linked test result; Audit or activity evidence where the action changes state or data,UI + API + E2E; add offline/device/location tests where applicable,"FAIL if requirement MVP1-M06-015 is removed, weakened, hidden, replaced by mock behavior, implemented only visually without runtime behavior, loses validation/audit/permission semantics, or cannot reproduce the accepted evidence after a later change."
AC-0372,MVP1-M06-016,Level 2 Review & Resubmission,Reviewer,Summary Engine,Review Summary,Summary displayed successfully.,"Display inspection number, factory, inspector, execution mode, visit type, submission date, total violations, critical violations, evidence count and generated action forms.",Summary is read-only.,STM-REV-001;STM-REV-002;STM-REV-003;STM-REV-004 | states: Submitted->Under Review->Approved/Returned/Rejected,"ENG-12 immutable event: actor, time, object, before/after state, version refs (MVP1-FND-003)",EV-008;EV-003,"ERR-REV-001;ERR-AUTH-001 | FAIL if requirement MVP1-M06-016 is removed, weakened, hidden, replaced by mock behavior, implemented only visually without runtime behavior, loses validation/audit/permission semantics, or cannot rep",Runtime screenshot showing the completed behavior; Requirement-linked test result; Audit or activity evidence where the action changes state or data,UI + API + E2E; add offline/device/location tests where applicable,"FAIL if requirement MVP1-M06-016 is removed, weakened, hidden, replaced by mock behavior, implemented only visually without runtime behavior, loses validation/audit/permission semantics, or cannot reproduce the accepted evidence after a later change."
AC-0373,MVP1-M06-017,Level 2 Review & Resubmission,Reviewer,Observation Engine,Review Changes,Changes displayed correctly.,"Display Source Value, Observed Value, Before/After comparison and attached evidence.",Reviewer cannot edit factory information.,STM-REV-001;STM-REV-002;STM-REV-003;STM-REV-004 | states: Submitted->Under Review->Approved/Returned/Rejected,"ENG-12 immutable event: actor, time, object, before/after state, version refs (MVP1-FND-003)",EV-008;EV-003,"ERR-REV-001;ERR-AUTH-001 | FAIL if requirement MVP1-M06-017 is removed, weakened, hidden, replaced by mock behavior, implemented only visually without runtime behavior, loses validation/audit/permission semantics, or cannot rep",Runtime screenshot showing the completed behavior; Requirement-linked test result; Audit or activity evidence where the action changes state or data,UI + API + E2E; add offline/device/location tests where applicable,"FAIL if requirement MVP1-M06-017 is removed, weakened, hidden, replaced by mock behavior, implemented only visually without runtime behavior, loses validation/audit/permission semantics, or cannot reproduce the accepted evidence after a later change."
AC-0374,MVP1-M06-018,Level 2 Review & Resubmission,Reviewer,Dynamic Form Engine,Open Report,Report displayed successfully.,"Display report responses, attachments and comments.",Report is read-only.,STM-REV-001;STM-REV-002;STM-REV-003;STM-REV-004 | states: Submitted->Under Review->Approved/Returned/Rejected,"ENG-12 immutable event: actor, time, object, before/after state, version refs (MVP1-FND-003)",EV-008;EV-003,"ERR-REV-001;ERR-AUTH-001 | FAIL if requirement MVP1-M06-018 is removed, weakened, hidden, replaced by mock behavior, implemented only visually without runtime behavior, loses validation/audit/permission semantics, or cannot rep",Runtime screenshot showing the completed behavior; Requirement-linked test result; Audit or activity evidence where the action changes state or data,UI + API + E2E; add offline/device/location tests where applicable,"FAIL if requirement MVP1-M06-018 is removed, weakened, hidden, replaced by mock behavior, implemented only visually without runtime behavior, loses validation/audit/permission semantics, or cannot reproduce the accepted evidence after a later change."
AC-0375,MVP1-M06-019,Level 2 Review & Resubmission,Reviewer,Checklist Engine,Open Checklist,Checklist displayed successfully.,"Display inspection items, responses, violations and evidence.",Reviewer cannot modify responses.,STM-REV-001;STM-REV-002;STM-REV-003;STM-REV-004 | states: Submitted->Under Review->Approved/Returned/Rejected,"ENG-12 immutable event: actor, time, object, before/after state, version refs (MVP1-FND-003)",EV-008;EV-003,"ERR-REV-001;ERR-AUTH-001 | FAIL if requirement MVP1-M06-019 is removed, weakened, hidden, replaced by mock behavior, implemented only visually without runtime behavior, loses validation/audit/permission semantics, or cannot rep",Runtime screenshot showing the completed behavior; Requirement-linked test result; Audit or activity evidence where the action changes state or data,UI + API + E2E; add offline/device/location tests where applicable,"FAIL if requirement MVP1-M06-019 is removed, weakened, hidden, replaced by mock behavior, implemented only visually without runtime behavior, loses validation/audit/permission semantics, or cannot reproduce the accepted evidence after a later change."
AC-0376,MVP1-M06-020,Level 2 Review & Resubmission,Reviewer,Evidence Engine,Preview Evidence,Evidence displayed successfully.,"Display photos, videos, documents and annotations linked to each inspection item.",Evidence is read-only.,STM-REV-001;STM-REV-002;STM-REV-003;STM-REV-004 | states: Submitted->Under Review->Approved/Returned/Rejected,"ENG-12 immutable event: actor, time, object, before/after state, version refs (MVP1-FND-003)",EV-008;EV-003,"ERR-REV-001;ERR-AUTH-001 | FAIL if requirement MVP1-M06-020 is removed, weakened, hidden, replaced by mock behavior, implemented only visually without runtime behavior, loses validation/audit/permission semantics, or cannot rep",Runtime screenshot showing the completed behavior; Requirement-linked test result; Audit or activity evidence where the action changes state or data,UI + API + E2E; add offline/device/location tests where applicable,"FAIL if requirement MVP1-M06-020 is removed, weakened, hidden, replaced by mock behavior, implemented only visually without runtime behavior, loses validation/audit/permission semantics, or cannot reproduce the accepted evidence after a later change."
AC-0377,MVP1-M06-021,Level 2 Review & Resubmission,Reviewer,Dynamic Form Engine,Open Action Forms,Action Forms displayed successfully.,"Display completed action forms, signatures and attachments.",Reviewer cannot modify forms.,STM-REV-001;STM-REV-002;STM-REV-003;STM-REV-004 | states: Submitted->Under Review->Approved/Returned/Rejected,"ENG-12 immutable event: actor, time, object, before/after state, version refs (MVP1-FND-003)",EV-008;EV-003,"ERR-REV-001;ERR-AUTH-001 | FAIL if requirement MVP1-M06-021 is removed, weakened, hidden, replaced by mock behavior, implemented only visually without runtime behavior, loses validation/audit/permission semantics, or cannot rep",Runtime screenshot showing the completed behavior; Requirement-linked test result; Audit or activity evidence where the action changes state or data,UI + API + E2E; add offline/device/location tests where applicable,"FAIL if requirement MVP1-M06-021 is removed, weakened, hidden, replaced by mock behavior, implemented only visually without runtime behavior, loses validation/audit/permission semantics, or cannot reproduce the accepted evidence after a later change."
AC-0378,MVP1-M06-022,Level 2 Review & Resubmission,Reviewer,Timeline Service,View Timeline,Timeline displayed successfully.,Display chronological events from planning until submission.,Timeline is immutable.,STM-REV-001;STM-REV-002;STM-REV-003;STM-REV-004 | states: Submitted->Under Review->Approved/Returned/Rejected,"ENG-12 immutable event: actor, time, object, before/after state, version refs (MVP1-FND-003)",EV-008;EV-003,"ERR-REV-001;ERR-AUTH-001 | FAIL if requirement MVP1-M06-022 is removed, weakened, hidden, replaced by mock behavior, implemented only visually without runtime behavior, loses validation/audit/permission semantics, or cannot rep",Runtime screenshot showing the completed behavior; Requirement-linked test result; Audit or activity evidence where the action changes state or data,UI + API + E2E; add offline/device/location tests where applicable,"FAIL if requirement MVP1-M06-022 is removed, weakened, hidden, replaced by mock behavior, implemented only visually without runtime behavior, loses validation/audit/permission semantics, or cannot reproduce the accepted evidence after a later change."
AC-0379,MVP1-M06-023,Level 2 Review & Resubmission,Reviewer,Version Engine,Compare Versions,Version comparison works correctly.,Display previous submissions and highlight differences between versions.,All submitted versions remain available.,STM-COR-001;STM-COR-002 | states: Returned->Correction In Progress->Resubmitted->Under Review,"ENG-12 immutable event: actor, time, object, before/after state, version refs (MVP1-FND-003)",EV-008,"ERR-REV-001;ERR-AUTH-001 | FAIL if requirement MVP1-M06-023 is removed, weakened, hidden, replaced by mock behavior, implemented only visually without runtime behavior, loses validation/audit/permission semantics, or cannot rep",Runtime screenshot showing the completed behavior; Requirement-linked test result; Audit or activity evidence where the action changes state or data,UI + API + E2E; add offline/device/location tests where applicable,"FAIL if requirement MVP1-M06-023 is removed, weakened, hidden, replaced by mock behavior, implemented only visually without runtime behavior, loses validation/audit/permission semantics, or cannot reproduce the accepted evidence after a later change."
AC-0380,MVP1-M06-024,Level 2 Review & Resubmission,Reviewer,Workflow Engine,Click Return,Inspection successfully returned.,"Require return reason, allow section selection, create return event, unlock inspection, notify inspector and update workflow.",Return reason is mandatory.,STM-COR-001;STM-COR-002 | states: Returned->Correction In Progress->Resubmitted->Under Review,"ENG-12 immutable event: actor, time, object, before/after state, version refs (MVP1-FND-003)",EV-008,"ERR-REV-001;ERR-AUTH-001 | FAIL if requirement MVP1-M06-024 is removed, weakened, hidden, replaced by mock behavior, implemented only visually without runtime behavior, loses validation/audit/permission semantics, or cannot rep",Runtime screenshot showing the completed behavior; Requirement-linked test result; Audit or activity evidence where the action changes state or data,UI + API + E2E; add offline/device/location tests where applicable,"FAIL if requirement MVP1-M06-024 is removed, weakened, hidden, replaced by mock behavior, implemented only visually without runtime behavior, loses validation/audit/permission semantics, or cannot reproduce the accepted evidence after a later change."
AC-0381,MVP1-M06-025,Level 2 Review & Resubmission,Reviewer,"Workflow Engine, Compliance Engine",Click Approve,Inspection approved successfully.,"Validate inspection, permanently lock latest version, update status to Approved, trigger Compliance Management, notify inspector and update timeline.",Approved inspections become permanently read-only.,STM-REV-001;STM-REV-002;STM-REV-003;STM-REV-004 | states: Submitted->Under Review->Approved/Returned/Rejected,"ENG-12 immutable event: actor, time, object, before/after state, version refs (MVP1-FND-003)",EV-008;EV-003,"ERR-REV-001;ERR-AUTH-001 | FAIL if requirement MVP1-M06-025 is removed, weakened, hidden, replaced by mock behavior, implemented only visually without runtime behavior, loses validation/audit/permission semantics, or cannot rep",Runtime screenshot showing the completed behavior; Requirement-linked test result; Audit or activity evidence where the action changes state or data,UI + API + E2E; add offline/device/location tests where applicable,"FAIL if requirement MVP1-M06-025 is removed, weakened, hidden, replaced by mock behavior, implemented only visually without runtime behavior, loses validation/audit/permission semantics, or cannot reproduce the accepted evidence after a later change."
AC-0382,MVP1-M06-026,Level 2 Review & Resubmission,Reviewer,Workflow Engine,Click Reject,Inspection rejected successfully.,"Require rejection reason, update workflow to Rejected, close inspection, notify inspector and update timeline.",Compliance Management shall not be triggered.,STM-REV-001;STM-REV-002;STM-REV-003;STM-REV-004 | states: Submitted->Under Review->Approved/Returned/Rejected,"ENG-12 immutable event: actor, time, object, before/after state, version refs (MVP1-FND-003)",EV-008;EV-003,"ERR-REV-001;ERR-AUTH-001 | FAIL if requirement MVP1-M06-026 is removed, weakened, hidden, replaced by mock behavior, implemented only visually without runtime behavior, loses validation/audit/permission semantics, or cannot rep",Runtime screenshot showing the completed behavior; Requirement-linked test result; Audit or activity evidence where the action changes state or data,UI + API + E2E; add offline/device/location tests where applicable,"FAIL if requirement MVP1-M06-026 is removed, weakened, hidden, replaced by mock behavior, implemented only visually without runtime behavior, loses validation/audit/permission semantics, or cannot reproduce the accepted evidence after a later change."
AC-0383,MVP1-M06-027,Level 2 Review & Resubmission,Reviewer,Audit Service,None,Audit events generated successfully.,"Record review opened, comments, approval, return, rejection, version viewed and timeline viewed.",Every reviewer action shall be auditable.,STM-REV-001;STM-REV-002;STM-REV-003;STM-REV-004 | states: Submitted->Under Review->Approved/Returned/Rejected,"ENG-12 immutable event: actor, time, object, before/after state, version refs (MVP1-FND-003)",EV-008;EV-003,"ERR-REV-001;ERR-AUTH-001 | FAIL if requirement MVP1-M06-027 is removed, weakened, hidden, replaced by mock behavior, implemented only visually without runtime behavior, loses validation/audit/permission semantics, or cannot rep",Runtime screenshot showing the completed behavior; Requirement-linked test result; Audit or activity evidence where the action changes state or data,UI + API + E2E; add offline/device/location tests where applicable,"FAIL if requirement MVP1-M06-027 is removed, weakened, hidden, replaced by mock behavior, implemented only visually without runtime behavior, loses validation/audit/permission semantics, or cannot reproduce the accepted evidence after a later change."
AC-0384,MVP1-M06-028,Level 2 Review & Resubmission,Reviewer,Workflow Engine,Retry,Errors handled safely.,"Handle workflow failures, repository failures and validation failures while preserving review integrity.",Partial review processing shall never occur.,STM-REV-001;STM-REV-002;STM-REV-003;STM-REV-004 | states: Submitted->Under Review->Approved/Returned/Rejected,"ENG-12 immutable event: actor, time, object, before/after state, version refs (MVP1-FND-003)",EV-008;EV-003,"ERR-REV-001;ERR-AUTH-001 | FAIL if requirement MVP1-M06-028 is removed, weakened, hidden, replaced by mock behavior, implemented only visually without runtime behavior, loses validation/audit/permission semantics, or cannot rep",Runtime screenshot showing the completed behavior; Requirement-linked test result; Audit or activity evidence where the action changes state or data,UI + API + E2E; add offline/device/location tests where applicable,"FAIL if requirement MVP1-M06-028 is removed, weakened, hidden, replaced by mock behavior, implemented only visually without runtime behavior, loses validation/audit/permission semantics, or cannot reproduce the accepted evidence after a later change."
AC-0385,MVP1-M06-029,Level 2 Review & Resubmission,Level 2 Reviewer,"Workflow Engine, Permission Engine","Open queue, view assigned inspections.",Reviewer can see assigned pending inspections.,Load inspections with status Pending Review assigned to the reviewer.,Reviewer sees only assigned inspections unless supervisor permission exists.,STM-REV-001;STM-REV-002;STM-REV-003;STM-REV-004 | states: Submitted->Under Review->Approved/Returned/Rejected,"ENG-12 immutable event: actor, time, object, before/after state, version refs (MVP1-FND-003)",EV-008;EV-003,"ERR-REV-001;ERR-AUTH-001 | FAIL if requirement MVP1-M06-029 is removed, weakened, hidden, replaced by mock behavior, implemented only visually without runtime behavior, loses validation/audit/permission semantics, or cannot rep",Runtime screenshot showing the completed behavior; Requirement-linked test result; Audit or activity evidence where the action changes state or data,UI + API + E2E; add offline/device/location tests where applicable,"FAIL if requirement MVP1-M06-029 is removed, weakened, hidden, replaced by mock behavior, implemented only visually without runtime behavior, loses validation/audit/permission semantics, or cannot reproduce the accepted evidence after a later change."
AC-0386,MVP1-M06-030,Level 2 Review & Resubmission,Level 2 Reviewer,Search Service,"Search/filter by inspection number, factory, inspector, risk, date, status, region.",Filters return accurate results.,Apply filters and return matching inspections.,Multiple filters can be combined.,STM-REV-001;STM-REV-002;STM-REV-003;STM-REV-004 | states: Submitted->Under Review->Approved/Returned/Rejected,"ENG-12 immutable event: actor, time, object, before/after state, version refs (MVP1-FND-003)",EV-008;EV-003,"ERR-REV-001;ERR-AUTH-001 | FAIL if requirement MVP1-M06-030 is removed, weakened, hidden, replaced by mock behavior, implemented only visually without runtime behavior, loses validation/audit/permission semantics, or cannot rep",Runtime screenshot showing the completed behavior; Requirement-linked test result; Audit or activity evidence where the action changes state or data,UI + API + E2E; add offline/device/location tests where applicable,"FAIL if requirement MVP1-M06-030 is removed, weakened, hidden, replaced by mock behavior, implemented only visually without runtime behavior, loses validation/audit/permission semantics, or cannot reproduce the accepted evidence after a later change."
AC-0387,MVP1-M06-031,Level 2 Review & Resubmission,Level 2 Reviewer,"SLA Engine, Risk Engine",View SLA/risk badges.,SLA and risk badges display correctly.,"Display SLA status, overdue flag, risk level, critical violations count.",SLA indicator is calculated from submission time.,STM-REV-001;STM-REV-002;STM-REV-003;STM-REV-004 | states: Submitted->Under Review->Approved/Returned/Rejected,"ENG-12 immutable event: actor, time, object, before/after state, version refs (MVP1-FND-003)",EV-008;EV-003,"ERR-REV-001;ERR-AUTH-001 | FAIL if requirement MVP1-M06-031 is removed, weakened, hidden, replaced by mock behavior, implemented only visually without runtime behavior, loses validation/audit/permission semantics, or cannot rep",Runtime screenshot showing the completed behavior; Requirement-linked test result; Audit or activity evidence where the action changes state or data,UI + API + E2E; add offline/device/location tests where applicable,"FAIL if requirement MVP1-M06-031 is removed, weakened, hidden, replaced by mock behavior, implemented only visually without runtime behavior, loses validation/audit/permission semantics, or cannot reproduce the accepted evidence after a later change."
AC-0388,MVP1-M06-032,Level 2 Review & Resubmission,Level 2 Reviewer,Inspection Repository,Click inspection record.,Reviewer can open inspection successfully.,Load latest submitted version in read-only mode.,Latest submitted version is opened by default.,STM-REV-001;STM-REV-002;STM-REV-003;STM-REV-004 | states: Submitted->Under Review->Approved/Returned/Rejected,"ENG-12 immutable event: actor, time, object, before/after state, version refs (MVP1-FND-003)",EV-008;EV-003,"ERR-REV-001;ERR-AUTH-001 | FAIL if requirement MVP1-M06-032 is removed, weakened, hidden, replaced by mock behavior, implemented only visually without runtime behavior, loses validation/audit/permission semantics, or cannot rep",Runtime screenshot showing the completed behavior; Requirement-linked test result; Audit or activity evidence where the action changes state or data,UI + API + E2E; add offline/device/location tests where applicable,"FAIL if requirement MVP1-M06-032 is removed, weakened, hidden, replaced by mock behavior, implemented only visually without runtime behavior, loses validation/audit/permission semantics, or cannot reproduce the accepted evidence after a later change."
AC-0389,MVP1-M06-033,Level 2 Review & Resubmission,Level 2 Reviewer,"Inspection Repository, Permission Engine",Review submitted package.,Workspace loads complete package.,"Load report, checklist, evidence, factory observations, action forms, violations, timeline, audit, versions.",Reviewer cannot edit submitted content.,STM-REV-001;STM-REV-002;STM-REV-003;STM-REV-004 | states: Submitted->Under Review->Approved/Returned/Rejected,"ENG-12 immutable event: actor, time, object, before/after state, version refs (MVP1-FND-003)",EV-008;EV-003,"ERR-REV-001;ERR-AUTH-001 | FAIL if requirement MVP1-M06-033 is removed, weakened, hidden, replaced by mock behavior, implemented only visually without runtime behavior, loses validation/audit/permission semantics, or cannot rep",Runtime screenshot showing the completed behavior; Requirement-linked test result; Audit or activity evidence where the action changes state or data,UI + API + E2E; add offline/device/location tests where applicable,"FAIL if requirement MVP1-M06-033 is removed, weakened, hidden, replaced by mock behavior, implemented only visually without runtime behavior, loses validation/audit/permission semantics, or cannot reproduce the accepted evidence after a later change."
AC-0390,MVP1-M06-034,Level 2 Review & Resubmission,Level 2 Reviewer,"Observation Engine, Senaei",View source/observed values and evidence.,Reviewer sees all inspector-touched factory fields.,"Display Source Value, Observed Value, Verified/Updated status, Before/After, evidence.",Factory master data is not updated in Phase 1.,STM-REV-001;STM-REV-002;STM-REV-003;STM-REV-004 | states: Submitted->Under Review->Approved/Returned/Rejected,"ENG-12 immutable event: actor, time, object, before/after state, version refs (MVP1-FND-003)",EV-008;EV-003,"ERR-REV-001;ERR-AUTH-001 | FAIL if requirement MVP1-M06-034 is removed, weakened, hidden, replaced by mock behavior, implemented only visually without runtime behavior, loses validation/audit/permission semantics, or cannot rep",Runtime screenshot showing the completed behavior; Requirement-linked test result; Audit or activity evidence where the action changes state or data,UI + API + E2E; add offline/device/location tests where applicable,"FAIL if requirement MVP1-M06-034 is removed, weakened, hidden, replaced by mock behavior, implemented only visually without runtime behavior, loses validation/audit/permission semantics, or cannot reproduce the accepted evidence after a later change."
AC-0391,MVP1-M06-035,Level 2 Review & Resubmission,Level 2 Reviewer,Dynamic Form/Template Builder,View report fields and attachments.,Report displays accurately.,Render report in read-only mode from submitted version.,Report cannot be modified by reviewer.,STM-REV-001;STM-REV-002;STM-REV-003;STM-REV-004 | states: Submitted->Under Review->Approved/Returned/Rejected,"ENG-12 immutable event: actor, time, object, before/after state, version refs (MVP1-FND-003)",EV-008;EV-003,"ERR-REV-001;ERR-AUTH-001 | FAIL if requirement MVP1-M06-035 is removed, weakened, hidden, replaced by mock behavior, implemented only visually without runtime behavior, loses validation/audit/permission semantics, or cannot rep",Runtime screenshot showing the completed behavior; Requirement-linked test result; Audit or activity evidence where the action changes state or data,UI + API + E2E; add offline/device/location tests where applicable,"FAIL if requirement MVP1-M06-035 is removed, weakened, hidden, replaced by mock behavior, implemented only visually without runtime behavior, loses validation/audit/permission semantics, or cannot reproduce the accepted evidence after a later change."
AC-0392,MVP1-M06-036,Level 2 Review & Resubmission,Level 2 Reviewer,"Compliance Config, Rule Engine","View answers, comments, violations, evidence.",Checklist displays full execution result.,"Display required/optional items, answers, generated violations, penalties, corrective actions.",Reviewer cannot override predefined violation/penalty.,STM-REV-001;STM-REV-002;STM-REV-003;STM-REV-004 | states: Submitted->Under Review->Approved/Returned/Rejected,"ENG-12 immutable event: actor, time, object, before/after state, version refs (MVP1-FND-003)",EV-008;EV-003,"ERR-REV-001;ERR-AUTH-001 | FAIL if requirement MVP1-M06-036 is removed, weakened, hidden, replaced by mock behavior, implemented only visually without runtime behavior, loses validation/audit/permission semantics, or cannot rep",Runtime screenshot showing the completed behavior; Requirement-linked test result; Audit or activity evidence where the action changes state or data,UI + API + E2E; add offline/device/location tests where applicable,"FAIL if requirement MVP1-M06-036 is removed, weakened, hidden, replaced by mock behavior, implemented only visually without runtime behavior, loses validation/audit/permission semantics, or cannot reproduce the accepted evidence after a later change."
AC-0393,MVP1-M06-037,Level 2 Review & Resubmission,Level 2 Reviewer,"Evidence Service, Media Service","Preview photos, videos, documents, annotations.",Reviewer can preview all evidence.,"Display evidence grouped by source: factory data, report, item, action form.",Evidence is read-only after submission.,STM-REV-001;STM-REV-002;STM-REV-003;STM-REV-004 | states: Submitted->Under Review->Approved/Returned/Rejected,"ENG-12 immutable event: actor, time, object, before/after state, version refs (MVP1-FND-003)",EV-008;EV-003,"ERR-REV-001;ERR-AUTH-001 | FAIL if requirement MVP1-M06-037 is removed, weakened, hidden, replaced by mock behavior, implemented only visually without runtime behavior, loses validation/audit/permission semantics, or cannot rep",Runtime screenshot showing the completed behavior; Requirement-linked test result; Audit or activity evidence where the action changes state or data,UI + API + E2E; add offline/device/location tests where applicable,"FAIL if requirement MVP1-M06-037 is removed, weakened, hidden, replaced by mock behavior, implemented only visually without runtime behavior, loses validation/audit/permission semantics, or cannot reproduce the accepted evidence after a later change."
AC-0394,MVP1-M06-038,Level 2 Review & Resubmission,Level 2 Reviewer,"Dynamic Form/Template Builder, Signature Service",Open generated forms.,Action forms display correctly.,"Display completed action forms, attachments, signatures/refusals.",Generated forms are read-only.,STM-REV-001;STM-REV-002;STM-REV-003;STM-REV-004 | states: Submitted->Under Review->Approved/Returned/Rejected,"ENG-12 immutable event: actor, time, object, before/after state, version refs (MVP1-FND-003)",EV-008;EV-003,"ERR-REV-001;ERR-AUTH-001 | FAIL if requirement MVP1-M06-038 is removed, weakened, hidden, replaced by mock behavior, implemented only visually without runtime behavior, loses validation/audit/permission semantics, or cannot rep",Runtime screenshot showing the completed behavior; Requirement-linked test result; Audit or activity evidence where the action changes state or data,UI + API + E2E; add offline/device/location tests where applicable,"FAIL if requirement MVP1-M06-038 is removed, weakened, hidden, replaced by mock behavior, implemented only visually without runtime behavior, loses validation/audit/permission semantics, or cannot reproduce the accepted evidence after a later change."
AC-0395,MVP1-M06-039,Level 2 Review & Resubmission,"Reviewer, Auditor","Audit Service, Timeline Service",View timeline and audit.,Reviewer can trace all events.,Display immutable timeline and audit events from planning to submission.,Timeline and audit cannot be changed.,STM-REV-001;STM-REV-002;STM-REV-003;STM-REV-004 | states: Submitted->Under Review->Approved/Returned/Rejected,"ENG-12 immutable event: actor, time, object, before/after state, version refs (MVP1-FND-003)",EV-008;EV-003,"ERR-REV-001;ERR-AUTH-001 | FAIL if requirement MVP1-M06-039 is removed, weakened, hidden, replaced by mock behavior, implemented only visually without runtime behavior, loses validation/audit/permission semantics, or cannot rep",Runtime screenshot showing the completed behavior; Requirement-linked test result; Audit or activity evidence where the action changes state or data,UI + API + E2E; add offline/device/location tests where applicable,"FAIL if requirement MVP1-M06-039 is removed, weakened, hidden, replaced by mock behavior, implemented only visually without runtime behavior, loses validation/audit/permission semantics, or cannot reproduce the accepted evidence after a later change."
AC-0396,MVP1-M06-040,Level 2 Review & Resubmission,Level 2 Reviewer,Version Engine,Open/compare versions.,Reviewer can compare resubmissions.,Display all submitted versions and differences between them.,No version is overwritten.,STM-COR-001;STM-COR-002 | states: Returned->Correction In Progress->Resubmitted->Under Review,"ENG-12 immutable event: actor, time, object, before/after state, version refs (MVP1-FND-003)",EV-008,"ERR-REV-001;ERR-AUTH-001 | FAIL if requirement MVP1-M06-040 is removed, weakened, hidden, replaced by mock behavior, implemented only visually without runtime behavior, loses validation/audit/permission semantics, or cannot rep",Runtime screenshot showing the completed behavior; Requirement-linked test result; Audit or activity evidence where the action changes state or data,UI + API + E2E; add offline/device/location tests where applicable,"FAIL if requirement MVP1-M06-040 is removed, weakened, hidden, replaced by mock behavior, implemented only visually without runtime behavior, loses validation/audit/permission semantics, or cannot reproduce the accepted evidence after a later change."
AC-0397,MVP1-M06-041,Level 2 Review & Resubmission,Inspector,"Workflow Engine, Notification Service",Open returned inspection.,Inspector receives returned inspection.,Notify inspector and show returned inspection in assigned work.,Only assigned inspector can update returned inspection.,STM-COR-001;STM-COR-002 | states: Returned->Correction In Progress->Resubmitted->Under Review,"ENG-12 immutable event: actor, time, object, before/after state, version refs (MVP1-FND-003)",EV-008,"ERR-REV-001;ERR-AUTH-001 | FAIL if requirement MVP1-M06-041 is removed, weakened, hidden, replaced by mock behavior, implemented only visually without runtime behavior, loses validation/audit/permission semantics, or cannot rep",Runtime screenshot showing the completed behavior; Requirement-linked test result; Audit or activity evidence where the action changes state or data,UI + API + E2E; add offline/device/location tests where applicable,"FAIL if requirement MVP1-M06-041 is removed, weakened, hidden, replaced by mock behavior, implemented only visually without runtime behavior, loses validation/audit/permission semantics, or cannot reproduce the accepted evidence after a later change."
AC-0398,MVP1-M06-042,Level 2 Review & Resubmission,Inspector,Workflow Engine,"Review reason, comments, returned sections.",Inspector understands required corrections.,"Display return reason, reviewer comments, returned sections, related fields/items/forms.",Return reason is mandatory.,STM-COR-001;STM-COR-002 | states: Returned->Correction In Progress->Resubmitted->Under Review,"ENG-12 immutable event: actor, time, object, before/after state, version refs (MVP1-FND-003)",EV-008,"ERR-REV-001;ERR-AUTH-001 | FAIL if requirement MVP1-M06-042 is removed, weakened, hidden, replaced by mock behavior, implemented only visually without runtime behavior, loses validation/audit/permission semantics, or cannot rep",Runtime screenshot showing the completed behavior; Requirement-linked test result; Audit or activity evidence where the action changes state or data,UI + API + E2E; add offline/device/location tests where applicable,"FAIL if requirement MVP1-M06-042 is removed, weakened, hidden, replaced by mock behavior, implemented only visually without runtime behavior, loses validation/audit/permission semantics, or cannot reproduce the accepted evidence after a later change."
AC-0399,MVP1-M06-043,Level 2 Review & Resubmission,Inspector,"Permission Engine, Version Engine",Edit returned sections only.,Only returned sections are editable.,Unlock returned sections and keep non-returned sections read-only.,Inspector can edit only returned sections.,STM-COR-001;STM-COR-002 | states: Returned->Correction In Progress->Resubmitted->Under Review,"ENG-12 immutable event: actor, time, object, before/after state, version refs (MVP1-FND-003)",EV-008,"ERR-REV-001;ERR-AUTH-001 | FAIL if requirement MVP1-M06-043 is removed, weakened, hidden, replaced by mock behavior, implemented only visually without runtime behavior, loses validation/audit/permission semantics, or cannot rep",Runtime screenshot showing the completed behavior; Requirement-linked test result; Audit or activity evidence where the action changes state or data,UI + API + E2E; add offline/device/location tests where applicable,"FAIL if requirement MVP1-M06-043 is removed, weakened, hidden, replaced by mock behavior, implemented only visually without runtime behavior, loses validation/audit/permission semantics, or cannot reproduce the accepted evidence after a later change."
AC-0400,MVP1-M06-044,Level 2 Review & Resubmission,Inspector,Draft Service,Save draft.,Returned updates are saved.,"Save edits, evidence changes, comments, and updated values.",Returned draft remains editable until resubmitted.,STM-COR-001;STM-COR-002 | states: Returned->Correction In Progress->Resubmitted->Under Review,"ENG-12 immutable event: actor, time, object, before/after state, version refs (MVP1-FND-003)",EV-008,"ERR-REV-001;ERR-AUTH-001 | FAIL if requirement MVP1-M06-044 is removed, weakened, hidden, replaced by mock behavior, implemented only visually without runtime behavior, loses validation/audit/permission semantics, or cannot rep",Runtime screenshot showing the completed behavior; Requirement-linked test result; Audit or activity evidence where the action changes state or data,UI + API + E2E; add offline/device/location tests where applicable,"FAIL if requirement MVP1-M06-044 is removed, weakened, hidden, replaced by mock behavior, implemented only visually without runtime behavior, loses validation/audit/permission semantics, or cannot reproduce the accepted evidence after a later change."
AC-0401,MVP1-M06-045,Level 2 Review & Resubmission,Inspector,"Workflow Engine, Version Engine",Click Resubmit.,Resubmitted inspection returns to reviewer.,"Validate returned sections, create new submission version, lock version, status → Pending Review, notify reviewer.",Every resubmission creates new version. Previous version remains locked.,STM-COR-001;STM-COR-002 | states: Returned->Correction In Progress->Resubmitted->Under Review,"ENG-12 immutable event: actor, time, object, before/after state, version refs (MVP1-FND-003)",EV-008,"ERR-REV-001;ERR-AUTH-001 | FAIL if requirement MVP1-M06-045 is removed, weakened, hidden, replaced by mock behavior, implemented only visually without runtime behavior, loses validation/audit/permission semantics, or cannot rep",Runtime screenshot showing the completed behavior; Requirement-linked test result; Audit or activity evidence where the action changes state or data,UI + API + E2E; add offline/device/location tests where applicable,"FAIL if requirement MVP1-M06-045 is removed, weakened, hidden, replaced by mock behavior, implemented only visually without runtime behavior, loses validation/audit/permission semantics, or cannot reproduce the accepted evidence after a later change."
AC-0402,MVP1-M06-046,Level 2 Review & Resubmission,Level 2 Reviewer,Version Engine,Compare previous vs latest.,Reviewer can identify corrected sections.,Highlight changes between previous submitted version and resubmitted version.,Reviewer reviews latest version while history remains accessible.,STM-COR-001;STM-COR-002 | states: Returned->Correction In Progress->Resubmitted->Under Review,"ENG-12 immutable event: actor, time, object, before/after state, version refs (MVP1-FND-003)",EV-008,"ERR-REV-001;ERR-AUTH-001 | FAIL if requirement MVP1-M06-046 is removed, weakened, hidden, replaced by mock behavior, implemented only visually without runtime behavior, loses validation/audit/permission semantics, or cannot rep",Runtime screenshot showing the completed behavior; Requirement-linked test result; Audit or activity evidence where the action changes state or data,UI + API + E2E; add offline/device/location tests where applicable,"FAIL if requirement MVP1-M06-046 is removed, weakened, hidden, replaced by mock behavior, implemented only visually without runtime behavior, loses validation/audit/permission semantics, or cannot reproduce the accepted evidence after a later change."
AC-0403,MVP1-M06-047,Level 2 Review & Resubmission,System,Version Engine,None,Version created on every submission.,"Create immutable version containing report, checklist, evidence, observations, action forms, comments, timeline snapshot.",Submitted versions are never overwritten.,STM-COR-001;STM-COR-002 | states: Returned->Correction In Progress->Resubmitted->Under Review,"ENG-12 immutable event: actor, time, object, before/after state, version refs (MVP1-FND-003)",EV-008,"ERR-REV-001;ERR-AUTH-001 | FAIL if requirement MVP1-M06-047 is removed, weakened, hidden, replaced by mock behavior, implemented only visually without runtime behavior, loses validation/audit/permission semantics, or cannot rep",Runtime screenshot showing the completed behavior; Requirement-linked test result; Audit or activity evidence where the action changes state or data,UI + API + E2E; add offline/device/location tests where applicable,"FAIL if requirement MVP1-M06-047 is removed, weakened, hidden, replaced by mock behavior, implemented only visually without runtime behavior, loses validation/audit/permission semantics, or cannot reproduce the accepted evidence after a later change."
AC-0404,MVP1-M06-048,Level 2 Review & Resubmission,"Reviewer, Auditor",Version Engine,View versions.,All versions remain accessible.,"Store each submitted version with version number, timestamp, inspector, reviewer decision.",Latest submitted version is used for active review.,STM-COR-001;STM-COR-002 | states: Returned->Correction In Progress->Resubmitted->Under Review,"ENG-12 immutable event: actor, time, object, before/after state, version refs (MVP1-FND-003)",EV-008,"ERR-REV-001;ERR-AUTH-001 | FAIL if requirement MVP1-M06-048 is removed, weakened, hidden, replaced by mock behavior, implemented only visually without runtime behavior, loses validation/audit/permission semantics, or cannot rep",Runtime screenshot showing the completed behavior; Requirement-linked test result; Audit or activity evidence where the action changes state or data,UI + API + E2E; add offline/device/location tests where applicable,"FAIL if requirement MVP1-M06-048 is removed, weakened, hidden, replaced by mock behavior, implemented only visually without runtime behavior, loses validation/audit/permission semantics, or cannot reproduce the accepted evidence after a later change."
AC-0405,MVP1-M06-049,Level 2 Review & Resubmission,"Reviewer, Auditor",Audit Service,None,Every decision is fully auditable.,"Log reviewer ID, decision, reason, comments, affected sections, previous status, new status, timestamp.",Audit record is immutable.,STM-REV-001;STM-REV-002;STM-REV-003;STM-REV-004 | states: Submitted->Under Review->Approved/Returned/Rejected,"ENG-12 immutable event: actor, time, object, before/after state, version refs (MVP1-FND-003)",EV-008;EV-003,"ERR-REV-001;ERR-AUTH-001 | FAIL if requirement MVP1-M06-049 is removed, weakened, hidden, replaced by mock behavior, implemented only visually without runtime behavior, loses validation/audit/permission semantics, or cannot rep",Runtime screenshot showing the completed behavior; Requirement-linked test result; Audit or activity evidence where the action changes state or data,UI + API + E2E; add offline/device/location tests where applicable,"FAIL if requirement MVP1-M06-049 is removed, weakened, hidden, replaced by mock behavior, implemented only visually without runtime behavior, loses validation/audit/permission semantics, or cannot reproduce the accepted evidence after a later change."
AC-0406,MVP1-M06-050,Level 2 Review & Resubmission,"Inspector, Reviewer","Audit Service, Version Engine",None,Corrections are visible in audit.,"Log edited sections, changed fields, evidence updates, comments, resubmission timestamp.",Returned edits must be traceable to previous version.,STM-COR-001;STM-COR-002 | states: Returned->Correction In Progress->Resubmitted->Under Review,"ENG-12 immutable event: actor, time, object, before/after state, version refs (MVP1-FND-003)",EV-008,"ERR-REV-001;ERR-AUTH-001 | FAIL if requirement MVP1-M06-050 is removed, weakened, hidden, replaced by mock behavior, implemented only visually without runtime behavior, loses validation/audit/permission semantics, or cannot rep",Runtime screenshot showing the completed behavior; Requirement-linked test result; Audit or activity evidence where the action changes state or data,UI + API + E2E; add offline/device/location tests where applicable,"FAIL if requirement MVP1-M06-050 is removed, weakened, hidden, replaced by mock behavior, implemented only visually without runtime behavior, loses validation/audit/permission semantics, or cannot reproduce the accepted evidence after a later change."
AC-0407,MVP1-M06-051,Level 2 Review & Resubmission,"Inspector, Reviewer, Auditor",Timeline Service,View timeline.,Timeline reflects full review journey.,"Create timeline events: Submitted, Review Opened, Returned, Resubmitted, Approved, Rejected.",Timeline is the single source of truth for business events.,STM-REV-001;STM-REV-002;STM-REV-003;STM-REV-004 | states: Submitted->Under Review->Approved/Returned/Rejected,"ENG-12 immutable event: actor, time, object, before/after state, version refs (MVP1-FND-003)",EV-008;EV-003,"ERR-REV-001;ERR-AUTH-001 | FAIL if requirement MVP1-M06-051 is removed, weakened, hidden, replaced by mock behavior, implemented only visually without runtime behavior, loses validation/audit/permission semantics, or cannot rep",Runtime screenshot showing the completed behavior; Requirement-linked test result; Audit or activity evidence where the action changes state or data,UI + API + E2E; add offline/device/location tests where applicable,"FAIL if requirement MVP1-M06-051 is removed, weakened, hidden, replaced by mock behavior, implemented only visually without runtime behavior, loses validation/audit/permission semantics, or cannot reproduce the accepted evidence after a later change."
AC-0408,MVP1-M06-052,Level 2 Review & Resubmission,Reviewer,Audit Service,Add comment where allowed.,Reviewer comments are preserved.,Store reviewer comments as immutable records.,Comments cannot be edited or deleted after submission.,STM-REV-001;STM-REV-002;STM-REV-003;STM-REV-004 | states: Submitted->Under Review->Approved/Returned/Rejected,"ENG-12 immutable event: actor, time, object, before/after state, version refs (MVP1-FND-003)",EV-008;EV-003,"ERR-REV-001;ERR-AUTH-001 | FAIL if requirement MVP1-M06-052 is removed, weakened, hidden, replaced by mock behavior, implemented only visually without runtime behavior, loses validation/audit/permission semantics, or cannot rep",Runtime screenshot showing the completed behavior; Requirement-linked test result; Audit or activity evidence where the action changes state or data,UI + API + E2E; add offline/device/location tests where applicable,"FAIL if requirement MVP1-M06-052 is removed, weakened, hidden, replaced by mock behavior, implemented only visually without runtime behavior, loses validation/audit/permission semantics, or cannot reproduce the accepted evidence after a later change."
AC-0409,MVP1-M06-053,Level 2 Review & Resubmission,"Reviewer, Auditor",Version Engine,Compare selected versions.,Reviewer can compare versions accurately.,"Display before/after differences between versions including changed fields, evidence, items, action forms.",Comparison is read-only.,STM-COR-001;STM-COR-002 | states: Returned->Correction In Progress->Resubmitted->Under Review,"ENG-12 immutable event: actor, time, object, before/after state, version refs (MVP1-FND-003)",EV-008,"ERR-REV-001;ERR-AUTH-001 | FAIL if requirement MVP1-M06-053 is removed, weakened, hidden, replaced by mock behavior, implemented only visually without runtime behavior, loses validation/audit/permission semantics, or cannot rep",Runtime screenshot showing the completed behavior; Requirement-linked test result; Audit or activity evidence where the action changes state or data,UI + API + E2E; add offline/device/location tests where applicable,"FAIL if requirement MVP1-M06-053 is removed, weakened, hidden, replaced by mock behavior, implemented only visually without runtime behavior, loses validation/audit/permission semantics, or cannot reproduce the accepted evidence after a later change."
AC-0410,MVP1-M07-001,Factory 360,"Inspector, Planner, Reviewer, Supervisor, Executive","Senaei, Factory Sync, Visit, Inspection, Compliance",Open factory profile.,User can open complete factory profile.,"Load factory master profile, license, CR, visits, inspections, violations, penalties, scores, timeline.","Factory 360° is the full profile page, not the small Factory Card.",(read-side; ENG-12 audit-sourced) | states: Reviewed Outcome->Historical/Operational Update (read/aggregate),"ENG-12 immutable event: actor, time, object, before/after state, version refs (MVP1-FND-003)",EV-001,"ERR-OPS-001;ERR-AUTH-001 | FAIL if requirement MVP1-M07-001 is removed, weakened, hidden, replaced by mock behavior, implemented only visually without runtime behavior, loses validation/audit/permission semantics, or cannot rep",Runtime screenshot showing the completed behavior; Requirement-linked test result; Audit or activity evidence where the action changes state or data,UI + API + E2E; add offline/device/location tests where applicable,"FAIL if requirement MVP1-M07-001 is removed, weakened, hidden, replaced by mock behavior, implemented only visually without runtime behavior, loses validation/audit/permission semantics, or cannot reproduce the accepted evidence after a later change."
AC-0411,MVP1-M07-002,Factory 360,All BO users,Senaei Integration,View overview.,Overview displays correct synchronized data.,"Display factory name, CR, license, status, stage, activity, sector, region, city.",Data source is Senaei unless updated through approved future flow.,(read-side; ENG-12 audit-sourced) | states: Reviewed Outcome->Historical/Operational Update (read/aggregate),"ENG-12 immutable event: actor, time, object, before/after state, version refs (MVP1-FND-003)",EV-001,"ERR-OPS-001;ERR-AUTH-001 | FAIL if requirement MVP1-M07-002 is removed, weakened, hidden, replaced by mock behavior, implemented only visually without runtime behavior, loses validation/audit/permission semantics, or cannot rep",Runtime screenshot showing the completed behavior; Requirement-linked test result; Audit or activity evidence where the action changes state or data,UI + API + E2E; add offline/device/location tests where applicable,"FAIL if requirement MVP1-M07-002 is removed, weakened, hidden, replaced by mock behavior, implemented only visually without runtime behavior, loses validation/audit/permission semantics, or cannot reproduce the accepted evidence after a later change."
AC-0412,MVP1-M07-003,Factory 360,"Inspector, Reviewer, Planner",Senaei,View license details.,License details display correctly.,"Display license number, status, stage, issue date, expiry date, activity, license holder.",License data is read-only in Factory 360°.,(read-side; ENG-12 audit-sourced) | states: Reviewed Outcome->Historical/Operational Update (read/aggregate),"ENG-12 immutable event: actor, time, object, before/after state, version refs (MVP1-FND-003)",EV-001,"ERR-OPS-001;ERR-AUTH-001 | FAIL if requirement MVP1-M07-003 is removed, weakened, hidden, replaced by mock behavior, implemented only visually without runtime behavior, loses validation/audit/permission semantics, or cannot rep",Runtime screenshot showing the completed behavior; Requirement-linked test result; Audit or activity evidence where the action changes state or data,UI + API + E2E; add offline/device/location tests where applicable,"FAIL if requirement MVP1-M07-003 is removed, weakened, hidden, replaced by mock behavior, implemented only visually without runtime behavior, loses validation/audit/permission semantics, or cannot reproduce the accepted evidence after a later change."
AC-0413,MVP1-M07-004,Factory 360,BO Users,Senaei/MCI if applicable,View CR information.,CR details display correctly.,"Display CR number, legal name, CR status, owner details if available.",CR info follows latest synchronized source.,(read-side; ENG-12 audit-sourced) | states: Reviewed Outcome->Historical/Operational Update (read/aggregate),"ENG-12 immutable event: actor, time, object, before/after state, version refs (MVP1-FND-003)",EV-001,"ERR-OPS-001;ERR-AUTH-001 | FAIL if requirement MVP1-M07-004 is removed, weakened, hidden, replaced by mock behavior, implemented only visually without runtime behavior, loses validation/audit/permission semantics, or cannot rep",Runtime screenshot showing the completed behavior; Requirement-linked test result; Audit or activity evidence where the action changes state or data,UI + API + E2E; add offline/device/location tests where applicable,"FAIL if requirement MVP1-M07-004 is removed, weakened, hidden, replaced by mock behavior, implemented only visually without runtime behavior, loses validation/audit/permission semantics, or cannot reproduce the accepted evidence after a later change."
AC-0414,MVP1-M07-005,Factory 360,"Planner, Inspector, Reviewer","Maps, GIS, Inspection Execution",View map and pins.,All location points display correctly.,"Show license pin, planner pin if available, actual observed locations from inspections, GPS override history.",Planner pin does not overwrite license pin. Actual observed location is stored separately.,(read-side; ENG-12 audit-sourced) | states: Reviewed Outcome->Historical/Operational Update (read/aggregate),"ENG-12 immutable event: actor, time, object, before/after state, version refs (MVP1-FND-003)",EV-001,"ERR-OPS-001;ERR-AUTH-001 | FAIL if requirement MVP1-M07-005 is removed, weakened, hidden, replaced by mock behavior, implemented only visually without runtime behavior, loses validation/audit/permission semantics, or cannot rep",Runtime screenshot showing the completed behavior; Requirement-linked test result; Audit or activity evidence where the action changes state or data,UI + API + E2E; add offline/device/location tests where applicable,"FAIL if requirement MVP1-M07-005 is removed, weakened, hidden, replaced by mock behavior, implemented only visually without runtime behavior, loses validation/audit/permission semantics, or cannot reproduce the accepted evidence after a later change."
AC-0415,MVP1-M07-006,Factory 360,"Inspector, Reviewer","Senaei, Product Master",View product list.,Products display correctly.,"Load products, HS codes, production details if available.",Product data is read-only unless future approved update flow exists.,(read-side; ENG-12 audit-sourced) | states: Reviewed Outcome->Historical/Operational Update (read/aggregate),"ENG-12 immutable event: actor, time, object, before/after state, version refs (MVP1-FND-003)",EV-001,"ERR-OPS-001;ERR-AUTH-001 | FAIL if requirement MVP1-M07-006 is removed, weakened, hidden, replaced by mock behavior, implemented only visually without runtime behavior, loses validation/audit/permission semantics, or cannot rep",Runtime screenshot showing the completed behavior; Requirement-linked test result; Audit or activity evidence where the action changes state or data,UI + API + E2E; add offline/device/location tests where applicable,"FAIL if requirement MVP1-M07-006 is removed, weakened, hidden, replaced by mock behavior, implemented only visually without runtime behavior, loses validation/audit/permission semantics, or cannot reproduce the accepted evidence after a later change."
AC-0416,MVP1-M07-007,Factory 360,"Inspector, Reviewer",Senaei,View raw materials.,Raw materials display correctly.,Load raw material list from synchronized source.,Read-only.,(read-side; ENG-12 audit-sourced) | states: Reviewed Outcome->Historical/Operational Update (read/aggregate),"ENG-12 immutable event: actor, time, object, before/after state, version refs (MVP1-FND-003)",EV-001,"ERR-OPS-001;ERR-AUTH-001 | FAIL if requirement MVP1-M07-007 is removed, weakened, hidden, replaced by mock behavior, implemented only visually without runtime behavior, loses validation/audit/permission semantics, or cannot rep",Runtime screenshot showing the completed behavior; Requirement-linked test result; Audit or activity evidence where the action changes state or data,UI + API + E2E; add offline/device/location tests where applicable,"FAIL if requirement MVP1-M07-007 is removed, weakened, hidden, replaced by mock behavior, implemented only visually without runtime behavior, loses validation/audit/permission semantics, or cannot reproduce the accepted evidence after a later change."
AC-0417,MVP1-M07-008,Factory 360,"Inspector, Reviewer","Senaei, Observation Engine",View employee data.,Workforce data and observations are visible.,Display employee count and related workforce fields.,Inspector observations do not update source directly in Phase 1.,(read-side; ENG-12 audit-sourced) | states: Reviewed Outcome->Historical/Operational Update (read/aggregate),"ENG-12 immutable event: actor, time, object, before/after state, version refs (MVP1-FND-003)",EV-001,"ERR-OPS-001;ERR-AUTH-001 | FAIL if requirement MVP1-M07-008 is removed, weakened, hidden, replaced by mock behavior, implemented only visually without runtime behavior, loses validation/audit/permission semantics, or cannot rep",Runtime screenshot showing the completed behavior; Requirement-linked test result; Audit or activity evidence where the action changes state or data,UI + API + E2E; add offline/device/location tests where applicable,"FAIL if requirement MVP1-M07-008 is removed, weakened, hidden, replaced by mock behavior, implemented only visually without runtime behavior, loses validation/audit/permission semantics, or cannot reproduce the accepted evidence after a later change."
AC-0418,MVP1-M07-009,Factory 360,"Planner, Reviewer, Executive",Senaei,View indicators.,Investment section loads correctly.,"Display investment size, capacity, industrial indicators.",Read-only.,(read-side; ENG-12 audit-sourced) | states: Reviewed Outcome->Historical/Operational Update (read/aggregate),"ENG-12 immutable event: actor, time, object, before/after state, version refs (MVP1-FND-003)",EV-001,"ERR-OPS-001;ERR-AUTH-001 | FAIL if requirement MVP1-M07-009 is removed, weakened, hidden, replaced by mock behavior, implemented only visually without runtime behavior, loses validation/audit/permission semantics, or cannot rep",Runtime screenshot showing the completed behavior; Requirement-linked test result; Audit or activity evidence where the action changes state or data,UI + API + E2E; add offline/device/location tests where applicable,"FAIL if requirement MVP1-M07-009 is removed, weakened, hidden, replaced by mock behavior, implemented only visually without runtime behavior, loses validation/audit/permission semantics, or cannot reproduce the accepted evidence after a later change."
AC-0419,MVP1-M07-010,Factory 360,"Planner, Inspector, Supervisor",Visit Management,"View visits, open visit.",User can view visit history.,"Display planned, cancelled, completed, expired visits with status and dates.",Visits are chronological and filterable.,(read-side; ENG-12 audit-sourced) | states: Reviewed Outcome->Historical/Operational Update (read/aggregate),"ENG-12 immutable event: actor, time, object, before/after state, version refs (MVP1-FND-003)",EV-001,"ERR-OPS-001;ERR-AUTH-001 | FAIL if requirement MVP1-M07-010 is removed, weakened, hidden, replaced by mock behavior, implemented only visually without runtime behavior, loses validation/audit/permission semantics, or cannot rep",Runtime screenshot showing the completed behavior; Requirement-linked test result; Audit or activity evidence where the action changes state or data,UI + API + E2E; add offline/device/location tests where applicable,"FAIL if requirement MVP1-M07-010 is removed, weakened, hidden, replaced by mock behavior, implemented only visually without runtime behavior, loses validation/audit/permission semantics, or cannot reproduce the accepted evidence after a later change."
AC-0420,MVP1-M07-011,Factory 360,"Inspector, Reviewer",Inspection Repository,Open inspection.,Inspection history displays correctly.,"Display submitted, approved, returned, rejected inspections with inspector, result, date.",Submitted/approved inspections remain read-only.,(read-side; ENG-12 audit-sourced) | states: Reviewed Outcome->Historical/Operational Update (read/aggregate),"ENG-12 immutable event: actor, time, object, before/after state, version refs (MVP1-FND-003)",EV-001,"ERR-OPS-001;ERR-AUTH-001 | FAIL if requirement MVP1-M07-011 is removed, weakened, hidden, replaced by mock behavior, implemented only visually without runtime behavior, loses validation/audit/permission semantics, or cannot rep",Runtime screenshot showing the completed behavior; Requirement-linked test result; Audit or activity evidence where the action changes state or data,UI + API + E2E; add offline/device/location tests where applicable,"FAIL if requirement MVP1-M07-011 is removed, weakened, hidden, replaced by mock behavior, implemented only visually without runtime behavior, loses validation/audit/permission semantics, or cannot reproduce the accepted evidence after a later change."
AC-0421,MVP1-M07-012,Factory 360,"Reviewer, Compliance Officer",Compliance Management,View violations/penalties.,Violations and penalties display correctly.,"Display open/closed violations, penalties, corrective actions, issue dates, due dates.",Only approved inspection outcomes appear as official compliance records.,(read-side; ENG-12 audit-sourced) | states: Reviewed Outcome->Historical/Operational Update (read/aggregate),"ENG-12 immutable event: actor, time, object, before/after state, version refs (MVP1-FND-003)",EV-001,"ERR-OPS-001;ERR-AUTH-001 | FAIL if requirement MVP1-M07-012 is removed, weakened, hidden, replaced by mock behavior, implemented only visually without runtime behavior, loses validation/audit/permission semantics, or cannot rep",Runtime screenshot showing the completed behavior; Requirement-linked test result; Audit or activity evidence where the action changes state or data,UI + API + E2E; add offline/device/location tests where applicable,"FAIL if requirement MVP1-M07-012 is removed, weakened, hidden, replaced by mock behavior, implemented only visually without runtime behavior, loses validation/audit/permission semantics, or cannot reproduce the accepted evidence after a later change."
AC-0422,MVP1-M07-013,Factory 360,"Compliance Officer, Supervisor",Compliance Management,View action status.,Corrective actions show status and due date.,"Display corrective action, source violation, due date, status, evidence if any.",Corrective actions originate from approved compliance outcomes.,(read-side; ENG-12 audit-sourced) | states: Reviewed Outcome->Historical/Operational Update (read/aggregate),"ENG-12 immutable event: actor, time, object, before/after state, version refs (MVP1-FND-003)",EV-001,"ERR-OPS-001;ERR-AUTH-001 | FAIL if requirement MVP1-M07-013 is removed, weakened, hidden, replaced by mock behavior, implemented only visually without runtime behavior, loses validation/audit/permission semantics, or cannot rep",Runtime screenshot showing the completed behavior; Requirement-linked test result; Audit or activity evidence where the action changes state or data,UI + API + E2E; add offline/device/location tests where applicable,"FAIL if requirement MVP1-M07-013 is removed, weakened, hidden, replaced by mock behavior, implemented only visually without runtime behavior, loses validation/audit/permission semantics, or cannot reproduce the accepted evidence after a later change."
AC-0423,MVP1-M07-014,Factory 360,"Executive, Supervisor",Health Score Engine,View score details.,Score and history display correctly.,"Display current score, score history, score drivers, last recalculation date.",Score recalculation rules come from Risk/Health Engine.,(read-side; ENG-12 audit-sourced) | states: Reviewed Outcome->Historical/Operational Update (read/aggregate),"ENG-12 immutable event: actor, time, object, before/after state, version refs (MVP1-FND-003)",EV-001,"ERR-OPS-001;ERR-AUTH-001 | FAIL if requirement MVP1-M07-014 is removed, weakened, hidden, replaced by mock behavior, implemented only visually without runtime behavior, loses validation/audit/permission semantics, or cannot rep",Runtime screenshot showing the completed behavior; Requirement-linked test result; Audit or activity evidence where the action changes state or data,UI + API + E2E; add offline/device/location tests where applicable,"FAIL if requirement MVP1-M07-014 is removed, weakened, hidden, replaced by mock behavior, implemented only visually without runtime behavior, loses validation/audit/permission semantics, or cannot reproduce the accepted evidence after a later change."
AC-0424,MVP1-M07-015,Factory 360,"Planner, Supervisor, Executive",Risk Engine,View risk profile.,Risk profile displays correctly.,"Display current risk level, risk drivers, risk history, related violations.",Risk is read-only and calculated by Risk Engine.,(read-side; ENG-12 audit-sourced) | states: Reviewed Outcome->Historical/Operational Update (read/aggregate),"ENG-12 immutable event: actor, time, object, before/after state, version refs (MVP1-FND-003)",EV-001,"ERR-OPS-001;ERR-AUTH-001 | FAIL if requirement MVP1-M07-015 is removed, weakened, hidden, replaced by mock behavior, implemented only visually without runtime behavior, loses validation/audit/permission semantics, or cannot rep",Runtime screenshot showing the completed behavior; Requirement-linked test result; Audit or activity evidence where the action changes state or data,UI + API + E2E; add offline/device/location tests where applicable,"FAIL if requirement MVP1-M07-015 is removed, weakened, hidden, replaced by mock behavior, implemented only visually without runtime behavior, loses validation/audit/permission semantics, or cannot reproduce the accepted evidence after a later change."
AC-0425,MVP1-M07-016,Factory 360,"Reviewer, Compliance Officer","Evidence, Template Builder, Storage",Preview/download allowed documents.,Authorized users can view documents.,"Display generated PDFs, inspection reports, penalty notices, evidence references.",Access controlled by permission.,(read-side; ENG-12 audit-sourced) | states: Reviewed Outcome->Historical/Operational Update (read/aggregate),"ENG-12 immutable event: actor, time, object, before/after state, version refs (MVP1-FND-003)",EV-001,"ERR-OPS-001;ERR-AUTH-001 | FAIL if requirement MVP1-M07-016 is removed, weakened, hidden, replaced by mock behavior, implemented only visually without runtime behavior, loses validation/audit/permission semantics, or cannot rep",Runtime screenshot showing the completed behavior; Requirement-linked test result; Audit or activity evidence where the action changes state or data,UI + API + E2E; add offline/device/location tests where applicable,"FAIL if requirement MVP1-M07-016 is removed, weakened, hidden, replaced by mock behavior, implemented only visually without runtime behavior, loses validation/audit/permission semantics, or cannot reproduce the accepted evidence after a later change."
AC-0426,MVP1-M07-017,Factory 360,All BO Users,Timeline Service,View timeline.,Timeline accurately shows factory history.,"Display events: sync, visit planned, inspection submitted, approved, penalty issued, score updated.",Timeline events are immutable.,(read-side; ENG-12 audit-sourced) | states: Reviewed Outcome->Historical/Operational Update (read/aggregate),"ENG-12 immutable event: actor, time, object, before/after state, version refs (MVP1-FND-003)",EV-001,"ERR-OPS-001;ERR-AUTH-001 | FAIL if requirement MVP1-M07-017 is removed, weakened, hidden, replaced by mock behavior, implemented only visually without runtime behavior, loses validation/audit/permission semantics, or cannot rep",Runtime screenshot showing the completed behavior; Requirement-linked test result; Audit or activity evidence where the action changes state or data,UI + API + E2E; add offline/device/location tests where applicable,"FAIL if requirement MVP1-M07-017 is removed, weakened, hidden, replaced by mock behavior, implemented only visually without runtime behavior, loses validation/audit/permission semantics, or cannot reproduce the accepted evidence after a later change."
AC-0427,MVP1-M07-018,Factory 360,"Inspector, Reviewer, Planner",Factory Card,Click Open Factory 360°.,User can open full profile from card.,Navigate to Factory 360° in new/detail view.,Factory Card is summary only; Factory 360° is full page.,(read-side; ENG-12 audit-sourced) | states: Reviewed Outcome->Historical/Operational Update (read/aggregate),"ENG-12 immutable event: actor, time, object, before/after state, version refs (MVP1-FND-003)",EV-001,"ERR-OPS-001;ERR-AUTH-001 | FAIL if requirement MVP1-M07-018 is removed, weakened, hidden, replaced by mock behavior, implemented only visually without runtime behavior, loses validation/audit/permission semantics, or cannot rep",Runtime screenshot showing the completed behavior; Requirement-linked test result; Audit or activity evidence where the action changes state or data,UI + API + E2E; add offline/device/location tests where applicable,"FAIL if requirement MVP1-M07-018 is removed, weakened, hidden, replaced by mock behavior, implemented only visually without runtime behavior, loses validation/audit/permission semantics, or cannot reproduce the accepted evidence after a later change."
AC-0428,MVP1-M07-019,Factory 360,All Roles,Permission Engine,View authorized sections.,Unauthorized sections are hidden/blocked.,"Apply role-based visibility for tabs, documents, evidence, penalties.",Users only see sections allowed by role.,(read-side; ENG-12 audit-sourced) | states: Reviewed Outcome->Historical/Operational Update (read/aggregate),"ENG-12 immutable event: actor, time, object, before/after state, version refs (MVP1-FND-003)",EV-001,"ERR-OPS-001;ERR-AUTH-001 | FAIL if requirement MVP1-M07-019 is removed, weakened, hidden, replaced by mock behavior, implemented only visually without runtime behavior, loses validation/audit/permission semantics, or cannot rep",Runtime screenshot showing the completed behavior; Requirement-linked test result; Audit or activity evidence where the action changes state or data,UI + API + E2E; add offline/device/location tests where applicable,"FAIL if requirement MVP1-M07-019 is removed, weakened, hidden, replaced by mock behavior, implemented only visually without runtime behavior, loses validation/audit/permission semantics, or cannot reproduce the accepted evidence after a later change."
AC-0429,MVP1-M07-020,Factory 360,BO Users,All Source Services,Retry or view partial data.,User sees available data and clear error message.,Show partial data with warning if a source is unavailable.,Factory profile should not fully fail if one section fails.,(read-side; ENG-12 audit-sourced) | states: Reviewed Outcome->Historical/Operational Update (read/aggregate),"ENG-12 immutable event: actor, time, object, before/after state, version refs (MVP1-FND-003)",EV-001,"ERR-OPS-001;ERR-AUTH-001 | FAIL if requirement MVP1-M07-020 is removed, weakened, hidden, replaced by mock behavior, implemented only visually without runtime behavior, loses validation/audit/permission semantics, or cannot rep",Runtime screenshot showing the completed behavior; Requirement-linked test result; Audit or activity evidence where the action changes state or data,UI + API + E2E; add offline/device/location tests where applicable,"FAIL if requirement MVP1-M07-020 is removed, weakened, hidden, replaced by mock behavior, implemented only visually without runtime behavior, loses validation/audit/permission semantics, or cannot reproduce the accepted evidence after a later change."
AC-0430,MVP1-M08-001,Operations Center,"Supervisor, Operations Manager, Executive","Visit, Execution, Maps, Risk",View live operations.,Dashboard loads live inspection status.,"Load live visits, inspectors, SLA, alerts, maps, risk indicators.",Operations Center is monitoring-only unless user has supervisor permissions.,STM-VIS-003;STM-JRN-001;STM-JRN-002;STM-JRN-003 | states: Live operational states; Expiry via STM-VIS-003; telemetry via STM-JRN-*,"ENG-12 immutable event: actor, time, object, before/after state, version refs (MVP1-FND-003)",EV-010;EV-005,"ERR-OPS-001;ERR-AUTH-001 | FAIL if requirement MVP1-M08-001 is removed, weakened, hidden, replaced by mock behavior, implemented only visually without runtime behavior, loses validation/audit/permission semantics, or cannot rep",Runtime screenshot showing the completed behavior; Requirement-linked test result; Audit or activity evidence where the action changes state or data,UI + API + E2E; add offline/device/location tests where applicable,"FAIL if requirement MVP1-M08-001 is removed, weakened, hidden, replaced by mock behavior, implemented only visually without runtime behavior, loses validation/audit/permission semantics, or cannot reproduce the accepted evidence after a later change."
AC-0431,MVP1-M08-002,Operations Center,"Supervisor, Operations","Maps, GIS, Live Tracking","Pan, zoom, filter, open pins.",Live map shows accurate locations.,"Display factory pins, inspector pins, active journeys, execution locations.",Map refresh interval is configurable.,STM-VIS-003;STM-JRN-001;STM-JRN-002;STM-JRN-003 | states: Live operational states; Expiry via STM-VIS-003; telemetry via STM-JRN-*,"ENG-12 immutable event: actor, time, object, before/after state, version refs (MVP1-FND-003)",EV-010;EV-005,"ERR-OPS-001;ERR-AUTH-001 | FAIL if requirement MVP1-M08-002 is removed, weakened, hidden, replaced by mock behavior, implemented only visually without runtime behavior, loses validation/audit/permission semantics, or cannot rep",Runtime screenshot showing the completed behavior; Requirement-linked test result; Audit or activity evidence where the action changes state or data,UI + API + E2E; add offline/device/location tests where applicable,"FAIL if requirement MVP1-M08-002 is removed, weakened, hidden, replaced by mock behavior, implemented only visually without runtime behavior, loses validation/audit/permission semantics, or cannot reproduce the accepted evidence after a later change."
AC-0432,MVP1-M08-003,Operations Center,"Supervisor, Operations","Workflow, Timeline",Filter/open visit.,Visits display correct current state.,"Display visits by operational state: New, Prepared, On the Way, Arrived, Executing, Submitted, Cancelled, Expired.",Operational state is separate from workflow status.,STM-VIS-003;STM-JRN-001;STM-JRN-002;STM-JRN-003 | states: Live operational states; Expiry via STM-VIS-003; telemetry via STM-JRN-*,"ENG-12 immutable event: actor, time, object, before/after state, version refs (MVP1-FND-003)",EV-010;EV-005,"ERR-OPS-001;ERR-AUTH-001 | FAIL if requirement MVP1-M08-003 is removed, weakened, hidden, replaced by mock behavior, implemented only visually without runtime behavior, loses validation/audit/permission semantics, or cannot rep",Runtime screenshot showing the completed behavior; Requirement-linked test result; Audit or activity evidence where the action changes state or data,UI + API + E2E; add offline/device/location tests where applicable,"FAIL if requirement MVP1-M08-003 is removed, weakened, hidden, replaced by mock behavior, implemented only visually without runtime behavior, loses validation/audit/permission semantics, or cannot reproduce the accepted evidence after a later change."
AC-0433,MVP1-M08-004,Operations Center,Supervisor,"Assignment, Live Tracking",View inspector workload/location.,Supervisor can monitor inspector status.,"Display inspector availability, active visit, live location, offline/online state, workload.",Inspector location visible only during active journey/execution and based on policy.,STM-VIS-003;STM-JRN-001;STM-JRN-002;STM-JRN-003 | states: Live operational states; Expiry via STM-VIS-003; telemetry via STM-JRN-*,"ENG-12 immutable event: actor, time, object, before/after state, version refs (MVP1-FND-003)",EV-010;EV-005,"ERR-OPS-001;ERR-AUTH-001 | FAIL if requirement MVP1-M08-004 is removed, weakened, hidden, replaced by mock behavior, implemented only visually without runtime behavior, loses validation/audit/permission semantics, or cannot rep",Runtime screenshot showing the completed behavior; Requirement-linked test result; Audit or activity evidence where the action changes state or data,UI + API + E2E; add offline/device/location tests where applicable,"FAIL if requirement MVP1-M08-004 is removed, weakened, hidden, replaced by mock behavior, implemented only visually without runtime behavior, loses validation/audit/permission semantics, or cannot reproduce the accepted evidence after a later change."
AC-0434,MVP1-M08-005,Operations Center,"Supervisor, Operations","SLA Engine, Timeline",View overdue items.,SLA breaches display correctly.,"Calculate overdue journey, execution, submission, review based on SLA rules.",SLA uses server timestamps.,STM-VIS-003;STM-JRN-001;STM-JRN-002;STM-JRN-003 | states: Live operational states; Expiry via STM-VIS-003; telemetry via STM-JRN-*,"ENG-12 immutable event: actor, time, object, before/after state, version refs (MVP1-FND-003)",EV-010;EV-005,"ERR-OPS-001;ERR-AUTH-001 | FAIL if requirement MVP1-M08-005 is removed, weakened, hidden, replaced by mock behavior, implemented only visually without runtime behavior, loses validation/audit/permission semantics, or cannot rep",Runtime screenshot showing the completed behavior; Requirement-linked test result; Audit or activity evidence where the action changes state or data,UI + API + E2E; add offline/device/location tests where applicable,"FAIL if requirement MVP1-M08-005 is removed, weakened, hidden, replaced by mock behavior, implemented only visually without runtime behavior, loses validation/audit/permission semantics, or cannot reproduce the accepted evidence after a later change."
AC-0435,MVP1-M08-006,Operations Center,"Supervisor, Executive","Risk Engine, Factory 360°",View risk list/map.,High-risk items are visible and filterable.,"Display high-risk factories, critical violations, high-priority inspections.",Risk indicators are read-only.,STM-VIS-003;STM-JRN-001;STM-JRN-002;STM-JRN-003 | states: Live operational states; Expiry via STM-VIS-003; telemetry via STM-JRN-*,"ENG-12 immutable event: actor, time, object, before/after state, version refs (MVP1-FND-003)",EV-010;EV-005,"ERR-OPS-001;ERR-AUTH-001 | FAIL if requirement MVP1-M08-006 is removed, weakened, hidden, replaced by mock behavior, implemented only visually without runtime behavior, loses validation/audit/permission semantics, or cannot rep",Runtime screenshot showing the completed behavior; Requirement-linked test result; Audit or activity evidence where the action changes state or data,UI + API + E2E; add offline/device/location tests where applicable,"FAIL if requirement MVP1-M08-006 is removed, weakened, hidden, replaced by mock behavior, implemented only visually without runtime behavior, loses validation/audit/permission semantics, or cannot reproduce the accepted evidence after a later change."
AC-0436,MVP1-M08-007,Operations Center,"Supervisor, Operations","Timeline, Notification, SLA","Open alert, acknowledge if allowed.",Alerts are generated for configured events.,"Generate alerts for GPS override, missed visit, cancelled visit, offline inspector, stuck execution, overdue review.",Alert rules are configurable.,STM-VIS-003;STM-JRN-001;STM-JRN-002;STM-JRN-003 | states: Live operational states; Expiry via STM-VIS-003; telemetry via STM-JRN-*,"ENG-12 immutable event: actor, time, object, before/after state, version refs (MVP1-FND-003)",EV-010;EV-005,"ERR-OPS-001;ERR-AUTH-001 | FAIL if requirement MVP1-M08-007 is removed, weakened, hidden, replaced by mock behavior, implemented only visually without runtime behavior, loses validation/audit/permission semantics, or cannot rep",Runtime screenshot showing the completed behavior; Requirement-linked test result; Audit or activity evidence where the action changes state or data,UI + API + E2E; add offline/device/location tests where applicable,"FAIL if requirement MVP1-M08-007 is removed, weakened, hidden, replaced by mock behavior, implemented only visually without runtime behavior, loses validation/audit/permission semantics, or cannot reproduce the accepted evidence after a later change."
AC-0437,MVP1-M08-008,Operations Center,"Supervisor, Operations",Visit Management,Click visit.,User can open visit detail.,"Open visit detail with status, timeline, inspector, factory, execution mode.",Drilldown is read-only unless user has action permission.,STM-VIS-003;STM-JRN-001;STM-JRN-002;STM-JRN-003 | states: Live operational states; Expiry via STM-VIS-003; telemetry via STM-JRN-*,"ENG-12 immutable event: actor, time, object, before/after state, version refs (MVP1-FND-003)",EV-010;EV-005,"ERR-OPS-001;ERR-AUTH-001 | FAIL if requirement MVP1-M08-008 is removed, weakened, hidden, replaced by mock behavior, implemented only visually without runtime behavior, loses validation/audit/permission semantics, or cannot rep",Runtime screenshot showing the completed behavior; Requirement-linked test result; Audit or activity evidence where the action changes state or data,UI + API + E2E; add offline/device/location tests where applicable,"FAIL if requirement MVP1-M08-008 is removed, weakened, hidden, replaced by mock behavior, implemented only visually without runtime behavior, loses validation/audit/permission semantics, or cannot reproduce the accepted evidence after a later change."
AC-0438,MVP1-M08-009,Operations Center,"Supervisor, Operations",Factory 360°,Click factory.,User can open factory profile.,Open Factory 360°.,Same access rules as Factory 360°.,STM-VIS-003;STM-JRN-001;STM-JRN-002;STM-JRN-003 | states: Live operational states; Expiry via STM-VIS-003; telemetry via STM-JRN-*,"ENG-12 immutable event: actor, time, object, before/after state, version refs (MVP1-FND-003)",EV-010;EV-005,"ERR-OPS-001;ERR-AUTH-001 | FAIL if requirement MVP1-M08-009 is removed, weakened, hidden, replaced by mock behavior, implemented only visually without runtime behavior, loses validation/audit/permission semantics, or cannot rep",Runtime screenshot showing the completed behavior; Requirement-linked test result; Audit or activity evidence where the action changes state or data,UI + API + E2E; add offline/device/location tests where applicable,"FAIL if requirement MVP1-M08-009 is removed, weakened, hidden, replaced by mock behavior, implemented only visually without runtime behavior, loses validation/audit/permission semantics, or cannot reproduce the accepted evidence after a later change."
AC-0439,MVP1-M08-010,Operations Center,"Supervisor, Executive","Permission Engine, GIS",Select branch/region/city.,Region filters work correctly.,"Filter all widgets, maps, lists, alerts by selected geography.",Users see only authorized regions.,STM-VIS-003;STM-JRN-001;STM-JRN-002;STM-JRN-003 | states: Live operational states; Expiry via STM-VIS-003; telemetry via STM-JRN-*,"ENG-12 immutable event: actor, time, object, before/after state, version refs (MVP1-FND-003)",EV-010;EV-005,"ERR-OPS-001;ERR-AUTH-001 | FAIL if requirement MVP1-M08-010 is removed, weakened, hidden, replaced by mock behavior, implemented only visually without runtime behavior, loses validation/audit/permission semantics, or cannot rep",Runtime screenshot showing the completed behavior; Requirement-linked test result; Audit or activity evidence where the action changes state or data,UI + API + E2E; add offline/device/location tests where applicable,"FAIL if requirement MVP1-M08-010 is removed, weakened, hidden, replaced by mock behavior, implemented only visually without runtime behavior, loses validation/audit/permission semantics, or cannot reproduce the accepted evidence after a later change."
AC-0440,MVP1-M08-011,Operations Center,Supervisor,Assignment Engine,View workload.,Workload metrics display correctly.,"Display assigned, active, completed, overdue visits by inspector/branch.",Workload is based on current and planned visits.,STM-VIS-003;STM-JRN-001;STM-JRN-002;STM-JRN-003 | states: Live operational states; Expiry via STM-VIS-003; telemetry via STM-JRN-*,"ENG-12 immutable event: actor, time, object, before/after state, version refs (MVP1-FND-003)",EV-010;EV-005,"ERR-OPS-001;ERR-AUTH-001 | FAIL if requirement MVP1-M08-011 is removed, weakened, hidden, replaced by mock behavior, implemented only visually without runtime behavior, loses validation/audit/permission semantics, or cannot rep",Runtime screenshot showing the completed behavior; Requirement-linked test result; Audit or activity evidence where the action changes state or data,UI + API + E2E; add offline/device/location tests where applicable,"FAIL if requirement MVP1-M08-011 is removed, weakened, hidden, replaced by mock behavior, implemented only visually without runtime behavior, loses validation/audit/permission semantics, or cannot reproduce the accepted evidence after a later change."
AC-0441,MVP1-M08-012,Operations Center,"Supervisor, Operations","Workflow, Timeline",View reasons.,Cancellations are visible and categorized.,"Display cancelled visits by reason, inspector, factory, region, date.",Cancellation reason is mandatory in execution flow.,STM-VIS-003;STM-JRN-001;STM-JRN-002;STM-JRN-003 | states: Live operational states; Expiry via STM-VIS-003; telemetry via STM-JRN-*,"ENG-12 immutable event: actor, time, object, before/after state, version refs (MVP1-FND-003)",EV-010;EV-005,"ERR-OPS-001;ERR-AUTH-001 | FAIL if requirement MVP1-M08-012 is removed, weakened, hidden, replaced by mock behavior, implemented only visually without runtime behavior, loses validation/audit/permission semantics, or cannot rep",Runtime screenshot showing the completed behavior; Requirement-linked test result; Audit or activity evidence where the action changes state or data,UI + API + E2E; add offline/device/location tests where applicable,"FAIL if requirement MVP1-M08-012 is removed, weakened, hidden, replaced by mock behavior, implemented only visually without runtime behavior, loses validation/audit/permission semantics, or cannot reproduce the accepted evidence after a later change."
AC-0442,MVP1-M08-013,Operations Center,"Supervisor, Auditor","GIS, Audit",View override events.,GPS overrides are traceable.,Display GPS override records with planned vs actual location and inspector confirmation.,"Override does not block inspection if confirmed, but must be auditable.",STM-VIS-003;STM-JRN-001;STM-JRN-002;STM-JRN-003 | states: Live operational states; Expiry via STM-VIS-003; telemetry via STM-JRN-*,"ENG-12 immutable event: actor, time, object, before/after state, version refs (MVP1-FND-003)",EV-010;EV-005,"ERR-OPS-001;ERR-AUTH-001 | FAIL if requirement MVP1-M08-013 is removed, weakened, hidden, replaced by mock behavior, implemented only visually without runtime behavior, loses validation/audit/permission semantics, or cannot rep",Runtime screenshot showing the completed behavior; Requirement-linked test result; Audit or activity evidence where the action changes state or data,UI + API + E2E; add offline/device/location tests where applicable,"FAIL if requirement MVP1-M08-013 is removed, weakened, hidden, replaced by mock behavior, implemented only visually without runtime behavior, loses validation/audit/permission semantics, or cannot reproduce the accepted evidence after a later change."
AC-0443,MVP1-M08-014,Operations Center,"Supervisor, Auditor","Live Tracking, GIS",View route history.,Route history displays correctly.,"Display journey path, timestamps, arrival point, actual location.",Tracking history is immutable.,STM-VIS-003;STM-JRN-001;STM-JRN-002;STM-JRN-003 | states: Live operational states; Expiry via STM-VIS-003; telemetry via STM-JRN-*,"ENG-12 immutable event: actor, time, object, before/after state, version refs (MVP1-FND-003)",EV-010;EV-005,"ERR-OPS-001;ERR-AUTH-001 | FAIL if requirement MVP1-M08-014 is removed, weakened, hidden, replaced by mock behavior, implemented only visually without runtime behavior, loses validation/audit/permission semantics, or cannot rep",Runtime screenshot showing the completed behavior; Requirement-linked test result; Audit or activity evidence where the action changes state or data,UI + API + E2E; add offline/device/location tests where applicable,"FAIL if requirement MVP1-M08-014 is removed, weakened, hidden, replaced by mock behavior, implemented only visually without runtime behavior, loses validation/audit/permission semantics, or cannot reproduce the accepted evidence after a later change."
AC-0444,MVP1-M08-015,Operations Center,"Supervisor, Auditor",Timeline Service,View timeline.,Timeline reflects all major events.,Display key events from planning to review/compliance.,Timeline is the single source of truth.,STM-VIS-003;STM-JRN-001;STM-JRN-002;STM-JRN-003 | states: Live operational states; Expiry via STM-VIS-003; telemetry via STM-JRN-*,"ENG-12 immutable event: actor, time, object, before/after state, version refs (MVP1-FND-003)",EV-010;EV-005,"ERR-OPS-001;ERR-AUTH-001 | FAIL if requirement MVP1-M08-015 is removed, weakened, hidden, replaced by mock behavior, implemented only visually without runtime behavior, loses validation/audit/permission semantics, or cannot rep",Runtime screenshot showing the completed behavior; Requirement-linked test result; Audit or activity evidence where the action changes state or data,UI + API + E2E; add offline/device/location tests where applicable,"FAIL if requirement MVP1-M08-015 is removed, weakened, hidden, replaced by mock behavior, implemented only visually without runtime behavior, loses validation/audit/permission semantics, or cannot reproduce the accepted evidence after a later change."
AC-0445,MVP1-M08-016,Operations Center,"Executive, Supervisor",Analytics Engine,View KPIs.,KPIs display accurately.,"Calculate visits planned, completed, cancelled, overdue, active inspectors, avg duration, SLA breach rate.",KPI calculation period is configurable.,STM-VIS-003;STM-JRN-001;STM-JRN-002;STM-JRN-003 | states: Live operational states; Expiry via STM-VIS-003; telemetry via STM-JRN-*,"ENG-12 immutable event: actor, time, object, before/after state, version refs (MVP1-FND-003)",EV-010;EV-005,"ERR-OPS-001;ERR-AUTH-001 | FAIL if requirement MVP1-M08-016 is removed, weakened, hidden, replaced by mock behavior, implemented only visually without runtime behavior, loses validation/audit/permission semantics, or cannot rep",Runtime screenshot showing the completed behavior; Requirement-linked test result; Audit or activity evidence where the action changes state or data,UI + API + E2E; add offline/device/location tests where applicable,"FAIL if requirement MVP1-M08-016 is removed, weakened, hidden, replaced by mock behavior, implemented only visually without runtime behavior, loses validation/audit/permission semantics, or cannot reproduce the accepted evidence after a later change."
AC-0446,MVP1-M08-017,Operations Center,"Supervisor, Executive",Reporting Service,Export.,Authorized user can export data.,Export filtered visits/alerts/KPIs according to permissions.,Export is permission-controlled and audited.,STM-VIS-003;STM-JRN-001;STM-JRN-002;STM-JRN-003 | states: Live operational states; Expiry via STM-VIS-003; telemetry via STM-JRN-*,"ENG-12 immutable event: actor, time, object, before/after state, version refs (MVP1-FND-003)",EV-010;EV-005,"ERR-OPS-001;ERR-AUTH-001 | FAIL if requirement MVP1-M08-017 is removed, weakened, hidden, replaced by mock behavior, implemented only visually without runtime behavior, loses validation/audit/permission semantics, or cannot rep",Runtime screenshot showing the completed behavior; Requirement-linked test result; Audit or activity evidence where the action changes state or data,UI + API + E2E; add offline/device/location tests where applicable,"FAIL if requirement MVP1-M08-017 is removed, weakened, hidden, replaced by mock behavior, implemented only visually without runtime behavior, loses validation/audit/permission semantics, or cannot reproduce the accepted evidence after a later change."
AC-0447,MVP1-M08-018,Operations Center,All Ops Users,Permission Engine,View permitted scope.,Access restrictions apply correctly.,"Apply role, region, branch and permission restrictions.",Users cannot view unauthorized inspectors/factories/regions.,STM-VIS-003;STM-JRN-001;STM-JRN-002;STM-JRN-003 | states: Live operational states; Expiry via STM-VIS-003; telemetry via STM-JRN-*,"ENG-12 immutable event: actor, time, object, before/after state, version refs (MVP1-FND-003)",EV-010;EV-005,"ERR-OPS-001;ERR-AUTH-001 | FAIL if requirement MVP1-M08-018 is removed, weakened, hidden, replaced by mock behavior, implemented only visually without runtime behavior, loses validation/audit/permission semantics, or cannot rep",Runtime screenshot showing the completed behavior; Requirement-linked test result; Audit or activity evidence where the action changes state or data,UI + API + E2E; add offline/device/location tests where applicable,"FAIL if requirement MVP1-M08-018 is removed, weakened, hidden, replaced by mock behavior, implemented only visually without runtime behavior, loses validation/audit/permission semantics, or cannot reproduce the accepted evidence after a later change."
AC-0448,MVP1-M08-019,Operations Center,Operations,All Source Systems,Retry/refresh.,Dashboard remains usable with clear error messages.,Show partial dashboard if one data source fails; log failure; allow refresh.,One failed widget must not break the whole Operations Center.,STM-VIS-003;STM-JRN-001;STM-JRN-002;STM-JRN-003 | states: Live operational states; Expiry via STM-VIS-003; telemetry via STM-JRN-*,"ENG-12 immutable event: actor, time, object, before/after state, version refs (MVP1-FND-003)",EV-010;EV-005,"ERR-OPS-001;ERR-AUTH-001 | FAIL if requirement MVP1-M08-019 is removed, weakened, hidden, replaced by mock behavior, implemented only visually without runtime behavior, loses validation/audit/permission semantics, or cannot rep",Runtime screenshot showing the completed behavior; Requirement-linked test result; Audit or activity evidence where the action changes state or data,UI + API + E2E; add offline/device/location tests where applicable,"FAIL if requirement MVP1-M08-019 is removed, weakened, hidden, replaced by mock behavior, implemented only visually without runtime behavior, loses validation/audit/permission semantics, or cannot reproduce the accepted evidence after a later change."
AC-0449,MVP1-M09-001,Compliance Configuration,Compliance Admin,"Lookup, Attachment, Audit","Create, edit draft, deactivate, view regulation.",Admin can create and manage regulation records.,"Store regulation, status, effective date, attachments, issuing authority.",Regulation is the parent of inspection items. Deactivated regulation prevents future use but does not affect previous inspections.,(config lifecycle via ENG-03; no runtime STM row) | states: Config lifecycle Draft->Validated->Approved->Published->Locked (P00 state intent; ENG-03 governed),"ENG-12 immutable event: actor, time, object, before/after state, version refs (MVP1-FND-003)",EV-002;EV-003,"ERR-PUB-001;ERR-AUTH-001 | FAIL if requirement MVP1-M09-001 is removed, weakened, hidden, replaced by mock behavior, implemented only visually without runtime behavior, loses validation/audit/permission semantics, or cannot rep",Runtime screenshot showing the completed behavior; Requirement-linked test result; Audit or activity evidence where the action changes state or data; Published configuration/version evidence; Runtime proof that execution consumes the configuration,UI + API + E2E; add offline/device/location tests where applicable,"FAIL if requirement MVP1-M09-001 is removed, weakened, hidden, replaced by mock behavior, implemented only visually without runtime behavior, loses validation/audit/permission semantics, or cannot reproduce the accepted evidence after a later change."
AC-0450,MVP1-M09-002,Compliance Configuration,Compliance Admin,"Regulation, Lookup, Dynamic Form/Template Builder","Create inspection item, link to regulation, define response type, evidence rule.",Item can be configured and reused.,Store item configuration and make it available for packages.,Item must belong to a regulation. Item can be reused in multiple packages.,(config lifecycle via ENG-03; no runtime STM row) | states: Config lifecycle Draft->Validated->Approved->Published->Locked (P00 state intent; ENG-03 governed),"ENG-12 immutable event: actor, time, object, before/after state, version refs (MVP1-FND-003)",EV-002;EV-003,"ERR-PUB-001;ERR-AUTH-001 | FAIL if requirement MVP1-M09-002 is removed, weakened, hidden, replaced by mock behavior, implemented only visually without runtime behavior, loses validation/audit/permission semantics, or cannot rep",Runtime screenshot showing the completed behavior; Requirement-linked test result; Audit or activity evidence where the action changes state or data; Published configuration/version evidence; Runtime proof that execution consumes the configuration,UI + API + E2E; add offline/device/location tests where applicable,"FAIL if requirement MVP1-M09-002 is removed, weakened, hidden, replaced by mock behavior, implemented only visually without runtime behavior, loses validation/audit/permission semantics, or cannot reproduce the accepted evidence after a later change."
AC-0451,MVP1-M09-003,Compliance Configuration,Compliance Admin,Inspection Item Config,"Create violation, define severity, corrective action, grace period.",Violation is triggered correctly.,Link violation to inspection item.,Violation is generated automatically during inspection. Inspector cannot override predefined violation.,(config lifecycle via ENG-03; no runtime STM row) | states: Config lifecycle Draft->Validated->Approved->Published->Locked (P00 state intent; ENG-03 governed),"ENG-12 immutable event: actor, time, object, before/after state, version refs (MVP1-FND-003)",EV-002;EV-003,"ERR-PUB-001;ERR-AUTH-001 | FAIL if requirement MVP1-M09-003 is removed, weakened, hidden, replaced by mock behavior, implemented only visually without runtime behavior, loses validation/audit/permission semantics, or cannot rep",Runtime screenshot showing the completed behavior; Requirement-linked test result; Audit or activity evidence where the action changes state or data; Published configuration/version evidence; Runtime proof that execution consumes the configuration,UI + API + E2E; add offline/device/location tests where applicable,"FAIL if requirement MVP1-M09-003 is removed, weakened, hidden, replaced by mock behavior, implemented only visually without runtime behavior, loses validation/audit/permission semantics, or cannot reproduce the accepted evidence after a later change."
AC-0452,MVP1-M09-004,Compliance Configuration,Compliance Admin,"Violation Config, Dynamic Form/Template Builder","Configure penalty type, amount if applicable, grace/due rules, linked template.",Penalty is linked and displayed correctly.,Store one penalty against the violation.,One violation has only one penalty. Penalty is shown to inspector as information and issued only after approval.,(config lifecycle via ENG-03; no runtime STM row) | states: Config lifecycle Draft->Validated->Approved->Published->Locked (P00 state intent; ENG-03 governed),"ENG-12 immutable event: actor, time, object, before/after state, version refs (MVP1-FND-003)",EV-002;EV-003,"ERR-PUB-001;ERR-AUTH-001 | FAIL if requirement MVP1-M09-004 is removed, weakened, hidden, replaced by mock behavior, implemented only visually without runtime behavior, loses validation/audit/permission semantics, or cannot rep",Runtime screenshot showing the completed behavior; Requirement-linked test result; Audit or activity evidence where the action changes state or data; Published configuration/version evidence; Runtime proof that execution consumes the configuration,UI + API + E2E; add offline/device/location tests where applicable,"FAIL if requirement MVP1-M09-004 is removed, weakened, hidden, replaced by mock behavior, implemented only visually without runtime behavior, loses validation/audit/permission semantics, or cannot reproduce the accepted evidence after a later change."
AC-0453,MVP1-M09-005,Compliance Configuration,Compliance Admin,"Evidence Service, Validation Engine","Select required evidence types: photo, video, document, comment.",Evidence requirement is enforced correctly.,Enforce evidence requirements during inspection execution.,Evidence rules are configured per inspection item. Missing mandatory evidence blocks submission.,(config lifecycle via ENG-03; no runtime STM row) | states: Config lifecycle Draft->Validated->Approved->Published->Locked (P00 state intent; ENG-03 governed),"ENG-12 immutable event: actor, time, object, before/after state, version refs (MVP1-FND-003)",EV-002;EV-003,"ERR-PUB-001;ERR-AUTH-001 | FAIL if requirement MVP1-M09-005 is removed, weakened, hidden, replaced by mock behavior, implemented only visually without runtime behavior, loses validation/audit/permission semantics, or cannot rep",Runtime screenshot showing the completed behavior; Requirement-linked test result; Audit or activity evidence where the action changes state or data; Published configuration/version evidence; Runtime proof that execution consumes the configuration,UI + API + E2E; add offline/device/location tests where applicable,"FAIL if requirement MVP1-M09-005 is removed, weakened, hidden, replaced by mock behavior, implemented only visually without runtime behavior, loses validation/audit/permission semantics, or cannot reproduce the accepted evidence after a later change."
AC-0454,MVP1-M09-006,Compliance Configuration,Compliance Admin,"Dynamic Form/Template Builder, Inspection Items","Create package, select form/report from Template Builder, attach inspection items.",Package can be created and used in execution.,Store package definition and make it selectable during preparation.,Package can contain one or more forms and inspection items. Visit can support one or multiple packages if configured.,(config lifecycle via ENG-03; no runtime STM row) | states: Config lifecycle Draft->Validated->Approved->Published->Locked (P00 state intent; ENG-03 governed),"ENG-12 immutable event: actor, time, object, before/after state, version refs (MVP1-FND-003)",EV-002;EV-003,"ERR-PUB-001;ERR-AUTH-001 | FAIL if requirement MVP1-M09-006 is removed, weakened, hidden, replaced by mock behavior, implemented only visually without runtime behavior, loses validation/audit/permission semantics, or cannot rep",Runtime screenshot showing the completed behavior; Requirement-linked test result; Audit or activity evidence where the action changes state or data; Published configuration/version evidence; Runtime proof that execution consumes the configuration,UI + API + E2E; add offline/device/location tests where applicable,"FAIL if requirement MVP1-M09-006 is removed, weakened, hidden, replaced by mock behavior, implemented only visually without runtime behavior, loses validation/audit/permission semantics, or cannot reproduce the accepted evidence after a later change."
AC-0455,MVP1-M09-007,Compliance Configuration,Compliance Admin,Inspection Item Management,"Add/remove items, mark required/optional, define order/category.",Package checklist renders correctly.,Store package-item relationship.,Same item can be reused across packages. Required items cannot be removed during execution. Optional items may be selected/unselected by inspector.,(config lifecycle via ENG-03; no runtime STM row) | states: Config lifecycle Draft->Validated->Approved->Published->Locked (P00 state intent; ENG-03 governed),"ENG-12 immutable event: actor, time, object, before/after state, version refs (MVP1-FND-003)",EV-002;EV-003,"ERR-PUB-001;ERR-AUTH-001 | FAIL if requirement MVP1-M09-007 is removed, weakened, hidden, replaced by mock behavior, implemented only visually without runtime behavior, loses validation/audit/permission semantics, or cannot rep",Runtime screenshot showing the completed behavior; Requirement-linked test result; Audit or activity evidence where the action changes state or data; Published configuration/version evidence; Runtime proof that execution consumes the configuration,UI + API + E2E; add offline/device/location tests where applicable,"FAIL if requirement MVP1-M09-007 is removed, weakened, hidden, replaced by mock behavior, implemented only visually without runtime behavior, loses validation/audit/permission semantics, or cannot reproduce the accepted evidence after a later change."
AC-0456,MVP1-M09-008,Compliance Configuration,Compliance Admin,Dynamic Form/Template Builder,Select template from Dynamic Form/Template Builder.,Correct template is used at runtime.,Store template reference and version.,Template configuration is managed in Template Builder. Compliance only consumes active templates.,(config lifecycle via ENG-03; no runtime STM row) | states: Config lifecycle Draft->Validated->Approved->Published->Locked (P00 state intent; ENG-03 governed),"ENG-12 immutable event: actor, time, object, before/after state, version refs (MVP1-FND-003)",EV-002;EV-003,"ERR-PUB-001;ERR-AUTH-001 | FAIL if requirement MVP1-M09-008 is removed, weakened, hidden, replaced by mock behavior, implemented only visually without runtime behavior, loses validation/audit/permission semantics, or cannot rep",Runtime screenshot showing the completed behavior; Requirement-linked test result; Audit or activity evidence where the action changes state or data; Published configuration/version evidence; Runtime proof that execution consumes the configuration,UI + API + E2E; add offline/device/location tests where applicable,"FAIL if requirement MVP1-M09-008 is removed, weakened, hidden, replaced by mock behavior, implemented only visually without runtime behavior, loses validation/audit/permission semantics, or cannot reproduce the accepted evidence after a later change."
AC-0457,MVP1-M09-009,Compliance Configuration,Compliance Admin,"Dynamic Form/Template Builder, Rule Engine",Link action form template to violation/penalty where needed.,Correct action form is generated.,Generate action form when configured trigger occurs.,Action forms are generated dynamically during inspection and must be completed if mandatory.,(config lifecycle via ENG-03; no runtime STM row) | states: Config lifecycle Draft->Validated->Approved->Published->Locked (P00 state intent; ENG-03 governed),"ENG-12 immutable event: actor, time, object, before/after state, version refs (MVP1-FND-003)",EV-002;EV-003,"ERR-PUB-001;ERR-AUTH-001 | FAIL if requirement MVP1-M09-009 is removed, weakened, hidden, replaced by mock behavior, implemented only visually without runtime behavior, loses validation/audit/permission semantics, or cannot rep",Runtime screenshot showing the completed behavior; Requirement-linked test result; Audit or activity evidence where the action changes state or data; Published configuration/version evidence; Runtime proof that execution consumes the configuration,UI + API + E2E; add offline/device/location tests where applicable,"FAIL if requirement MVP1-M09-009 is removed, weakened, hidden, replaced by mock behavior, implemented only visually without runtime behavior, loses validation/audit/permission semantics, or cannot reproduce the accepted evidence after a later change."
AC-0458,MVP1-M09-010,Compliance Configuration,Compliance Admin,"Version Engine, Audit",Publish new version.,Previous inspections remain traceable to old configuration.,Create immutable version of regulation/items/violations/penalties/package.,Execution uses locked published version. Changes affect future inspections only.,(config lifecycle via ENG-03; no runtime STM row) | states: Config lifecycle Draft->Validated->Approved->Published->Locked (P00 state intent; ENG-03 governed),"ENG-12 immutable event: actor, time, object, before/after state, version refs (MVP1-FND-003)",EV-002;EV-003,"ERR-PUB-001;ERR-AUTH-001 | FAIL if requirement MVP1-M09-010 is removed, weakened, hidden, replaced by mock behavior, implemented only visually without runtime behavior, loses validation/audit/permission semantics, or cannot rep",Runtime screenshot showing the completed behavior; Requirement-linked test result; Audit or activity evidence where the action changes state or data; Published configuration/version evidence; Runtime proof that execution consumes the configuration,UI + API + E2E; add offline/device/location tests where applicable,"FAIL if requirement MVP1-M09-010 is removed, weakened, hidden, replaced by mock behavior, implemented only visually without runtime behavior, loses validation/audit/permission semantics, or cannot reproduce the accepted evidence after a later change."
AC-0459,MVP1-M09-011,Compliance Configuration,Compliance Admin,Validation Engine,"Save draft, validate, publish, deactivate.",Invalid configuration cannot be published.,Validate dependencies before publish.,Only published configurations can be used in planning/preparation. Draft cannot be used in live inspection.,(config lifecycle via ENG-03; no runtime STM row) | states: Config lifecycle Draft->Validated->Approved->Published->Locked (P00 state intent; ENG-03 governed),"ENG-12 immutable event: actor, time, object, before/after state, version refs (MVP1-FND-003)",EV-002;EV-003,"ERR-PUB-001;ERR-AUTH-001 | FAIL if requirement MVP1-M09-011 is removed, weakened, hidden, replaced by mock behavior, implemented only visually without runtime behavior, loses validation/audit/permission semantics, or cannot rep",Runtime screenshot showing the completed behavior; Requirement-linked test result; Audit or activity evidence where the action changes state or data; Published configuration/version evidence; Runtime proof that execution consumes the configuration,UI + API + E2E; add offline/device/location tests where applicable,"FAIL if requirement MVP1-M09-011 is removed, weakened, hidden, replaced by mock behavior, implemented only visually without runtime behavior, loses validation/audit/permission semantics, or cannot reproduce the accepted evidence after a later change."
AC-0460,MVP1-M09-012,Compliance Configuration,Compliance Admin,Validation Engine,Click Publish.,Admin receives clear validation errors.,"Validate regulation, items, response types, violations, penalties, evidence rules, templates.",Package cannot be published if required dependencies are missing.,(config lifecycle via ENG-03; no runtime STM row) | states: Config lifecycle Draft->Validated->Approved->Published->Locked (P00 state intent; ENG-03 governed),"ENG-12 immutable event: actor, time, object, before/after state, version refs (MVP1-FND-003)",EV-002;EV-003,"ERR-PUB-001;ERR-AUTH-001 | FAIL if requirement MVP1-M09-012 is removed, weakened, hidden, replaced by mock behavior, implemented only visually without runtime behavior, loses validation/audit/permission semantics, or cannot rep",Runtime screenshot showing the completed behavior; Requirement-linked test result; Audit or activity evidence where the action changes state or data; Published configuration/version evidence; Runtime proof that execution consumes the configuration,UI + API + E2E; add offline/device/location tests where applicable,"FAIL if requirement MVP1-M09-012 is removed, weakened, hidden, replaced by mock behavior, implemented only visually without runtime behavior, loses validation/audit/permission semantics, or cannot reproduce the accepted evidence after a later change."
AC-0461,MVP1-M09-013,Compliance Configuration,"Compliance Admin, Supervisor","Version Engine, Planning",View affected packages/items/templates.,Admin can understand impact before publishing.,"Display packages, active visits, and future executions affected by the change.","Published changes affect future usage only, not locked inspections.",(config lifecycle via ENG-03; no runtime STM row) | states: Config lifecycle Draft->Validated->Approved->Published->Locked (P00 state intent; ENG-03 governed),"ENG-12 immutable event: actor, time, object, before/after state, version refs (MVP1-FND-003)",EV-002;EV-003,"ERR-PUB-001;ERR-AUTH-001 | FAIL if requirement MVP1-M09-013 is removed, weakened, hidden, replaced by mock behavior, implemented only visually without runtime behavior, loses validation/audit/permission semantics, or cannot rep",Runtime screenshot showing the completed behavior; Requirement-linked test result; Audit or activity evidence where the action changes state or data; Published configuration/version evidence; Runtime proof that execution consumes the configuration,UI + API + E2E; add offline/device/location tests where applicable,"FAIL if requirement MVP1-M09-013 is removed, weakened, hidden, replaced by mock behavior, implemented only visually without runtime behavior, loses validation/audit/permission semantics, or cannot reproduce the accepted evidence after a later change."
AC-0462,MVP1-M09-014,Compliance Configuration,Compliance Admin,"Audit, Version Engine",Deactivate with reason.,Deactivated config no longer appears for new packages.,Mark config inactive and prevent future use.,Deactivation does not delete historical data. Reason is mandatory.,(config lifecycle via ENG-03; no runtime STM row) | states: Config lifecycle Draft->Validated->Approved->Published->Locked (P00 state intent; ENG-03 governed),"ENG-12 immutable event: actor, time, object, before/after state, version refs (MVP1-FND-003)",EV-002;EV-003,"ERR-PUB-001;ERR-AUTH-001 | FAIL if requirement MVP1-M09-014 is removed, weakened, hidden, replaced by mock behavior, implemented only visually without runtime behavior, loses validation/audit/permission semantics, or cannot rep",Runtime screenshot showing the completed behavior; Requirement-linked test result; Audit or activity evidence where the action changes state or data; Published configuration/version evidence; Runtime proof that execution consumes the configuration,UI + API + E2E; add offline/device/location tests where applicable,"FAIL if requirement MVP1-M09-014 is removed, weakened, hidden, replaced by mock behavior, implemented only visually without runtime behavior, loses validation/audit/permission semantics, or cannot reproduce the accepted evidence after a later change."
AC-0463,MVP1-M09-015,Compliance Configuration,"Compliance Admin, Auditor",Audit Service,None,Full history is available.,"Log create, update, publish, deactivate, template link, item assignment.",All configuration changes are immutable and auditable.,(config lifecycle via ENG-03; no runtime STM row) | states: Config lifecycle Draft->Validated->Approved->Published->Locked (P00 state intent; ENG-03 governed),"ENG-12 immutable event: actor, time, object, before/after state, version refs (MVP1-FND-003)",EV-002;EV-003,"ERR-PUB-001;ERR-AUTH-001 | FAIL if requirement MVP1-M09-015 is removed, weakened, hidden, replaced by mock behavior, implemented only visually without runtime behavior, loses validation/audit/permission semantics, or cannot rep",Runtime screenshot showing the completed behavior; Requirement-linked test result; Audit or activity evidence where the action changes state or data; Published configuration/version evidence; Runtime proof that execution consumes the configuration,UI + API + E2E; add offline/device/location tests where applicable,"FAIL if requirement MVP1-M09-015 is removed, weakened, hidden, replaced by mock behavior, implemented only visually without runtime behavior, loses validation/audit/permission semantics, or cannot reproduce the accepted evidence after a later change."
AC-0464,MVP1-M09-016,Compliance Configuration,Compliance Admin,Package Management,"Create section, name AR/EN, define order, assign items.",Sections appear correctly in execution.,Store section and render it in execution checklist.,Sections are configurable per package. Items must appear under a section or default group.,(config lifecycle via ENG-03; no runtime STM row) | states: Config lifecycle Draft->Validated->Approved->Published->Locked (P00 state intent; ENG-03 governed),"ENG-12 immutable event: actor, time, object, before/after state, version refs (MVP1-FND-003)",EV-002;EV-003,"ERR-PUB-001;ERR-AUTH-001 | FAIL if requirement MVP1-M09-016 is removed, weakened, hidden, replaced by mock behavior, implemented only visually without runtime behavior, loses validation/audit/permission semantics, or cannot rep",Runtime screenshot showing the completed behavior; Requirement-linked test result; Audit or activity evidence where the action changes state or data; Published configuration/version evidence; Runtime proof that execution consumes the configuration,UI + API + E2E; add offline/device/location tests where applicable,"FAIL if requirement MVP1-M09-016 is removed, weakened, hidden, replaced by mock behavior, implemented only visually without runtime behavior, loses validation/audit/permission semantics, or cannot reproduce the accepted evidence after a later change."
AC-0465,MVP1-M09-017,Compliance Configuration,Compliance Admin,Package Item Assignment,Set item order.,Items display in configured order.,Save sort order and render items accordingly.,No hardcoded order. Order follows package configuration.,(config lifecycle via ENG-03; no runtime STM row) | states: Config lifecycle Draft->Validated->Approved->Published->Locked (P00 state intent; ENG-03 governed),"ENG-12 immutable event: actor, time, object, before/after state, version refs (MVP1-FND-003)",EV-002;EV-003,"ERR-PUB-001;ERR-AUTH-001 | FAIL if requirement MVP1-M09-017 is removed, weakened, hidden, replaced by mock behavior, implemented only visually without runtime behavior, loses validation/audit/permission semantics, or cannot rep",Runtime screenshot showing the completed behavior; Requirement-linked test result; Audit or activity evidence where the action changes state or data; Published configuration/version evidence; Runtime proof that execution consumes the configuration,UI + API + E2E; add offline/device/location tests where applicable,"FAIL if requirement MVP1-M09-017 is removed, weakened, hidden, replaced by mock behavior, implemented only visually without runtime behavior, loses validation/audit/permission semantics, or cannot reproduce the accepted evidence after a later change."
AC-0466,MVP1-M09-018,Compliance Configuration,Compliance Admin,Rule Engine,Select Required / Optional / Conditional.,Execution respects required/optional/conditional behavior.,Store rule and enforce during execution.,Required items cannot be unselected. Optional items can be unselected. Conditional items appear only when conditions are met.,(config lifecycle via ENG-03; no runtime STM row) | states: Config lifecycle Draft->Validated->Approved->Published->Locked (P00 state intent; ENG-03 governed),"ENG-12 immutable event: actor, time, object, before/after state, version refs (MVP1-FND-003)",EV-002;EV-003,"ERR-PUB-001;ERR-AUTH-001 | FAIL if requirement MVP1-M09-018 is removed, weakened, hidden, replaced by mock behavior, implemented only visually without runtime behavior, loses validation/audit/permission semantics, or cannot rep",Runtime screenshot showing the completed behavior; Requirement-linked test result; Audit or activity evidence where the action changes state or data; Published configuration/version evidence; Runtime proof that execution consumes the configuration,UI + API + E2E; add offline/device/location tests where applicable,"FAIL if requirement MVP1-M09-018 is removed, weakened, hidden, replaced by mock behavior, implemented only visually without runtime behavior, loses validation/audit/permission semantics, or cannot reproduce the accepted evidence after a later change."
AC-0467,MVP1-M09-019,Compliance Configuration,Compliance Admin,"Response Type Config, Rule Engine",Map each response to compliance result.,Selected response triggers correct result.,Store mapping and use it during inspection execution.,"Response outcome must be configurable, not hardcoded.",(config lifecycle via ENG-03; no runtime STM row) | states: Config lifecycle Draft->Validated->Approved->Published->Locked (P00 state intent; ENG-03 governed),"ENG-12 immutable event: actor, time, object, before/after state, version refs (MVP1-FND-003)",EV-002;EV-003,"ERR-PUB-001;ERR-AUTH-001 | FAIL if requirement MVP1-M09-019 is removed, weakened, hidden, replaced by mock behavior, implemented only visually without runtime behavior, loses validation/audit/permission semantics, or cannot rep",Runtime screenshot showing the completed behavior; Requirement-linked test result; Audit or activity evidence where the action changes state or data; Published configuration/version evidence; Runtime proof that execution consumes the configuration,UI + API + E2E; add offline/device/location tests where applicable,"FAIL if requirement MVP1-M09-019 is removed, weakened, hidden, replaced by mock behavior, implemented only visually without runtime behavior, loses validation/audit/permission semantics, or cannot reproduce the accepted evidence after a later change."
AC-0468,MVP1-M09-020,Compliance Configuration,Compliance Admin,Rule Engine,Define Compliant / Non-Compliant / N/A / Needs Review.,Correct compliance result appears during inspection.,Evaluate response during execution and produce result.,Non-compliant may trigger violation. N/A may be excluded from scoring. Needs Review may be flagged for reviewer.,(config lifecycle via ENG-03; no runtime STM row) | states: Config lifecycle Draft->Validated->Approved->Published->Locked (P00 state intent; ENG-03 governed),"ENG-12 immutable event: actor, time, object, before/after state, version refs (MVP1-FND-003)",EV-002;EV-003,"ERR-PUB-001;ERR-AUTH-001 | FAIL if requirement MVP1-M09-020 is removed, weakened, hidden, replaced by mock behavior, implemented only visually without runtime behavior, loses validation/audit/permission semantics, or cannot rep",Runtime screenshot showing the completed behavior; Requirement-linked test result; Audit or activity evidence where the action changes state or data; Published configuration/version evidence; Runtime proof that execution consumes the configuration,UI + API + E2E; add offline/device/location tests where applicable,"FAIL if requirement MVP1-M09-020 is removed, weakened, hidden, replaced by mock behavior, implemented only visually without runtime behavior, loses validation/audit/permission semantics, or cannot reproduce the accepted evidence after a later change."
AC-0469,MVP1-M09-021,Compliance Configuration,Compliance Admin,Rule Engine,Define condition rules.,Conditional items appear only when rule is met.,Evaluate condition at runtime and show/hide items.,Hidden conditional items are excluded from mandatory validation.,(config lifecycle via ENG-03; no runtime STM row) | states: Config lifecycle Draft->Validated->Approved->Published->Locked (P00 state intent; ENG-03 governed),"ENG-12 immutable event: actor, time, object, before/after state, version refs (MVP1-FND-003)",EV-002;EV-003,"ERR-PUB-001;ERR-AUTH-001 | FAIL if requirement MVP1-M09-021 is removed, weakened, hidden, replaced by mock behavior, implemented only visually without runtime behavior, loses validation/audit/permission semantics, or cannot rep",Runtime screenshot showing the completed behavior; Requirement-linked test result; Audit or activity evidence where the action changes state or data; Published configuration/version evidence; Runtime proof that execution consumes the configuration,UI + API + E2E; add offline/device/location tests where applicable,"FAIL if requirement MVP1-M09-021 is removed, weakened, hidden, replaced by mock behavior, implemented only visually without runtime behavior, loses validation/audit/permission semantics, or cannot reproduce the accepted evidence after a later change."
AC-0470,MVP1-M09-022,Compliance Configuration,Compliance Admin,Validation Engine,Define when item becomes mandatory.,Submission validation respects conditional mandatory logic.,Enforce mandatory rule only when condition applies.,Conditional mandatory items block submission only when active.,(config lifecycle via ENG-03; no runtime STM row) | states: Config lifecycle Draft->Validated->Approved->Published->Locked (P00 state intent; ENG-03 governed),"ENG-12 immutable event: actor, time, object, before/after state, version refs (MVP1-FND-003)",EV-002;EV-003,"ERR-PUB-001;ERR-AUTH-001 | FAIL if requirement MVP1-M09-022 is removed, weakened, hidden, replaced by mock behavior, implemented only visually without runtime behavior, loses validation/audit/permission semantics, or cannot rep",Runtime screenshot showing the completed behavior; Requirement-linked test result; Audit or activity evidence where the action changes state or data; Published configuration/version evidence; Runtime proof that execution consumes the configuration,UI + API + E2E; add offline/device/location tests where applicable,"FAIL if requirement MVP1-M09-022 is removed, weakened, hidden, replaced by mock behavior, implemented only visually without runtime behavior, loses validation/audit/permission semantics, or cannot reproduce the accepted evidence after a later change."
AC-0471,MVP1-M09-023,Compliance Configuration,Compliance Admin,"Risk Engine, Health Score Engine",Enter weight/score.,Item score is stored and available for calculations.,Store score and pass it to health/risk calculation after approval.,Score does not replace violation logic. It supports analytics/health calculation.,(config lifecycle via ENG-03; no runtime STM row) | states: Config lifecycle Draft->Validated->Approved->Published->Locked (P00 state intent; ENG-03 governed),"ENG-12 immutable event: actor, time, object, before/after state, version refs (MVP1-FND-003)",EV-002;EV-003,"ERR-PUB-001;ERR-AUTH-001 | FAIL if requirement MVP1-M09-023 is removed, weakened, hidden, replaced by mock behavior, implemented only visually without runtime behavior, loses validation/audit/permission semantics, or cannot rep",Runtime screenshot showing the completed behavior; Requirement-linked test result; Audit or activity evidence where the action changes state or data; Published configuration/version evidence; Runtime proof that execution consumes the configuration,UI + API + E2E; add offline/device/location tests where applicable,"FAIL if requirement MVP1-M09-023 is removed, weakened, hidden, replaced by mock behavior, implemented only visually without runtime behavior, loses validation/audit/permission semantics, or cannot reproduce the accepted evidence after a later change."
AC-0472,MVP1-M09-024,Compliance Configuration,Compliance Admin,Health Score Engine,Enable/disable scoring.,Excluded items are ignored in score.,Mark item as excluded from score calculation.,N/A or excluded items do not affect score.,(config lifecycle via ENG-03; no runtime STM row) | states: Config lifecycle Draft->Validated->Approved->Published->Locked (P00 state intent; ENG-03 governed),"ENG-12 immutable event: actor, time, object, before/after state, version refs (MVP1-FND-003)",EV-002;EV-003,"ERR-PUB-001;ERR-AUTH-001 | FAIL if requirement MVP1-M09-024 is removed, weakened, hidden, replaced by mock behavior, implemented only visually without runtime behavior, loses validation/audit/permission semantics, or cannot rep",Runtime screenshot showing the completed behavior; Requirement-linked test result; Audit or activity evidence where the action changes state or data; Published configuration/version evidence; Runtime proof that execution consumes the configuration,UI + API + E2E; add offline/device/location tests where applicable,"FAIL if requirement MVP1-M09-024 is removed, weakened, hidden, replaced by mock behavior, implemented only visually without runtime behavior, loses validation/audit/permission semantics, or cannot reproduce the accepted evidence after a later change."
AC-0473,MVP1-M09-025,Compliance Configuration,Compliance Admin,"Evidence Service, Validation Engine",Define evidence rule per response.,Evidence validation applies correctly.,Enforce evidence requirement at execution.,Base rule is per item; response-level evidence can override if configured.,(config lifecycle via ENG-03; no runtime STM row) | states: Config lifecycle Draft->Validated->Approved->Published->Locked (P00 state intent; ENG-03 governed),"ENG-12 immutable event: actor, time, object, before/after state, version refs (MVP1-FND-003)",EV-002;EV-003,"ERR-PUB-001;ERR-AUTH-001 | FAIL if requirement MVP1-M09-025 is removed, weakened, hidden, replaced by mock behavior, implemented only visually without runtime behavior, loses validation/audit/permission semantics, or cannot rep",Runtime screenshot showing the completed behavior; Requirement-linked test result; Audit or activity evidence where the action changes state or data; Published configuration/version evidence; Runtime proof that execution consumes the configuration,UI + API + E2E; add offline/device/location tests where applicable,"FAIL if requirement MVP1-M09-025 is removed, weakened, hidden, replaced by mock behavior, implemented only visually without runtime behavior, loses validation/audit/permission semantics, or cannot reproduce the accepted evidence after a later change."
AC-0474,MVP1-M09-026,Compliance Configuration,Compliance Admin,Violation Management,Link non-compliant result to violation.,Correct violation is generated.,Generate violation when mapped response is selected.,Inspector cannot override generated violation.,(config lifecycle via ENG-03; no runtime STM row) | states: Config lifecycle Draft->Validated->Approved->Published->Locked (P00 state intent; ENG-03 governed),"ENG-12 immutable event: actor, time, object, before/after state, version refs (MVP1-FND-003)",EV-002;EV-003,"ERR-PUB-001;ERR-AUTH-001 | FAIL if requirement MVP1-M09-026 is removed, weakened, hidden, replaced by mock behavior, implemented only visually without runtime behavior, loses validation/audit/permission semantics, or cannot rep",Runtime screenshot showing the completed behavior; Requirement-linked test result; Audit or activity evidence where the action changes state or data; Published configuration/version evidence; Runtime proof that execution consumes the configuration,UI + API + E2E; add offline/device/location tests where applicable,"FAIL if requirement MVP1-M09-026 is removed, weakened, hidden, replaced by mock behavior, implemented only visually without runtime behavior, loses validation/audit/permission semantics, or cannot reproduce the accepted evidence after a later change."
AC-0475,MVP1-M09-027,Compliance Configuration,Compliance Admin,"Dynamic Template Builder, Validation Engine",Mark action form optional/mandatory.,Execution blocks submission when required form is incomplete.,Enforce completion if mandatory.,Mandatory action forms block submission if incomplete.,(config lifecycle via ENG-03; no runtime STM row) | states: Config lifecycle Draft->Validated->Approved->Published->Locked (P00 state intent; ENG-03 governed),"ENG-12 immutable event: actor, time, object, before/after state, version refs (MVP1-FND-003)",EV-002;EV-003,"ERR-PUB-001;ERR-AUTH-001 | FAIL if requirement MVP1-M09-027 is removed, weakened, hidden, replaced by mock behavior, implemented only visually without runtime behavior, loses validation/audit/permission semantics, or cannot rep",Runtime screenshot showing the completed behavior; Requirement-linked test result; Audit or activity evidence where the action changes state or data; Published configuration/version evidence; Runtime proof that execution consumes the configuration,UI + API + E2E; add offline/device/location tests where applicable,"FAIL if requirement MVP1-M09-027 is removed, weakened, hidden, replaced by mock behavior, implemented only visually without runtime behavior, loses validation/audit/permission semantics, or cannot reproduce the accepted evidence after a later change."
AC-0476,MVP1-M09-028,Compliance Configuration,Compliance Admin,Dynamic Form/Template Builder,Click Preview.,Admin can preview checklist and rules.,Render package as it will appear to inspector.,Preview does not publish configuration.,(config lifecycle via ENG-03; no runtime STM row) | states: Config lifecycle Draft->Validated->Approved->Published->Locked (P00 state intent; ENG-03 governed),"ENG-12 immutable event: actor, time, object, before/after state, version refs (MVP1-FND-003)",EV-002;EV-003,"ERR-PUB-001;ERR-AUTH-001 | FAIL if requirement MVP1-M09-028 is removed, weakened, hidden, replaced by mock behavior, implemented only visually without runtime behavior, loses validation/audit/permission semantics, or cannot rep",Runtime screenshot showing the completed behavior; Requirement-linked test result; Audit or activity evidence where the action changes state or data; Published configuration/version evidence; Runtime proof that execution consumes the configuration,UI + API + E2E; add offline/device/location tests where applicable,"FAIL if requirement MVP1-M09-028 is removed, weakened, hidden, replaced by mock behavior, implemented only visually without runtime behavior, loses validation/audit/permission semantics, or cannot reproduce the accepted evidence after a later change."
AC-0477,MVP1-M09-029,Compliance Configuration,Compliance Admin,Validation Engine,Click Publish.,Admin sees clear validation errors before publish.,"Validate sections, items, response mapping, violations, penalties, evidence, templates, action forms.",Package cannot be published with missing dependencies.,(config lifecycle via ENG-03; no runtime STM row) | states: Config lifecycle Draft->Validated->Approved->Published->Locked (P00 state intent; ENG-03 governed),"ENG-12 immutable event: actor, time, object, before/after state, version refs (MVP1-FND-003)",EV-002;EV-003,"ERR-PUB-001;ERR-AUTH-001 | FAIL if requirement MVP1-M09-029 is removed, weakened, hidden, replaced by mock behavior, implemented only visually without runtime behavior, loses validation/audit/permission semantics, or cannot rep",Runtime screenshot showing the completed behavior; Requirement-linked test result; Audit or activity evidence where the action changes state or data; Published configuration/version evidence; Runtime proof that execution consumes the configuration,UI + API + E2E; add offline/device/location tests where applicable,"FAIL if requirement MVP1-M09-029 is removed, weakened, hidden, replaced by mock behavior, implemented only visually without runtime behavior, loses validation/audit/permission semantics, or cannot reproduce the accepted evidence after a later change."
AC-0478,MVP1-M09-030,Compliance Configuration,System,Version Engine,None,Execution uses the locked version only.,Lock published package version when selected for visit.,Later configuration changes do not affect active/previous inspections.,(config lifecycle via ENG-03; no runtime STM row) | states: Config lifecycle Draft->Validated->Approved->Published->Locked (P00 state intent; ENG-03 governed),"ENG-12 immutable event: actor, time, object, before/after state, version refs (MVP1-FND-003)",EV-002;EV-003,"ERR-PUB-001;ERR-AUTH-001 | FAIL if requirement MVP1-M09-030 is removed, weakened, hidden, replaced by mock behavior, implemented only visually without runtime behavior, loses validation/audit/permission semantics, or cannot rep",Runtime screenshot showing the completed behavior; Requirement-linked test result; Audit or activity evidence where the action changes state or data; Published configuration/version evidence; Runtime proof that execution consumes the configuration,UI + API + E2E; add offline/device/location tests where applicable,"FAIL if requirement MVP1-M09-030 is removed, weakened, hidden, replaced by mock behavior, implemented only visually without runtime behavior, loses validation/audit/permission semantics, or cannot reproduce the accepted evidence after a later change."
FND-ACC-001,MVP1-FND-001,FND (foundation),System / all authorized roles,Foundation active across: ALL (P00-P12),Any covered business action,"A user cannot view or execute any MVP1 action outside assigned role, branch/organizational scope or channel permission.","Users may access only the channels, data and actions granted by role and organizational scope; least privilege is mandatory.","Users may access only the channels, data and actions granted by role and organizational scope; least privilege is mandatory.",Cross-cutting (ENG-12 + RBAC guard),ENG-12 immutable event trail,EV-001,ERR-AUTH-001; ERR-OFF-001/002 where offline (FND-005/006),Runtime proof per Evidence Regression Matrix (workbook sheet 12) + zero-regression rerun,UI + API + E2E + negative/permission paths,"FAIL if MVP1-FND-001 is removed, weakened or bypassed (Zero-Regression Contract, protected baseline)"
FND-ACC-002,MVP1-FND-002,FND (foundation),System / all authorized roles,Foundation active across: ALL (P00-P12),Any covered business action,"No screen, API or report substitutes one state type for another; every transition is auditable and validated.","Visit planning status, journey operational state, inspection execution status, review status, virtual session state and sync state are separate controlled state models.","Visit planning status, journey operational state, inspection execution status, review status, virtual session state and sync state are separate controlled state models.",Cross-cutting: guards on all STM-* transitions,ENG-12 immutable event trail,EV-003,ERR-AUTH-001; ERR-OFF-001/002 where offline (FND-005/006),Runtime proof per Evidence Regression Matrix (workbook sheet 12) + zero-regression rerun,UI + API + E2E + negative/permission paths,"FAIL if MVP1-FND-002 is removed, weakened or bypassed (Zero-Regression Contract, protected baseline)"
FND-ACC-003,MVP1-FND-003,FND (foundation),System / all authorized roles,Foundation active across: ALL (P00-P12),Any covered business action,Every critical MVP1 action is traceable end-to-end and no user can edit or delete audit records.,"Every create, update, assignment, publish, return, cancel, check-in, evidence action, submission, review decision and version event records actor, timestamp, object, old/new state and context.","Every create, update, assignment, publish, return, cancel, check-in, evidence action, submission, review decision and version event records actor, timestamp, object, old/new state and context.",Cross-cutting (ENG-12),ENG-12 immutable event trail,EV-003,ERR-AUTH-001; ERR-OFF-001/002 where offline (FND-005/006),Runtime proof per Evidence Regression Matrix (workbook sheet 12) + zero-regression rerun,UI + API + E2E + negative/permission paths,"FAIL if MVP1-FND-003 is removed, weakened or bypassed (Zero-Regression Contract, protected baseline)"
FND-ACC-004,MVP1-FND-004,FND (foundation),System / all authorized roles,Foundation active across: ALL (P00-P12),Any covered business action,Configured events produce the correct recipient notification and SLA state exactly once.,"Notifications are event-driven, role-aware, deduplicated and auditable; SLA calculations use server timestamps and pause/resume only by approved rules.","Notifications are event-driven, role-aware, deduplicated and auditable; SLA calculations use server timestamps and pause/resume only by approved rules.",Cross-cutting (ENG-11),ENG-12 immutable event trail,EV-001,ERR-AUTH-001; ERR-OFF-001/002 where offline (FND-005/006),Runtime proof per Evidence Regression Matrix (workbook sheet 12) + zero-regression rerun,UI + API + E2E + negative/permission paths,"FAIL if MVP1-FND-004 is removed, weakened or bypassed (Zero-Regression Contract, protected baseline)"
FND-ACC-005,MVP1-FND-005,FND (foundation),System / all authorized roles,Foundation active across: P04;P05;P06A;P07;P08;P09,Any covered business action,"Inspector can complete permitted work offline, recover after interruption and sync without losing or silently overwriting evidence.","Downloaded packages are version-locked, checksum-validated, encrypted on device, locally autosaved and synchronized without silent overwrite.","Downloaded packages are version-locked, checksum-validated, encrypted on device, locally autosaved and synchronized without silent overwrite.",Cross-cutting (ENG-10),ENG-12 immutable event trail,EV-006,ERR-AUTH-001; ERR-OFF-001/002 where offline (FND-005/006),Runtime proof per Evidence Regression Matrix (workbook sheet 12) + zero-regression rerun,UI + API + E2E + negative/permission paths,"FAIL if MVP1-FND-005 is removed, weakened or bypassed (Zero-Regression Contract, protected baseline)"
FND-ACC-006,MVP1-FND-006,FND (foundation),System / all authorized roles,Foundation active across: P03;P06A;P09;P10;P11,Any covered business action,"Repeated client retry after timeout never creates duplicate visits, duplicate decisions, duplicate evidence or ambiguous states.","Retry-sensitive actions such as publish, assignment, journey start, check-in, submission, review decision and resubmission are idempotent or protected by unique transaction rules.","Retry-sensitive actions such as publish, assignment, journey start, check-in, submission, review decision and resubmission are idempotent or protected by unique transaction rules.",Cross-cutting: guards on all STM-* transitions,ENG-12 immutable event trail,EV-006;EV-012,ERR-AUTH-001; ERR-OFF-001/002 where offline (FND-005/006),Runtime proof per Evidence Regression Matrix (workbook sheet 12) + zero-regression rerun,UI + API + E2E + negative/permission paths,"FAIL if MVP1-FND-006 is removed, weakened or bypassed (Zero-Regression Contract, protected baseline)"
FND-ACC-007,MVP1-FND-007,FND (foundation),System / all authorized roles,Foundation active across: P01;P02;P12,Any covered business action,Users can always identify the source and history of each mutable/observed factory value.,"Official source data is preserved; planner-selected location and field-observed location are stored separately with source, actor and timestamp.","Official source data is preserved; planner-selected location and field-observed location are stored separately with source, actor and timestamp.",Cross-cutting (ENG-04;ENG-06 + factory master service),ENG-12 immutable event trail,EV-001,ERR-AUTH-001; ERR-OFF-001/002 where offline (FND-005/006),Runtime proof per Evidence Regression Matrix (workbook sheet 12) + zero-regression rerun,UI + API + E2E + negative/permission paths,"FAIL if MVP1-FND-007 is removed, weakened or bypassed (Zero-Regression Contract, protected baseline)"
FND-ACC-008,MVP1-FND-008,FND (foundation),System / all authorized roles,Foundation active across: P08;P09;P10,Any covered business action,Every evidence object can be traced from capture to submitted version and reviewer decision.,"Evidence is linked to inspection, item/form, actor, timestamp and location when available; post-submission evidence is read-only unless a controlled returned section explicitly permits update.","Evidence is linked to inspection, item/form, actor, timestamp and location when available; post-submission evidence is read-only unless a controlled returned section explicitly permits update.",Cross-cutting (ENG-07),ENG-12 immutable event trail,EV-007,ERR-AUTH-001; ERR-OFF-001/002 where offline (FND-005/006),Runtime proof per Evidence Regression Matrix (workbook sheet 12) + zero-regression rerun,UI + API + E2E + negative/permission paths,"FAIL if MVP1-FND-008 is removed, weakened or bypassed (Zero-Regression Contract, protected baseline)"
FND-ACC-009,MVP1-FND-009,FND (foundation),System / all authorized roles,Foundation active across: P06A;P12,Any covered business action,No authorized screen receives live location outside an active journey/execution state or beyond permitted retention.,Live inspector location is visible only during active journey/execution and only to authorized roles; retention and access are policy-controlled.,Live inspector location is visible only during active journey/execution and only to authorized roles; retention and access are policy-controlled.,Cross-cutting (ENG-06),ENG-12 immutable event trail,EV-005,ERR-AUTH-001; ERR-OFF-001/002 where offline (FND-005/006),Runtime proof per Evidence Regression Matrix (workbook sheet 12) + zero-regression rerun,UI + API + E2E + negative/permission paths,"FAIL if MVP1-FND-009 is removed, weakened or bypassed (Zero-Regression Contract, protected baseline)"
FND-ACC-010,MVP1-FND-010,FND (foundation),System / all authorized roles,Foundation active across: ALL (P00-P12),Any covered business action,"The same controlled value has one canonical identifier across Admin, Web, Inspector Workspace and reports.","Shared lookup values are centrally governed, versioned where required and never duplicated as hard-coded per-screen lists.","Shared lookup values are centrally governed, versioned where required and never duplicated as hard-coded per-screen lists.",Cross-cutting (master data governance),ENG-12 immutable event trail,EV-001,ERR-AUTH-001; ERR-OFF-001/002 where offline (FND-005/006),Runtime proof per Evidence Regression Matrix (workbook sheet 12) + zero-regression rerun,UI + API + E2E + negative/permission paths,"FAIL if MVP1-FND-010 is removed, weakened or bypassed (Zero-Regression Contract, protected baseline)"
FND-ACC-011,MVP1-FND-011,FND (foundation),System / all authorized roles,Foundation active across: ALL (P00-P12),Any covered business action,No critical information requires zooming or relies only on color; core actions are accessible and readable on supported form factors.,"Web and admin screens must remain legible at standard enterprise resolutions; mobile/tablet screens must support field-safe touch targets, readable typography and non-color-only status cues.","Web and admin screens must remain legible at standard enterprise resolutions; mobile/tablet screens must support field-safe touch targets, readable typography and non-color-only status cues.",Cross-cutting (UI foundation),ENG-12 immutable event trail,EV-011,ERR-AUTH-001; ERR-OFF-001/002 where offline (FND-005/006),Runtime proof per Evidence Regression Matrix (workbook sheet 12) + zero-regression rerun,UI + API + E2E + negative/permission paths,"FAIL if MVP1-FND-011 is removed, weakened or bypassed (Zero-Regression Contract, protected baseline)"
FND-ACC-012,MVP1-FND-012,FND (foundation),System / all authorized roles,Foundation active across: P12,Any covered business action,Unavailable widgets show a local error/retry state while unaffected panels continue to operate.,"Failure of one widget, data source or optional panel must not break the entire Operations Center, Factory 360 or dashboard page.","Failure of one widget, data source or optional panel must not break the entire Operations Center, Factory 360 or dashboard page.",Cross-cutting (fault isolation),ENG-12 immutable event trail,EV-010,ERR-AUTH-001; ERR-OFF-001/002 where offline (FND-005/006),Runtime proof per Evidence Regression Matrix (workbook sheet 12) + zero-regression rerun,UI + API + E2E + negative/permission paths,"FAIL if MVP1-FND-012 is removed, weakened or bypassed (Zero-Regression Contract, protected baseline)"
FND-ACC-013,MVP1-FND-013,FND (foundation),System / all authorized roles,Foundation active across: P01;P12,Any covered business action,Users can see when source data was last synchronized and the system never presents stale data as freshly verified.,"Where factory, licence, CR, product or other source data is synchronized, the UI exposes source and freshness timestamp; stale/unavailable data is clearly indicated.","Where factory, licence, CR, product or other source data is synchronized, the UI exposes source and freshness timestamp; stale/unavailable data is clearly indicated.",Cross-cutting (integration boundary (Senaei etc.)),ENG-12 immutable event trail,EV-001,ERR-AUTH-001; ERR-OFF-001/002 where offline (FND-005/006),Runtime proof per Evidence Regression Matrix (workbook sheet 12) + zero-regression rerun,UI + API + E2E + negative/permission paths,"FAIL if MVP1-FND-013 is removed, weakened or bypassed (Zero-Regression Contract, protected baseline)"
FND-ACC-014,MVP1-FND-014,FND (foundation),System / all authorized roles,Foundation active across: P08,Any covered business action,"Unauthorized users cannot access files, and invalid or unsafe files are rejected with clear error feedback.","All uploaded media and documents enforce configured type/size limits, malware scanning where available, access checks, storage encryption and audit events.","All uploaded media and documents enforce configured type/size limits, malware scanning where available, access checks, storage encryption and audit events.",Cross-cutting (ENG-07),ENG-12 immutable event trail,EV-007,ERR-AUTH-001; ERR-OFF-001/002 where offline (FND-005/006),Runtime proof per Evidence Regression Matrix (workbook sheet 12) + zero-regression rerun,UI + API + E2E + negative/permission paths,"FAIL if MVP1-FND-014 is removed, weakened or bypassed (Zero-Regression Contract, protected baseline)"
FND-ACC-015,MVP1-FND-015,FND (foundation),System / all authorized roles,Foundation active across: ALL (P00-P12),Any covered business action,"No baseline row is unaccounted for at build, SIT, UAT or release sign-off.","Every spreadsheet row maps to a requirement ID, backlog item or explicit approved grouping, acceptance criteria, test case and evidence.","Every spreadsheet row maps to a requirement ID, backlog item or explicit approved grouping, acceptance criteria, test case and evidence.",Cross-cutting (ENG-12),ENG-12 immutable event trail,EV-001;EV-012,ERR-AUTH-001; ERR-OFF-001/002 where offline (FND-005/006),Runtime proof per Evidence Regression Matrix (workbook sheet 12) + zero-regression rerun,UI + API + E2E + negative/permission paths,"FAIL if MVP1-FND-015 is removed, weakened or bypassed (Zero-Regression Contract, protected baseline)"
