migration_id,current_route,current_files,owner_package,saqeel_design_reference,requirement_ids,acceptance_ids,existing_behavior,backend_contracts,permissions,current_tests,required_certification,replacement_strategy,flag_reason,cutover_method,rollback_method,legacy_retention,completion_status
WA-MIG-001,/,apps/web/src/app/page.tsx,M11,SAQEEL Login.dc.html;SAQEEL Auth States.dc.html;SAQEEL Portal.dc.html;SAQEEL Profile.dc.html;SAQEEL Virtual.dc.html;SAQEEL Feedback.dc.html,CR-337..CR-356,WA-M11-AC-001..006,Preserve current navigation=DEEP_LINK_OR_ALIAS; breadcrumb=TO_VERIFY_IN_RUNTIME; states=empty,services=@/components/PwaRegister;@/components/ThemeScript;@/lib/i18n;@/lib/notify;@/lib/providers/notification-stubs; tables/views=none statically detected; RPCs=none statically detected; workflow/audit/version=runtime verification required,ops,TEST_GAP_REQUIRES_PACKAGE_FOCUSED_SPEC,functional parity;negative paths;RLS/RBAC;audit/versioning;visual diff;Arabic/RTL;accessibility;responsive;performance;cross-module regression,FEATURE_FLAG_OR_GUARDED_PREVIEW_REQUIRED,UNCERTAINTY_OR_TEST_GAP_REQUIRES_CONTROLLED_EXPOSURE,Canonical route cutover only after all acceptance gates pass and Product Owner approval is recorded,Restore retained pre-replacement implementation or switch server-evaluated flag; no destructive database rollback,RETAIN_UNTIL_STABILIZATION_AND_PRODUCT_OWNER_REMOVAL_APPROVAL,PLANNED_NOT_IMPLEMENTED
WA-MIG-002,/admin,apps/web/src/app/(app)/admin/page.tsx,M9,SAQEEL Admin.dc.html;SAQEEL Admin Detail.dc.html;SAQEEL Admin Extended.dc.html;SAQEEL Admin Form Builder.dc.html;SAQEEL Admin Workflow Builder.dc.html;SAQEEL Admin Lookups.dc.html;SAQEEL KPI Management.dc.html;SAQEEL Dashboard Config.dc.html,CR-001..CR-478,WA-M9-AC-001..006,Preserve current navigation=DIRECT; breadcrumb=TO_VERIFY_IN_RUNTIME; states=empty;error,services=@/components/Shell;@/lib/i18n;@/lib/shell-navigation;@/lib/supabase-server;@/lib/verified-user; tables/views=audit_events;engine_settings;inspection_items;package_versions;regulations;user_roles;violation_codes; RPCs=mvp3_decide_access_review;mvp3_issue_device_command;mvp3_publish_feature_flag;mvp3_request_error_retry; workflow/audit/version=WORKFLOW;AUDIT;VERSION;IMMUTABLE,AUTHENTICATED_ROUTE_GROUP,apps/web/e2e/platform-design-system-contract.spec.ts;apps/web/e2e/cd-006-011-backend-completion.spec.ts;apps/web/e2e/ui-compliance-runtime.spec.ts;apps/web/e2e/cd-045-downstream-contract.spec.ts;apps/web/e2e/mvp3-retrofit-regression.spec.ts;apps/web/e2e/persona-tours.spec.ts;apps/web/e2e/cd-044-admin-planning.spec.ts;apps/web/e2e/compliance-approval-queue.spec.ts;apps/web/e2e/cd-008-009-packages.spec.ts;apps/web/e2e/shell-navigation.spec.ts;apps/web/e2e/cd-004-admin-control-plane-home.spec.ts;apps/web/e2e/golden-journey.spec.ts;apps/web/e2e/cd-005-006-regulations.spec.ts;apps/web/e2e/cd-007-items.spec.ts;apps/web/e2e/execution-access-contract.spec.ts;apps/web/e2e/compliance-library-evidence.spec.ts;apps/web/e2e/cd-003-launch.spec.ts;apps/web/e2e/mvp2-m2-05-audit-replay.spec.ts;apps/web/e2e/cd-010-011-violations.spec.ts;apps/web/e2e/mapbox-provider.spec.ts;apps/web/e2e/mvp2-modules-live.spec.ts;apps/web/e2e/compliance-library.spec.ts;apps/web/e2e/compliance-request-engine.spec.ts;apps/web/e2e/mvp2-modules-rls-negative.spec.ts;apps/web/e2e/execution-admin-contract.spec.ts;apps/web/e2e/mvp2-m2-05-contract.spec.ts;apps/web/e2e/mvp3-enterprise-contract.spec.ts;apps/web/e2e/personas.ts;apps/web/e2e/ipad-gps-policy.spec.ts;apps/web/e2e/cd-006-admin-backend-foundation.spec.ts;apps/web/e2e/cd-006-regulation-publish-provenance.spec.ts;apps/web/e2e/factory360-admin-control-plane.spec.ts;apps/web/e2e/neutral-error-sweep.spec.ts,functional parity;negative paths;RLS/RBAC;audit/versioning;visual diff;Arabic/RTL;accessibility;responsive;performance;cross-module regression,FEATURE_FLAG_OR_GUARDED_PREVIEW_REQUIRED,UNCERTAINTY_OR_TEST_GAP_REQUIRES_CONTROLLED_EXPOSURE,Canonical route cutover only after all acceptance gates pass and Product Owner approval is recorded,Restore retained pre-replacement implementation or switch server-evaluated flag; no destructive database rollback,RETAIN_UNTIL_STABILIZATION_AND_PRODUCT_OWNER_REMOVAL_APPROVAL,PLANNED_NOT_IMPLEMENTED
WA-MIG-003,/admin/access,apps/web/src/app/(app)/admin/access/page.tsx,M8,SAQEEL Users Roles.dc.html;SAQEEL Admin Role Override.dc.html,CR-001..CR-478,WA-M8-AC-001..006,Preserve current navigation=DIRECT; breadcrumb=TO_VERIFY_IN_RUNTIME; states=loading;error,services=@/components/RouteLoading;@/components/Shell;@/lib/i18n;@/lib/neutral-error;@/lib/supabase-server;@/lib/verified-user; tables/views=capabilities;permissions;profiles;role_capabilities;role_permissions;roles;user_capability_grants;user_roles; RPCs=has_planning_capability;has_role; workflow/audit/version=AUDIT,security_admin,apps/web/e2e/cd-044-admin-planning.spec.ts;apps/web/e2e/cd-004-admin-control-plane-home.spec.ts;apps/web/e2e/execution-access-contract.spec.ts,functional parity;negative paths;RLS/RBAC;audit/versioning;visual diff;Arabic/RTL;accessibility;responsive;performance;cross-module regression,DIRECT_REPLACEMENT_AFTER_CERTIFICATION,,Canonical route cutover only after all acceptance gates pass and Product Owner approval is recorded,Restore retained pre-replacement implementation or switch server-evaluated flag; no destructive database rollback,RETAIN_UNTIL_STABILIZATION_AND_PRODUCT_OWNER_REMOVAL_APPROVAL,PLANNED_NOT_IMPLEMENTED
WA-MIG-004,/admin/audit,apps/web/src/app/(app)/admin/audit/page.tsx,M9,SAQEEL Admin.dc.html;SAQEEL Admin Detail.dc.html;SAQEEL Admin Extended.dc.html;SAQEEL Admin Form Builder.dc.html;SAQEEL Admin Workflow Builder.dc.html;SAQEEL Admin Lookups.dc.html;SAQEEL KPI Management.dc.html;SAQEEL Dashboard Config.dc.html,CR-001..CR-478,WA-M9-AC-001..006,Preserve current navigation=DIRECT; breadcrumb=TO_VERIFY_IN_RUNTIME; states=loading;empty;error;degraded;unauthorized;conflict,services=@/components/RouteLoading;@/components/Shell;@/lib/audit-replay;@/lib/i18n;@/lib/persona;@/lib/supabase-server; tables/views=audit_event_ontology_entries;audit_event_ontology_versions;audit_event_order_constraints;audit_event_registry;audit_events;audit_semantic_events; RPCs=audit_replay_case; workflow/audit/version=WORKFLOW;AUDIT;VERSION;IMMUTABLE,compliance_admin;leadership;ops;planner;reviewer;security_admin,apps/web/e2e/mvp3-retrofit-regression.spec.ts;apps/web/e2e/cd-004-admin-control-plane-home.spec.ts;apps/web/e2e/mvp2-m2-05-audit-replay.spec.ts;apps/web/e2e/mvp2-m2-05-contract.spec.ts;apps/web/e2e/mvp3-enterprise-contract.spec.ts,functional parity;negative paths;RLS/RBAC;audit/versioning;visual diff;Arabic/RTL;accessibility;responsive;performance;cross-module regression,FEATURE_FLAG_OR_GUARDED_PREVIEW_REQUIRED,UNCERTAINTY_OR_TEST_GAP_REQUIRES_CONTROLLED_EXPOSURE,Canonical route cutover only after all acceptance gates pass and Product Owner approval is recorded,Restore retained pre-replacement implementation or switch server-evaluated flag; no destructive database rollback,RETAIN_UNTIL_STABILIZATION_AND_PRODUCT_OWNER_REMOVAL_APPROVAL,PLANNED_NOT_IMPLEMENTED
WA-MIG-005,/admin/bulk-violations,apps/web/src/app/(app)/admin/bulk-violations/page.tsx,M6,SAQEEL Compliance Requests.dc.html;SAQEEL Enforcement.dc.html;SAQEEL Committee.dc.html;SAQEEL Risk.dc.html,CR-449..CR-478,WA-M6-AC-001..006,Preserve current navigation=DIRECT; breadcrumb=TO_VERIFY_IN_RUNTIME; states=loading;empty;error;unauthorized,services=@/components/EmptyState;@/components/RouteLoading;@/components/Shell;@/lib/i18n;@/lib/supabase-server;@/lib/verified-user; tables/views=factories;user_roles;violation_codes; RPCs=issue_bulk_violation; workflow/audit/version=AUDIT;VERSION,compliance_admin;ops,TEST_GAP_REQUIRES_PACKAGE_FOCUSED_SPEC,functional parity;negative paths;RLS/RBAC;audit/versioning;visual diff;Arabic/RTL;accessibility;responsive;performance;cross-module regression,FEATURE_FLAG_OR_GUARDED_PREVIEW_REQUIRED,UNCERTAINTY_OR_TEST_GAP_REQUIRES_CONTROLLED_EXPOSURE,Canonical route cutover only after all acceptance gates pass and Product Owner approval is recorded,Restore retained pre-replacement implementation or switch server-evaluated flag; no destructive database rollback,RETAIN_UNTIL_STABILIZATION_AND_PRODUCT_OWNER_REMOVAL_APPROVAL,PLANNED_NOT_IMPLEMENTED
WA-MIG-006,/admin/compliance-approvals,apps/web/src/app/(app)/admin/compliance-approvals/page.tsx,M6,SAQEEL Compliance Requests.dc.html;SAQEEL Enforcement.dc.html;SAQEEL Committee.dc.html;SAQEEL Risk.dc.html,CR-449..CR-478,WA-M6-AC-001..006,Preserve current navigation=DIRECT; breadcrumb=TO_VERIFY_IN_RUNTIME; states=loading;error,services=@/components/AdminRouteBoundary;@/components/Shell;@/lib/supabase-server; tables/views=compliance_configuration_requests;compliance_request_component_dependencies;compliance_request_components; RPCs=none statically detected; workflow/audit/version=runtime verification required,compliance_admin;reviewer,apps/web/e2e/compliance-approval-queue.spec.ts;apps/web/e2e/shell-navigation.spec.ts,functional parity;negative paths;RLS/RBAC;audit/versioning;visual diff;Arabic/RTL;accessibility;responsive;performance;cross-module regression,FEATURE_FLAG_OR_GUARDED_PREVIEW_REQUIRED,UNCERTAINTY_OR_TEST_GAP_REQUIRES_CONTROLLED_EXPOSURE,Canonical route cutover only after all acceptance gates pass and Product Owner approval is recorded,Restore retained pre-replacement implementation or switch server-evaluated flag; no destructive database rollback,RETAIN_UNTIL_STABILIZATION_AND_PRODUCT_OWNER_REMOVAL_APPROVAL,PLANNED_NOT_IMPLEMENTED
WA-MIG-007,/admin/compliance-requests,apps/web/src/app/(app)/admin/compliance-requests/page.tsx,M6,SAQEEL Compliance Requests.dc.html;SAQEEL Enforcement.dc.html;SAQEEL Committee.dc.html;SAQEEL Risk.dc.html,CR-449..CR-478,WA-M6-AC-001..006,Preserve current navigation=DEEP_LINK_OR_ALIAS; breadcrumb=TO_VERIFY_IN_RUNTIME; states=loading;empty;error,services=@/components/AdminRouteBoundary;@/components/Shell;@/lib/i18n;@/lib/neutral-error;@/lib/notify;@/lib/supabase-server; tables/views=compliance_configuration_requests;notification_rules;user_roles; RPCs=create_compliance_request; workflow/audit/version=VERSION;IMMUTABLE,compliance_admin;form_admin;reviewer,apps/web/e2e/compliance-approval-queue.spec.ts;apps/web/e2e/compliance-library.spec.ts;apps/web/e2e/compliance-request-engine.spec.ts,functional parity;negative paths;RLS/RBAC;audit/versioning;visual diff;Arabic/RTL;accessibility;responsive;performance;cross-module regression,FEATURE_FLAG_OR_GUARDED_PREVIEW_REQUIRED,UNCERTAINTY_OR_TEST_GAP_REQUIRES_CONTROLLED_EXPOSURE,Canonical route cutover only after all acceptance gates pass and Product Owner approval is recorded,Restore retained pre-replacement implementation or switch server-evaluated flag; no destructive database rollback,RETAIN_UNTIL_STABILIZATION_AND_PRODUCT_OWNER_REMOVAL_APPROVAL,PLANNED_NOT_IMPLEMENTED
WA-MIG-008,/admin/compliance-requests/:id,apps/web/src/app/(app)/admin/compliance-requests/[id]/page.tsx,M6,SAQEEL Compliance Requests.dc.html;SAQEEL Enforcement.dc.html;SAQEEL Committee.dc.html;SAQEEL Risk.dc.html,CR-449..CR-478,WA-M6-AC-001..006,Preserve current navigation=DEEP_LINK_OR_ALIAS; breadcrumb=TO_VERIFY_IN_RUNTIME; states=error;not-found,services=@/components/Shell;@/lib/supabase-server; tables/views=compliance_configuration_requests;compliance_request_component_dependencies;compliance_request_components;compliance_request_decisions;compliance_request_publications;compliance_request_revisions;user_roles; RPCs=none statically detected; workflow/audit/version=AUDIT;VERSION;IMMUTABLE,compliance_admin;form_admin;reviewer,apps/web/e2e/compliance-approval-queue.spec.ts;apps/web/e2e/compliance-library.spec.ts;apps/web/e2e/compliance-request-engine.spec.ts,functional parity;negative paths;RLS/RBAC;audit/versioning;visual diff;Arabic/RTL;accessibility;responsive;performance;cross-module regression,FEATURE_FLAG_OR_GUARDED_PREVIEW_REQUIRED,UNCERTAINTY_OR_TEST_GAP_REQUIRES_CONTROLLED_EXPOSURE,Canonical route cutover only after all acceptance gates pass and Product Owner approval is recorded,Restore retained pre-replacement implementation or switch server-evaluated flag; no destructive database rollback,RETAIN_UNTIL_STABILIZATION_AND_PRODUCT_OWNER_REMOVAL_APPROVAL,PLANNED_NOT_IMPLEMENTED
WA-MIG-009,/admin/compliance-requests/new,apps/web/src/app/(app)/admin/compliance-requests/new/page.tsx,M6,SAQEEL Compliance Requests.dc.html;SAQEEL Enforcement.dc.html;SAQEEL Committee.dc.html;SAQEEL Risk.dc.html,CR-449..CR-478,WA-M6-AC-001..006,Preserve current navigation=DEEP_LINK_OR_ALIAS; breadcrumb=TO_VERIFY_IN_RUNTIME; states=runtime discovery required,services=@/components/AdminRouteBoundary;@/components/Shell; tables/views=none statically detected; RPCs=none statically detected; workflow/audit/version=runtime verification required,compliance_admin;form_admin,apps/web/e2e/compliance-library.spec.ts;apps/web/e2e/compliance-request-engine.spec.ts,functional parity;negative paths;RLS/RBAC;audit/versioning;visual diff;Arabic/RTL;accessibility;responsive;performance;cross-module regression,DIRECT_REPLACEMENT_AFTER_CERTIFICATION,,Canonical route cutover only after all acceptance gates pass and Product Owner approval is recorded,Restore retained pre-replacement implementation or switch server-evaluated flag; no destructive database rollback,RETAIN_UNTIL_STABILIZATION_AND_PRODUCT_OWNER_REMOVAL_APPROVAL,PLANNED_NOT_IMPLEMENTED
WA-MIG-010,/admin/dashboard-config,apps/web/src/app/admin/dashboard-config/page.tsx,M9,SAQEEL Admin.dc.html;SAQEEL Admin Detail.dc.html;SAQEEL Admin Extended.dc.html;SAQEEL Admin Form Builder.dc.html;SAQEEL Admin Workflow Builder.dc.html;SAQEEL Admin Lookups.dc.html;SAQEEL KPI Management.dc.html;SAQEEL Dashboard Config.dc.html,CR-001..CR-478,WA-M9-AC-001..006,Preserve current navigation=DEEP_LINK_OR_ALIAS; breadcrumb=TO_VERIFY_IN_RUNTIME; states=error,services=@/components/Shell;@/lib/dashboard-kpi/registry;@/lib/i18n;@/lib/neutral-error;@/lib/supabase-server; tables/views=dashboard_config_heads;dashboard_config_parameters;dashboard_config_versions;mvp3_kpi_definitions;user_roles; RPCs=dash_create_config_draft;dash_publish_config;dash_return_config;dash_submit_config; workflow/audit/version=VERSION;IMMUTABLE,compliance_admin;leadership;ops;reviewer;security_admin,TEST_GAP_REQUIRES_PACKAGE_FOCUSED_SPEC,functional parity;negative paths;RLS/RBAC;audit/versioning;visual diff;Arabic/RTL;accessibility;responsive;performance;cross-module regression,FEATURE_FLAG_OR_GUARDED_PREVIEW_REQUIRED,UNCERTAINTY_OR_TEST_GAP_REQUIRES_CONTROLLED_EXPOSURE,Canonical route cutover only after all acceptance gates pass and Product Owner approval is recorded,Restore retained pre-replacement implementation or switch server-evaluated flag; no destructive database rollback,RETAIN_UNTIL_STABILIZATION_AND_PRODUCT_OWNER_REMOVAL_APPROVAL,PLANNED_NOT_IMPLEMENTED
WA-MIG-011,/admin/devices,apps/web/src/app/(app)/admin/devices/page.tsx,M8,SAQEEL Users Roles.dc.html;SAQEEL Admin Role Override.dc.html,CR-001..CR-478,WA-M8-AC-001..006,Preserve current navigation=DIRECT; breadcrumb=TO_VERIFY_IN_RUNTIME; states=loading;empty;error,services=@/components/Mvp3ActionForm;@/components/RouteLoading;@/components/Shell;@/lib/i18n;@/lib/supabase-server; tables/views=mvp3_device_commands;mvp3_devices; RPCs=none statically detected; workflow/audit/version=runtime verification required,inspector,apps/web/e2e/mvp3-retrofit-regression.spec.ts;apps/web/e2e/mvp3-enterprise-contract.spec.ts,functional parity;negative paths;RLS/RBAC;audit/versioning;visual diff;Arabic/RTL;accessibility;responsive;performance;cross-module regression,DIRECT_REPLACEMENT_AFTER_CERTIFICATION,,Canonical route cutover only after all acceptance gates pass and Product Owner approval is recorded,Restore retained pre-replacement implementation or switch server-evaluated flag; no destructive database rollback,RETAIN_UNTIL_STABILIZATION_AND_PRODUCT_OWNER_REMOVAL_APPROVAL,PLANNED_NOT_IMPLEMENTED
WA-MIG-012,/admin/enforcement-recommendations,apps/web/src/app/(app)/admin/enforcement-recommendations/page.tsx,M6,SAQEEL Compliance Requests.dc.html;SAQEEL Enforcement.dc.html;SAQEEL Committee.dc.html;SAQEEL Risk.dc.html,CR-449..CR-478,WA-M6-AC-001..006,Preserve current navigation=DIRECT; breadcrumb=TO_VERIFY_IN_RUNTIME; states=loading;empty;error;unauthorized,services=@/components/EmptyState;@/components/RouteLoading;@/components/Shell;@/lib/i18n;@/lib/persona;@/lib/supabase-server;@/lib/verified-user; tables/views=enforcement_recommendations; RPCs=none statically detected; workflow/audit/version=AUDIT,compliance_admin;inspector;leadership;ops;planner;reviewer,TEST_GAP_REQUIRES_PACKAGE_FOCUSED_SPEC,functional parity;negative paths;RLS/RBAC;audit/versioning;visual diff;Arabic/RTL;accessibility;responsive;performance;cross-module regression,FEATURE_FLAG_OR_GUARDED_PREVIEW_REQUIRED,UNCERTAINTY_OR_TEST_GAP_REQUIRES_CONTROLLED_EXPOSURE,Canonical route cutover only after all acceptance gates pass and Product Owner approval is recorded,Restore retained pre-replacement implementation or switch server-evaluated flag; no destructive database rollback,RETAIN_UNTIL_STABILIZATION_AND_PRODUCT_OWNER_REMOVAL_APPROVAL,PLANNED_NOT_IMPLEMENTED
WA-MIG-013,/admin/execution,apps/web/src/app/admin/execution/page.tsx,M10,SAQEEL Admin Integrations.dc.html;SAQEEL Admin Integrations Data.dc.html;SAQEEL Admin Geofence.dc.html;SAQEEL Admin SENAI Data.dc.html;SAQEEL Admin Execution.dc.html;SAQEEL Admin Virtual Premium.dc.html;SAQEEL Control Panel.dc.html,CR-001..CR-478,WA-M10-AC-001..006,Preserve current navigation=DIRECT; breadcrumb=TO_VERIFY_IN_RUNTIME; states=empty;error,services=@/components/EmptyState;@/components/Shell;@/lib/execution/capabilities;@/lib/i18n;@/lib/neutral-error;@/lib/supabase-server;@/lib/verified-user; tables/views=audit_events;engine_settings; RPCs=has_capability; workflow/audit/version=WORKFLOW;AUDIT;VERSION,inspector,apps/web/e2e/execution-admin-contract.spec.ts,functional parity;negative paths;RLS/RBAC;audit/versioning;visual diff;Arabic/RTL;accessibility;responsive;performance;cross-module regression,FEATURE_FLAG_OR_GUARDED_PREVIEW_REQUIRED,UNCERTAINTY_OR_TEST_GAP_REQUIRES_CONTROLLED_EXPOSURE,Canonical route cutover only after all acceptance gates pass and Product Owner approval is recorded,Restore retained pre-replacement implementation or switch server-evaluated flag; no destructive database rollback,RETAIN_UNTIL_STABILIZATION_AND_PRODUCT_OWNER_REMOVAL_APPROVAL,PLANNED_NOT_IMPLEMENTED
WA-MIG-014,/admin/gis,apps/web/src/app/(app)/admin/gis/page.tsx,M10,SAQEEL Admin Integrations.dc.html;SAQEEL Admin Integrations Data.dc.html;SAQEEL Admin Geofence.dc.html;SAQEEL Admin SENAI Data.dc.html;SAQEEL Admin Execution.dc.html;SAQEEL Admin Virtual Premium.dc.html;SAQEEL Control Panel.dc.html,CR-001..CR-478,WA-M10-AC-001..006,Preserve current navigation=DIRECT; breadcrumb=TO_VERIFY_IN_RUNTIME; states=loading;empty;error,services=@/components/EmptyState;@/components/GeoMap;@/components/Shell;@/lib/i18n;@/lib/neutral-error;@/lib/supabase-server;@/lib/verified-user; tables/views=engine_settings;factories; RPCs=none statically detected; workflow/audit/version=VERSION,gis_admin,apps/web/e2e/mvp3-retrofit-regression.spec.ts;apps/web/e2e/cd-004-admin-control-plane-home.spec.ts;apps/web/e2e/mapbox-provider.spec.ts;apps/web/e2e/mvp2-modules-live.spec.ts;apps/web/e2e/mvp2-modules-rls-negative.spec.ts;apps/web/e2e/mvp3-enterprise-contract.spec.ts;apps/web/e2e/ipad-gps-policy.spec.ts;apps/web/e2e/neutral-error-sweep.spec.ts,functional parity;negative paths;RLS/RBAC;audit/versioning;visual diff;Arabic/RTL;accessibility;responsive;performance;cross-module regression,FEATURE_FLAG_OR_GUARDED_PREVIEW_REQUIRED,UNCERTAINTY_OR_TEST_GAP_REQUIRES_CONTROLLED_EXPOSURE,Canonical route cutover only after all acceptance gates pass and Product Owner approval is recorded,Restore retained pre-replacement implementation or switch server-evaluated flag; no destructive database rollback,RETAIN_UNTIL_STABILIZATION_AND_PRODUCT_OWNER_REMOVAL_APPROVAL,PLANNED_NOT_IMPLEMENTED
WA-MIG-015,/admin/gis/spatial,apps/web/src/app/(app)/admin/gis/spatial/page.tsx,M10,SAQEEL Admin Integrations.dc.html;SAQEEL Admin Integrations Data.dc.html;SAQEEL Admin Geofence.dc.html;SAQEEL Admin SENAI Data.dc.html;SAQEEL Admin Execution.dc.html;SAQEEL Admin Virtual Premium.dc.html;SAQEEL Control Panel.dc.html,CR-001..CR-478,WA-M10-AC-001..006,Preserve current navigation=DEEP_LINK_OR_ALIAS; breadcrumb=TO_VERIFY_IN_RUNTIME; states=loading;empty;error,services=@/components/EmptyState;@/components/NotYetBoundary;@/components/RouteLoading;@/components/Shell;@/lib/i18n;@/lib/neutral-error;@/lib/providers/env-gate;@/lib/supabase-server;@/lib/verified-user; tables/views=factory_locations;gis_layers; RPCs=none statically detected; workflow/audit/version=runtime verification required,gis_admin,apps/web/e2e/mvp2-modules-live.spec.ts;apps/web/e2e/mvp2-modules-rls-negative.spec.ts,functional parity;negative paths;RLS/RBAC;audit/versioning;visual diff;Arabic/RTL;accessibility;responsive;performance;cross-module regression,FEATURE_FLAG_OR_GUARDED_PREVIEW_REQUIRED,UNCERTAINTY_OR_TEST_GAP_REQUIRES_CONTROLLED_EXPOSURE,Canonical route cutover only after all acceptance gates pass and Product Owner approval is recorded,Restore retained pre-replacement implementation or switch server-evaluated flag; no destructive database rollback,RETAIN_UNTIL_STABILIZATION_AND_PRODUCT_OWNER_REMOVAL_APPROVAL,PLANNED_NOT_IMPLEMENTED
WA-MIG-016,/admin/integrations,apps/web/src/app/(app)/admin/integrations/page.tsx,M10,SAQEEL Admin Integrations.dc.html;SAQEEL Admin Integrations Data.dc.html;SAQEEL Admin Geofence.dc.html;SAQEEL Admin SENAI Data.dc.html;SAQEEL Admin Execution.dc.html;SAQEEL Admin Virtual Premium.dc.html;SAQEEL Control Panel.dc.html,CR-001..CR-478,WA-M10-AC-001..006,Preserve current navigation=DIRECT; breadcrumb=TO_VERIFY_IN_RUNTIME; states=empty;error,services=@/components/Shell;@/lib/i18n;@/lib/supabase-server; tables/views=mvp3_api_events;mvp3_export_jobs;mvp3_integration_endpoints; RPCs=none statically detected; workflow/audit/version=VERSION,AUTHENTICATED_ROUTE_GROUP,apps/web/e2e/mvp3-retrofit-regression.spec.ts;apps/web/e2e/mvp3-enterprise-contract.spec.ts;apps/web/e2e/factory360-admin-control-plane.spec.ts,functional parity;negative paths;RLS/RBAC;audit/versioning;visual diff;Arabic/RTL;accessibility;responsive;performance;cross-module regression,FEATURE_FLAG_OR_GUARDED_PREVIEW_REQUIRED,UNCERTAINTY_OR_TEST_GAP_REQUIRES_CONTROLLED_EXPOSURE,Canonical route cutover only after all acceptance gates pass and Product Owner approval is recorded,Restore retained pre-replacement implementation or switch server-evaluated flag; no destructive database rollback,RETAIN_UNTIL_STABILIZATION_AND_PRODUCT_OWNER_REMOVAL_APPROVAL,PLANNED_NOT_IMPLEMENTED
WA-MIG-017,/admin/integrations/factory-data,apps/web/src/app/(app)/admin/integrations/factory-data/page.tsx,M10,SAQEEL Admin Integrations.dc.html;SAQEEL Admin Integrations Data.dc.html;SAQEEL Admin Geofence.dc.html;SAQEEL Admin SENAI Data.dc.html;SAQEEL Admin Execution.dc.html;SAQEEL Admin Virtual Premium.dc.html;SAQEEL Control Panel.dc.html,CR-001..CR-478,WA-M10-AC-001..006,Preserve current navigation=DEEP_LINK_OR_ALIAS; breadcrumb=TO_VERIFY_IN_RUNTIME; states=error,services=@/components/AdminRouteBoundary;@/components/Shell;@/lib/supabase-server;@/lib/verified-user; tables/views=factories;factory_documents;factory_import_batches;factory_import_rows;factory_materials;factory_products;factory_representatives;senaei_reconciliation_records;senaei_sync_runs;user_roles; RPCs=none statically detected; workflow/audit/version=WORKFLOW;AUDIT;VERSION,compliance_admin;security_admin;workflow_admin,apps/web/e2e/factory360-admin-control-plane.spec.ts,functional parity;negative paths;RLS/RBAC;audit/versioning;visual diff;Arabic/RTL;accessibility;responsive;performance;cross-module regression,FEATURE_FLAG_OR_GUARDED_PREVIEW_REQUIRED,UNCERTAINTY_OR_TEST_GAP_REQUIRES_CONTROLLED_EXPOSURE,Canonical route cutover only after all acceptance gates pass and Product Owner approval is recorded,Restore retained pre-replacement implementation or switch server-evaluated flag; no destructive database rollback,RETAIN_UNTIL_STABILIZATION_AND_PRODUCT_OWNER_REMOVAL_APPROVAL,PLANNED_NOT_IMPLEMENTED
WA-MIG-018,/admin/items,apps/web/src/app/(app)/admin/items/page.tsx,M9,SAQEEL Admin.dc.html;SAQEEL Admin Detail.dc.html;SAQEEL Admin Extended.dc.html;SAQEEL Admin Form Builder.dc.html;SAQEEL Admin Workflow Builder.dc.html;SAQEEL Admin Lookups.dc.html;SAQEEL KPI Management.dc.html;SAQEEL Dashboard Config.dc.html,CR-001..CR-478,WA-M9-AC-001..006,Preserve current navigation=DIRECT; breadcrumb=TO_VERIFY_IN_RUNTIME; states=loading;empty;error;degraded,services=@/components/AdminRouteBoundary;@/components/EmptyState;@/components/Shell;@/components/Skeleton;@/lib/admin-configuration;@/lib/i18n;@/lib/neutral-error;@/lib/supabase-server; tables/views=inspection_items;regulation_clauses;user_roles; RPCs=admin_configuration_audit;inspection_item_usage;inspection_item_versions_are_frozen; workflow/audit/version=AUDIT;VERSION;IMMUTABLE,compliance_admin;form_admin;inspector;reviewer,apps/web/e2e/cd-006-011-backend-completion.spec.ts;apps/web/e2e/cd-007-items.spec.ts;apps/web/e2e/compliance-library-evidence.spec.ts;apps/web/e2e/compliance-library.spec.ts;apps/web/e2e/cd-006-admin-backend-foundation.spec.ts;apps/web/e2e/neutral-error-sweep.spec.ts,functional parity;negative paths;RLS/RBAC;audit/versioning;visual diff;Arabic/RTL;accessibility;responsive;performance;cross-module regression,FEATURE_FLAG_OR_GUARDED_PREVIEW_REQUIRED,UNCERTAINTY_OR_TEST_GAP_REQUIRES_CONTROLLED_EXPOSURE,Canonical route cutover only after all acceptance gates pass and Product Owner approval is recorded,Restore retained pre-replacement implementation or switch server-evaluated flag; no destructive database rollback,RETAIN_UNTIL_STABILIZATION_AND_PRODUCT_OWNER_REMOVAL_APPROVAL,PLANNED_NOT_IMPLEMENTED
WA-MIG-019,/admin/items/:id/runtime-preview,apps/web/src/app/(app)/admin/items/[id]/runtime-preview/page.tsx,M9,SAQEEL Admin.dc.html;SAQEEL Admin Detail.dc.html;SAQEEL Admin Extended.dc.html;SAQEEL Admin Form Builder.dc.html;SAQEEL Admin Workflow Builder.dc.html;SAQEEL Admin Lookups.dc.html;SAQEEL KPI Management.dc.html;SAQEEL Dashboard Config.dc.html,CR-001..CR-478,WA-M9-AC-001..006,Preserve current navigation=DEEP_LINK_OR_ALIAS; breadcrumb=TO_VERIFY_IN_RUNTIME; states=loading;error;not-found,services=@/components/Shell;@/lib/supabase-server; tables/views=compliance_entity_versions;inspection_item_versions;inspection_items;package_version_item_snapshots;violation_codes; RPCs=none statically detected; workflow/audit/version=VERSION;IMMUTABLE,inspector,apps/web/e2e/cd-006-011-backend-completion.spec.ts;apps/web/e2e/cd-007-items.spec.ts;apps/web/e2e/compliance-library-evidence.spec.ts;apps/web/e2e/compliance-library.spec.ts;apps/web/e2e/cd-006-admin-backend-foundation.spec.ts;apps/web/e2e/neutral-error-sweep.spec.ts,functional parity;negative paths;RLS/RBAC;audit/versioning;visual diff;Arabic/RTL;accessibility;responsive;performance;cross-module regression,FEATURE_FLAG_OR_GUARDED_PREVIEW_REQUIRED,UNCERTAINTY_OR_TEST_GAP_REQUIRES_CONTROLLED_EXPOSURE,Canonical route cutover only after all acceptance gates pass and Product Owner approval is recorded,Restore retained pre-replacement implementation or switch server-evaluated flag; no destructive database rollback,RETAIN_UNTIL_STABILIZATION_AND_PRODUCT_OWNER_REMOVAL_APPROVAL,PLANNED_NOT_IMPLEMENTED
WA-MIG-020,/admin/localization,apps/web/src/app/(app)/admin/localization/page.tsx,M9,SAQEEL Admin.dc.html;SAQEEL Admin Detail.dc.html;SAQEEL Admin Extended.dc.html;SAQEEL Admin Form Builder.dc.html;SAQEEL Admin Workflow Builder.dc.html;SAQEEL Admin Lookups.dc.html;SAQEEL KPI Management.dc.html;SAQEEL Dashboard Config.dc.html,CR-001..CR-478,WA-M9-AC-001..006,Preserve current navigation=DIRECT; breadcrumb=TO_VERIFY_IN_RUNTIME; states=loading;empty;error;not-found,services=@/components/EmptyState;@/components/Shell;@/lib/i18n;@/lib/i18n-sync;@/lib/neutral-error;@/lib/supabase-server;@/lib/verified-user; tables/views=ui_string_revisions;ui_strings; RPCs=none statically detected; workflow/audit/version=WORKFLOW;AUDIT;VERSION,compliance_admin;security_admin;workflow_admin,TEST_GAP_REQUIRES_PACKAGE_FOCUSED_SPEC,functional parity;negative paths;RLS/RBAC;audit/versioning;visual diff;Arabic/RTL;accessibility;responsive;performance;cross-module regression,FEATURE_FLAG_OR_GUARDED_PREVIEW_REQUIRED,UNCERTAINTY_OR_TEST_GAP_REQUIRES_CONTROLLED_EXPOSURE,Canonical route cutover only after all acceptance gates pass and Product Owner approval is recorded,Restore retained pre-replacement implementation or switch server-evaluated flag; no destructive database rollback,RETAIN_UNTIL_STABILIZATION_AND_PRODUCT_OWNER_REMOVAL_APPROVAL,PLANNED_NOT_IMPLEMENTED
WA-MIG-021,/admin/notifications,apps/web/src/app/(app)/admin/notifications/page.tsx,M9,SAQEEL Admin.dc.html;SAQEEL Admin Detail.dc.html;SAQEEL Admin Extended.dc.html;SAQEEL Admin Form Builder.dc.html;SAQEEL Admin Workflow Builder.dc.html;SAQEEL Admin Lookups.dc.html;SAQEEL KPI Management.dc.html;SAQEEL Dashboard Config.dc.html,CR-001..CR-478,WA-M9-AC-001..006,Preserve current navigation=DIRECT; breadcrumb=TO_VERIFY_IN_RUNTIME; states=loading;empty;error;degraded;not-found,services=@/components/EmptyState;@/components/RouteLoading;@/components/Shell;@/lib/i18n;@/lib/neutral-error;@/lib/notify;@/lib/persona;@/lib/supabase-server;@/lib/verified-user;@/lib/workflow/notifications; tables/views=notification_rules;roles; RPCs=deactivate_notification_rule;publish_notification_rule; workflow/audit/version=WORKFLOW;VERSION,compliance_admin;form_admin;gis_admin;risk_owner;security_admin;workflow_admin,TEST_GAP_REQUIRES_PACKAGE_FOCUSED_SPEC,functional parity;negative paths;RLS/RBAC;audit/versioning;visual diff;Arabic/RTL;accessibility;responsive;performance;cross-module regression,FEATURE_FLAG_OR_GUARDED_PREVIEW_REQUIRED,UNCERTAINTY_OR_TEST_GAP_REQUIRES_CONTROLLED_EXPOSURE,Canonical route cutover only after all acceptance gates pass and Product Owner approval is recorded,Restore retained pre-replacement implementation or switch server-evaluated flag; no destructive database rollback,RETAIN_UNTIL_STABILIZATION_AND_PRODUCT_OWNER_REMOVAL_APPROVAL,PLANNED_NOT_IMPLEMENTED
WA-MIG-022,/admin/operations,apps/web/src/app/(app)/admin/operations/page.tsx,M10,SAQEEL Admin Integrations.dc.html;SAQEEL Admin Integrations Data.dc.html;SAQEEL Admin Geofence.dc.html;SAQEEL Admin SENAI Data.dc.html;SAQEEL Admin Execution.dc.html;SAQEEL Admin Virtual Premium.dc.html;SAQEEL Control Panel.dc.html,CR-001..CR-478,WA-M10-AC-001..006,Preserve current navigation=DIRECT; breadcrumb=TO_VERIFY_IN_RUNTIME; states=loading;error,services=@/components/Mvp3ActionForm;@/components/RouteLoading;@/components/Shell;@/lib/i18n;@/lib/supabase-server; tables/views=mvp3_error_queue;mvp3_feature_flags;mvp3_integration_endpoints; RPCs=none statically detected; workflow/audit/version=VERSION,AUTHENTICATED_ROUTE_GROUP,apps/web/e2e/mvp3-retrofit-regression.spec.ts;apps/web/e2e/mvp3-enterprise-contract.spec.ts,functional parity;negative paths;RLS/RBAC;audit/versioning;visual diff;Arabic/RTL;accessibility;responsive;performance;cross-module regression,DIRECT_REPLACEMENT_AFTER_CERTIFICATION,,Canonical route cutover only after all acceptance gates pass and Product Owner approval is recorded,Restore retained pre-replacement implementation or switch server-evaluated flag; no destructive database rollback,RETAIN_UNTIL_STABILIZATION_AND_PRODUCT_OWNER_REMOVAL_APPROVAL,PLANNED_NOT_IMPLEMENTED
WA-MIG-023,/admin/packages,apps/web/src/app/(app)/admin/packages/page.tsx,M9,SAQEEL Admin.dc.html;SAQEEL Admin Detail.dc.html;SAQEEL Admin Extended.dc.html;SAQEEL Admin Form Builder.dc.html;SAQEEL Admin Workflow Builder.dc.html;SAQEEL Admin Lookups.dc.html;SAQEEL KPI Management.dc.html;SAQEEL Dashboard Config.dc.html,CR-001..CR-478,WA-M9-AC-001..006,Preserve current navigation=DIRECT; breadcrumb=TO_VERIFY_IN_RUNTIME; states=loading;empty;error;stale;not-found,services=@/components/AdminRouteBoundary;@/components/Shell;@/components/Skeleton;@/lib/admin-configuration;@/lib/dates;@/lib/i18n;@/lib/neutral-error;@/lib/supabase-server; tables/views=configuration_templates;inspection_items;package_versions;packages;penalty_mappings;user_roles;violation_codes; RPCs=package_version_impact;publish_package_version; workflow/audit/version=VERSION;IMMUTABLE,compliance_admin;form_admin;inspector,apps/web/e2e/cd-006-011-backend-completion.spec.ts;apps/web/e2e/cd-008-009-packages.spec.ts;apps/web/e2e/cd-004-admin-control-plane-home.spec.ts;apps/web/e2e/mvp3-enterprise-contract.spec.ts;apps/web/e2e/cd-006-admin-backend-foundation.spec.ts;apps/web/e2e/neutral-error-sweep.spec.ts,functional parity;negative paths;RLS/RBAC;audit/versioning;visual diff;Arabic/RTL;accessibility;responsive;performance;cross-module regression,FEATURE_FLAG_OR_GUARDED_PREVIEW_REQUIRED,UNCERTAINTY_OR_TEST_GAP_REQUIRES_CONTROLLED_EXPOSURE,Canonical route cutover only after all acceptance gates pass and Product Owner approval is recorded,Restore retained pre-replacement implementation or switch server-evaluated flag; no destructive database rollback,RETAIN_UNTIL_STABILIZATION_AND_PRODUCT_OWNER_REMOVAL_APPROVAL,PLANNED_NOT_IMPLEMENTED
WA-MIG-024,/admin/planning/expiry,apps/web/src/app/(app)/admin/planning/expiry/page.tsx,M9,SAQEEL Admin.dc.html;SAQEEL Admin Detail.dc.html;SAQEEL Admin Extended.dc.html;SAQEEL Admin Form Builder.dc.html;SAQEEL Admin Workflow Builder.dc.html;SAQEEL Admin Lookups.dc.html;SAQEEL KPI Management.dc.html;SAQEEL Dashboard Config.dc.html,CR-001..CR-478,WA-M9-AC-001..006,Preserve current navigation=DIRECT; breadcrumb=TO_VERIFY_IN_RUNTIME; states=error,services=@/components/Shell;@/lib/i18n;@/lib/neutral-error;@/lib/supabase-server;@/lib/verified-user; tables/views=planning_expiry_rules; RPCs=has_planning_capability; workflow/audit/version=AUDIT;VERSION,inspector,apps/web/e2e/cd-044-admin-planning.spec.ts,functional parity;negative paths;RLS/RBAC;audit/versioning;visual diff;Arabic/RTL;accessibility;responsive;performance;cross-module regression,DIRECT_REPLACEMENT_AFTER_CERTIFICATION,,Canonical route cutover only after all acceptance gates pass and Product Owner approval is recorded,Restore retained pre-replacement implementation or switch server-evaluated flag; no destructive database rollback,RETAIN_UNTIL_STABILIZATION_AND_PRODUCT_OWNER_REMOVAL_APPROVAL,PLANNED_NOT_IMPLEMENTED
WA-MIG-025,/admin/planning/lookups,apps/web/src/app/(app)/admin/planning/lookups/page.tsx,M9,SAQEEL Admin.dc.html;SAQEEL Admin Detail.dc.html;SAQEEL Admin Extended.dc.html;SAQEEL Admin Form Builder.dc.html;SAQEEL Admin Workflow Builder.dc.html;SAQEEL Admin Lookups.dc.html;SAQEEL KPI Management.dc.html;SAQEEL Dashboard Config.dc.html,CR-001..CR-478,WA-M9-AC-001..006,Preserve current navigation=DIRECT; breadcrumb=TO_VERIFY_IN_RUNTIME; states=empty;error,services=@/components/Shell;@/lib/i18n;@/lib/neutral-error;@/lib/supabase-server;@/lib/verified-user; tables/views=planning_lookups; RPCs=has_planning_capability; workflow/audit/version=AUDIT,AUTHENTICATED_ROUTE_GROUP,apps/web/e2e/cd-044-admin-planning.spec.ts,functional parity;negative paths;RLS/RBAC;audit/versioning;visual diff;Arabic/RTL;accessibility;responsive;performance;cross-module regression,DIRECT_REPLACEMENT_AFTER_CERTIFICATION,,Canonical route cutover only after all acceptance gates pass and Product Owner approval is recorded,Restore retained pre-replacement implementation or switch server-evaluated flag; no destructive database rollback,RETAIN_UNTIL_STABILIZATION_AND_PRODUCT_OWNER_REMOVAL_APPROVAL,PLANNED_NOT_IMPLEMENTED
WA-MIG-026,/admin/planning/status,apps/web/src/app/(app)/admin/planning/status/page.tsx,M9,SAQEEL Admin.dc.html;SAQEEL Admin Detail.dc.html;SAQEEL Admin Extended.dc.html;SAQEEL Admin Form Builder.dc.html;SAQEEL Admin Workflow Builder.dc.html;SAQEEL Admin Lookups.dc.html;SAQEEL KPI Management.dc.html;SAQEEL Dashboard Config.dc.html,CR-001..CR-478,WA-M9-AC-001..006,Preserve current navigation=DIRECT; breadcrumb=TO_VERIFY_IN_RUNTIME; states=error,services=@/components/Shell;@/lib/i18n;@/lib/neutral-error;@/lib/supabase-server; tables/views=config_versions; RPCs=none statically detected; workflow/audit/version=WORKFLOW;VERSION,inspector;planner,apps/web/e2e/cd-045-downstream-contract.spec.ts;apps/web/e2e/cd-044-admin-planning.spec.ts,functional parity;negative paths;RLS/RBAC;audit/versioning;visual diff;Arabic/RTL;accessibility;responsive;performance;cross-module regression,DIRECT_REPLACEMENT_AFTER_CERTIFICATION,,Canonical route cutover only after all acceptance gates pass and Product Owner approval is recorded,Restore retained pre-replacement implementation or switch server-evaluated flag; no destructive database rollback,RETAIN_UNTIL_STABILIZATION_AND_PRODUCT_OWNER_REMOVAL_APPROVAL,PLANNED_NOT_IMPLEMENTED
WA-MIG-027,/admin/regulations,apps/web/src/app/(app)/admin/regulations/page.tsx,M6,SAQEEL Compliance Requests.dc.html;SAQEEL Enforcement.dc.html;SAQEEL Committee.dc.html;SAQEEL Risk.dc.html,CR-449..CR-478,WA-M6-AC-001..006,Preserve current navigation=DIRECT; breadcrumb=TO_VERIFY_IN_RUNTIME; states=loading;empty;error;degraded;stale;not-found,services=@/components/AdminRouteBoundary;@/components/EmptyState;@/components/Shell;@/components/Skeleton;@/lib/admin-configuration;@/lib/i18n;@/lib/neutral-error;@/lib/supabase-server; tables/views=profiles;regulation-documents;regulation_attachments;regulation_clauses;regulations;user_roles; RPCs=admin_configuration_audit;publish_regulation; workflow/audit/version=AUDIT;VERSION;IMMUTABLE,compliance_admin;form_admin;ops;planner;reviewer;security_admin,apps/web/e2e/platform-design-system-contract.spec.ts;apps/web/e2e/cd-006-011-backend-completion.spec.ts;apps/web/e2e/ui-compliance-runtime.spec.ts;apps/web/e2e/mvp3-retrofit-regression.spec.ts;apps/web/e2e/shell-navigation.spec.ts;apps/web/e2e/cd-004-admin-control-plane-home.spec.ts;apps/web/e2e/cd-005-006-regulations.spec.ts;apps/web/e2e/compliance-library.spec.ts;apps/web/e2e/cd-006-admin-backend-foundation.spec.ts;apps/web/e2e/cd-006-regulation-publish-provenance.spec.ts,functional parity;negative paths;RLS/RBAC;audit/versioning;visual diff;Arabic/RTL;accessibility;responsive;performance;cross-module regression,FEATURE_FLAG_OR_GUARDED_PREVIEW_REQUIRED,UNCERTAINTY_OR_TEST_GAP_REQUIRES_CONTROLLED_EXPOSURE,Canonical route cutover only after all acceptance gates pass and Product Owner approval is recorded,Restore retained pre-replacement implementation or switch server-evaluated flag; no destructive database rollback,RETAIN_UNTIL_STABILIZATION_AND_PRODUCT_OWNER_REMOVAL_APPROVAL,PLANNED_NOT_IMPLEMENTED
WA-MIG-028,/admin/regulations/:id,apps/web/src/app/(app)/admin/regulations/[id]/page.tsx,M6,SAQEEL Compliance Requests.dc.html;SAQEEL Enforcement.dc.html;SAQEEL Committee.dc.html;SAQEEL Risk.dc.html,CR-449..CR-478,WA-M6-AC-001..006,Preserve current navigation=DEEP_LINK_OR_ALIAS; breadcrumb=TO_VERIFY_IN_RUNTIME; states=runtime discovery required,services=none statically detected; tables/views=none statically detected; RPCs=none statically detected; workflow/audit/version=runtime verification required,AUTHENTICATED_ROUTE_GROUP,apps/web/e2e/platform-design-system-contract.spec.ts;apps/web/e2e/cd-006-011-backend-completion.spec.ts;apps/web/e2e/ui-compliance-runtime.spec.ts;apps/web/e2e/mvp3-retrofit-regression.spec.ts;apps/web/e2e/shell-navigation.spec.ts;apps/web/e2e/cd-004-admin-control-plane-home.spec.ts;apps/web/e2e/cd-005-006-regulations.spec.ts;apps/web/e2e/compliance-library.spec.ts;apps/web/e2e/cd-006-admin-backend-foundation.spec.ts;apps/web/e2e/cd-006-regulation-publish-provenance.spec.ts,functional parity;negative paths;RLS/RBAC;audit/versioning;visual diff;Arabic/RTL;accessibility;responsive;performance;cross-module regression,DIRECT_REPLACEMENT_AFTER_CERTIFICATION,,Canonical route cutover only after all acceptance gates pass and Product Owner approval is recorded,Restore retained pre-replacement implementation or switch server-evaluated flag; no destructive database rollback,RETAIN_UNTIL_STABILIZATION_AND_PRODUCT_OWNER_REMOVAL_APPROVAL,PLANNED_NOT_IMPLEMENTED
WA-MIG-029,/admin/risk,apps/web/src/app/(app)/admin/risk/page.tsx,M6,SAQEEL Compliance Requests.dc.html;SAQEEL Enforcement.dc.html;SAQEEL Committee.dc.html;SAQEEL Risk.dc.html,CR-449..CR-478,WA-M6-AC-001..006,Preserve current navigation=DIRECT; breadcrumb=TO_VERIFY_IN_RUNTIME; states=loading;empty;error,services=@/components/EmptyState;@/components/NotYetBoundary;@/components/RouteLoading;@/components/Shell;@/lib/i18n;@/lib/neutral-error;@/lib/supabase-server; tables/views=engine_settings; RPCs=none statically detected; workflow/audit/version=AUDIT;VERSION;IMMUTABLE,risk_owner,apps/web/e2e/mvp3-retrofit-regression.spec.ts;apps/web/e2e/cd-004-admin-control-plane-home.spec.ts;apps/web/e2e/mvp2-modules-live.spec.ts;apps/web/e2e/mvp2-modules-rls-negative.spec.ts;apps/web/e2e/mvp3-enterprise-contract.spec.ts,functional parity;negative paths;RLS/RBAC;audit/versioning;visual diff;Arabic/RTL;accessibility;responsive;performance;cross-module regression,FEATURE_FLAG_OR_GUARDED_PREVIEW_REQUIRED,UNCERTAINTY_OR_TEST_GAP_REQUIRES_CONTROLLED_EXPOSURE,Canonical route cutover only after all acceptance gates pass and Product Owner approval is recorded,Restore retained pre-replacement implementation or switch server-evaluated flag; no destructive database rollback,RETAIN_UNTIL_STABILIZATION_AND_PRODUCT_OWNER_REMOVAL_APPROVAL,PLANNED_NOT_IMPLEMENTED
WA-MIG-030,/admin/risk/models,apps/web/src/app/(app)/admin/risk/models/page.tsx,M6,SAQEEL Compliance Requests.dc.html;SAQEEL Enforcement.dc.html;SAQEEL Committee.dc.html;SAQEEL Risk.dc.html,CR-449..CR-478,WA-M6-AC-001..006,Preserve current navigation=DEEP_LINK_OR_ALIAS; breadcrumb=TO_VERIFY_IN_RUNTIME; states=loading;empty;error,services=@/components/EmptyState;@/components/NotYetBoundary;@/components/RouteLoading;@/components/Shell;@/lib/i18n;@/lib/neutral-error;@/lib/providers/env-gate;@/lib/risk/model;@/lib/supabase-server;@/lib/verified-user; tables/views=risk_models; RPCs=risk_model_transition; workflow/audit/version=VERSION;IMMUTABLE,risk_owner,apps/web/e2e/mvp2-modules-live.spec.ts;apps/web/e2e/mvp2-modules-rls-negative.spec.ts,functional parity;negative paths;RLS/RBAC;audit/versioning;visual diff;Arabic/RTL;accessibility;responsive;performance;cross-module regression,FEATURE_FLAG_OR_GUARDED_PREVIEW_REQUIRED,UNCERTAINTY_OR_TEST_GAP_REQUIRES_CONTROLLED_EXPOSURE,Canonical route cutover only after all acceptance gates pass and Product Owner approval is recorded,Restore retained pre-replacement implementation or switch server-evaluated flag; no destructive database rollback,RETAIN_UNTIL_STABILIZATION_AND_PRODUCT_OWNER_REMOVAL_APPROVAL,PLANNED_NOT_IMPLEMENTED
WA-MIG-031,/admin/security-access,apps/web/src/app/(app)/admin/security-access/page.tsx,M8,SAQEEL Users Roles.dc.html;SAQEEL Admin Role Override.dc.html,CR-001..CR-478,WA-M8-AC-001..006,Preserve current navigation=DIRECT; breadcrumb=TO_VERIFY_IN_RUNTIME; states=loading;error,services=@/components/Mvp3ActionForm;@/components/RouteLoading;@/components/Shell;@/lib/i18n;@/lib/supabase-server; tables/views=mvp3_access_reviews;mvp3_evidence_access_grants;user_roles; RPCs=none statically detected; workflow/audit/version=runtime verification required,AUTHENTICATED_ROUTE_GROUP,apps/web/e2e/mvp3-retrofit-regression.spec.ts;apps/web/e2e/mvp3-enterprise-contract.spec.ts,functional parity;negative paths;RLS/RBAC;audit/versioning;visual diff;Arabic/RTL;accessibility;responsive;performance;cross-module regression,DIRECT_REPLACEMENT_AFTER_CERTIFICATION,,Canonical route cutover only after all acceptance gates pass and Product Owner approval is recorded,Restore retained pre-replacement implementation or switch server-evaluated flag; no destructive database rollback,RETAIN_UNTIL_STABILIZATION_AND_PRODUCT_OWNER_REMOVAL_APPROVAL,PLANNED_NOT_IMPLEMENTED
WA-MIG-032,/admin/violations,apps/web/src/app/(app)/admin/violations/page.tsx,M6,SAQEEL Compliance Requests.dc.html;SAQEEL Enforcement.dc.html;SAQEEL Committee.dc.html;SAQEEL Risk.dc.html,CR-449..CR-478,WA-M6-AC-001..006,Preserve current navigation=DIRECT; breadcrumb=TO_VERIFY_IN_RUNTIME; states=loading;empty;error;degraded;stale,services=@/components/AdminRouteBoundary;@/components/EmptyState;@/components/Shell;@/components/Skeleton;@/lib/admin-configuration;@/lib/i18n;@/lib/neutral-error;@/lib/supabase-server; tables/views=configuration_templates;inspection_items;penalty_mappings;regulation_clauses;user_roles;violation_codes; RPCs=admin_configuration_audit;publish_penalty_mapping;publish_violation_code;violation_code_usage; workflow/audit/version=AUDIT;VERSION;IMMUTABLE,compliance_admin;form_admin;inspector;reviewer,apps/web/e2e/cd-006-011-backend-completion.spec.ts;apps/web/e2e/shell-navigation.spec.ts;apps/web/e2e/cd-004-admin-control-plane-home.spec.ts;apps/web/e2e/cd-010-011-violations.spec.ts;apps/web/e2e/cd-006-admin-backend-foundation.spec.ts;apps/web/e2e/neutral-error-sweep.spec.ts,functional parity;negative paths;RLS/RBAC;audit/versioning;visual diff;Arabic/RTL;accessibility;responsive;performance;cross-module regression,FEATURE_FLAG_OR_GUARDED_PREVIEW_REQUIRED,UNCERTAINTY_OR_TEST_GAP_REQUIRES_CONTROLLED_EXPOSURE,Canonical route cutover only after all acceptance gates pass and Product Owner approval is recorded,Restore retained pre-replacement implementation or switch server-evaluated flag; no destructive database rollback,RETAIN_UNTIL_STABILIZATION_AND_PRODUCT_OWNER_REMOVAL_APPROVAL,PLANNED_NOT_IMPLEMENTED
WA-MIG-033,/admin/workflows,apps/web/src/app/(app)/admin/workflows/page.tsx,M9,SAQEEL Admin.dc.html;SAQEEL Admin Detail.dc.html;SAQEEL Admin Extended.dc.html;SAQEEL Admin Form Builder.dc.html;SAQEEL Admin Workflow Builder.dc.html;SAQEEL Admin Lookups.dc.html;SAQEEL KPI Management.dc.html;SAQEEL Dashboard Config.dc.html,CR-001..CR-478,WA-M9-AC-001..006,Preserve current navigation=DIRECT; breadcrumb=TO_VERIFY_IN_RUNTIME; states=loading;empty;error;unauthorized;conflict;stale;not-found,services=@/components/EmptyState;@/components/NotYetBoundary;@/components/RouteLoading;@/components/Shell;@/lib/i18n;@/lib/neutral-error;@/lib/providers/env-gate;@/lib/supabase-server;@/lib/verified-user;@/lib/workflow/events;@/lib/workflow/governed-transition;@/lib/workflow/normalize;@/lib/workflow/outbox;@/lib/workflow/sla;@/lib/workflow/tasks;@/lib/workflow/validate; tables/views=audit_events;config_versions;profiles;sla_timers;user_roles;workflow_task_assignments; RPCs=none statically detected; workflow/audit/version=WORKFLOW;AUDIT;VERSION;IMMUTABLE,inspector,apps/web/e2e/mvp3-retrofit-regression.spec.ts;apps/web/e2e/cd-044-admin-planning.spec.ts;apps/web/e2e/cd-004-admin-control-plane-home.spec.ts;apps/web/e2e/mvp3-enterprise-contract.spec.ts;apps/web/e2e/neutral-error-sweep.spec.ts,functional parity;negative paths;RLS/RBAC;audit/versioning;visual diff;Arabic/RTL;accessibility;responsive;performance;cross-module regression,DIRECT_REPLACEMENT_AFTER_CERTIFICATION,,Canonical route cutover only after all acceptance gates pass and Product Owner approval is recorded,Restore retained pre-replacement implementation or switch server-evaluated flag; no destructive database rollback,RETAIN_UNTIL_STABILIZATION_AND_PRODUCT_OWNER_REMOVAL_APPROVAL,PLANNED_NOT_IMPLEMENTED
WA-MIG-034,/ai/suggestions,apps/web/src/app/(app)/ai/suggestions/page.tsx,M7,SAQEEL Inspection Report.dc.html;SAQEEL Evidence OCR.dc.html;SAQEEL AI Studio.dc.html;SAQEEL Incident Reports.dc.html,CR-001..CR-478,WA-M7-AC-001..006,Preserve current navigation=DIRECT; breadcrumb=TO_VERIFY_IN_RUNTIME; states=loading;empty;error,services=@/components/EmptyState;@/components/NotYetBoundary;@/components/RouteLoading;@/components/Shell;@/lib/ai/suggestions;@/lib/i18n;@/lib/neutral-error;@/lib/providers/ai-gemini;@/lib/providers/env-gate;@/lib/supabase-server;@/lib/verified-user; tables/views=ai_events;ai_suggestions; RPCs=none statically detected; workflow/audit/version=runtime verification required,AUTHENTICATED_ROUTE_GROUP,apps/web/e2e/ai-delta-contract.spec.ts;apps/web/e2e/performance-navigation.spec.ts;apps/web/e2e/shell-navigation.spec.ts;apps/web/e2e/compliance-shared-shell.spec.ts;apps/web/e2e/mvp2-m2-11-ai.spec.ts;apps/web/e2e/mvp2-modules-live.spec.ts;apps/web/e2e/mvp3-enterprise-contract.spec.ts,functional parity;negative paths;RLS/RBAC;audit/versioning;visual diff;Arabic/RTL;accessibility;responsive;performance;cross-module regression,FEATURE_FLAG_OR_GUARDED_PREVIEW_REQUIRED,UNCERTAINTY_OR_TEST_GAP_REQUIRES_CONTROLLED_EXPOSURE,Canonical route cutover only after all acceptance gates pass and Product Owner approval is recorded,Restore retained pre-replacement implementation or switch server-evaluated flag; no destructive database rollback,RETAIN_UNTIL_STABILIZATION_AND_PRODUCT_OWNER_REMOVAL_APPROVAL,PLANNED_NOT_IMPLEMENTED
WA-MIG-035,/cases,apps/web/src/app/(app)/cases/page.tsx,M5,SAQEEL Review & Approval.dc.html;SAQEEL Cases.dc.html;SAQEEL Tasks.dc.html,CR-357..CR-409,WA-M5-AC-001..006,Preserve current navigation=DEEP_LINK_OR_ALIAS; breadcrumb=TO_VERIFY_IN_RUNTIME; states=loading;empty;error,services=@/components/EmptyState;@/components/NotYetBoundary;@/components/RouteLoading;@/components/Shell;@/lib/cases/spine;@/lib/i18n;@/lib/neutral-error;@/lib/providers/env-gate;@/lib/supabase-server;@/lib/verified-user; tables/views=cases;factories; RPCs=none statically detected; workflow/audit/version=runtime verification required,reviewer,apps/web/e2e/mvp2-m2-10-cases.spec.ts;apps/web/e2e/mvp2-modules-live.spec.ts;apps/web/e2e/mvp2-modules-rls-negative.spec.ts,functional parity;negative paths;RLS/RBAC;audit/versioning;visual diff;Arabic/RTL;accessibility;responsive;performance;cross-module regression,DIRECT_REPLACEMENT_AFTER_CERTIFICATION,,Canonical route cutover only after all acceptance gates pass and Product Owner approval is recorded,Restore retained pre-replacement implementation or switch server-evaluated flag; no destructive database rollback,RETAIN_UNTIL_STABILIZATION_AND_PRODUCT_OWNER_REMOVAL_APPROVAL,PLANNED_NOT_IMPLEMENTED
WA-MIG-036,/committee,apps/web/src/app/(app)/committee/page.tsx,M6,SAQEEL Compliance Requests.dc.html;SAQEEL Enforcement.dc.html;SAQEEL Committee.dc.html;SAQEEL Risk.dc.html,CR-449..CR-478,WA-M6-AC-001..006,Preserve current navigation=DEEP_LINK_OR_ALIAS; breadcrumb=TO_VERIFY_IN_RUNTIME; states=loading;empty;error,services=@/components/EmptyState;@/components/NotYetBoundary;@/components/RouteLoading;@/components/Shell;@/lib/committee/signature;@/lib/i18n;@/lib/neutral-error;@/lib/providers/env-gate;@/lib/providers/signature-docusign;@/lib/supabase-server;@/lib/verified-user; tables/views=report_verifications;signature_acts; RPCs=none statically detected; workflow/audit/version=runtime verification required,AUTHENTICATED_ROUTE_GROUP,apps/web/e2e/mvp2-m2-12-signature.spec.ts;apps/web/e2e/mvp2-modules-live.spec.ts;apps/web/e2e/mvp3-enterprise-contract.spec.ts,functional parity;negative paths;RLS/RBAC;audit/versioning;visual diff;Arabic/RTL;accessibility;responsive;performance;cross-module regression,FEATURE_FLAG_OR_GUARDED_PREVIEW_REQUIRED,UNCERTAINTY_OR_TEST_GAP_REQUIRES_CONTROLLED_EXPOSURE,Canonical route cutover only after all acceptance gates pass and Product Owner approval is recorded,Restore retained pre-replacement implementation or switch server-evaluated flag; no destructive database rollback,RETAIN_UNTIL_STABILIZATION_AND_PRODUCT_OWNER_REMOVAL_APPROVAL,PLANNED_NOT_IMPLEMENTED
WA-MIG-037,/dashboard,apps/web/src/app/(app)/dashboard/page.tsx,M1,SAQEEL Executive Overview.html;SAQEEL Web Dashboard.dc.html,CR-001..CR-478,WA-M1-AC-001..006,Preserve current navigation=DIRECT; breadcrumb=TO_VERIFY_IN_RUNTIME; states=loading;empty;error;stale,services=@/components/EmptyState;@/components/GeoMap;@/components/Shell;@/lib/dashboard-kpi/checklist-compliance;@/lib/dashboard-kpi/contract;@/lib/dashboard-kpi/registry;@/lib/i18n;@/lib/shell-navigation;@/lib/supabase-server;@/lib/verified-user; tables/views=audit_events;checklist_responses;engine_settings;factories;geo_events;inspections;reviews;user_roles;violations;visits; RPCs=none statically detected; workflow/audit/version=WORKFLOW;AUDIT;VERSION;IMMUTABLE,inspector;planner,apps/web/e2e/dashboard-business.spec.ts;apps/web/e2e/field-dashboard-presentation.spec.ts;apps/web/e2e/cd-045-downstream-contract.spec.ts;apps/web/e2e/performance-pass4-contract.spec.ts;apps/web/e2e/dashboard-kpi-seed.spec.ts;apps/web/e2e/dashboard-kpi-contract.spec.ts;apps/web/e2e/performance-navigation.spec.ts;apps/web/e2e/shell-navigation.spec.ts;apps/web/e2e/compliance-shared-shell.spec.ts;apps/web/e2e/execution-crossmodule-contract.spec.ts;apps/web/e2e/design-foundation-contract.spec.ts;apps/web/e2e/performance-visual-evidence.spec.ts;apps/web/e2e/mvp3-enterprise-contract.spec.ts;apps/web/e2e/personas.ts,functional parity;negative paths;RLS/RBAC;audit/versioning;visual diff;Arabic/RTL;accessibility;responsive;performance;cross-module regression,FEATURE_FLAG_OR_GUARDED_PREVIEW_REQUIRED,UNCERTAINTY_OR_TEST_GAP_REQUIRES_CONTROLLED_EXPOSURE,Canonical route cutover only after all acceptance gates pass and Product Owner approval is recorded,Restore retained pre-replacement implementation or switch server-evaluated flag; no destructive database rollback,RETAIN_UNTIL_STABILIZATION_AND_PRODUCT_OWNER_REMOVAL_APPROVAL,PLANNED_NOT_IMPLEMENTED
WA-MIG-038,/enforcement,apps/web/src/app/(app)/enforcement/page.tsx,M6,SAQEEL Compliance Requests.dc.html;SAQEEL Enforcement.dc.html;SAQEEL Committee.dc.html;SAQEEL Risk.dc.html,CR-449..CR-478,WA-M6-AC-001..006,Preserve current navigation=DIRECT; breadcrumb=TO_VERIFY_IN_RUNTIME; states=loading;empty;error,services=@/components/RouteLoading;@/components/Shell;@/lib/i18n;@/lib/supabase-server; tables/views=cases;objections;violations; RPCs=none statically detected; workflow/audit/version=VERSION,AUTHENTICATED_ROUTE_GROUP,apps/web/e2e/mvp3-retrofit-regression.spec.ts;apps/web/e2e/mvp3-enterprise-contract.spec.ts,functional parity;negative paths;RLS/RBAC;audit/versioning;visual diff;Arabic/RTL;accessibility;responsive;performance;cross-module regression,FEATURE_FLAG_OR_GUARDED_PREVIEW_REQUIRED,UNCERTAINTY_OR_TEST_GAP_REQUIRES_CONTROLLED_EXPOSURE,Canonical route cutover only after all acceptance gates pass and Product Owner approval is recorded,Restore retained pre-replacement implementation or switch server-evaluated flag; no destructive database rollback,RETAIN_UNTIL_STABILIZATION_AND_PRODUCT_OWNER_REMOVAL_APPROVAL,PLANNED_NOT_IMPLEMENTED
WA-MIG-039,/evidence-ocr,apps/web/src/app/(app)/evidence-ocr/page.tsx,M7,SAQEEL Inspection Report.dc.html;SAQEEL Evidence OCR.dc.html;SAQEEL AI Studio.dc.html;SAQEEL Incident Reports.dc.html,CR-001..CR-478,WA-M7-AC-001..006,Preserve current navigation=DEEP_LINK_OR_ALIAS; breadcrumb=TO_VERIFY_IN_RUNTIME; states=loading;empty;error;not-found,services=@/components/EmptyState;@/components/NotYetBoundary;@/components/RouteLoading;@/components/Shell;@/lib/i18n;@/lib/neutral-error;@/lib/providers/env-gate;@/lib/providers/ocr-gemini;@/lib/supabase-server;@/lib/verified-user; tables/views=evidence;ocr_extractions; RPCs=none statically detected; workflow/audit/version=runtime verification required,AUTHENTICATED_ROUTE_GROUP,apps/web/e2e/ocr-journey-contract.spec.ts;apps/web/e2e/factory360-cr-dossier-contract.spec.ts,functional parity;negative paths;RLS/RBAC;audit/versioning;visual diff;Arabic/RTL;accessibility;responsive;performance;cross-module regression,FEATURE_FLAG_OR_GUARDED_PREVIEW_REQUIRED,UNCERTAINTY_OR_TEST_GAP_REQUIRES_CONTROLLED_EXPOSURE,Canonical route cutover only after all acceptance gates pass and Product Owner approval is recorded,Restore retained pre-replacement implementation or switch server-evaluated flag; no destructive database rollback,RETAIN_UNTIL_STABILIZATION_AND_PRODUCT_OWNER_REMOVAL_APPROVAL,PLANNED_NOT_IMPLEMENTED
WA-MIG-040,/factories,apps/web/src/app/(app)/factories/page.tsx,M4,SAQEEL Factories.dc.html;SAQEEL Factory 360.dc.html,CR-410..CR-429,WA-M4-AC-001..006,Preserve current navigation=DIRECT; breadcrumb=TO_VERIFY_IN_RUNTIME; states=loading;empty;error,services=@/components/EmptyState;@/components/Shell;@/components/Skeleton;@/lib/i18n;@/lib/supabase-server; tables/views=factories; RPCs=none statically detected; workflow/audit/version=runtime verification required,AUTHENTICATED_ROUTE_GROUP,apps/web/e2e/ui-compliance-runtime.spec.ts;apps/web/e2e/persona-tours.spec.ts;apps/web/e2e/remaining-requirements-backend.spec.ts;apps/web/e2e/ai-user-journey.spec.ts;apps/web/e2e/ai-delta-contract.spec.ts;apps/web/e2e/cd-021-bulk-targeting.spec.ts;apps/web/e2e/performance-navigation.spec.ts;apps/web/e2e/factory360-cr-dossier-contract.spec.ts;apps/web/e2e/shell-navigation.spec.ts;apps/web/e2e/ui-compliance-contract.spec.ts;apps/web/e2e/cd-022-identity-lens.spec.ts;apps/web/e2e/cd-031-factory-360.spec.ts;apps/web/e2e/cd-025-plan-review-publish.spec.ts;apps/web/e2e/performance-visual-evidence.spec.ts;apps/web/e2e/factory360-ipad-field.spec.ts,functional parity;negative paths;RLS/RBAC;audit/versioning;visual diff;Arabic/RTL;accessibility;responsive;performance;cross-module regression,FEATURE_FLAG_OR_GUARDED_PREVIEW_REQUIRED,UNCERTAINTY_OR_TEST_GAP_REQUIRES_CONTROLLED_EXPOSURE,Canonical route cutover only after all acceptance gates pass and Product Owner approval is recorded,Restore retained pre-replacement implementation or switch server-evaluated flag; no destructive database rollback,RETAIN_UNTIL_STABILIZATION_AND_PRODUCT_OWNER_REMOVAL_APPROVAL,PLANNED_NOT_IMPLEMENTED
WA-MIG-041,/factories/:id,apps/web/src/app/(app)/factories/[id]/page.tsx,M4,SAQEEL Factories.dc.html;SAQEEL Factory 360.dc.html,CR-410..CR-429,WA-M4-AC-001..006,Preserve current navigation=DEEP_LINK_OR_ALIAS; breadcrumb=TO_VERIFY_IN_RUNTIME; states=loading;empty;error;conflict;not-found,services=@/components/ContextualAiPanel;@/components/EmptyState;@/components/GeoMap;@/components/Shell;@/components/Skeleton;@/lib/dates;@/lib/i18n;@/lib/persona;@/lib/supabase-server;@/lib/verified-user; tables/views=evidence;factories;factory_documents;factory_materials;factory_products;factory_representatives;factory_risk_snapshots;geo_events;industrial_licenses;penalty_notices; RPCs=none statically detected; workflow/audit/version=AUDIT;VERSION,compliance_admin;gis_admin;inspector;leadership;ops;planner;reviewer,apps/web/e2e/ui-compliance-runtime.spec.ts;apps/web/e2e/persona-tours.spec.ts;apps/web/e2e/remaining-requirements-backend.spec.ts;apps/web/e2e/ai-user-journey.spec.ts;apps/web/e2e/ai-delta-contract.spec.ts;apps/web/e2e/cd-021-bulk-targeting.spec.ts;apps/web/e2e/performance-navigation.spec.ts;apps/web/e2e/factory360-cr-dossier-contract.spec.ts;apps/web/e2e/shell-navigation.spec.ts;apps/web/e2e/ui-compliance-contract.spec.ts;apps/web/e2e/cd-022-identity-lens.spec.ts;apps/web/e2e/cd-031-factory-360.spec.ts;apps/web/e2e/cd-025-plan-review-publish.spec.ts;apps/web/e2e/performance-visual-evidence.spec.ts;apps/web/e2e/factory360-ipad-field.spec.ts,functional parity;negative paths;RLS/RBAC;audit/versioning;visual diff;Arabic/RTL;accessibility;responsive;performance;cross-module regression,FEATURE_FLAG_OR_GUARDED_PREVIEW_REQUIRED,UNCERTAINTY_OR_TEST_GAP_REQUIRES_CONTROLLED_EXPOSURE,Canonical route cutover only after all acceptance gates pass and Product Owner approval is recorded,Restore retained pre-replacement implementation or switch server-evaluated flag; no destructive database rollback,RETAIN_UNTIL_STABILIZATION_AND_PRODUCT_OWNER_REMOVAL_APPROVAL,PLANNED_NOT_IMPLEMENTED
WA-MIG-042,/factories/cr/:id,apps/web/src/app/(app)/factories/cr/[id]/page.tsx,M4,SAQEEL Factories.dc.html;SAQEEL Factory 360.dc.html,CR-410..CR-429,WA-M4-AC-001..006,Preserve current navigation=DEEP_LINK_OR_ALIAS; breadcrumb=TO_VERIFY_IN_RUNTIME; states=loading;empty;error;degraded;conflict;stale;not-found,services=@/components/ContextualAiPanel;@/components/EmptyState;@/components/Shell;@/lib/factory360/compliance;@/lib/factory360/dossier;@/lib/i18n;@/lib/supabase-server; tables/views=none statically detected; RPCs=none statically detected; workflow/audit/version=VERSION;IMMUTABLE,AUTHENTICATED_ROUTE_GROUP,apps/web/e2e/factory360-cr-dossier-contract.spec.ts;apps/web/e2e/factory360-ipad-field.spec.ts,functional parity;negative paths;RLS/RBAC;audit/versioning;visual diff;Arabic/RTL;accessibility;responsive;performance;cross-module regression,FEATURE_FLAG_OR_GUARDED_PREVIEW_REQUIRED,UNCERTAINTY_OR_TEST_GAP_REQUIRES_CONTROLLED_EXPOSURE,Canonical route cutover only after all acceptance gates pass and Product Owner approval is recorded,Restore retained pre-replacement implementation or switch server-evaluated flag; no destructive database rollback,RETAIN_UNTIL_STABILIZATION_AND_PRODUCT_OWNER_REMOVAL_APPROVAL,PLANNED_NOT_IMPLEMENTED
WA-MIG-043,/incident-reports,apps/web/src/app/(app)/incident-reports/page.tsx,M7,SAQEEL Inspection Report.dc.html;SAQEEL Evidence OCR.dc.html;SAQEEL AI Studio.dc.html;SAQEEL Incident Reports.dc.html,CR-001..CR-478,WA-M7-AC-001..006,Preserve current navigation=DEEP_LINK_OR_ALIAS; breadcrumb=TO_VERIFY_IN_RUNTIME; states=loading;empty;error,services=@/components/EmptyState;@/components/RouteLoading;@/components/Shell;@/lib/i18n;@/lib/neutral-error;@/lib/supabase-server;@/lib/verified-user; tables/views=incident_reports; RPCs=none statically detected; workflow/audit/version=runtime verification required,inspector,TEST_GAP_REQUIRES_PACKAGE_FOCUSED_SPEC,functional parity;negative paths;RLS/RBAC;audit/versioning;visual diff;Arabic/RTL;accessibility;responsive;performance;cross-module regression,FEATURE_FLAG_OR_GUARDED_PREVIEW_REQUIRED,UNCERTAINTY_OR_TEST_GAP_REQUIRES_CONTROLLED_EXPOSURE,Canonical route cutover only after all acceptance gates pass and Product Owner approval is recorded,Restore retained pre-replacement implementation or switch server-evaluated flag; no destructive database rollback,RETAIN_UNTIL_STABILIZATION_AND_PRODUCT_OWNER_REMOVAL_APPROVAL,PLANNED_NOT_IMPLEMENTED
WA-MIG-044,/launch,apps/web/src/app/launch/page.tsx,M11,SAQEEL Login.dc.html;SAQEEL Auth States.dc.html;SAQEEL Portal.dc.html;SAQEEL Profile.dc.html;SAQEEL Virtual.dc.html;SAQEEL Feedback.dc.html,CR-337..CR-356,WA-M11-AC-001..006,Preserve current navigation=DEEP_LINK_OR_ALIAS; breadcrumb=TO_VERIFY_IN_RUNTIME; states=loading;error,services=@/components/AccessState;@/lib/i18n;@/lib/persona;@/lib/role-home;@/lib/supabase-server;@/lib/verified-user; tables/views=none statically detected; RPCs=none statically detected; workflow/audit/version=runtime verification required,ROUTE_LOCAL_OR_PUBLIC,apps/web/e2e/platform-design-system-contract.spec.ts;apps/web/e2e/persona-tours.spec.ts;apps/web/e2e/negative-auth.spec.ts;apps/web/e2e/auth.setup.ts;apps/web/e2e/cd-003-launch.spec.ts;apps/web/e2e/saqeel-login-revamp.spec.ts,functional parity;negative paths;RLS/RBAC;audit/versioning;visual diff;Arabic/RTL;accessibility;responsive;performance;cross-module regression,FEATURE_FLAG_OR_GUARDED_PREVIEW_REQUIRED,UNCERTAINTY_OR_TEST_GAP_REQUIRES_CONTROLLED_EXPOSURE,Canonical route cutover only after all acceptance gates pass and Product Owner approval is recorded,Restore retained pre-replacement implementation or switch server-evaluated flag; no destructive database rollback,RETAIN_UNTIL_STABILIZATION_AND_PRODUCT_OWNER_REMOVAL_APPROVAL,PLANNED_NOT_IMPLEMENTED
WA-MIG-045,/launch/no-workspace,apps/web/src/app/launch/no-workspace/page.tsx,M11,SAQEEL Login.dc.html;SAQEEL Auth States.dc.html;SAQEEL Portal.dc.html;SAQEEL Profile.dc.html;SAQEEL Virtual.dc.html;SAQEEL Feedback.dc.html,CR-337..CR-356,WA-M11-AC-001..006,Preserve current navigation=DEEP_LINK_OR_ALIAS; breadcrumb=TO_VERIFY_IN_RUNTIME; states=runtime discovery required,services=@/components/AccessState;@/lib/i18n;@/lib/supabase-server;@/lib/verified-user; tables/views=none statically detected; RPCs=none statically detected; workflow/audit/version=runtime verification required,ROUTE_LOCAL_OR_PUBLIC,apps/web/e2e/cd-003-launch.spec.ts,functional parity;negative paths;RLS/RBAC;audit/versioning;visual diff;Arabic/RTL;accessibility;responsive;performance;cross-module regression,DIRECT_REPLACEMENT_AFTER_CERTIFICATION,,Canonical route cutover only after all acceptance gates pass and Product Owner approval is recorded,Restore retained pre-replacement implementation or switch server-evaluated flag; no destructive database rollback,RETAIN_UNTIL_STABILIZATION_AND_PRODUCT_OWNER_REMOVAL_APPROVAL,PLANNED_NOT_IMPLEMENTED
WA-MIG-046,/login,apps/web/src/app/login/page.tsx,M11,SAQEEL Login.dc.html;SAQEEL Auth States.dc.html;SAQEEL Portal.dc.html;SAQEEL Profile.dc.html;SAQEEL Virtual.dc.html;SAQEEL Feedback.dc.html,CR-337..CR-356,WA-M11-AC-001..006,Preserve current navigation=DEEP_LINK_OR_ALIAS; breadcrumb=TO_VERIFY_IN_RUNTIME; states=loading;empty;error,services=@/components/ThemeToggle;@/lib/audit;@/lib/ksa-regions;@/lib/role-home;@/lib/supabase; tables/views=user_roles; RPCs=none statically detected; workflow/audit/version=WORKFLOW;AUDIT,inspector,apps/web/e2e/platform-design-system-contract.spec.ts;apps/web/e2e/dashboard-business.spec.ts;apps/web/e2e/cd-001-v7-visual-evidence.spec.ts;apps/web/e2e/saqeel-login-revamp-visual.spec.ts;apps/web/e2e/negative-auth.spec.ts;apps/web/e2e/dashboard-kpi-seed.spec.ts;apps/web/e2e/auth.setup.ts;apps/web/e2e/mvp2-push-webpush.spec.ts;apps/web/e2e/performance-navigation.spec.ts;apps/web/e2e/cd-002-reset.spec.ts;apps/web/e2e/cd-004-admin-control-plane-home.spec.ts;apps/web/e2e/golden-journey.spec.ts;apps/web/e2e/ui-compliance-contract.spec.ts;apps/web/e2e/cd-003-launch.spec.ts;apps/web/e2e/cd-010-011-violations.spec.ts;apps/web/e2e/login-helper.ts;apps/web/e2e/mapbox-provider.spec.ts;apps/web/e2e/design-foundation-contract.spec.ts;apps/web/e2e/cd-025-plan-review-publish.spec.ts;apps/web/e2e/performance-visual-evidence.spec.ts;apps/web/e2e/cd-001-v7-atlas.spec.ts;apps/web/e2e/saqeel-login-revamp.spec.ts;apps/web/e2e/inspector-shell-uplift.spec.ts,functional parity;negative paths;RLS/RBAC;audit/versioning;visual diff;Arabic/RTL;accessibility;responsive;performance;cross-module regression,FEATURE_FLAG_OR_GUARDED_PREVIEW_REQUIRED,UNCERTAINTY_OR_TEST_GAP_REQUIRES_CONTROLLED_EXPOSURE,Canonical route cutover only after all acceptance gates pass and Product Owner approval is recorded,Restore retained pre-replacement implementation or switch server-evaluated flag; no destructive database rollback,RETAIN_UNTIL_STABILIZATION_AND_PRODUCT_OWNER_REMOVAL_APPROVAL,PLANNED_NOT_IMPLEMENTED
WA-MIG-047,/operations,apps/web/src/app/(app)/operations/page.tsx,M3,SAQEEL Operations Center.dc.html;SAQEEL Operations Live.dc.html,CR-430..CR-448,WA-M3-AC-001..006,Preserve current navigation=DIRECT; breadcrumb=TO_VERIFY_IN_RUNTIME; states=loading;empty;error;stale,services=@/components/EmptyState;@/components/GeoMap;@/components/Shell;@/lib/dates;@/lib/execution;@/lib/i18n;@/lib/ksa-regions;@/lib/supabase-pagination;@/lib/supabase-server;@/lib/verified-user; tables/views=action_forms;cancellation_requests;engine_settings;evidence;factories;geo_events;geo_override_requests;inspections;notifications;visits; RPCs=decide_geo_override;expire_stale_geo_override_requests; workflow/audit/version=WORKFLOW;AUDIT;IMMUTABLE,inspector;ops;reviewer,apps/web/e2e/platform-design-system-contract.spec.ts;apps/web/e2e/dashboard-business.spec.ts;apps/web/e2e/cd-045-downstream-contract.spec.ts;apps/web/e2e/mvp2-mapbox-live.spec.ts;apps/web/e2e/mvp3-retrofit-regression.spec.ts;apps/web/e2e/execution-journey-ui-contract.spec.ts;apps/web/e2e/dashboard-kpi-seed.spec.ts;apps/web/e2e/performance-navigation.spec.ts;apps/web/e2e/shell-navigation.spec.ts;apps/web/e2e/execution-crossmodule-contract.spec.ts;apps/web/e2e/mvp2-m2-09-exceptions.spec.ts;apps/web/e2e/mapbox-provider.spec.ts;apps/web/e2e/mvp2-modules-live.spec.ts;apps/web/e2e/mvp3-enterprise-contract.spec.ts;apps/web/e2e/m04-device-eta-override.spec.ts;apps/web/e2e/ipad-gps-policy.spec.ts;apps/web/e2e/execution-submission-contract.spec.ts,functional parity;negative paths;RLS/RBAC;audit/versioning;visual diff;Arabic/RTL;accessibility;responsive;performance;cross-module regression,FEATURE_FLAG_OR_GUARDED_PREVIEW_REQUIRED,UNCERTAINTY_OR_TEST_GAP_REQUIRES_CONTROLLED_EXPOSURE,Canonical route cutover only after all acceptance gates pass and Product Owner approval is recorded,Restore retained pre-replacement implementation or switch server-evaluated flag; no destructive database rollback,RETAIN_UNTIL_STABILIZATION_AND_PRODUCT_OWNER_REMOVAL_APPROVAL,PLANNED_NOT_IMPLEMENTED
WA-MIG-048,/operations/exceptions,apps/web/src/app/(app)/operations/exceptions/page.tsx,M3,SAQEEL Operations Center.dc.html;SAQEEL Operations Live.dc.html,CR-430..CR-448,WA-M3-AC-001..006,Preserve current navigation=DEEP_LINK_OR_ALIAS; breadcrumb=TO_VERIFY_IN_RUNTIME; states=loading;empty,services=@/components/EmptyState;@/components/NotYetBoundary;@/components/RouteLoading;@/components/Shell;@/lib/i18n;@/lib/operations/exceptions;@/lib/providers/env-gate;@/lib/supabase-server; tables/views=cases;risk_exceptions; RPCs=none statically detected; workflow/audit/version=runtime verification required,AUTHENTICATED_ROUTE_GROUP,apps/web/e2e/mvp2-m2-09-exceptions.spec.ts;apps/web/e2e/mvp2-modules-live.spec.ts,functional parity;negative paths;RLS/RBAC;audit/versioning;visual diff;Arabic/RTL;accessibility;responsive;performance;cross-module regression,DIRECT_REPLACEMENT_AFTER_CERTIFICATION,,Canonical route cutover only after all acceptance gates pass and Product Owner approval is recorded,Restore retained pre-replacement implementation or switch server-evaluated flag; no destructive database rollback,RETAIN_UNTIL_STABILIZATION_AND_PRODUCT_OWNER_REMOVAL_APPROVAL,PLANNED_NOT_IMPLEMENTED
WA-MIG-049,/operations/live,apps/web/src/app/(app)/operations/live/page.tsx,M3,SAQEEL Operations Center.dc.html;SAQEEL Operations Live.dc.html,CR-430..CR-448,WA-M3-AC-001..006,Preserve current navigation=DEEP_LINK_OR_ALIAS; breadcrumb=TO_VERIFY_IN_RUNTIME; states=loading;empty;error,services=@/components/EmptyState;@/components/RouteLoading;@/components/Shell;@/lib/i18n;@/lib/ksa-regions;@/lib/map-palette;@/lib/supabase-pagination;@/lib/supabase-server; tables/views=factories;visits; RPCs=none statically detected; workflow/audit/version=runtime verification required,inspector;ops,apps/web/e2e/platform-design-system-contract.spec.ts;apps/web/e2e/mvp2-mapbox-live.spec.ts;apps/web/e2e/dashboard-kpi-seed.spec.ts;apps/web/e2e/shell-navigation.spec.ts;apps/web/e2e/mapbox-provider.spec.ts,functional parity;negative paths;RLS/RBAC;audit/versioning;visual diff;Arabic/RTL;accessibility;responsive;performance;cross-module regression,FEATURE_FLAG_OR_GUARDED_PREVIEW_REQUIRED,UNCERTAINTY_OR_TEST_GAP_REQUIRES_CONTROLLED_EXPOSURE,Canonical route cutover only after all acceptance gates pass and Product Owner approval is recorded,Restore retained pre-replacement implementation or switch server-evaluated flag; no destructive database rollback,RETAIN_UNTIL_STABILIZATION_AND_PRODUCT_OWNER_REMOVAL_APPROVAL,PLANNED_NOT_IMPLEMENTED
WA-MIG-050,/planning,apps/web/src/app/(app)/planning/page.tsx,M2,SAQEEL Planning.dc.html;SAQEEL Planning Identity.dc.html;SAQEEL Visits.dc.html,CR-001..CR-098,WA-M2-AC-001..006,Preserve current navigation=DIRECT; breadcrumb=TO_VERIFY_IN_RUNTIME; states=loading;empty;error;unauthorized;not-found,services=@/components/EmptyState;@/components/RouteLoading;@/components/Shell;@/lib/i18n;@/lib/planning/access;@/lib/planning/lifecycle;@/lib/planning/visit-list;@/lib/supabase-server;@/lib/verified-user; tables/views=assignments;factories;package_versions;planning_lookups;profiles;visit_plans;visits; RPCs=expire_lapsed_visits;has_planning_capability; workflow/audit/version=AUDIT;VERSION,inspector,apps/web/e2e/cd-020-planning-home.spec.ts;apps/web/e2e/ui-compliance-runtime.spec.ts;apps/web/e2e/cd-045-downstream-contract.spec.ts;apps/web/e2e/mvp3-retrofit-regression.spec.ts;apps/web/e2e/persona-tours.spec.ts;apps/web/e2e/cd-044-admin-planning.spec.ts;apps/web/e2e/ai-user-journey.spec.ts;apps/web/e2e/execution-preexecution-ui-contract.spec.ts;apps/web/e2e/ai-delta-contract.spec.ts;apps/web/e2e/cd-021-bulk-targeting.spec.ts;apps/web/e2e/performance-navigation.spec.ts;apps/web/e2e/pln-browser-certification.spec.ts;apps/web/e2e/shell-visual-evidence.spec.ts;apps/web/e2e/shell-navigation.spec.ts;apps/web/e2e/golden-journey.spec.ts;apps/web/e2e/cd-022-identity-lens.spec.ts;apps/web/e2e/cd-026-visit-management.spec.ts;apps/web/e2e/cd-025-plan-review-publish.spec.ts;apps/web/e2e/personas.ts;apps/web/e2e/cd-023-immediate-authority-bar.spec.ts;apps/web/e2e/cd-027-visit-detail.spec.ts,functional parity;negative paths;RLS/RBAC;audit/versioning;visual diff;Arabic/RTL;accessibility;responsive;performance;cross-module regression,FEATURE_FLAG_OR_GUARDED_PREVIEW_REQUIRED,UNCERTAINTY_OR_TEST_GAP_REQUIRES_CONTROLLED_EXPOSURE,Canonical route cutover only after all acceptance gates pass and Product Owner approval is recorded,Restore retained pre-replacement implementation or switch server-evaluated flag; no destructive database rollback,RETAIN_UNTIL_STABILIZATION_AND_PRODUCT_OWNER_REMOVAL_APPROVAL,PLANNED_NOT_IMPLEMENTED
WA-MIG-051,/planning/bulk,apps/web/src/app/(app)/planning/bulk/page.tsx,M2,SAQEEL Planning.dc.html;SAQEEL Planning Identity.dc.html;SAQEEL Visits.dc.html,CR-001..CR-098,WA-M2-AC-001..006,Preserve current navigation=DEEP_LINK_OR_ALIAS; breadcrumb=TO_VERIFY_IN_RUNTIME; states=loading;empty;error;unauthorized;conflict;stale,services=@/components/ContextualAiPanel;@/components/EmptyState;@/components/RouteLoading;@/components/Shell;@/components/WidgetBoundary;@/lib/dates;@/lib/execution;@/lib/i18n;@/lib/planning/access;@/lib/plausible-date;@/lib/supabase-pagination;@/lib/supabase-server;@/lib/verified-user; tables/views=assignments;factories;inspections;package_versions;planning_lookups;profiles;user_roles;violations;visit_packages;visit_plans;visits; RPCs=publish_bulk_plan; workflow/audit/version=AUDIT;VERSION;IMMUTABLE,inspector;ops;planner;reviewer,apps/web/e2e/cd-020-planning-home.spec.ts;apps/web/e2e/cd-045-downstream-contract.spec.ts;apps/web/e2e/persona-tours.spec.ts;apps/web/e2e/ai-user-journey.spec.ts;apps/web/e2e/execution-preexecution-ui-contract.spec.ts;apps/web/e2e/ai-delta-contract.spec.ts;apps/web/e2e/cd-021-bulk-targeting.spec.ts;apps/web/e2e/pln-browser-certification.spec.ts;apps/web/e2e/cd-025-plan-review-publish.spec.ts,functional parity;negative paths;RLS/RBAC;audit/versioning;visual diff;Arabic/RTL;accessibility;responsive;performance;cross-module regression,FEATURE_FLAG_OR_GUARDED_PREVIEW_REQUIRED,UNCERTAINTY_OR_TEST_GAP_REQUIRES_CONTROLLED_EXPOSURE,Canonical route cutover only after all acceptance gates pass and Product Owner approval is recorded,Restore retained pre-replacement implementation or switch server-evaluated flag; no destructive database rollback,RETAIN_UNTIL_STABILIZATION_AND_PRODUCT_OWNER_REMOVAL_APPROVAL,PLANNED_NOT_IMPLEMENTED
WA-MIG-052,/planning/bulk/review,apps/web/src/app/(app)/planning/bulk/review/page.tsx,M2,SAQEEL Planning.dc.html;SAQEEL Planning Identity.dc.html;SAQEEL Visits.dc.html,CR-001..CR-098,WA-M2-AC-001..006,Preserve current navigation=DEEP_LINK_OR_ALIAS; breadcrumb=TO_VERIFY_IN_RUNTIME; states=loading;empty;error;conflict;stale,services=@/components/RouteLoading;@/components/Shell;@/lib/i18n;@/lib/planning/access;@/lib/supabase-server;@/lib/verified-user; tables/views=none statically detected; RPCs=none statically detected; workflow/audit/version=AUDIT;VERSION;IMMUTABLE,inspector;planner;reviewer,apps/web/e2e/execution-preexecution-ui-contract.spec.ts;apps/web/e2e/cd-021-bulk-targeting.spec.ts;apps/web/e2e/cd-025-plan-review-publish.spec.ts,functional parity;negative paths;RLS/RBAC;audit/versioning;visual diff;Arabic/RTL;accessibility;responsive;performance;cross-module regression,FEATURE_FLAG_OR_GUARDED_PREVIEW_REQUIRED,UNCERTAINTY_OR_TEST_GAP_REQUIRES_CONTROLLED_EXPOSURE,Canonical route cutover only after all acceptance gates pass and Product Owner approval is recorded,Restore retained pre-replacement implementation or switch server-evaluated flag; no destructive database rollback,RETAIN_UNTIL_STABILIZATION_AND_PRODUCT_OWNER_REMOVAL_APPROVAL,PLANNED_NOT_IMPLEMENTED
WA-MIG-053,/planning/immediate,apps/web/src/app/(app)/planning/immediate/page.tsx,M2,SAQEEL Planning.dc.html;SAQEEL Planning Identity.dc.html;SAQEEL Visits.dc.html,CR-001..CR-098,WA-M2-AC-001..006,Preserve current navigation=DEEP_LINK_OR_ALIAS; breadcrumb=TO_VERIFY_IN_RUNTIME; states=loading;empty;error;unauthorized;conflict;not-found,services=@/components/EmptyState;@/components/GeoMap;@/components/PackageTypeSelector;@/components/RouteLoading;@/components/Shell;@/lib/dates;@/lib/i18n;@/lib/planning/access;@/lib/supabase-server;@/lib/verified-user; tables/views=enforcement_recommendations;factories;factory_representatives;package_versions;planning_lookups;profiles;user_roles;visit_location_events;visits; RPCs=create_immediate_visit;has_planning_capability; workflow/audit/version=AUDIT;VERSION,compliance_admin;inspector;ops;planner;reviewer,apps/web/e2e/cd-020-planning-home.spec.ts;apps/web/e2e/persona-tours.spec.ts;apps/web/e2e/cd-022-identity-lens.spec.ts;apps/web/e2e/cd-023-immediate-authority-bar.spec.ts,functional parity;negative paths;RLS/RBAC;audit/versioning;visual diff;Arabic/RTL;accessibility;responsive;performance;cross-module regression,FEATURE_FLAG_OR_GUARDED_PREVIEW_REQUIRED,UNCERTAINTY_OR_TEST_GAP_REQUIRES_CONTROLLED_EXPOSURE,Canonical route cutover only after all acceptance gates pass and Product Owner approval is recorded,Restore retained pre-replacement implementation or switch server-evaluated flag; no destructive database rollback,RETAIN_UNTIL_STABILIZATION_AND_PRODUCT_OWNER_REMOVAL_APPROVAL,PLANNED_NOT_IMPLEMENTED
WA-MIG-054,/planning/plans,apps/web/src/app/(app)/planning/plans/page.tsx,M2,SAQEEL Planning.dc.html;SAQEEL Planning Identity.dc.html;SAQEEL Visits.dc.html,CR-001..CR-098,WA-M2-AC-001..006,Preserve current navigation=DEEP_LINK_OR_ALIAS; breadcrumb=TO_VERIFY_IN_RUNTIME; states=loading;empty;error,services=@/components/EmptyState;@/components/RouteLoading;@/components/Shell;@/lib/dates;@/lib/i18n;@/lib/supabase-server; tables/views=visit_plans; RPCs=none statically detected; workflow/audit/version=AUDIT,leadership;ops;planner;reviewer,apps/web/e2e/cd-020-planning-home.spec.ts,functional parity;negative paths;RLS/RBAC;audit/versioning;visual diff;Arabic/RTL;accessibility;responsive;performance;cross-module regression,DIRECT_REPLACEMENT_AFTER_CERTIFICATION,,Canonical route cutover only after all acceptance gates pass and Product Owner approval is recorded,Restore retained pre-replacement implementation or switch server-evaluated flag; no destructive database rollback,RETAIN_UNTIL_STABILIZATION_AND_PRODUCT_OWNER_REMOVAL_APPROVAL,PLANNED_NOT_IMPLEMENTED
WA-MIG-055,/planning/plans/:id,apps/web/src/app/(app)/planning/plans/[id]/page.tsx,M2,SAQEEL Planning.dc.html;SAQEEL Planning Identity.dc.html;SAQEEL Visits.dc.html,CR-001..CR-098,WA-M2-AC-001..006,Preserve current navigation=DEEP_LINK_OR_ALIAS; breadcrumb=TO_VERIFY_IN_RUNTIME; states=loading;empty;error;not-found,services=@/components/EmptyState;@/components/RouteLoading;@/components/Shell;@/lib/dates;@/lib/i18n;@/lib/supabase-server; tables/views=visit_plans;visits; RPCs=none statically detected; workflow/audit/version=AUDIT,leadership;ops;planner;reviewer,apps/web/e2e/cd-020-planning-home.spec.ts,functional parity;negative paths;RLS/RBAC;audit/versioning;visual diff;Arabic/RTL;accessibility;responsive;performance;cross-module regression,DIRECT_REPLACEMENT_AFTER_CERTIFICATION,,Canonical route cutover only after all acceptance gates pass and Product Owner approval is recorded,Restore retained pre-replacement implementation or switch server-evaluated flag; no destructive database rollback,RETAIN_UNTIL_STABILIZATION_AND_PRODUCT_OWNER_REMOVAL_APPROVAL,PLANNED_NOT_IMPLEMENTED
WA-MIG-056,/planning/single,apps/web/src/app/(app)/planning/single/page.tsx,M2,SAQEEL Planning.dc.html;SAQEEL Planning Identity.dc.html;SAQEEL Visits.dc.html,CR-001..CR-098,WA-M2-AC-001..006,Preserve current navigation=DEEP_LINK_OR_ALIAS; breadcrumb=TO_VERIFY_IN_RUNTIME; states=loading;empty;error;degraded;unauthorized;conflict;stale,services=@/components/EmptyState;@/components/GeoMap;@/components/RouteLoading;@/components/Shell;@/lib/dates;@/lib/i18n;@/lib/planning/access;@/lib/planning/factory-resolver;@/lib/plausible-date;@/lib/supabase-server;@/lib/verified-user; tables/views=assignments;engine_settings;factories;package_versions;user_roles;visit_packages;visit_plans;visits; RPCs=publish_single_visit; workflow/audit/version=AUDIT;VERSION;IMMUTABLE,inspector;planner;reviewer,apps/web/e2e/cd-020-planning-home.spec.ts;apps/web/e2e/persona-tours.spec.ts;apps/web/e2e/execution-preexecution-ui-contract.spec.ts;apps/web/e2e/golden-journey.spec.ts;apps/web/e2e/cd-022-identity-lens.spec.ts,functional parity;negative paths;RLS/RBAC;audit/versioning;visual diff;Arabic/RTL;accessibility;responsive;performance;cross-module regression,FEATURE_FLAG_OR_GUARDED_PREVIEW_REQUIRED,UNCERTAINTY_OR_TEST_GAP_REQUIRES_CONTROLLED_EXPOSURE,Canonical route cutover only after all acceptance gates pass and Product Owner approval is recorded,Restore retained pre-replacement implementation or switch server-evaluated flag; no destructive database rollback,RETAIN_UNTIL_STABILIZATION_AND_PRODUCT_OWNER_REMOVAL_APPROVAL,PLANNED_NOT_IMPLEMENTED
WA-MIG-057,/portal,apps/web/src/app/(app)/portal/page.tsx,M11,SAQEEL Login.dc.html;SAQEEL Auth States.dc.html;SAQEEL Portal.dc.html;SAQEEL Profile.dc.html;SAQEEL Virtual.dc.html;SAQEEL Feedback.dc.html,CR-337..CR-356,WA-M11-AC-001..006,Preserve current navigation=DEEP_LINK_OR_ALIAS; breadcrumb=TO_VERIFY_IN_RUNTIME; states=loading;empty;error,services=@/components/EmptyState;@/components/NotYetBoundary;@/components/RouteLoading;@/components/Shell;@/lib/i18n;@/lib/neutral-error;@/lib/providers/env-gate;@/lib/supabase-server;@/lib/verified-user; tables/views=external_requests;factories;self_assessments; RPCs=none statically detected; workflow/audit/version=runtime verification required,leadership,apps/web/e2e/mvp2-m2-08-portal.spec.ts;apps/web/e2e/mvp2-modules-live.spec.ts;apps/web/e2e/mvp2-modules-rls-negative.spec.ts;apps/web/e2e/mvp3-enterprise-contract.spec.ts,functional parity;negative paths;RLS/RBAC;audit/versioning;visual diff;Arabic/RTL;accessibility;responsive;performance;cross-module regression,DIRECT_REPLACEMENT_AFTER_CERTIFICATION,,Canonical route cutover only after all acceptance gates pass and Product Owner approval is recorded,Restore retained pre-replacement implementation or switch server-evaluated flag; no destructive database rollback,RETAIN_UNTIL_STABILIZATION_AND_PRODUCT_OWNER_REMOVAL_APPROVAL,PLANNED_NOT_IMPLEMENTED
WA-MIG-058,/profile,apps/web/src/app/(app)/profile/page.tsx,M11,SAQEEL Login.dc.html;SAQEEL Auth States.dc.html;SAQEEL Portal.dc.html;SAQEEL Profile.dc.html;SAQEEL Virtual.dc.html;SAQEEL Feedback.dc.html,CR-337..CR-356,WA-M11-AC-001..006,Preserve current navigation=DEEP_LINK_OR_ALIAS; breadcrumb=TO_VERIFY_IN_RUNTIME; states=loading;error,services=@/components/RouteLoading;@/components/Shell;@/components/ThemeToggle;@/lib/dates;@/lib/i18n;@/lib/neutral-error;@/lib/persona;@/lib/supabase-server;@/lib/verified-user; tables/views=notification_preferences;profiles; RPCs=none statically detected; workflow/audit/version=runtime verification required,AUTHENTICATED_ROUTE_GROUP,apps/web/e2e/senaei-integration-contract.spec.ts;apps/web/e2e/performance-navigation.spec.ts,functional parity;negative paths;RLS/RBAC;audit/versioning;visual diff;Arabic/RTL;accessibility;responsive;performance;cross-module regression,DIRECT_REPLACEMENT_AFTER_CERTIFICATION,,Canonical route cutover only after all acceptance gates pass and Product Owner approval is recorded,Restore retained pre-replacement implementation or switch server-evaluated flag; no destructive database rollback,RETAIN_UNTIL_STABILIZATION_AND_PRODUCT_OWNER_REMOVAL_APPROVAL,PLANNED_NOT_IMPLEMENTED
WA-MIG-059,/reports/inspection/:id,apps/web/src/app/reports/inspection/[id]/page.tsx,M7,SAQEEL Inspection Report.dc.html;SAQEEL Evidence OCR.dc.html;SAQEEL AI Studio.dc.html;SAQEEL Incident Reports.dc.html,CR-001..CR-478,WA-M7-AC-001..006,Preserve current navigation=DEEP_LINK_OR_ALIAS; breadcrumb=TO_VERIFY_IN_RUNTIME; states=error,services=@/components/PrintReport;@/lib/dates;@/lib/i18n;@/lib/supabase-server; tables/views=inspection_items;inspections; RPCs=none statically detected; workflow/audit/version=VERSION;IMMUTABLE,inspector,apps/web/e2e/platform-design-system-contract.spec.ts;apps/web/e2e/cd-006-011-backend-completion.spec.ts;apps/web/e2e/factory360-cr-dossier-contract.spec.ts,functional parity;negative paths;RLS/RBAC;audit/versioning;visual diff;Arabic/RTL;accessibility;responsive;performance;cross-module regression,FEATURE_FLAG_OR_GUARDED_PREVIEW_REQUIRED,UNCERTAINTY_OR_TEST_GAP_REQUIRES_CONTROLLED_EXPOSURE,Canonical route cutover only after all acceptance gates pass and Product Owner approval is recorded,Restore retained pre-replacement implementation or switch server-evaluated flag; no destructive database rollback,RETAIN_UNTIL_STABILIZATION_AND_PRODUCT_OWNER_REMOVAL_APPROVAL,PLANNED_NOT_IMPLEMENTED
WA-MIG-060,/reset,apps/web/src/app/reset/page.tsx,M11,SAQEEL Login.dc.html;SAQEEL Auth States.dc.html;SAQEEL Portal.dc.html;SAQEEL Profile.dc.html;SAQEEL Virtual.dc.html;SAQEEL Feedback.dc.html,CR-337..CR-356,WA-M11-AC-001..006,Preserve current navigation=DEEP_LINK_OR_ALIAS; breadcrumb=TO_VERIFY_IN_RUNTIME; states=error;unauthorized,services=@/components/ThemeToggle;@/lib/audit;@/lib/supabase;@/lib/verified-user; tables/views=none statically detected; RPCs=none statically detected; workflow/audit/version=AUDIT,ROUTE_LOCAL_OR_PUBLIC,apps/web/e2e/platform-design-system-contract.spec.ts;apps/web/e2e/cd-002-reset.spec.ts,functional parity;negative paths;RLS/RBAC;audit/versioning;visual diff;Arabic/RTL;accessibility;responsive;performance;cross-module regression,DIRECT_REPLACEMENT_AFTER_CERTIFICATION,,Canonical route cutover only after all acceptance gates pass and Product Owner approval is recorded,Restore retained pre-replacement implementation or switch server-evaluated flag; no destructive database rollback,RETAIN_UNTIL_STABILIZATION_AND_PRODUCT_OWNER_REMOVAL_APPROVAL,PLANNED_NOT_IMPLEMENTED
WA-MIG-061,/reviews,apps/web/src/app/(app)/reviews/page.tsx,M5,SAQEEL Review & Approval.dc.html;SAQEEL Cases.dc.html;SAQEEL Tasks.dc.html,CR-357..CR-409,WA-M5-AC-001..006,Preserve current navigation=DIRECT; breadcrumb=TO_VERIFY_IN_RUNTIME; states=loading;empty;error;degraded;unauthorized,services=@/components/RouteLoading;@/components/Shell;@/lib/i18n;@/lib/persona;@/lib/supabase-server; tables/views=engine_settings;inspection_factory_checks;inspections;reviews; RPCs=none statically detected; workflow/audit/version=AUDIT;VERSION;IMMUTABLE,inspector;ops;reviewer,apps/web/e2e/platform-design-system-contract.spec.ts;apps/web/e2e/cd-030-version-comparison.spec.ts;apps/web/e2e/ui-compliance-runtime.spec.ts;apps/web/e2e/mvp3-retrofit-regression.spec.ts;apps/web/e2e/persona-tours.spec.ts;apps/web/e2e/cd-029-review-workspace.spec.ts;apps/web/e2e/performance-navigation.spec.ts;apps/web/e2e/cd-028-review-queue.spec.ts;apps/web/e2e/shell-navigation.spec.ts;apps/web/e2e/golden-journey.spec.ts;apps/web/e2e/performance-visual-evidence.spec.ts;apps/web/e2e/personas.ts,functional parity;negative paths;RLS/RBAC;audit/versioning;visual diff;Arabic/RTL;accessibility;responsive;performance;cross-module regression,FEATURE_FLAG_OR_GUARDED_PREVIEW_REQUIRED,UNCERTAINTY_OR_TEST_GAP_REQUIRES_CONTROLLED_EXPOSURE,Canonical route cutover only after all acceptance gates pass and Product Owner approval is recorded,Restore retained pre-replacement implementation or switch server-evaluated flag; no destructive database rollback,RETAIN_UNTIL_STABILIZATION_AND_PRODUCT_OWNER_REMOVAL_APPROVAL,PLANNED_NOT_IMPLEMENTED
WA-MIG-062,/reviews/:id,apps/web/src/app/(app)/reviews/[id]/page.tsx,M5,SAQEEL Review & Approval.dc.html;SAQEEL Cases.dc.html;SAQEEL Tasks.dc.html,CR-357..CR-409,WA-M5-AC-001..006,Preserve current navigation=DEEP_LINK_OR_ALIAS; breadcrumb=TO_VERIFY_IN_RUNTIME; states=loading;empty;error;degraded;stale;not-found,services=@/components/EmptyState;@/components/Shell;@/lib/dates;@/lib/factory-verification;@/lib/i18n;@/lib/notify;@/lib/persona;@/lib/supabase-server;@/lib/verified-user; tables/views=assignments;audit_events;inspection_items;inspections;reviews;submission_versions; RPCs=none statically detected; workflow/audit/version=AUDIT;VERSION;IMMUTABLE,inspector;leadership;ops;planner;reviewer,apps/web/e2e/platform-design-system-contract.spec.ts;apps/web/e2e/cd-030-version-comparison.spec.ts;apps/web/e2e/ui-compliance-runtime.spec.ts;apps/web/e2e/mvp3-retrofit-regression.spec.ts;apps/web/e2e/persona-tours.spec.ts;apps/web/e2e/cd-029-review-workspace.spec.ts;apps/web/e2e/performance-navigation.spec.ts;apps/web/e2e/cd-028-review-queue.spec.ts;apps/web/e2e/shell-navigation.spec.ts;apps/web/e2e/golden-journey.spec.ts;apps/web/e2e/performance-visual-evidence.spec.ts;apps/web/e2e/personas.ts,functional parity;negative paths;RLS/RBAC;audit/versioning;visual diff;Arabic/RTL;accessibility;responsive;performance;cross-module regression,FEATURE_FLAG_OR_GUARDED_PREVIEW_REQUIRED,UNCERTAINTY_OR_TEST_GAP_REQUIRES_CONTROLLED_EXPOSURE,Canonical route cutover only after all acceptance gates pass and Product Owner approval is recorded,Restore retained pre-replacement implementation or switch server-evaluated flag; no destructive database rollback,RETAIN_UNTIL_STABILIZATION_AND_PRODUCT_OWNER_REMOVAL_APPROVAL,PLANNED_NOT_IMPLEMENTED
WA-MIG-063,/reviews/:id/started,apps/web/src/app/(app)/reviews/[id]/started/page.tsx,M5,SAQEEL Review & Approval.dc.html;SAQEEL Cases.dc.html;SAQEEL Tasks.dc.html,CR-357..CR-409,WA-M5-AC-001..006,Preserve current navigation=DEEP_LINK_OR_ALIAS; breadcrumb=TO_VERIFY_IN_RUNTIME; states=runtime discovery required,services=none statically detected; tables/views=none statically detected; RPCs=none statically detected; workflow/audit/version=runtime verification required,AUTHENTICATED_ROUTE_GROUP,apps/web/e2e/platform-design-system-contract.spec.ts;apps/web/e2e/cd-030-version-comparison.spec.ts;apps/web/e2e/ui-compliance-runtime.spec.ts;apps/web/e2e/mvp3-retrofit-regression.spec.ts;apps/web/e2e/persona-tours.spec.ts;apps/web/e2e/cd-029-review-workspace.spec.ts;apps/web/e2e/performance-navigation.spec.ts;apps/web/e2e/cd-028-review-queue.spec.ts;apps/web/e2e/shell-navigation.spec.ts;apps/web/e2e/golden-journey.spec.ts;apps/web/e2e/performance-visual-evidence.spec.ts;apps/web/e2e/personas.ts,functional parity;negative paths;RLS/RBAC;audit/versioning;visual diff;Arabic/RTL;accessibility;responsive;performance;cross-module regression,DIRECT_REPLACEMENT_AFTER_CERTIFICATION,,Canonical route cutover only after all acceptance gates pass and Product Owner approval is recorded,Restore retained pre-replacement implementation or switch server-evaluated flag; no destructive database rollback,RETAIN_UNTIL_STABILIZATION_AND_PRODUCT_OWNER_REMOVAL_APPROVAL,PLANNED_NOT_IMPLEMENTED
WA-MIG-064,/tasks,apps/web/src/app/(app)/tasks/page.tsx,M5,SAQEEL Review & Approval.dc.html;SAQEEL Cases.dc.html;SAQEEL Tasks.dc.html,CR-357..CR-409,WA-M5-AC-001..006,Preserve current navigation=DEEP_LINK_OR_ALIAS; breadcrumb=TO_VERIFY_IN_RUNTIME; states=loading;empty;error,services=@/components/EmptyState;@/components/NotYetBoundary;@/components/Shell;@/lib/i18n;@/lib/persona;@/lib/providers/env-gate;@/lib/supabase-server;@/lib/workflow/tasks; tables/views=profiles;workflow_task_assignments; RPCs=none statically detected; workflow/audit/version=WORKFLOW;AUDIT;VERSION,AUTHENTICATED_ROUTE_GROUP,apps/web/e2e/senaei-integration-contract.spec.ts;apps/web/e2e/mvp2-m2-02-task-model.spec.ts,functional parity;negative paths;RLS/RBAC;audit/versioning;visual diff;Arabic/RTL;accessibility;responsive;performance;cross-module regression,DIRECT_REPLACEMENT_AFTER_CERTIFICATION,,Canonical route cutover only after all acceptance gates pass and Product Owner approval is recorded,Restore retained pre-replacement implementation or switch server-evaluated flag; no destructive database rollback,RETAIN_UNTIL_STABILIZATION_AND_PRODUCT_OWNER_REMOVAL_APPROVAL,PLANNED_NOT_IMPLEMENTED
WA-MIG-065,/virtual,apps/web/src/app/(app)/virtual/page.tsx,M11,SAQEEL Login.dc.html;SAQEEL Auth States.dc.html;SAQEEL Portal.dc.html;SAQEEL Profile.dc.html;SAQEEL Virtual.dc.html;SAQEEL Feedback.dc.html,CR-337..CR-356,WA-M11-AC-001..006,Preserve current navigation=DEEP_LINK_OR_ALIAS; breadcrumb=TO_VERIFY_IN_RUNTIME; states=loading;empty;error,services=@/components/EmptyState;@/components/RouteLoading;@/components/Shell;@/lib/dates;@/lib/i18n;@/lib/notify;@/lib/plausible-date;@/lib/supabase-server;@/lib/verified-user; tables/views=virtual_participants;virtual_sessions;visit_preparations;visits; RPCs=none statically detected; workflow/audit/version=runtime verification required,inspector;ops;planner,apps/web/e2e/cd-041-virtual-verified-gate.spec.ts;apps/web/e2e/cd-041-virtual-backend.spec.ts;apps/web/e2e/cd-043-virtual-boundary-states.spec.ts;apps/web/e2e/execution-crossmodule-contract.spec.ts;apps/web/e2e/neutral-error-sweep.spec.ts,functional parity;negative paths;RLS/RBAC;audit/versioning;visual diff;Arabic/RTL;accessibility;responsive;performance;cross-module regression,FEATURE_FLAG_OR_GUARDED_PREVIEW_REQUIRED,UNCERTAINTY_OR_TEST_GAP_REQUIRES_CONTROLLED_EXPOSURE,Canonical route cutover only after all acceptance gates pass and Product Owner approval is recorded,Restore retained pre-replacement implementation or switch server-evaluated flag; no destructive database rollback,RETAIN_UNTIL_STABILIZATION_AND_PRODUCT_OWNER_REMOVAL_APPROVAL,PLANNED_NOT_IMPLEMENTED
WA-MIG-066,/virtual/:id,apps/web/src/app/(app)/virtual/[id]/page.tsx,M11,SAQEEL Login.dc.html;SAQEEL Auth States.dc.html;SAQEEL Portal.dc.html;SAQEEL Profile.dc.html;SAQEEL Virtual.dc.html;SAQEEL Feedback.dc.html,CR-337..CR-356,WA-M11-AC-001..006,Preserve current navigation=DEEP_LINK_OR_ALIAS; breadcrumb=TO_VERIFY_IN_RUNTIME; states=loading;empty;error;degraded;stale;not-found,services=@/components/EmptyState;@/components/Shell;@/components/Skeleton;@/lib/dates;@/lib/i18n;@/lib/notify;@/lib/plausible-date;@/lib/providers/video;@/lib/supabase;@/lib/supabase-server;@/lib/verified-user; tables/views=inspections;virtual_participants;virtual_sessions;visit_preparations;visits; RPCs=set_operational_state;vp_otp_status;vp_request_otp;vp_verify_otp;vs_append_event;vs_mark_session_verified; workflow/audit/version=AUDIT;VERSION;IMMUTABLE,inspector;ops;planner,apps/web/e2e/cd-041-virtual-verified-gate.spec.ts;apps/web/e2e/cd-041-virtual-backend.spec.ts;apps/web/e2e/cd-043-virtual-boundary-states.spec.ts;apps/web/e2e/execution-crossmodule-contract.spec.ts;apps/web/e2e/neutral-error-sweep.spec.ts,functional parity;negative paths;RLS/RBAC;audit/versioning;visual diff;Arabic/RTL;accessibility;responsive;performance;cross-module regression,FEATURE_FLAG_OR_GUARDED_PREVIEW_REQUIRED,UNCERTAINTY_OR_TEST_GAP_REQUIRES_CONTROLLED_EXPOSURE,Canonical route cutover only after all acceptance gates pass and Product Owner approval is recorded,Restore retained pre-replacement implementation or switch server-evaluated flag; no destructive database rollback,RETAIN_UNTIL_STABILIZATION_AND_PRODUCT_OWNER_REMOVAL_APPROVAL,PLANNED_NOT_IMPLEMENTED
WA-MIG-067,/visits,apps/web/src/app/(app)/visits/page.tsx,M2,SAQEEL Planning.dc.html;SAQEEL Planning Identity.dc.html;SAQEEL Visits.dc.html,CR-001..CR-098,WA-M2-AC-001..006,Preserve current navigation=DEEP_LINK_OR_ALIAS; breadcrumb=TO_VERIFY_IN_RUNTIME; states=loading;empty;error;degraded;stale,services=@/components/ContextualAiPanel;@/components/EmptyState;@/components/Shell;@/components/WidgetBoundary;@/lib/i18n;@/lib/planning/lifecycle;@/lib/supabase-server;@/lib/verified-user; tables/views=assignments;inspections;notifications;profiles;visits; RPCs=none statically detected; workflow/audit/version=AUDIT,inspector;ops,apps/web/e2e/cd-041-virtual-verified-gate.spec.ts;apps/web/e2e/ui-compliance-runtime.spec.ts;apps/web/e2e/cd-045-downstream-contract.spec.ts;apps/web/e2e/persona-tours.spec.ts;apps/web/e2e/remaining-requirements-backend.spec.ts;apps/web/e2e/ai-user-journey.spec.ts;apps/web/e2e/execution-preexecution-ui-contract.spec.ts;apps/web/e2e/factory360-cr-dossier-contract.spec.ts;apps/web/e2e/golden-journey.spec.ts;apps/web/e2e/ui-compliance-contract.spec.ts;apps/web/e2e/cd-022-identity-lens.spec.ts;apps/web/e2e/cd-026-visit-management.spec.ts;apps/web/e2e/cd-025-plan-review-publish.spec.ts;apps/web/e2e/cd-023-immediate-authority-bar.spec.ts;apps/web/e2e/cd-027-visit-detail.spec.ts,functional parity;negative paths;RLS/RBAC;audit/versioning;visual diff;Arabic/RTL;accessibility;responsive;performance;cross-module regression,FEATURE_FLAG_OR_GUARDED_PREVIEW_REQUIRED,UNCERTAINTY_OR_TEST_GAP_REQUIRES_CONTROLLED_EXPOSURE,Canonical route cutover only after all acceptance gates pass and Product Owner approval is recorded,Restore retained pre-replacement implementation or switch server-evaluated flag; no destructive database rollback,RETAIN_UNTIL_STABILIZATION_AND_PRODUCT_OWNER_REMOVAL_APPROVAL,PLANNED_NOT_IMPLEMENTED
WA-MIG-068,/visits/:id,apps/web/src/app/(app)/visits/[id]/page.tsx,M2,SAQEEL Planning.dc.html;SAQEEL Planning Identity.dc.html;SAQEEL Visits.dc.html,CR-001..CR-098,WA-M2-AC-001..006,Preserve current navigation=DEEP_LINK_OR_ALIAS; breadcrumb=TO_VERIFY_IN_RUNTIME; states=loading;empty;error;conflict;not-found,services=@/components/CreatedToast;@/components/EmptyState;@/components/Shell;@/lib/i18n;@/lib/notify;@/lib/planning/lifecycle;@/lib/supabase-server;@/lib/verified-user; tables/views=assignments;attachments;audit_events;inspections;notifications;package_versions;planning_expiry_rules;profiles;visit_attachments;visit_lifecycle_events;visit_location_events;visit_packages;visit_plans;visits; RPCs=none statically detected; workflow/audit/version=AUDIT;VERSION;IMMUTABLE,inspector;ops;planner,apps/web/e2e/cd-041-virtual-verified-gate.spec.ts;apps/web/e2e/ui-compliance-runtime.spec.ts;apps/web/e2e/cd-045-downstream-contract.spec.ts;apps/web/e2e/persona-tours.spec.ts;apps/web/e2e/remaining-requirements-backend.spec.ts;apps/web/e2e/ai-user-journey.spec.ts;apps/web/e2e/execution-preexecution-ui-contract.spec.ts;apps/web/e2e/factory360-cr-dossier-contract.spec.ts;apps/web/e2e/golden-journey.spec.ts;apps/web/e2e/ui-compliance-contract.spec.ts;apps/web/e2e/cd-022-identity-lens.spec.ts;apps/web/e2e/cd-026-visit-management.spec.ts;apps/web/e2e/cd-025-plan-review-publish.spec.ts;apps/web/e2e/cd-023-immediate-authority-bar.spec.ts;apps/web/e2e/cd-027-visit-detail.spec.ts,functional parity;negative paths;RLS/RBAC;audit/versioning;visual diff;Arabic/RTL;accessibility;responsive;performance;cross-module regression,FEATURE_FLAG_OR_GUARDED_PREVIEW_REQUIRED,UNCERTAINTY_OR_TEST_GAP_REQUIRES_CONTROLLED_EXPOSURE,Canonical route cutover only after all acceptance gates pass and Product Owner approval is recorded,Restore retained pre-replacement implementation or switch server-evaluated flag; no destructive database rollback,RETAIN_UNTIL_STABILIZATION_AND_PRODUCT_OWNER_REMOVAL_APPROVAL,PLANNED_NOT_IMPLEMENTED
WA-MIG-069,/visits/calendar,apps/web/src/app/(app)/visits/calendar/page.tsx,M2,SAQEEL Planning.dc.html;SAQEEL Planning Identity.dc.html;SAQEEL Visits.dc.html,CR-001..CR-098,WA-M2-AC-001..006,Preserve current navigation=DEEP_LINK_OR_ALIAS; breadcrumb=TO_VERIFY_IN_RUNTIME; states=loading;empty;error;degraded,services=@/components/RouteLoading;@/components/Shell;@/lib/i18n;@/lib/supabase-server; tables/views=visits; RPCs=none statically detected; workflow/audit/version=runtime verification required,ops,apps/web/e2e/cd-026-visit-management.spec.ts;apps/web/e2e/cd-027-visit-detail.spec.ts,functional parity;negative paths;RLS/RBAC;audit/versioning;visual diff;Arabic/RTL;accessibility;responsive;performance;cross-module regression,FEATURE_FLAG_OR_GUARDED_PREVIEW_REQUIRED,UNCERTAINTY_OR_TEST_GAP_REQUIRES_CONTROLLED_EXPOSURE,Canonical route cutover only after all acceptance gates pass and Product Owner approval is recorded,Restore retained pre-replacement implementation or switch server-evaluated flag; no destructive database rollback,RETAIN_UNTIL_STABILIZATION_AND_PRODUCT_OWNER_REMOVAL_APPROVAL,PLANNED_NOT_IMPLEMENTED
WA-MIG-070,/visits/map,apps/web/src/app/(app)/visits/map/page.tsx,M2,SAQEEL Planning.dc.html;SAQEEL Planning Identity.dc.html;SAQEEL Visits.dc.html,CR-001..CR-098,WA-M2-AC-001..006,Preserve current navigation=DEEP_LINK_OR_ALIAS; breadcrumb=TO_VERIFY_IN_RUNTIME; states=loading;empty;error,services=@/components/EmptyState;@/components/GeoMap;@/components/RouteLoading;@/components/Shell;@/lib/dates;@/lib/i18n;@/lib/supabase-server; tables/views=geo_events;visits; RPCs=none statically detected; workflow/audit/version=runtime verification required,inspector;ops,apps/web/e2e/remaining-requirements-backend.spec.ts;apps/web/e2e/cd-026-visit-management.spec.ts,functional parity;negative paths;RLS/RBAC;audit/versioning;visual diff;Arabic/RTL;accessibility;responsive;performance;cross-module regression,FEATURE_FLAG_OR_GUARDED_PREVIEW_REQUIRED,UNCERTAINTY_OR_TEST_GAP_REQUIRES_CONTROLLED_EXPOSURE,Canonical route cutover only after all acceptance gates pass and Product Owner approval is recorded,Restore retained pre-replacement implementation or switch server-evaluated flag; no destructive database rollback,RETAIN_UNTIL_STABILIZATION_AND_PRODUCT_OWNER_REMOVAL_APPROVAL,PLANNED_NOT_IMPLEMENTED
WA-MIG-071,/visits/workload,apps/web/src/app/(app)/visits/workload/page.tsx,M2,SAQEEL Planning.dc.html;SAQEEL Planning Identity.dc.html;SAQEEL Visits.dc.html,CR-001..CR-098,WA-M2-AC-001..006,Preserve current navigation=DEEP_LINK_OR_ALIAS; breadcrumb=TO_VERIFY_IN_RUNTIME; states=loading;empty;error;degraded,services=@/components/EmptyState;@/components/RouteLoading;@/components/Shell;@/lib/dates;@/lib/i18n;@/lib/supabase-server; tables/views=assignments;engine_settings; RPCs=none statically detected; workflow/audit/version=runtime verification required,inspector,apps/web/e2e/execution-preexecution-ui-contract.spec.ts;apps/web/e2e/cd-026-visit-management.spec.ts;apps/web/e2e/cd-027-visit-detail.spec.ts,functional parity;negative paths;RLS/RBAC;audit/versioning;visual diff;Arabic/RTL;accessibility;responsive;performance;cross-module regression,FEATURE_FLAG_OR_GUARDED_PREVIEW_REQUIRED,UNCERTAINTY_OR_TEST_GAP_REQUIRES_CONTROLLED_EXPOSURE,Canonical route cutover only after all acceptance gates pass and Product Owner approval is recorded,Restore retained pre-replacement implementation or switch server-evaluated flag; no destructive database rollback,RETAIN_UNTIL_STABILIZATION_AND_PRODUCT_OWNER_REMOVAL_APPROVAL,PLANNED_NOT_IMPLEMENTED
