requirement_id,source_id,source_sha256,source_sheet,source_coordinate,module,capability,purpose,user_flow,user_actions,system_actions,ai_actions,inputs,outputs,business_rules,personas,dependencies,source_acceptance_criteria,original_source_text,disposition,disposition_alias,target_module_id,implementation_package,target_routes,target_designs,acceptance_ids,decision_or_blocker_ids,shared_backend_dependencies,evidence_ids,status
CR-001,SRC-CUST-001,c2ab27f60bf697780acf16d2b50f0f359b1bf78c1b89725bad3b1ab3005f04b9,Visit Planning-Planning,Visit Planning-Planning!2,Visit Planning,Visit Creation,Provide planners and inspectors with different methods to create inspection visits based on the business scenario.,Visit Planning → Visit Creation → Select Planning Method (Bulk / Single / Immediate).,Select planning method.,Load the selected planning workflow.,N/A,Planning Method,Selected planning workflow.,"Three planning methods are supported: Bulk, Single and Immediate.","Planner, Inspector","User Authentication, Role & Permission Management",User can access only the planning methods permitted by their role.,"module=Visit Planning | capability=Visit Creation | purpose=Provide planners and inspectors with different methods to create inspection visits based on the business scenario. | user_flow=Visit Planning → Visit Creation → Select Planning Method (Bulk / Single / Immediate). | user_actions=Select planning method. | system_actions=Load the selected planning workflow. | ai_actions=N/A | inputs=Planning Method | outputs=Selected planning workflow. | business_rules=Three planning methods are supported: Bulk, Single and Immediate. | personas=Planner, Inspector | dependencies=User Authentication, Role & Permission Management | source_acceptance_criteria=User can access only the planning methods permitted by their role.",PHASE1_WEB,,MOD-03,M2,/planning/**;/visits/**,SAQEEL Planning;SAQEEL Visits,WA-AC-0001,,,WA-EV-0001,BASELINED_NOT_IMPLEMENTED
CR-002,SRC-CUST-001,c2ab27f60bf697780acf16d2b50f0f359b1bf78c1b89725bad3b1ab3005f04b9,Visit Planning-Planning,Visit Planning-Planning!3,Visit Planning,Bulk Planning,Create multiple inspection visits using a single planning activity (Visit Plan).,Select Bulk Planning → Build Criteria → Retrieve Factories → Select Factories → Configure Visit → Assign Inspectors → Review → Publish.,"Build search criteria, search factories, select/unselect factories, configure visit, publish.","Retrieve factories, validate duplicates, generate Visit Plan, generate Visit IDs, assign inspectors, notify inspectors, create audit logs.","Recommend factories, highlight high-risk factories, recommend assignment strategy (Phase 2).","Planning Criteria, Visit Configuration",Visit Plan + Multiple Visits,One Visit Plan can generate multiple Visits. Every Visit receives a unique Visit ID while sharing the same Visit Plan ID.,Planner,"Factory Master Data, Search Engine, Assignment Engine, Inspector Master Data, Notification Service",Planner successfully publishes a Visit Plan and all selected factories receive individual Visits.,"module=Visit Planning | capability=Bulk Planning | purpose=Create multiple inspection visits using a single planning activity (Visit Plan). | user_flow=Select Bulk Planning → Build Criteria → Retrieve Factories → Select Factories → Configure Visit → Assign Inspectors → Review → Publish. | user_actions=Build search criteria, search factories, select/unselect factories, configure visit, publish. | system_actions=Retrieve factories, validate duplicates, generate Visit Plan, generate Visit IDs, assign inspectors, notify inspectors, create audit logs. | ai_actions=Recommend factories, highlight high-risk factories, recommend assignment strategy (Phase 2). | inputs=Planning Criteria, Visit Configuration | outputs=Visit Plan + Multiple Visits | business_rules=One Visit Plan can generate multiple Visits. Every Visit receives a unique Visit ID while sharing the same Visit Plan ID. | personas=Planner | dependencies=Factory Master Data, Search Engine, Assignment Engine, Inspector Master Data, Notification Service | source_acceptance_criteria=Planner successfully publishes a Visit Plan and all selected factories receive individual Visits.",PHASE1_WEB,,MOD-05,M2,/planning/bulk/**,SAQEEL Planning;SAQEEL Planning Identity,WA-AC-0002,,,WA-EV-0002,BASELINED_NOT_IMPLEMENTED
CR-003,SRC-CUST-001,c2ab27f60bf697780acf16d2b50f0f359b1bf78c1b89725bad3b1ab3005f04b9,Visit Planning-Planning,Visit Planning-Planning!4,Visit Planning,Planning Criteria Builder,Allow planners to build flexible search criteria to identify target factories.,Open Criteria Builder → Add Filter → Add Additional Filters → Search.,"Add, edit and remove criteria using AND / OR conditions.",Validate criteria and execute factory search.,Suggest additional criteria based on previous planning (Phase 2).,Factory Filter Keys,Search Criteria,Multiple filters can be combined. Both AND and OR conditions are supported.,Planner,Factory Master Data,Planner can build one or multiple search criteria without limitation.,"module=Visit Planning | capability=Planning Criteria Builder | purpose=Allow planners to build flexible search criteria to identify target factories. | user_flow=Open Criteria Builder → Add Filter → Add Additional Filters → Search. | user_actions=Add, edit and remove criteria using AND / OR conditions. | system_actions=Validate criteria and execute factory search. | ai_actions=Suggest additional criteria based on previous planning (Phase 2). | inputs=Factory Filter Keys | outputs=Search Criteria | business_rules=Multiple filters can be combined. Both AND and OR conditions are supported. | personas=Planner | dependencies=Factory Master Data | source_acceptance_criteria=Planner can build one or multiple search criteria without limitation.",PHASE1_WEB,,MOD-03,M2,/planning/**;/visits/**,SAQEEL Planning;SAQEEL Visits,WA-AC-0003,,,WA-EV-0003,BASELINED_NOT_IMPLEMENTED
CR-004,SRC-CUST-001,c2ab27f60bf697780acf16d2b50f0f359b1bf78c1b89725bad3b1ab3005f04b9,Visit Planning-Planning,Visit Planning-Planning!5,Visit Planning,Target Factory Identification,Retrieve all factories matching the selected planning criteria.,Search → View Results.,Review search results.,Retrieve all matching factories.,Rank factories by risk or priority (Phase 2).,Search Criteria,Factory List,Only factories matching all criteria are returned.,Planner,Factory Repository,Matching factories are successfully retrieved.,module=Visit Planning | capability=Target Factory Identification | purpose=Retrieve all factories matching the selected planning criteria. | user_flow=Search → View Results. | user_actions=Review search results. | system_actions=Retrieve all matching factories. | ai_actions=Rank factories by risk or priority (Phase 2). | inputs=Search Criteria | outputs=Factory List | business_rules=Only factories matching all criteria are returned. | personas=Planner | dependencies=Factory Repository | source_acceptance_criteria=Matching factories are successfully retrieved.,PHASE1_WEB,,MOD-03,M2,/planning/**;/visits/**,SAQEEL Planning;SAQEEL Visits,WA-AC-0004,,,WA-EV-0004,BASELINED_NOT_IMPLEMENTED
CR-005,SRC-CUST-001,c2ab27f60bf697780acf16d2b50f0f359b1bf78c1b89725bad3b1ab3005f04b9,Visit Planning-Planning,Visit Planning-Planning!6,Visit Planning,Target Factory Selection,Allow planners to select the factories that should become inspection visits.,Review Results → Select / Unselect Factories → Confirm Selection.,Select or remove factories individually or in bulk.,Track selected factories and prepare Visit Plan.,Highlight high-risk factories (Phase 2).,Retrieved Factory List,Selected Factory List,Planner has full control over the selected factories before publishing.,Planner,Retrieved Factory List,Only selected factories proceed to Visit Configuration.,module=Visit Planning | capability=Target Factory Selection | purpose=Allow planners to select the factories that should become inspection visits. | user_flow=Review Results → Select / Unselect Factories → Confirm Selection. | user_actions=Select or remove factories individually or in bulk. | system_actions=Track selected factories and prepare Visit Plan. | ai_actions=Highlight high-risk factories (Phase 2). | inputs=Retrieved Factory List | outputs=Selected Factory List | business_rules=Planner has full control over the selected factories before publishing. | personas=Planner | dependencies=Retrieved Factory List | source_acceptance_criteria=Only selected factories proceed to Visit Configuration.,PHASE1_WEB,,MOD-03,M2,/planning/**;/visits/**,SAQEEL Planning;SAQEEL Visits,WA-AC-0005,,,WA-EV-0005,BASELINED_NOT_IMPLEMENTED
CR-006,SRC-CUST-001,c2ab27f60bf697780acf16d2b50f0f359b1bf78c1b89725bad3b1ab3005f04b9,Visit Planning-Planning,Visit Planning-Planning!7,Visit Planning,Visit Configuration,Configure the common information that will be applied to all selected visits.,Configure Visit → Continue.,"Select Business Visit Type, Visit Window, Assignment Method, Notes.",Validate mandatory fields.,Recommend visit window based on inspector availability (Phase 2).,"Business Visit Type, Visit Window, Assignment Method, Notes",Configured Visit Plan,Configuration applies to every Visit generated from the same Visit Plan.,Planner,Business Visit Type Master Data,Planner successfully configures the Visit Plan.,"module=Visit Planning | capability=Visit Configuration | purpose=Configure the common information that will be applied to all selected visits. | user_flow=Configure Visit → Continue. | user_actions=Select Business Visit Type, Visit Window, Assignment Method, Notes. | system_actions=Validate mandatory fields. | ai_actions=Recommend visit window based on inspector availability (Phase 2). | inputs=Business Visit Type, Visit Window, Assignment Method, Notes | outputs=Configured Visit Plan | business_rules=Configuration applies to every Visit generated from the same Visit Plan. | personas=Planner | dependencies=Business Visit Type Master Data | source_acceptance_criteria=Planner successfully configures the Visit Plan.",PHASE1_WEB,,MOD-03,M2,/planning/**;/visits/**,SAQEEL Planning;SAQEEL Visits,WA-AC-0006,,,WA-EV-0006,BASELINED_NOT_IMPLEMENTED
CR-007,SRC-CUST-001,c2ab27f60bf697780acf16d2b50f0f359b1bf78c1b89725bad3b1ab3005f04b9,Visit Planning-Planning,Visit Planning-Planning!8,Visit Planning,Automatic Inspector Assignment,Automatically assign inspectors during planning.,Choose Auto Assignment → Review Assignment → Publish.,Select Auto Assignment.,Assign inspectors according to assignment strategy.,"Recommend assignment using workload balancing, region proximity and inspector capacity.",Assignment Strategy,Assigned Inspectors,Assignment occurs before publishing.,"Planner, System","Inspector Master Data, Assignment Engine",Every Visit has an assigned inspector before publishing.,"module=Visit Planning | capability=Automatic Inspector Assignment | purpose=Automatically assign inspectors during planning. | user_flow=Choose Auto Assignment → Review Assignment → Publish. | user_actions=Select Auto Assignment. | system_actions=Assign inspectors according to assignment strategy. | ai_actions=Recommend assignment using workload balancing, region proximity and inspector capacity. | inputs=Assignment Strategy | outputs=Assigned Inspectors | business_rules=Assignment occurs before publishing. | personas=Planner, System | dependencies=Inspector Master Data, Assignment Engine | source_acceptance_criteria=Every Visit has an assigned inspector before publishing.",PHASE1_WEB,,MOD-06,M2,/planning/**;/visits/**,SAQEEL Planning;SAQEEL Visits,WA-AC-0007,,,WA-EV-0007,BASELINED_NOT_IMPLEMENTED
CR-008,SRC-CUST-001,c2ab27f60bf697780acf16d2b50f0f359b1bf78c1b89725bad3b1ab3005f04b9,Visit Planning-Planning,Visit Planning-Planning!9,Visit Planning,Manual Inspector Assignment,Allow planners to manually assign inspectors.,Select Manual Assignment → Choose Inspector → Review → Publish.,Select inspector for one or multiple visits.,Validate inspector availability.,Recommend the most suitable inspector (Phase 2).,Inspector Selection,Assigned Visits,Planner may override automatic recommendations.,Planner,Inspector Master Data,Planner successfully assigns inspectors manually.,module=Visit Planning | capability=Manual Inspector Assignment | purpose=Allow planners to manually assign inspectors. | user_flow=Select Manual Assignment → Choose Inspector → Review → Publish. | user_actions=Select inspector for one or multiple visits. | system_actions=Validate inspector availability. | ai_actions=Recommend the most suitable inspector (Phase 2). | inputs=Inspector Selection | outputs=Assigned Visits | business_rules=Planner may override automatic recommendations. | personas=Planner | dependencies=Inspector Master Data | source_acceptance_criteria=Planner successfully assigns inspectors manually.,PHASE1_WEB,,MOD-06,M2,/planning/**;/visits/**,SAQEEL Planning;SAQEEL Visits,WA-AC-0008,,,WA-EV-0008,BASELINED_NOT_IMPLEMENTED
CR-009,SRC-CUST-001,c2ab27f60bf697780acf16d2b50f0f359b1bf78c1b89725bad3b1ab3005f04b9,Visit Planning-Planning,Visit Planning-Planning!10,Visit Planning,Review Visit Plan,Provide a final review before publishing.,Review Visit Plan → Publish.,Review all configuration and assignments.,Validate all required information.,Highlight missing or abnormal data (Phase 2).,Visit Plan,Ready for Publishing,Publishing is blocked until all mandatory information is completed.,Planner,Configured Visit Plan,Planner reviews the complete Visit Plan before publishing.,module=Visit Planning | capability=Review Visit Plan | purpose=Provide a final review before publishing. | user_flow=Review Visit Plan → Publish. | user_actions=Review all configuration and assignments. | system_actions=Validate all required information. | ai_actions=Highlight missing or abnormal data (Phase 2). | inputs=Visit Plan | outputs=Ready for Publishing | business_rules=Publishing is blocked until all mandatory information is completed. | personas=Planner | dependencies=Configured Visit Plan | source_acceptance_criteria=Planner reviews the complete Visit Plan before publishing.,PHASE1_WEB,,MOD-03,M2,/planning/**;/visits/**,SAQEEL Planning;SAQEEL Visits,WA-AC-0009,,,WA-EV-0009,BASELINED_NOT_IMPLEMENTED
CR-010,SRC-CUST-001,c2ab27f60bf697780acf16d2b50f0f359b1bf78c1b89725bad3b1ab3005f04b9,Visit Planning-Planning,Visit Planning-Planning!11,Visit Planning,Publish Visit Plan,Officially publish the Visit Plan and generate operational visits.,Publish → Confirmation.,Confirm publishing.,"Create Visit Plan, create individual Visits, assign inspectors, update inspector calendars, generate audit records, send notifications.",Summarize publishing results (Phase 2).,Approved Visit Plan,Published Visits,Every generated Visit becomes an independent business object while remaining linked to the originating Visit Plan.,"Planner, System","Notification Service, Calendar Service, Audit Service","Individual Visits are successfully generated, assigned and available to inspectors.","module=Visit Planning | capability=Publish Visit Plan | purpose=Officially publish the Visit Plan and generate operational visits. | user_flow=Publish → Confirmation. | user_actions=Confirm publishing. | system_actions=Create Visit Plan, create individual Visits, assign inspectors, update inspector calendars, generate audit records, send notifications. | ai_actions=Summarize publishing results (Phase 2). | inputs=Approved Visit Plan | outputs=Published Visits | business_rules=Every generated Visit becomes an independent business object while remaining linked to the originating Visit Plan. | personas=Planner, System | dependencies=Notification Service, Calendar Service, Audit Service | source_acceptance_criteria=Individual Visits are successfully generated, assigned and available to inspectors.",PHASE1_WEB,,MOD-03,M2,/planning/**;/visits/**,SAQEEL Planning;SAQEEL Visits,WA-AC-0010,,,WA-EV-0010,BASELINED_NOT_IMPLEMENTED
CR-011,SRC-CUST-001,c2ab27f60bf697780acf16d2b50f0f359b1bf78c1b89725bad3b1ab3005f04b9,Visit Planning-Planning,Visit Planning-Planning!12,Visit Planning,Select Planning Method,Allow planner to choose how inspection visits will be created.,Visit Planning → Create Visit → Select Method,"Select Bulk, Single or Immediate.",Load corresponding planning workflow.,N/A,Planning Method,Selected workflow,Only one planning method can be selected per creation session.,Planner,Visit Planning Permission,Selected planning workflow opens successfully.,"module=Visit Planning | capability=Select Planning Method | purpose=Allow planner to choose how inspection visits will be created. | user_flow=Visit Planning → Create Visit → Select Method | user_actions=Select Bulk, Single or Immediate. | system_actions=Load corresponding planning workflow. | ai_actions=N/A | inputs=Planning Method | outputs=Selected workflow | business_rules=Only one planning method can be selected per creation session. | personas=Planner | dependencies=Visit Planning Permission | source_acceptance_criteria=Selected planning workflow opens successfully.",PHASE1_WEB,,MOD-03,M2,/planning/**;/visits/**,SAQEEL Planning;SAQEEL Visits,WA-AC-0011,,,WA-EV-0011,BASELINED_NOT_IMPLEMENTED
CR-012,SRC-CUST-001,c2ab27f60bf697780acf16d2b50f0f359b1bf78c1b89725bad3b1ab3005f04b9,Visit Planning-Planning,Visit Planning-Planning!13,Visit Planning,Build Planning Criteria,Define target factories using business filters.,Bulk Planning → Build Criteria,"Add/remove filters, combine using AND/OR.",Validate criteria.,Recommend additional filters based on previous campaigns.,"Activity, Region, City, Risk, License Stage, Violations, Employees...",Search Criteria,Unlimited filter combinations supported.,Planner,Factory Master Data,Planner can create valid search criteria.,"module=Visit Planning | capability=Build Planning Criteria | purpose=Define target factories using business filters. | user_flow=Bulk Planning → Build Criteria | user_actions=Add/remove filters, combine using AND/OR. | system_actions=Validate criteria. | ai_actions=Recommend additional filters based on previous campaigns. | inputs=Activity, Region, City, Risk, License Stage, Violations, Employees... | outputs=Search Criteria | business_rules=Unlimited filter combinations supported. | personas=Planner | dependencies=Factory Master Data | source_acceptance_criteria=Planner can create valid search criteria.",PHASE1_WEB,,MOD-03,M2,/planning/**;/visits/**,SAQEEL Planning;SAQEEL Visits,WA-AC-0012,,,WA-EV-0012,BASELINED_NOT_IMPLEMENTED
CR-013,SRC-CUST-001,c2ab27f60bf697780acf16d2b50f0f359b1bf78c1b89725bad3b1ab3005f04b9,Visit Planning-Planning,Visit Planning-Planning!14,Visit Planning,Retrieve Target Factories,Retrieve all factories matching the criteria.,Search,Click Search.,Execute search and return matching factories.,Rank factories by risk.,Search Criteria,Factory List,Only matching factories are returned.,Planner,Search Engine,Matching factories displayed.,module=Visit Planning | capability=Retrieve Target Factories | purpose=Retrieve all factories matching the criteria. | user_flow=Search | user_actions=Click Search. | system_actions=Execute search and return matching factories. | ai_actions=Rank factories by risk. | inputs=Search Criteria | outputs=Factory List | business_rules=Only matching factories are returned. | personas=Planner | dependencies=Search Engine | source_acceptance_criteria=Matching factories displayed.,PHASE1_WEB,,MOD-03,M2,/planning/**;/visits/**,SAQEEL Planning;SAQEEL Visits,WA-AC-0013,,,WA-EV-0013,BASELINED_NOT_IMPLEMENTED
CR-014,SRC-CUST-001,c2ab27f60bf697780acf16d2b50f0f359b1bf78c1b89725bad3b1ab3005f04b9,Visit Planning-Planning,Visit Planning-Planning!15,Visit Planning,Review Target Factories,Allow planner to review retrieved factories.,Review Results,"Sort, filter, open factory profile.",Display factory information.,Highlight abnormal factories.,Factory List,Reviewed List,Factories are read-only during review.,Planner,Factory Repository,Planner can review every returned factory.,"module=Visit Planning | capability=Review Target Factories | purpose=Allow planner to review retrieved factories. | user_flow=Review Results | user_actions=Sort, filter, open factory profile. | system_actions=Display factory information. | ai_actions=Highlight abnormal factories. | inputs=Factory List | outputs=Reviewed List | business_rules=Factories are read-only during review. | personas=Planner | dependencies=Factory Repository | source_acceptance_criteria=Planner can review every returned factory.",PHASE1_WEB,,MOD-03,M2,/planning/**;/visits/**,SAQEEL Planning;SAQEEL Visits,WA-AC-0014,,,WA-EV-0014,BASELINED_NOT_IMPLEMENTED
CR-015,SRC-CUST-001,c2ab27f60bf697780acf16d2b50f0f359b1bf78c1b89725bad3b1ab3005f04b9,Visit Planning-Planning,Visit Planning-Planning!16,Visit Planning,Select Target Factories,Build the inspection scope.,Review → Selection,Select/unselect individual or multiple factories.,Store selected factories.,Suggest additional factories.,Factory List,Selected Factories,Only selected factories proceed.,Planner,Retrieved Factories,Selected factories are saved.,module=Visit Planning | capability=Select Target Factories | purpose=Build the inspection scope. | user_flow=Review → Selection | user_actions=Select/unselect individual or multiple factories. | system_actions=Store selected factories. | ai_actions=Suggest additional factories. | inputs=Factory List | outputs=Selected Factories | business_rules=Only selected factories proceed. | personas=Planner | dependencies=Retrieved Factories | source_acceptance_criteria=Selected factories are saved.,PHASE1_WEB,,MOD-03,M2,/planning/**;/visits/**,SAQEEL Planning;SAQEEL Visits,WA-AC-0015,,,WA-EV-0015,BASELINED_NOT_IMPLEMENTED
CR-016,SRC-CUST-001,c2ab27f60bf697780acf16d2b50f0f359b1bf78c1b89725bad3b1ab3005f04b9,Visit Planning-Planning,Visit Planning-Planning!17,Visit Planning,AI Planning Summary,Summarize the selected campaign before publishing.,Selection → Summary,Review AI summary.,Generate campaign summary.,"Explain risks, workload, hotspots, recommendations.",Selected Factories,Planning Summary,Informational only.,"Planner, AI",AI Engine,Summary generated successfully.,"module=Visit Planning | capability=AI Planning Summary | purpose=Summarize the selected campaign before publishing. | user_flow=Selection → Summary | user_actions=Review AI summary. | system_actions=Generate campaign summary. | ai_actions=Explain risks, workload, hotspots, recommendations. | inputs=Selected Factories | outputs=Planning Summary | business_rules=Informational only. | personas=Planner, AI | dependencies=AI Engine | source_acceptance_criteria=Summary generated successfully.",OPEN_BUSINESS_DECISION,,MOD-03,M2,/planning/**;/visits/**,SAQEEL Planning;SAQEEL Visits,WA-AC-0016,DEC-026,,WA-EV-0016,BASELINED_NOT_IMPLEMENTED
CR-017,SRC-CUST-001,c2ab27f60bf697780acf16d2b50f0f359b1bf78c1b89725bad3b1ab3005f04b9,Visit Planning-Planning,Visit Planning-Planning!18,Visit Planning,Configure Visit Details,Define common visit configuration.,Configure Visit,"Select Visit Type, Visit Window, Assignment Method, Notes.",Validate mandatory fields.,Recommend best visit window.,Visit Configuration,Configured Plan,Applies to all selected visits.,Planner,Visit Configuration,Configuration saved successfully.,"module=Visit Planning | capability=Configure Visit Details | purpose=Define common visit configuration. | user_flow=Configure Visit | user_actions=Select Visit Type, Visit Window, Assignment Method, Notes. | system_actions=Validate mandatory fields. | ai_actions=Recommend best visit window. | inputs=Visit Configuration | outputs=Configured Plan | business_rules=Applies to all selected visits. | personas=Planner | dependencies=Visit Configuration | source_acceptance_criteria=Configuration saved successfully.",PHASE1_WEB,,MOD-03,M2,/planning/**;/visits/**,SAQEEL Planning;SAQEEL Visits,WA-AC-0017,,,WA-EV-0017,BASELINED_NOT_IMPLEMENTED
CR-018,SRC-CUST-001,c2ab27f60bf697780acf16d2b50f0f359b1bf78c1b89725bad3b1ab3005f04b9,Visit Planning-Planning,Visit Planning-Planning!19,Visit Planning,Auto Assignment,Automatically assign inspectors.,Assignment,Choose Auto.,Allocate inspectors.,"Balance workload, proximity, capacity, skills.",Assignment Strategy,Assigned Visits,Every visit must have an inspector.,Planner,Assignment Engine,Inspectors assigned successfully.,"module=Visit Planning | capability=Auto Assignment | purpose=Automatically assign inspectors. | user_flow=Assignment | user_actions=Choose Auto. | system_actions=Allocate inspectors. | ai_actions=Balance workload, proximity, capacity, skills. | inputs=Assignment Strategy | outputs=Assigned Visits | business_rules=Every visit must have an inspector. | personas=Planner | dependencies=Assignment Engine | source_acceptance_criteria=Inspectors assigned successfully.",PHASE1_WEB,,MOD-06,M2,/planning/**;/visits/**,SAQEEL Planning;SAQEEL Visits,WA-AC-0018,,,WA-EV-0018,BASELINED_NOT_IMPLEMENTED
CR-019,SRC-CUST-001,c2ab27f60bf697780acf16d2b50f0f359b1bf78c1b89725bad3b1ab3005f04b9,Visit Planning-Planning,Visit Planning-Planning!20,Visit Planning,Manual Assignment,Override inspector assignment.,Assignment,Select inspectors manually.,Validate availability.,Recommend better inspector if needed.,Inspector Selection,Assigned Visits,Manual assignment overrides auto assignment.,Planner,Inspector Master Data,Manual assignment completed successfully.,module=Visit Planning | capability=Manual Assignment | purpose=Override inspector assignment. | user_flow=Assignment | user_actions=Select inspectors manually. | system_actions=Validate availability. | ai_actions=Recommend better inspector if needed. | inputs=Inspector Selection | outputs=Assigned Visits | business_rules=Manual assignment overrides auto assignment. | personas=Planner | dependencies=Inspector Master Data | source_acceptance_criteria=Manual assignment completed successfully.,PHASE1_WEB,,MOD-06,M2,/planning/**;/visits/**,SAQEEL Planning;SAQEEL Visits,WA-AC-0019,,,WA-EV-0019,BASELINED_NOT_IMPLEMENTED
CR-020,SRC-CUST-001,c2ab27f60bf697780acf16d2b50f0f359b1bf78c1b89725bad3b1ab3005f04b9,Visit Planning-Planning,Visit Planning-Planning!21,Visit Planning,Review & Publish,Final validation before publishing.,Review → Publish,Review and confirm.,"Validate duplicates, create Visit Plan, create Visits, notify inspectors, update calendars, audit.",Summarize publishing result.,Configured Plan,Published Visit Plan,Visits become available to inspectors immediately.,Planner,"Notification Service, Calendar Service",Visit Plan successfully published.,"module=Visit Planning | capability=Review & Publish | purpose=Final validation before publishing. | user_flow=Review → Publish | user_actions=Review and confirm. | system_actions=Validate duplicates, create Visit Plan, create Visits, notify inspectors, update calendars, audit. | ai_actions=Summarize publishing result. | inputs=Configured Plan | outputs=Published Visit Plan | business_rules=Visits become available to inspectors immediately. | personas=Planner | dependencies=Notification Service, Calendar Service | source_acceptance_criteria=Visit Plan successfully published.",PHASE1_WEB,,MOD-03,M2,/planning/**;/visits/**,SAQEEL Planning;SAQEEL Visits,WA-AC-0020,,,WA-EV-0020,BASELINED_NOT_IMPLEMENTED
CR-021,SRC-CUST-001,c2ab27f60bf697780acf16d2b50f0f359b1bf78c1b89725bad3b1ab3005f04b9,Visit Planning-Planning,Visit Planning-Planning!22,Visit Planning,Select Planning Method,Allow planner to choose how inspection visits will be created.,Visit Planning → Create Visit → Select Bulk Planning,Select Bulk Planning.,Load Bulk Planning workspace.,N/A,Planning Method,Bulk Planning workspace,Planner must select one planning method before proceeding.,Planner,Visit Planning Permission,Bulk Planning workspace opens successfully.,module=Visit Planning | capability=Select Planning Method | purpose=Allow planner to choose how inspection visits will be created. | user_flow=Visit Planning → Create Visit → Select Bulk Planning | user_actions=Select Bulk Planning. | system_actions=Load Bulk Planning workspace. | ai_actions=N/A | inputs=Planning Method | outputs=Bulk Planning workspace | business_rules=Planner must select one planning method before proceeding. | personas=Planner | dependencies=Visit Planning Permission | source_acceptance_criteria=Bulk Planning workspace opens successfully.,PHASE1_WEB,,MOD-03,M2,/planning/**;/visits/**,SAQEEL Planning;SAQEEL Visits,WA-AC-0021,,,WA-EV-0021,BASELINED_NOT_IMPLEMENTED
CR-022,SRC-CUST-001,c2ab27f60bf697780acf16d2b50f0f359b1bf78c1b89725bad3b1ab3005f04b9,Visit Planning-Planning,Visit Planning-Planning!23,Visit Planning,Build Planning Criteria,Define which factories should be inspected.,Bulk Planning → Criteria Builder,"Add, remove and combine filter keys using AND / OR logic.",Validate filters and prepare search query.,Suggest frequently used filters and recommended criteria (Future).,"Activity, Region, City, License Stage, License Status, Factory Status, Risk Level, Number of Violations, Number of Employees, Last Inspection Date, Inspection Type, Industrial City, Business Category and any configured factory attribute.",Planning Criteria,Unlimited filters are supported. Multiple AND/OR conditions are allowed.,Planner,"Factory Master Data, Search Engine",Planner can successfully define one or more planning criteria.,"module=Visit Planning | capability=Build Planning Criteria | purpose=Define which factories should be inspected. | user_flow=Bulk Planning → Criteria Builder | user_actions=Add, remove and combine filter keys using AND / OR logic. | system_actions=Validate filters and prepare search query. | ai_actions=Suggest frequently used filters and recommended criteria (Future). | inputs=Activity, Region, City, License Stage, License Status, Factory Status, Risk Level, Number of Violations, Number of Employees, Last Inspection Date, Inspection Type, Industrial City, Business Category and any configured factory attribute. | outputs=Planning Criteria | business_rules=Unlimited filters are supported. Multiple AND/OR conditions are allowed. | personas=Planner | dependencies=Factory Master Data, Search Engine | source_acceptance_criteria=Planner can successfully define one or more planning criteria.",PHASE1_WEB,,MOD-03,M2,/planning/**;/visits/**,SAQEEL Planning;SAQEEL Visits,WA-AC-0022,,,WA-EV-0022,BASELINED_NOT_IMPLEMENTED
CR-023,SRC-CUST-001,c2ab27f60bf697780acf16d2b50f0f359b1bf78c1b89725bad3b1ab3005f04b9,Visit Planning-Planning,Visit Planning-Planning!24,Visit Planning,Search Target Factories,Retrieve factories matching the planning criteria.,Build Criteria → Search,Click Search.,Execute search and retrieve all matching factories.,Rank factories based on calculated inspection risk (Future).,Planning Criteria,Factory List,Only factories satisfying the selected criteria are returned.,Planner,Factory Repository,Matching factories are displayed successfully.,module=Visit Planning | capability=Search Target Factories | purpose=Retrieve factories matching the planning criteria. | user_flow=Build Criteria → Search | user_actions=Click Search. | system_actions=Execute search and retrieve all matching factories. | ai_actions=Rank factories based on calculated inspection risk (Future). | inputs=Planning Criteria | outputs=Factory List | business_rules=Only factories satisfying the selected criteria are returned. | personas=Planner | dependencies=Factory Repository | source_acceptance_criteria=Matching factories are displayed successfully.,PHASE1_WEB,,MOD-03,M2,/planning/**;/visits/**,SAQEEL Planning;SAQEEL Visits,WA-AC-0023,,,WA-EV-0023,BASELINED_NOT_IMPLEMENTED
CR-024,SRC-CUST-001,c2ab27f60bf697780acf16d2b50f0f359b1bf78c1b89725bad3b1ab3005f04b9,Visit Planning-Planning,Visit Planning-Planning!25,Visit Planning,Review Target Factories,Review retrieved factories before planning visits.,Search Results,"View factory details, sort list, filter results, open factory profile.",Display complete factory information.,"Highlight factories with abnormal risk, overdue inspections or high violations (Future).",Retrieved Factory List,Reviewed Factory List,No visits are created during review.,Planner,Factory Repository,Planner can review all returned factories.,"module=Visit Planning | capability=Review Target Factories | purpose=Review retrieved factories before planning visits. | user_flow=Search Results | user_actions=View factory details, sort list, filter results, open factory profile. | system_actions=Display complete factory information. | ai_actions=Highlight factories with abnormal risk, overdue inspections or high violations (Future). | inputs=Retrieved Factory List | outputs=Reviewed Factory List | business_rules=No visits are created during review. | personas=Planner | dependencies=Factory Repository | source_acceptance_criteria=Planner can review all returned factories.",PHASE1_WEB,,MOD-03,M2,/planning/**;/visits/**,SAQEEL Planning;SAQEEL Visits,WA-AC-0024,,,WA-EV-0024,BASELINED_NOT_IMPLEMENTED
CR-025,SRC-CUST-001,c2ab27f60bf697780acf16d2b50f0f359b1bf78c1b89725bad3b1ab3005f04b9,Visit Planning-Planning,Visit Planning-Planning!26,Visit Planning,Select Target Factories,Build the final inspection scope.,Review Results → Selection,"Select, unselect or select all factories.",Store selected factories.,Recommend additional factories with similar risk profile (Future).,Factory List,Selected Factory List,Only selected factories proceed to planning.,Planner,Retrieved Factory List,Only selected factories are included in the Visit Plan.,"module=Visit Planning | capability=Select Target Factories | purpose=Build the final inspection scope. | user_flow=Review Results → Selection | user_actions=Select, unselect or select all factories. | system_actions=Store selected factories. | ai_actions=Recommend additional factories with similar risk profile (Future). | inputs=Factory List | outputs=Selected Factory List | business_rules=Only selected factories proceed to planning. | personas=Planner | dependencies=Retrieved Factory List | source_acceptance_criteria=Only selected factories are included in the Visit Plan.",PHASE1_WEB,,MOD-03,M2,/planning/**;/visits/**,SAQEEL Planning;SAQEEL Visits,WA-AC-0025,,,WA-EV-0025,BASELINED_NOT_IMPLEMENTED
CR-026,SRC-CUST-001,c2ab27f60bf697780acf16d2b50f0f359b1bf78c1b89725bad3b1ab3005f04b9,Visit Planning-Planning,Visit Planning-Planning!27,Visit Planning,AI Planning Summary,Provide planning insights before creating visits.,Factory Selection → AI Summary,Review AI recommendations.,Generate campaign summary.,"Summarize inspection coverage, identify hotspots, highlight overloaded regions, estimate workload, identify high-risk factories and recommend inspection priorities.",Selected Factory List,AI Planning Summary,AI recommendations are advisory only and do not modify the plan automatically.,"Planner, AI",AI Recommendation Engine,AI summary is generated successfully before publishing.,"module=Visit Planning | capability=AI Planning Summary | purpose=Provide planning insights before creating visits. | user_flow=Factory Selection → AI Summary | user_actions=Review AI recommendations. | system_actions=Generate campaign summary. | ai_actions=Summarize inspection coverage, identify hotspots, highlight overloaded regions, estimate workload, identify high-risk factories and recommend inspection priorities. | inputs=Selected Factory List | outputs=AI Planning Summary | business_rules=AI recommendations are advisory only and do not modify the plan automatically. | personas=Planner, AI | dependencies=AI Recommendation Engine | source_acceptance_criteria=AI summary is generated successfully before publishing.",OPEN_BUSINESS_DECISION,,MOD-03,M2,/planning/**;/visits/**,SAQEEL Planning;SAQEEL Visits,WA-AC-0026,DEC-026,,WA-EV-0026,BASELINED_NOT_IMPLEMENTED
CR-027,SRC-CUST-001,c2ab27f60bf697780acf16d2b50f0f359b1bf78c1b89725bad3b1ab3005f04b9,Visit Planning-Planning,Visit Planning-Planning!28,Visit Planning,Configure Visit Details,Define the common visit configuration for all selected factories.,Planning Configuration,"Configure Business Visit Type, Visit Window, Assignment Method and Notes.",Validate mandatory information.,Recommend optimal visit window based on inspector availability (Future).,"Business Visit Type, Visit Window, Assignment Method (Auto/Manual), Notes",Configured Visit Plan,Configuration applies to every generated visit.,Planner,Visit Configuration Master Data,Planner completes all mandatory visit configuration fields.,"module=Visit Planning | capability=Configure Visit Details | purpose=Define the common visit configuration for all selected factories. | user_flow=Planning Configuration | user_actions=Configure Business Visit Type, Visit Window, Assignment Method and Notes. | system_actions=Validate mandatory information. | ai_actions=Recommend optimal visit window based on inspector availability (Future). | inputs=Business Visit Type, Visit Window, Assignment Method (Auto/Manual), Notes | outputs=Configured Visit Plan | business_rules=Configuration applies to every generated visit. | personas=Planner | dependencies=Visit Configuration Master Data | source_acceptance_criteria=Planner completes all mandatory visit configuration fields.",PHASE1_WEB,,MOD-03,M2,/planning/**;/visits/**,SAQEEL Planning;SAQEEL Visits,WA-AC-0027,,,WA-EV-0027,BASELINED_NOT_IMPLEMENTED
CR-028,SRC-CUST-001,c2ab27f60bf697780acf16d2b50f0f359b1bf78c1b89725bad3b1ab3005f04b9,Visit Planning-Planning,Visit Planning-Planning!29,Visit Planning,Automatic Inspector Assignment,Automatically distribute visits among inspectors.,Assignment → Auto Assignment,Select Auto Assignment.,Assign inspectors according to configured strategy.,"Recommend assignment using workload balancing, inspector capacity, geographical proximity, specialization, previous inspections and region ownership.",Assignment Strategy,Assigned Visits,Every generated visit must have one assigned inspector before publishing.,"Planner, System","Inspector Master Data, Assignment Engine",All visits receive inspector assignments automatically.,"module=Visit Planning | capability=Automatic Inspector Assignment | purpose=Automatically distribute visits among inspectors. | user_flow=Assignment → Auto Assignment | user_actions=Select Auto Assignment. | system_actions=Assign inspectors according to configured strategy. | ai_actions=Recommend assignment using workload balancing, inspector capacity, geographical proximity, specialization, previous inspections and region ownership. | inputs=Assignment Strategy | outputs=Assigned Visits | business_rules=Every generated visit must have one assigned inspector before publishing. | personas=Planner, System | dependencies=Inspector Master Data, Assignment Engine | source_acceptance_criteria=All visits receive inspector assignments automatically.",PHASE1_WEB,,MOD-06,M2,/planning/**;/visits/**,SAQEEL Planning;SAQEEL Visits,WA-AC-0028,,,WA-EV-0028,BASELINED_NOT_IMPLEMENTED
CR-029,SRC-CUST-001,c2ab27f60bf697780acf16d2b50f0f359b1bf78c1b89725bad3b1ab3005f04b9,Visit Planning-Planning,Visit Planning-Planning!30,Visit Planning,Manual Inspector Assignment,Allow planner to manually override inspector assignments.,Assignment → Manual Assignment,Select inspector for one or multiple visits.,Validate inspector eligibility and assignment conflicts.,Recommend a better inspector if workload or location is unsuitable (Future).,Inspector Selection,Assigned Visits,Manual assignment overrides automatic assignment.,Planner,Inspector Master Data,Planner successfully assigns inspectors manually.,module=Visit Planning | capability=Manual Inspector Assignment | purpose=Allow planner to manually override inspector assignments. | user_flow=Assignment → Manual Assignment | user_actions=Select inspector for one or multiple visits. | system_actions=Validate inspector eligibility and assignment conflicts. | ai_actions=Recommend a better inspector if workload or location is unsuitable (Future). | inputs=Inspector Selection | outputs=Assigned Visits | business_rules=Manual assignment overrides automatic assignment. | personas=Planner | dependencies=Inspector Master Data | source_acceptance_criteria=Planner successfully assigns inspectors manually.,PHASE1_WEB,,MOD-06,M2,/planning/**;/visits/**,SAQEEL Planning;SAQEEL Visits,WA-AC-0029,,,WA-EV-0029,BASELINED_NOT_IMPLEMENTED
CR-030,SRC-CUST-001,c2ab27f60bf697780acf16d2b50f0f359b1bf78c1b89725bad3b1ab3005f04b9,Visit Planning-Planning,Visit Planning-Planning!31,Visit Planning,Review Visit Plan,Review the complete Visit Plan before publishing.,Review → Publish,"Review selected factories, assignments and visit configuration.","Validate mandatory data, detect duplicate visits and highlight validation errors.",Summarize campaign readiness and highlight issues requiring attention (Future).,Configured Visit Plan,Ready-to-Publish Visit Plan,Publishing is blocked until all mandatory validations pass.,Planner,Validation Engine,Planner successfully reviews the Visit Plan before publishing.,"module=Visit Planning | capability=Review Visit Plan | purpose=Review the complete Visit Plan before publishing. | user_flow=Review → Publish | user_actions=Review selected factories, assignments and visit configuration. | system_actions=Validate mandatory data, detect duplicate visits and highlight validation errors. | ai_actions=Summarize campaign readiness and highlight issues requiring attention (Future). | inputs=Configured Visit Plan | outputs=Ready-to-Publish Visit Plan | business_rules=Publishing is blocked until all mandatory validations pass. | personas=Planner | dependencies=Validation Engine | source_acceptance_criteria=Planner successfully reviews the Visit Plan before publishing.",PHASE1_WEB,,MOD-03,M2,/planning/**;/visits/**,SAQEEL Planning;SAQEEL Visits,WA-AC-0030,,,WA-EV-0030,BASELINED_NOT_IMPLEMENTED
CR-031,SRC-CUST-001,c2ab27f60bf697780acf16d2b50f0f359b1bf78c1b89725bad3b1ab3005f04b9,Visit Planning-Planning,Visit Planning-Planning!32,Visit Planning,Publish Visit Plan,Generate operational inspection visits.,Review → Publish → Confirmation,Confirm publishing.,"Create Visit Plan, generate individual Visit IDs, assign inspectors, update inspector calendars, send notifications, create audit records and move visits to Published status.",Summarize publishing results and provide operational insights (Future).,Approved Visit Plan,Published Visit Plan + Individual Visits,"Every Visit receives a unique Visit ID. All Visits inherit the same Visit Plan ID. Inspectors receive only individual Visits, never the Visit Plan.","Planner, System","Notification Service, Calendar Service, Audit Service, Visit Repository","Visit Plan is published successfully. Individual visits are created, assigned, audited and visible to inspectors.","module=Visit Planning | capability=Publish Visit Plan | purpose=Generate operational inspection visits. | user_flow=Review → Publish → Confirmation | user_actions=Confirm publishing. | system_actions=Create Visit Plan, generate individual Visit IDs, assign inspectors, update inspector calendars, send notifications, create audit records and move visits to Published status. | ai_actions=Summarize publishing results and provide operational insights (Future). | inputs=Approved Visit Plan | outputs=Published Visit Plan + Individual Visits | business_rules=Every Visit receives a unique Visit ID. All Visits inherit the same Visit Plan ID. Inspectors receive only individual Visits, never the Visit Plan. | personas=Planner, System | dependencies=Notification Service, Calendar Service, Audit Service, Visit Repository | source_acceptance_criteria=Visit Plan is published successfully. Individual visits are created, assigned, audited and visible to inspectors.",PHASE1_WEB,,MOD-03,M2,/planning/**;/visits/**,SAQEEL Planning;SAQEEL Visits,WA-AC-0031,,,WA-EV-0031,BASELINED_NOT_IMPLEMENTED
CR-032,SRC-CUST-001,c2ab27f60bf697780acf16d2b50f0f359b1bf78c1b89725bad3b1ab3005f04b9,Visit Planning-Planning,Visit Planning-Planning!33,Visit Planning,Bulk Edit Visit Plan,Allow planner to update multiple visits belonging to the same Visit Plan before execution starts.,Visit Management → Visit Plan → Bulk Edit,Modify one or more fields and save changes.,Apply updates to all selected child visits and record audit logs.,Highlight affected inspectors and recommend reassignment if required (Future).,"Business Visit Type, Visit Window, Inspector Assignment, Factory Location, Notes",Updated Visits,Bulk Edit is allowed only before any selected visit has started inspection. All editable fields are supported.,Planner,Published Visit Plan,All selected visits are updated successfully.,"module=Visit Planning | capability=Bulk Edit Visit Plan | purpose=Allow planner to update multiple visits belonging to the same Visit Plan before execution starts. | user_flow=Visit Management → Visit Plan → Bulk Edit | user_actions=Modify one or more fields and save changes. | system_actions=Apply updates to all selected child visits and record audit logs. | ai_actions=Highlight affected inspectors and recommend reassignment if required (Future). | inputs=Business Visit Type, Visit Window, Inspector Assignment, Factory Location, Notes | outputs=Updated Visits | business_rules=Bulk Edit is allowed only before any selected visit has started inspection. All editable fields are supported. | personas=Planner | dependencies=Published Visit Plan | source_acceptance_criteria=All selected visits are updated successfully.",PHASE1_WEB,,MOD-05,M2,/planning/bulk/**,SAQEEL Planning;SAQEEL Planning Identity,WA-AC-0032,,,WA-EV-0032,BASELINED_NOT_IMPLEMENTED
CR-033,SRC-CUST-001,c2ab27f60bf697780acf16d2b50f0f359b1bf78c1b89725bad3b1ab3005f04b9,Visit Planning-Planning,Visit Planning-Planning!34,Visit Planning,Bulk Cancel Visits,Cancel one or multiple visits belonging to the same Visit Plan.,Visit Plan → Bulk Cancel,Select visits and provide cancellation reason.,"Cancel selected visits, notify inspectors and record audit logs.",N/A,"Selected Visits, Cancellation Reason",Cancelled Visits,Only visits that have not started inspection can be cancelled.,Planner,Published Visits,Selected visits are successfully cancelled and inspectors are notified.,"module=Visit Planning | capability=Bulk Cancel Visits | purpose=Cancel one or multiple visits belonging to the same Visit Plan. | user_flow=Visit Plan → Bulk Cancel | user_actions=Select visits and provide cancellation reason. | system_actions=Cancel selected visits, notify inspectors and record audit logs. | ai_actions=N/A | inputs=Selected Visits, Cancellation Reason | outputs=Cancelled Visits | business_rules=Only visits that have not started inspection can be cancelled. | personas=Planner | dependencies=Published Visits | source_acceptance_criteria=Selected visits are successfully cancelled and inspectors are notified.",PHASE1_WEB,,MOD-05,M2,/planning/bulk/**,SAQEEL Planning;SAQEEL Planning Identity,WA-AC-0033,,,WA-EV-0033,BASELINED_NOT_IMPLEMENTED
CR-034,SRC-CUST-001,c2ab27f60bf697780acf16d2b50f0f359b1bf78c1b89725bad3b1ab3005f04b9,Visit Planning-Planning,Visit Planning-Planning!35,Visit Planning,Select Single Planning,Allow the planner to create an individual planned inspection visit.,Visit Planning → Create Visit → Single Planning,Select Single Planning.,Load the Single Planning workspace.,N/A,Planning Method,Single Planning workspace,Only one factory can be planned within a Single Visit Plan.,Planner,Visit Planning Permission,Single Planning workspace opens successfully.,module=Visit Planning | capability=Select Single Planning | purpose=Allow the planner to create an individual planned inspection visit. | user_flow=Visit Planning → Create Visit → Single Planning | user_actions=Select Single Planning. | system_actions=Load the Single Planning workspace. | ai_actions=N/A | inputs=Planning Method | outputs=Single Planning workspace | business_rules=Only one factory can be planned within a Single Visit Plan. | personas=Planner | dependencies=Visit Planning Permission | source_acceptance_criteria=Single Planning workspace opens successfully.,PHASE1_WEB,,MOD-04,M2,/planning/single;/planning/immediate,SAQEEL Planning,WA-AC-0034,,,WA-EV-0034,BASELINED_NOT_IMPLEMENTED
CR-035,SRC-CUST-001,c2ab27f60bf697780acf16d2b50f0f359b1bf78c1b89725bad3b1ab3005f04b9,Visit Planning-Planning,Visit Planning-Planning!36,Visit Planning,Search Factory,Locate a factory using available identifiers.,Single Planning → Search,Search using CR Number or Industrial License Number.,Validate search input and retrieve matching records.,Suggest previous searches or frequently inspected factories (Future).,CR Number / Industrial License Number,Factory Search Result,Search supports CR and Industrial License only.,Planner,"Commercial Registration Integration, Industrial License Integration",Matching factory information is successfully retrieved.,"module=Visit Planning | capability=Search Factory | purpose=Locate a factory using available identifiers. | user_flow=Single Planning → Search | user_actions=Search using CR Number or Industrial License Number. | system_actions=Validate search input and retrieve matching records. | ai_actions=Suggest previous searches or frequently inspected factories (Future). | inputs=CR Number / Industrial License Number | outputs=Factory Search Result | business_rules=Search supports CR and Industrial License only. | personas=Planner | dependencies=Commercial Registration Integration, Industrial License Integration | source_acceptance_criteria=Matching factory information is successfully retrieved.",PHASE1_WEB,,MOD-03,M2,/planning/**;/visits/**,SAQEEL Planning;SAQEEL Visits,WA-AC-0035,,,WA-EV-0035,BASELINED_NOT_IMPLEMENTED
CR-036,SRC-CUST-001,c2ab27f60bf697780acf16d2b50f0f359b1bf78c1b89725bad3b1ab3005f04b9,Visit Planning-Planning,Visit Planning-Planning!37,Visit Planning,Select Industrial License,Allow planner to choose the applicable Industrial License when multiple licenses exist under the same CR.,Search Result → License Selection,Select one Industrial License.,Retrieve selected license details.,Recommend the most relevant license based on previous inspections (Future).,Selected License,Active Factory Profile,"If multiple licenses exist, one license must be selected before proceeding.",Planner,Industrial License Repository,Planner successfully selects the intended Industrial License.,"module=Visit Planning | capability=Select Industrial License | purpose=Allow planner to choose the applicable Industrial License when multiple licenses exist under the same CR. | user_flow=Search Result → License Selection | user_actions=Select one Industrial License. | system_actions=Retrieve selected license details. | ai_actions=Recommend the most relevant license based on previous inspections (Future). | inputs=Selected License | outputs=Active Factory Profile | business_rules=If multiple licenses exist, one license must be selected before proceeding. | personas=Planner | dependencies=Industrial License Repository | source_acceptance_criteria=Planner successfully selects the intended Industrial License.",PHASE1_WEB,,MOD-03,M2,/planning/**;/visits/**,SAQEEL Planning;SAQEEL Visits,WA-AC-0036,,,WA-EV-0036,BASELINED_NOT_IMPLEMENTED
CR-037,SRC-CUST-001,c2ab27f60bf697780acf16d2b50f0f359b1bf78c1b89725bad3b1ab3005f04b9,Visit Planning-Planning,Visit Planning-Planning!38,Visit Planning,Retrieve Factory Profile,Display complete business information before planning the visit.,License Selection → Factory Profile,Review retrieved information.,"Display factory information including CR, Industrial License, Factory Name, Region, City, License Stage and Status.",Highlight overdue inspections or previous violations (Future).,Factory Identifier,Factory Profile,Factory information is read-only except location.,Planner,Factory Master Data,Factory profile is displayed successfully.,"module=Visit Planning | capability=Retrieve Factory Profile | purpose=Display complete business information before planning the visit. | user_flow=License Selection → Factory Profile | user_actions=Review retrieved information. | system_actions=Display factory information including CR, Industrial License, Factory Name, Region, City, License Stage and Status. | ai_actions=Highlight overdue inspections or previous violations (Future). | inputs=Factory Identifier | outputs=Factory Profile | business_rules=Factory information is read-only except location. | personas=Planner | dependencies=Factory Master Data | source_acceptance_criteria=Factory profile is displayed successfully.",PHASE1_WEB,,MOD-03,M2,/planning/**;/visits/**,SAQEEL Planning;SAQEEL Visits,WA-AC-0037,,,WA-EV-0037,BASELINED_NOT_IMPLEMENTED
CR-038,SRC-CUST-001,c2ab27f60bf697780acf16d2b50f0f359b1bf78c1b89725bad3b1ab3005f04b9,Visit Planning-Planning,Visit Planning-Planning!39,Visit Planning,Verify Factory Location,Ensure the inspection location is correct before publishing.,Factory Profile → Location,"Confirm location, modify map pin or manually pin a new location.",Display existing location and save updates if modified.,Detect possible incorrect locations using historical inspections (Future).,Existing Location / Manual Pin,Verified Location,Planner may override the stored location before publishing. System should distinguish between the official registered location and the planner-updated location.,Planner,GIS / Map Service,Verified location is successfully saved.,"module=Visit Planning | capability=Verify Factory Location | purpose=Ensure the inspection location is correct before publishing. | user_flow=Factory Profile → Location | user_actions=Confirm location, modify map pin or manually pin a new location. | system_actions=Display existing location and save updates if modified. | ai_actions=Detect possible incorrect locations using historical inspections (Future). | inputs=Existing Location / Manual Pin | outputs=Verified Location | business_rules=Planner may override the stored location before publishing. System should distinguish between the official registered location and the planner-updated location. | personas=Planner | dependencies=GIS / Map Service | source_acceptance_criteria=Verified location is successfully saved.",PHASE1_WEB,,MOD-03,M2,/planning/**;/visits/**,SAQEEL Planning;SAQEEL Visits,WA-AC-0038,,,WA-EV-0038,BASELINED_NOT_IMPLEMENTED
CR-039,SRC-CUST-001,c2ab27f60bf697780acf16d2b50f0f359b1bf78c1b89725bad3b1ab3005f04b9,Visit Planning-Planning,Visit Planning-Planning!40,Visit Planning,Configure Visit Details,Configure visit information for the selected factory.,Configure Visit,"Select Business Visit Type, Visit Window, Assignment Method and Notes.",Validate mandatory fields.,Recommend visit window based on inspector workload (Future).,"Business Visit Type, Visit Window, Assignment Method, Notes",Configured Visit,Configuration applies only to the selected visit.,Planner,Visit Configuration Master Data,Planner completes all required fields successfully.,"module=Visit Planning | capability=Configure Visit Details | purpose=Configure visit information for the selected factory. | user_flow=Configure Visit | user_actions=Select Business Visit Type, Visit Window, Assignment Method and Notes. | system_actions=Validate mandatory fields. | ai_actions=Recommend visit window based on inspector workload (Future). | inputs=Business Visit Type, Visit Window, Assignment Method, Notes | outputs=Configured Visit | business_rules=Configuration applies only to the selected visit. | personas=Planner | dependencies=Visit Configuration Master Data | source_acceptance_criteria=Planner completes all required fields successfully.",PHASE1_WEB,,MOD-03,M2,/planning/**;/visits/**,SAQEEL Planning;SAQEEL Visits,WA-AC-0039,,,WA-EV-0039,BASELINED_NOT_IMPLEMENTED
CR-040,SRC-CUST-001,c2ab27f60bf697780acf16d2b50f0f359b1bf78c1b89725bad3b1ab3005f04b9,Visit Planning-Planning,Visit Planning-Planning!41,Visit Planning,Assign Inspector,Assign the visit to an inspector.,Assignment,Select Auto Assignment or Manual Assignment.,Assign inspector and validate availability.,"Recommend inspector using workload, capacity, proximity and specialization.",Assignment Method,Assigned Visit,Every visit must have one assigned inspector before publishing.,Planner,"Inspector Master Data, Assignment Engine",Visit is successfully assigned.,"module=Visit Planning | capability=Assign Inspector | purpose=Assign the visit to an inspector. | user_flow=Assignment | user_actions=Select Auto Assignment or Manual Assignment. | system_actions=Assign inspector and validate availability. | ai_actions=Recommend inspector using workload, capacity, proximity and specialization. | inputs=Assignment Method | outputs=Assigned Visit | business_rules=Every visit must have one assigned inspector before publishing. | personas=Planner | dependencies=Inspector Master Data, Assignment Engine | source_acceptance_criteria=Visit is successfully assigned.",PHASE1_WEB,,MOD-06,M2,/planning/**;/visits/**,SAQEEL Planning;SAQEEL Visits,WA-AC-0040,,,WA-EV-0040,BASELINED_NOT_IMPLEMENTED
CR-041,SRC-CUST-001,c2ab27f60bf697780acf16d2b50f0f359b1bf78c1b89725bad3b1ab3005f04b9,Visit Planning-Planning,Visit Planning-Planning!42,Visit Planning,Review Single Visit,Review the complete visit before publishing.,Review → Publish,"Review factory information, assignment and visit configuration.","Validate duplicate visits, mandatory fields and planning rules.",Highlight possible conflicts before publishing (Future).,Configured Visit,Ready-to-Publish Visit,Publishing is blocked until validation passes.,Planner,Validation Engine,Planner successfully reviews the visit.,"module=Visit Planning | capability=Review Single Visit | purpose=Review the complete visit before publishing. | user_flow=Review → Publish | user_actions=Review factory information, assignment and visit configuration. | system_actions=Validate duplicate visits, mandatory fields and planning rules. | ai_actions=Highlight possible conflicts before publishing (Future). | inputs=Configured Visit | outputs=Ready-to-Publish Visit | business_rules=Publishing is blocked until validation passes. | personas=Planner | dependencies=Validation Engine | source_acceptance_criteria=Planner successfully reviews the visit.",PHASE1_WEB,,MOD-04,M2,/planning/single;/planning/immediate,SAQEEL Planning,WA-AC-0041,,,WA-EV-0041,BASELINED_NOT_IMPLEMENTED
CR-042,SRC-CUST-001,c2ab27f60bf697780acf16d2b50f0f359b1bf78c1b89725bad3b1ab3005f04b9,Visit Planning-Planning,Visit Planning-Planning!43,Visit Planning,Publish Single Visit,Publish the visit and assign it to the inspector.,Publish → Confirmation,Confirm publishing.,"Generate Visit ID, assign inspector, update calendar, notify inspector and record audit logs.",Summarize publishing outcome (Future).,Approved Visit,Published Visit,A Single Visit creates one Visit Plan containing one Visit. The inspector receives only the Visit.,"Planner, System","Notification Service, Calendar Service, Audit Service",Visit is successfully published and available in the inspector's work queue.,"module=Visit Planning | capability=Publish Single Visit | purpose=Publish the visit and assign it to the inspector. | user_flow=Publish → Confirmation | user_actions=Confirm publishing. | system_actions=Generate Visit ID, assign inspector, update calendar, notify inspector and record audit logs. | ai_actions=Summarize publishing outcome (Future). | inputs=Approved Visit | outputs=Published Visit | business_rules=A Single Visit creates one Visit Plan containing one Visit. The inspector receives only the Visit. | personas=Planner, System | dependencies=Notification Service, Calendar Service, Audit Service | source_acceptance_criteria=Visit is successfully published and available in the inspector's work queue.",PHASE1_WEB,,MOD-04,M2,/planning/single;/planning/immediate,SAQEEL Planning,WA-AC-0042,,,WA-EV-0042,BASELINED_NOT_IMPLEMENTED
CR-043,SRC-CUST-001,c2ab27f60bf697780acf16d2b50f0f359b1bf78c1b89725bad3b1ab3005f04b9,Visit Planning-Planning,Visit Planning-Planning!44,Visit Planning,Select Immediate Visit,Allow planners or inspectors to immediately create an inspection without following the normal planning process.,Visit Planning → Create Visit → Immediate Visit,Select Immediate Visit.,Load Immediate Visit workspace.,N/A,Planning Method,Immediate Visit workspace,Immediate Visits bypass Visit Plans and create a Visit directly.,"Planner, Inspector",Visit Planning Permission,Immediate Visit workspace opens successfully.,"module=Visit Planning | capability=Select Immediate Visit | purpose=Allow planners or inspectors to immediately create an inspection without following the normal planning process. | user_flow=Visit Planning → Create Visit → Immediate Visit | user_actions=Select Immediate Visit. | system_actions=Load Immediate Visit workspace. | ai_actions=N/A | inputs=Planning Method | outputs=Immediate Visit workspace | business_rules=Immediate Visits bypass Visit Plans and create a Visit directly. | personas=Planner, Inspector | dependencies=Visit Planning Permission | source_acceptance_criteria=Immediate Visit workspace opens successfully.",PHASE1_WEB,,MOD-04,M2,/planning/single;/planning/immediate,SAQEEL Planning,WA-AC-0043,,,WA-EV-0043,BASELINED_NOT_IMPLEMENTED
CR-044,SRC-CUST-001,c2ab27f60bf697780acf16d2b50f0f359b1bf78c1b89725bad3b1ab3005f04b9,Visit Planning-Planning,Visit Planning-Planning!45,Visit Planning,Search Existing Factory,Allow user to search for an existing factory before creating the visit.,Immediate Visit → Search,Search using CR Number or Industrial License Number.,Retrieve factory information if available.,Suggest recent inspections for the factory (Future).,CR Number / Industrial License Number,Factory Profile,Factory search is optional. Immediate Visits can continue even when no record is found.,"Planner, Inspector","Commercial Registration Integration, Industrial License Integration",Factory information is successfully retrieved when available.,"module=Visit Planning | capability=Search Existing Factory | purpose=Allow user to search for an existing factory before creating the visit. | user_flow=Immediate Visit → Search | user_actions=Search using CR Number or Industrial License Number. | system_actions=Retrieve factory information if available. | ai_actions=Suggest recent inspections for the factory (Future). | inputs=CR Number / Industrial License Number | outputs=Factory Profile | business_rules=Factory search is optional. Immediate Visits can continue even when no record is found. | personas=Planner, Inspector | dependencies=Commercial Registration Integration, Industrial License Integration | source_acceptance_criteria=Factory information is successfully retrieved when available.",PHASE1_WEB,,MOD-03,M2,/planning/**;/visits/**,SAQEEL Planning;SAQEEL Visits,WA-AC-0044,,,WA-EV-0044,BASELINED_NOT_IMPLEMENTED
CR-045,SRC-CUST-001,c2ab27f60bf697780acf16d2b50f0f359b1bf78c1b89725bad3b1ab3005f04b9,Visit Planning-Planning,Visit Planning-Planning!46,Visit Planning,Manual Factory Information,Allow creation of visits for unregistered factories.,Search → No Result / Skip Search,"Enter factory name (optional), CR (optional), Industrial License (optional) and any available business information.",Store manually entered information with the visit.,N/A,Manual Factory Information,Temporary Factory Information,Immediate Visits do not require a registered factory.,"Planner, Inspector",None,User can continue without a CR or Industrial License.,"module=Visit Planning | capability=Manual Factory Information | purpose=Allow creation of visits for unregistered factories. | user_flow=Search → No Result / Skip Search | user_actions=Enter factory name (optional), CR (optional), Industrial License (optional) and any available business information. | system_actions=Store manually entered information with the visit. | ai_actions=N/A | inputs=Manual Factory Information | outputs=Temporary Factory Information | business_rules=Immediate Visits do not require a registered factory. | personas=Planner, Inspector | dependencies=None | source_acceptance_criteria=User can continue without a CR or Industrial License.",PHASE1_WEB,,MOD-03,M2,/planning/**;/visits/**,SAQEEL Planning;SAQEEL Visits,WA-AC-0045,,,WA-EV-0045,BASELINED_NOT_IMPLEMENTED
CR-046,SRC-CUST-001,c2ab27f60bf697780acf16d2b50f0f359b1bf78c1b89725bad3b1ab3005f04b9,Visit Planning-Planning,Visit Planning-Planning!47,Visit Planning,Capture Visit Location,Capture or verify the inspection location.,Factory Information → Location,"Confirm existing location, modify map pin or manually pin a new location.",Save the selected location with the visit.,Detect possible duplicate locations or nearby factories (Future).,GPS Location / Manual Pin,Verified Visit Location,"Location is mandatory before the visit can be created. If no registered location exists, planner or inspector must manually identify it.","Planner, Inspector",GIS / Map Service,Visit location is successfully captured.,"module=Visit Planning | capability=Capture Visit Location | purpose=Capture or verify the inspection location. | user_flow=Factory Information → Location | user_actions=Confirm existing location, modify map pin or manually pin a new location. | system_actions=Save the selected location with the visit. | ai_actions=Detect possible duplicate locations or nearby factories (Future). | inputs=GPS Location / Manual Pin | outputs=Verified Visit Location | business_rules=Location is mandatory before the visit can be created. If no registered location exists, planner or inspector must manually identify it. | personas=Planner, Inspector | dependencies=GIS / Map Service | source_acceptance_criteria=Visit location is successfully captured.",PHASE1_WEB,,MOD-03,M2,/planning/**;/visits/**,SAQEEL Planning;SAQEEL Visits,WA-AC-0046,,,WA-EV-0046,BASELINED_NOT_IMPLEMENTED
CR-047,SRC-CUST-001,c2ab27f60bf697780acf16d2b50f0f359b1bf78c1b89725bad3b1ab3005f04b9,Visit Planning-Planning,Visit Planning-Planning!48,Visit Planning,Configure Immediate Visit,Configure the visit before starting or assigning it.,Configure Visit,"Select Business Visit Type, Visit Window (Planner only), Notes and Priority (Optional).",Validate mandatory information.,Recommend Business Visit Type based on factory activity (Future).,"Business Visit Type, Visit Window, Notes",Configured Visit,Planner may schedule an Immediate Visit. Inspector-created Immediate Visits start immediately.,"Planner, Inspector",Visit Configuration Master Data,Required information is successfully captured.,"module=Visit Planning | capability=Configure Immediate Visit | purpose=Configure the visit before starting or assigning it. | user_flow=Configure Visit | user_actions=Select Business Visit Type, Visit Window (Planner only), Notes and Priority (Optional). | system_actions=Validate mandatory information. | ai_actions=Recommend Business Visit Type based on factory activity (Future). | inputs=Business Visit Type, Visit Window, Notes | outputs=Configured Visit | business_rules=Planner may schedule an Immediate Visit. Inspector-created Immediate Visits start immediately. | personas=Planner, Inspector | dependencies=Visit Configuration Master Data | source_acceptance_criteria=Required information is successfully captured.",PHASE1_WEB,,MOD-04,M2,/planning/single;/planning/immediate,SAQEEL Planning,WA-AC-0047,,,WA-EV-0047,BASELINED_NOT_IMPLEMENTED
CR-048,SRC-CUST-001,c2ab27f60bf697780acf16d2b50f0f359b1bf78c1b89725bad3b1ab3005f04b9,Visit Planning-Planning,Visit Planning-Planning!49,Visit Planning,Assign Inspector,Assign the Immediate Visit when created by a planner.,Assignment,Select Auto or Manual Assignment.,Assign inspector and validate assignment.,"Recommend the most suitable inspector using workload, capacity and proximity.",Assignment Method,Assigned Visit,Only Planner-created Immediate Visits require assignment.,Planner,"Inspector Master Data, Assignment Engine",Assigned inspector is successfully linked to the visit.,"module=Visit Planning | capability=Assign Inspector | purpose=Assign the Immediate Visit when created by a planner. | user_flow=Assignment | user_actions=Select Auto or Manual Assignment. | system_actions=Assign inspector and validate assignment. | ai_actions=Recommend the most suitable inspector using workload, capacity and proximity. | inputs=Assignment Method | outputs=Assigned Visit | business_rules=Only Planner-created Immediate Visits require assignment. | personas=Planner | dependencies=Inspector Master Data, Assignment Engine | source_acceptance_criteria=Assigned inspector is successfully linked to the visit.",PHASE1_WEB,,MOD-06,M2,/planning/**;/visits/**,SAQEEL Planning;SAQEEL Visits,WA-AC-0048,,,WA-EV-0048,BASELINED_NOT_IMPLEMENTED
CR-049,SRC-CUST-001,c2ab27f60bf697780acf16d2b50f0f359b1bf78c1b89725bad3b1ab3005f04b9,Visit Planning-Planning,Visit Planning-Planning!50,Visit Planning,Review Immediate Visit,Review visit information before creation.,Review → Create,"Review factory information, location and visit configuration.",Validate mandatory information and duplicate active visits.,Highlight duplicate inspections or nearby active inspections (Future).,Configured Visit,Ready-to-Create Visit,Review step is required only for Planner-created Immediate Visits.,Planner,Validation Engine,Planner successfully reviews the Immediate Visit before creation.,"module=Visit Planning | capability=Review Immediate Visit | purpose=Review visit information before creation. | user_flow=Review → Create | user_actions=Review factory information, location and visit configuration. | system_actions=Validate mandatory information and duplicate active visits. | ai_actions=Highlight duplicate inspections or nearby active inspections (Future). | inputs=Configured Visit | outputs=Ready-to-Create Visit | business_rules=Review step is required only for Planner-created Immediate Visits. | personas=Planner | dependencies=Validation Engine | source_acceptance_criteria=Planner successfully reviews the Immediate Visit before creation.",PHASE1_WEB,,MOD-04,M2,/planning/single;/planning/immediate,SAQEEL Planning,WA-AC-0049,,,WA-EV-0049,BASELINED_NOT_IMPLEMENTED
CR-050,SRC-CUST-001,c2ab27f60bf697780acf16d2b50f0f359b1bf78c1b89725bad3b1ab3005f04b9,Visit Planning-Planning,Visit Planning-Planning!51,Visit Planning,Create Immediate Visit,Create the operational visit.,Create → Confirmation,Confirm creation.,"Generate Visit ID, create audit record and register the visit.",Summarize creation details (Future).,Approved Immediate Visit,Created Visit,Immediate Visits generate a Visit directly without creating a Visit Plan.,"Planner, Inspector","Visit Repository, Audit Service",Immediate Visit is successfully created.,"module=Visit Planning | capability=Create Immediate Visit | purpose=Create the operational visit. | user_flow=Create → Confirmation | user_actions=Confirm creation. | system_actions=Generate Visit ID, create audit record and register the visit. | ai_actions=Summarize creation details (Future). | inputs=Approved Immediate Visit | outputs=Created Visit | business_rules=Immediate Visits generate a Visit directly without creating a Visit Plan. | personas=Planner, Inspector | dependencies=Visit Repository, Audit Service | source_acceptance_criteria=Immediate Visit is successfully created.",PHASE1_WEB,,MOD-04,M2,/planning/single;/planning/immediate,SAQEEL Planning,WA-AC-0050,,,WA-EV-0050,BASELINED_NOT_IMPLEMENTED
CR-051,SRC-CUST-001,c2ab27f60bf697780acf16d2b50f0f359b1bf78c1b89725bad3b1ab3005f04b9,Visit Planning-Planning,Visit Planning-Planning!52,Visit Planning,Start Immediate Inspection,Allow inspectors to begin the inspection immediately after creating the visit.,Create Visit → Start Inspection,Click Start Inspection.,Change Visit Status to Inspection Started and transfer ownership to Visit Execution.,N/A,Created Visit,Inspection Started,"Available only for Inspector-created Immediate Visits. Once inspection starts, the visit follows the standard execution lifecycle.",Inspector,Visit Execution Module,Inspection starts successfully and the visit appears in the execution workspace.,"module=Visit Planning | capability=Start Immediate Inspection | purpose=Allow inspectors to begin the inspection immediately after creating the visit. | user_flow=Create Visit → Start Inspection | user_actions=Click Start Inspection. | system_actions=Change Visit Status to Inspection Started and transfer ownership to Visit Execution. | ai_actions=N/A | inputs=Created Visit | outputs=Inspection Started | business_rules=Available only for Inspector-created Immediate Visits. Once inspection starts, the visit follows the standard execution lifecycle. | personas=Inspector | dependencies=Visit Execution Module | source_acceptance_criteria=Inspection starts successfully and the visit appears in the execution workspace.",PHASE1_WEB,,MOD-04,M2,/planning/single;/planning/immediate,SAQEEL Planning,WA-AC-0051,,,WA-EV-0051,BASELINED_NOT_IMPLEMENTED
CR-052,SRC-CUST-001,c2ab27f60bf697780acf16d2b50f0f359b1bf78c1b89725bad3b1ab3005f04b9,Visit Planning-Planning,Visit Planning-Planning!53,Visit Planning,Notify Assigned Inspector,Notify the assigned inspector when the planner creates an Immediate Visit.,Create Visit,N/A,Send notification and update inspector calendar/work queue.,N/A,Assigned Visit,Inspector Notification,Notifications are generated only when the visit is assigned to another inspector.,System,"Notification Service, Inspector Calendar",Assigned inspector receives the Immediate Visit in their work queue.,"module=Visit Planning | capability=Notify Assigned Inspector | purpose=Notify the assigned inspector when the planner creates an Immediate Visit. | user_flow=Create Visit | user_actions=N/A | system_actions=Send notification and update inspector calendar/work queue. | ai_actions=N/A | inputs=Assigned Visit | outputs=Inspector Notification | business_rules=Notifications are generated only when the visit is assigned to another inspector. | personas=System | dependencies=Notification Service, Inspector Calendar | source_acceptance_criteria=Assigned inspector receives the Immediate Visit in their work queue.",PHASE1_WEB,,MOD-06,M2,/planning/**;/visits/**,SAQEEL Planning;SAQEEL Visits,WA-AC-0052,,,WA-EV-0052,BASELINED_NOT_IMPLEMENTED
CR-053,SRC-CUST-001,c2ab27f60bf697780acf16d2b50f0f359b1bf78c1b89725bad3b1ab3005f04b9,Visit Planning- Mangment,Visit Planning- Mangment!2,Visit Planning,Visit Management Workspace,Provide planners with a centralized workspace to monitor and manage all planned visits before inspection execution.,Visit Planning → Visit Management,Open Visit Management.,"Load KPIs, search, filters and visit list.",Highlight visits requiring attention (Future).,None,Visit Dashboard,Only visits within the planning lifecycle are displayed.,Planner,Visit Repository,Planner can access all planned visits.,"module=Visit Planning | capability=Visit Management Workspace | purpose=Provide planners with a centralized workspace to monitor and manage all planned visits before inspection execution. | user_flow=Visit Planning → Visit Management | user_actions=Open Visit Management. | system_actions=Load KPIs, search, filters and visit list. | ai_actions=Highlight visits requiring attention (Future). | inputs=None | outputs=Visit Dashboard | business_rules=Only visits within the planning lifecycle are displayed. | personas=Planner | dependencies=Visit Repository | source_acceptance_criteria=Planner can access all planned visits.",PHASE1_WEB,,MOD-03,M2,/planning/**;/visits/**,SAQEEL Planning;SAQEEL Visits,WA-AC-0053,,,WA-EV-0053,BASELINED_NOT_IMPLEMENTED
CR-054,SRC-CUST-001,c2ab27f60bf697780acf16d2b50f0f359b1bf78c1b89725bad3b1ab3005f04b9,Visit Planning- Mangment,Visit Planning- Mangment!3,Visit Planning,Visit KPIs,Provide operational visibility of visit statuses.,Workspace → KPI Cards,Select KPI.,"Display Draft, Published, Returned, Cancelled and Expired counts. Selecting a KPI filters the visit list automatically.",Highlight abnormal trends (Future).,Visit Status,KPI Summary,KPIs represent only planning statuses. Inspection execution statuses are excluded.,Planner,Visit Repository,KPI values match the underlying visit records.,"module=Visit Planning | capability=Visit KPIs | purpose=Provide operational visibility of visit statuses. | user_flow=Workspace → KPI Cards | user_actions=Select KPI. | system_actions=Display Draft, Published, Returned, Cancelled and Expired counts. Selecting a KPI filters the visit list automatically. | ai_actions=Highlight abnormal trends (Future). | inputs=Visit Status | outputs=KPI Summary | business_rules=KPIs represent only planning statuses. Inspection execution statuses are excluded. | personas=Planner | dependencies=Visit Repository | source_acceptance_criteria=KPI values match the underlying visit records.",PHASE1_WEB,,MOD-03,M2,/planning/**;/visits/**,SAQEEL Planning;SAQEEL Visits,WA-AC-0054,,,WA-EV-0054,BASELINED_NOT_IMPLEMENTED
CR-055,SRC-CUST-001,c2ab27f60bf697780acf16d2b50f0f359b1bf78c1b89725bad3b1ab3005f04b9,Visit Planning- Mangment,Visit Planning- Mangment!4,Visit Planning,Search Visits,Quickly locate a specific visit.,Search,"Search by Visit ID, Factory Name, CR Number, Industrial License or Inspector.",Retrieve matching visits.,Suggest recent searches (Future).,Search Keyword,Search Results,Partial matching is supported.,Planner,Visit Repository,Matching visits are displayed.,"module=Visit Planning | capability=Search Visits | purpose=Quickly locate a specific visit. | user_flow=Search | user_actions=Search by Visit ID, Factory Name, CR Number, Industrial License or Inspector. | system_actions=Retrieve matching visits. | ai_actions=Suggest recent searches (Future). | inputs=Search Keyword | outputs=Search Results | business_rules=Partial matching is supported. | personas=Planner | dependencies=Visit Repository | source_acceptance_criteria=Matching visits are displayed.",PHASE1_WEB,,MOD-03,M2,/planning/**;/visits/**,SAQEEL Planning;SAQEEL Visits,WA-AC-0055,,,WA-EV-0055,BASELINED_NOT_IMPLEMENTED
CR-056,SRC-CUST-001,c2ab27f60bf697780acf16d2b50f0f359b1bf78c1b89725bad3b1ab3005f04b9,Visit Planning- Mangment,Visit Planning- Mangment!5,Visit Planning,Filter Visits,Narrow the visit list using business filters.,Filter Panel,Apply one or more filters.,Refresh visit list.,Recommend useful filters (Future).,"Status, Business Visit Type, Region, City, Visit Window, Inspector",Filtered Visits,Multiple filters may be combined.,Planner,Visit Repository,Visit list reflects selected filters.,"module=Visit Planning | capability=Filter Visits | purpose=Narrow the visit list using business filters. | user_flow=Filter Panel | user_actions=Apply one or more filters. | system_actions=Refresh visit list. | ai_actions=Recommend useful filters (Future). | inputs=Status, Business Visit Type, Region, City, Visit Window, Inspector | outputs=Filtered Visits | business_rules=Multiple filters may be combined. | personas=Planner | dependencies=Visit Repository | source_acceptance_criteria=Visit list reflects selected filters.",PHASE1_WEB,,MOD-03,M2,/planning/**;/visits/**,SAQEEL Planning;SAQEEL Visits,WA-AC-0056,,,WA-EV-0056,BASELINED_NOT_IMPLEMENTED
CR-057,SRC-CUST-001,c2ab27f60bf697780acf16d2b50f0f359b1bf78c1b89725bad3b1ab3005f04b9,Visit Planning- Mangment,Visit Planning- Mangment!6,Visit Planning,View Visit Details,Review all information related to a planned visit.,Open Visit,View details.,"Display factory profile, location, assignment, visit information, timeline and audit history.",Summarize visit risks (Future).,Selected Visit,Visit Details,Information is read-only until Edit is selected.,Planner,Visit Repository,Planner can access complete visit information.,"module=Visit Planning | capability=View Visit Details | purpose=Review all information related to a planned visit. | user_flow=Open Visit | user_actions=View details. | system_actions=Display factory profile, location, assignment, visit information, timeline and audit history. | ai_actions=Summarize visit risks (Future). | inputs=Selected Visit | outputs=Visit Details | business_rules=Information is read-only until Edit is selected. | personas=Planner | dependencies=Visit Repository | source_acceptance_criteria=Planner can access complete visit information.",PHASE1_WEB,,MOD-03,M2,/planning/**;/visits/**,SAQEEL Planning;SAQEEL Visits,WA-AC-0057,,,WA-EV-0057,BASELINED_NOT_IMPLEMENTED
CR-058,SRC-CUST-001,c2ab27f60bf697780acf16d2b50f0f359b1bf78c1b89725bad3b1ab3005f04b9,Visit Planning- Mangment,Visit Planning- Mangment!7,Visit Planning,Edit Visit,Modify an individual visit before inspection starts.,Visit Details → Edit,"Update Business Visit Type, Visit Window, Inspector, Factory Location and Notes.","Validate changes, save updates and record audit logs.",Recommend better assignment or visit window (Future).,Updated Visit Information,Updated Visit,Edit is allowed only before the inspection has started.,Planner,"Published Visit, Returned Visit",Changes are successfully saved and audited.,"module=Visit Planning | capability=Edit Visit | purpose=Modify an individual visit before inspection starts. | user_flow=Visit Details → Edit | user_actions=Update Business Visit Type, Visit Window, Inspector, Factory Location and Notes. | system_actions=Validate changes, save updates and record audit logs. | ai_actions=Recommend better assignment or visit window (Future). | inputs=Updated Visit Information | outputs=Updated Visit | business_rules=Edit is allowed only before the inspection has started. | personas=Planner | dependencies=Published Visit, Returned Visit | source_acceptance_criteria=Changes are successfully saved and audited.",PHASE1_WEB,,MOD-03,M2,/planning/**;/visits/**,SAQEEL Planning;SAQEEL Visits,WA-AC-0058,,,WA-EV-0058,BASELINED_NOT_IMPLEMENTED
CR-059,SRC-CUST-001,c2ab27f60bf697780acf16d2b50f0f359b1bf78c1b89725bad3b1ab3005f04b9,Visit Planning- Mangment,Visit Planning- Mangment!8,Visit Planning,Bulk Edit Visits,Modify multiple visits belonging to the same Visit Plan.,Select Visits → Bulk Edit,Select child visits and update shared fields.,Apply updates to all selected visits and record audit logs.,Identify inspectors affected by the changes (Future).,"Visit Window, Business Visit Type, Inspector, Location, Notes",Updated Visits,Bulk Edit is only available for visits within the same Visit Plan and before inspection starts.,Planner,Visit Plan,Selected visits are successfully updated.,"module=Visit Planning | capability=Bulk Edit Visits | purpose=Modify multiple visits belonging to the same Visit Plan. | user_flow=Select Visits → Bulk Edit | user_actions=Select child visits and update shared fields. | system_actions=Apply updates to all selected visits and record audit logs. | ai_actions=Identify inspectors affected by the changes (Future). | inputs=Visit Window, Business Visit Type, Inspector, Location, Notes | outputs=Updated Visits | business_rules=Bulk Edit is only available for visits within the same Visit Plan and before inspection starts. | personas=Planner | dependencies=Visit Plan | source_acceptance_criteria=Selected visits are successfully updated.",PHASE1_WEB,,MOD-03,M2,/planning/**;/visits/**,SAQEEL Planning;SAQEEL Visits,WA-AC-0059,,,WA-EV-0059,BASELINED_NOT_IMPLEMENTED
CR-060,SRC-CUST-001,c2ab27f60bf697780acf16d2b50f0f359b1bf78c1b89725bad3b1ab3005f04b9,Visit Planning- Mangment,Visit Planning- Mangment!9,Visit Planning,Return Visit Handling,Allow planners to manage visits returned by inspectors.,Returned KPI → Open Visit,"Review return reason, edit visit, republish or cancel.",Display return reason and maintain audit history.,Recommend corrective action (Future).,Returned Visit,Updated Returned Visit,"Returned visits are always managed as Single Visits, even if originally created through Bulk Planning.",Planner,Returned Visit,Planner can successfully process returned visits.,"module=Visit Planning | capability=Return Visit Handling | purpose=Allow planners to manage visits returned by inspectors. | user_flow=Returned KPI → Open Visit | user_actions=Review return reason, edit visit, republish or cancel. | system_actions=Display return reason and maintain audit history. | ai_actions=Recommend corrective action (Future). | inputs=Returned Visit | outputs=Updated Returned Visit | business_rules=Returned visits are always managed as Single Visits, even if originally created through Bulk Planning. | personas=Planner | dependencies=Returned Visit | source_acceptance_criteria=Planner can successfully process returned visits.",PHASE1_WEB,,MOD-03,M2,/planning/**;/visits/**,SAQEEL Planning;SAQEEL Visits,WA-AC-0060,,,WA-EV-0060,BASELINED_NOT_IMPLEMENTED
CR-061,SRC-CUST-001,c2ab27f60bf697780acf16d2b50f0f359b1bf78c1b89725bad3b1ab3005f04b9,Visit Planning- Mangment,Visit Planning- Mangment!10,Visit Planning,Republish Returned Visit,Return a corrected visit back to the inspector.,Returned Visit → Republish,Confirm republishing.,"Change status to Published, notify assigned inspector and update audit history.",Summarize applied changes (Future).,Updated Visit,Published Visit,Same Visit ID and same Visit Plan ID are retained.,Planner,"Returned Visit, Notification Service",Returned visit is successfully republished.,"module=Visit Planning | capability=Republish Returned Visit | purpose=Return a corrected visit back to the inspector. | user_flow=Returned Visit → Republish | user_actions=Confirm republishing. | system_actions=Change status to Published, notify assigned inspector and update audit history. | ai_actions=Summarize applied changes (Future). | inputs=Updated Visit | outputs=Published Visit | business_rules=Same Visit ID and same Visit Plan ID are retained. | personas=Planner | dependencies=Returned Visit, Notification Service | source_acceptance_criteria=Returned visit is successfully republished.",PHASE1_WEB,,MOD-03,M2,/planning/**;/visits/**,SAQEEL Planning;SAQEEL Visits,WA-AC-0061,,,WA-EV-0061,BASELINED_NOT_IMPLEMENTED
CR-062,SRC-CUST-001,c2ab27f60bf697780acf16d2b50f0f359b1bf78c1b89725bad3b1ab3005f04b9,Visit Planning- Mangment,Visit Planning- Mangment!11,Visit Planning,Cancel Visit,Cancel an individual visit before inspection starts.,Visit Details → Cancel,Enter cancellation reason and confirm.,"Update status, notify inspector and record audit log.",N/A,Cancellation Reason,Cancelled Visit,Cancellation is only allowed before inspection starts. Cancelled is a final state.,Planner,"Published Visit, Returned Visit",Visit is cancelled successfully and removed from active planning.,"module=Visit Planning | capability=Cancel Visit | purpose=Cancel an individual visit before inspection starts. | user_flow=Visit Details → Cancel | user_actions=Enter cancellation reason and confirm. | system_actions=Update status, notify inspector and record audit log. | ai_actions=N/A | inputs=Cancellation Reason | outputs=Cancelled Visit | business_rules=Cancellation is only allowed before inspection starts. Cancelled is a final state. | personas=Planner | dependencies=Published Visit, Returned Visit | source_acceptance_criteria=Visit is cancelled successfully and removed from active planning.",PHASE1_WEB,,MOD-03,M2,/planning/**;/visits/**,SAQEEL Planning;SAQEEL Visits,WA-AC-0062,,,WA-EV-0062,BASELINED_NOT_IMPLEMENTED
CR-063,SRC-CUST-001,c2ab27f60bf697780acf16d2b50f0f359b1bf78c1b89725bad3b1ab3005f04b9,Visit Planning- Mangment,Visit Planning- Mangment!12,Visit Planning,Bulk Cancel Visits,Cancel multiple visits under the same Visit Plan.,Select Visits → Bulk Cancel,"Select visits, enter cancellation reason and confirm.","Cancel selected visits, notify inspectors and record audit logs.",N/A,"Selected Visits, Cancellation Reason",Cancelled Visits,Only visits that have not started inspection may be cancelled.,Planner,Visit Plan,Selected visits are successfully cancelled.,"module=Visit Planning | capability=Bulk Cancel Visits | purpose=Cancel multiple visits under the same Visit Plan. | user_flow=Select Visits → Bulk Cancel | user_actions=Select visits, enter cancellation reason and confirm. | system_actions=Cancel selected visits, notify inspectors and record audit logs. | ai_actions=N/A | inputs=Selected Visits, Cancellation Reason | outputs=Cancelled Visits | business_rules=Only visits that have not started inspection may be cancelled. | personas=Planner | dependencies=Visit Plan | source_acceptance_criteria=Selected visits are successfully cancelled.",PHASE1_WEB,,MOD-03,M2,/planning/**;/visits/**,SAQEEL Planning;SAQEEL Visits,WA-AC-0063,,,WA-EV-0063,BASELINED_NOT_IMPLEMENTED
CR-064,SRC-CUST-001,c2ab27f60bf697780acf16d2b50f0f359b1bf78c1b89725bad3b1ab3005f04b9,Visit Planning- Mangment,Visit Planning- Mangment!13,Visit Planning,Duplicate Visit Validation,Prevent duplicate planning.,Publish / Edit / Republish,N/A,Detect active or overlapping visits for the same factory.,Suggest existing visit instead of creating another (Future).,"Factory, Visit Window",Validation Result,Duplicate active visits are not allowed.,System,Visit Repository,Duplicate visits are successfully prevented.,"module=Visit Planning | capability=Duplicate Visit Validation | purpose=Prevent duplicate planning. | user_flow=Publish / Edit / Republish | user_actions=N/A | system_actions=Detect active or overlapping visits for the same factory. | ai_actions=Suggest existing visit instead of creating another (Future). | inputs=Factory, Visit Window | outputs=Validation Result | business_rules=Duplicate active visits are not allowed. | personas=System | dependencies=Visit Repository | source_acceptance_criteria=Duplicate visits are successfully prevented.",PHASE1_WEB,,MOD-03,M2,/planning/**;/visits/**,SAQEEL Planning;SAQEEL Visits,WA-AC-0064,,,WA-EV-0064,BASELINED_NOT_IMPLEMENTED
CR-065,SRC-CUST-001,c2ab27f60bf697780acf16d2b50f0f359b1bf78c1b89725bad3b1ab3005f04b9,Visit Planning- Mangment,Visit Planning- Mangment!14,Visit Planning,Activity Timeline,Display the chronological history of visit events.,Visit Details → Timeline,Review timeline.,Display all visit events in chronological order.,Summarize key milestones (Future).,Visit ID,Timeline,Timeline cannot be modified by users.,Planner,Audit Repository,Timeline displays complete visit history.,module=Visit Planning | capability=Activity Timeline | purpose=Display the chronological history of visit events. | user_flow=Visit Details → Timeline | user_actions=Review timeline. | system_actions=Display all visit events in chronological order. | ai_actions=Summarize key milestones (Future). | inputs=Visit ID | outputs=Timeline | business_rules=Timeline cannot be modified by users. | personas=Planner | dependencies=Audit Repository | source_acceptance_criteria=Timeline displays complete visit history.,PHASE1_WEB,,MOD-03,M2,/planning/**;/visits/**,SAQEEL Planning;SAQEEL Visits,WA-AC-0065,,,WA-EV-0065,BASELINED_NOT_IMPLEMENTED
CR-066,SRC-CUST-001,c2ab27f60bf697780acf16d2b50f0f359b1bf78c1b89725bad3b1ab3005f04b9,Visit Planning- Mangment,Visit Planning- Mangment!15,Visit Planning,Audit Trail,Maintain a complete audit history for every visit.,View Audit,Review audit records.,"Record every change with previous value, new value, user and timestamp.",N/A,Business Events,Audit Log,All planning actions must be audited. Audit records cannot be edited or deleted.,"System, Planner",Audit Service,Every planning action is traceable.,"module=Visit Planning | capability=Audit Trail | purpose=Maintain a complete audit history for every visit. | user_flow=View Audit | user_actions=Review audit records. | system_actions=Record every change with previous value, new value, user and timestamp. | ai_actions=N/A | inputs=Business Events | outputs=Audit Log | business_rules=All planning actions must be audited. Audit records cannot be edited or deleted. | personas=System, Planner | dependencies=Audit Service | source_acceptance_criteria=Every planning action is traceable.",PHASE1_WEB,,MOD-03,M2,/planning/**;/visits/**,SAQEEL Planning;SAQEEL Visits,WA-AC-0066,,,WA-EV-0066,BASELINED_NOT_IMPLEMENTED
CR-067,SRC-CUST-001,c2ab27f60bf697780acf16d2b50f0f359b1bf78c1b89725bad3b1ab3005f04b9,Visit Planning- Mangment,Visit Planning- Mangment!16,Visit Planning,Visit Status Management,Control valid planning status transitions.,System Driven,N/A,Enforce lifecycle transitions based on business rules.,Detect invalid transitions (Future).,Visit Status,Updated Status,"Valid planning statuses are Draft, Published, Returned, Cancelled and Expired. Cancelled and Expired are final states. Returned is only available before inspection starts.",System,Workflow Engine,Invalid status transitions are prevented automatically.,"module=Visit Planning | capability=Visit Status Management | purpose=Control valid planning status transitions. | user_flow=System Driven | user_actions=N/A | system_actions=Enforce lifecycle transitions based on business rules. | ai_actions=Detect invalid transitions (Future). | inputs=Visit Status | outputs=Updated Status | business_rules=Valid planning statuses are Draft, Published, Returned, Cancelled and Expired. Cancelled and Expired are final states. Returned is only available before inspection starts. | personas=System | dependencies=Workflow Engine | source_acceptance_criteria=Invalid status transitions are prevented automatically.",PHASE1_WEB,,MOD-03,M2,/planning/**;/visits/**,SAQEEL Planning;SAQEEL Visits,WA-AC-0067,,,WA-EV-0067,BASELINED_NOT_IMPLEMENTED
CR-068,SRC-CUST-001,c2ab27f60bf697780acf16d2b50f0f359b1bf78c1b89725bad3b1ab3005f04b9,Visit Planning- Mangment,Visit Planning- Mangment!17,Visit Planning,Expired Visit Management,Automatically expire visits that were not started within the planned visit window.,System Scheduler,N/A,Update visit status to Expired and record audit history.,Notify planner of expired workload (Future).,Visit Window,Expired Visit,"Expired is a final state. No edit, republish or cancel actions are allowed. View only.",System,Scheduler Service,Visits automatically expire after the configured visit window ends.,"module=Visit Planning | capability=Expired Visit Management | purpose=Automatically expire visits that were not started within the planned visit window. | user_flow=System Scheduler | user_actions=N/A | system_actions=Update visit status to Expired and record audit history. | ai_actions=Notify planner of expired workload (Future). | inputs=Visit Window | outputs=Expired Visit | business_rules=Expired is a final state. No edit, republish or cancel actions are allowed. View only. | personas=System | dependencies=Scheduler Service | source_acceptance_criteria=Visits automatically expire after the configured visit window ends.",PHASE1_WEB,,MOD-03,M2,/planning/**;/visits/**,SAQEEL Planning;SAQEEL Visits,WA-AC-0068,,,WA-EV-0068,BASELINED_NOT_IMPLEMENTED
CR-069,SRC-CUST-001,c2ab27f60bf697780acf16d2b50f0f359b1bf78c1b89725bad3b1ab3005f04b9,Visit Planning- Mangment,Visit Planning- Mangment!18,Visit Planning,Visit Plan Details,Allow planners to manage visits at the Visit Plan level.,Open Visit Plan,"View child visits, assignments and planning summary.",Display all visits belonging to the selected Visit Plan.,Summarize campaign progress (Future).,Visit Plan ID,Visit Plan Details,Bulk operations are only available from the Visit Plan level.,Planner,Visit Plan Repository,Planner can successfully manage all visits within the selected Visit Plan.,"module=Visit Planning | capability=Visit Plan Details | purpose=Allow planners to manage visits at the Visit Plan level. | user_flow=Open Visit Plan | user_actions=View child visits, assignments and planning summary. | system_actions=Display all visits belonging to the selected Visit Plan. | ai_actions=Summarize campaign progress (Future). | inputs=Visit Plan ID | outputs=Visit Plan Details | business_rules=Bulk operations are only available from the Visit Plan level. | personas=Planner | dependencies=Visit Plan Repository | source_acceptance_criteria=Planner can successfully manage all visits within the selected Visit Plan.",PHASE1_WEB,,MOD-03,M2,/planning/**;/visits/**,SAQEEL Planning;SAQEEL Visits,WA-AC-0069,,,WA-EV-0069,BASELINED_NOT_IMPLEMENTED
CR-070,SRC-CUST-001,c2ab27f60bf697780acf16d2b50f0f359b1bf78c1b89725bad3b1ab3005f04b9,Visit Planning- Mangment,Visit Planning- Mangment!19,Visit Planning,Assignment Overview,Provide planners with visibility of inspector workload before making assignment changes.,Visit Management → Assignment Overview,View inspector workload and assigned visits.,"Display inspector capacity, assigned visits and available workload.","Recommend reassignment based on workload balancing, geography and capacity (Future).",Inspector,Workload Overview,Read-only dashboard used to support planning decisions.,Planner,"Inspector Repository, Assignment Engine",Planner can review inspector workload before reassigning visits.,"module=Visit Planning | capability=Assignment Overview | purpose=Provide planners with visibility of inspector workload before making assignment changes. | user_flow=Visit Management → Assignment Overview | user_actions=View inspector workload and assigned visits. | system_actions=Display inspector capacity, assigned visits and available workload. | ai_actions=Recommend reassignment based on workload balancing, geography and capacity (Future). | inputs=Inspector | outputs=Workload Overview | business_rules=Read-only dashboard used to support planning decisions. | personas=Planner | dependencies=Inspector Repository, Assignment Engine | source_acceptance_criteria=Planner can review inspector workload before reassigning visits.",PHASE1_WEB,,MOD-03,M2,/planning/**;/visits/**,SAQEEL Planning;SAQEEL Visits,WA-AC-0070,,,WA-EV-0070,BASELINED_NOT_IMPLEMENTED
CR-071,SRC-CUST-001,c2ab27f60bf697780acf16d2b50f0f359b1bf78c1b89725bad3b1ab3005f04b9,Visit Planning- Mangment,Visit Planning- Mangment!20,Visit Planning,Visit Management Workspace,Provide a centralized operational workspace for planners to monitor and manage all planned visits.,Visit Planning → Visit Management,Open workspace.,"Load KPIs, filters, search, visit list and planner actions.",Display operational alerts requiring planner attention.,None,Operational workspace,None,Displays only visits owned by the Planning lifecycle.,Planner,"Visit Repository, User Roles, Dashboard Service","module=Visit Planning | capability=Visit Management Workspace | purpose=Provide a centralized operational workspace for planners to monitor and manage all planned visits. | user_flow=Visit Planning → Visit Management | user_actions=Open workspace. | system_actions=Load KPIs, filters, search, visit list and planner actions. | ai_actions=Display operational alerts requiring planner attention. | inputs=None | outputs=Operational workspace | business_rules=None | personas=Displays only visits owned by the Planning lifecycle. | dependencies=Planner | source_acceptance_criteria=Visit Repository, User Roles, Dashboard Service",PHASE1_WEB,,MOD-03,M2,/planning/**;/visits/**,SAQEEL Planning;SAQEEL Visits,WA-AC-0071,,,WA-EV-0071,BASELINED_NOT_IMPLEMENTED
CR-072,SRC-CUST-001,c2ab27f60bf697780acf16d2b50f0f359b1bf78c1b89725bad3b1ab3005f04b9,Visit Planning- Mangment,Visit Planning- Mangment!21,Visit Planning,Planning KPI Summary,Provide a high-level overview of planning workload.,Workspace,View KPIs and drill into records.,Calculate and display planning KPIs.,Highlight abnormal workload or planning issues.,Visit Repository,KPI Summary,None,"KPIs include Draft, Published, Returned, Cancelled and Expired only. Execution KPIs are excluded.",Planner,Visit Repository,"module=Visit Planning | capability=Planning KPI Summary | purpose=Provide a high-level overview of planning workload. | user_flow=Workspace | user_actions=View KPIs and drill into records. | system_actions=Calculate and display planning KPIs. | ai_actions=Highlight abnormal workload or planning issues. | inputs=Visit Repository | outputs=KPI Summary | business_rules=None | personas=KPIs include Draft, Published, Returned, Cancelled and Expired only. Execution KPIs are excluded. | dependencies=Planner | source_acceptance_criteria=Visit Repository",PHASE1_WEB,,MOD-03,M2,/planning/**;/visits/**,SAQEEL Planning;SAQEEL Visits,WA-AC-0072,,,WA-EV-0072,BASELINED_NOT_IMPLEMENTED
CR-073,SRC-CUST-001,c2ab27f60bf697780acf16d2b50f0f359b1bf78c1b89725bad3b1ab3005f04b9,Visit Planning- Mangment,Visit Planning- Mangment!22,Visit Planning,Advanced Search,Locate visits quickly using business identifiers.,Search,"Search by Visit ID, Visit Plan ID, CR, License Number, Factory Name, Inspector or Campaign.",Retrieve matching records.,Recommend recent or similar searches.,Search Criteria,Search Results,None,Supports partial and combined search criteria.,Planner,"Search Engine, Visit Repository","module=Visit Planning | capability=Advanced Search | purpose=Locate visits quickly using business identifiers. | user_flow=Search | user_actions=Search by Visit ID, Visit Plan ID, CR, License Number, Factory Name, Inspector or Campaign. | system_actions=Retrieve matching records. | ai_actions=Recommend recent or similar searches. | inputs=Search Criteria | outputs=Search Results | business_rules=None | personas=Supports partial and combined search criteria. | dependencies=Planner | source_acceptance_criteria=Search Engine, Visit Repository",PHASE1_WEB,,MOD-03,M2,/planning/**;/visits/**,SAQEEL Planning;SAQEEL Visits,WA-AC-0073,,,WA-EV-0073,BASELINED_NOT_IMPLEMENTED
CR-074,SRC-CUST-001,c2ab27f60bf697780acf16d2b50f0f359b1bf78c1b89725bad3b1ab3005f04b9,Visit Planning- Mangment,Visit Planning- Mangment!23,Visit Planning,Advanced Filters,Filter visits using operational criteria.,Filters,Apply one or more filters.,Refresh visit list.,Recommend frequently used filter combinations.,"Status, Visit Type, Region, City, Inspector, Visit Window, Campaign, Activity, Risk Level",Filtered Visit List,None,Multiple filters can be combined.,Planner,Visit Repository,"module=Visit Planning | capability=Advanced Filters | purpose=Filter visits using operational criteria. | user_flow=Filters | user_actions=Apply one or more filters. | system_actions=Refresh visit list. | ai_actions=Recommend frequently used filter combinations. | inputs=Status, Visit Type, Region, City, Inspector, Visit Window, Campaign, Activity, Risk Level | outputs=Filtered Visit List | business_rules=None | personas=Multiple filters can be combined. | dependencies=Planner | source_acceptance_criteria=Visit Repository",PHASE1_WEB,,MOD-03,M2,/planning/**;/visits/**,SAQEEL Planning;SAQEEL Visits,WA-AC-0074,,,WA-EV-0074,BASELINED_NOT_IMPLEMENTED
CR-075,SRC-CUST-001,c2ab27f60bf697780acf16d2b50f0f359b1bf78c1b89725bad3b1ab3005f04b9,Visit Planning- Mangment,Visit Planning- Mangment!24,Visit Planning,Visit List,Display all planned visits.,Workspace,"Sort, group, select and open visits.",Display configurable visit grid.,Highlight high-risk or overdue visits.,Filtered Visits,Visit Grid,None,"Supports pagination, sorting and grouping.",Planner,Visit Repository,"module=Visit Planning | capability=Visit List | purpose=Display all planned visits. | user_flow=Workspace | user_actions=Sort, group, select and open visits. | system_actions=Display configurable visit grid. | ai_actions=Highlight high-risk or overdue visits. | inputs=Filtered Visits | outputs=Visit Grid | business_rules=None | personas=Supports pagination, sorting and grouping. | dependencies=Planner | source_acceptance_criteria=Visit Repository",PHASE1_WEB,,MOD-03,M2,/planning/**;/visits/**,SAQEEL Planning;SAQEEL Visits,WA-AC-0075,,,WA-EV-0075,BASELINED_NOT_IMPLEMENTED
CR-076,SRC-CUST-001,c2ab27f60bf697780acf16d2b50f0f359b1bf78c1b89725bad3b1ab3005f04b9,Visit Planning- Mangment,Visit Planning- Mangment!25,Visit Planning,View Visit Details,Display complete planning information for a selected visit.,Visit → Details,View visit information.,"Display factory profile, assignment, planning information, location, timeline, attachments and audit.",Summarize visit history and planning risks.,Visit ID,Visit Details,None,Information remains read-only until Edit is selected.,Planner,Visit Repository,"module=Visit Planning | capability=View Visit Details | purpose=Display complete planning information for a selected visit. | user_flow=Visit → Details | user_actions=View visit information. | system_actions=Display factory profile, assignment, planning information, location, timeline, attachments and audit. | ai_actions=Summarize visit history and planning risks. | inputs=Visit ID | outputs=Visit Details | business_rules=None | personas=Information remains read-only until Edit is selected. | dependencies=Planner | source_acceptance_criteria=Visit Repository",PHASE1_WEB,,MOD-03,M2,/planning/**;/visits/**,SAQEEL Planning;SAQEEL Visits,WA-AC-0076,,,WA-EV-0076,BASELINED_NOT_IMPLEMENTED
CR-077,SRC-CUST-001,c2ab27f60bf697780acf16d2b50f0f359b1bf78c1b89725bad3b1ab3005f04b9,Visit Planning- Mangment,Visit Planning- Mangment!26,Visit Planning,Edit Visit,Modify a planned visit before execution begins.,Visit Details → Edit,Update editable fields.,"Validate, save changes and audit updates.",Recommend better planning options.,"Visit Type, Visit Window, Inspector, Notes, Location",Updated Visit,Status unchanged,Editing is prohibited once inspection has started.,Planner,"Validation Engine, Assignment Engine","module=Visit Planning | capability=Edit Visit | purpose=Modify a planned visit before execution begins. | user_flow=Visit Details → Edit | user_actions=Update editable fields. | system_actions=Validate, save changes and audit updates. | ai_actions=Recommend better planning options. | inputs=Visit Type, Visit Window, Inspector, Notes, Location | outputs=Updated Visit | business_rules=Status unchanged | personas=Editing is prohibited once inspection has started. | dependencies=Planner | source_acceptance_criteria=Validation Engine, Assignment Engine",PHASE1_WEB,,MOD-03,M2,/planning/**;/visits/**,SAQEEL Planning;SAQEEL Visits,WA-AC-0077,,,WA-EV-0077,BASELINED_NOT_IMPLEMENTED
CR-078,SRC-CUST-001,c2ab27f60bf697780acf16d2b50f0f359b1bf78c1b89725bad3b1ab3005f04b9,Visit Planning- Mangment,Visit Planning- Mangment!27,Visit Planning,Reassign Inspector,Assign the visit to another inspector.,Visit → Reassign,Select another inspector.,"Validate eligibility, workload and update assignment. Notify affected inspector(s).","Recommend best inspector based on workload, specialization and distance.",Inspector,Updated Assignment,Status unchanged,Reassignment is only allowed before inspection starts.,Planner,"Assignment Engine, Notification Service","module=Visit Planning | capability=Reassign Inspector | purpose=Assign the visit to another inspector. | user_flow=Visit → Reassign | user_actions=Select another inspector. | system_actions=Validate eligibility, workload and update assignment. Notify affected inspector(s). | ai_actions=Recommend best inspector based on workload, specialization and distance. | inputs=Inspector | outputs=Updated Assignment | business_rules=Status unchanged | personas=Reassignment is only allowed before inspection starts. | dependencies=Planner | source_acceptance_criteria=Assignment Engine, Notification Service",PHASE1_WEB,,MOD-03,M2,/planning/**;/visits/**,SAQEEL Planning;SAQEEL Visits,WA-AC-0078,,,WA-EV-0078,BASELINED_NOT_IMPLEMENTED
CR-079,SRC-CUST-001,c2ab27f60bf697780acf16d2b50f0f359b1bf78c1b89725bad3b1ab3005f04b9,Visit Planning- Mangment,Visit Planning- Mangment!28,Visit Planning,Reschedule Visit,Modify the planned visit window.,Visit → Reschedule,Select new visit window.,Validate planning conflicts and update schedule.,Recommend the best available time slot.,Visit Window,Updated Visit,Status unchanged,Rescheduling is prohibited after inspection starts.,Planner,Calendar Engine,module=Visit Planning | capability=Reschedule Visit | purpose=Modify the planned visit window. | user_flow=Visit → Reschedule | user_actions=Select new visit window. | system_actions=Validate planning conflicts and update schedule. | ai_actions=Recommend the best available time slot. | inputs=Visit Window | outputs=Updated Visit | business_rules=Status unchanged | personas=Rescheduling is prohibited after inspection starts. | dependencies=Planner | source_acceptance_criteria=Calendar Engine,PHASE1_WEB,,MOD-03,M2,/planning/**;/visits/**,SAQEEL Planning;SAQEEL Visits,WA-AC-0079,,,WA-EV-0079,BASELINED_NOT_IMPLEMENTED
CR-080,SRC-CUST-001,c2ab27f60bf697780acf16d2b50f0f359b1bf78c1b89725bad3b1ab3005f04b9,Visit Planning- Mangment,Visit Planning- Mangment!29,Visit Planning,Cancel Visit,Cancel a planned visit.,Visit → Cancel,Enter cancellation reason and confirm.,"Cancel visit, notify inspector and audit the action.",N/A,Cancellation Reason,Cancelled Visit,Published/Returned → Cancelled,Cancelled is a final status.,Planner,"Notification Service, Audit Service","module=Visit Planning | capability=Cancel Visit | purpose=Cancel a planned visit. | user_flow=Visit → Cancel | user_actions=Enter cancellation reason and confirm. | system_actions=Cancel visit, notify inspector and audit the action. | ai_actions=N/A | inputs=Cancellation Reason | outputs=Cancelled Visit | business_rules=Published/Returned → Cancelled | personas=Cancelled is a final status. | dependencies=Planner | source_acceptance_criteria=Notification Service, Audit Service",PHASE1_WEB,,MOD-03,M2,/planning/**;/visits/**,SAQEEL Planning;SAQEEL Visits,WA-AC-0080,,,WA-EV-0080,BASELINED_NOT_IMPLEMENTED
CR-081,SRC-CUST-001,c2ab27f60bf697780acf16d2b50f0f359b1bf78c1b89725bad3b1ab3005f04b9,Visit Planning- Mangment,Visit Planning- Mangment!30,Visit Planning,Process Returned Visit,Review and manage visits returned by inspectors.,Returned → Open Visit,"Review return reason, update planning information.",Display return reason and allow corrections.,Recommend corrective actions before republishing.,Returned Visit,Updated Visit,Returned remains Returned until republished.,Returned visits are treated as individual visits even if created from Bulk Planning.,Planner,Visit Repository,"module=Visit Planning | capability=Process Returned Visit | purpose=Review and manage visits returned by inspectors. | user_flow=Returned → Open Visit | user_actions=Review return reason, update planning information. | system_actions=Display return reason and allow corrections. | ai_actions=Recommend corrective actions before republishing. | inputs=Returned Visit | outputs=Updated Visit | business_rules=Returned remains Returned until republished. | personas=Returned visits are treated as individual visits even if created from Bulk Planning. | dependencies=Planner | source_acceptance_criteria=Visit Repository",PHASE1_WEB,,MOD-03,M2,/planning/**;/visits/**,SAQEEL Planning;SAQEEL Visits,WA-AC-0081,,,WA-EV-0081,BASELINED_NOT_IMPLEMENTED
CR-082,SRC-CUST-001,c2ab27f60bf697780acf16d2b50f0f359b1bf78c1b89725bad3b1ab3005f04b9,Visit Planning- Mangment,Visit Planning- Mangment!31,Visit Planning,Republish Visit,Send a corrected visit back to the assigned inspector.,Returned Visit → Republish,Confirm republishing.,"Validate updates, notify inspector and audit changes.",Summarize modifications applied since return.,Updated Visit,Published Visit,Returned → Published,Visit ID and Visit Plan ID remain unchanged.,Planner,Notification Service,"module=Visit Planning | capability=Republish Visit | purpose=Send a corrected visit back to the assigned inspector. | user_flow=Returned Visit → Republish | user_actions=Confirm republishing. | system_actions=Validate updates, notify inspector and audit changes. | ai_actions=Summarize modifications applied since return. | inputs=Updated Visit | outputs=Published Visit | business_rules=Returned → Published | personas=Visit ID and Visit Plan ID remain unchanged. | dependencies=Planner | source_acceptance_criteria=Notification Service",PHASE1_WEB,,MOD-03,M2,/planning/**;/visits/**,SAQEEL Planning;SAQEEL Visits,WA-AC-0082,,,WA-EV-0082,BASELINED_NOT_IMPLEMENTED
CR-083,SRC-CUST-001,c2ab27f60bf697780acf16d2b50f0f359b1bf78c1b89725bad3b1ab3005f04b9,Visit Planning- Mangment,Visit Planning- Mangment!32,Visit Planning,Bulk Edit Visits,Modify multiple child visits simultaneously.,Select Visits → Bulk Edit,Update shared information.,Apply changes across selected visits.,Highlight affected inspectors and workload impact.,"Visit Window, Visit Type, Inspector, Notes, Location",Updated Visits,Status unchanged,Bulk Edit is only allowed for child visits belonging to the same Visit Plan.,Planner,Visit Plan Repository,"module=Visit Planning | capability=Bulk Edit Visits | purpose=Modify multiple child visits simultaneously. | user_flow=Select Visits → Bulk Edit | user_actions=Update shared information. | system_actions=Apply changes across selected visits. | ai_actions=Highlight affected inspectors and workload impact. | inputs=Visit Window, Visit Type, Inspector, Notes, Location | outputs=Updated Visits | business_rules=Status unchanged | personas=Bulk Edit is only allowed for child visits belonging to the same Visit Plan. | dependencies=Planner | source_acceptance_criteria=Visit Plan Repository",PHASE1_WEB,,MOD-03,M2,/planning/**;/visits/**,SAQEEL Planning;SAQEEL Visits,WA-AC-0083,,,WA-EV-0083,BASELINED_NOT_IMPLEMENTED
CR-084,SRC-CUST-001,c2ab27f60bf697780acf16d2b50f0f359b1bf78c1b89725bad3b1ab3005f04b9,Visit Planning- Mangment,Visit Planning- Mangment!33,Visit Planning,Bulk Reassign,Reassign multiple visits simultaneously.,Bulk Action,Select inspector(s).,Update assignments and notify inspectors.,Recommend optimized distribution.,Inspector,Updated Visits,Status unchanged,Only visits not yet started may be reassigned.,Planner,Assignment Engine,module=Visit Planning | capability=Bulk Reassign | purpose=Reassign multiple visits simultaneously. | user_flow=Bulk Action | user_actions=Select inspector(s). | system_actions=Update assignments and notify inspectors. | ai_actions=Recommend optimized distribution. | inputs=Inspector | outputs=Updated Visits | business_rules=Status unchanged | personas=Only visits not yet started may be reassigned. | dependencies=Planner | source_acceptance_criteria=Assignment Engine,PHASE1_WEB,,MOD-03,M2,/planning/**;/visits/**,SAQEEL Planning;SAQEEL Visits,WA-AC-0084,,,WA-EV-0084,BASELINED_NOT_IMPLEMENTED
CR-085,SRC-CUST-001,c2ab27f60bf697780acf16d2b50f0f359b1bf78c1b89725bad3b1ab3005f04b9,Visit Planning- Mangment,Visit Planning- Mangment!34,Visit Planning,Bulk Reschedule,Update the visit window for multiple visits.,Bulk Action,Select new visit window.,Validate schedule conflicts and update visits.,Recommend balanced scheduling.,Visit Window,Updated Visits,Status unchanged,Only not-started visits may be rescheduled.,Planner,Calendar Engine,module=Visit Planning | capability=Bulk Reschedule | purpose=Update the visit window for multiple visits. | user_flow=Bulk Action | user_actions=Select new visit window. | system_actions=Validate schedule conflicts and update visits. | ai_actions=Recommend balanced scheduling. | inputs=Visit Window | outputs=Updated Visits | business_rules=Status unchanged | personas=Only not-started visits may be rescheduled. | dependencies=Planner | source_acceptance_criteria=Calendar Engine,PHASE1_WEB,,MOD-03,M2,/planning/**;/visits/**,SAQEEL Planning;SAQEEL Visits,WA-AC-0085,,,WA-EV-0085,BASELINED_NOT_IMPLEMENTED
CR-086,SRC-CUST-001,c2ab27f60bf697780acf16d2b50f0f359b1bf78c1b89725bad3b1ab3005f04b9,Visit Planning- Mangment,Visit Planning- Mangment!35,Visit Planning,Bulk Cancel,Cancel multiple planned visits.,Bulk Action,Select visits and confirm cancellation.,Cancel selected visits and notify inspectors.,N/A,Cancellation Reason,Cancelled Visits,Published/Returned → Cancelled,Only visits not yet started may be cancelled.,Planner,Notification Service,module=Visit Planning | capability=Bulk Cancel | purpose=Cancel multiple planned visits. | user_flow=Bulk Action | user_actions=Select visits and confirm cancellation. | system_actions=Cancel selected visits and notify inspectors. | ai_actions=N/A | inputs=Cancellation Reason | outputs=Cancelled Visits | business_rules=Published/Returned → Cancelled | personas=Only visits not yet started may be cancelled. | dependencies=Planner | source_acceptance_criteria=Notification Service,PHASE1_WEB,,MOD-03,M2,/planning/**;/visits/**,SAQEEL Planning;SAQEEL Visits,WA-AC-0086,,,WA-EV-0086,BASELINED_NOT_IMPLEMENTED
CR-087,SRC-CUST-001,c2ab27f60bf697780acf16d2b50f0f359b1bf78c1b89725bad3b1ab3005f04b9,Visit Planning- Mangment,Visit Planning- Mangment!36,Visit Planning,Visit Plan Details,Display parent Visit Plan information.,Open Visit Plan,View summary and child visits.,"Display campaign information, progress and statistics.",Summarize campaign health.,Visit Plan ID,Visit Plan Details,None,Visit Plan is the parent record of all child visits.,Planner,Visit Plan Repository,"module=Visit Planning | capability=Visit Plan Details | purpose=Display parent Visit Plan information. | user_flow=Open Visit Plan | user_actions=View summary and child visits. | system_actions=Display campaign information, progress and statistics. | ai_actions=Summarize campaign health. | inputs=Visit Plan ID | outputs=Visit Plan Details | business_rules=None | personas=Visit Plan is the parent record of all child visits. | dependencies=Planner | source_acceptance_criteria=Visit Plan Repository",PHASE1_WEB,,MOD-03,M2,/planning/**;/visits/**,SAQEEL Planning;SAQEEL Visits,WA-AC-0087,,,WA-EV-0087,BASELINED_NOT_IMPLEMENTED
CR-088,SRC-CUST-001,c2ab27f60bf697780acf16d2b50f0f359b1bf78c1b89725bad3b1ab3005f04b9,Visit Planning- Mangment,Visit Planning- Mangment!37,Visit Planning,Campaign Progress,Monitor the execution progress of a Visit Plan.,Visit Plan,Review progress.,"Calculate completed, published, returned, cancelled and expired child visits.",Predict campaign completion date.,Visit Plan,Progress Summary,None,Progress is calculated automatically.,Planner,Visit Plan Repository,"module=Visit Planning | capability=Campaign Progress | purpose=Monitor the execution progress of a Visit Plan. | user_flow=Visit Plan | user_actions=Review progress. | system_actions=Calculate completed, published, returned, cancelled and expired child visits. | ai_actions=Predict campaign completion date. | inputs=Visit Plan | outputs=Progress Summary | business_rules=None | personas=Progress is calculated automatically. | dependencies=Planner | source_acceptance_criteria=Visit Plan Repository",PHASE1_WEB,,MOD-03,M2,/planning/**;/visits/**,SAQEEL Planning;SAQEEL Visits,WA-AC-0088,,,WA-EV-0088,BASELINED_NOT_IMPLEMENTED
CR-089,SRC-CUST-001,c2ab27f60bf697780acf16d2b50f0f359b1bf78c1b89725bad3b1ab3005f04b9,Visit Planning- Mangment,Visit Planning- Mangment!38,Visit Planning,Assignment Center,Monitor inspector workload before reassignment.,Assignment Center,Review inspector workload and capacity.,Display inspector utilization and assignments.,Recommend workload balancing across inspectors.,Inspector,Assignment Dashboard,None,Read-only operational capability supporting planning decisions.,Planner,Assignment Engine,module=Visit Planning | capability=Assignment Center | purpose=Monitor inspector workload before reassignment. | user_flow=Assignment Center | user_actions=Review inspector workload and capacity. | system_actions=Display inspector utilization and assignments. | ai_actions=Recommend workload balancing across inspectors. | inputs=Inspector | outputs=Assignment Dashboard | business_rules=None | personas=Read-only operational capability supporting planning decisions. | dependencies=Planner | source_acceptance_criteria=Assignment Engine,PHASE1_WEB,,MOD-03,M2,/planning/**;/visits/**,SAQEEL Planning;SAQEEL Visits,WA-AC-0089,,,WA-EV-0089,BASELINED_NOT_IMPLEMENTED
CR-090,SRC-CUST-001,c2ab27f60bf697780acf16d2b50f0f359b1bf78c1b89725bad3b1ab3005f04b9,Visit Planning- Mangment,Visit Planning- Mangment!39,Visit Planning,Calendar View,View visits on a calendar.,Calendar,"Switch between Day, Week or Month views.",Display visits according to selected period.,Highlight overloaded days.,Calendar Period,Calendar Schedule,None,Calendar reflects the latest planning changes.,Planner,Calendar Engine,"module=Visit Planning | capability=Calendar View | purpose=View visits on a calendar. | user_flow=Calendar | user_actions=Switch between Day, Week or Month views. | system_actions=Display visits according to selected period. | ai_actions=Highlight overloaded days. | inputs=Calendar Period | outputs=Calendar Schedule | business_rules=None | personas=Calendar reflects the latest planning changes. | dependencies=Planner | source_acceptance_criteria=Calendar Engine",PHASE1_WEB,,MOD-03,M2,/planning/**;/visits/**,SAQEEL Planning;SAQEEL Visits,WA-AC-0090,,,WA-EV-0090,BASELINED_NOT_IMPLEMENTED
CR-091,SRC-CUST-001,c2ab27f60bf697780acf16d2b50f0f359b1bf78c1b89725bad3b1ab3005f04b9,Visit Planning- Mangment,Visit Planning- Mangment!40,Visit Planning,Map View,Visualize factories and inspectors geographically.,Map,"Navigate map, select regions and open visit locations.",Display factory locations and inspector locations.,Recommend geographical optimization.,GIS Data,Interactive Map,None,Displays only planning-related visits.,Planner,GIS Platform,"module=Visit Planning | capability=Map View | purpose=Visualize factories and inspectors geographically. | user_flow=Map | user_actions=Navigate map, select regions and open visit locations. | system_actions=Display factory locations and inspector locations. | ai_actions=Recommend geographical optimization. | inputs=GIS Data | outputs=Interactive Map | business_rules=None | personas=Displays only planning-related visits. | dependencies=Planner | source_acceptance_criteria=GIS Platform",PHASE1_WEB,,MOD-03,M2,/planning/**;/visits/**,SAQEEL Planning;SAQEEL Visits,WA-AC-0091,,,WA-EV-0091,BASELINED_NOT_IMPLEMENTED
CR-092,SRC-CUST-001,c2ab27f60bf697780acf16d2b50f0f359b1bf78c1b89725bad3b1ab3005f04b9,Visit Planning- Mangment,Visit Planning- Mangment!41,Visit Planning,Conflict Validation Center,Detect planning conflicts.,Validation,Review detected conflicts.,"Validate duplicate visits, overlapping schedules, inspector capacity, active visits and missing locations.",Recommend conflict resolution.,Planned Visits,Validation Results,None,Publishing or editing is blocked until blocking conflicts are resolved.,"Planner, System",Validation Engine,"module=Visit Planning | capability=Conflict Validation Center | purpose=Detect planning conflicts. | user_flow=Validation | user_actions=Review detected conflicts. | system_actions=Validate duplicate visits, overlapping schedules, inspector capacity, active visits and missing locations. | ai_actions=Recommend conflict resolution. | inputs=Planned Visits | outputs=Validation Results | business_rules=None | personas=Publishing or editing is blocked until blocking conflicts are resolved. | dependencies=Planner, System | source_acceptance_criteria=Validation Engine",PHASE1_WEB,,MOD-03,M2,/planning/**;/visits/**,SAQEEL Planning;SAQEEL Visits,WA-AC-0092,,,WA-EV-0092,BASELINED_NOT_IMPLEMENTED
CR-093,SRC-CUST-001,c2ab27f60bf697780acf16d2b50f0f359b1bf78c1b89725bad3b1ab3005f04b9,Visit Planning- Mangment,Visit Planning- Mangment!42,Visit Planning,Notifications,Notify planners and inspectors of planning events.,System Events,Review notifications.,"Send notifications for publish, return, cancel, reassignment, rescheduling and expiry.",Prioritize important notifications.,Business Events,Notifications,None,Notifications are generated automatically based on planning events.,"Planner, Inspector, System",Notification Service,"module=Visit Planning | capability=Notifications | purpose=Notify planners and inspectors of planning events. | user_flow=System Events | user_actions=Review notifications. | system_actions=Send notifications for publish, return, cancel, reassignment, rescheduling and expiry. | ai_actions=Prioritize important notifications. | inputs=Business Events | outputs=Notifications | business_rules=None | personas=Notifications are generated automatically based on planning events. | dependencies=Planner, Inspector, System | source_acceptance_criteria=Notification Service",PHASE1_WEB,,MOD-03,M2,/planning/**;/visits/**,SAQEEL Planning;SAQEEL Visits,WA-AC-0093,,,WA-EV-0093,BASELINED_NOT_IMPLEMENTED
CR-094,SRC-CUST-001,c2ab27f60bf697780acf16d2b50f0f359b1bf78c1b89725bad3b1ab3005f04b9,Visit Planning- Mangment,Visit Planning- Mangment!43,Visit Planning,Attachments,Manage planning-related supporting documents.,Visit Details,"Upload, download or remove attachments.",Store attachment metadata and files securely.,Classify attachment type (Future).,"Documents, Images",Visit Attachments,None,Attachments remain associated with the visit throughout its lifecycle.,Planner,Document Management Service,"module=Visit Planning | capability=Attachments | purpose=Manage planning-related supporting documents. | user_flow=Visit Details | user_actions=Upload, download or remove attachments. | system_actions=Store attachment metadata and files securely. | ai_actions=Classify attachment type (Future). | inputs=Documents, Images | outputs=Visit Attachments | business_rules=None | personas=Attachments remain associated with the visit throughout its lifecycle. | dependencies=Planner | source_acceptance_criteria=Document Management Service",PHASE1_WEB,,MOD-03,M2,/planning/**;/visits/**,SAQEEL Planning;SAQEEL Visits,WA-AC-0094,,,WA-EV-0094,BASELINED_NOT_IMPLEMENTED
CR-095,SRC-CUST-001,c2ab27f60bf697780acf16d2b50f0f359b1bf78c1b89725bad3b1ab3005f04b9,Visit Planning- Mangment,Visit Planning- Mangment!44,Visit Planning,Internal Notes,Capture internal planning comments.,Visit Details,Add or edit notes.,Save notes and maintain audit history.,Summarize lengthy discussions.,Notes,Internal Notes,None,Notes are visible only to authorized internal users.,"Planner, Supervisor",Notes Service,"module=Visit Planning | capability=Internal Notes | purpose=Capture internal planning comments. | user_flow=Visit Details | user_actions=Add or edit notes. | system_actions=Save notes and maintain audit history. | ai_actions=Summarize lengthy discussions. | inputs=Notes | outputs=Internal Notes | business_rules=None | personas=Notes are visible only to authorized internal users. | dependencies=Planner, Supervisor | source_acceptance_criteria=Notes Service",PHASE1_WEB,,MOD-03,M2,/planning/**;/visits/**,SAQEEL Planning;SAQEEL Visits,WA-AC-0095,,,WA-EV-0095,BASELINED_NOT_IMPLEMENTED
CR-096,SRC-CUST-001,c2ab27f60bf697780acf16d2b50f0f359b1bf78c1b89725bad3b1ab3005f04b9,Visit Planning- Mangment,Visit Planning- Mangment!45,Visit Planning,Activity Timeline,Display chronological business events.,Timeline,Review events.,Record every planning activity chronologically.,Highlight key milestones.,Visit ID,Timeline,None,Timeline is system generated and immutable.,Planner,Audit Service,module=Visit Planning | capability=Activity Timeline | purpose=Display chronological business events. | user_flow=Timeline | user_actions=Review events. | system_actions=Record every planning activity chronologically. | ai_actions=Highlight key milestones. | inputs=Visit ID | outputs=Timeline | business_rules=None | personas=Timeline is system generated and immutable. | dependencies=Planner | source_acceptance_criteria=Audit Service,PHASE1_WEB,,MOD-03,M2,/planning/**;/visits/**,SAQEEL Planning;SAQEEL Visits,WA-AC-0096,,,WA-EV-0096,BASELINED_NOT_IMPLEMENTED
CR-097,SRC-CUST-001,c2ab27f60bf697780acf16d2b50f0f359b1bf78c1b89725bad3b1ab3005f04b9,Visit Planning- Mangment,Visit Planning- Mangment!46,Visit Planning,Audit History,Maintain complete traceability.,Audit,Review audit records.,Record every data modification with before/after values.,N/A,Business Events,Audit Log,None,Audit records cannot be modified or deleted.,"Planner, Auditor",Audit Service,"module=Visit Planning | capability=Audit History | purpose=Maintain complete traceability. | user_flow=Audit | user_actions=Review audit records. | system_actions=Record every data modification with before/after values. | ai_actions=N/A | inputs=Business Events | outputs=Audit Log | business_rules=None | personas=Audit records cannot be modified or deleted. | dependencies=Planner, Auditor | source_acceptance_criteria=Audit Service",PHASE1_WEB,,MOD-03,M2,/planning/**;/visits/**,SAQEEL Planning;SAQEEL Visits,WA-AC-0097,,,WA-EV-0097,BASELINED_NOT_IMPLEMENTED
CR-098,SRC-CUST-001,c2ab27f60bf697780acf16d2b50f0f359b1bf78c1b89725bad3b1ab3005f04b9,Visit Planning- Mangment,Visit Planning- Mangment!47,Visit Planning,Automatic Visit Expiry,Automatically expire visits whose visit window has passed.,Scheduled Job,No user action.,Update visit status and notify planner.,Highlight operational impact.,Visit Window,Expired Visit,Published → Expired,Expired is a final status and becomes read-only.,System,Scheduler Service,module=Visit Planning | capability=Automatic Visit Expiry | purpose=Automatically expire visits whose visit window has passed. | user_flow=Scheduled Job | user_actions=No user action. | system_actions=Update visit status and notify planner. | ai_actions=Highlight operational impact. | inputs=Visit Window | outputs=Expired Visit | business_rules=Published → Expired | personas=Expired is a final status and becomes read-only. | dependencies=System | source_acceptance_criteria=Scheduler Service,PHASE1_WEB,,MOD-03,M2,/planning/**;/visits/**,SAQEEL Planning;SAQEEL Visits,WA-AC-0098,,,WA-EV-0098,BASELINED_NOT_IMPLEMENTED
CR-099,SRC-CUST-001,c2ab27f60bf697780acf16d2b50f0f359b1bf78c1b89725bad3b1ab3005f04b9,Inspection Execution - PreStart,Inspection Execution - PreStart!2,Inspection Execution,Inspector Dashboard,"Provide inspectors with a centralized landing page to monitor workload, priorities and assigned inspections.",Login → Dashboard,"View workload, KPIs, quick actions, notifications.",Load dashboard widgets and inspector summary.,"Daily briefing, workload summary, priority recommendations.",Inspector,Dashboard,Dashboard displays inspector-specific information only.,Inspector,"Assignment Engine, AI Engine",Inspector can access dashboard and view assigned workload.,"module=Inspection Execution | capability=Inspector Dashboard | purpose=Provide inspectors with a centralized landing page to monitor workload, priorities and assigned inspections. | user_flow=Login → Dashboard | user_actions=View workload, KPIs, quick actions, notifications. | system_actions=Load dashboard widgets and inspector summary. | ai_actions=Daily briefing, workload summary, priority recommendations. | inputs=Inspector | outputs=Dashboard | business_rules=Dashboard displays inspector-specific information only. | personas=Inspector | dependencies=Assignment Engine, AI Engine | source_acceptance_criteria=Inspector can access dashboard and view assigned workload.",PHASE2_IPAD_DEFERRED,DEFERRED_TO_PHASE_2_IPAD,MOD-07,PHASE2,/field/**,PHASE2_IPAD_DEFERRED,WA-AC-0099,,NOTIFICATION,WA-EV-0099,BASELINED_NOT_IMPLEMENTED
CR-100,SRC-CUST-001,c2ab27f60bf697780acf16d2b50f0f359b1bf78c1b89725bad3b1ab3005f04b9,Inspection Execution - PreStart,Inspection Execution - PreStart!3,Inspection Execution,View Assigned Visits,Allow inspectors to access all assigned visits before execution.,Dashboard → Assignment Pool,"View visits, open visit, switch between views.",Load assigned visits and synchronize data.,Highlight priority visits.,Inspector,Assignment Pool,Only assigned visits are displayed.,Inspector,Visit Management,Inspector can access all assigned visits.,"module=Inspection Execution | capability=View Assigned Visits | purpose=Allow inspectors to access all assigned visits before execution. | user_flow=Dashboard → Assignment Pool | user_actions=View visits, open visit, switch between views. | system_actions=Load assigned visits and synchronize data. | ai_actions=Highlight priority visits. | inputs=Inspector | outputs=Assignment Pool | business_rules=Only assigned visits are displayed. | personas=Inspector | dependencies=Visit Management | source_acceptance_criteria=Inspector can access all assigned visits.",PHASE2_IPAD_DEFERRED,DEFERRED_TO_PHASE_2_IPAD,MOD-07,PHASE2,/field/**,PHASE2_IPAD_DEFERRED,WA-AC-0100,,OFFLINE_CONFLICT,WA-EV-0100,BASELINED_NOT_IMPLEMENTED
CR-101,SRC-CUST-001,c2ab27f60bf697780acf16d2b50f0f359b1bf78c1b89725bad3b1ab3005f04b9,Inspection Execution - PreStart,Inspection Execution - PreStart!4,Inspection Execution,"Calendar, List & Map Views",Provide multiple visualization options for assigned visits.,Assignment Pool,"Switch between Calendar, List and Map.",Display selected view.,Recommend optimal daily route.,View Selection,Selected View,New visits appear only in Assignment Pool. Prepared visits appear in Calendar. Map displays all assigned visits.,Inspector,"Calendar Service, GIS",Inspector can switch between all views.,"module=Inspection Execution | capability=Calendar, List & Map Views | purpose=Provide multiple visualization options for assigned visits. | user_flow=Assignment Pool | user_actions=Switch between Calendar, List and Map. | system_actions=Display selected view. | ai_actions=Recommend optimal daily route. | inputs=View Selection | outputs=Selected View | business_rules=New visits appear only in Assignment Pool. Prepared visits appear in Calendar. Map displays all assigned visits. | personas=Inspector | dependencies=Calendar Service, GIS | source_acceptance_criteria=Inspector can switch between all views.",PHASE2_IPAD_DEFERRED,DEFERRED_TO_PHASE_2_IPAD,MOD-07,PHASE2,/field/**,PHASE2_IPAD_DEFERRED,WA-AC-0101,,,WA-EV-0101,BASELINED_NOT_IMPLEMENTED
CR-102,SRC-CUST-001,c2ab27f60bf697780acf16d2b50f0f359b1bf78c1b89725bad3b1ab3005f04b9,Inspection Execution - PreStart,Inspection Execution - PreStart!5,Inspection Execution,"Search, Filter & Sort",Quickly locate assigned visits.,Assignment Pool,"Search, filter, sort.",Apply search and filtering.,Recommend saved filters (future).,Search Criteria,Filtered Results,Search applies across all assigned visits.,Inspector,Search Service,Accurate search and filtering results.,"module=Inspection Execution | capability=Search, Filter & Sort | purpose=Quickly locate assigned visits. | user_flow=Assignment Pool | user_actions=Search, filter, sort. | system_actions=Apply search and filtering. | ai_actions=Recommend saved filters (future). | inputs=Search Criteria | outputs=Filtered Results | business_rules=Search applies across all assigned visits. | personas=Inspector | dependencies=Search Service | source_acceptance_criteria=Accurate search and filtering results.",PHASE2_IPAD_DEFERRED,DEFERRED_TO_PHASE_2_IPAD,MOD-07,PHASE2,/field/**,PHASE2_IPAD_DEFERRED,WA-AC-0102,,,WA-EV-0102,BASELINED_NOT_IMPLEMENTED
CR-103,SRC-CUST-001,c2ab27f60bf697780acf16d2b50f0f359b1bf78c1b89725bad3b1ab3005f04b9,Inspection Execution - PreStart,Inspection Execution - PreStart!6,Inspection Execution,Manage My Schedule,Organize execution schedule using the prepared inspection dates.,Calendar,Drag & drop prepared visits between eligible dates.,Save updated schedule and refresh calendar.,Recommend optimal schedule.,Execution Date,Updated Calendar,Execution Date must remain within Planning Window.,Inspector,Calendar Service,Calendar updates successfully after changes.,module=Inspection Execution | capability=Manage My Schedule | purpose=Organize execution schedule using the prepared inspection dates. | user_flow=Calendar | user_actions=Drag & drop prepared visits between eligible dates. | system_actions=Save updated schedule and refresh calendar. | ai_actions=Recommend optimal schedule. | inputs=Execution Date | outputs=Updated Calendar | business_rules=Execution Date must remain within Planning Window. | personas=Inspector | dependencies=Calendar Service | source_acceptance_criteria=Calendar updates successfully after changes.,PHASE2_IPAD_DEFERRED,DEFERRED_TO_PHASE_2_IPAD,MOD-07,PHASE2,/field/**,PHASE2_IPAD_DEFERRED,WA-AC-0103,,,WA-EV-0103,BASELINED_NOT_IMPLEMENTED
CR-104,SRC-CUST-001,c2ab27f60bf697780acf16d2b50f0f359b1bf78c1b89725bad3b1ab3005f04b9,Inspection Execution - PreStart,Inspection Execution - PreStart!7,Inspection Execution,Return Assignment,Return assigned visits back to planner/supervisor.,Assignment Pool → Return,Select return reason and comments.,Update assignment and notify planner.,—,"Reason, Comments",Returned Assignment,Return reason is mandatory.,Inspector,"Assignment Engine, Notification Service",Assignment successfully returned.,"module=Inspection Execution | capability=Return Assignment | purpose=Return assigned visits back to planner/supervisor. | user_flow=Assignment Pool → Return | user_actions=Select return reason and comments. | system_actions=Update assignment and notify planner. | ai_actions=— | inputs=Reason, Comments | outputs=Returned Assignment | business_rules=Return reason is mandatory. | personas=Inspector | dependencies=Assignment Engine, Notification Service | source_acceptance_criteria=Assignment successfully returned.",PHASE2_IPAD_DEFERRED,DEFERRED_TO_PHASE_2_IPAD,MOD-07,PHASE2,/field/**,PHASE2_IPAD_DEFERRED,WA-AC-0104,,NOTIFICATION,WA-EV-0104,BASELINED_NOT_IMPLEMENTED
CR-105,SRC-CUST-001,c2ab27f60bf697780acf16d2b50f0f359b1bf78c1b89725bad3b1ab3005f04b9,Inspection Execution - PreStart,Inspection Execution - PreStart!8,Inspection Execution,View Visit Card,Provide operational visit information before preparation.,Open Visit,Review visit details.,Load visit information.,Summarize visit objective.,Visit ID,Visit Details,Visit information is read-only.,Inspector,Visit Repository,Visit information displayed correctly.,module=Inspection Execution | capability=View Visit Card | purpose=Provide operational visit information before preparation. | user_flow=Open Visit | user_actions=Review visit details. | system_actions=Load visit information. | ai_actions=Summarize visit objective. | inputs=Visit ID | outputs=Visit Details | business_rules=Visit information is read-only. | personas=Inspector | dependencies=Visit Repository | source_acceptance_criteria=Visit information displayed correctly.,PHASE2_IPAD_DEFERRED,DEFERRED_TO_PHASE_2_IPAD,MOD-07,PHASE2,/field/**,PHASE2_IPAD_DEFERRED,WA-AC-0105,,,WA-EV-0105,BASELINED_NOT_IMPLEMENTED
CR-106,SRC-CUST-001,c2ab27f60bf697780acf16d2b50f0f359b1bf78c1b89725bad3b1ab3005f04b9,Inspection Execution - PreStart,Inspection Execution - PreStart!9,Inspection Execution,View Factory 360°,Provide complete factory context before execution.,Open Factory,Review factory profile and history.,"Load factory information, history and location.","Summarize risks, previous findings and recommendations.",Factory ID,Factory Profile,Latest synchronized factory data shall be displayed.,Inspector,"Factory Profile, GIS",Factory profile loads successfully.,"module=Inspection Execution | capability=View Factory 360° | purpose=Provide complete factory context before execution. | user_flow=Open Factory | user_actions=Review factory profile and history. | system_actions=Load factory information, history and location. | ai_actions=Summarize risks, previous findings and recommendations. | inputs=Factory ID | outputs=Factory Profile | business_rules=Latest synchronized factory data shall be displayed. | personas=Inspector | dependencies=Factory Profile, GIS | source_acceptance_criteria=Factory profile loads successfully.",PHASE2_IPAD_DEFERRED,DEFERRED_TO_PHASE_2_IPAD,MOD-07,PHASE2,/field/**,PHASE2_IPAD_DEFERRED,WA-AC-0106,,OFFLINE_CONFLICT,WA-EV-0106,BASELINED_NOT_IMPLEMENTED
CR-107,SRC-CUST-001,c2ab27f60bf697780acf16d2b50f0f359b1bf78c1b89725bad3b1ab3005f04b9,Inspection Execution - PreStart,Inspection Execution - PreStart!10,Inspection Execution,AI Preparation Assistant,Help inspectors prepare before execution.,Open Visit,Review AI insights.,Generate AI recommendations.,"Daily summary, risk summary, route optimization, preparation recommendations.","Visit, Factory",AI Recommendations,AI recommendations are advisory only.,Inspector,AI Engine,AI recommendations generated successfully.,"module=Inspection Execution | capability=AI Preparation Assistant | purpose=Help inspectors prepare before execution. | user_flow=Open Visit | user_actions=Review AI insights. | system_actions=Generate AI recommendations. | ai_actions=Daily summary, risk summary, route optimization, preparation recommendations. | inputs=Visit, Factory | outputs=AI Recommendations | business_rules=AI recommendations are advisory only. | personas=Inspector | dependencies=AI Engine | source_acceptance_criteria=AI recommendations generated successfully.",PHASE2_IPAD_DEFERRED,DEFERRED_TO_PHASE_2_IPAD,MOD-07,PHASE2,/field/**,PHASE2_IPAD_DEFERRED,WA-AC-0107,,,WA-EV-0107,BASELINED_NOT_IMPLEMENTED
CR-108,SRC-CUST-001,c2ab27f60bf697780acf16d2b50f0f359b1bf78c1b89725bad3b1ab3005f04b9,Inspection Execution - PreStart,Inspection Execution - PreStart!11,Inspection Execution,Prepare Inspection,Configure the inspection before execution.,Open Visit → Prepare Inspection,"Select Execution Date, Report Type, Execution Mode, Notify Factory, Save.","Validate inputs, resolve package, update status, populate calendar.",Recommend preparation improvements (future).,"Execution Date, Report Type, Execution Mode",Ready Inspection,Preparation required before inspection can start.,Inspector,"Report Builder, Package Builder, Calendar Service",Inspection successfully prepared.,"module=Inspection Execution | capability=Prepare Inspection | purpose=Configure the inspection before execution. | user_flow=Open Visit → Prepare Inspection | user_actions=Select Execution Date, Report Type, Execution Mode, Notify Factory, Save. | system_actions=Validate inputs, resolve package, update status, populate calendar. | ai_actions=Recommend preparation improvements (future). | inputs=Execution Date, Report Type, Execution Mode | outputs=Ready Inspection | business_rules=Preparation required before inspection can start. | personas=Inspector | dependencies=Report Builder, Package Builder, Calendar Service | source_acceptance_criteria=Inspection successfully prepared.",PHASE2_IPAD_DEFERRED,DEFERRED_TO_PHASE_2_IPAD,MOD-07,PHASE2,/field/**,PHASE2_IPAD_DEFERRED,WA-AC-0108,,,WA-EV-0108,BASELINED_NOT_IMPLEMENTED
CR-109,SRC-CUST-001,c2ab27f60bf697780acf16d2b50f0f359b1bf78c1b89725bad3b1ab3005f04b9,Inspection Execution - PreStart,Inspection Execution - PreStart!12,Inspection Execution,Execution Mode Eligibility,Determine available execution modes.,During Preparation,Select eligible execution mode.,Evaluate eligibility rules.,—,"Report Type, Factory Profile",Eligible Modes,Only eligible execution modes are displayed.,Inspector,Rule Engine,Ineligible modes cannot be selected.,"module=Inspection Execution | capability=Execution Mode Eligibility | purpose=Determine available execution modes. | user_flow=During Preparation | user_actions=Select eligible execution mode. | system_actions=Evaluate eligibility rules. | ai_actions=— | inputs=Report Type, Factory Profile | outputs=Eligible Modes | business_rules=Only eligible execution modes are displayed. | personas=Inspector | dependencies=Rule Engine | source_acceptance_criteria=Ineligible modes cannot be selected.",PHASE2_IPAD_DEFERRED,DEFERRED_TO_PHASE_2_IPAD,MOD-07,PHASE2,/field/**,PHASE2_IPAD_DEFERRED,WA-AC-0109,,,WA-EV-0109,BASELINED_NOT_IMPLEMENTED
CR-110,SRC-CUST-001,c2ab27f60bf697780acf16d2b50f0f359b1bf78c1b89725bad3b1ab3005f04b9,Inspection Execution - PreStart,Inspection Execution - PreStart!13,Inspection Execution,Inspection Package Resolution,Automatically resolve and lock the inspection package.,Save Preparation,Review package preview.,"Load Form, Checklist, Action Forms, Validation Rules, Required Evidence, Report Template and lock package.",—,"Report Type, Execution Mode",Locked Inspection Package,Package regenerated after edits before execution and locked after save.,Inspector,Package Builder,Correct inspection package generated.,"module=Inspection Execution | capability=Inspection Package Resolution | purpose=Automatically resolve and lock the inspection package. | user_flow=Save Preparation | user_actions=Review package preview. | system_actions=Load Form, Checklist, Action Forms, Validation Rules, Required Evidence, Report Template and lock package. | ai_actions=— | inputs=Report Type, Execution Mode | outputs=Locked Inspection Package | business_rules=Package regenerated after edits before execution and locked after save. | personas=Inspector | dependencies=Package Builder | source_acceptance_criteria=Correct inspection package generated.",PHASE2_IPAD_DEFERRED,DEFERRED_TO_PHASE_2_IPAD,MOD-07,PHASE2,/field/**,PHASE2_IPAD_DEFERRED,WA-AC-0110,,,WA-EV-0110,BASELINED_NOT_IMPLEMENTED
CR-111,SRC-CUST-001,c2ab27f60bf697780acf16d2b50f0f359b1bf78c1b89725bad3b1ab3005f04b9,Inspection Execution - PreStart,Inspection Execution - PreStart!14,Inspection Execution,Notify Factory,Optionally notify factory before execution.,During Preparation,Enable/Disable notification.,Send notification using configured channels.,Generate notification summary (future).,Notification Option,Notification,Optional for Physical inspections. Virtual notifications follow appointment workflow.,Inspector,Notification Service,Notification successfully sent when enabled.,module=Inspection Execution | capability=Notify Factory | purpose=Optionally notify factory before execution. | user_flow=During Preparation | user_actions=Enable/Disable notification. | system_actions=Send notification using configured channels. | ai_actions=Generate notification summary (future). | inputs=Notification Option | outputs=Notification | business_rules=Optional for Physical inspections. Virtual notifications follow appointment workflow. | personas=Inspector | dependencies=Notification Service | source_acceptance_criteria=Notification successfully sent when enabled.,PHASE2_IPAD_DEFERRED,DEFERRED_TO_PHASE_2_IPAD,MOD-07,PHASE2,/field/**,PHASE2_IPAD_DEFERRED,WA-AC-0111,,NOTIFICATION,WA-EV-0111,BASELINED_NOT_IMPLEMENTED
CR-112,SRC-CUST-001,c2ab27f60bf697780acf16d2b50f0f359b1bf78c1b89725bad3b1ab3005f04b9,Inspection Execution - PreStart,Inspection Execution - PreStart!15,Inspection Execution,Virtual Appointment Management,Manage virtual inspection scheduling and confirmation.,Virtual Preparation,"Schedule appointment, review confirmations, approve reschedule requests.","Notify factory, receive confirmation, generate meeting, synchronize calendars.",Suggest appointment times (future).,Appointment Date & Time,Confirmed Appointment,Virtual inspection requires confirmed appointment before execution.,"Inspector, Factory Representative","Appointment Management, Meeting Service",Virtual appointment confirmed successfully.,"module=Inspection Execution | capability=Virtual Appointment Management | purpose=Manage virtual inspection scheduling and confirmation. | user_flow=Virtual Preparation | user_actions=Schedule appointment, review confirmations, approve reschedule requests. | system_actions=Notify factory, receive confirmation, generate meeting, synchronize calendars. | ai_actions=Suggest appointment times (future). | inputs=Appointment Date & Time | outputs=Confirmed Appointment | business_rules=Virtual inspection requires confirmed appointment before execution. | personas=Inspector, Factory Representative | dependencies=Appointment Management, Meeting Service | source_acceptance_criteria=Virtual appointment confirmed successfully.",PHASE2_IPAD_DEFERRED,DEFERRED_TO_PHASE_2_IPAD,MOD-07,PHASE2,/field/**,PHASE2_IPAD_DEFERRED,WA-AC-0112,,OFFLINE_CONFLICT,WA-EV-0112,BASELINED_NOT_IMPLEMENTED
CR-113,SRC-CUST-001,c2ab27f60bf697780acf16d2b50f0f359b1bf78c1b89725bad3b1ab3005f04b9,Inspection Execution - PreStart,Inspection Execution - PreStart!16,Inspection Execution,Inspection Status Management,Manage the inspection lifecycle before execution.,Throughout Preparation,—,"Manage transitions between New, Ready and Expired.",—,Workflow Events,Updated Status,Status lifecycle follows business rules and automatic expiration policies.,System,Workflow Engine,Status transitions occur correctly.,"module=Inspection Execution | capability=Inspection Status Management | purpose=Manage the inspection lifecycle before execution. | user_flow=Throughout Preparation | user_actions=— | system_actions=Manage transitions between New, Ready and Expired. | ai_actions=— | inputs=Workflow Events | outputs=Updated Status | business_rules=Status lifecycle follows business rules and automatic expiration policies. | personas=System | dependencies=Workflow Engine | source_acceptance_criteria=Status transitions occur correctly.",PHASE2_IPAD_DEFERRED,DEFERRED_TO_PHASE_2_IPAD,MOD-07,PHASE2,/field/**,PHASE2_IPAD_DEFERRED,WA-AC-0113,,WORKFLOW,WA-EV-0113,BASELINED_NOT_IMPLEMENTED
CR-114,SRC-CUST-001,c2ab27f60bf697780acf16d2b50f0f359b1bf78c1b89725bad3b1ab3005f04b9,Inspection excution-Start jou,Inspection excution-Start jou!2,Inspection Execution – Physical,Validate Assigned Visit,Ensure the inspector can only start a visit assigned to them.,My Schedule → Start Journey,Click Start Journey.,Verify the visit is assigned to the logged-in inspector.,None,"Visit ID, Inspector ID",Validation Result,Only the assigned inspector can start the journey. Shared or reassigned visits shall follow the latest assignment.,Inspector,Workflow Engine,Inspector cannot start a visit assigned to another inspector.,"module=Inspection Execution – Physical | capability=Validate Assigned Visit | purpose=Ensure the inspector can only start a visit assigned to them. | user_flow=My Schedule → Start Journey | user_actions=Click Start Journey. | system_actions=Verify the visit is assigned to the logged-in inspector. | ai_actions=None | inputs=Visit ID, Inspector ID | outputs=Validation Result | business_rules=Only the assigned inspector can start the journey. Shared or reassigned visits shall follow the latest assignment. | personas=Inspector | dependencies=Workflow Engine | source_acceptance_criteria=Inspector cannot start a visit assigned to another inspector.",PHASE2_IPAD_DEFERRED,DEFERRED_TO_PHASE_2_IPAD,MOD-09,PHASE2,/field/**,PHASE2_IPAD_DEFERRED,WA-AC-0114,,,WA-EV-0114,BASELINED_NOT_IMPLEMENTED
CR-115,SRC-CUST-001,c2ab27f60bf697780acf16d2b50f0f359b1bf78c1b89725bad3b1ab3005f04b9,Inspection excution-Start jou,Inspection excution-Start jou!3,Inspection Execution – Physical,Validate Visit Status,Ensure only eligible visits can be started.,Start Journey,Click Start Journey.,"Validate visit is Published and not Cancelled, Completed or Expired.",None,Visit Status,Validation Result,Journey can only start for executable visits.,Inspector,Workflow Engine,Invalid visit statuses are blocked with a clear error message.,"module=Inspection Execution – Physical | capability=Validate Visit Status | purpose=Ensure only eligible visits can be started. | user_flow=Start Journey | user_actions=Click Start Journey. | system_actions=Validate visit is Published and not Cancelled, Completed or Expired. | ai_actions=None | inputs=Visit Status | outputs=Validation Result | business_rules=Journey can only start for executable visits. | personas=Inspector | dependencies=Workflow Engine | source_acceptance_criteria=Invalid visit statuses are blocked with a clear error message.",PHASE2_IPAD_DEFERRED,DEFERRED_TO_PHASE_2_IPAD,MOD-09,PHASE2,/field/**,PHASE2_IPAD_DEFERRED,WA-AC-0115,,,WA-EV-0115,BASELINED_NOT_IMPLEMENTED
CR-116,SRC-CUST-001,c2ab27f60bf697780acf16d2b50f0f359b1bf78c1b89725bad3b1ab3005f04b9,Inspection excution-Start jou,Inspection excution-Start jou!4,Inspection Execution – Physical,Validate Execution Window,Ensure execution starts within the planned visit window.,Start Journey,Click Start Journey.,Compare current date/time against planned execution window.,Warn if inspector is close to missing SLA.,Planned Window,Validation Result,Journey cannot start after the visit has expired.,Inspector,Planning Module,Inspector receives appropriate validation if outside execution window.,module=Inspection Execution – Physical | capability=Validate Execution Window | purpose=Ensure execution starts within the planned visit window. | user_flow=Start Journey | user_actions=Click Start Journey. | system_actions=Compare current date/time against planned execution window. | ai_actions=Warn if inspector is close to missing SLA. | inputs=Planned Window | outputs=Validation Result | business_rules=Journey cannot start after the visit has expired. | personas=Inspector | dependencies=Planning Module | source_acceptance_criteria=Inspector receives appropriate validation if outside execution window.,PHASE2_IPAD_DEFERRED,DEFERRED_TO_PHASE_2_IPAD,MOD-09,PHASE2,/field/**,PHASE2_IPAD_DEFERRED,WA-AC-0116,,,WA-EV-0116,BASELINED_NOT_IMPLEMENTED
CR-117,SRC-CUST-001,c2ab27f60bf697780acf16d2b50f0f359b1bf78c1b89725bad3b1ab3005f04b9,Inspection excution-Start jou,Inspection excution-Start jou!5,Inspection Execution – Physical,Validate Factory Location,Ensure the visit contains valid destination coordinates.,Start Journey,Click Start Journey.,"Verify that the factory has valid coordinates. If planner manually selected location, use planner location; otherwise use license location.",None,Factory Coordinates,Destination Coordinates,Journey cannot start without a destination.,Inspector,"Factory Profile, GIS",Navigation starts using the correct destination.,"module=Inspection Execution – Physical | capability=Validate Factory Location | purpose=Ensure the visit contains valid destination coordinates. | user_flow=Start Journey | user_actions=Click Start Journey. | system_actions=Verify that the factory has valid coordinates. If planner manually selected location, use planner location; otherwise use license location. | ai_actions=None | inputs=Factory Coordinates | outputs=Destination Coordinates | business_rules=Journey cannot start without a destination. | personas=Inspector | dependencies=Factory Profile, GIS | source_acceptance_criteria=Navigation starts using the correct destination.",PHASE2_IPAD_DEFERRED,DEFERRED_TO_PHASE_2_IPAD,MOD-08,PHASE2,/field/**,PHASE2_IPAD_DEFERRED,WA-AC-0117,,,WA-EV-0117,BASELINED_NOT_IMPLEMENTED
CR-118,SRC-CUST-001,c2ab27f60bf697780acf16d2b50f0f359b1bf78c1b89725bad3b1ab3005f04b9,Inspection excution-Start jou,Inspection excution-Start jou!6,Inspection Execution – Physical,Download Locked Inspection Package,Download the execution package before leaving.,Start Journey → Loading,Wait.,"Download the latest approved package including factory information, inspection report, inspection items, previous answers, and configuration. Lock the downloaded version.",None,Visit Package,Offline Package,Package version is frozen after download. Future changes by planners shall not affect the ongoing inspection.,Inspector,Dynamic Form Engine,Package downloads successfully before journey begins.,"module=Inspection Execution – Physical | capability=Download Locked Inspection Package | purpose=Download the execution package before leaving. | user_flow=Start Journey → Loading | user_actions=Wait. | system_actions=Download the latest approved package including factory information, inspection report, inspection items, previous answers, and configuration. Lock the downloaded version. | ai_actions=None | inputs=Visit Package | outputs=Offline Package | business_rules=Package version is frozen after download. Future changes by planners shall not affect the ongoing inspection. | personas=Inspector | dependencies=Dynamic Form Engine | source_acceptance_criteria=Package downloads successfully before journey begins.",PHASE2_IPAD_DEFERRED,DEFERRED_TO_PHASE_2_IPAD,MOD-09,PHASE2,/field/**,PHASE2_IPAD_DEFERRED,WA-AC-0118,,,WA-EV-0118,BASELINED_NOT_IMPLEMENTED
CR-119,SRC-CUST-001,c2ab27f60bf697780acf16d2b50f0f359b1bf78c1b89725bad3b1ab3005f04b9,Inspection excution-Start jou,Inspection excution-Start jou!7,Inspection Execution – Physical,Verify Package Integrity,Ensure downloaded package is complete.,Package Download,None,"Validate package version, checksum, mandatory files and configuration.",None,Offline Package,Valid Package,Inspection cannot continue using a corrupted package.,Inspector,Package Service,Invalid packages are rejected and re-downloaded.,"module=Inspection Execution – Physical | capability=Verify Package Integrity | purpose=Ensure downloaded package is complete. | user_flow=Package Download | user_actions=None | system_actions=Validate package version, checksum, mandatory files and configuration. | ai_actions=None | inputs=Offline Package | outputs=Valid Package | business_rules=Inspection cannot continue using a corrupted package. | personas=Inspector | dependencies=Package Service | source_acceptance_criteria=Invalid packages are rejected and re-downloaded.",PHASE2_IPAD_DEFERRED,DEFERRED_TO_PHASE_2_IPAD,MOD-09,PHASE2,/field/**,PHASE2_IPAD_DEFERRED,WA-AC-0119,,,WA-EV-0119,BASELINED_NOT_IMPLEMENTED
CR-120,SRC-CUST-001,c2ab27f60bf697780acf16d2b50f0f359b1bf78c1b89725bad3b1ab3005f04b9,Inspection excution-Start jou,Inspection excution-Start jou!8,Inspection Execution – Physical,Cache Offline Package,Prepare inspection for offline execution.,Package Download,None,Store package securely on the device.,None,Locked Package,Cached Package,Package remains available while offline until inspection is submitted.,Inspector,Offline Service,Inspector can continue execution without network connectivity.,module=Inspection Execution – Physical | capability=Cache Offline Package | purpose=Prepare inspection for offline execution. | user_flow=Package Download | user_actions=None | system_actions=Store package securely on the device. | ai_actions=None | inputs=Locked Package | outputs=Cached Package | business_rules=Package remains available while offline until inspection is submitted. | personas=Inspector | dependencies=Offline Service | source_acceptance_criteria=Inspector can continue execution without network connectivity.,PHASE2_IPAD_DEFERRED,DEFERRED_TO_PHASE_2_IPAD,MOD-13,PHASE2,/field/**,PHASE2_IPAD_DEFERRED,WA-AC-0120,,,WA-EV-0120,BASELINED_NOT_IMPLEMENTED
CR-121,SRC-CUST-001,c2ab27f60bf697780acf16d2b50f0f359b1bf78c1b89725bad3b1ab3005f04b9,Inspection excution-Start jou,Inspection excution-Start jou!9,Inspection Execution – Physical,Create Journey Session,Start journey lifecycle.,Journey Start,None,Create journey session linked to visit.,None,Visit ID,Journey Session,One active journey per visit.,Inspector,Audit Service,Journey session created successfully.,module=Inspection Execution – Physical | capability=Create Journey Session | purpose=Start journey lifecycle. | user_flow=Journey Start | user_actions=None | system_actions=Create journey session linked to visit. | ai_actions=None | inputs=Visit ID | outputs=Journey Session | business_rules=One active journey per visit. | personas=Inspector | dependencies=Audit Service | source_acceptance_criteria=Journey session created successfully.,PHASE2_IPAD_DEFERRED,DEFERRED_TO_PHASE_2_IPAD,MOD-08,PHASE2,/field/**,PHASE2_IPAD_DEFERRED,WA-AC-0121,,AUDIT,WA-EV-0121,BASELINED_NOT_IMPLEMENTED
CR-122,SRC-CUST-001,c2ab27f60bf697780acf16d2b50f0f359b1bf78c1b89725bad3b1ab3005f04b9,Inspection excution-Start jou,Inspection excution-Start jou!10,Inspection Execution – Physical,Capture Journey Start Time,Record official journey start.,Journey Start,None,Capture server timestamp and device timestamp.,None,System Time,Journey Start Time,Server time is the official audit time.,Inspector,Audit Service,Journey start time recorded.,module=Inspection Execution – Physical | capability=Capture Journey Start Time | purpose=Record official journey start. | user_flow=Journey Start | user_actions=None | system_actions=Capture server timestamp and device timestamp. | ai_actions=None | inputs=System Time | outputs=Journey Start Time | business_rules=Server time is the official audit time. | personas=Inspector | dependencies=Audit Service | source_acceptance_criteria=Journey start time recorded.,PHASE2_IPAD_DEFERRED,DEFERRED_TO_PHASE_2_IPAD,MOD-08,PHASE2,/field/**,PHASE2_IPAD_DEFERRED,WA-AC-0122,,AUDIT,WA-EV-0122,BASELINED_NOT_IMPLEMENTED
CR-123,SRC-CUST-001,c2ab27f60bf697780acf16d2b50f0f359b1bf78c1b89725bad3b1ab3005f04b9,Inspection excution-Start jou,Inspection excution-Start jou!11,Inspection Execution – Physical,Capture Journey Start GPS,Record inspector starting location.,Journey Start,None,"Capture latitude, longitude and altitude.",None,GPS,Start Coordinates,Coordinates stored as audit evidence.,Inspector,GIS,GPS stored successfully.,"module=Inspection Execution – Physical | capability=Capture Journey Start GPS | purpose=Record inspector starting location. | user_flow=Journey Start | user_actions=None | system_actions=Capture latitude, longitude and altitude. | ai_actions=None | inputs=GPS | outputs=Start Coordinates | business_rules=Coordinates stored as audit evidence. | personas=Inspector | dependencies=GIS | source_acceptance_criteria=GPS stored successfully.",PHASE2_IPAD_DEFERRED,DEFERRED_TO_PHASE_2_IPAD,MOD-08,PHASE2,/field/**,PHASE2_IPAD_DEFERRED,WA-AC-0123,,AUDIT,WA-EV-0123,BASELINED_NOT_IMPLEMENTED
CR-124,SRC-CUST-001,c2ab27f60bf697780acf16d2b50f0f359b1bf78c1b89725bad3b1ab3005f04b9,Inspection excution-Start jou,Inspection excution-Start jou!12,Inspection Execution – Physical,Capture GPS Accuracy,Record GPS quality.,Journey Start,None,Capture GPS accuracy in meters.,None,GPS Accuracy,Accuracy Record,Used later for audit and investigation.,Inspector,GIS,GPS accuracy stored.,module=Inspection Execution – Physical | capability=Capture GPS Accuracy | purpose=Record GPS quality. | user_flow=Journey Start | user_actions=None | system_actions=Capture GPS accuracy in meters. | ai_actions=None | inputs=GPS Accuracy | outputs=Accuracy Record | business_rules=Used later for audit and investigation. | personas=Inspector | dependencies=GIS | source_acceptance_criteria=GPS accuracy stored.,PHASE2_IPAD_DEFERRED,DEFERRED_TO_PHASE_2_IPAD,MOD-08,PHASE2,/field/**,PHASE2_IPAD_DEFERRED,WA-AC-0124,,AUDIT,WA-EV-0124,BASELINED_NOT_IMPLEMENTED
CR-125,SRC-CUST-001,c2ab27f60bf697780acf16d2b50f0f359b1bf78c1b89725bad3b1ab3005f04b9,Inspection excution-Start jou,Inspection excution-Start jou!13,Inspection Execution – Physical,Capture Device Information,Record execution device.,Journey Start,None,"Capture device ID, OS version, application version.",None,Device Info,Device Audit,Every inspection must be traceable to a device.,Inspector,Device Service,Device information stored successfully.,"module=Inspection Execution – Physical | capability=Capture Device Information | purpose=Record execution device. | user_flow=Journey Start | user_actions=None | system_actions=Capture device ID, OS version, application version. | ai_actions=None | inputs=Device Info | outputs=Device Audit | business_rules=Every inspection must be traceable to a device. | personas=Inspector | dependencies=Device Service | source_acceptance_criteria=Device information stored successfully.",PHASE2_IPAD_DEFERRED,DEFERRED_TO_PHASE_2_IPAD,MOD-09,PHASE2,/field/**,PHASE2_IPAD_DEFERRED,WA-AC-0125,,AUDIT,WA-EV-0125,BASELINED_NOT_IMPLEMENTED
CR-126,SRC-CUST-001,c2ab27f60bf697780acf16d2b50f0f359b1bf78c1b89725bad3b1ab3005f04b9,Inspection excution-Start jou,Inspection excution-Start jou!14,Inspection Execution – Physical,Capture Network Status,Record connectivity at journey start.,Journey Start,None,Capture Online/Offline status and connection type.,None,Network,Network Snapshot,Used for troubleshooting offline scenarios.,Inspector,Network Service,Initial connectivity stored.,module=Inspection Execution – Physical | capability=Capture Network Status | purpose=Record connectivity at journey start. | user_flow=Journey Start | user_actions=None | system_actions=Capture Online/Offline status and connection type. | ai_actions=None | inputs=Network | outputs=Network Snapshot | business_rules=Used for troubleshooting offline scenarios. | personas=Inspector | dependencies=Network Service | source_acceptance_criteria=Initial connectivity stored.,PHASE2_IPAD_DEFERRED,DEFERRED_TO_PHASE_2_IPAD,MOD-09,PHASE2,/field/**,PHASE2_IPAD_DEFERRED,WA-AC-0126,,,WA-EV-0126,BASELINED_NOT_IMPLEMENTED
CR-127,SRC-CUST-001,c2ab27f60bf697780acf16d2b50f0f359b1bf78c1b89725bad3b1ab3005f04b9,Inspection excution-Start jou,Inspection excution-Start jou!15,Inspection Execution – Physical,Start Live Tracking,Begin continuous inspector tracking.,Journey Active,None,Start background GPS tracking according to configured interval.,None,GPS,Tracking Stream,Tracking continues until inspection begins or journey is cancelled.,Inspector,Maps Service,Operations Center receives live location updates.,module=Inspection Execution – Physical | capability=Start Live Tracking | purpose=Begin continuous inspector tracking. | user_flow=Journey Active | user_actions=None | system_actions=Start background GPS tracking according to configured interval. | ai_actions=None | inputs=GPS | outputs=Tracking Stream | business_rules=Tracking continues until inspection begins or journey is cancelled. | personas=Inspector | dependencies=Maps Service | source_acceptance_criteria=Operations Center receives live location updates.,PHASE2_IPAD_DEFERRED,DEFERRED_TO_PHASE_2_IPAD,MOD-09,PHASE2,/field/**,PHASE2_IPAD_DEFERRED,WA-AC-0127,,,WA-EV-0127,BASELINED_NOT_IMPLEMENTED
CR-128,SRC-CUST-001,c2ab27f60bf697780acf16d2b50f0f359b1bf78c1b89725bad3b1ab3005f04b9,Inspection excution-Start jou,Inspection excution-Start jou!16,Inspection Execution – Physical,Initialize Journey Timeline,Begin recording journey events.,Journey Active,None,Create timeline events starting with Journey Started.,None,Journey Session,Timeline,Every operational event must appear in timeline.,Inspector,Audit Timeline,Timeline initialized successfully.,module=Inspection Execution – Physical | capability=Initialize Journey Timeline | purpose=Begin recording journey events. | user_flow=Journey Active | user_actions=None | system_actions=Create timeline events starting with Journey Started. | ai_actions=None | inputs=Journey Session | outputs=Timeline | business_rules=Every operational event must appear in timeline. | personas=Inspector | dependencies=Audit Timeline | source_acceptance_criteria=Timeline initialized successfully.,PHASE2_IPAD_DEFERRED,DEFERRED_TO_PHASE_2_IPAD,MOD-08,PHASE2,/field/**,PHASE2_IPAD_DEFERRED,WA-AC-0128,,AUDIT,WA-EV-0128,BASELINED_NOT_IMPLEMENTED
CR-129,SRC-CUST-001,c2ab27f60bf697780acf16d2b50f0f359b1bf78c1b89725bad3b1ab3005f04b9,Inspection excution-Start jou,Inspection excution-Start jou!17,Inspection Execution – Physical,Launch Navigation,Open navigation toward factory.,Journey Active,Open Navigation.,Launch preferred navigation application using factory coordinates.,Recommend fastest route.,Coordinates,Navigation Session,Navigation is optional but recommended.,Inspector,Maps,Inspector navigates to correct destination.,module=Inspection Execution – Physical | capability=Launch Navigation | purpose=Open navigation toward factory. | user_flow=Journey Active | user_actions=Open Navigation. | system_actions=Launch preferred navigation application using factory coordinates. | ai_actions=Recommend fastest route. | inputs=Coordinates | outputs=Navigation Session | business_rules=Navigation is optional but recommended. | personas=Inspector | dependencies=Maps | source_acceptance_criteria=Inspector navigates to correct destination.,PHASE2_IPAD_DEFERRED,DEFERRED_TO_PHASE_2_IPAD,MOD-09,PHASE2,/field/**,PHASE2_IPAD_DEFERRED,WA-AC-0129,,,WA-EV-0129,BASELINED_NOT_IMPLEMENTED
CR-130,SRC-CUST-001,c2ab27f60bf697780acf16d2b50f0f359b1bf78c1b89725bad3b1ab3005f04b9,Inspection excution-Start jou,Inspection excution-Start jou!18,Inspection Execution – Physical,Calculate Initial ETA,Estimate arrival time.,Journey Active,None,Calculate ETA based on current location and destination.,Warn if ETA exceeds planned execution window.,"GPS, Destination",ETA,ETA updates continuously during journey.,Inspector,Maps Engine,ETA displayed correctly.,"module=Inspection Execution – Physical | capability=Calculate Initial ETA | purpose=Estimate arrival time. | user_flow=Journey Active | user_actions=None | system_actions=Calculate ETA based on current location and destination. | ai_actions=Warn if ETA exceeds planned execution window. | inputs=GPS, Destination | outputs=ETA | business_rules=ETA updates continuously during journey. | personas=Inspector | dependencies=Maps Engine | source_acceptance_criteria=ETA displayed correctly.",PHASE2_IPAD_DEFERRED,DEFERRED_TO_PHASE_2_IPAD,MOD-09,PHASE2,/field/**,PHASE2_IPAD_DEFERRED,WA-AC-0130,,,WA-EV-0130,BASELINED_NOT_IMPLEMENTED
CR-131,SRC-CUST-001,c2ab27f60bf697780acf16d2b50f0f359b1bf78c1b89725bad3b1ab3005f04b9,Inspection excution-Start jou,Inspection excution-Start jou!19,Inspection Execution – Physical,Update Operational State,Reflect current operational progress.,Journey Started,None,Change Operational State from Prepared to On the Way.,None,Current State,Updated State,Workflow Status remains unchanged until inspection begins.,Inspector,Workflow Engine,Operational State updated correctly.,module=Inspection Execution – Physical | capability=Update Operational State | purpose=Reflect current operational progress. | user_flow=Journey Started | user_actions=None | system_actions=Change Operational State from Prepared to On the Way. | ai_actions=None | inputs=Current State | outputs=Updated State | business_rules=Workflow Status remains unchanged until inspection begins. | personas=Inspector | dependencies=Workflow Engine | source_acceptance_criteria=Operational State updated correctly.,PHASE2_IPAD_DEFERRED,DEFERRED_TO_PHASE_2_IPAD,MOD-09,PHASE2,/field/**,PHASE2_IPAD_DEFERRED,WA-AC-0131,,,WA-EV-0131,BASELINED_NOT_IMPLEMENTED
CR-132,SRC-CUST-001,c2ab27f60bf697780acf16d2b50f0f359b1bf78c1b89725bad3b1ab3005f04b9,Inspection excution-Start jou,Inspection excution-Start jou!20,Inspection Execution – Physical,Generate Audit Events,Ensure traceability.,Throughout Journey,None,"Log every significant event including validation, download, GPS capture, timeline creation and tracking initialization.",None,Journey Events,Audit Log,Every event must be auditable.,Inspector,Audit Service,Complete audit trail available.,"module=Inspection Execution – Physical | capability=Generate Audit Events | purpose=Ensure traceability. | user_flow=Throughout Journey | user_actions=None | system_actions=Log every significant event including validation, download, GPS capture, timeline creation and tracking initialization. | ai_actions=None | inputs=Journey Events | outputs=Audit Log | business_rules=Every event must be auditable. | personas=Inspector | dependencies=Audit Service | source_acceptance_criteria=Complete audit trail available.",PHASE2_IPAD_DEFERRED,DEFERRED_TO_PHASE_2_IPAD,MOD-09,PHASE2,/field/**,PHASE2_IPAD_DEFERRED,WA-AC-0132,,AUDIT,WA-EV-0132,BASELINED_NOT_IMPLEMENTED
CR-133,SRC-CUST-001,c2ab27f60bf697780acf16d2b50f0f359b1bf78c1b89725bad3b1ab3005f04b9,Inspection excution-Start jou,Inspection excution-Start jou!21,Inspection Execution – Physical,Error Handling,Handle journey initialization failures gracefully.,Any Failure,Retry / Cancel.,"Display clear error messages, retry transient failures, prevent journey start if critical validations fail.",Suggest corrective actions where applicable.,Error Details,Error Response,No partial journey session shall remain active after critical failure.,Inspector,All Related Services,User receives meaningful error messages and system remains in a consistent state.,"module=Inspection Execution – Physical | capability=Error Handling | purpose=Handle journey initialization failures gracefully. | user_flow=Any Failure | user_actions=Retry / Cancel. | system_actions=Display clear error messages, retry transient failures, prevent journey start if critical validations fail. | ai_actions=Suggest corrective actions where applicable. | inputs=Error Details | outputs=Error Response | business_rules=No partial journey session shall remain active after critical failure. | personas=Inspector | dependencies=All Related Services | source_acceptance_criteria=User receives meaningful error messages and system remains in a consistent state.",PHASE2_IPAD_DEFERRED,DEFERRED_TO_PHASE_2_IPAD,MOD-09,PHASE2,/field/**,PHASE2_IPAD_DEFERRED,WA-AC-0133,,,WA-EV-0133,BASELINED_NOT_IMPLEMENTED
CR-134,SRC-CUST-001,c2ab27f60bf697780acf16d2b50f0f359b1bf78c1b89725bad3b1ab3005f04b9,Inspection excution-Start jou,Inspection excution-Start jou!22,Inspection Execution – Physical,Activate Live Journey Tracking,Continuously monitor the inspector location during travel.,Journey Started → Journey Active,None,Start continuous GPS tracking based on configurable interval.,None,Journey Session,Active Tracking Session,Tracking starts only after successful Start Journey.,"Inspector, Operations","GIS, Maps",Live tracking starts successfully.,"module=Inspection Execution – Physical | capability=Activate Live Journey Tracking | purpose=Continuously monitor the inspector location during travel. | user_flow=Journey Started → Journey Active | user_actions=None | system_actions=Start continuous GPS tracking based on configurable interval. | ai_actions=None | inputs=Journey Session | outputs=Active Tracking Session | business_rules=Tracking starts only after successful Start Journey. | personas=Inspector, Operations | dependencies=GIS, Maps | source_acceptance_criteria=Live tracking starts successfully.",PHASE2_IPAD_DEFERRED,DEFERRED_TO_PHASE_2_IPAD,MOD-08,PHASE2,/field/**,PHASE2_IPAD_DEFERRED,WA-AC-0134,,,WA-EV-0134,BASELINED_NOT_IMPLEMENTED
CR-135,SRC-CUST-001,c2ab27f60bf697780acf16d2b50f0f359b1bf78c1b89725bad3b1ab3005f04b9,Inspection excution-Start jou,Inspection excution-Start jou!23,Inspection Execution – Physical,Capture Live GPS Coordinates,Continuously record inspector location.,Journey Active,None,"Capture Latitude, Longitude, Altitude, Speed, Heading and GPS Accuracy at each tracking interval.",None,GPS,GPS History,Every GPS point is linked to the journey session.,Inspector,GIS,GPS history is stored successfully.,"module=Inspection Execution – Physical | capability=Capture Live GPS Coordinates | purpose=Continuously record inspector location. | user_flow=Journey Active | user_actions=None | system_actions=Capture Latitude, Longitude, Altitude, Speed, Heading and GPS Accuracy at each tracking interval. | ai_actions=None | inputs=GPS | outputs=GPS History | business_rules=Every GPS point is linked to the journey session. | personas=Inspector | dependencies=GIS | source_acceptance_criteria=GPS history is stored successfully.",PHASE2_IPAD_DEFERRED,DEFERRED_TO_PHASE_2_IPAD,MOD-08,PHASE2,/field/**,PHASE2_IPAD_DEFERRED,WA-AC-0135,,,WA-EV-0135,BASELINED_NOT_IMPLEMENTED
CR-136,SRC-CUST-001,c2ab27f60bf697780acf16d2b50f0f359b1bf78c1b89725bad3b1ab3005f04b9,Inspection excution-Start jou,Inspection excution-Start jou!24,Inspection Execution – Physical,Update Inspector Location on Operations Map,Display inspector movement in real time.,Journey Active,None,Update inspector marker on Operations Center map.,None,GPS Coordinates,Live Map Position,Map refresh interval shall be configurable.,Operations,Maps,Operations users can monitor inspector movement.,module=Inspection Execution – Physical | capability=Update Inspector Location on Operations Map | purpose=Display inspector movement in real time. | user_flow=Journey Active | user_actions=None | system_actions=Update inspector marker on Operations Center map. | ai_actions=None | inputs=GPS Coordinates | outputs=Live Map Position | business_rules=Map refresh interval shall be configurable. | personas=Operations | dependencies=Maps | source_acceptance_criteria=Operations users can monitor inspector movement.,PHASE2_IPAD_DEFERRED,DEFERRED_TO_PHASE_2_IPAD,MOD-08,PHASE2,/field/**,PHASE2_IPAD_DEFERRED,WA-AC-0136,,,WA-EV-0136,BASELINED_NOT_IMPLEMENTED
CR-137,SRC-CUST-001,c2ab27f60bf697780acf16d2b50f0f359b1bf78c1b89725bad3b1ab3005f04b9,Inspection excution-Start jou,Inspection excution-Start jou!25,Inspection Execution – Physical,Calculate Estimated Time of Arrival (ETA),Continuously estimate arrival time.,Journey Active,None,"Calculate ETA based on current location, road network and destination. Refresh ETA periodically.",Notify inspector if ETA exceeds execution window.,"Current Location, Destination",Updated ETA,ETA shall refresh automatically during travel.,Inspector,Maps Engine,ETA displayed accurately.,"module=Inspection Execution – Physical | capability=Calculate Estimated Time of Arrival (ETA) | purpose=Continuously estimate arrival time. | user_flow=Journey Active | user_actions=None | system_actions=Calculate ETA based on current location, road network and destination. Refresh ETA periodically. | ai_actions=Notify inspector if ETA exceeds execution window. | inputs=Current Location, Destination | outputs=Updated ETA | business_rules=ETA shall refresh automatically during travel. | personas=Inspector | dependencies=Maps Engine | source_acceptance_criteria=ETA displayed accurately.",PHASE2_IPAD_DEFERRED,DEFERRED_TO_PHASE_2_IPAD,MOD-08,PHASE2,/field/**,PHASE2_IPAD_DEFERRED,WA-AC-0137,,,WA-EV-0137,BASELINED_NOT_IMPLEMENTED
CR-138,SRC-CUST-001,c2ab27f60bf697780acf16d2b50f0f359b1bf78c1b89725bad3b1ab3005f04b9,Inspection excution-Start jou,Inspection excution-Start jou!26,Inspection Execution – Physical,Calculate Remaining Distance,Display remaining travel distance.,Journey Active,None,Calculate remaining travel distance using navigation route.,None,GPS,Remaining Distance,Distance refreshes automatically.,Inspector,Maps Engine,Remaining distance displayed correctly.,module=Inspection Execution – Physical | capability=Calculate Remaining Distance | purpose=Display remaining travel distance. | user_flow=Journey Active | user_actions=None | system_actions=Calculate remaining travel distance using navigation route. | ai_actions=None | inputs=GPS | outputs=Remaining Distance | business_rules=Distance refreshes automatically. | personas=Inspector | dependencies=Maps Engine | source_acceptance_criteria=Remaining distance displayed correctly.,PHASE2_IPAD_DEFERRED,DEFERRED_TO_PHASE_2_IPAD,MOD-09,PHASE2,/field/**,PHASE2_IPAD_DEFERRED,WA-AC-0138,,,WA-EV-0138,BASELINED_NOT_IMPLEMENTED
CR-139,SRC-CUST-001,c2ab27f60bf697780acf16d2b50f0f359b1bf78c1b89725bad3b1ab3005f04b9,Inspection excution-Start jou,Inspection excution-Start jou!27,Inspection Execution – Physical,Monitor Journey Progress,Track overall journey completion.,Journey Active,None,Calculate journey progress percentage using travelled vs remaining distance.,None,GPS Route,Journey Progress,Progress is informational only.,Inspector,Maps Engine,Progress updates correctly.,module=Inspection Execution – Physical | capability=Monitor Journey Progress | purpose=Track overall journey completion. | user_flow=Journey Active | user_actions=None | system_actions=Calculate journey progress percentage using travelled vs remaining distance. | ai_actions=None | inputs=GPS Route | outputs=Journey Progress | business_rules=Progress is informational only. | personas=Inspector | dependencies=Maps Engine | source_acceptance_criteria=Progress updates correctly.,PHASE2_IPAD_DEFERRED,DEFERRED_TO_PHASE_2_IPAD,MOD-08,PHASE2,/field/**,PHASE2_IPAD_DEFERRED,WA-AC-0139,,,WA-EV-0139,BASELINED_NOT_IMPLEMENTED
CR-140,SRC-CUST-001,c2ab27f60bf697780acf16d2b50f0f359b1bf78c1b89725bad3b1ab3005f04b9,Inspection excution-Start jou,Inspection excution-Start jou!28,Inspection Execution – Physical,Monitor GPS Accuracy,Ensure GPS quality remains acceptable.,Journey Active,None,Continuously monitor GPS accuracy and record significant degradation.,Notify if GPS accuracy becomes unreliable.,GPS Accuracy,GPS Quality Status,GPS quality shall be auditable.,Inspector,GIS,GPS quality recorded correctly.,module=Inspection Execution – Physical | capability=Monitor GPS Accuracy | purpose=Ensure GPS quality remains acceptable. | user_flow=Journey Active | user_actions=None | system_actions=Continuously monitor GPS accuracy and record significant degradation. | ai_actions=Notify if GPS accuracy becomes unreliable. | inputs=GPS Accuracy | outputs=GPS Quality Status | business_rules=GPS quality shall be auditable. | personas=Inspector | dependencies=GIS | source_acceptance_criteria=GPS quality recorded correctly.,PHASE2_IPAD_DEFERRED,DEFERRED_TO_PHASE_2_IPAD,MOD-08,PHASE2,/field/**,PHASE2_IPAD_DEFERRED,WA-AC-0140,,AUDIT,WA-EV-0140,BASELINED_NOT_IMPLEMENTED
CR-141,SRC-CUST-001,c2ab27f60bf697780acf16d2b50f0f359b1bf78c1b89725bad3b1ab3005f04b9,Inspection excution-Start jou,Inspection excution-Start jou!29,Inspection Execution – Physical,Monitor Network Connectivity,Detect connectivity changes during travel.,Journey Active,None,"Detect Online, Offline, Wi-Fi and Mobile Network transitions.",None,Network Status,Connectivity Events,Every connectivity change shall be recorded.,Inspector,Device Services,Connectivity status updates correctly.,"module=Inspection Execution – Physical | capability=Monitor Network Connectivity | purpose=Detect connectivity changes during travel. | user_flow=Journey Active | user_actions=None | system_actions=Detect Online, Offline, Wi-Fi and Mobile Network transitions. | ai_actions=None | inputs=Network Status | outputs=Connectivity Events | business_rules=Every connectivity change shall be recorded. | personas=Inspector | dependencies=Device Services | source_acceptance_criteria=Connectivity status updates correctly.",PHASE2_IPAD_DEFERRED,DEFERRED_TO_PHASE_2_IPAD,MOD-09,PHASE2,/field/**,PHASE2_IPAD_DEFERRED,WA-AC-0141,,WORKFLOW,WA-EV-0141,BASELINED_NOT_IMPLEMENTED
CR-142,SRC-CUST-001,c2ab27f60bf697780acf16d2b50f0f359b1bf78c1b89725bad3b1ab3005f04b9,Inspection excution-Start jou,Inspection excution-Start jou!30,Inspection Execution – Physical,Handle Offline Mode,Continue journey while offline.,Network Lost,Continue travelling.,"Continue tracking locally, queue journey events, cache GPS updates until connectivity returns.",None,Offline State,Offline Queue,Journey shall continue without internet connectivity.,Inspector,Offline Synchronization,Inspector continues working without interruption.,"module=Inspection Execution – Physical | capability=Handle Offline Mode | purpose=Continue journey while offline. | user_flow=Network Lost | user_actions=Continue travelling. | system_actions=Continue tracking locally, queue journey events, cache GPS updates until connectivity returns. | ai_actions=None | inputs=Offline State | outputs=Offline Queue | business_rules=Journey shall continue without internet connectivity. | personas=Inspector | dependencies=Offline Synchronization | source_acceptance_criteria=Inspector continues working without interruption.",PHASE2_IPAD_DEFERRED,DEFERRED_TO_PHASE_2_IPAD,MOD-13,PHASE2,/field/**,PHASE2_IPAD_DEFERRED,WA-AC-0142,,OFFLINE_CONFLICT,WA-EV-0142,BASELINED_NOT_IMPLEMENTED
CR-143,SRC-CUST-001,c2ab27f60bf697780acf16d2b50f0f359b1bf78c1b89725bad3b1ab3005f04b9,Inspection excution-Start jou,Inspection excution-Start jou!31,Inspection Execution – Physical,Synchronize Offline Journey Data,Upload queued data after reconnecting.,Network Restored,None,"Synchronize queued GPS points, timeline events and audit logs in chronological order.",None,Offline Queue,Synchronized Journey Data,Duplicate synchronization shall be prevented.,Inspector,Offline Sync Engine,Queued data synchronized successfully.,"module=Inspection Execution – Physical | capability=Synchronize Offline Journey Data | purpose=Upload queued data after reconnecting. | user_flow=Network Restored | user_actions=None | system_actions=Synchronize queued GPS points, timeline events and audit logs in chronological order. | ai_actions=None | inputs=Offline Queue | outputs=Synchronized Journey Data | business_rules=Duplicate synchronization shall be prevented. | personas=Inspector | dependencies=Offline Sync Engine | source_acceptance_criteria=Queued data synchronized successfully.",PHASE2_IPAD_DEFERRED,DEFERRED_TO_PHASE_2_IPAD,MOD-13,PHASE2,/field/**,PHASE2_IPAD_DEFERRED,WA-AC-0143,,AUDIT;OFFLINE_CONFLICT,WA-EV-0143,BASELINED_NOT_IMPLEMENTED
CR-144,SRC-CUST-001,c2ab27f60bf697780acf16d2b50f0f359b1bf78c1b89725bad3b1ab3005f04b9,Inspection excution-Start jou,Inspection excution-Start jou!32,Inspection Execution – Physical,Monitor Route Deviation,Detect significant deviation from planned route.,Journey Active,None,Compare current location against planned navigation route.,Warn if significant deviation occurs.,Planned Route,Route Deviation Event,Route deviation does not stop the inspection.,Inspector,Maps Engine,Deviation events recorded.,module=Inspection Execution – Physical | capability=Monitor Route Deviation | purpose=Detect significant deviation from planned route. | user_flow=Journey Active | user_actions=None | system_actions=Compare current location against planned navigation route. | ai_actions=Warn if significant deviation occurs. | inputs=Planned Route | outputs=Route Deviation Event | business_rules=Route deviation does not stop the inspection. | personas=Inspector | dependencies=Maps Engine | source_acceptance_criteria=Deviation events recorded.,PHASE2_IPAD_DEFERRED,DEFERRED_TO_PHASE_2_IPAD,MOD-09,PHASE2,/field/**,PHASE2_IPAD_DEFERRED,WA-AC-0144,,,WA-EV-0144,BASELINED_NOT_IMPLEMENTED
CR-145,SRC-CUST-001,c2ab27f60bf697780acf16d2b50f0f359b1bf78c1b89725bad3b1ab3005f04b9,Inspection excution-Start jou,Inspection excution-Start jou!33,Inspection Execution – Physical,Detect Arrival Radius,Continuously evaluate proximity to destination.,Journey Active,None,Compare current location against configured arrival radius.,None,GPS,Arrival Candidate,Arrival button becomes available only when within configured radius or GPS override is allowed.,Inspector,GIS,Arrival eligibility evaluated correctly.,module=Inspection Execution – Physical | capability=Detect Arrival Radius | purpose=Continuously evaluate proximity to destination. | user_flow=Journey Active | user_actions=None | system_actions=Compare current location against configured arrival radius. | ai_actions=None | inputs=GPS | outputs=Arrival Candidate | business_rules=Arrival button becomes available only when within configured radius or GPS override is allowed. | personas=Inspector | dependencies=GIS | source_acceptance_criteria=Arrival eligibility evaluated correctly.,PHASE2_IPAD_DEFERRED,DEFERRED_TO_PHASE_2_IPAD,MOD-08,PHASE2,/field/**,PHASE2_IPAD_DEFERRED,WA-AC-0145,,,WA-EV-0145,BASELINED_NOT_IMPLEMENTED
CR-146,SRC-CUST-001,c2ab27f60bf697780acf16d2b50f0f359b1bf78c1b89725bad3b1ab3005f04b9,Inspection excution-Start jou,Inspection excution-Start jou!34,Inspection Execution – Physical,Record Journey Timeline Events,Maintain chronological journey history.,Throughout Journey,None,"Record Journey Started, Tracking Started, Offline, Online, ETA Updates, Route Deviations and Arrival Detection.",None,Journey Events,Journey Timeline,Timeline must remain immutable after submission.,"Inspector, Reviewer",Audit Timeline,Timeline contains all operational events.,"module=Inspection Execution – Physical | capability=Record Journey Timeline Events | purpose=Maintain chronological journey history. | user_flow=Throughout Journey | user_actions=None | system_actions=Record Journey Started, Tracking Started, Offline, Online, ETA Updates, Route Deviations and Arrival Detection. | ai_actions=None | inputs=Journey Events | outputs=Journey Timeline | business_rules=Timeline must remain immutable after submission. | personas=Inspector, Reviewer | dependencies=Audit Timeline | source_acceptance_criteria=Timeline contains all operational events.",PHASE2_IPAD_DEFERRED,DEFERRED_TO_PHASE_2_IPAD,MOD-08,PHASE2,/field/**,PHASE2_IPAD_DEFERRED,WA-AC-0146,,AUDIT;IMMUTABLE_VERSION,WA-EV-0146,BASELINED_NOT_IMPLEMENTED
CR-147,SRC-CUST-001,c2ab27f60bf697780acf16d2b50f0f359b1bf78c1b89725bad3b1ab3005f04b9,Inspection excution-Start jou,Inspection excution-Start jou!35,Inspection Execution – Physical,Generate Operational Audit Logs,Capture all journey actions.,Throughout Journey,None,"Record GPS events, network changes, synchronization events and operational state changes.",None,Operational Events,Audit Log,All system-generated actions shall be auditable.,Operations,Audit Service,Complete audit trail available.,"module=Inspection Execution – Physical | capability=Generate Operational Audit Logs | purpose=Capture all journey actions. | user_flow=Throughout Journey | user_actions=None | system_actions=Record GPS events, network changes, synchronization events and operational state changes. | ai_actions=None | inputs=Operational Events | outputs=Audit Log | business_rules=All system-generated actions shall be auditable. | personas=Operations | dependencies=Audit Service | source_acceptance_criteria=Complete audit trail available.",PHASE2_IPAD_DEFERRED,DEFERRED_TO_PHASE_2_IPAD,MOD-09,PHASE2,/field/**,PHASE2_IPAD_DEFERRED,WA-AC-0147,,AUDIT;OFFLINE_CONFLICT,WA-EV-0147,BASELINED_NOT_IMPLEMENTED
CR-148,SRC-CUST-001,c2ab27f60bf697780acf16d2b50f0f359b1bf78c1b89725bad3b1ab3005f04b9,Inspection excution-Start jou,Inspection excution-Start jou!36,Inspection Execution – Physical,Display Journey Status,Inform inspector of current journey state.,Journey Active,View status.,"Display current Operational State, ETA, Distance Remaining, GPS Status, Connectivity Status and Progress.",None,Journey Data,Journey Dashboard,Information refreshes automatically.,Inspector,Journey Services,Journey dashboard displays current operational status.,"module=Inspection Execution – Physical | capability=Display Journey Status | purpose=Inform inspector of current journey state. | user_flow=Journey Active | user_actions=View status. | system_actions=Display current Operational State, ETA, Distance Remaining, GPS Status, Connectivity Status and Progress. | ai_actions=None | inputs=Journey Data | outputs=Journey Dashboard | business_rules=Information refreshes automatically. | personas=Inspector | dependencies=Journey Services | source_acceptance_criteria=Journey dashboard displays current operational status.",PHASE2_IPAD_DEFERRED,DEFERRED_TO_PHASE_2_IPAD,MOD-08,PHASE2,/field/**,PHASE2_IPAD_DEFERRED,WA-AC-0148,,,WA-EV-0148,BASELINED_NOT_IMPLEMENTED
CR-149,SRC-CUST-001,c2ab27f60bf697780acf16d2b50f0f359b1bf78c1b89725bad3b1ab3005f04b9,Inspection excution-Start jou,Inspection excution-Start jou!37,Inspection Execution – Physical,Handle Journey Exceptions,Manage unexpected journey failures.,Any Journey Failure,Retry if prompted.,"Handle GPS unavailable, navigation failure, synchronization failure, connectivity failure and mapping service errors. Maintain journey consistency and prevent duplicate sessions.",Recommend corrective action where applicable.,Error Context,Error Response,Critical failures shall never corrupt the active journey session.,Inspector,"GIS, Offline Sync, Audit",Journey remains recoverable after unexpected failures.,"module=Inspection Execution – Physical | capability=Handle Journey Exceptions | purpose=Manage unexpected journey failures. | user_flow=Any Journey Failure | user_actions=Retry if prompted. | system_actions=Handle GPS unavailable, navigation failure, synchronization failure, connectivity failure and mapping service errors. Maintain journey consistency and prevent duplicate sessions. | ai_actions=Recommend corrective action where applicable. | inputs=Error Context | outputs=Error Response | business_rules=Critical failures shall never corrupt the active journey session. | personas=Inspector | dependencies=GIS, Offline Sync, Audit | source_acceptance_criteria=Journey remains recoverable after unexpected failures.",PHASE2_IPAD_DEFERRED,DEFERRED_TO_PHASE_2_IPAD,MOD-08,PHASE2,/field/**,PHASE2_IPAD_DEFERRED,WA-AC-0149,,AUDIT;OFFLINE_CONFLICT,WA-EV-0149,BASELINED_NOT_IMPLEMENTED
CR-150,SRC-CUST-001,c2ab27f60bf697780acf16d2b50f0f359b1bf78c1b89725bad3b1ab3005f04b9,Inspection excution-Start jou,Inspection excution-Start jou!38,Inspection Execution – Physical,Detect Arrival Radius,Determine when the inspector is close enough to the factory to perform arrival validation.,Journey Active → Arrival Zone,Continue travelling.,Continuously compare inspector GPS against the planned factory location and determine whether the inspector is inside the configured arrival radius.,None,"Current GPS, Planned Coordinates",Arrival Eligibility,Arrival radius shall be configurable by system administration.,Inspector,GIS Service,System correctly identifies when the inspector enters the allowed arrival radius.,"module=Inspection Execution – Physical | capability=Detect Arrival Radius | purpose=Determine when the inspector is close enough to the factory to perform arrival validation. | user_flow=Journey Active → Arrival Zone | user_actions=Continue travelling. | system_actions=Continuously compare inspector GPS against the planned factory location and determine whether the inspector is inside the configured arrival radius. | ai_actions=None | inputs=Current GPS, Planned Coordinates | outputs=Arrival Eligibility | business_rules=Arrival radius shall be configurable by system administration. | personas=Inspector | dependencies=GIS Service | source_acceptance_criteria=System correctly identifies when the inspector enters the allowed arrival radius.",PHASE2_IPAD_DEFERRED,DEFERRED_TO_PHASE_2_IPAD,MOD-08,PHASE2,/field/**,PHASE2_IPAD_DEFERRED,WA-AC-0150,,,WA-EV-0150,BASELINED_NOT_IMPLEMENTED
CR-151,SRC-CUST-001,c2ab27f60bf697780acf16d2b50f0f359b1bf78c1b89725bad3b1ab3005f04b9,Inspection excution-Start jou,Inspection excution-Start jou!39,Inspection Execution – Physical,Enable Arrival Action,Allow the inspector to confirm arrival.,Arrival Zone,Click Arrived.,Enable the Arrived action only after arrival conditions are met or when GPS override is permitted.,None,Arrival Eligibility,Arrival Request,Arrived button shall not be enabled before reaching the configured radius unless override is allowed.,Inspector,Workflow Engine,Inspector can only continue when arrival conditions are satisfied.,module=Inspection Execution – Physical | capability=Enable Arrival Action | purpose=Allow the inspector to confirm arrival. | user_flow=Arrival Zone | user_actions=Click Arrived. | system_actions=Enable the Arrived action only after arrival conditions are met or when GPS override is permitted. | ai_actions=None | inputs=Arrival Eligibility | outputs=Arrival Request | business_rules=Arrived button shall not be enabled before reaching the configured radius unless override is allowed. | personas=Inspector | dependencies=Workflow Engine | source_acceptance_criteria=Inspector can only continue when arrival conditions are satisfied.,PHASE2_IPAD_DEFERRED,DEFERRED_TO_PHASE_2_IPAD,MOD-08,PHASE2,/field/**,PHASE2_IPAD_DEFERRED,WA-AC-0151,,,WA-EV-0151,BASELINED_NOT_IMPLEMENTED
CR-152,SRC-CUST-001,c2ab27f60bf697780acf16d2b50f0f359b1bf78c1b89725bad3b1ab3005f04b9,Inspection excution-Start jou,Inspection excution-Start jou!40,Inspection Execution – Physical,Capture Arrival Timestamp,Record the official arrival time.,Arrived,Confirm Arrival.,Capture both server timestamp and device timestamp as official arrival evidence.,None,System Time,Arrival Time,Server timestamp shall be the official audit timestamp.,Inspector,Audit Service,Arrival time is recorded successfully.,module=Inspection Execution – Physical | capability=Capture Arrival Timestamp | purpose=Record the official arrival time. | user_flow=Arrived | user_actions=Confirm Arrival. | system_actions=Capture both server timestamp and device timestamp as official arrival evidence. | ai_actions=None | inputs=System Time | outputs=Arrival Time | business_rules=Server timestamp shall be the official audit timestamp. | personas=Inspector | dependencies=Audit Service | source_acceptance_criteria=Arrival time is recorded successfully.,PHASE2_IPAD_DEFERRED,DEFERRED_TO_PHASE_2_IPAD,MOD-08,PHASE2,/field/**,PHASE2_IPAD_DEFERRED,WA-AC-0152,,AUDIT,WA-EV-0152,BASELINED_NOT_IMPLEMENTED
CR-153,SRC-CUST-001,c2ab27f60bf697780acf16d2b50f0f359b1bf78c1b89725bad3b1ab3005f04b9,Inspection excution-Start jou,Inspection excution-Start jou!41,Inspection Execution – Physical,Capture Actual GPS Coordinates,Capture the exact location where the inspector confirmed arrival.,Arrived,Confirm Arrival.,"Record latitude, longitude, altitude and GPS accuracy at the moment of arrival.",None,GPS Coordinates,Actual Arrival Coordinates,Actual coordinates shall always be stored regardless of GPS validation outcome.,Inspector,GIS Service,Actual coordinates are successfully stored.,"module=Inspection Execution – Physical | capability=Capture Actual GPS Coordinates | purpose=Capture the exact location where the inspector confirmed arrival. | user_flow=Arrived | user_actions=Confirm Arrival. | system_actions=Record latitude, longitude, altitude and GPS accuracy at the moment of arrival. | ai_actions=None | inputs=GPS Coordinates | outputs=Actual Arrival Coordinates | business_rules=Actual coordinates shall always be stored regardless of GPS validation outcome. | personas=Inspector | dependencies=GIS Service | source_acceptance_criteria=Actual coordinates are successfully stored.",PHASE2_IPAD_DEFERRED,DEFERRED_TO_PHASE_2_IPAD,MOD-08,PHASE2,/field/**,PHASE2_IPAD_DEFERRED,WA-AC-0153,,,WA-EV-0153,BASELINED_NOT_IMPLEMENTED
CR-154,SRC-CUST-001,c2ab27f60bf697780acf16d2b50f0f359b1bf78c1b89725bad3b1ab3005f04b9,Inspection excution-Start jou,Inspection excution-Start jou!42,Inspection Execution – Physical,Compare Planned vs Actual Location,Compare actual arrival location with the planned factory location.,Arrived,None,Calculate the distance between the planned location and the inspector's actual location.,None,"Planned Coordinates, Actual Coordinates",Distance Result,"Planned location is the Planner-selected location if available; otherwise, the Industrial License location from Senaei.",Inspector,GIS Engine,System calculates the distance correctly.,"module=Inspection Execution – Physical | capability=Compare Planned vs Actual Location | purpose=Compare actual arrival location with the planned factory location. | user_flow=Arrived | user_actions=None | system_actions=Calculate the distance between the planned location and the inspector's actual location. | ai_actions=None | inputs=Planned Coordinates, Actual Coordinates | outputs=Distance Result | business_rules=Planned location is the Planner-selected location if available; otherwise, the Industrial License location from Senaei. | personas=Inspector | dependencies=GIS Engine | source_acceptance_criteria=System calculates the distance correctly.",PHASE2_IPAD_DEFERRED,DEFERRED_TO_PHASE_2_IPAD,MOD-08,PHASE2,/field/**,PHASE2_IPAD_DEFERRED,WA-AC-0154,,,WA-EV-0154,BASELINED_NOT_IMPLEMENTED
CR-155,SRC-CUST-001,c2ab27f60bf697780acf16d2b50f0f359b1bf78c1b89725bad3b1ab3005f04b9,Inspection excution-Start jou,Inspection excution-Start jou!43,Inspection Execution – Physical,Validate GPS Distance,Determine whether the inspector is inside or outside the allowed inspection radius.,Location Comparison,None,Compare calculated distance against the configured tolerance radius.,None,Distance,GPS Validation Result,Validation shall use configurable radius values.,Inspector,GIS Engine,Validation result is generated correctly.,module=Inspection Execution – Physical | capability=Validate GPS Distance | purpose=Determine whether the inspector is inside or outside the allowed inspection radius. | user_flow=Location Comparison | user_actions=None | system_actions=Compare calculated distance against the configured tolerance radius. | ai_actions=None | inputs=Distance | outputs=GPS Validation Result | business_rules=Validation shall use configurable radius values. | personas=Inspector | dependencies=GIS Engine | source_acceptance_criteria=Validation result is generated correctly.,PHASE2_IPAD_DEFERRED,DEFERRED_TO_PHASE_2_IPAD,MOD-08,PHASE2,/field/**,PHASE2_IPAD_DEFERRED,WA-AC-0155,,,WA-EV-0155,BASELINED_NOT_IMPLEMENTED
CR-156,SRC-CUST-001,c2ab27f60bf697780acf16d2b50f0f359b1bf78c1b89725bad3b1ab3005f04b9,Inspection excution-Start jou,Inspection excution-Start jou!44,Inspection Execution – Physical,GPS Override Confirmation,Allow the inspector to continue when arriving outside the allowed radius.,GPS Validation Failed,Confirm Override or Cancel.,"Display a confirmation dialog explaining that the inspector is outside the planned location. If confirmed, continue using the actual coordinates.",None,GPS Validation Result,GPS Override Record,GPS override requires explicit inspector confirmation.,Inspector,Workflow Engine,Override confirmation is recorded before continuing.,"module=Inspection Execution – Physical | capability=GPS Override Confirmation | purpose=Allow the inspector to continue when arriving outside the allowed radius. | user_flow=GPS Validation Failed | user_actions=Confirm Override or Cancel. | system_actions=Display a confirmation dialog explaining that the inspector is outside the planned location. If confirmed, continue using the actual coordinates. | ai_actions=None | inputs=GPS Validation Result | outputs=GPS Override Record | business_rules=GPS override requires explicit inspector confirmation. | personas=Inspector | dependencies=Workflow Engine | source_acceptance_criteria=Override confirmation is recorded before continuing.",PHASE2_IPAD_DEFERRED,DEFERRED_TO_PHASE_2_IPAD,MOD-08,PHASE2,/field/**,PHASE2_IPAD_DEFERRED,WA-AC-0156,,,WA-EV-0156,BASELINED_NOT_IMPLEMENTED
CR-157,SRC-CUST-001,c2ab27f60bf697780acf16d2b50f0f359b1bf78c1b89725bad3b1ab3005f04b9,Inspection excution-Start jou,Inspection excution-Start jou!45,Inspection Execution – Physical,Store Actual Inspection Location,Persist the confirmed inspection location for reporting and auditing.,Arrival Confirmed,None,Save the final inspection coordinates that will be associated with the inspection execution.,None,Confirmed Coordinates,Inspection Location,Final coordinates shall remain immutable after inspection starts.,Inspector,Audit Service,Inspection location stored successfully.,module=Inspection Execution – Physical | capability=Store Actual Inspection Location | purpose=Persist the confirmed inspection location for reporting and auditing. | user_flow=Arrival Confirmed | user_actions=None | system_actions=Save the final inspection coordinates that will be associated with the inspection execution. | ai_actions=None | inputs=Confirmed Coordinates | outputs=Inspection Location | business_rules=Final coordinates shall remain immutable after inspection starts. | personas=Inspector | dependencies=Audit Service | source_acceptance_criteria=Inspection location stored successfully.,PHASE2_IPAD_DEFERRED,DEFERRED_TO_PHASE_2_IPAD,MOD-08,PHASE2,/field/**,PHASE2_IPAD_DEFERRED,WA-AC-0157,,AUDIT,WA-EV-0157,BASELINED_NOT_IMPLEMENTED
CR-158,SRC-CUST-001,c2ab27f60bf697780acf16d2b50f0f359b1bf78c1b89725bad3b1ab3005f04b9,Inspection excution-Start jou,Inspection excution-Start jou!46,Inspection Execution – Physical,Capture Arrival Evidence,Capture arrival evidence if configured by business rules.,Arrival Confirmed,Capture photo or comment (if required).,Store arrival evidence and associate it with the arrival event.,None,"Photo, Comment",Arrival Evidence,Arrival evidence requirements shall be configurable.,Inspector,Evidence Service,Required evidence is successfully attached.,"module=Inspection Execution – Physical | capability=Capture Arrival Evidence | purpose=Capture arrival evidence if configured by business rules. | user_flow=Arrival Confirmed | user_actions=Capture photo or comment (if required). | system_actions=Store arrival evidence and associate it with the arrival event. | ai_actions=None | inputs=Photo, Comment | outputs=Arrival Evidence | business_rules=Arrival evidence requirements shall be configurable. | personas=Inspector | dependencies=Evidence Service | source_acceptance_criteria=Required evidence is successfully attached.",PHASE2_IPAD_DEFERRED,DEFERRED_TO_PHASE_2_IPAD,MOD-12,PHASE2,/field/**,PHASE2_IPAD_DEFERRED,WA-AC-0158,,,WA-EV-0158,BASELINED_NOT_IMPLEMENTED
CR-159,SRC-CUST-001,c2ab27f60bf697780acf16d2b50f0f359b1bf78c1b89725bad3b1ab3005f04b9,Inspection excution-Start jou,Inspection excution-Start jou!47,Inspection Execution – Physical,Update Operational State,Reflect successful arrival.,Arrival Confirmed,None,Update Operational State from On the Way to Arrived while keeping Workflow Status unchanged.,None,Current State,Updated Operational State,Workflow Status remains unchanged until the inspection officially starts.,Inspector,Workflow Engine,Operational State updated correctly.,module=Inspection Execution – Physical | capability=Update Operational State | purpose=Reflect successful arrival. | user_flow=Arrival Confirmed | user_actions=None | system_actions=Update Operational State from On the Way to Arrived while keeping Workflow Status unchanged. | ai_actions=None | inputs=Current State | outputs=Updated Operational State | business_rules=Workflow Status remains unchanged until the inspection officially starts. | personas=Inspector | dependencies=Workflow Engine | source_acceptance_criteria=Operational State updated correctly.,PHASE2_IPAD_DEFERRED,DEFERRED_TO_PHASE_2_IPAD,MOD-09,PHASE2,/field/**,PHASE2_IPAD_DEFERRED,WA-AC-0159,,,WA-EV-0159,BASELINED_NOT_IMPLEMENTED
CR-160,SRC-CUST-001,c2ab27f60bf697780acf16d2b50f0f359b1bf78c1b89725bad3b1ab3005f04b9,Inspection excution-Start jou,Inspection excution-Start jou!48,Inspection Execution – Physical,Generate Arrival Timeline Events,Maintain a complete operational timeline.,Arrival Completed,None,"Record Arrived, GPS Validated, GPS Override (if applicable), Arrival Evidence and Arrival Confirmed events.",None,Arrival Events,Timeline Records,Timeline events shall be immutable after submission.,"Inspector, Reviewer",Audit Timeline,Timeline accurately reflects the arrival process.,"module=Inspection Execution – Physical | capability=Generate Arrival Timeline Events | purpose=Maintain a complete operational timeline. | user_flow=Arrival Completed | user_actions=None | system_actions=Record Arrived, GPS Validated, GPS Override (if applicable), Arrival Evidence and Arrival Confirmed events. | ai_actions=None | inputs=Arrival Events | outputs=Timeline Records | business_rules=Timeline events shall be immutable after submission. | personas=Inspector, Reviewer | dependencies=Audit Timeline | source_acceptance_criteria=Timeline accurately reflects the arrival process.",PHASE2_IPAD_DEFERRED,DEFERRED_TO_PHASE_2_IPAD,MOD-08,PHASE2,/field/**,PHASE2_IPAD_DEFERRED,WA-AC-0160,,AUDIT;IMMUTABLE_VERSION,WA-EV-0160,BASELINED_NOT_IMPLEMENTED
CR-161,SRC-CUST-001,c2ab27f60bf697780acf16d2b50f0f359b1bf78c1b89725bad3b1ab3005f04b9,Inspection excution-Start jou,Inspection excution-Start jou!49,Inspection Execution – Physical,Generate Audit Logs,Capture all arrival activities for traceability.,Throughout Arrival,None,"Log timestamps, coordinates, validation results, overrides, evidence uploads and operational state transitions.",None,Operational Events,Audit Log,Every arrival-related action shall be auditable.,"Operations, Reviewer",Audit Service,Complete audit trail is available.,"module=Inspection Execution – Physical | capability=Generate Audit Logs | purpose=Capture all arrival activities for traceability. | user_flow=Throughout Arrival | user_actions=None | system_actions=Log timestamps, coordinates, validation results, overrides, evidence uploads and operational state transitions. | ai_actions=None | inputs=Operational Events | outputs=Audit Log | business_rules=Every arrival-related action shall be auditable. | personas=Operations, Reviewer | dependencies=Audit Service | source_acceptance_criteria=Complete audit trail is available.",PHASE2_IPAD_DEFERRED,DEFERRED_TO_PHASE_2_IPAD,MOD-09,PHASE2,/field/**,PHASE2_IPAD_DEFERRED,WA-AC-0161,,AUDIT;WORKFLOW,WA-EV-0161,BASELINED_NOT_IMPLEMENTED
CR-162,SRC-CUST-001,c2ab27f60bf697780acf16d2b50f0f359b1bf78c1b89725bad3b1ab3005f04b9,Inspection excution-Start jou,Inspection excution-Start jou!50,Inspection Execution – Physical,Handle Arrival Validation Errors,Gracefully handle GPS and validation failures.,Any Failure,"Retry, Refresh GPS or Cancel.","Handle GPS unavailable, inaccurate GPS, mapping service failures and validation exceptions without corrupting the active inspection session.",Suggest enabling high-accuracy GPS when location quality is poor.,Error Context,Error Response,Critical failures shall never automatically cancel the visit. Inspector shall always receive a clear validation message and available recovery options.,Inspector,"GIS, Maps, Device Services",Arrival validation errors are handled without data loss or workflow inconsistency.,"module=Inspection Execution – Physical | capability=Handle Arrival Validation Errors | purpose=Gracefully handle GPS and validation failures. | user_flow=Any Failure | user_actions=Retry, Refresh GPS or Cancel. | system_actions=Handle GPS unavailable, inaccurate GPS, mapping service failures and validation exceptions without corrupting the active inspection session. | ai_actions=Suggest enabling high-accuracy GPS when location quality is poor. | inputs=Error Context | outputs=Error Response | business_rules=Critical failures shall never automatically cancel the visit. Inspector shall always receive a clear validation message and available recovery options. | personas=Inspector | dependencies=GIS, Maps, Device Services | source_acceptance_criteria=Arrival validation errors are handled without data loss or workflow inconsistency.",PHASE2_IPAD_DEFERRED,DEFERRED_TO_PHASE_2_IPAD,MOD-08,PHASE2,/field/**,PHASE2_IPAD_DEFERRED,WA-AC-0162,,,WA-EV-0162,BASELINED_NOT_IMPLEMENTED
CR-163,SRC-CUST-001,c2ab27f60bf697780acf16d2b50f0f359b1bf78c1b89725bad3b1ab3005f04b9,Inspection excution-Start jou,Inspection excution-Start jou!51,Inspection Execution – Physical,Load Arrival Confirmation Screen,Display the final confirmation screen after successful arrival validation.,Arrival Validated → Arrival Confirmation,None,"Load Arrival Confirmation screen. Display Factory Card, Visit Card, Arrival Summary and available actions.",None,Arrival Validation Result,Arrival Confirmation Screen,Arrival Confirmation is only accessible after successful arrival validation.,Inspector,Workflow Engine,Screen loads successfully with all required information.,"module=Inspection Execution – Physical | capability=Load Arrival Confirmation Screen | purpose=Display the final confirmation screen after successful arrival validation. | user_flow=Arrival Validated → Arrival Confirmation | user_actions=None | system_actions=Load Arrival Confirmation screen. Display Factory Card, Visit Card, Arrival Summary and available actions. | ai_actions=None | inputs=Arrival Validation Result | outputs=Arrival Confirmation Screen | business_rules=Arrival Confirmation is only accessible after successful arrival validation. | personas=Inspector | dependencies=Workflow Engine | source_acceptance_criteria=Screen loads successfully with all required information.",PHASE2_IPAD_DEFERRED,DEFERRED_TO_PHASE_2_IPAD,MOD-08,PHASE2,/field/**,PHASE2_IPAD_DEFERRED,WA-AC-0163,,,WA-EV-0163,BASELINED_NOT_IMPLEMENTED
CR-164,SRC-CUST-001,c2ab27f60bf697780acf16d2b50f0f359b1bf78c1b89725bad3b1ab3005f04b9,Inspection excution-Start jou,Inspection excution-Start jou!52,Inspection Execution – Physical,Load Factory Card,Provide a quick overview of the factory without leaving the inspection.,Arrival Confirmation,View Factory Card.,"Load Factory Card summary including Factory Name, CR Number, License Number, License Status, Factory Status, Activity, Risk Level and Factory Health Score (if available).",Highlight important factory information.,Factory Profile,Factory Card,Factory Card is read-only during Arrival Confirmation.,Inspector,"Factory 360°, Senaei",Factory Card displays the latest synchronized information.,"module=Inspection Execution – Physical | capability=Load Factory Card | purpose=Provide a quick overview of the factory without leaving the inspection. | user_flow=Arrival Confirmation | user_actions=View Factory Card. | system_actions=Load Factory Card summary including Factory Name, CR Number, License Number, License Status, Factory Status, Activity, Risk Level and Factory Health Score (if available). | ai_actions=Highlight important factory information. | inputs=Factory Profile | outputs=Factory Card | business_rules=Factory Card is read-only during Arrival Confirmation. | personas=Inspector | dependencies=Factory 360°, Senaei | source_acceptance_criteria=Factory Card displays the latest synchronized information.",PHASE2_IPAD_DEFERRED,DEFERRED_TO_PHASE_2_IPAD,MOD-09,PHASE2,/field/**,PHASE2_IPAD_DEFERRED,WA-AC-0164,,OFFLINE_CONFLICT,WA-EV-0164,BASELINED_NOT_IMPLEMENTED
CR-165,SRC-CUST-001,c2ab27f60bf697780acf16d2b50f0f359b1bf78c1b89725bad3b1ab3005f04b9,Inspection excution-Start jou,Inspection excution-Start jou!53,Inspection Execution – Physical,Load Visit Card,Display visit-specific information.,Arrival Confirmation,View Visit Card.,"Load Visit Type, Planned Window, Inspector Name, Branch, Planner, Visit Reason, Visit Priority and Report Type.",None,Visit Details,Visit Card,Visit Card reflects the locked visit package.,Inspector,Visit Management,Visit Card displays correctly.,"module=Inspection Execution – Physical | capability=Load Visit Card | purpose=Display visit-specific information. | user_flow=Arrival Confirmation | user_actions=View Visit Card. | system_actions=Load Visit Type, Planned Window, Inspector Name, Branch, Planner, Visit Reason, Visit Priority and Report Type. | ai_actions=None | inputs=Visit Details | outputs=Visit Card | business_rules=Visit Card reflects the locked visit package. | personas=Inspector | dependencies=Visit Management | source_acceptance_criteria=Visit Card displays correctly.",PHASE2_IPAD_DEFERRED,DEFERRED_TO_PHASE_2_IPAD,MOD-09,PHASE2,/field/**,PHASE2_IPAD_DEFERRED,WA-AC-0165,,,WA-EV-0165,BASELINED_NOT_IMPLEMENTED
CR-166,SRC-CUST-001,c2ab27f60bf697780acf16d2b50f0f359b1bf78c1b89725bad3b1ab3005f04b9,Inspection excution-Start jou,Inspection excution-Start jou!54,Inspection Execution – Physical,Display Journey Summary,Provide a summary of the completed journey.,Arrival Confirmation,Review information.,"Display Journey Start Time, Arrival Time, Journey Duration, Distance Travelled and GPS Validation Result.",None,Journey Session,Journey Summary,Journey Summary is informational only.,Inspector,Journey Service,Journey summary displays correctly.,"module=Inspection Execution – Physical | capability=Display Journey Summary | purpose=Provide a summary of the completed journey. | user_flow=Arrival Confirmation | user_actions=Review information. | system_actions=Display Journey Start Time, Arrival Time, Journey Duration, Distance Travelled and GPS Validation Result. | ai_actions=None | inputs=Journey Session | outputs=Journey Summary | business_rules=Journey Summary is informational only. | personas=Inspector | dependencies=Journey Service | source_acceptance_criteria=Journey summary displays correctly.",PHASE2_IPAD_DEFERRED,DEFERRED_TO_PHASE_2_IPAD,MOD-08,PHASE2,/field/**,PHASE2_IPAD_DEFERRED,WA-AC-0166,,,WA-EV-0166,BASELINED_NOT_IMPLEMENTED
CR-167,SRC-CUST-001,c2ab27f60bf697780acf16d2b50f0f359b1bf78c1b89725bad3b1ab3005f04b9,Inspection excution-Start jou,Inspection excution-Start jou!55,Inspection Execution – Physical,Display Context Panel,Allow quick access to contextual information before inspection starts.,Arrival Confirmation,Expand or collapse Factory Card and Visit Card.,"Provide quick access to Factory Card, Visit Card and map without leaving the confirmation screen.",None,Factory & Visit Context,Context Panel,Context panel remains available throughout execution.,Inspector,"Factory Card, Visit Card",Context panel functions correctly.,"module=Inspection Execution – Physical | capability=Display Context Panel | purpose=Allow quick access to contextual information before inspection starts. | user_flow=Arrival Confirmation | user_actions=Expand or collapse Factory Card and Visit Card. | system_actions=Provide quick access to Factory Card, Visit Card and map without leaving the confirmation screen. | ai_actions=None | inputs=Factory & Visit Context | outputs=Context Panel | business_rules=Context panel remains available throughout execution. | personas=Inspector | dependencies=Factory Card, Visit Card | source_acceptance_criteria=Context panel functions correctly.",PHASE2_IPAD_DEFERRED,DEFERRED_TO_PHASE_2_IPAD,MOD-09,PHASE2,/field/**,PHASE2_IPAD_DEFERRED,WA-AC-0167,,,WA-EV-0167,BASELINED_NOT_IMPLEMENTED
CR-168,SRC-CUST-001,c2ab27f60bf697780acf16d2b50f0f359b1bf78c1b89725bad3b1ab3005f04b9,Inspection excution-Start jou,Inspection excution-Start jou!56,Inspection Execution – Physical,Proceed with Inspection,Officially transition from journey into inspection execution.,Arrival Confirmation → Proceed with Inspection,Click Proceed with Inspection.,Change Workflow Status to In Progress. Change Operational State from Arrived to Executing. Create Inspection Session. Initialize Execution Workspace. Stop Journey Tracking. Start Inspection Timeline. Start Inspection SLA.,None,Arrival Confirmation,Inspection Session,Inspection can only start after successful arrival confirmation.,Inspector,"Workflow Engine, Execution Workspace",Execution workspace opens successfully.,"module=Inspection Execution – Physical | capability=Proceed with Inspection | purpose=Officially transition from journey into inspection execution. | user_flow=Arrival Confirmation → Proceed with Inspection | user_actions=Click Proceed with Inspection. | system_actions=Change Workflow Status to In Progress. Change Operational State from Arrived to Executing. Create Inspection Session. Initialize Execution Workspace. Stop Journey Tracking. Start Inspection Timeline. Start Inspection SLA. | ai_actions=None | inputs=Arrival Confirmation | outputs=Inspection Session | business_rules=Inspection can only start after successful arrival confirmation. | personas=Inspector | dependencies=Workflow Engine, Execution Workspace | source_acceptance_criteria=Execution workspace opens successfully.",PHASE2_IPAD_DEFERRED,DEFERRED_TO_PHASE_2_IPAD,MOD-09,PHASE2,/field/**,PHASE2_IPAD_DEFERRED,WA-AC-0168,,WORKFLOW,WA-EV-0168,BASELINED_NOT_IMPLEMENTED
CR-169,SRC-CUST-001,c2ab27f60bf697780acf16d2b50f0f359b1bf78c1b89725bad3b1ab3005f04b9,Inspection excution-Start jou,Inspection excution-Start jou!57,Inspection Execution – Physical,Cancel Visit,Allow the inspector to cancel the visit before inspection begins.,Arrival Confirmation → Cancel Visit,Click Cancel Visit.,Display cancellation form and stop transition to execution.,None,Visit,Cancellation Request,Cancellation is only allowed before inspection starts.,Inspector,Workflow Engine,Cancellation process starts correctly.,module=Inspection Execution – Physical | capability=Cancel Visit | purpose=Allow the inspector to cancel the visit before inspection begins. | user_flow=Arrival Confirmation → Cancel Visit | user_actions=Click Cancel Visit. | system_actions=Display cancellation form and stop transition to execution. | ai_actions=None | inputs=Visit | outputs=Cancellation Request | business_rules=Cancellation is only allowed before inspection starts. | personas=Inspector | dependencies=Workflow Engine | source_acceptance_criteria=Cancellation process starts correctly.,PHASE2_IPAD_DEFERRED,DEFERRED_TO_PHASE_2_IPAD,MOD-09,PHASE2,/field/**,PHASE2_IPAD_DEFERRED,WA-AC-0169,,WORKFLOW,WA-EV-0169,BASELINED_NOT_IMPLEMENTED
CR-170,SRC-CUST-001,c2ab27f60bf697780acf16d2b50f0f359b1bf78c1b89725bad3b1ab3005f04b9,Inspection excution-Start jou,Inspection excution-Start jou!58,Inspection Execution – Physical,Capture Cancellation Reason,Record the reason why the inspection could not be executed.,Cancel Visit,Select reason and enter comments if required.,Load configurable cancellation reasons. Save selected reason and comments.,None,Cancellation Reason,Cancellation Record,Cancellation reason is mandatory. Comments may be mandatory depending on selected reason.,Inspector,Lookup Management,Cancellation cannot continue without mandatory information.,module=Inspection Execution – Physical | capability=Capture Cancellation Reason | purpose=Record the reason why the inspection could not be executed. | user_flow=Cancel Visit | user_actions=Select reason and enter comments if required. | system_actions=Load configurable cancellation reasons. Save selected reason and comments. | ai_actions=None | inputs=Cancellation Reason | outputs=Cancellation Record | business_rules=Cancellation reason is mandatory. Comments may be mandatory depending on selected reason. | personas=Inspector | dependencies=Lookup Management | source_acceptance_criteria=Cancellation cannot continue without mandatory information.,PHASE2_IPAD_DEFERRED,DEFERRED_TO_PHASE_2_IPAD,MOD-09,PHASE2,/field/**,PHASE2_IPAD_DEFERRED,WA-AC-0170,,,WA-EV-0170,BASELINED_NOT_IMPLEMENTED
CR-171,SRC-CUST-001,c2ab27f60bf697780acf16d2b50f0f359b1bf78c1b89725bad3b1ab3005f04b9,Inspection excution-Start jou,Inspection excution-Start jou!59,Inspection Execution – Physical,Capture Cancellation Evidence,Collect supporting evidence for visit cancellation when required.,Cancel Visit,"Upload photo, video, document or comments.",Store evidence and link it to the cancellation record.,None,Evidence,Cancellation Evidence,Evidence requirements are configurable per cancellation reason.,Inspector,Evidence Service,Mandatory evidence is enforced correctly.,"module=Inspection Execution – Physical | capability=Capture Cancellation Evidence | purpose=Collect supporting evidence for visit cancellation when required. | user_flow=Cancel Visit | user_actions=Upload photo, video, document or comments. | system_actions=Store evidence and link it to the cancellation record. | ai_actions=None | inputs=Evidence | outputs=Cancellation Evidence | business_rules=Evidence requirements are configurable per cancellation reason. | personas=Inspector | dependencies=Evidence Service | source_acceptance_criteria=Mandatory evidence is enforced correctly.",PHASE2_IPAD_DEFERRED,DEFERRED_TO_PHASE_2_IPAD,MOD-12,PHASE2,/field/**,PHASE2_IPAD_DEFERRED,WA-AC-0171,,,WA-EV-0171,BASELINED_NOT_IMPLEMENTED
CR-172,SRC-CUST-001,c2ab27f60bf697780acf16d2b50f0f359b1bf78c1b89725bad3b1ab3005f04b9,Inspection excution-Start jou,Inspection excution-Start jou!60,Inspection Execution – Physical,Update Visit Status After Cancellation,Close the visit after successful cancellation.,Cancellation Completed,None,Update Workflow Status to Cancelled. Update Operational State to Cancelled. Close active journey. Stop SLA timers.,None,Cancellation Record,Cancelled Visit,Cancelled visits cannot be resumed.,Inspector,Workflow Engine,Visit status updates correctly.,module=Inspection Execution – Physical | capability=Update Visit Status After Cancellation | purpose=Close the visit after successful cancellation. | user_flow=Cancellation Completed | user_actions=None | system_actions=Update Workflow Status to Cancelled. Update Operational State to Cancelled. Close active journey. Stop SLA timers. | ai_actions=None | inputs=Cancellation Record | outputs=Cancelled Visit | business_rules=Cancelled visits cannot be resumed. | personas=Inspector | dependencies=Workflow Engine | source_acceptance_criteria=Visit status updates correctly.,PHASE2_IPAD_DEFERRED,DEFERRED_TO_PHASE_2_IPAD,MOD-09,PHASE2,/field/**,PHASE2_IPAD_DEFERRED,WA-AC-0172,,,WA-EV-0172,BASELINED_NOT_IMPLEMENTED
CR-173,SRC-CUST-001,c2ab27f60bf697780acf16d2b50f0f359b1bf78c1b89725bad3b1ab3005f04b9,Inspection excution-Start jou,Inspection excution-Start jou!61,Inspection Execution – Physical,Generate Arrival Audit Events,Maintain complete traceability for the transition into execution or cancellation.,Throughout Arrival Confirmation,None,"Log Factory Card viewed, Visit Card viewed, Proceed with Inspection, Cancel Visit, Cancellation Reason, Cancellation Evidence and Workflow Transition.",None,Operational Events,Audit Log,Every action shall be auditable.,"Inspector, Reviewer",Audit Service,Complete audit trail is generated.,"module=Inspection Execution – Physical | capability=Generate Arrival Audit Events | purpose=Maintain complete traceability for the transition into execution or cancellation. | user_flow=Throughout Arrival Confirmation | user_actions=None | system_actions=Log Factory Card viewed, Visit Card viewed, Proceed with Inspection, Cancel Visit, Cancellation Reason, Cancellation Evidence and Workflow Transition. | ai_actions=None | inputs=Operational Events | outputs=Audit Log | business_rules=Every action shall be auditable. | personas=Inspector, Reviewer | dependencies=Audit Service | source_acceptance_criteria=Complete audit trail is generated.",PHASE2_IPAD_DEFERRED,DEFERRED_TO_PHASE_2_IPAD,MOD-08,PHASE2,/field/**,PHASE2_IPAD_DEFERRED,WA-AC-0173,,AUDIT;WORKFLOW,WA-EV-0173,BASELINED_NOT_IMPLEMENTED
CR-174,SRC-CUST-001,c2ab27f60bf697780acf16d2b50f0f359b1bf78c1b89725bad3b1ab3005f04b9,Inspection excution-Start jou,Inspection excution-Start jou!62,Inspection Execution – Physical,Handle Arrival Confirmation Errors,Prevent inconsistent transitions into execution.,Any Failure,Retry or Return.,"Handle workflow failures, inspection session creation failures, package initialization failures and cancellation failures without leaving the visit in an inconsistent state.",Suggest corrective actions where appropriate.,Error Context,Error Response,The visit shall never be partially transitioned between Journey and Execution. Recovery must always preserve data integrity.,Inspector,"Workflow Engine, Audit, Execution Workspace",Errors are handled gracefully and no inconsistent workflow state exists.,"module=Inspection Execution – Physical | capability=Handle Arrival Confirmation Errors | purpose=Prevent inconsistent transitions into execution. | user_flow=Any Failure | user_actions=Retry or Return. | system_actions=Handle workflow failures, inspection session creation failures, package initialization failures and cancellation failures without leaving the visit in an inconsistent state. | ai_actions=Suggest corrective actions where appropriate. | inputs=Error Context | outputs=Error Response | business_rules=The visit shall never be partially transitioned between Journey and Execution. Recovery must always preserve data integrity. | personas=Inspector | dependencies=Workflow Engine, Audit, Execution Workspace | source_acceptance_criteria=Errors are handled gracefully and no inconsistent workflow state exists.",PHASE2_IPAD_DEFERRED,DEFERRED_TO_PHASE_2_IPAD,MOD-08,PHASE2,/field/**,PHASE2_IPAD_DEFERRED,WA-AC-0174,,AUDIT;WORKFLOW,WA-EV-0174,BASELINED_NOT_IMPLEMENTED
CR-175,SRC-CUST-001,c2ab27f60bf697780acf16d2b50f0f359b1bf78c1b89725bad3b1ab3005f04b9,Inspection excution-Start jou,Inspection excution-Start jou!63,Inspection Execution – Physical,Create Inspection Session,Create the official execution session that represents the inspection lifecycle.,Arrival Confirmation → Proceed with Inspection,Click Proceed with Inspection.,"Create a unique Inspection Session linked to the Visit, Factory, Inspector and Package Version.",None,"Visit ID, Inspector ID",Inspection Session,Only one active inspection session may exist per visit.,Inspector,Workflow Engine,Inspection Session created successfully.,"module=Inspection Execution – Physical | capability=Create Inspection Session | purpose=Create the official execution session that represents the inspection lifecycle. | user_flow=Arrival Confirmation → Proceed with Inspection | user_actions=Click Proceed with Inspection. | system_actions=Create a unique Inspection Session linked to the Visit, Factory, Inspector and Package Version. | ai_actions=None | inputs=Visit ID, Inspector ID | outputs=Inspection Session | business_rules=Only one active inspection session may exist per visit. | personas=Inspector | dependencies=Workflow Engine | source_acceptance_criteria=Inspection Session created successfully.",PHASE2_IPAD_DEFERRED,DEFERRED_TO_PHASE_2_IPAD,MOD-09,PHASE2,/field/**,PHASE2_IPAD_DEFERRED,WA-AC-0175,,,WA-EV-0175,BASELINED_NOT_IMPLEMENTED
CR-176,SRC-CUST-001,c2ab27f60bf697780acf16d2b50f0f359b1bf78c1b89725bad3b1ab3005f04b9,Inspection excution-Start jou,Inspection excution-Start jou!64,Inspection Execution – Physical,Lock Inspection Package,Freeze the execution package for the duration of the inspection.,Proceed with Inspection,None,"Lock the downloaded package including Factory Information, Report, Inspection Items, Configuration and Rules.",None,Offline Package,Locked Execution Package,Planner changes after execution starts shall not affect the active inspection.,Inspector,Dynamic Form Engine,Package remains unchanged throughout execution.,"module=Inspection Execution – Physical | capability=Lock Inspection Package | purpose=Freeze the execution package for the duration of the inspection. | user_flow=Proceed with Inspection | user_actions=None | system_actions=Lock the downloaded package including Factory Information, Report, Inspection Items, Configuration and Rules. | ai_actions=None | inputs=Offline Package | outputs=Locked Execution Package | business_rules=Planner changes after execution starts shall not affect the active inspection. | personas=Inspector | dependencies=Dynamic Form Engine | source_acceptance_criteria=Package remains unchanged throughout execution.",PHASE2_IPAD_DEFERRED,DEFERRED_TO_PHASE_2_IPAD,MOD-09,PHASE2,/field/**,PHASE2_IPAD_DEFERRED,WA-AC-0176,,,WA-EV-0176,BASELINED_NOT_IMPLEMENTED
CR-177,SRC-CUST-001,c2ab27f60bf697780acf16d2b50f0f359b1bf78c1b89725bad3b1ab3005f04b9,Inspection excution-Start jou,Inspection excution-Start jou!65,Inspection Execution – Physical,Load Execution Workspace,Display the execution workspace.,Inspection Session Created,None,Load the Execution Workspace and initialize all required components.,None,Locked Package,Execution Workspace,Workspace shall only open after successful initialization.,Inspector,UI Framework,Workspace loads successfully.,module=Inspection Execution – Physical | capability=Load Execution Workspace | purpose=Display the execution workspace. | user_flow=Inspection Session Created | user_actions=None | system_actions=Load the Execution Workspace and initialize all required components. | ai_actions=None | inputs=Locked Package | outputs=Execution Workspace | business_rules=Workspace shall only open after successful initialization. | personas=Inspector | dependencies=UI Framework | source_acceptance_criteria=Workspace loads successfully.,PHASE2_IPAD_DEFERRED,DEFERRED_TO_PHASE_2_IPAD,MOD-09,PHASE2,/field/**,PHASE2_IPAD_DEFERRED,WA-AC-0177,,,WA-EV-0177,BASELINED_NOT_IMPLEMENTED
CR-178,SRC-CUST-001,c2ab27f60bf697780acf16d2b50f0f359b1bf78c1b89725bad3b1ab3005f04b9,Inspection excution-Start jou,Inspection excution-Start jou!66,Inspection Execution – Physical,Initialize Wizard,Prepare the inspection wizard.,Workspace Loaded,None,"Create wizard instance, calculate available steps and initialize navigation.",None,Package Configuration,Wizard Session,Wizard sequence shall follow the configured inspection flow.,Inspector,Dynamic Form Engine,Wizard initialized successfully.,"module=Inspection Execution – Physical | capability=Initialize Wizard | purpose=Prepare the inspection wizard. | user_flow=Workspace Loaded | user_actions=None | system_actions=Create wizard instance, calculate available steps and initialize navigation. | ai_actions=None | inputs=Package Configuration | outputs=Wizard Session | business_rules=Wizard sequence shall follow the configured inspection flow. | personas=Inspector | dependencies=Dynamic Form Engine | source_acceptance_criteria=Wizard initialized successfully.",PHASE2_IPAD_DEFERRED,DEFERRED_TO_PHASE_2_IPAD,MOD-09,PHASE2,/field/**,PHASE2_IPAD_DEFERRED,WA-AC-0178,,,WA-EV-0178,BASELINED_NOT_IMPLEMENTED
CR-179,SRC-CUST-001,c2ab27f60bf697780acf16d2b50f0f359b1bf78c1b89725bad3b1ab3005f04b9,Inspection excution-Start jou,Inspection excution-Start jou!67,Inspection Execution – Physical,Load Wizard Steps,Display execution steps.,Wizard Initialization,None,"Load Factory Information, Inspection Report, Inspection Items, Action Forms and Review steps. Hide Action Forms if no forms are generated later.",None,Form Configuration,Wizard Steps,Wizard steps are configuration-driven.,Inspector,Dynamic Form Engine,Correct wizard sequence displayed.,"module=Inspection Execution – Physical | capability=Load Wizard Steps | purpose=Display execution steps. | user_flow=Wizard Initialization | user_actions=None | system_actions=Load Factory Information, Inspection Report, Inspection Items, Action Forms and Review steps. Hide Action Forms if no forms are generated later. | ai_actions=None | inputs=Form Configuration | outputs=Wizard Steps | business_rules=Wizard steps are configuration-driven. | personas=Inspector | dependencies=Dynamic Form Engine | source_acceptance_criteria=Correct wizard sequence displayed.",PHASE2_IPAD_DEFERRED,DEFERRED_TO_PHASE_2_IPAD,MOD-09,PHASE2,/field/**,PHASE2_IPAD_DEFERRED,WA-AC-0179,,,WA-EV-0179,BASELINED_NOT_IMPLEMENTED
CR-180,SRC-CUST-001,c2ab27f60bf697780acf16d2b50f0f359b1bf78c1b89725bad3b1ab3005f04b9,Inspection excution-Start jou,Inspection excution-Start jou!68,Inspection Execution – Physical,Load Progress Engine,Initialize inspection progress calculation.,Workspace Loaded,None,Calculate initial progress and display completion indicator.,None,Wizard Configuration,Progress Indicator,Progress starts at 0% and updates automatically.,Inspector,Progress Engine,Progress displayed correctly.,module=Inspection Execution – Physical | capability=Load Progress Engine | purpose=Initialize inspection progress calculation. | user_flow=Workspace Loaded | user_actions=None | system_actions=Calculate initial progress and display completion indicator. | ai_actions=None | inputs=Wizard Configuration | outputs=Progress Indicator | business_rules=Progress starts at 0% and updates automatically. | personas=Inspector | dependencies=Progress Engine | source_acceptance_criteria=Progress displayed correctly.,PHASE2_IPAD_DEFERRED,DEFERRED_TO_PHASE_2_IPAD,MOD-09,PHASE2,/field/**,PHASE2_IPAD_DEFERRED,WA-AC-0180,,,WA-EV-0180,BASELINED_NOT_IMPLEMENTED
CR-181,SRC-CUST-001,c2ab27f60bf697780acf16d2b50f0f359b1bf78c1b89725bad3b1ab3005f04b9,Inspection excution-Start jou,Inspection excution-Start jou!69,Inspection Execution – Physical,Load Context Panel,Make contextual information available throughout execution.,Workspace Loaded,Open/Collapse Context Panel.,Load Factory Card and Visit Card as a collapsible panel accessible from every wizard step.,Highlight high-risk factory information.,"Factory Profile, Visit Details",Context Panel,Context panel remains available throughout execution.,Inspector,"Factory Card, Visit Card",Inspector can access context from any step.,"module=Inspection Execution – Physical | capability=Load Context Panel | purpose=Make contextual information available throughout execution. | user_flow=Workspace Loaded | user_actions=Open/Collapse Context Panel. | system_actions=Load Factory Card and Visit Card as a collapsible panel accessible from every wizard step. | ai_actions=Highlight high-risk factory information. | inputs=Factory Profile, Visit Details | outputs=Context Panel | business_rules=Context panel remains available throughout execution. | personas=Inspector | dependencies=Factory Card, Visit Card | source_acceptance_criteria=Inspector can access context from any step.",PHASE2_IPAD_DEFERRED,DEFERRED_TO_PHASE_2_IPAD,MOD-09,PHASE2,/field/**,PHASE2_IPAD_DEFERRED,WA-AC-0181,,,WA-EV-0181,BASELINED_NOT_IMPLEMENTED
CR-182,SRC-CUST-001,c2ab27f60bf697780acf16d2b50f0f359b1bf78c1b89725bad3b1ab3005f04b9,Inspection excution-Start jou,Inspection excution-Start jou!70,Inspection Execution – Physical,Restore Draft Session,Resume an existing draft inspection.,Open Draft Inspection,Resume Draft.,"Restore the last completed wizard step, entered values, uploaded evidence and pending action forms.",None,Draft Inspection,Restored Session,Only the assigned inspector can resume the draft.,Inspector,Draft Service,Draft restored successfully.,"module=Inspection Execution – Physical | capability=Restore Draft Session | purpose=Resume an existing draft inspection. | user_flow=Open Draft Inspection | user_actions=Resume Draft. | system_actions=Restore the last completed wizard step, entered values, uploaded evidence and pending action forms. | ai_actions=None | inputs=Draft Inspection | outputs=Restored Session | business_rules=Only the assigned inspector can resume the draft. | personas=Inspector | dependencies=Draft Service | source_acceptance_criteria=Draft restored successfully.",PHASE2_IPAD_DEFERRED,DEFERRED_TO_PHASE_2_IPAD,MOD-09,PHASE2,/field/**,PHASE2_IPAD_DEFERRED,WA-AC-0182,,,WA-EV-0182,BASELINED_NOT_IMPLEMENTED
CR-183,SRC-CUST-001,c2ab27f60bf697780acf16d2b50f0f359b1bf78c1b89725bad3b1ab3005f04b9,Inspection excution-Start jou,Inspection excution-Start jou!71,Inspection Execution – Physical,Initialize Auto Save,Protect inspection progress.,Workspace Loaded,None,Start automatic background save based on configurable interval and significant user actions.,None,Inspection Session,Auto Save Service,Auto Save shall not interrupt the inspector.,Inspector,Draft Service,Inspection progress saved automatically.,module=Inspection Execution – Physical | capability=Initialize Auto Save | purpose=Protect inspection progress. | user_flow=Workspace Loaded | user_actions=None | system_actions=Start automatic background save based on configurable interval and significant user actions. | ai_actions=None | inputs=Inspection Session | outputs=Auto Save Service | business_rules=Auto Save shall not interrupt the inspector. | personas=Inspector | dependencies=Draft Service | source_acceptance_criteria=Inspection progress saved automatically.,PHASE2_IPAD_DEFERRED,DEFERRED_TO_PHASE_2_IPAD,MOD-09,PHASE2,/field/**,PHASE2_IPAD_DEFERRED,WA-AC-0183,,,WA-EV-0183,BASELINED_NOT_IMPLEMENTED
CR-184,SRC-CUST-001,c2ab27f60bf697780acf16d2b50f0f359b1bf78c1b89725bad3b1ab3005f04b9,Inspection excution-Start jou,Inspection excution-Start jou!72,Inspection Execution – Physical,Initialize Offline Mode,Ensure execution can continue without connectivity.,Workspace Loaded,None,Verify offline package availability and initialize local storage for execution data.,None,Offline Package,Offline Execution Context,Inspector shall continue working without network connectivity.,Inspector,Offline Synchronization,Offline execution initialized successfully.,module=Inspection Execution – Physical | capability=Initialize Offline Mode | purpose=Ensure execution can continue without connectivity. | user_flow=Workspace Loaded | user_actions=None | system_actions=Verify offline package availability and initialize local storage for execution data. | ai_actions=None | inputs=Offline Package | outputs=Offline Execution Context | business_rules=Inspector shall continue working without network connectivity. | personas=Inspector | dependencies=Offline Synchronization | source_acceptance_criteria=Offline execution initialized successfully.,PHASE2_IPAD_DEFERRED,DEFERRED_TO_PHASE_2_IPAD,MOD-13,PHASE2,/field/**,PHASE2_IPAD_DEFERRED,WA-AC-0184,,OFFLINE_CONFLICT,WA-EV-0184,BASELINED_NOT_IMPLEMENTED
CR-185,SRC-CUST-001,c2ab27f60bf697780acf16d2b50f0f359b1bf78c1b89725bad3b1ab3005f04b9,Inspection excution-Start jou,Inspection excution-Start jou!73,Inspection Execution – Physical,Start Inspection Timeline,Begin execution audit timeline.,Workspace Loaded,None,Create inspection timeline starting with Execution Started.,None,Inspection Session,Inspection Timeline,Timeline continues until inspection submission.,Inspector,Audit Service,Timeline initialized correctly.,module=Inspection Execution – Physical | capability=Start Inspection Timeline | purpose=Begin execution audit timeline. | user_flow=Workspace Loaded | user_actions=None | system_actions=Create inspection timeline starting with Execution Started. | ai_actions=None | inputs=Inspection Session | outputs=Inspection Timeline | business_rules=Timeline continues until inspection submission. | personas=Inspector | dependencies=Audit Service | source_acceptance_criteria=Timeline initialized correctly.,PHASE2_IPAD_DEFERRED,DEFERRED_TO_PHASE_2_IPAD,MOD-09,PHASE2,/field/**,PHASE2_IPAD_DEFERRED,WA-AC-0185,,AUDIT;IMMUTABLE_VERSION,WA-EV-0185,BASELINED_NOT_IMPLEMENTED
CR-186,SRC-CUST-001,c2ab27f60bf697780acf16d2b50f0f359b1bf78c1b89725bad3b1ab3005f04b9,Inspection excution-Start jou,Inspection excution-Start jou!74,Inspection Execution – Physical,Start Inspection SLA,Begin execution SLA measurement.,Workspace Loaded,None,Capture execution start time and start SLA timer.,None,Inspection Session,Active SLA Timer,"SLA starts when execution begins, not when journey starts.",Inspector,SLA Engine,SLA timer started successfully.,"module=Inspection Execution – Physical | capability=Start Inspection SLA | purpose=Begin execution SLA measurement. | user_flow=Workspace Loaded | user_actions=None | system_actions=Capture execution start time and start SLA timer. | ai_actions=None | inputs=Inspection Session | outputs=Active SLA Timer | business_rules=SLA starts when execution begins, not when journey starts. | personas=Inspector | dependencies=SLA Engine | source_acceptance_criteria=SLA timer started successfully.",PHASE2_IPAD_DEFERRED,DEFERRED_TO_PHASE_2_IPAD,MOD-09,PHASE2,/field/**,PHASE2_IPAD_DEFERRED,WA-AC-0186,,,WA-EV-0186,BASELINED_NOT_IMPLEMENTED
CR-187,SRC-CUST-001,c2ab27f60bf697780acf16d2b50f0f359b1bf78c1b89725bad3b1ab3005f04b9,Inspection excution-Start jou,Inspection excution-Start jou!75,Inspection Execution – Physical,Validate Workspace Initialization,Ensure execution environment is ready.,Initialization Complete,None,"Validate package integrity, wizard configuration, mandatory forms and dependencies before allowing execution.",None,Workspace Components,Initialization Status,Inspection cannot continue if initialization fails.,Inspector,Validation Engine,Workspace validation completed successfully.,"module=Inspection Execution – Physical | capability=Validate Workspace Initialization | purpose=Ensure execution environment is ready. | user_flow=Initialization Complete | user_actions=None | system_actions=Validate package integrity, wizard configuration, mandatory forms and dependencies before allowing execution. | ai_actions=None | inputs=Workspace Components | outputs=Initialization Status | business_rules=Inspection cannot continue if initialization fails. | personas=Inspector | dependencies=Validation Engine | source_acceptance_criteria=Workspace validation completed successfully.",PHASE2_IPAD_DEFERRED,DEFERRED_TO_PHASE_2_IPAD,MOD-09,PHASE2,/field/**,PHASE2_IPAD_DEFERRED,WA-AC-0187,,,WA-EV-0187,BASELINED_NOT_IMPLEMENTED
CR-188,SRC-CUST-001,c2ab27f60bf697780acf16d2b50f0f359b1bf78c1b89725bad3b1ab3005f04b9,Inspection excution-Start jou,Inspection excution-Start jou!76,Inspection Execution – Physical,Handle Workspace Initialization Errors,Prevent inconsistent execution startup.,Initialization Failure,Retry Initialization.,"Handle package loading failures, missing configurations, wizard initialization failures and dependency errors. Maintain session consistency.",Suggest corrective actions if applicable.,Error Context,Error Response,Failed initialization shall never create a partial inspection session.,Inspector,"Workflow Engine, Dynamic Form Engine",Execution either initializes completely or fails safely.,"module=Inspection Execution – Physical | capability=Handle Workspace Initialization Errors | purpose=Prevent inconsistent execution startup. | user_flow=Initialization Failure | user_actions=Retry Initialization. | system_actions=Handle package loading failures, missing configurations, wizard initialization failures and dependency errors. Maintain session consistency. | ai_actions=Suggest corrective actions if applicable. | inputs=Error Context | outputs=Error Response | business_rules=Failed initialization shall never create a partial inspection session. | personas=Inspector | dependencies=Workflow Engine, Dynamic Form Engine | source_acceptance_criteria=Execution either initializes completely or fails safely.",PHASE2_IPAD_DEFERRED,DEFERRED_TO_PHASE_2_IPAD,MOD-09,PHASE2,/field/**,PHASE2_IPAD_DEFERRED,WA-AC-0188,,,WA-EV-0188,BASELINED_NOT_IMPLEMENTED
CR-189,SRC-CUST-001,c2ab27f60bf697780acf16d2b50f0f359b1bf78c1b89725bad3b1ab3005f04b9,Inspection excution-Start jou,Inspection excution-Start jou!77,Inspection Execution – Physical,Load Wizard Structure,Load the configured inspection wizard.,Workspace → Wizard,None,Load all configured wizard steps from the Dynamic Form Engine in the configured sequence.,None,Inspection Package,Wizard Structure,Wizard sequence shall be configuration-driven.,Inspector,Dynamic Form Engine,Wizard displays the correct steps.,module=Inspection Execution – Physical | capability=Load Wizard Structure | purpose=Load the configured inspection wizard. | user_flow=Workspace → Wizard | user_actions=None | system_actions=Load all configured wizard steps from the Dynamic Form Engine in the configured sequence. | ai_actions=None | inputs=Inspection Package | outputs=Wizard Structure | business_rules=Wizard sequence shall be configuration-driven. | personas=Inspector | dependencies=Dynamic Form Engine | source_acceptance_criteria=Wizard displays the correct steps.,PHASE2_IPAD_DEFERRED,DEFERRED_TO_PHASE_2_IPAD,MOD-09,PHASE2,/field/**,PHASE2_IPAD_DEFERRED,WA-AC-0189,,,WA-EV-0189,BASELINED_NOT_IMPLEMENTED
CR-190,SRC-CUST-001,c2ab27f60bf697780acf16d2b50f0f359b1bf78c1b89725bad3b1ab3005f04b9,Inspection excution-Start jou,Inspection excution-Start jou!78,Inspection Execution – Physical,Display Current Step,Identify the active execution step.,Wizard,View current step.,Highlight current step and display step title and description.,None,Current Step,Active Step,Only one active step can exist at a time.,Inspector,UI Engine,Active step is always visible.,module=Inspection Execution – Physical | capability=Display Current Step | purpose=Identify the active execution step. | user_flow=Wizard | user_actions=View current step. | system_actions=Highlight current step and display step title and description. | ai_actions=None | inputs=Current Step | outputs=Active Step | business_rules=Only one active step can exist at a time. | personas=Inspector | dependencies=UI Engine | source_acceptance_criteria=Active step is always visible.,PHASE2_IPAD_DEFERRED,DEFERRED_TO_PHASE_2_IPAD,MOD-09,PHASE2,/field/**,PHASE2_IPAD_DEFERRED,WA-AC-0190,,,WA-EV-0190,BASELINED_NOT_IMPLEMENTED
CR-191,SRC-CUST-001,c2ab27f60bf697780acf16d2b50f0f359b1bf78c1b89725bad3b1ab3005f04b9,Inspection excution-Start jou,Inspection excution-Start jou!79,Inspection Execution – Physical,Navigate to Next Step,Allow progression through the wizard.,Current Step → Next,Click Next.,Validate current step before moving to the next step.,None,Current Step Data,Next Step,Navigation only succeeds when validation passes.,Inspector,Validation Engine,User moves successfully to the next step.,module=Inspection Execution – Physical | capability=Navigate to Next Step | purpose=Allow progression through the wizard. | user_flow=Current Step → Next | user_actions=Click Next. | system_actions=Validate current step before moving to the next step. | ai_actions=None | inputs=Current Step Data | outputs=Next Step | business_rules=Navigation only succeeds when validation passes. | personas=Inspector | dependencies=Validation Engine | source_acceptance_criteria=User moves successfully to the next step.,PHASE2_IPAD_DEFERRED,DEFERRED_TO_PHASE_2_IPAD,MOD-09,PHASE2,/field/**,PHASE2_IPAD_DEFERRED,WA-AC-0191,,,WA-EV-0191,BASELINED_NOT_IMPLEMENTED
CR-192,SRC-CUST-001,c2ab27f60bf697780acf16d2b50f0f359b1bf78c1b89725bad3b1ab3005f04b9,Inspection excution-Start jou,Inspection excution-Start jou!80,Inspection Execution – Physical,Navigate to Previous Step,Allow returning to previous steps.,Current Step → Previous,Click Previous.,Load previously entered data without data loss.,None,Saved Data,Previous Step,Previously entered data shall remain unchanged.,Inspector,Draft Service,Previous step loads correctly.,module=Inspection Execution – Physical | capability=Navigate to Previous Step | purpose=Allow returning to previous steps. | user_flow=Current Step → Previous | user_actions=Click Previous. | system_actions=Load previously entered data without data loss. | ai_actions=None | inputs=Saved Data | outputs=Previous Step | business_rules=Previously entered data shall remain unchanged. | personas=Inspector | dependencies=Draft Service | source_acceptance_criteria=Previous step loads correctly.,PHASE2_IPAD_DEFERRED,DEFERRED_TO_PHASE_2_IPAD,MOD-09,PHASE2,/field/**,PHASE2_IPAD_DEFERRED,WA-AC-0192,,,WA-EV-0192,BASELINED_NOT_IMPLEMENTED
CR-193,SRC-CUST-001,c2ab27f60bf697780acf16d2b50f0f359b1bf78c1b89725bad3b1ab3005f04b9,Inspection excution-Start jou,Inspection excution-Start jou!81,Inspection Execution – Physical,Calculate Progress,Display overall inspection completion percentage.,Throughout Wizard,None,"Calculate completion based on Factory Information, Report, Inspection Items, Action Forms and Review.",None,Wizard State,Progress Percentage,Progress updates immediately after completing each section.,Inspector,Progress Engine,Progress reflects actual completion.,"module=Inspection Execution – Physical | capability=Calculate Progress | purpose=Display overall inspection completion percentage. | user_flow=Throughout Wizard | user_actions=None | system_actions=Calculate completion based on Factory Information, Report, Inspection Items, Action Forms and Review. | ai_actions=None | inputs=Wizard State | outputs=Progress Percentage | business_rules=Progress updates immediately after completing each section. | personas=Inspector | dependencies=Progress Engine | source_acceptance_criteria=Progress reflects actual completion.",PHASE2_IPAD_DEFERRED,DEFERRED_TO_PHASE_2_IPAD,MOD-09,PHASE2,/field/**,PHASE2_IPAD_DEFERRED,WA-AC-0193,,,WA-EV-0193,BASELINED_NOT_IMPLEMENTED
CR-194,SRC-CUST-001,c2ab27f60bf697780acf16d2b50f0f359b1bf78c1b89725bad3b1ab3005f04b9,Inspection excution-Start jou,Inspection excution-Start jou!82,Inspection Execution – Physical,Display Progress Indicator,Keep inspector informed of execution progress.,Throughout Wizard,View progress.,"Display percentage, completed steps and remaining steps.",None,Progress,Progress Bar,Progress is informational only.,Inspector,UI Engine,Progress indicator updates continuously.,"module=Inspection Execution – Physical | capability=Display Progress Indicator | purpose=Keep inspector informed of execution progress. | user_flow=Throughout Wizard | user_actions=View progress. | system_actions=Display percentage, completed steps and remaining steps. | ai_actions=None | inputs=Progress | outputs=Progress Bar | business_rules=Progress is informational only. | personas=Inspector | dependencies=UI Engine | source_acceptance_criteria=Progress indicator updates continuously.",PHASE2_IPAD_DEFERRED,DEFERRED_TO_PHASE_2_IPAD,MOD-09,PHASE2,/field/**,PHASE2_IPAD_DEFERRED,WA-AC-0194,,,WA-EV-0194,BASELINED_NOT_IMPLEMENTED
CR-195,SRC-CUST-001,c2ab27f60bf697780acf16d2b50f0f359b1bf78c1b89725bad3b1ab3005f04b9,Inspection excution-Start jou,Inspection excution-Start jou!83,Inspection Execution – Physical,Track Step Completion,Determine when a step is complete.,Complete Step,Complete required fields.,Evaluate completion rules and mark the step as completed.,None,Step Data,Completed Step,A step is complete only when mandatory requirements are satisfied.,Inspector,Validation Engine,Completed steps are clearly identified.,module=Inspection Execution – Physical | capability=Track Step Completion | purpose=Determine when a step is complete. | user_flow=Complete Step | user_actions=Complete required fields. | system_actions=Evaluate completion rules and mark the step as completed. | ai_actions=None | inputs=Step Data | outputs=Completed Step | business_rules=A step is complete only when mandatory requirements are satisfied. | personas=Inspector | dependencies=Validation Engine | source_acceptance_criteria=Completed steps are clearly identified.,PHASE2_IPAD_DEFERRED,DEFERRED_TO_PHASE_2_IPAD,MOD-09,PHASE2,/field/**,PHASE2_IPAD_DEFERRED,WA-AC-0195,,,WA-EV-0195,BASELINED_NOT_IMPLEMENTED
CR-196,SRC-CUST-001,c2ab27f60bf697780acf16d2b50f0f359b1bf78c1b89725bad3b1ab3005f04b9,Inspection excution-Start jou,Inspection excution-Start jou!84,Inspection Execution – Physical,Validate Step Before Navigation,Prevent incomplete steps from being skipped.,Click Next,Click Next.,"Validate mandatory fields, mandatory evidence and mandatory forms.",None,Step Data,Validation Result,Navigation shall be blocked when validation fails.,Inspector,Validation Engine,User receives validation message.,"module=Inspection Execution – Physical | capability=Validate Step Before Navigation | purpose=Prevent incomplete steps from being skipped. | user_flow=Click Next | user_actions=Click Next. | system_actions=Validate mandatory fields, mandatory evidence and mandatory forms. | ai_actions=None | inputs=Step Data | outputs=Validation Result | business_rules=Navigation shall be blocked when validation fails. | personas=Inspector | dependencies=Validation Engine | source_acceptance_criteria=User receives validation message.",PHASE2_IPAD_DEFERRED,DEFERRED_TO_PHASE_2_IPAD,MOD-09,PHASE2,/field/**,PHASE2_IPAD_DEFERRED,WA-AC-0196,,,WA-EV-0196,BASELINED_NOT_IMPLEMENTED
CR-197,SRC-CUST-001,c2ab27f60bf697780acf16d2b50f0f359b1bf78c1b89725bad3b1ab3005f04b9,Inspection excution-Start jou,Inspection excution-Start jou!85,Inspection Execution – Physical,Skip Empty Action Forms Step,Hide Action Forms when none are generated.,Wizard Initialization,None,Automatically remove Action Forms step if no forms are generated.,None,Generated Forms,Updated Wizard,Action Forms step appears only when required.,Inspector,Rule Engine,Wizard hides unnecessary steps.,module=Inspection Execution – Physical | capability=Skip Empty Action Forms Step | purpose=Hide Action Forms when none are generated. | user_flow=Wizard Initialization | user_actions=None | system_actions=Automatically remove Action Forms step if no forms are generated. | ai_actions=None | inputs=Generated Forms | outputs=Updated Wizard | business_rules=Action Forms step appears only when required. | personas=Inspector | dependencies=Rule Engine | source_acceptance_criteria=Wizard hides unnecessary steps.,PHASE2_IPAD_DEFERRED,DEFERRED_TO_PHASE_2_IPAD,MOD-12,PHASE2,/field/**,PHASE2_IPAD_DEFERRED,WA-AC-0197,,,WA-EV-0197,BASELINED_NOT_IMPLEMENTED
CR-198,SRC-CUST-001,c2ab27f60bf697780acf16d2b50f0f359b1bf78c1b89725bad3b1ab3005f04b9,Inspection excution-Start jou,Inspection excution-Start jou!86,Inspection Execution – Physical,Display Change Counter,Display number of modifications performed during execution.,Throughout Wizard,View change summary.,"Count Factory Information updates, Inspection Item updates and generated Action Forms.",None,Execution Changes,Change Counter,Counter updates immediately after every modification.,Inspector,Observation Engine,Change counter always reflects actual changes.,"module=Inspection Execution – Physical | capability=Display Change Counter | purpose=Display number of modifications performed during execution. | user_flow=Throughout Wizard | user_actions=View change summary. | system_actions=Count Factory Information updates, Inspection Item updates and generated Action Forms. | ai_actions=None | inputs=Execution Changes | outputs=Change Counter | business_rules=Counter updates immediately after every modification. | personas=Inspector | dependencies=Observation Engine | source_acceptance_criteria=Change counter always reflects actual changes.",PHASE2_IPAD_DEFERRED,DEFERRED_TO_PHASE_2_IPAD,MOD-09,PHASE2,/field/**,PHASE2_IPAD_DEFERRED,WA-AC-0198,,,WA-EV-0198,BASELINED_NOT_IMPLEMENTED
CR-199,SRC-CUST-001,c2ab27f60bf697780acf16d2b50f0f359b1bf78c1b89725bad3b1ab3005f04b9,Inspection excution-Start jou,Inspection excution-Start jou!87,Inspection Execution – Physical,Preserve Wizard State,Prevent loss of navigation context.,Throughout Wizard,None,"Preserve active step, entered data and navigation history.",None,Wizard Session,Wizard State,"State shall survive refresh, reconnect and resume.",Inspector,Draft Service,Wizard restores correctly after interruption.,"module=Inspection Execution – Physical | capability=Preserve Wizard State | purpose=Prevent loss of navigation context. | user_flow=Throughout Wizard | user_actions=None | system_actions=Preserve active step, entered data and navigation history. | ai_actions=None | inputs=Wizard Session | outputs=Wizard State | business_rules=State shall survive refresh, reconnect and resume. | personas=Inspector | dependencies=Draft Service | source_acceptance_criteria=Wizard restores correctly after interruption.",PHASE2_IPAD_DEFERRED,DEFERRED_TO_PHASE_2_IPAD,MOD-09,PHASE2,/field/**,PHASE2_IPAD_DEFERRED,WA-AC-0199,,,WA-EV-0199,BASELINED_NOT_IMPLEMENTED
CR-200,SRC-CUST-001,c2ab27f60bf697780acf16d2b50f0f359b1bf78c1b89725bad3b1ab3005f04b9,Inspection excution-Start jou,Inspection excution-Start jou!88,Inspection Execution – Physical,Trigger Auto Save,Automatically protect inspector work.,During Execution,None,"Save progress automatically after configurable intervals and significant actions (field updates, evidence uploads, navigation, action form completion).",None,Current Session,Draft Update,Auto Save shall run silently in the background.,Inspector,Draft Service,No entered data is lost.,"module=Inspection Execution – Physical | capability=Trigger Auto Save | purpose=Automatically protect inspector work. | user_flow=During Execution | user_actions=None | system_actions=Save progress automatically after configurable intervals and significant actions (field updates, evidence uploads, navigation, action form completion). | ai_actions=None | inputs=Current Session | outputs=Draft Update | business_rules=Auto Save shall run silently in the background. | personas=Inspector | dependencies=Draft Service | source_acceptance_criteria=No entered data is lost.",PHASE2_IPAD_DEFERRED,DEFERRED_TO_PHASE_2_IPAD,MOD-09,PHASE2,/field/**,PHASE2_IPAD_DEFERRED,WA-AC-0200,,,WA-EV-0200,BASELINED_NOT_IMPLEMENTED
CR-201,SRC-CUST-001,c2ab27f60bf697780acf16d2b50f0f359b1bf78c1b89725bad3b1ab3005f04b9,Inspection excution-Start jou,Inspection excution-Start jou!89,Inspection Execution – Physical,Save Draft,Allow inspector to pause execution.,Any Step,Click Save Draft.,"Save current wizard state, values, evidence, generated forms and navigation position.",None,Current Session,Draft Inspection,Draft remains editable by the assigned inspector only.,Inspector,Draft Service,Draft restored exactly as saved.,"module=Inspection Execution – Physical | capability=Save Draft | purpose=Allow inspector to pause execution. | user_flow=Any Step | user_actions=Click Save Draft. | system_actions=Save current wizard state, values, evidence, generated forms and navigation position. | ai_actions=None | inputs=Current Session | outputs=Draft Inspection | business_rules=Draft remains editable by the assigned inspector only. | personas=Inspector | dependencies=Draft Service | source_acceptance_criteria=Draft restored exactly as saved.",PHASE2_IPAD_DEFERRED,DEFERRED_TO_PHASE_2_IPAD,MOD-09,PHASE2,/field/**,PHASE2_IPAD_DEFERRED,WA-AC-0201,,,WA-EV-0201,BASELINED_NOT_IMPLEMENTED
CR-202,SRC-CUST-001,c2ab27f60bf697780acf16d2b50f0f359b1bf78c1b89725bad3b1ab3005f04b9,Inspection excution-Start jou,Inspection excution-Start jou!90,Inspection Execution – Physical,Restore Draft Navigation,Resume from the last completed step.,Open Draft,Resume Draft.,Open the wizard on the last active step with all saved data restored.,None,Draft,Restored Session,Resume shall not restart the wizard from Step 1.,Inspector,Draft Service,Draft resumes successfully.,module=Inspection Execution – Physical | capability=Restore Draft Navigation | purpose=Resume from the last completed step. | user_flow=Open Draft | user_actions=Resume Draft. | system_actions=Open the wizard on the last active step with all saved data restored. | ai_actions=None | inputs=Draft | outputs=Restored Session | business_rules=Resume shall not restart the wizard from Step 1. | personas=Inspector | dependencies=Draft Service | source_acceptance_criteria=Draft resumes successfully.,PHASE2_IPAD_DEFERRED,DEFERRED_TO_PHASE_2_IPAD,MOD-09,PHASE2,/field/**,PHASE2_IPAD_DEFERRED,WA-AC-0202,,,WA-EV-0202,BASELINED_NOT_IMPLEMENTED
CR-203,SRC-CUST-001,c2ab27f60bf697780acf16d2b50f0f359b1bf78c1b89725bad3b1ab3005f04b9,Inspection excution-Start jou,Inspection excution-Start jou!91,Inspection Execution – Physical,Display Validation Summary,Inform the inspector about outstanding issues.,Review or Navigation Failure,View validation summary.,Display grouped validation messages by wizard step.,None,Validation Errors,Validation Summary,Validation summary shall identify the affected step.,Inspector,Validation Engine,Inspector can quickly identify missing information.,module=Inspection Execution – Physical | capability=Display Validation Summary | purpose=Inform the inspector about outstanding issues. | user_flow=Review or Navigation Failure | user_actions=View validation summary. | system_actions=Display grouped validation messages by wizard step. | ai_actions=None | inputs=Validation Errors | outputs=Validation Summary | business_rules=Validation summary shall identify the affected step. | personas=Inspector | dependencies=Validation Engine | source_acceptance_criteria=Inspector can quickly identify missing information.,PHASE2_IPAD_DEFERRED,DEFERRED_TO_PHASE_2_IPAD,MOD-09,PHASE2,/field/**,PHASE2_IPAD_DEFERRED,WA-AC-0203,,,WA-EV-0203,BASELINED_NOT_IMPLEMENTED
CR-204,SRC-CUST-001,c2ab27f60bf697780acf16d2b50f0f359b1bf78c1b89725bad3b1ab3005f04b9,Inspection excution-Start jou,Inspection excution-Start jou!92,Inspection Execution – Physical,Jump to Missing Section,Allow quick navigation to incomplete sections.,Validation Summary,Click validation message.,Navigate directly to the corresponding wizard step and highlight the missing field.,None,Validation Summary,Target Step,Jump-to-Missing is available only for unresolved validations.,Inspector,Navigation Engine,Inspector reaches the correct field immediately.,module=Inspection Execution – Physical | capability=Jump to Missing Section | purpose=Allow quick navigation to incomplete sections. | user_flow=Validation Summary | user_actions=Click validation message. | system_actions=Navigate directly to the corresponding wizard step and highlight the missing field. | ai_actions=None | inputs=Validation Summary | outputs=Target Step | business_rules=Jump-to-Missing is available only for unresolved validations. | personas=Inspector | dependencies=Navigation Engine | source_acceptance_criteria=Inspector reaches the correct field immediately.,PHASE2_IPAD_DEFERRED,DEFERRED_TO_PHASE_2_IPAD,MOD-09,PHASE2,/field/**,PHASE2_IPAD_DEFERRED,WA-AC-0204,,,WA-EV-0204,BASELINED_NOT_IMPLEMENTED
CR-205,SRC-CUST-001,c2ab27f60bf697780acf16d2b50f0f359b1bf78c1b89725bad3b1ab3005f04b9,Inspection excution-Start jou,Inspection excution-Start jou!93,Inspection Execution – Physical,Lock Completed Navigation After Submission,Prevent modifications after submission.,Submitted Inspection,View inspection.,Disable wizard navigation and editing after successful submission.,None,Submitted Inspection,Read-only Wizard,Submitted inspections become permanently read-only.,Inspector,Workflow Engine,Inspector cannot edit after submission.,module=Inspection Execution – Physical | capability=Lock Completed Navigation After Submission | purpose=Prevent modifications after submission. | user_flow=Submitted Inspection | user_actions=View inspection. | system_actions=Disable wizard navigation and editing after successful submission. | ai_actions=None | inputs=Submitted Inspection | outputs=Read-only Wizard | business_rules=Submitted inspections become permanently read-only. | personas=Inspector | dependencies=Workflow Engine | source_acceptance_criteria=Inspector cannot edit after submission.,PHASE2_IPAD_DEFERRED,DEFERRED_TO_PHASE_2_IPAD,MOD-09,PHASE2,/field/**,PHASE2_IPAD_DEFERRED,WA-AC-0205,,IMMUTABLE_VERSION,WA-EV-0205,BASELINED_NOT_IMPLEMENTED
CR-206,SRC-CUST-001,c2ab27f60bf697780acf16d2b50f0f359b1bf78c1b89725bad3b1ab3005f04b9,Inspection excution-Start jou,Inspection excution-Start jou!94,Inspection Execution – Physical,Generate Wizard Audit Events,Record all navigation activities.,Throughout Execution,None,"Log step changes, draft saves, resumes, validation failures, navigation events and completion events.",None,Navigation Events,Audit Timeline,Every wizard interaction shall be auditable.,"Inspector, Reviewer",Audit Service,Complete wizard audit history is available.,"module=Inspection Execution – Physical | capability=Generate Wizard Audit Events | purpose=Record all navigation activities. | user_flow=Throughout Execution | user_actions=None | system_actions=Log step changes, draft saves, resumes, validation failures, navigation events and completion events. | ai_actions=None | inputs=Navigation Events | outputs=Audit Timeline | business_rules=Every wizard interaction shall be auditable. | personas=Inspector, Reviewer | dependencies=Audit Service | source_acceptance_criteria=Complete wizard audit history is available.",PHASE2_IPAD_DEFERRED,DEFERRED_TO_PHASE_2_IPAD,MOD-09,PHASE2,/field/**,PHASE2_IPAD_DEFERRED,WA-AC-0206,,AUDIT,WA-EV-0206,BASELINED_NOT_IMPLEMENTED
CR-207,SRC-CUST-001,c2ab27f60bf697780acf16d2b50f0f359b1bf78c1b89725bad3b1ab3005f04b9,Inspection excution-Start jou,Inspection excution-Start jou!95,Inspection Execution – Physical,Handle Wizard Errors,Maintain execution consistency when navigation fails.,Any Error,Retry navigation.,"Handle navigation failures, validation failures, draft failures and restore failures without data loss.",Suggest corrective actions if applicable.,Error Context,Error Response,Navigation failures shall never corrupt the inspection session.,Inspector,"Validation Engine, Draft Service",Wizard remains recoverable after unexpected failures.,"module=Inspection Execution – Physical | capability=Handle Wizard Errors | purpose=Maintain execution consistency when navigation fails. | user_flow=Any Error | user_actions=Retry navigation. | system_actions=Handle navigation failures, validation failures, draft failures and restore failures without data loss. | ai_actions=Suggest corrective actions if applicable. | inputs=Error Context | outputs=Error Response | business_rules=Navigation failures shall never corrupt the inspection session. | personas=Inspector | dependencies=Validation Engine, Draft Service | source_acceptance_criteria=Wizard remains recoverable after unexpected failures.",PHASE2_IPAD_DEFERRED,DEFERRED_TO_PHASE_2_IPAD,MOD-09,PHASE2,/field/**,PHASE2_IPAD_DEFERRED,WA-AC-0207,,,WA-EV-0207,BASELINED_NOT_IMPLEMENTED
CR-208,SRC-CUST-001,c2ab27f60bf697780acf16d2b50f0f359b1bf78c1b89725bad3b1ab3005f04b9,Inspection excution-Start jou,Inspection excution-Start jou!96,Inspection Execution – Physical,Load Factory Information,Display the latest synchronized factory profile.,Wizard → Factory Information,Open Factory Information.,Load latest approved factory profile from Senaei.,None,Factory ID,Factory Profile,Only synchronized Senaei data shall be displayed.,Inspector,Senaei Integration,Factory information loads successfully.,module=Inspection Execution – Physical | capability=Load Factory Information | purpose=Display the latest synchronized factory profile. | user_flow=Wizard → Factory Information | user_actions=Open Factory Information. | system_actions=Load latest approved factory profile from Senaei. | ai_actions=None | inputs=Factory ID | outputs=Factory Profile | business_rules=Only synchronized Senaei data shall be displayed. | personas=Inspector | dependencies=Senaei Integration | source_acceptance_criteria=Factory information loads successfully.,PHASE2_IPAD_DEFERRED,DEFERRED_TO_PHASE_2_IPAD,MOD-09,PHASE2,/field/**,PHASE2_IPAD_DEFERRED,WA-AC-0208,,OFFLINE_CONFLICT,WA-EV-0208,BASELINED_NOT_IMPLEMENTED
CR-209,SRC-CUST-001,c2ab27f60bf697780acf16d2b50f0f359b1bf78c1b89725bad3b1ab3005f04b9,Inspection excution-Start jou,Inspection excution-Start jou!97,Inspection Execution – Physical,Load Industrial License Information,Display industrial license details.,Factory Information,Review information.,"Load License Number, Status, Stage, Issue Date, Expiry Date, License Activity and License Holder.",None,License ID,License Details,License information is read-only.,Inspector,Senaei,License information displayed correctly.,"module=Inspection Execution – Physical | capability=Load Industrial License Information | purpose=Display industrial license details. | user_flow=Factory Information | user_actions=Review information. | system_actions=Load License Number, Status, Stage, Issue Date, Expiry Date, License Activity and License Holder. | ai_actions=None | inputs=License ID | outputs=License Details | business_rules=License information is read-only. | personas=Inspector | dependencies=Senaei | source_acceptance_criteria=License information displayed correctly.",PHASE2_IPAD_DEFERRED,DEFERRED_TO_PHASE_2_IPAD,MOD-09,PHASE2,/field/**,PHASE2_IPAD_DEFERRED,WA-AC-0209,,,WA-EV-0209,BASELINED_NOT_IMPLEMENTED
CR-210,SRC-CUST-001,c2ab27f60bf697780acf16d2b50f0f359b1bf78c1b89725bad3b1ab3005f04b9,Inspection excution-Start jou,Inspection excution-Start jou!98,Inspection Execution – Physical,Load Factory General Information,Display factory profile.,Factory Information,Review information.,"Display Factory Name, CR Number, Factory Status, Activity, Region, City and Address.",None,Factory Profile,Factory Summary,Data originates from Senaei only.,Inspector,Senaei,Factory profile displayed correctly.,"module=Inspection Execution – Physical | capability=Load Factory General Information | purpose=Display factory profile. | user_flow=Factory Information | user_actions=Review information. | system_actions=Display Factory Name, CR Number, Factory Status, Activity, Region, City and Address. | ai_actions=None | inputs=Factory Profile | outputs=Factory Summary | business_rules=Data originates from Senaei only. | personas=Inspector | dependencies=Senaei | source_acceptance_criteria=Factory profile displayed correctly.",PHASE2_IPAD_DEFERRED,DEFERRED_TO_PHASE_2_IPAD,MOD-09,PHASE2,/field/**,PHASE2_IPAD_DEFERRED,WA-AC-0210,,,WA-EV-0210,BASELINED_NOT_IMPLEMENTED
CR-211,SRC-CUST-001,c2ab27f60bf697780acf16d2b50f0f359b1bf78c1b89725bad3b1ab3005f04b9,Inspection excution-Start jou,Inspection excution-Start jou!99,Inspection Execution – Physical,Load Products,Display registered factory products.,Factory Information,Review products.,Load all registered products with HS Codes and production details.,None,Product List,Product Information,Products are loaded from the license package.,Inspector,Senaei,Products displayed successfully.,module=Inspection Execution – Physical | capability=Load Products | purpose=Display registered factory products. | user_flow=Factory Information | user_actions=Review products. | system_actions=Load all registered products with HS Codes and production details. | ai_actions=None | inputs=Product List | outputs=Product Information | business_rules=Products are loaded from the license package. | personas=Inspector | dependencies=Senaei | source_acceptance_criteria=Products displayed successfully.,PHASE2_IPAD_DEFERRED,DEFERRED_TO_PHASE_2_IPAD,MOD-09,PHASE2,/field/**,PHASE2_IPAD_DEFERRED,WA-AC-0211,,,WA-EV-0211,BASELINED_NOT_IMPLEMENTED
CR-212,SRC-CUST-001,c2ab27f60bf697780acf16d2b50f0f359b1bf78c1b89725bad3b1ab3005f04b9,Inspection excution-Start jou,Inspection excution-Start jou!100,Inspection Execution – Physical,Load Raw Materials,Display factory raw materials.,Factory Information,Review raw materials.,Load all synchronized raw materials.,None,Raw Material List,Raw Materials,Read-only until observation is recorded.,Inspector,Senaei,Raw materials displayed correctly.,module=Inspection Execution – Physical | capability=Load Raw Materials | purpose=Display factory raw materials. | user_flow=Factory Information | user_actions=Review raw materials. | system_actions=Load all synchronized raw materials. | ai_actions=None | inputs=Raw Material List | outputs=Raw Materials | business_rules=Read-only until observation is recorded. | personas=Inspector | dependencies=Senaei | source_acceptance_criteria=Raw materials displayed correctly.,PHASE2_IPAD_DEFERRED,DEFERRED_TO_PHASE_2_IPAD,MOD-09,PHASE2,/field/**,PHASE2_IPAD_DEFERRED,WA-AC-0212,,OFFLINE_CONFLICT,WA-EV-0212,BASELINED_NOT_IMPLEMENTED
CR-213,SRC-CUST-001,c2ab27f60bf697780acf16d2b50f0f359b1bf78c1b89725bad3b1ab3005f04b9,Inspection excution-Start jou,Inspection excution-Start jou!101,Inspection Execution – Physical,Load Employees,Display workforce information.,Factory Information,Review employee numbers.,Load employee statistics from Senaei.,None,Employee Data,Workforce Information,Source values remain unchanged during inspection.,Inspector,Senaei,Employee information displayed correctly.,module=Inspection Execution – Physical | capability=Load Employees | purpose=Display workforce information. | user_flow=Factory Information | user_actions=Review employee numbers. | system_actions=Load employee statistics from Senaei. | ai_actions=None | inputs=Employee Data | outputs=Workforce Information | business_rules=Source values remain unchanged during inspection. | personas=Inspector | dependencies=Senaei | source_acceptance_criteria=Employee information displayed correctly.,PHASE2_IPAD_DEFERRED,DEFERRED_TO_PHASE_2_IPAD,MOD-09,PHASE2,/field/**,PHASE2_IPAD_DEFERRED,WA-AC-0213,,,WA-EV-0213,BASELINED_NOT_IMPLEMENTED
CR-214,SRC-CUST-001,c2ab27f60bf697780acf16d2b50f0f359b1bf78c1b89725bad3b1ab3005f04b9,Inspection excution-Start jou,Inspection excution-Start jou!102,Inspection Execution – Physical,Load Investment Information,Display investment profile.,Factory Information,Review investment.,"Display investment size, production capacity and configured industrial indicators.",None,Investment Data,Investment Profile,Read-only source information.,Inspector,Senaei,Investment information displayed correctly.,"module=Inspection Execution – Physical | capability=Load Investment Information | purpose=Display investment profile. | user_flow=Factory Information | user_actions=Review investment. | system_actions=Display investment size, production capacity and configured industrial indicators. | ai_actions=None | inputs=Investment Data | outputs=Investment Profile | business_rules=Read-only source information. | personas=Inspector | dependencies=Senaei | source_acceptance_criteria=Investment information displayed correctly.",PHASE2_IPAD_DEFERRED,DEFERRED_TO_PHASE_2_IPAD,MOD-09,PHASE2,/field/**,PHASE2_IPAD_DEFERRED,WA-AC-0214,,,WA-EV-0214,BASELINED_NOT_IMPLEMENTED
CR-215,SRC-CUST-001,c2ab27f60bf697780acf16d2b50f0f359b1bf78c1b89725bad3b1ab3005f04b9,Inspection excution-Start jou,Inspection excution-Start jou!103,Inspection Execution – Physical,Display Source Value,Clearly identify the official system value.,Factory Information,Review value.,Display every attribute as Source Value (Senaei).,None,Source Data,Source Value,Source values cannot be edited directly.,Inspector,UI Engine,Source values clearly identified.,module=Inspection Execution – Physical | capability=Display Source Value | purpose=Clearly identify the official system value. | user_flow=Factory Information | user_actions=Review value. | system_actions=Display every attribute as Source Value (Senaei). | ai_actions=None | inputs=Source Data | outputs=Source Value | business_rules=Source values cannot be edited directly. | personas=Inspector | dependencies=UI Engine | source_acceptance_criteria=Source values clearly identified.,PHASE2_IPAD_DEFERRED,DEFERRED_TO_PHASE_2_IPAD,MOD-09,PHASE2,/field/**,PHASE2_IPAD_DEFERRED,WA-AC-0215,,,WA-EV-0215,BASELINED_NOT_IMPLEMENTED
CR-216,SRC-CUST-001,c2ab27f60bf697780acf16d2b50f0f359b1bf78c1b89725bad3b1ab3005f04b9,Inspection excution-Start jou,Inspection excution-Start jou!104,Inspection Execution – Physical,Capture Observed Value,Allow inspector to capture observed information.,Verify Field,Enter observed value.,Save inspector observation separately from Senaei data.,None,Inspector Input,Observation,Observation never overwrites source value.,Inspector,Observation Engine,Observation saved successfully.,module=Inspection Execution – Physical | capability=Capture Observed Value | purpose=Allow inspector to capture observed information. | user_flow=Verify Field | user_actions=Enter observed value. | system_actions=Save inspector observation separately from Senaei data. | ai_actions=None | inputs=Inspector Input | outputs=Observation | business_rules=Observation never overwrites source value. | personas=Inspector | dependencies=Observation Engine | source_acceptance_criteria=Observation saved successfully.,PHASE2_IPAD_DEFERRED,DEFERRED_TO_PHASE_2_IPAD,MOD-09,PHASE2,/field/**,PHASE2_IPAD_DEFERRED,WA-AC-0216,,,WA-EV-0216,BASELINED_NOT_IMPLEMENTED
CR-217,SRC-CUST-001,c2ab27f60bf697780acf16d2b50f0f359b1bf78c1b89725bad3b1ab3005f04b9,Inspection excution-Start jou,Inspection excution-Start jou!105,Inspection Execution – Physical,Mark Field as Verified,Confirm that source information matches reality.,Verify Field,Click Verified.,Mark field verification status as Verified.,None,Verification,Verified Record,Verified fields require no observed value.,Inspector,Observation Engine,Verified status recorded.,module=Inspection Execution – Physical | capability=Mark Field as Verified | purpose=Confirm that source information matches reality. | user_flow=Verify Field | user_actions=Click Verified. | system_actions=Mark field verification status as Verified. | ai_actions=None | inputs=Verification | outputs=Verified Record | business_rules=Verified fields require no observed value. | personas=Inspector | dependencies=Observation Engine | source_acceptance_criteria=Verified status recorded.,PHASE2_IPAD_DEFERRED,DEFERRED_TO_PHASE_2_IPAD,MOD-09,PHASE2,/field/**,PHASE2_IPAD_DEFERRED,WA-AC-0217,,,WA-EV-0217,BASELINED_NOT_IMPLEMENTED
CR-218,SRC-CUST-001,c2ab27f60bf697780acf16d2b50f0f359b1bf78c1b89725bad3b1ab3005f04b9,Inspection excution-Start jou,Inspection excution-Start jou!106,Inspection Execution – Physical,Mark Field as Updated,Identify fields where reality differs from Senaei.,Verify Field,Enter new value.,Mark verification status as Updated.,None,Observation,Updated Record,Updated fields require observed value.,Inspector,Observation Engine,Updated status recorded correctly.,module=Inspection Execution – Physical | capability=Mark Field as Updated | purpose=Identify fields where reality differs from Senaei. | user_flow=Verify Field | user_actions=Enter new value. | system_actions=Mark verification status as Updated. | ai_actions=None | inputs=Observation | outputs=Updated Record | business_rules=Updated fields require observed value. | personas=Inspector | dependencies=Observation Engine | source_acceptance_criteria=Updated status recorded correctly.,PHASE2_IPAD_DEFERRED,DEFERRED_TO_PHASE_2_IPAD,MOD-09,PHASE2,/field/**,PHASE2_IPAD_DEFERRED,WA-AC-0218,,,WA-EV-0218,BASELINED_NOT_IMPLEMENTED
CR-219,SRC-CUST-001,c2ab27f60bf697780acf16d2b50f0f359b1bf78c1b89725bad3b1ab3005f04b9,Inspection excution-Start jou,Inspection excution-Start jou!107,Inspection Execution – Physical,Compare Before / After Values,Show differences clearly.,Updated Field,Review values.,Display Source Value vs Observed Value side by side.,None,Observation,Before/After Comparison,Every updated field shall display both values.,"Inspector, Reviewer",Observation Engine,Before/After comparison available.,"module=Inspection Execution – Physical | capability=Compare Before / After Values | purpose=Show differences clearly. | user_flow=Updated Field | user_actions=Review values. | system_actions=Display Source Value vs Observed Value side by side. | ai_actions=None | inputs=Observation | outputs=Before/After Comparison | business_rules=Every updated field shall display both values. | personas=Inspector, Reviewer | dependencies=Observation Engine | source_acceptance_criteria=Before/After comparison available.",PHASE2_IPAD_DEFERRED,DEFERRED_TO_PHASE_2_IPAD,MOD-09,PHASE2,/field/**,PHASE2_IPAD_DEFERRED,WA-AC-0219,,,WA-EV-0219,BASELINED_NOT_IMPLEMENTED
CR-220,SRC-CUST-001,c2ab27f60bf697780acf16d2b50f0f359b1bf78c1b89725bad3b1ab3005f04b9,Inspection excution-Start jou,Inspection excution-Start jou!108,Inspection Execution – Physical,Highlight Updated Fields,Visually distinguish modified information.,Throughout Factory Verification,Review highlights.,Highlight every updated field.,None,Updated Fields,Highlighted UI,Highlights remain visible until submission.,Inspector,UI Engine,Modified fields easily identifiable.,module=Inspection Execution – Physical | capability=Highlight Updated Fields | purpose=Visually distinguish modified information. | user_flow=Throughout Factory Verification | user_actions=Review highlights. | system_actions=Highlight every updated field. | ai_actions=None | inputs=Updated Fields | outputs=Highlighted UI | business_rules=Highlights remain visible until submission. | personas=Inspector | dependencies=UI Engine | source_acceptance_criteria=Modified fields easily identifiable.,PHASE2_IPAD_DEFERRED,DEFERRED_TO_PHASE_2_IPAD,MOD-09,PHASE2,/field/**,PHASE2_IPAD_DEFERRED,WA-AC-0220,,IMMUTABLE_VERSION,WA-EV-0220,BASELINED_NOT_IMPLEMENTED
CR-221,SRC-CUST-001,c2ab27f60bf697780acf16d2b50f0f359b1bf78c1b89725bad3b1ab3005f04b9,Inspection excution-Start jou,Inspection excution-Start jou!109,Inspection Execution – Physical,Attach Evidence to Factory Data,Support observations with evidence.,Updated Field,"Upload Photo, Video, Document or Comment.",Associate evidence with the specific updated field.,None,Media,Linked Evidence,Evidence can be attached to any verified field.,Inspector,Evidence Service,Evidence linked successfully.,"module=Inspection Execution – Physical | capability=Attach Evidence to Factory Data | purpose=Support observations with evidence. | user_flow=Updated Field | user_actions=Upload Photo, Video, Document or Comment. | system_actions=Associate evidence with the specific updated field. | ai_actions=None | inputs=Media | outputs=Linked Evidence | business_rules=Evidence can be attached to any verified field. | personas=Inspector | dependencies=Evidence Service | source_acceptance_criteria=Evidence linked successfully.",PHASE2_IPAD_DEFERRED,DEFERRED_TO_PHASE_2_IPAD,MOD-12,PHASE2,/field/**,PHASE2_IPAD_DEFERRED,WA-AC-0221,,,WA-EV-0221,BASELINED_NOT_IMPLEMENTED
CR-222,SRC-CUST-001,c2ab27f60bf697780acf16d2b50f0f359b1bf78c1b89725bad3b1ab3005f04b9,Inspection excution-Start jou,Inspection excution-Start jou!110,Inspection Execution – Physical,Annotate Evidence,Improve evidence clarity.,Upload Evidence,Draw annotations.,Save annotated image together with the original file.,None,Image,Annotated Evidence,Original evidence shall never be overwritten.,Inspector,Media Service,Annotated evidence stored successfully.,module=Inspection Execution – Physical | capability=Annotate Evidence | purpose=Improve evidence clarity. | user_flow=Upload Evidence | user_actions=Draw annotations. | system_actions=Save annotated image together with the original file. | ai_actions=None | inputs=Image | outputs=Annotated Evidence | business_rules=Original evidence shall never be overwritten. | personas=Inspector | dependencies=Media Service | source_acceptance_criteria=Annotated evidence stored successfully.,PHASE2_IPAD_DEFERRED,DEFERRED_TO_PHASE_2_IPAD,MOD-12,PHASE2,/field/**,PHASE2_IPAD_DEFERRED,WA-AC-0222,,,WA-EV-0222,BASELINED_NOT_IMPLEMENTED
CR-223,SRC-CUST-001,c2ab27f60bf697780acf16d2b50f0f359b1bf78c1b89725bad3b1ab3005f04b9,Inspection excution-Start jou,Inspection excution-Start jou!111,Inspection Execution – Physical,Maintain Change Counter,Track modified fields.,Throughout Verification,Review change counter.,Count all updated factory fields.,None,Updated Fields,Change Counter,Counter updates immediately.,Inspector,Observation Engine,Counter always accurate.,module=Inspection Execution – Physical | capability=Maintain Change Counter | purpose=Track modified fields. | user_flow=Throughout Verification | user_actions=Review change counter. | system_actions=Count all updated factory fields. | ai_actions=None | inputs=Updated Fields | outputs=Change Counter | business_rules=Counter updates immediately. | personas=Inspector | dependencies=Observation Engine | source_acceptance_criteria=Counter always accurate.,PHASE2_IPAD_DEFERRED,DEFERRED_TO_PHASE_2_IPAD,MOD-09,PHASE2,/field/**,PHASE2_IPAD_DEFERRED,WA-AC-0223,,,WA-EV-0223,BASELINED_NOT_IMPLEMENTED
CR-224,SRC-CUST-001,c2ab27f60bf697780acf16d2b50f0f359b1bf78c1b89725bad3b1ab3005f04b9,Inspection excution-Start jou,Inspection excution-Start jou!112,Inspection Execution – Physical,Review Factory Changes,Summarize all modifications.,Review Step,Review changes.,"Display every updated field with Source Value, Observed Value and attached evidence.",None,Observations,Review Summary,Review is read-only.,"Inspector, Reviewer",Review Engine,Review summary complete.,"module=Inspection Execution – Physical | capability=Review Factory Changes | purpose=Summarize all modifications. | user_flow=Review Step | user_actions=Review changes. | system_actions=Display every updated field with Source Value, Observed Value and attached evidence. | ai_actions=None | inputs=Observations | outputs=Review Summary | business_rules=Review is read-only. | personas=Inspector, Reviewer | dependencies=Review Engine | source_acceptance_criteria=Review summary complete.",PHASE2_IPAD_DEFERRED,DEFERRED_TO_PHASE_2_IPAD,MOD-09,PHASE2,/field/**,PHASE2_IPAD_DEFERRED,WA-AC-0224,,,WA-EV-0224,BASELINED_NOT_IMPLEMENTED
CR-225,SRC-CUST-001,c2ab27f60bf697780acf16d2b50f0f359b1bf78c1b89725bad3b1ab3005f04b9,Inspection excution-Start jou,Inspection excution-Start jou!113,Inspection Execution – Physical,Preserve Source Integrity,Protect Senaei master data.,Throughout Verification,None,Prevent any direct update to Senaei during inspection.,None,Observations,Protected Source Data,Source data remains unchanged until future synchronization workflow.,Inspector,Senaei,Master data integrity maintained.,module=Inspection Execution – Physical | capability=Preserve Source Integrity | purpose=Protect Senaei master data. | user_flow=Throughout Verification | user_actions=None | system_actions=Prevent any direct update to Senaei during inspection. | ai_actions=None | inputs=Observations | outputs=Protected Source Data | business_rules=Source data remains unchanged until future synchronization workflow. | personas=Inspector | dependencies=Senaei | source_acceptance_criteria=Master data integrity maintained.,PHASE2_IPAD_DEFERRED,DEFERRED_TO_PHASE_2_IPAD,MOD-09,PHASE2,/field/**,PHASE2_IPAD_DEFERRED,WA-AC-0225,,OFFLINE_CONFLICT,WA-EV-0225,BASELINED_NOT_IMPLEMENTED
CR-226,SRC-CUST-001,c2ab27f60bf697780acf16d2b50f0f359b1bf78c1b89725bad3b1ab3005f04b9,Inspection excution-Start jou,Inspection excution-Start jou!114,Inspection Execution – Physical,Generate Verification Audit,Record every verification activity.,Throughout Verification,None,"Log Verified, Updated, Evidence Added, Comments Added and Before/After values.",None,Verification Events,Audit Log,Every verification action shall be auditable.,"Inspector, Reviewer",Audit Service,Complete audit trail generated.,"module=Inspection Execution – Physical | capability=Generate Verification Audit | purpose=Record every verification activity. | user_flow=Throughout Verification | user_actions=None | system_actions=Log Verified, Updated, Evidence Added, Comments Added and Before/After values. | ai_actions=None | inputs=Verification Events | outputs=Audit Log | business_rules=Every verification action shall be auditable. | personas=Inspector, Reviewer | dependencies=Audit Service | source_acceptance_criteria=Complete audit trail generated.",PHASE2_IPAD_DEFERRED,DEFERRED_TO_PHASE_2_IPAD,MOD-09,PHASE2,/field/**,PHASE2_IPAD_DEFERRED,WA-AC-0226,,AUDIT,WA-EV-0226,BASELINED_NOT_IMPLEMENTED
CR-227,SRC-CUST-001,c2ab27f60bf697780acf16d2b50f0f359b1bf78c1b89725bad3b1ab3005f04b9,Inspection excution-Start jou,Inspection excution-Start jou!115,Inspection Execution – Physical,Handle Verification Errors,Protect inspection consistency.,Any Failure,Retry.,"Handle synchronization failures, invalid observations and evidence failures without losing entered data.",Suggest corrective action if available.,Error Context,Error Response,Verification failures shall never remove inspector observations.,Inspector,Validation Engine,Errors handled without data loss.,"module=Inspection Execution – Physical | capability=Handle Verification Errors | purpose=Protect inspection consistency. | user_flow=Any Failure | user_actions=Retry. | system_actions=Handle synchronization failures, invalid observations and evidence failures without losing entered data. | ai_actions=Suggest corrective action if available. | inputs=Error Context | outputs=Error Response | business_rules=Verification failures shall never remove inspector observations. | personas=Inspector | dependencies=Validation Engine | source_acceptance_criteria=Errors handled without data loss.",PHASE2_IPAD_DEFERRED,DEFERRED_TO_PHASE_2_IPAD,MOD-09,PHASE2,/field/**,PHASE2_IPAD_DEFERRED,WA-AC-0227,,OFFLINE_CONFLICT,WA-EV-0227,BASELINED_NOT_IMPLEMENTED
CR-228,SRC-CUST-001,c2ab27f60bf697780acf16d2b50f0f359b1bf78c1b89725bad3b1ab3005f04b9,Inspection excution-Start jou,Inspection excution-Start jou!116,Inspection Execution – Physical,Load Inspection Report,Load the report assigned to the visit.,Factory Information → Inspection Report,Open Report Step.,Retrieve the report definition selected during Visit Preparation from the Dynamic Form Builder and render the latest locked version included in the inspection package.,None,"Report ID, Locked Package",Inspection Report,Report definition is locked when the inspection starts and cannot change during execution.,Inspector,Dynamic Form Builder,Correct report loads successfully.,"module=Inspection Execution – Physical | capability=Load Inspection Report | purpose=Load the report assigned to the visit. | user_flow=Factory Information → Inspection Report | user_actions=Open Report Step. | system_actions=Retrieve the report definition selected during Visit Preparation from the Dynamic Form Builder and render the latest locked version included in the inspection package. | ai_actions=None | inputs=Report ID, Locked Package | outputs=Inspection Report | business_rules=Report definition is locked when the inspection starts and cannot change during execution. | personas=Inspector | dependencies=Dynamic Form Builder | source_acceptance_criteria=Correct report loads successfully.",PHASE2_IPAD_DEFERRED,DEFERRED_TO_PHASE_2_IPAD,MOD-09,PHASE2,/field/**,PHASE2_IPAD_DEFERRED,WA-AC-0228,,,WA-EV-0228,BASELINED_NOT_IMPLEMENTED
CR-229,SRC-CUST-001,c2ab27f60bf697780acf16d2b50f0f359b1bf78c1b89725bad3b1ab3005f04b9,Inspection excution-Start jou,Inspection excution-Start jou!117,Inspection Execution – Physical,Load Report Metadata,Display report information.,Report Loaded,Review report details.,"Display Report Name, Version, Description, Inspection Type and Last Updated Date.",None,Report Definition,Report Metadata,Report metadata is read-only.,Inspector,Dynamic Form Builder,Metadata displayed correctly.,"module=Inspection Execution – Physical | capability=Load Report Metadata | purpose=Display report information. | user_flow=Report Loaded | user_actions=Review report details. | system_actions=Display Report Name, Version, Description, Inspection Type and Last Updated Date. | ai_actions=None | inputs=Report Definition | outputs=Report Metadata | business_rules=Report metadata is read-only. | personas=Inspector | dependencies=Dynamic Form Builder | source_acceptance_criteria=Metadata displayed correctly.",PHASE2_IPAD_DEFERRED,DEFERRED_TO_PHASE_2_IPAD,MOD-09,PHASE2,/field/**,PHASE2_IPAD_DEFERRED,WA-AC-0229,,,WA-EV-0229,BASELINED_NOT_IMPLEMENTED
CR-230,SRC-CUST-001,c2ab27f60bf697780acf16d2b50f0f359b1bf78c1b89725bad3b1ab3005f04b9,Inspection excution-Start jou,Inspection excution-Start jou!118,Inspection Execution – Physical,Render Report Sections,Display report sections dynamically.,Report Loaded,Navigate between sections.,Render report sections exactly as configured in the Form Builder.,None,Report Definition,Report Sections,Section order follows configuration.,Inspector,Dynamic Form Builder,All configured sections displayed correctly.,module=Inspection Execution – Physical | capability=Render Report Sections | purpose=Display report sections dynamically. | user_flow=Report Loaded | user_actions=Navigate between sections. | system_actions=Render report sections exactly as configured in the Form Builder. | ai_actions=None | inputs=Report Definition | outputs=Report Sections | business_rules=Section order follows configuration. | personas=Inspector | dependencies=Dynamic Form Builder | source_acceptance_criteria=All configured sections displayed correctly.,PHASE2_IPAD_DEFERRED,DEFERRED_TO_PHASE_2_IPAD,MOD-09,PHASE2,/field/**,PHASE2_IPAD_DEFERRED,WA-AC-0230,,,WA-EV-0230,BASELINED_NOT_IMPLEMENTED
CR-231,SRC-CUST-001,c2ab27f60bf697780acf16d2b50f0f359b1bf78c1b89725bad3b1ab3005f04b9,Inspection excution-Start jou,Inspection excution-Start jou!119,Inspection Execution – Physical,Render Dynamic Fields,Display report fields.,Section Opened,Fill field values.,"Render all configured field types including text, number, date, lookup, checkbox, radio button, attachment, image, signature and custom controls.",None,Form Definition,Dynamic Fields,Field behavior is driven entirely by configuration.,Inspector,Dynamic Form Builder,Dynamic fields render successfully.,"module=Inspection Execution – Physical | capability=Render Dynamic Fields | purpose=Display report fields. | user_flow=Section Opened | user_actions=Fill field values. | system_actions=Render all configured field types including text, number, date, lookup, checkbox, radio button, attachment, image, signature and custom controls. | ai_actions=None | inputs=Form Definition | outputs=Dynamic Fields | business_rules=Field behavior is driven entirely by configuration. | personas=Inspector | dependencies=Dynamic Form Builder | source_acceptance_criteria=Dynamic fields render successfully.",PHASE2_IPAD_DEFERRED,DEFERRED_TO_PHASE_2_IPAD,MOD-09,PHASE2,/field/**,PHASE2_IPAD_DEFERRED,WA-AC-0231,,,WA-EV-0231,BASELINED_NOT_IMPLEMENTED
CR-232,SRC-CUST-001,c2ab27f60bf697780acf16d2b50f0f359b1bf78c1b89725bad3b1ab3005f04b9,Inspection excution-Start jou,Inspection excution-Start jou!120,Inspection Execution – Physical,Apply Field Visibility Rules,Display only applicable fields.,While Completing Report,Complete report.,Evaluate conditional visibility rules configured in the Form Builder.,None,Previous Answers,Visible Fields,Hidden fields are excluded from validation.,Inspector,Rule Engine,Visibility rules applied correctly.,module=Inspection Execution – Physical | capability=Apply Field Visibility Rules | purpose=Display only applicable fields. | user_flow=While Completing Report | user_actions=Complete report. | system_actions=Evaluate conditional visibility rules configured in the Form Builder. | ai_actions=None | inputs=Previous Answers | outputs=Visible Fields | business_rules=Hidden fields are excluded from validation. | personas=Inspector | dependencies=Rule Engine | source_acceptance_criteria=Visibility rules applied correctly.,PHASE2_IPAD_DEFERRED,DEFERRED_TO_PHASE_2_IPAD,MOD-09,PHASE2,/field/**,PHASE2_IPAD_DEFERRED,WA-AC-0232,,,WA-EV-0232,BASELINED_NOT_IMPLEMENTED
CR-233,SRC-CUST-001,c2ab27f60bf697780acf16d2b50f0f359b1bf78c1b89725bad3b1ab3005f04b9,Inspection excution-Start jou,Inspection excution-Start jou!121,Inspection Execution – Physical,Apply Mandatory Rules,Validate mandatory fields.,Save / Next,Complete mandatory fields.,Validate mandatory fields according to Form Builder configuration.,None,Field Values,Validation Result,Mandatory rules are configuration-driven.,Inspector,Validation Engine,Missing mandatory fields block progression.,module=Inspection Execution – Physical | capability=Apply Mandatory Rules | purpose=Validate mandatory fields. | user_flow=Save / Next | user_actions=Complete mandatory fields. | system_actions=Validate mandatory fields according to Form Builder configuration. | ai_actions=None | inputs=Field Values | outputs=Validation Result | business_rules=Mandatory rules are configuration-driven. | personas=Inspector | dependencies=Validation Engine | source_acceptance_criteria=Missing mandatory fields block progression.,PHASE2_IPAD_DEFERRED,DEFERRED_TO_PHASE_2_IPAD,MOD-09,PHASE2,/field/**,PHASE2_IPAD_DEFERRED,WA-AC-0233,,,WA-EV-0233,BASELINED_NOT_IMPLEMENTED
CR-234,SRC-CUST-001,c2ab27f60bf697780acf16d2b50f0f359b1bf78c1b89725bad3b1ab3005f04b9,Inspection excution-Start jou,Inspection excution-Start jou!122,Inspection Execution – Physical,Apply Conditional Validation,Execute advanced field validation.,While Completing Report,Enter values.,"Execute conditional validations, value ranges, dependencies and custom validation rules configured in the Form Builder.",None,Field Values,Validation Result,Validation follows configured business rules only.,Inspector,Rule Engine,Conditional validations execute successfully.,"module=Inspection Execution – Physical | capability=Apply Conditional Validation | purpose=Execute advanced field validation. | user_flow=While Completing Report | user_actions=Enter values. | system_actions=Execute conditional validations, value ranges, dependencies and custom validation rules configured in the Form Builder. | ai_actions=None | inputs=Field Values | outputs=Validation Result | business_rules=Validation follows configured business rules only. | personas=Inspector | dependencies=Rule Engine | source_acceptance_criteria=Conditional validations execute successfully.",PHASE2_IPAD_DEFERRED,DEFERRED_TO_PHASE_2_IPAD,MOD-09,PHASE2,/field/**,PHASE2_IPAD_DEFERRED,WA-AC-0234,,,WA-EV-0234,BASELINED_NOT_IMPLEMENTED
CR-235,SRC-CUST-001,c2ab27f60bf697780acf16d2b50f0f359b1bf78c1b89725bad3b1ab3005f04b9,Inspection excution-Start jou,Inspection excution-Start jou!123,Inspection Execution – Physical,Capture Report Responses,Save report responses.,During Report Completion,Enter values.,Store responses continuously as part of the active inspection session.,None,User Inputs,Report Responses,Responses belong to the current inspection version only.,Inspector,Draft Service,Responses saved correctly.,module=Inspection Execution – Physical | capability=Capture Report Responses | purpose=Save report responses. | user_flow=During Report Completion | user_actions=Enter values. | system_actions=Store responses continuously as part of the active inspection session. | ai_actions=None | inputs=User Inputs | outputs=Report Responses | business_rules=Responses belong to the current inspection version only. | personas=Inspector | dependencies=Draft Service | source_acceptance_criteria=Responses saved correctly.,PHASE2_IPAD_DEFERRED,DEFERRED_TO_PHASE_2_IPAD,MOD-09,PHASE2,/field/**,PHASE2_IPAD_DEFERRED,WA-AC-0235,,,WA-EV-0235,BASELINED_NOT_IMPLEMENTED
CR-236,SRC-CUST-001,c2ab27f60bf697780acf16d2b50f0f359b1bf78c1b89725bad3b1ab3005f04b9,Inspection excution-Start jou,Inspection excution-Start jou!124,Inspection Execution – Physical,Attach Evidence to Report Fields,Support report responses with evidence.,During Report Completion,"Upload Photo, Video, Document or Comment.",Link uploaded evidence to the corresponding report field.,None,Media Files,Report Evidence,Evidence remains attached to the originating field.,Inspector,Evidence Service,Evidence linked successfully.,"module=Inspection Execution – Physical | capability=Attach Evidence to Report Fields | purpose=Support report responses with evidence. | user_flow=During Report Completion | user_actions=Upload Photo, Video, Document or Comment. | system_actions=Link uploaded evidence to the corresponding report field. | ai_actions=None | inputs=Media Files | outputs=Report Evidence | business_rules=Evidence remains attached to the originating field. | personas=Inspector | dependencies=Evidence Service | source_acceptance_criteria=Evidence linked successfully.",PHASE2_IPAD_DEFERRED,DEFERRED_TO_PHASE_2_IPAD,MOD-12,PHASE2,/field/**,PHASE2_IPAD_DEFERRED,WA-AC-0236,,,WA-EV-0236,BASELINED_NOT_IMPLEMENTED
CR-237,SRC-CUST-001,c2ab27f60bf697780acf16d2b50f0f359b1bf78c1b89725bad3b1ab3005f04b9,Inspection excution-Start jou,Inspection excution-Start jou!125,Inspection Execution – Physical,Annotate Report Evidence,Improve clarity of captured evidence.,Evidence Uploaded,Annotate image.,Store annotated version while preserving the original file.,None,Image,Annotated Evidence,Original image shall never be modified.,Inspector,Media Service,Annotation stored successfully.,module=Inspection Execution – Physical | capability=Annotate Report Evidence | purpose=Improve clarity of captured evidence. | user_flow=Evidence Uploaded | user_actions=Annotate image. | system_actions=Store annotated version while preserving the original file. | ai_actions=None | inputs=Image | outputs=Annotated Evidence | business_rules=Original image shall never be modified. | personas=Inspector | dependencies=Media Service | source_acceptance_criteria=Annotation stored successfully.,PHASE2_IPAD_DEFERRED,DEFERRED_TO_PHASE_2_IPAD,MOD-12,PHASE2,/field/**,PHASE2_IPAD_DEFERRED,WA-AC-0237,,,WA-EV-0237,BASELINED_NOT_IMPLEMENTED
CR-238,SRC-CUST-001,c2ab27f60bf697780acf16d2b50f0f359b1bf78c1b89725bad3b1ab3005f04b9,Inspection excution-Start jou,Inspection excution-Start jou!126,Inspection Execution – Physical,Save Draft Report,Preserve incomplete report progress.,Any Time,Save Draft.,"Save current responses, uploaded evidence and completed sections.",None,Report Session,Draft Report,Draft remains editable until submission.,Inspector,Draft Service,Draft restored successfully.,"module=Inspection Execution – Physical | capability=Save Draft Report | purpose=Preserve incomplete report progress. | user_flow=Any Time | user_actions=Save Draft. | system_actions=Save current responses, uploaded evidence and completed sections. | ai_actions=None | inputs=Report Session | outputs=Draft Report | business_rules=Draft remains editable until submission. | personas=Inspector | dependencies=Draft Service | source_acceptance_criteria=Draft restored successfully.",PHASE2_IPAD_DEFERRED,DEFERRED_TO_PHASE_2_IPAD,MOD-09,PHASE2,/field/**,PHASE2_IPAD_DEFERRED,WA-AC-0238,,IMMUTABLE_VERSION,WA-EV-0238,BASELINED_NOT_IMPLEMENTED
CR-239,SRC-CUST-001,c2ab27f60bf697780acf16d2b50f0f359b1bf78c1b89725bad3b1ab3005f04b9,Inspection excution-Start jou,Inspection excution-Start jou!127,Inspection Execution – Physical,Auto Save Report,Prevent data loss.,During Completion,Continue working.,Automatically save report after configurable intervals and significant changes.,None,Report Responses,Updated Draft,Auto Save runs silently in the background.,Inspector,Draft Service,No entered data is lost.,module=Inspection Execution – Physical | capability=Auto Save Report | purpose=Prevent data loss. | user_flow=During Completion | user_actions=Continue working. | system_actions=Automatically save report after configurable intervals and significant changes. | ai_actions=None | inputs=Report Responses | outputs=Updated Draft | business_rules=Auto Save runs silently in the background. | personas=Inspector | dependencies=Draft Service | source_acceptance_criteria=No entered data is lost.,PHASE2_IPAD_DEFERRED,DEFERRED_TO_PHASE_2_IPAD,MOD-09,PHASE2,/field/**,PHASE2_IPAD_DEFERRED,WA-AC-0239,,,WA-EV-0239,BASELINED_NOT_IMPLEMENTED
CR-240,SRC-CUST-001,c2ab27f60bf697780acf16d2b50f0f359b1bf78c1b89725bad3b1ab3005f04b9,Inspection excution-Start jou,Inspection excution-Start jou!128,Inspection Execution – Physical,Calculate Report Completion,Measure report completion.,During Completion,Complete report.,Calculate completed vs pending report fields and update overall wizard progress.,None,Report State,Completion Percentage,Completion contributes to overall inspection progress.,Inspector,Progress Engine,Completion calculated accurately.,module=Inspection Execution – Physical | capability=Calculate Report Completion | purpose=Measure report completion. | user_flow=During Completion | user_actions=Complete report. | system_actions=Calculate completed vs pending report fields and update overall wizard progress. | ai_actions=None | inputs=Report State | outputs=Completion Percentage | business_rules=Completion contributes to overall inspection progress. | personas=Inspector | dependencies=Progress Engine | source_acceptance_criteria=Completion calculated accurately.,PHASE2_IPAD_DEFERRED,DEFERRED_TO_PHASE_2_IPAD,MOD-09,PHASE2,/field/**,PHASE2_IPAD_DEFERRED,WA-AC-0240,,,WA-EV-0240,BASELINED_NOT_IMPLEMENTED
CR-241,SRC-CUST-001,c2ab27f60bf697780acf16d2b50f0f359b1bf78c1b89725bad3b1ab3005f04b9,Inspection excution-Start jou,Inspection excution-Start jou!129,Inspection Execution – Physical,Review Report Summary,Display report completion overview.,Leave Report Step,Review summary.,"Display completed sections, pending fields and attached evidence summary.",None,Report Responses,Report Summary,Summary is informational before submission.,Inspector,Review Engine,Summary generated successfully.,"module=Inspection Execution – Physical | capability=Review Report Summary | purpose=Display report completion overview. | user_flow=Leave Report Step | user_actions=Review summary. | system_actions=Display completed sections, pending fields and attached evidence summary. | ai_actions=None | inputs=Report Responses | outputs=Report Summary | business_rules=Summary is informational before submission. | personas=Inspector | dependencies=Review Engine | source_acceptance_criteria=Summary generated successfully.",PHASE2_IPAD_DEFERRED,DEFERRED_TO_PHASE_2_IPAD,MOD-09,PHASE2,/field/**,PHASE2_IPAD_DEFERRED,WA-AC-0241,,IMMUTABLE_VERSION,WA-EV-0241,BASELINED_NOT_IMPLEMENTED
CR-242,SRC-CUST-001,c2ab27f60bf697780acf16d2b50f0f359b1bf78c1b89725bad3b1ab3005f04b9,Inspection excution-Start jou,Inspection excution-Start jou!130,Inspection Execution – Physical,Lock Report After Submission,Prevent further report modifications.,Inspection Submitted,View Report.,Render report in read-only mode after submission.,None,Submitted Inspection,Locked Report,Report becomes immutable immediately after submission.,"Inspector, Reviewer",Workflow Engine,Report cannot be modified after submission.,"module=Inspection Execution – Physical | capability=Lock Report After Submission | purpose=Prevent further report modifications. | user_flow=Inspection Submitted | user_actions=View Report. | system_actions=Render report in read-only mode after submission. | ai_actions=None | inputs=Submitted Inspection | outputs=Locked Report | business_rules=Report becomes immutable immediately after submission. | personas=Inspector, Reviewer | dependencies=Workflow Engine | source_acceptance_criteria=Report cannot be modified after submission.",PHASE2_IPAD_DEFERRED,DEFERRED_TO_PHASE_2_IPAD,MOD-09,PHASE2,/field/**,PHASE2_IPAD_DEFERRED,WA-AC-0242,,IMMUTABLE_VERSION,WA-EV-0242,BASELINED_NOT_IMPLEMENTED
CR-243,SRC-CUST-001,c2ab27f60bf697780acf16d2b50f0f359b1bf78c1b89725bad3b1ab3005f04b9,Inspection excution-Start jou,Inspection excution-Start jou!131,Inspection Execution – Physical,Generate Report Audit Events,Maintain complete report history.,Throughout Report Completion,None,"Record report opened, section completed, field updated, evidence uploaded, draft saved, resumed and completed events.",None,Report Events,Audit Timeline,Every report interaction shall be auditable.,"Inspector, Reviewer",Audit Service,Audit trail contains all report activities.,"module=Inspection Execution – Physical | capability=Generate Report Audit Events | purpose=Maintain complete report history. | user_flow=Throughout Report Completion | user_actions=None | system_actions=Record report opened, section completed, field updated, evidence uploaded, draft saved, resumed and completed events. | ai_actions=None | inputs=Report Events | outputs=Audit Timeline | business_rules=Every report interaction shall be auditable. | personas=Inspector, Reviewer | dependencies=Audit Service | source_acceptance_criteria=Audit trail contains all report activities.",PHASE2_IPAD_DEFERRED,DEFERRED_TO_PHASE_2_IPAD,MOD-09,PHASE2,/field/**,PHASE2_IPAD_DEFERRED,WA-AC-0243,,AUDIT,WA-EV-0243,BASELINED_NOT_IMPLEMENTED
CR-244,SRC-CUST-001,c2ab27f60bf697780acf16d2b50f0f359b1bf78c1b89725bad3b1ab3005f04b9,Inspection excution-Start jou,Inspection excution-Start jou!132,Inspection Execution – Physical,Handle Report Errors,Prevent report data corruption.,Any Failure,Retry.,"Handle rendering failures, validation failures, save failures and evidence upload failures while preserving entered information.",Suggest corrective action where applicable.,Error Context,Error Response,Report failures shall never cause data loss or inconsistent inspection state.,Inspector,"Validation Engine, Draft Service",Report recovers gracefully after failures.,"module=Inspection Execution – Physical | capability=Handle Report Errors | purpose=Prevent report data corruption. | user_flow=Any Failure | user_actions=Retry. | system_actions=Handle rendering failures, validation failures, save failures and evidence upload failures while preserving entered information. | ai_actions=Suggest corrective action where applicable. | inputs=Error Context | outputs=Error Response | business_rules=Report failures shall never cause data loss or inconsistent inspection state. | personas=Inspector | dependencies=Validation Engine, Draft Service | source_acceptance_criteria=Report recovers gracefully after failures.",PHASE2_IPAD_DEFERRED,DEFERRED_TO_PHASE_2_IPAD,MOD-09,PHASE2,/field/**,PHASE2_IPAD_DEFERRED,WA-AC-0244,,,WA-EV-0244,BASELINED_NOT_IMPLEMENTED
CR-245,SRC-CUST-001,c2ab27f60bf697780acf16d2b50f0f359b1bf78c1b89725bad3b1ab3005f04b9,Inspection excution-Start jou,Inspection excution-Start jou!133,Inspection Execution – Physical,Load Inspection Checklist,Load the inspection checklist configured for the selected inspection report.,Inspection Report → Inspection Checklist,Open Checklist Step.,Load all configured inspection items from Compliance Configuration according to the selected Report Type.,None,Report Type,Inspection Checklist,Checklist is loaded from the locked inspection package.,Inspector,Compliance Configuration,Correct checklist is displayed.,module=Inspection Execution – Physical | capability=Load Inspection Checklist | purpose=Load the inspection checklist configured for the selected inspection report. | user_flow=Inspection Report → Inspection Checklist | user_actions=Open Checklist Step. | system_actions=Load all configured inspection items from Compliance Configuration according to the selected Report Type. | ai_actions=None | inputs=Report Type | outputs=Inspection Checklist | business_rules=Checklist is loaded from the locked inspection package. | personas=Inspector | dependencies=Compliance Configuration | source_acceptance_criteria=Correct checklist is displayed.,PHASE2_IPAD_DEFERRED,DEFERRED_TO_PHASE_2_IPAD,MOD-09,PHASE2,/field/**,PHASE2_IPAD_DEFERRED,WA-AC-0245,,,WA-EV-0245,BASELINED_NOT_IMPLEMENTED
CR-246,SRC-CUST-001,c2ab27f60bf697780acf16d2b50f0f359b1bf78c1b89725bad3b1ab3005f04b9,Inspection excution-Start jou,Inspection excution-Start jou!134,Inspection Execution – Physical,Load Inspection Categories,Organize checklist into logical sections.,Checklist Loaded,Expand / Collapse Categories.,Display checklist grouped by configured categories and subcategories.,None,Checklist,Categorized Checklist,Category sequence follows configuration.,Inspector,Compliance Configuration,Categories displayed correctly.,module=Inspection Execution – Physical | capability=Load Inspection Categories | purpose=Organize checklist into logical sections. | user_flow=Checklist Loaded | user_actions=Expand / Collapse Categories. | system_actions=Display checklist grouped by configured categories and subcategories. | ai_actions=None | inputs=Checklist | outputs=Categorized Checklist | business_rules=Category sequence follows configuration. | personas=Inspector | dependencies=Compliance Configuration | source_acceptance_criteria=Categories displayed correctly.,PHASE2_IPAD_DEFERRED,DEFERRED_TO_PHASE_2_IPAD,MOD-09,PHASE2,/field/**,PHASE2_IPAD_DEFERRED,WA-AC-0246,,,WA-EV-0246,BASELINED_NOT_IMPLEMENTED
CR-247,SRC-CUST-001,c2ab27f60bf697780acf16d2b50f0f359b1bf78c1b89725bad3b1ab3005f04b9,Inspection excution-Start jou,Inspection excution-Start jou!135,Inspection Execution – Physical,Load Required Inspection Items,Display mandatory inspection items.,Category Opened,Answer Item.,Mark configured mandatory items.,None,Configuration,Required Items,Mandatory items cannot be skipped.,Inspector,Rule Engine,Mandatory items clearly identified.,module=Inspection Execution – Physical | capability=Load Required Inspection Items | purpose=Display mandatory inspection items. | user_flow=Category Opened | user_actions=Answer Item. | system_actions=Mark configured mandatory items. | ai_actions=None | inputs=Configuration | outputs=Required Items | business_rules=Mandatory items cannot be skipped. | personas=Inspector | dependencies=Rule Engine | source_acceptance_criteria=Mandatory items clearly identified.,PHASE2_IPAD_DEFERRED,DEFERRED_TO_PHASE_2_IPAD,MOD-09,PHASE2,/field/**,PHASE2_IPAD_DEFERRED,WA-AC-0247,,,WA-EV-0247,BASELINED_NOT_IMPLEMENTED
CR-248,SRC-CUST-001,c2ab27f60bf697780acf16d2b50f0f359b1bf78c1b89725bad3b1ab3005f04b9,Inspection excution-Start jou,Inspection excution-Start jou!136,Inspection Execution – Physical,Load Optional Inspection Items,Display optional inspection items.,Category Opened,Answer or Skip.,Display optional items.,None,Configuration,Optional Items,Optional items may remain unanswered.,Inspector,Rule Engine,Optional items identified correctly.,module=Inspection Execution – Physical | capability=Load Optional Inspection Items | purpose=Display optional inspection items. | user_flow=Category Opened | user_actions=Answer or Skip. | system_actions=Display optional items. | ai_actions=None | inputs=Configuration | outputs=Optional Items | business_rules=Optional items may remain unanswered. | personas=Inspector | dependencies=Rule Engine | source_acceptance_criteria=Optional items identified correctly.,PHASE2_IPAD_DEFERRED,DEFERRED_TO_PHASE_2_IPAD,MOD-09,PHASE2,/field/**,PHASE2_IPAD_DEFERRED,WA-AC-0248,,,WA-EV-0248,BASELINED_NOT_IMPLEMENTED
CR-249,SRC-CUST-001,c2ab27f60bf697780acf16d2b50f0f359b1bf78c1b89725bad3b1ab3005f04b9,Inspection excution-Start jou,Inspection excution-Start jou!137,Inspection Execution – Physical,Load Previous Inspection Answers,Display historical inspection responses.,Item Opened,Review previous answer.,Load latest approved answer from previous inspections for comparison.,Highlight previously non-compliant items.,Factory History,Previous Responses,Historical answers are read-only.,Inspector,Inspection Repository,Previous answers displayed successfully.,module=Inspection Execution – Physical | capability=Load Previous Inspection Answers | purpose=Display historical inspection responses. | user_flow=Item Opened | user_actions=Review previous answer. | system_actions=Load latest approved answer from previous inspections for comparison. | ai_actions=Highlight previously non-compliant items. | inputs=Factory History | outputs=Previous Responses | business_rules=Historical answers are read-only. | personas=Inspector | dependencies=Inspection Repository | source_acceptance_criteria=Previous answers displayed successfully.,PHASE2_IPAD_DEFERRED,DEFERRED_TO_PHASE_2_IPAD,MOD-09,PHASE2,/field/**,PHASE2_IPAD_DEFERRED,WA-AC-0249,,,WA-EV-0249,BASELINED_NOT_IMPLEMENTED
CR-250,SRC-CUST-001,c2ab27f60bf697780acf16d2b50f0f359b1bf78c1b89725bad3b1ab3005f04b9,Inspection excution-Start jou,Inspection excution-Start jou!138,Inspection Execution – Physical,Load Previous Evidence,Display historical inspection evidence.,Item Opened,Review evidence.,Load previous inspection photos and attachments.,None,Previous Inspection,Historical Evidence,Historical evidence is read-only.,Inspector,Evidence Repository,Historical evidence displayed correctly.,module=Inspection Execution – Physical | capability=Load Previous Evidence | purpose=Display historical inspection evidence. | user_flow=Item Opened | user_actions=Review evidence. | system_actions=Load previous inspection photos and attachments. | ai_actions=None | inputs=Previous Inspection | outputs=Historical Evidence | business_rules=Historical evidence is read-only. | personas=Inspector | dependencies=Evidence Repository | source_acceptance_criteria=Historical evidence displayed correctly.,PHASE2_IPAD_DEFERRED,DEFERRED_TO_PHASE_2_IPAD,MOD-12,PHASE2,/field/**,PHASE2_IPAD_DEFERRED,WA-AC-0250,,,WA-EV-0250,BASELINED_NOT_IMPLEMENTED
CR-251,SRC-CUST-001,c2ab27f60bf697780acf16d2b50f0f359b1bf78c1b89725bad3b1ab3005f04b9,Inspection excution-Start jou,Inspection excution-Start jou!139,Inspection Execution – Physical,Display Inspection Item Details,Present complete inspection requirement.,Item Opened,Review item.,"Display Item Name, Description, Regulation Reference, Evidence Requirements, Guidance Notes and Response Type.",Explain requirement (future AI).,Inspection Item,Inspection Item Details,Item details are configuration-driven.,Inspector,Compliance Configuration,Inspector has complete inspection context.,"module=Inspection Execution – Physical | capability=Display Inspection Item Details | purpose=Present complete inspection requirement. | user_flow=Item Opened | user_actions=Review item. | system_actions=Display Item Name, Description, Regulation Reference, Evidence Requirements, Guidance Notes and Response Type. | ai_actions=Explain requirement (future AI). | inputs=Inspection Item | outputs=Inspection Item Details | business_rules=Item details are configuration-driven. | personas=Inspector | dependencies=Compliance Configuration | source_acceptance_criteria=Inspector has complete inspection context.",PHASE2_IPAD_DEFERRED,DEFERRED_TO_PHASE_2_IPAD,MOD-09,PHASE2,/field/**,PHASE2_IPAD_DEFERRED,WA-AC-0251,,,WA-EV-0251,BASELINED_NOT_IMPLEMENTED
CR-252,SRC-CUST-001,c2ab27f60bf697780acf16d2b50f0f359b1bf78c1b89725bad3b1ab3005f04b9,Inspection excution-Start jou,Inspection excution-Start jou!140,Inspection Execution – Physical,Capture Inspection Response,Record inspector answer.,Answer Item,Select response.,Save selected response for the inspection item.,None,Inspector Response,Recorded Response,Only configured response values are allowed.,Inspector,Checklist Engine,Response saved successfully.,module=Inspection Execution – Physical | capability=Capture Inspection Response | purpose=Record inspector answer. | user_flow=Answer Item | user_actions=Select response. | system_actions=Save selected response for the inspection item. | ai_actions=None | inputs=Inspector Response | outputs=Recorded Response | business_rules=Only configured response values are allowed. | personas=Inspector | dependencies=Checklist Engine | source_acceptance_criteria=Response saved successfully.,PHASE2_IPAD_DEFERRED,DEFERRED_TO_PHASE_2_IPAD,MOD-09,PHASE2,/field/**,PHASE2_IPAD_DEFERRED,WA-AC-0252,,,WA-EV-0252,BASELINED_NOT_IMPLEMENTED
CR-253,SRC-CUST-001,c2ab27f60bf697780acf16d2b50f0f359b1bf78c1b89725bad3b1ab3005f04b9,Inspection excution-Start jou,Inspection excution-Start jou!141,Inspection Execution – Physical,Apply Response Validation,Validate response before saving.,Save Response,Complete response.,Validate response according to configured response type and business rules.,None,Response,Validation Result,Invalid responses cannot be saved.,Inspector,Validation Engine,Validation executes correctly.,module=Inspection Execution – Physical | capability=Apply Response Validation | purpose=Validate response before saving. | user_flow=Save Response | user_actions=Complete response. | system_actions=Validate response according to configured response type and business rules. | ai_actions=None | inputs=Response | outputs=Validation Result | business_rules=Invalid responses cannot be saved. | personas=Inspector | dependencies=Validation Engine | source_acceptance_criteria=Validation executes correctly.,PHASE2_IPAD_DEFERRED,DEFERRED_TO_PHASE_2_IPAD,MOD-09,PHASE2,/field/**,PHASE2_IPAD_DEFERRED,WA-AC-0253,,,WA-EV-0253,BASELINED_NOT_IMPLEMENTED
CR-254,SRC-CUST-001,c2ab27f60bf697780acf16d2b50f0f359b1bf78c1b89725bad3b1ab3005f04b9,Inspection excution-Start jou,Inspection excution-Start jou!142,Inspection Execution – Physical,Evaluate Compliance Result,Determine compliance outcome.,Response Saved,None,Evaluate whether response is Compliant or Non-Compliant based on configured rules.,None,Response,Compliance Result,Evaluation is automatic.,Inspector,Rule Engine,Compliance calculated correctly.,module=Inspection Execution – Physical | capability=Evaluate Compliance Result | purpose=Determine compliance outcome. | user_flow=Response Saved | user_actions=None | system_actions=Evaluate whether response is Compliant or Non-Compliant based on configured rules. | ai_actions=None | inputs=Response | outputs=Compliance Result | business_rules=Evaluation is automatic. | personas=Inspector | dependencies=Rule Engine | source_acceptance_criteria=Compliance calculated correctly.,PHASE2_IPAD_DEFERRED,DEFERRED_TO_PHASE_2_IPAD,MOD-09,PHASE2,/field/**,PHASE2_IPAD_DEFERRED,WA-AC-0254,,,WA-EV-0254,BASELINED_NOT_IMPLEMENTED
CR-255,SRC-CUST-001,c2ab27f60bf697780acf16d2b50f0f359b1bf78c1b89725bad3b1ab3005f04b9,Inspection excution-Start jou,Inspection excution-Start jou!143,Inspection Execution – Physical,Generate Violation,Automatically generate violation when applicable.,Non-Compliant Response,None,Retrieve linked violation from Compliance Configuration.,None,Compliance Result,Violation,Inspector cannot modify generated violation.,Inspector,Compliance Configuration,Correct violation generated automatically.,module=Inspection Execution – Physical | capability=Generate Violation | purpose=Automatically generate violation when applicable. | user_flow=Non-Compliant Response | user_actions=None | system_actions=Retrieve linked violation from Compliance Configuration. | ai_actions=None | inputs=Compliance Result | outputs=Violation | business_rules=Inspector cannot modify generated violation. | personas=Inspector | dependencies=Compliance Configuration | source_acceptance_criteria=Correct violation generated automatically.,PHASE2_IPAD_DEFERRED,DEFERRED_TO_PHASE_2_IPAD,MOD-12,PHASE2,/field/**,PHASE2_IPAD_DEFERRED,WA-AC-0255,,,WA-EV-0255,BASELINED_NOT_IMPLEMENTED
CR-256,SRC-CUST-001,c2ab27f60bf697780acf16d2b50f0f359b1bf78c1b89725bad3b1ab3005f04b9,Inspection excution-Start jou,Inspection excution-Start jou!144,Inspection Execution – Physical,Display Penalty,Display applicable penalty.,Violation Generated,Review penalty.,Display configured penalty linked to the generated violation.,None,Violation,Penalty,Penalty is informational during inspection.,Inspector,Compliance Configuration,Correct penalty displayed.,module=Inspection Execution – Physical | capability=Display Penalty | purpose=Display applicable penalty. | user_flow=Violation Generated | user_actions=Review penalty. | system_actions=Display configured penalty linked to the generated violation. | ai_actions=None | inputs=Violation | outputs=Penalty | business_rules=Penalty is informational during inspection. | personas=Inspector | dependencies=Compliance Configuration | source_acceptance_criteria=Correct penalty displayed.,PHASE2_IPAD_DEFERRED,DEFERRED_TO_PHASE_2_IPAD,MOD-12,PHASE2,/field/**,PHASE2_IPAD_DEFERRED,WA-AC-0256,,,WA-EV-0256,BASELINED_NOT_IMPLEMENTED
CR-257,SRC-CUST-001,c2ab27f60bf697780acf16d2b50f0f359b1bf78c1b89725bad3b1ab3005f04b9,Inspection excution-Start jou,Inspection excution-Start jou!145,Inspection Execution – Physical,Display Corrective Action,Display required corrective action.,Violation Generated,Review corrective action.,Display configured corrective action associated with the generated violation.,None,Violation,Corrective Action,Corrective action is read-only.,Inspector,Compliance Configuration,Correct corrective action displayed.,module=Inspection Execution – Physical | capability=Display Corrective Action | purpose=Display required corrective action. | user_flow=Violation Generated | user_actions=Review corrective action. | system_actions=Display configured corrective action associated with the generated violation. | ai_actions=None | inputs=Violation | outputs=Corrective Action | business_rules=Corrective action is read-only. | personas=Inspector | dependencies=Compliance Configuration | source_acceptance_criteria=Correct corrective action displayed.,PHASE2_IPAD_DEFERRED,DEFERRED_TO_PHASE_2_IPAD,MOD-09,PHASE2,/field/**,PHASE2_IPAD_DEFERRED,WA-AC-0257,,,WA-EV-0257,BASELINED_NOT_IMPLEMENTED
CR-258,SRC-CUST-001,c2ab27f60bf697780acf16d2b50f0f359b1bf78c1b89725bad3b1ab3005f04b9,Inspection excution-Start jou,Inspection excution-Start jou!146,Inspection Execution – Physical,Capture Inspector Comments,Record additional findings.,Item Completed,Enter comments.,Save inspector comments linked to the inspection item.,None,Comments,Inspector Notes,Comments remain editable until submission.,Inspector,Checklist Engine,Comments stored successfully.,module=Inspection Execution – Physical | capability=Capture Inspector Comments | purpose=Record additional findings. | user_flow=Item Completed | user_actions=Enter comments. | system_actions=Save inspector comments linked to the inspection item. | ai_actions=None | inputs=Comments | outputs=Inspector Notes | business_rules=Comments remain editable until submission. | personas=Inspector | dependencies=Checklist Engine | source_acceptance_criteria=Comments stored successfully.,PHASE2_IPAD_DEFERRED,DEFERRED_TO_PHASE_2_IPAD,MOD-09,PHASE2,/field/**,PHASE2_IPAD_DEFERRED,WA-AC-0258,,IMMUTABLE_VERSION,WA-EV-0258,BASELINED_NOT_IMPLEMENTED
CR-259,SRC-CUST-001,c2ab27f60bf697780acf16d2b50f0f359b1bf78c1b89725bad3b1ab3005f04b9,Inspection excution-Start jou,Inspection excution-Start jou!147,Inspection Execution – Physical,Attach Evidence to Inspection Item,Support findings with evidence.,Item Completed,"Upload Photo, Video, Document or Comment.",Link uploaded evidence to the inspection item.,None,Media,Item Evidence,Evidence remains attached to originating inspection item.,Inspector,Evidence Service,Evidence linked correctly.,"module=Inspection Execution – Physical | capability=Attach Evidence to Inspection Item | purpose=Support findings with evidence. | user_flow=Item Completed | user_actions=Upload Photo, Video, Document or Comment. | system_actions=Link uploaded evidence to the inspection item. | ai_actions=None | inputs=Media | outputs=Item Evidence | business_rules=Evidence remains attached to originating inspection item. | personas=Inspector | dependencies=Evidence Service | source_acceptance_criteria=Evidence linked correctly.",PHASE2_IPAD_DEFERRED,DEFERRED_TO_PHASE_2_IPAD,MOD-12,PHASE2,/field/**,PHASE2_IPAD_DEFERRED,WA-AC-0259,,,WA-EV-0259,BASELINED_NOT_IMPLEMENTED
CR-260,SRC-CUST-001,c2ab27f60bf697780acf16d2b50f0f359b1bf78c1b89725bad3b1ab3005f04b9,Inspection excution-Start jou,Inspection excution-Start jou!148,Inspection Execution – Physical,Annotate Inspection Evidence,Improve evidence quality.,Evidence Uploaded,Annotate image.,Save annotation while preserving original media.,None,Image,Annotated Evidence,Original evidence remains unchanged.,Inspector,Media Service,Annotation stored successfully.,module=Inspection Execution – Physical | capability=Annotate Inspection Evidence | purpose=Improve evidence quality. | user_flow=Evidence Uploaded | user_actions=Annotate image. | system_actions=Save annotation while preserving original media. | ai_actions=None | inputs=Image | outputs=Annotated Evidence | business_rules=Original evidence remains unchanged. | personas=Inspector | dependencies=Media Service | source_acceptance_criteria=Annotation stored successfully.,PHASE2_IPAD_DEFERRED,DEFERRED_TO_PHASE_2_IPAD,MOD-12,PHASE2,/field/**,PHASE2_IPAD_DEFERRED,WA-AC-0260,,,WA-EV-0260,BASELINED_NOT_IMPLEMENTED
CR-261,SRC-CUST-001,c2ab27f60bf697780acf16d2b50f0f359b1bf78c1b89725bad3b1ab3005f04b9,Inspection excution-Start jou,Inspection excution-Start jou!149,Inspection Execution – Physical,Track Checklist Progress,Display checklist completion.,Throughout Checklist,View progress.,Calculate completed items versus remaining items.,None,Responses,Checklist Progress,Progress contributes to overall inspection completion.,Inspector,Progress Engine,Progress displayed accurately.,module=Inspection Execution – Physical | capability=Track Checklist Progress | purpose=Display checklist completion. | user_flow=Throughout Checklist | user_actions=View progress. | system_actions=Calculate completed items versus remaining items. | ai_actions=None | inputs=Responses | outputs=Checklist Progress | business_rules=Progress contributes to overall inspection completion. | personas=Inspector | dependencies=Progress Engine | source_acceptance_criteria=Progress displayed accurately.,PHASE2_IPAD_DEFERRED,DEFERRED_TO_PHASE_2_IPAD,MOD-09,PHASE2,/field/**,PHASE2_IPAD_DEFERRED,WA-AC-0261,,,WA-EV-0261,BASELINED_NOT_IMPLEMENTED
CR-262,SRC-CUST-001,c2ab27f60bf697780acf16d2b50f0f359b1bf78c1b89725bad3b1ab3005f04b9,Inspection excution-Start jou,Inspection excution-Start jou!150,Inspection Execution – Physical,Review Checklist Summary,Summarize inspection findings.,Leave Checklist Step,Review summary.,"Display total answered items, pending items, compliant items, non-compliant items, violations and evidence count.",Highlight critical findings.,Checklist Responses,Checklist Summary,Summary updates dynamically.,Inspector,Review Engine,Summary reflects actual inspection state.,"module=Inspection Execution – Physical | capability=Review Checklist Summary | purpose=Summarize inspection findings. | user_flow=Leave Checklist Step | user_actions=Review summary. | system_actions=Display total answered items, pending items, compliant items, non-compliant items, violations and evidence count. | ai_actions=Highlight critical findings. | inputs=Checklist Responses | outputs=Checklist Summary | business_rules=Summary updates dynamically. | personas=Inspector | dependencies=Review Engine | source_acceptance_criteria=Summary reflects actual inspection state.",PHASE2_IPAD_DEFERRED,DEFERRED_TO_PHASE_2_IPAD,MOD-09,PHASE2,/field/**,PHASE2_IPAD_DEFERRED,WA-AC-0262,,,WA-EV-0262,BASELINED_NOT_IMPLEMENTED
CR-263,SRC-CUST-001,c2ab27f60bf697780acf16d2b50f0f359b1bf78c1b89725bad3b1ab3005f04b9,Inspection excution-Start jou,Inspection excution-Start jou!151,Inspection Execution – Physical,Save Checklist Draft,Preserve checklist progress.,Any Time,Save Draft.,"Save responses, comments and evidence.",None,Checklist,Draft Checklist,Draft remains editable before submission.,Inspector,Draft Service,Draft restored successfully.,"module=Inspection Execution – Physical | capability=Save Checklist Draft | purpose=Preserve checklist progress. | user_flow=Any Time | user_actions=Save Draft. | system_actions=Save responses, comments and evidence. | ai_actions=None | inputs=Checklist | outputs=Draft Checklist | business_rules=Draft remains editable before submission. | personas=Inspector | dependencies=Draft Service | source_acceptance_criteria=Draft restored successfully.",PHASE2_IPAD_DEFERRED,DEFERRED_TO_PHASE_2_IPAD,MOD-09,PHASE2,/field/**,PHASE2_IPAD_DEFERRED,WA-AC-0263,,IMMUTABLE_VERSION,WA-EV-0263,BASELINED_NOT_IMPLEMENTED
CR-264,SRC-CUST-001,c2ab27f60bf697780acf16d2b50f0f359b1bf78c1b89725bad3b1ab3005f04b9,Inspection excution-Start jou,Inspection excution-Start jou!152,Inspection Execution – Physical,Lock Checklist After Submission,Protect completed inspection.,Submitted,View checklist.,Render checklist in read-only mode after submission.,None,Submitted Inspection,Locked Checklist,Checklist becomes immutable after submission.,"Inspector, Reviewer",Workflow Engine,Checklist cannot be modified after submission.,"module=Inspection Execution – Physical | capability=Lock Checklist After Submission | purpose=Protect completed inspection. | user_flow=Submitted | user_actions=View checklist. | system_actions=Render checklist in read-only mode after submission. | ai_actions=None | inputs=Submitted Inspection | outputs=Locked Checklist | business_rules=Checklist becomes immutable after submission. | personas=Inspector, Reviewer | dependencies=Workflow Engine | source_acceptance_criteria=Checklist cannot be modified after submission.",PHASE2_IPAD_DEFERRED,DEFERRED_TO_PHASE_2_IPAD,MOD-09,PHASE2,/field/**,PHASE2_IPAD_DEFERRED,WA-AC-0264,,IMMUTABLE_VERSION,WA-EV-0264,BASELINED_NOT_IMPLEMENTED
CR-265,SRC-CUST-001,c2ab27f60bf697780acf16d2b50f0f359b1bf78c1b89725bad3b1ab3005f04b9,Inspection excution-Start jou,Inspection excution-Start jou!153,Inspection Execution – Physical,Generate Checklist Audit Events,Maintain complete inspection history.,Throughout Checklist,None,"Record item opened, answer changed, violation generated, evidence uploaded, comments added, draft saved and completed events.",None,Checklist Events,Audit Timeline,Every checklist action shall be auditable.,"Inspector, Reviewer",Audit Service,Audit history complete.,"module=Inspection Execution – Physical | capability=Generate Checklist Audit Events | purpose=Maintain complete inspection history. | user_flow=Throughout Checklist | user_actions=None | system_actions=Record item opened, answer changed, violation generated, evidence uploaded, comments added, draft saved and completed events. | ai_actions=None | inputs=Checklist Events | outputs=Audit Timeline | business_rules=Every checklist action shall be auditable. | personas=Inspector, Reviewer | dependencies=Audit Service | source_acceptance_criteria=Audit history complete.",PHASE2_IPAD_DEFERRED,DEFERRED_TO_PHASE_2_IPAD,MOD-09,PHASE2,/field/**,PHASE2_IPAD_DEFERRED,WA-AC-0265,,AUDIT,WA-EV-0265,BASELINED_NOT_IMPLEMENTED
CR-266,SRC-CUST-001,c2ab27f60bf697780acf16d2b50f0f359b1bf78c1b89725bad3b1ab3005f04b9,Inspection excution-Start jou,Inspection excution-Start jou!154,Inspection Execution – Physical,Handle Checklist Errors,Prevent data loss during inspection.,Any Failure,Retry.,"Handle validation failures, save failures, evidence upload failures and synchronization failures while preserving entered information.",Suggest corrective action where applicable.,Error Context,Error Response,No checklist data shall be lost because of recoverable failures.,Inspector,"Validation Engine, Draft Service",Checklist remains recoverable after failures.,"module=Inspection Execution – Physical | capability=Handle Checklist Errors | purpose=Prevent data loss during inspection. | user_flow=Any Failure | user_actions=Retry. | system_actions=Handle validation failures, save failures, evidence upload failures and synchronization failures while preserving entered information. | ai_actions=Suggest corrective action where applicable. | inputs=Error Context | outputs=Error Response | business_rules=No checklist data shall be lost because of recoverable failures. | personas=Inspector | dependencies=Validation Engine, Draft Service | source_acceptance_criteria=Checklist remains recoverable after failures.",PHASE2_IPAD_DEFERRED,DEFERRED_TO_PHASE_2_IPAD,MOD-09,PHASE2,/field/**,PHASE2_IPAD_DEFERRED,WA-AC-0266,,OFFLINE_CONFLICT,WA-EV-0266,BASELINED_NOT_IMPLEMENTED
CR-267,SRC-CUST-001,c2ab27f60bf697780acf16d2b50f0f359b1bf78c1b89725bad3b1ab3005f04b9,Inspection excution-Start jou,Inspection excution-Start jou!155,Inspection Execution – Physical,Upload Evidence,Allow inspector to upload inspection evidence.,Any Execution Step,"Upload Photo, Video or Document.",Upload and associate evidence with the active inspection session.,None,Media File,Uploaded Evidence,Evidence can be uploaded from any execution step.,Inspector,Media Service,Evidence uploaded successfully.,"module=Inspection Execution – Physical | capability=Upload Evidence | purpose=Allow inspector to upload inspection evidence. | user_flow=Any Execution Step | user_actions=Upload Photo, Video or Document. | system_actions=Upload and associate evidence with the active inspection session. | ai_actions=None | inputs=Media File | outputs=Uploaded Evidence | business_rules=Evidence can be uploaded from any execution step. | personas=Inspector | dependencies=Media Service | source_acceptance_criteria=Evidence uploaded successfully.",PHASE2_IPAD_DEFERRED,DEFERRED_TO_PHASE_2_IPAD,MOD-12,PHASE2,/field/**,PHASE2_IPAD_DEFERRED,WA-AC-0267,,,WA-EV-0267,BASELINED_NOT_IMPLEMENTED
CR-268,SRC-CUST-001,c2ab27f60bf697780acf16d2b50f0f359b1bf78c1b89725bad3b1ab3005f04b9,Inspection excution-Start jou,Inspection excution-Start jou!156,Inspection Execution – Physical,Select Evidence Source,Capture how evidence was obtained.,Upload Evidence,"Select Camera, Gallery or File.",Display supported evidence sources.,None,User Selection,Selected Source,Supported sources are configurable.,Inspector,Device Services,Selected source opened successfully.,"module=Inspection Execution – Physical | capability=Select Evidence Source | purpose=Capture how evidence was obtained. | user_flow=Upload Evidence | user_actions=Select Camera, Gallery or File. | system_actions=Display supported evidence sources. | ai_actions=None | inputs=User Selection | outputs=Selected Source | business_rules=Supported sources are configurable. | personas=Inspector | dependencies=Device Services | source_acceptance_criteria=Selected source opened successfully.",PHASE2_IPAD_DEFERRED,DEFERRED_TO_PHASE_2_IPAD,MOD-12,PHASE2,/field/**,PHASE2_IPAD_DEFERRED,WA-AC-0268,,,WA-EV-0268,BASELINED_NOT_IMPLEMENTED
CR-269,SRC-CUST-001,c2ab27f60bf697780acf16d2b50f0f359b1bf78c1b89725bad3b1ab3005f04b9,Inspection excution-Start jou,Inspection excution-Start jou!157,Inspection Execution – Physical,Capture Photo,Capture inspection photo.,Upload Evidence,Take Photo.,Launch device camera and capture image.,None,Camera,Photo,Original photo retained.,Inspector,Camera Service,Photo stored successfully.,module=Inspection Execution – Physical | capability=Capture Photo | purpose=Capture inspection photo. | user_flow=Upload Evidence | user_actions=Take Photo. | system_actions=Launch device camera and capture image. | ai_actions=None | inputs=Camera | outputs=Photo | business_rules=Original photo retained. | personas=Inspector | dependencies=Camera Service | source_acceptance_criteria=Photo stored successfully.,PHASE2_IPAD_DEFERRED,DEFERRED_TO_PHASE_2_IPAD,MOD-09,PHASE2,/field/**,PHASE2_IPAD_DEFERRED,WA-AC-0269,,,WA-EV-0269,BASELINED_NOT_IMPLEMENTED
CR-270,SRC-CUST-001,c2ab27f60bf697780acf16d2b50f0f359b1bf78c1b89725bad3b1ab3005f04b9,Inspection excution-Start jou,Inspection excution-Start jou!158,Inspection Execution – Physical,Capture Video,Capture inspection video.,Upload Evidence,Record Video.,Launch video recorder and capture video.,None,Camera,Video,Maximum recording duration configurable.,Inspector,Camera Service,Video uploaded successfully.,module=Inspection Execution – Physical | capability=Capture Video | purpose=Capture inspection video. | user_flow=Upload Evidence | user_actions=Record Video. | system_actions=Launch video recorder and capture video. | ai_actions=None | inputs=Camera | outputs=Video | business_rules=Maximum recording duration configurable. | personas=Inspector | dependencies=Camera Service | source_acceptance_criteria=Video uploaded successfully.,PHASE2_IPAD_DEFERRED,DEFERRED_TO_PHASE_2_IPAD,MOD-09,PHASE2,/field/**,PHASE2_IPAD_DEFERRED,WA-AC-0270,,,WA-EV-0270,BASELINED_NOT_IMPLEMENTED
CR-271,SRC-CUST-001,c2ab27f60bf697780acf16d2b50f0f359b1bf78c1b89725bad3b1ab3005f04b9,Inspection excution-Start jou,Inspection excution-Start jou!159,Inspection Execution – Physical,Upload Document,Attach supporting document.,Upload Evidence,Select Document.,Upload supported document types.,None,File,Document,Allowed extensions configured centrally.,Inspector,Storage Service,Document uploaded successfully.,module=Inspection Execution – Physical | capability=Upload Document | purpose=Attach supporting document. | user_flow=Upload Evidence | user_actions=Select Document. | system_actions=Upload supported document types. | ai_actions=None | inputs=File | outputs=Document | business_rules=Allowed extensions configured centrally. | personas=Inspector | dependencies=Storage Service | source_acceptance_criteria=Document uploaded successfully.,PHASE2_IPAD_DEFERRED,DEFERRED_TO_PHASE_2_IPAD,MOD-09,PHASE2,/field/**,PHASE2_IPAD_DEFERRED,WA-AC-0271,,,WA-EV-0271,BASELINED_NOT_IMPLEMENTED
CR-272,SRC-CUST-001,c2ab27f60bf697780acf16d2b50f0f359b1bf78c1b89725bad3b1ab3005f04b9,Inspection excution-Start jou,Inspection excution-Start jou!160,Inspection Execution – Physical,Add Evidence Comment,Describe the uploaded evidence.,Evidence Uploaded,Enter Comment.,Store comment with evidence record.,None,Comment,Evidence Comment,Comment length configurable.,Inspector,Evidence Repository,Comment stored successfully.,module=Inspection Execution – Physical | capability=Add Evidence Comment | purpose=Describe the uploaded evidence. | user_flow=Evidence Uploaded | user_actions=Enter Comment. | system_actions=Store comment with evidence record. | ai_actions=None | inputs=Comment | outputs=Evidence Comment | business_rules=Comment length configurable. | personas=Inspector | dependencies=Evidence Repository | source_acceptance_criteria=Comment stored successfully.,PHASE2_IPAD_DEFERRED,DEFERRED_TO_PHASE_2_IPAD,MOD-12,PHASE2,/field/**,PHASE2_IPAD_DEFERRED,WA-AC-0272,,,WA-EV-0272,BASELINED_NOT_IMPLEMENTED
CR-273,SRC-CUST-001,c2ab27f60bf697780acf16d2b50f0f359b1bf78c1b89725bad3b1ab3005f04b9,Inspection excution-Start jou,Inspection excution-Start jou!161,Inspection Execution – Physical,Annotate Image,Highlight important findings.,Photo Uploaded,Draw Annotation.,Save annotation layer while preserving original image.,None,Image,Annotated Image,Original evidence shall never be modified.,Inspector,Media Editor,Annotation saved successfully.,module=Inspection Execution – Physical | capability=Annotate Image | purpose=Highlight important findings. | user_flow=Photo Uploaded | user_actions=Draw Annotation. | system_actions=Save annotation layer while preserving original image. | ai_actions=None | inputs=Image | outputs=Annotated Image | business_rules=Original evidence shall never be modified. | personas=Inspector | dependencies=Media Editor | source_acceptance_criteria=Annotation saved successfully.,PHASE2_IPAD_DEFERRED,DEFERRED_TO_PHASE_2_IPAD,MOD-09,PHASE2,/field/**,PHASE2_IPAD_DEFERRED,WA-AC-0273,,,WA-EV-0273,BASELINED_NOT_IMPLEMENTED
CR-274,SRC-CUST-001,c2ab27f60bf697780acf16d2b50f0f359b1bf78c1b89725bad3b1ab3005f04b9,Inspection excution-Start jou,Inspection excution-Start jou!162,Inspection Execution – Physical,Link Evidence,Associate evidence with inspection context.,Evidence Uploaded,None,"Link evidence to Factory Information, Report Field, Inspection Item, Violation or Action Form.",None,Evidence,Evidence Relationship,One evidence item may be linked to multiple entities if configured.,Inspector,Evidence Engine,Evidence linked correctly.,"module=Inspection Execution – Physical | capability=Link Evidence | purpose=Associate evidence with inspection context. | user_flow=Evidence Uploaded | user_actions=None | system_actions=Link evidence to Factory Information, Report Field, Inspection Item, Violation or Action Form. | ai_actions=None | inputs=Evidence | outputs=Evidence Relationship | business_rules=One evidence item may be linked to multiple entities if configured. | personas=Inspector | dependencies=Evidence Engine | source_acceptance_criteria=Evidence linked correctly.",PHASE2_IPAD_DEFERRED,DEFERRED_TO_PHASE_2_IPAD,MOD-12,PHASE2,/field/**,PHASE2_IPAD_DEFERRED,WA-AC-0274,,,WA-EV-0274,BASELINED_NOT_IMPLEMENTED
CR-275,SRC-CUST-001,c2ab27f60bf697780acf16d2b50f0f359b1bf78c1b89725bad3b1ab3005f04b9,Inspection excution-Start jou,Inspection excution-Start jou!163,Inspection Execution – Physical,Preview Evidence,Allow inspector to review uploaded evidence.,Evidence List,Open Evidence.,Display preview according to file type.,None,Evidence,Preview,Preview does not modify evidence.,Inspector,Viewer,Evidence preview available.,module=Inspection Execution – Physical | capability=Preview Evidence | purpose=Allow inspector to review uploaded evidence. | user_flow=Evidence List | user_actions=Open Evidence. | system_actions=Display preview according to file type. | ai_actions=None | inputs=Evidence | outputs=Preview | business_rules=Preview does not modify evidence. | personas=Inspector | dependencies=Viewer | source_acceptance_criteria=Evidence preview available.,PHASE2_IPAD_DEFERRED,DEFERRED_TO_PHASE_2_IPAD,MOD-12,PHASE2,/field/**,PHASE2_IPAD_DEFERRED,WA-AC-0275,,,WA-EV-0275,BASELINED_NOT_IMPLEMENTED
CR-276,SRC-CUST-001,c2ab27f60bf697780acf16d2b50f0f359b1bf78c1b89725bad3b1ab3005f04b9,Inspection excution-Start jou,Inspection excution-Start jou!164,Inspection Execution – Physical,Replace Evidence,Replace incorrect evidence before submission.,Evidence List,Replace File.,Archive previous version and upload replacement.,None,New File,Updated Evidence,Replacement allowed only before submission.,Inspector,Versioning Engine,Previous version retained in audit.,module=Inspection Execution – Physical | capability=Replace Evidence | purpose=Replace incorrect evidence before submission. | user_flow=Evidence List | user_actions=Replace File. | system_actions=Archive previous version and upload replacement. | ai_actions=None | inputs=New File | outputs=Updated Evidence | business_rules=Replacement allowed only before submission. | personas=Inspector | dependencies=Versioning Engine | source_acceptance_criteria=Previous version retained in audit.,PHASE2_IPAD_DEFERRED,DEFERRED_TO_PHASE_2_IPAD,MOD-12,PHASE2,/field/**,PHASE2_IPAD_DEFERRED,WA-AC-0276,,AUDIT;IMMUTABLE_VERSION,WA-EV-0276,BASELINED_NOT_IMPLEMENTED
CR-277,SRC-CUST-001,c2ab27f60bf697780acf16d2b50f0f359b1bf78c1b89725bad3b1ab3005f04b9,Inspection excution-Start jou,Inspection excution-Start jou!165,Inspection Execution – Physical,Delete Evidence,Remove unnecessary evidence before submission.,Evidence List,Delete Evidence.,Remove evidence from inspection package while recording audit event.,None,Evidence,Updated Package,Deletion allowed only before submission.,Inspector,Audit Service,Evidence removed successfully.,module=Inspection Execution – Physical | capability=Delete Evidence | purpose=Remove unnecessary evidence before submission. | user_flow=Evidence List | user_actions=Delete Evidence. | system_actions=Remove evidence from inspection package while recording audit event. | ai_actions=None | inputs=Evidence | outputs=Updated Package | business_rules=Deletion allowed only before submission. | personas=Inspector | dependencies=Audit Service | source_acceptance_criteria=Evidence removed successfully.,PHASE2_IPAD_DEFERRED,DEFERRED_TO_PHASE_2_IPAD,MOD-12,PHASE2,/field/**,PHASE2_IPAD_DEFERRED,WA-AC-0277,,AUDIT;IMMUTABLE_VERSION,WA-EV-0277,BASELINED_NOT_IMPLEMENTED
CR-278,SRC-CUST-001,c2ab27f60bf697780acf16d2b50f0f359b1bf78c1b89725bad3b1ab3005f04b9,Inspection excution-Start jou,Inspection excution-Start jou!166,Inspection Execution – Physical,Validate Evidence,Ensure evidence satisfies business rules.,Save / Submit,None,"Validate mandatory evidence, file type, file size and supported formats.",None,Uploaded Evidence,Validation Result,Submission blocked if mandatory evidence is missing.,Inspector,Validation Engine,Validation performed successfully.,"module=Inspection Execution – Physical | capability=Validate Evidence | purpose=Ensure evidence satisfies business rules. | user_flow=Save / Submit | user_actions=None | system_actions=Validate mandatory evidence, file type, file size and supported formats. | ai_actions=None | inputs=Uploaded Evidence | outputs=Validation Result | business_rules=Submission blocked if mandatory evidence is missing. | personas=Inspector | dependencies=Validation Engine | source_acceptance_criteria=Validation performed successfully.",PHASE2_IPAD_DEFERRED,DEFERRED_TO_PHASE_2_IPAD,MOD-12,PHASE2,/field/**,PHASE2_IPAD_DEFERRED,WA-AC-0278,,IMMUTABLE_VERSION,WA-EV-0278,BASELINED_NOT_IMPLEMENTED
CR-279,SRC-CUST-001,c2ab27f60bf697780acf16d2b50f0f359b1bf78c1b89725bad3b1ab3005f04b9,Inspection excution-Start jou,Inspection excution-Start jou!167,Inspection Execution – Physical,Compress Media,Optimize uploaded media.,Upload Completed,None,Compress images and videos before synchronization without compromising required quality.,None,Media,Optimized Media,Original quality policy configurable.,Inspector,Media Service,Media optimized successfully.,module=Inspection Execution – Physical | capability=Compress Media | purpose=Optimize uploaded media. | user_flow=Upload Completed | user_actions=None | system_actions=Compress images and videos before synchronization without compromising required quality. | ai_actions=None | inputs=Media | outputs=Optimized Media | business_rules=Original quality policy configurable. | personas=Inspector | dependencies=Media Service | source_acceptance_criteria=Media optimized successfully.,PHASE2_IPAD_DEFERRED,DEFERRED_TO_PHASE_2_IPAD,MOD-09,PHASE2,/field/**,PHASE2_IPAD_DEFERRED,WA-AC-0279,,OFFLINE_CONFLICT,WA-EV-0279,BASELINED_NOT_IMPLEMENTED
CR-280,SRC-CUST-001,c2ab27f60bf697780acf16d2b50f0f359b1bf78c1b89725bad3b1ab3005f04b9,Inspection excution-Start jou,Inspection excution-Start jou!168,Inspection Execution – Physical,Offline Evidence Storage,Preserve evidence while offline.,Offline Mode,Continue Upload.,Store evidence securely on device until synchronization.,None,Media,Offline Evidence Queue,Evidence remains available after application restart.,Inspector,Offline Sync,Offline evidence retained successfully.,module=Inspection Execution – Physical | capability=Offline Evidence Storage | purpose=Preserve evidence while offline. | user_flow=Offline Mode | user_actions=Continue Upload. | system_actions=Store evidence securely on device until synchronization. | ai_actions=None | inputs=Media | outputs=Offline Evidence Queue | business_rules=Evidence remains available after application restart. | personas=Inspector | dependencies=Offline Sync | source_acceptance_criteria=Offline evidence retained successfully.,PHASE2_IPAD_DEFERRED,DEFERRED_TO_PHASE_2_IPAD,MOD-12,PHASE2,/field/**,PHASE2_IPAD_DEFERRED,WA-AC-0280,,OFFLINE_CONFLICT,WA-EV-0280,BASELINED_NOT_IMPLEMENTED
CR-281,SRC-CUST-001,c2ab27f60bf697780acf16d2b50f0f359b1bf78c1b89725bad3b1ab3005f04b9,Inspection excution-Start jou,Inspection excution-Start jou!169,Inspection Execution – Physical,Synchronize Evidence,Upload offline evidence after connectivity returns.,Online Restored,None,Synchronize queued evidence while preserving relationships.,None,Offline Queue,Synchronized Evidence,Synchronization order shall be maintained.,Inspector,Synchronization Engine,Offline evidence synchronized successfully.,module=Inspection Execution – Physical | capability=Synchronize Evidence | purpose=Upload offline evidence after connectivity returns. | user_flow=Online Restored | user_actions=None | system_actions=Synchronize queued evidence while preserving relationships. | ai_actions=None | inputs=Offline Queue | outputs=Synchronized Evidence | business_rules=Synchronization order shall be maintained. | personas=Inspector | dependencies=Synchronization Engine | source_acceptance_criteria=Offline evidence synchronized successfully.,PHASE2_IPAD_DEFERRED,DEFERRED_TO_PHASE_2_IPAD,MOD-12,PHASE2,/field/**,PHASE2_IPAD_DEFERRED,WA-AC-0281,,OFFLINE_CONFLICT,WA-EV-0281,BASELINED_NOT_IMPLEMENTED
CR-282,SRC-CUST-001,c2ab27f60bf697780acf16d2b50f0f359b1bf78c1b89725bad3b1ab3005f04b9,Inspection excution-Start jou,Inspection excution-Start jou!170,Inspection Execution – Physical,Generate Evidence Audit,Record evidence lifecycle.,Throughout Inspection,None,"Record upload, replace, delete, preview, annotation and synchronization events.",None,Evidence Events,Audit Timeline,Every evidence action shall be auditable.,"Inspector, Reviewer",Audit Service,Complete evidence history available.,"module=Inspection Execution – Physical | capability=Generate Evidence Audit | purpose=Record evidence lifecycle. | user_flow=Throughout Inspection | user_actions=None | system_actions=Record upload, replace, delete, preview, annotation and synchronization events. | ai_actions=None | inputs=Evidence Events | outputs=Audit Timeline | business_rules=Every evidence action shall be auditable. | personas=Inspector, Reviewer | dependencies=Audit Service | source_acceptance_criteria=Complete evidence history available.",PHASE2_IPAD_DEFERRED,DEFERRED_TO_PHASE_2_IPAD,MOD-12,PHASE2,/field/**,PHASE2_IPAD_DEFERRED,WA-AC-0282,,AUDIT;OFFLINE_CONFLICT,WA-EV-0282,BASELINED_NOT_IMPLEMENTED
CR-283,SRC-CUST-001,c2ab27f60bf697780acf16d2b50f0f359b1bf78c1b89725bad3b1ab3005f04b9,Inspection excution-Start jou,Inspection excution-Start jou!171,Inspection Execution – Physical,Handle Evidence Errors,Prevent evidence loss.,Any Failure,Retry Upload.,"Handle upload failures, synchronization failures, storage failures and unsupported formats without losing existing evidence.",Suggest corrective actions when appropriate.,Error Context,Error Response,Evidence integrity maintained after failures.,Inspector,"Storage, Sync Engine",No uploaded evidence is lost because of recoverable failures.,"module=Inspection Execution – Physical | capability=Handle Evidence Errors | purpose=Prevent evidence loss. | user_flow=Any Failure | user_actions=Retry Upload. | system_actions=Handle upload failures, synchronization failures, storage failures and unsupported formats without losing existing evidence. | ai_actions=Suggest corrective actions when appropriate. | inputs=Error Context | outputs=Error Response | business_rules=Evidence integrity maintained after failures. | personas=Inspector | dependencies=Storage, Sync Engine | source_acceptance_criteria=No uploaded evidence is lost because of recoverable failures.",PHASE2_IPAD_DEFERRED,DEFERRED_TO_PHASE_2_IPAD,MOD-12,PHASE2,/field/**,PHASE2_IPAD_DEFERRED,WA-AC-0283,,OFFLINE_CONFLICT,WA-EV-0283,BASELINED_NOT_IMPLEMENTED
CR-284,SRC-CUST-001,c2ab27f60bf697780acf16d2b50f0f359b1bf78c1b89725bad3b1ab3005f04b9,Inspection excution-Start jou,Inspection excution-Start jou!172,Inspection Execution – Physical,Evaluate Action Form Triggers,Determine whether an Action Form should be generated.,Inspection Item Completed,None,Evaluate configured trigger rules after each inspection response.,None,"Inspection Response, Violation",Trigger Decision,Trigger evaluation occurs immediately after each answer.,Inspector,Compliance Configuration,Action Form decision generated correctly.,"module=Inspection Execution – Physical | capability=Evaluate Action Form Triggers | purpose=Determine whether an Action Form should be generated. | user_flow=Inspection Item Completed | user_actions=None | system_actions=Evaluate configured trigger rules after each inspection response. | ai_actions=None | inputs=Inspection Response, Violation | outputs=Trigger Decision | business_rules=Trigger evaluation occurs immediately after each answer. | personas=Inspector | dependencies=Compliance Configuration | source_acceptance_criteria=Action Form decision generated correctly.",PHASE2_IPAD_DEFERRED,DEFERRED_TO_PHASE_2_IPAD,MOD-12,PHASE2,/field/**,PHASE2_IPAD_DEFERRED,WA-AC-0284,,,WA-EV-0284,BASELINED_NOT_IMPLEMENTED
CR-285,SRC-CUST-001,c2ab27f60bf697780acf16d2b50f0f359b1bf78c1b89725bad3b1ab3005f04b9,Inspection excution-Start jou,Inspection excution-Start jou!173,Inspection Execution – Physical,Generate Action Form,Automatically create Action Form instances.,Trigger Approved,None,Create Action Form from Dynamic Form Builder using configured template.,None,Form Template,Action Form,Generated forms belong only to the current inspection.,Inspector,Dynamic Form Builder,Correct Action Form generated.,module=Inspection Execution – Physical | capability=Generate Action Form | purpose=Automatically create Action Form instances. | user_flow=Trigger Approved | user_actions=None | system_actions=Create Action Form from Dynamic Form Builder using configured template. | ai_actions=None | inputs=Form Template | outputs=Action Form | business_rules=Generated forms belong only to the current inspection. | personas=Inspector | dependencies=Dynamic Form Builder | source_acceptance_criteria=Correct Action Form generated.,PHASE2_IPAD_DEFERRED,DEFERRED_TO_PHASE_2_IPAD,MOD-12,PHASE2,/field/**,PHASE2_IPAD_DEFERRED,WA-AC-0285,,,WA-EV-0285,BASELINED_NOT_IMPLEMENTED
CR-286,SRC-CUST-001,c2ab27f60bf697780acf16d2b50f0f359b1bf78c1b89725bad3b1ab3005f04b9,Inspection excution-Start jou,Inspection excution-Start jou!174,Inspection Execution – Physical,Assign Action Form Type,Identify the purpose of each generated form.,Form Generated,None,"Assign configured form type (Corrective Action, Notice, Acknowledgment, Shutdown, etc.).",None,Configuration,Form Type,Form type is configuration-driven.,Inspector,Form Builder,Correct form type assigned.,"module=Inspection Execution – Physical | capability=Assign Action Form Type | purpose=Identify the purpose of each generated form. | user_flow=Form Generated | user_actions=None | system_actions=Assign configured form type (Corrective Action, Notice, Acknowledgment, Shutdown, etc.). | ai_actions=None | inputs=Configuration | outputs=Form Type | business_rules=Form type is configuration-driven. | personas=Inspector | dependencies=Form Builder | source_acceptance_criteria=Correct form type assigned.",PHASE2_IPAD_DEFERRED,DEFERRED_TO_PHASE_2_IPAD,MOD-12,PHASE2,/field/**,PHASE2_IPAD_DEFERRED,WA-AC-0286,,,WA-EV-0286,BASELINED_NOT_IMPLEMENTED
CR-287,SRC-CUST-001,c2ab27f60bf697780acf16d2b50f0f359b1bf78c1b89725bad3b1ab3005f04b9,Inspection excution-Start jou,Inspection excution-Start jou!175,Inspection Execution – Physical,Load Action Form,Display Action Form to the inspector.,Wizard → Action Forms,Open Form.,Load dynamic fields and sections according to configuration.,None,Generated Form,Action Form UI,Forms are loaded from the locked package version.,Inspector,Dynamic Form Builder,Form displayed successfully.,module=Inspection Execution – Physical | capability=Load Action Form | purpose=Display Action Form to the inspector. | user_flow=Wizard → Action Forms | user_actions=Open Form. | system_actions=Load dynamic fields and sections according to configuration. | ai_actions=None | inputs=Generated Form | outputs=Action Form UI | business_rules=Forms are loaded from the locked package version. | personas=Inspector | dependencies=Dynamic Form Builder | source_acceptance_criteria=Form displayed successfully.,PHASE2_IPAD_DEFERRED,DEFERRED_TO_PHASE_2_IPAD,MOD-12,PHASE2,/field/**,PHASE2_IPAD_DEFERRED,WA-AC-0287,,,WA-EV-0287,BASELINED_NOT_IMPLEMENTED
CR-288,SRC-CUST-001,c2ab27f60bf697780acf16d2b50f0f359b1bf78c1b89725bad3b1ab3005f04b9,Inspection excution-Start jou,Inspection excution-Start jou!176,Inspection Execution – Physical,Render Dynamic Form Fields,Display configurable fields.,Form Loaded,Complete fields.,"Render text, number, lookup, date, attachment, signature and custom controls.",None,Form Definition,Dynamic Fields,Field rendering follows Form Builder configuration.,Inspector,Dynamic Form Builder,Fields rendered correctly.,"module=Inspection Execution – Physical | capability=Render Dynamic Form Fields | purpose=Display configurable fields. | user_flow=Form Loaded | user_actions=Complete fields. | system_actions=Render text, number, lookup, date, attachment, signature and custom controls. | ai_actions=None | inputs=Form Definition | outputs=Dynamic Fields | business_rules=Field rendering follows Form Builder configuration. | personas=Inspector | dependencies=Dynamic Form Builder | source_acceptance_criteria=Fields rendered correctly.",PHASE2_IPAD_DEFERRED,DEFERRED_TO_PHASE_2_IPAD,MOD-09,PHASE2,/field/**,PHASE2_IPAD_DEFERRED,WA-AC-0288,,,WA-EV-0288,BASELINED_NOT_IMPLEMENTED
CR-289,SRC-CUST-001,c2ab27f60bf697780acf16d2b50f0f359b1bf78c1b89725bad3b1ab3005f04b9,Inspection excution-Start jou,Inspection excution-Start jou!177,Inspection Execution – Physical,Apply Conditional Visibility,Show only applicable fields.,Complete Form,Fill data.,Evaluate conditional display rules defined in the Form Builder.,None,Previous Responses,Visible Fields,Hidden fields are excluded from validation.,Inspector,Rule Engine,Visibility rules executed correctly.,module=Inspection Execution – Physical | capability=Apply Conditional Visibility | purpose=Show only applicable fields. | user_flow=Complete Form | user_actions=Fill data. | system_actions=Evaluate conditional display rules defined in the Form Builder. | ai_actions=None | inputs=Previous Responses | outputs=Visible Fields | business_rules=Hidden fields are excluded from validation. | personas=Inspector | dependencies=Rule Engine | source_acceptance_criteria=Visibility rules executed correctly.,PHASE2_IPAD_DEFERRED,DEFERRED_TO_PHASE_2_IPAD,MOD-09,PHASE2,/field/**,PHASE2_IPAD_DEFERRED,WA-AC-0289,,,WA-EV-0289,BASELINED_NOT_IMPLEMENTED
CR-290,SRC-CUST-001,c2ab27f60bf697780acf16d2b50f0f359b1bf78c1b89725bad3b1ab3005f04b9,Inspection excution-Start jou,Inspection excution-Start jou!178,Inspection Execution – Physical,Validate Mandatory Fields,Ensure required information is completed.,Save / Next,Complete required fields.,Validate mandatory fields before allowing completion.,None,Field Values,Validation Result,Mandatory rules are configuration-driven.,Inspector,Validation Engine,Missing required fields block completion.,module=Inspection Execution – Physical | capability=Validate Mandatory Fields | purpose=Ensure required information is completed. | user_flow=Save / Next | user_actions=Complete required fields. | system_actions=Validate mandatory fields before allowing completion. | ai_actions=None | inputs=Field Values | outputs=Validation Result | business_rules=Mandatory rules are configuration-driven. | personas=Inspector | dependencies=Validation Engine | source_acceptance_criteria=Missing required fields block completion.,PHASE2_IPAD_DEFERRED,DEFERRED_TO_PHASE_2_IPAD,MOD-09,PHASE2,/field/**,PHASE2_IPAD_DEFERRED,WA-AC-0290,,,WA-EV-0290,BASELINED_NOT_IMPLEMENTED
CR-291,SRC-CUST-001,c2ab27f60bf697780acf16d2b50f0f359b1bf78c1b89725bad3b1ab3005f04b9,Inspection excution-Start jou,Inspection excution-Start jou!179,Inspection Execution – Physical,Capture Action Form Responses,Record inspector inputs.,During Completion,Enter values.,Save responses as part of the inspection session.,None,User Inputs,Action Form Responses,Responses remain editable until submission.,Inspector,Draft Service,Responses stored successfully.,module=Inspection Execution – Physical | capability=Capture Action Form Responses | purpose=Record inspector inputs. | user_flow=During Completion | user_actions=Enter values. | system_actions=Save responses as part of the inspection session. | ai_actions=None | inputs=User Inputs | outputs=Action Form Responses | business_rules=Responses remain editable until submission. | personas=Inspector | dependencies=Draft Service | source_acceptance_criteria=Responses stored successfully.,PHASE2_IPAD_DEFERRED,DEFERRED_TO_PHASE_2_IPAD,MOD-12,PHASE2,/field/**,PHASE2_IPAD_DEFERRED,WA-AC-0291,,IMMUTABLE_VERSION,WA-EV-0291,BASELINED_NOT_IMPLEMENTED
CR-292,SRC-CUST-001,c2ab27f60bf697780acf16d2b50f0f359b1bf78c1b89725bad3b1ab3005f04b9,Inspection excution-Start jou,Inspection excution-Start jou!180,Inspection Execution – Physical,Attach Evidence to Action Form,Support action forms with evidence.,Complete Form,Upload evidence.,Link uploaded evidence directly to the Action Form.,None,Media,Linked Evidence,Evidence requirements depend on form configuration.,Inspector,Evidence Engine,Evidence linked correctly.,module=Inspection Execution – Physical | capability=Attach Evidence to Action Form | purpose=Support action forms with evidence. | user_flow=Complete Form | user_actions=Upload evidence. | system_actions=Link uploaded evidence directly to the Action Form. | ai_actions=None | inputs=Media | outputs=Linked Evidence | business_rules=Evidence requirements depend on form configuration. | personas=Inspector | dependencies=Evidence Engine | source_acceptance_criteria=Evidence linked correctly.,PHASE2_IPAD_DEFERRED,DEFERRED_TO_PHASE_2_IPAD,MOD-12,PHASE2,/field/**,PHASE2_IPAD_DEFERRED,WA-AC-0292,,,WA-EV-0292,BASELINED_NOT_IMPLEMENTED
CR-293,SRC-CUST-001,c2ab27f60bf697780acf16d2b50f0f359b1bf78c1b89725bad3b1ab3005f04b9,Inspection excution-Start jou,Inspection excution-Start jou!181,Inspection Execution – Physical,Capture Digital Signature,Collect signatures when required.,Complete Form,Sign electronically.,"Capture inspector signature and, when configured, factory representative signature. If refused, record refusal reason.",None,Signature,Signature Record,Signature requirement is configurable.,"Inspector, Factory Representative",Signature Service,Required signatures captured successfully.,"module=Inspection Execution – Physical | capability=Capture Digital Signature | purpose=Collect signatures when required. | user_flow=Complete Form | user_actions=Sign electronically. | system_actions=Capture inspector signature and, when configured, factory representative signature. If refused, record refusal reason. | ai_actions=None | inputs=Signature | outputs=Signature Record | business_rules=Signature requirement is configurable. | personas=Inspector, Factory Representative | dependencies=Signature Service | source_acceptance_criteria=Required signatures captured successfully.",PHASE2_IPAD_DEFERRED,DEFERRED_TO_PHASE_2_IPAD,MOD-13,PHASE2,/field/**,PHASE2_IPAD_DEFERRED,WA-AC-0293,,,WA-EV-0293,BASELINED_NOT_IMPLEMENTED
CR-294,SRC-CUST-001,c2ab27f60bf697780acf16d2b50f0f359b1bf78c1b89725bad3b1ab3005f04b9,Inspection excution-Start jou,Inspection excution-Start jou!182,Inspection Execution – Physical,Save Draft Action Form,Preserve incomplete forms.,Any Time,Save Draft.,Save partially completed Action Form including responses and evidence.,None,Form Session,Draft Form,Draft remains editable until submission.,Inspector,Draft Service,Draft restored successfully.,module=Inspection Execution – Physical | capability=Save Draft Action Form | purpose=Preserve incomplete forms. | user_flow=Any Time | user_actions=Save Draft. | system_actions=Save partially completed Action Form including responses and evidence. | ai_actions=None | inputs=Form Session | outputs=Draft Form | business_rules=Draft remains editable until submission. | personas=Inspector | dependencies=Draft Service | source_acceptance_criteria=Draft restored successfully.,PHASE2_IPAD_DEFERRED,DEFERRED_TO_PHASE_2_IPAD,MOD-12,PHASE2,/field/**,PHASE2_IPAD_DEFERRED,WA-AC-0294,,IMMUTABLE_VERSION,WA-EV-0294,BASELINED_NOT_IMPLEMENTED
CR-295,SRC-CUST-001,c2ab27f60bf697780acf16d2b50f0f359b1bf78c1b89725bad3b1ab3005f04b9,Inspection excution-Start jou,Inspection excution-Start jou!183,Inspection Execution – Physical,Auto Save Action Form,Prevent data loss.,During Completion,Continue working.,Save Action Form automatically after configurable intervals and major changes.,None,Current Form,Updated Draft,Auto Save runs silently.,Inspector,Draft Service,Form progress preserved automatically.,module=Inspection Execution – Physical | capability=Auto Save Action Form | purpose=Prevent data loss. | user_flow=During Completion | user_actions=Continue working. | system_actions=Save Action Form automatically after configurable intervals and major changes. | ai_actions=None | inputs=Current Form | outputs=Updated Draft | business_rules=Auto Save runs silently. | personas=Inspector | dependencies=Draft Service | source_acceptance_criteria=Form progress preserved automatically.,PHASE2_IPAD_DEFERRED,DEFERRED_TO_PHASE_2_IPAD,MOD-12,PHASE2,/field/**,PHASE2_IPAD_DEFERRED,WA-AC-0295,,,WA-EV-0295,BASELINED_NOT_IMPLEMENTED
CR-296,SRC-CUST-001,c2ab27f60bf697780acf16d2b50f0f359b1bf78c1b89725bad3b1ab3005f04b9,Inspection excution-Start jou,Inspection excution-Start jou!184,Inspection Execution – Physical,Complete Action Form,Mark Action Form as completed.,Finish Form,Click Complete.,Validate all mandatory requirements and mark Action Form as completed.,None,Completed Form,Completed Action Form,Form cannot be marked complete with validation errors.,Inspector,Validation Engine,Completed status assigned correctly.,module=Inspection Execution – Physical | capability=Complete Action Form | purpose=Mark Action Form as completed. | user_flow=Finish Form | user_actions=Click Complete. | system_actions=Validate all mandatory requirements and mark Action Form as completed. | ai_actions=None | inputs=Completed Form | outputs=Completed Action Form | business_rules=Form cannot be marked complete with validation errors. | personas=Inspector | dependencies=Validation Engine | source_acceptance_criteria=Completed status assigned correctly.,PHASE2_IPAD_DEFERRED,DEFERRED_TO_PHASE_2_IPAD,MOD-12,PHASE2,/field/**,PHASE2_IPAD_DEFERRED,WA-AC-0296,,,WA-EV-0296,BASELINED_NOT_IMPLEMENTED
CR-297,SRC-CUST-001,c2ab27f60bf697780acf16d2b50f0f359b1bf78c1b89725bad3b1ab3005f04b9,Inspection excution-Start jou,Inspection excution-Start jou!185,Inspection Execution – Physical,Update Wizard Progress,Reflect Action Form completion.,Form Completed,None,Update inspection progress based on completed Action Forms.,None,Completed Forms,Updated Progress,Progress updates automatically.,Inspector,Progress Engine,Wizard progress recalculated correctly.,module=Inspection Execution – Physical | capability=Update Wizard Progress | purpose=Reflect Action Form completion. | user_flow=Form Completed | user_actions=None | system_actions=Update inspection progress based on completed Action Forms. | ai_actions=None | inputs=Completed Forms | outputs=Updated Progress | business_rules=Progress updates automatically. | personas=Inspector | dependencies=Progress Engine | source_acceptance_criteria=Wizard progress recalculated correctly.,PHASE2_IPAD_DEFERRED,DEFERRED_TO_PHASE_2_IPAD,MOD-09,PHASE2,/field/**,PHASE2_IPAD_DEFERRED,WA-AC-0297,,,WA-EV-0297,BASELINED_NOT_IMPLEMENTED
CR-298,SRC-CUST-001,c2ab27f60bf697780acf16d2b50f0f359b1bf78c1b89725bad3b1ab3005f04b9,Inspection excution-Start jou,Inspection excution-Start jou!186,Inspection Execution – Physical,Review Generated Action Forms,Summarize all generated forms.,Review Step,Review forms.,"Display generated forms, completion status, evidence count and signature status.",None,Action Forms,Action Form Summary,Summary is read-only before submission.,"Inspector, Reviewer",Review Engine,Summary generated successfully.,"module=Inspection Execution – Physical | capability=Review Generated Action Forms | purpose=Summarize all generated forms. | user_flow=Review Step | user_actions=Review forms. | system_actions=Display generated forms, completion status, evidence count and signature status. | ai_actions=None | inputs=Action Forms | outputs=Action Form Summary | business_rules=Summary is read-only before submission. | personas=Inspector, Reviewer | dependencies=Review Engine | source_acceptance_criteria=Summary generated successfully.",PHASE2_IPAD_DEFERRED,DEFERRED_TO_PHASE_2_IPAD,MOD-12,PHASE2,/field/**,PHASE2_IPAD_DEFERRED,WA-AC-0298,,IMMUTABLE_VERSION,WA-EV-0298,BASELINED_NOT_IMPLEMENTED
CR-299,SRC-CUST-001,c2ab27f60bf697780acf16d2b50f0f359b1bf78c1b89725bad3b1ab3005f04b9,Inspection excution-Start jou,Inspection excution-Start jou!187,Inspection Execution – Physical,Lock Action Forms After Submission,Prevent post-submission modifications.,Inspection Submitted,View forms.,Render all Action Forms in read-only mode.,None,Submitted Inspection,Locked Forms,Forms become immutable after submission.,"Inspector, Reviewer",Workflow Engine,Action Forms cannot be edited.,"module=Inspection Execution – Physical | capability=Lock Action Forms After Submission | purpose=Prevent post-submission modifications. | user_flow=Inspection Submitted | user_actions=View forms. | system_actions=Render all Action Forms in read-only mode. | ai_actions=None | inputs=Submitted Inspection | outputs=Locked Forms | business_rules=Forms become immutable after submission. | personas=Inspector, Reviewer | dependencies=Workflow Engine | source_acceptance_criteria=Action Forms cannot be edited.",PHASE2_IPAD_DEFERRED,DEFERRED_TO_PHASE_2_IPAD,MOD-12,PHASE2,/field/**,PHASE2_IPAD_DEFERRED,WA-AC-0299,,IMMUTABLE_VERSION,WA-EV-0299,BASELINED_NOT_IMPLEMENTED
CR-300,SRC-CUST-001,c2ab27f60bf697780acf16d2b50f0f359b1bf78c1b89725bad3b1ab3005f04b9,Inspection excution-Start jou,Inspection excution-Start jou!188,Inspection Execution – Physical,Generate Action Form Audit Events,Maintain complete history.,Throughout Action Form Lifecycle,None,"Record generation, editing, evidence upload, signatures, completion, draft save, resume and submission events.",None,Form Events,Audit Timeline,Every Action Form event is auditable.,"Inspector, Reviewer",Audit Service,Audit history complete.,"module=Inspection Execution – Physical | capability=Generate Action Form Audit Events | purpose=Maintain complete history. | user_flow=Throughout Action Form Lifecycle | user_actions=None | system_actions=Record generation, editing, evidence upload, signatures, completion, draft save, resume and submission events. | ai_actions=None | inputs=Form Events | outputs=Audit Timeline | business_rules=Every Action Form event is auditable. | personas=Inspector, Reviewer | dependencies=Audit Service | source_acceptance_criteria=Audit history complete.",PHASE2_IPAD_DEFERRED,DEFERRED_TO_PHASE_2_IPAD,MOD-12,PHASE2,/field/**,PHASE2_IPAD_DEFERRED,WA-AC-0300,,AUDIT;IMMUTABLE_VERSION,WA-EV-0300,BASELINED_NOT_IMPLEMENTED
CR-301,SRC-CUST-001,c2ab27f60bf697780acf16d2b50f0f359b1bf78c1b89725bad3b1ab3005f04b9,Inspection excution-Start jou,Inspection excution-Start jou!189,Inspection Execution – Physical,Handle Action Form Errors,Prevent incomplete compliance documentation.,Any Failure,Retry.,"Handle generation failures, rendering failures, validation failures, signature failures and save failures while preserving entered data.",Suggest corrective actions where appropriate.,Error Context,Error Response,No completed Action Form data shall be lost due to recoverable failures.,Inspector,"Validation Engine, Draft Service",Action Forms recover successfully after failures.,"module=Inspection Execution – Physical | capability=Handle Action Form Errors | purpose=Prevent incomplete compliance documentation. | user_flow=Any Failure | user_actions=Retry. | system_actions=Handle generation failures, rendering failures, validation failures, signature failures and save failures while preserving entered data. | ai_actions=Suggest corrective actions where appropriate. | inputs=Error Context | outputs=Error Response | business_rules=No completed Action Form data shall be lost due to recoverable failures. | personas=Inspector | dependencies=Validation Engine, Draft Service | source_acceptance_criteria=Action Forms recover successfully after failures.",PHASE2_IPAD_DEFERRED,DEFERRED_TO_PHASE_2_IPAD,MOD-12,PHASE2,/field/**,PHASE2_IPAD_DEFERRED,WA-AC-0301,,,WA-EV-0301,BASELINED_NOT_IMPLEMENTED
CR-302,SRC-CUST-001,c2ab27f60bf697780acf16d2b50f0f359b1bf78c1b89725bad3b1ab3005f04b9,Inspection excution-Start jou,Inspection excution-Start jou!190,Inspection Execution – Physical,Load Review Workspace,Display the complete inspection summary before submission.,Action Forms → Review,Open Review.,Load review dashboard containing all execution sections.,None,Inspection Session,Review Workspace,Review is always the last wizard step.,Inspector,Execution Engine,Review screen loads successfully.,module=Inspection Execution – Physical | capability=Load Review Workspace | purpose=Display the complete inspection summary before submission. | user_flow=Action Forms → Review | user_actions=Open Review. | system_actions=Load review dashboard containing all execution sections. | ai_actions=None | inputs=Inspection Session | outputs=Review Workspace | business_rules=Review is always the last wizard step. | personas=Inspector | dependencies=Execution Engine | source_acceptance_criteria=Review screen loads successfully.,PHASE2_IPAD_DEFERRED,DEFERRED_TO_PHASE_2_IPAD,MOD-09,PHASE2,/field/**,PHASE2_IPAD_DEFERRED,WA-AC-0302,,IMMUTABLE_VERSION,WA-EV-0302,BASELINED_NOT_IMPLEMENTED
CR-303,SRC-CUST-001,c2ab27f60bf697780acf16d2b50f0f359b1bf78c1b89725bad3b1ab3005f04b9,Inspection excution-Start jou,Inspection excution-Start jou!191,Inspection Execution – Physical,Review Factory Information,Display all verified and updated factory information.,Review,Review changes.,"Display Source Value, Observed Value, Verification Status, Before/After values and attached evidence for every modified field.",None,Factory Verification,Factory Review Summary,Only modified fields are highlighted.,Inspector,Observation Engine,Factory verification summary displayed correctly.,"module=Inspection Execution – Physical | capability=Review Factory Information | purpose=Display all verified and updated factory information. | user_flow=Review | user_actions=Review changes. | system_actions=Display Source Value, Observed Value, Verification Status, Before/After values and attached evidence for every modified field. | ai_actions=None | inputs=Factory Verification | outputs=Factory Review Summary | business_rules=Only modified fields are highlighted. | personas=Inspector | dependencies=Observation Engine | source_acceptance_criteria=Factory verification summary displayed correctly.",PHASE2_IPAD_DEFERRED,DEFERRED_TO_PHASE_2_IPAD,MOD-09,PHASE2,/field/**,PHASE2_IPAD_DEFERRED,WA-AC-0303,,,WA-EV-0303,BASELINED_NOT_IMPLEMENTED
CR-304,SRC-CUST-001,c2ab27f60bf697780acf16d2b50f0f359b1bf78c1b89725bad3b1ab3005f04b9,Inspection excution-Start jou,Inspection excution-Start jou!192,Inspection Execution – Physical,Review Inspection Report,Display completed inspection report.,Review,Expand Report Section.,"Display report sections, completed fields, attachments and comments.",None,Report,Report Summary,Report is read-only during review.,Inspector,Dynamic Form Builder,Report summary displayed successfully.,"module=Inspection Execution – Physical | capability=Review Inspection Report | purpose=Display completed inspection report. | user_flow=Review | user_actions=Expand Report Section. | system_actions=Display report sections, completed fields, attachments and comments. | ai_actions=None | inputs=Report | outputs=Report Summary | business_rules=Report is read-only during review. | personas=Inspector | dependencies=Dynamic Form Builder | source_acceptance_criteria=Report summary displayed successfully.",PHASE2_IPAD_DEFERRED,DEFERRED_TO_PHASE_2_IPAD,MOD-09,PHASE2,/field/**,PHASE2_IPAD_DEFERRED,WA-AC-0304,,,WA-EV-0304,BASELINED_NOT_IMPLEMENTED
CR-305,SRC-CUST-001,c2ab27f60bf697780acf16d2b50f0f359b1bf78c1b89725bad3b1ab3005f04b9,Inspection excution-Start jou,Inspection excution-Start jou!193,Inspection Execution – Physical,Review Inspection Checklist,Display checklist execution summary.,Review,Expand Checklist Section.,"Display answered items, pending items, compliant items, non-compliant items and inspector comments.",None,Checklist,Checklist Summary,Checklist reflects the latest saved responses.,Inspector,Checklist Engine,Checklist summary displayed correctly.,"module=Inspection Execution – Physical | capability=Review Inspection Checklist | purpose=Display checklist execution summary. | user_flow=Review | user_actions=Expand Checklist Section. | system_actions=Display answered items, pending items, compliant items, non-compliant items and inspector comments. | ai_actions=None | inputs=Checklist | outputs=Checklist Summary | business_rules=Checklist reflects the latest saved responses. | personas=Inspector | dependencies=Checklist Engine | source_acceptance_criteria=Checklist summary displayed correctly.",PHASE2_IPAD_DEFERRED,DEFERRED_TO_PHASE_2_IPAD,MOD-09,PHASE2,/field/**,PHASE2_IPAD_DEFERRED,WA-AC-0305,,,WA-EV-0305,BASELINED_NOT_IMPLEMENTED
CR-306,SRC-CUST-001,c2ab27f60bf697780acf16d2b50f0f359b1bf78c1b89725bad3b1ab3005f04b9,Inspection excution-Start jou,Inspection excution-Start jou!194,Inspection Execution – Physical,Review Violations,Display all generated violations.,Review,Expand Violations Section.,"Display violation classification, regulation, severity, corrective action and current status.",None,Generated Violations,Violation Summary,Violations are read-only and generated automatically.,Inspector,Compliance Configuration,Violations displayed correctly.,"module=Inspection Execution – Physical | capability=Review Violations | purpose=Display all generated violations. | user_flow=Review | user_actions=Expand Violations Section. | system_actions=Display violation classification, regulation, severity, corrective action and current status. | ai_actions=None | inputs=Generated Violations | outputs=Violation Summary | business_rules=Violations are read-only and generated automatically. | personas=Inspector | dependencies=Compliance Configuration | source_acceptance_criteria=Violations displayed correctly.",PHASE2_IPAD_DEFERRED,DEFERRED_TO_PHASE_2_IPAD,MOD-12,PHASE2,/field/**,PHASE2_IPAD_DEFERRED,WA-AC-0306,,,WA-EV-0306,BASELINED_NOT_IMPLEMENTED
CR-307,SRC-CUST-001,c2ab27f60bf697780acf16d2b50f0f359b1bf78c1b89725bad3b1ab3005f04b9,Inspection excution-Start jou,Inspection excution-Start jou!195,Inspection Execution – Physical,Review Penalties,Display penalties linked to generated violations.,Review,Review penalties.,Display configured penalties associated with each generated violation.,None,Generated Penalties,Penalty Summary,Penalties cannot be modified by the inspector.,Inspector,Compliance Configuration,Penalties displayed correctly.,module=Inspection Execution – Physical | capability=Review Penalties | purpose=Display penalties linked to generated violations. | user_flow=Review | user_actions=Review penalties. | system_actions=Display configured penalties associated with each generated violation. | ai_actions=None | inputs=Generated Penalties | outputs=Penalty Summary | business_rules=Penalties cannot be modified by the inspector. | personas=Inspector | dependencies=Compliance Configuration | source_acceptance_criteria=Penalties displayed correctly.,PHASE2_IPAD_DEFERRED,DEFERRED_TO_PHASE_2_IPAD,MOD-09,PHASE2,/field/**,PHASE2_IPAD_DEFERRED,WA-AC-0307,,,WA-EV-0307,BASELINED_NOT_IMPLEMENTED
CR-308,SRC-CUST-001,c2ab27f60bf697780acf16d2b50f0f359b1bf78c1b89725bad3b1ab3005f04b9,Inspection excution-Start jou,Inspection excution-Start jou!196,Inspection Execution – Physical,Review Action Forms,Display all generated Action Forms.,Review,Expand Action Forms.,"Display completion status, signatures, evidence count and validation status for every generated form.",None,Action Forms,Action Form Summary,Incomplete mandatory forms are highlighted.,Inspector,Dynamic Form Builder,Action Form summary displayed successfully.,"module=Inspection Execution – Physical | capability=Review Action Forms | purpose=Display all generated Action Forms. | user_flow=Review | user_actions=Expand Action Forms. | system_actions=Display completion status, signatures, evidence count and validation status for every generated form. | ai_actions=None | inputs=Action Forms | outputs=Action Form Summary | business_rules=Incomplete mandatory forms are highlighted. | personas=Inspector | dependencies=Dynamic Form Builder | source_acceptance_criteria=Action Form summary displayed successfully.",PHASE2_IPAD_DEFERRED,DEFERRED_TO_PHASE_2_IPAD,MOD-12,PHASE2,/field/**,PHASE2_IPAD_DEFERRED,WA-AC-0308,,,WA-EV-0308,BASELINED_NOT_IMPLEMENTED
CR-309,SRC-CUST-001,c2ab27f60bf697780acf16d2b50f0f359b1bf78c1b89725bad3b1ab3005f04b9,Inspection excution-Start jou,Inspection excution-Start jou!197,Inspection Execution – Physical,Review Evidence,Display all uploaded evidence.,Review,Preview Evidence.,"Display all evidence grouped by Factory Verification, Report, Checklist and Action Forms.",None,Evidence,Evidence Summary,Deleted evidence shall not appear.,Inspector,Evidence Engine,Evidence summary displayed correctly.,"module=Inspection Execution – Physical | capability=Review Evidence | purpose=Display all uploaded evidence. | user_flow=Review | user_actions=Preview Evidence. | system_actions=Display all evidence grouped by Factory Verification, Report, Checklist and Action Forms. | ai_actions=None | inputs=Evidence | outputs=Evidence Summary | business_rules=Deleted evidence shall not appear. | personas=Inspector | dependencies=Evidence Engine | source_acceptance_criteria=Evidence summary displayed correctly.",PHASE2_IPAD_DEFERRED,DEFERRED_TO_PHASE_2_IPAD,MOD-12,PHASE2,/field/**,PHASE2_IPAD_DEFERRED,WA-AC-0309,,,WA-EV-0309,BASELINED_NOT_IMPLEMENTED
CR-310,SRC-CUST-001,c2ab27f60bf697780acf16d2b50f0f359b1bf78c1b89725bad3b1ab3005f04b9,Inspection excution-Start jou,Inspection excution-Start jou!198,Inspection Execution – Physical,Review Signatures,Verify digital signatures before submission.,Review,Review Signatures.,"Display Inspector Signature, Factory Representative Signature or Refusal Reason where applicable.",None,Signatures,Signature Summary,Signature requirements depend on Action Form configuration.,Inspector,Signature Service,Signature status displayed correctly.,"module=Inspection Execution – Physical | capability=Review Signatures | purpose=Verify digital signatures before submission. | user_flow=Review | user_actions=Review Signatures. | system_actions=Display Inspector Signature, Factory Representative Signature or Refusal Reason where applicable. | ai_actions=None | inputs=Signatures | outputs=Signature Summary | business_rules=Signature requirements depend on Action Form configuration. | personas=Inspector | dependencies=Signature Service | source_acceptance_criteria=Signature status displayed correctly.",PHASE2_IPAD_DEFERRED,DEFERRED_TO_PHASE_2_IPAD,MOD-13,PHASE2,/field/**,PHASE2_IPAD_DEFERRED,WA-AC-0310,,IMMUTABLE_VERSION,WA-EV-0310,BASELINED_NOT_IMPLEMENTED
CR-311,SRC-CUST-001,c2ab27f60bf697780acf16d2b50f0f359b1bf78c1b89725bad3b1ab3005f04b9,Inspection excution-Start jou,Inspection excution-Start jou!199,Inspection Execution – Physical,Calculate Change Counter,Display total number of modifications made during execution.,Review,View summary.,"Count updated Factory Information, Report responses, Checklist responses, Evidence uploads and Action Forms.",None,Inspection Changes,Change Counter,Counter updates automatically until submission.,Inspector,Progress Engine,Counter reflects all changes.,"module=Inspection Execution – Physical | capability=Calculate Change Counter | purpose=Display total number of modifications made during execution. | user_flow=Review | user_actions=View summary. | system_actions=Count updated Factory Information, Report responses, Checklist responses, Evidence uploads and Action Forms. | ai_actions=None | inputs=Inspection Changes | outputs=Change Counter | business_rules=Counter updates automatically until submission. | personas=Inspector | dependencies=Progress Engine | source_acceptance_criteria=Counter reflects all changes.",PHASE2_IPAD_DEFERRED,DEFERRED_TO_PHASE_2_IPAD,MOD-09,PHASE2,/field/**,PHASE2_IPAD_DEFERRED,WA-AC-0311,,IMMUTABLE_VERSION,WA-EV-0311,BASELINED_NOT_IMPLEMENTED
CR-312,SRC-CUST-001,c2ab27f60bf697780acf16d2b50f0f359b1bf78c1b89725bad3b1ab3005f04b9,Inspection excution-Start jou,Inspection excution-Start jou!200,Inspection Execution – Physical,Validate Mandatory Information,Verify completion of mandatory information.,Review,Click Validate.,"Validate mandatory fields, mandatory checklist items, mandatory Action Forms, signatures and evidence.",None,Inspection Package,Validation Result,Submission blocked if any mandatory requirement is missing.,Inspector,Validation Engine,Validation completed successfully.,"module=Inspection Execution – Physical | capability=Validate Mandatory Information | purpose=Verify completion of mandatory information. | user_flow=Review | user_actions=Click Validate. | system_actions=Validate mandatory fields, mandatory checklist items, mandatory Action Forms, signatures and evidence. | ai_actions=None | inputs=Inspection Package | outputs=Validation Result | business_rules=Submission blocked if any mandatory requirement is missing. | personas=Inspector | dependencies=Validation Engine | source_acceptance_criteria=Validation completed successfully.",PHASE2_IPAD_DEFERRED,DEFERRED_TO_PHASE_2_IPAD,MOD-09,PHASE2,/field/**,PHASE2_IPAD_DEFERRED,WA-AC-0312,,IMMUTABLE_VERSION,WA-EV-0312,BASELINED_NOT_IMPLEMENTED
CR-313,SRC-CUST-001,c2ab27f60bf697780acf16d2b50f0f359b1bf78c1b89725bad3b1ab3005f04b9,Inspection excution-Start jou,Inspection excution-Start jou!201,Inspection Execution – Physical,Display Validation Summary,Present all validation issues.,Validation Completed,Review issues.,Display grouped validation results by wizard step with issue description and severity.,None,Validation Result,Validation Summary,All validation failures are displayed together.,Inspector,Validation Engine,Validation summary generated correctly.,module=Inspection Execution – Physical | capability=Display Validation Summary | purpose=Present all validation issues. | user_flow=Validation Completed | user_actions=Review issues. | system_actions=Display grouped validation results by wizard step with issue description and severity. | ai_actions=None | inputs=Validation Result | outputs=Validation Summary | business_rules=All validation failures are displayed together. | personas=Inspector | dependencies=Validation Engine | source_acceptance_criteria=Validation summary generated correctly.,PHASE2_IPAD_DEFERRED,DEFERRED_TO_PHASE_2_IPAD,MOD-09,PHASE2,/field/**,PHASE2_IPAD_DEFERRED,WA-AC-0313,,,WA-EV-0313,BASELINED_NOT_IMPLEMENTED
CR-314,SRC-CUST-001,c2ab27f60bf697780acf16d2b50f0f359b1bf78c1b89725bad3b1ab3005f04b9,Inspection excution-Start jou,Inspection excution-Start jou!202,Inspection Execution – Physical,Jump to Missing Section,Navigate directly to incomplete information.,Validation Summary,Click Validation Issue.,Navigate to the corresponding wizard step and highlight the missing field or section.,None,Validation Issue,Target Step,Navigation always opens the correct location.,Inspector,Navigation Engine,Inspector reaches missing field directly.,module=Inspection Execution – Physical | capability=Jump to Missing Section | purpose=Navigate directly to incomplete information. | user_flow=Validation Summary | user_actions=Click Validation Issue. | system_actions=Navigate to the corresponding wizard step and highlight the missing field or section. | ai_actions=None | inputs=Validation Issue | outputs=Target Step | business_rules=Navigation always opens the correct location. | personas=Inspector | dependencies=Navigation Engine | source_acceptance_criteria=Inspector reaches missing field directly.,PHASE2_IPAD_DEFERRED,DEFERRED_TO_PHASE_2_IPAD,MOD-09,PHASE2,/field/**,PHASE2_IPAD_DEFERRED,WA-AC-0314,,,WA-EV-0314,BASELINED_NOT_IMPLEMENTED
CR-315,SRC-CUST-001,c2ab27f60bf697780acf16d2b50f0f359b1bf78c1b89725bad3b1ab3005f04b9,Inspection excution-Start jou,Inspection excution-Start jou!203,Inspection Execution – Physical,Expand / Collapse Review Sections,Improve review usability.,Review,Expand or Collapse Sections.,Allow review sections to be expanded or collapsed independently.,None,Review Sections,Updated UI,Expansion state does not affect data.,Inspector,UI Engine,Sections expand and collapse correctly.,module=Inspection Execution – Physical | capability=Expand / Collapse Review Sections | purpose=Improve review usability. | user_flow=Review | user_actions=Expand or Collapse Sections. | system_actions=Allow review sections to be expanded or collapsed independently. | ai_actions=None | inputs=Review Sections | outputs=Updated UI | business_rules=Expansion state does not affect data. | personas=Inspector | dependencies=UI Engine | source_acceptance_criteria=Sections expand and collapse correctly.,PHASE2_IPAD_DEFERRED,DEFERRED_TO_PHASE_2_IPAD,MOD-09,PHASE2,/field/**,PHASE2_IPAD_DEFERRED,WA-AC-0315,,,WA-EV-0315,BASELINED_NOT_IMPLEMENTED
CR-316,SRC-CUST-001,c2ab27f60bf697780acf16d2b50f0f359b1bf78c1b89725bad3b1ab3005f04b9,Inspection excution-Start jou,Inspection excution-Start jou!204,Inspection Execution – Physical,Save Review Draft,Preserve review progress.,Review,Save Draft.,Save review position together with the inspection draft.,None,Review State,Updated Draft,Draft remains editable until submission.,Inspector,Draft Service,Review draft restored successfully.,module=Inspection Execution – Physical | capability=Save Review Draft | purpose=Preserve review progress. | user_flow=Review | user_actions=Save Draft. | system_actions=Save review position together with the inspection draft. | ai_actions=None | inputs=Review State | outputs=Updated Draft | business_rules=Draft remains editable until submission. | personas=Inspector | dependencies=Draft Service | source_acceptance_criteria=Review draft restored successfully.,PHASE2_IPAD_DEFERRED,DEFERRED_TO_PHASE_2_IPAD,MOD-09,PHASE2,/field/**,PHASE2_IPAD_DEFERRED,WA-AC-0316,,IMMUTABLE_VERSION,WA-EV-0316,BASELINED_NOT_IMPLEMENTED
CR-317,SRC-CUST-001,c2ab27f60bf697780acf16d2b50f0f359b1bf78c1b89725bad3b1ab3005f04b9,Inspection excution-Start jou,Inspection excution-Start jou!205,Inspection Execution – Physical,Determine Submission Readiness,Decide whether the inspection can be submitted.,Validation Passed,None,Evaluate overall inspection readiness based on validation results. Enable Submit only when all blocking validations pass.,None,Validation Status,Submission Ready Flag,Submit button remains disabled while blocking issues exist.,Inspector,Validation Engine,Submit button enabled only when inspection is ready.,module=Inspection Execution – Physical | capability=Determine Submission Readiness | purpose=Decide whether the inspection can be submitted. | user_flow=Validation Passed | user_actions=None | system_actions=Evaluate overall inspection readiness based on validation results. Enable Submit only when all blocking validations pass. | ai_actions=None | inputs=Validation Status | outputs=Submission Ready Flag | business_rules=Submit button remains disabled while blocking issues exist. | personas=Inspector | dependencies=Validation Engine | source_acceptance_criteria=Submit button enabled only when inspection is ready.,PHASE2_IPAD_DEFERRED,DEFERRED_TO_PHASE_2_IPAD,MOD-09,PHASE2,/field/**,PHASE2_IPAD_DEFERRED,WA-AC-0317,,IMMUTABLE_VERSION,WA-EV-0317,BASELINED_NOT_IMPLEMENTED
CR-318,SRC-CUST-001,c2ab27f60bf697780acf16d2b50f0f359b1bf78c1b89725bad3b1ab3005f04b9,Inspection excution-Start jou,Inspection excution-Start jou!206,Inspection Execution – Physical,Generate Review Audit Events,Maintain complete review history.,Throughout Review,None,"Record review opened, validation executed, navigation events, draft saved and submission readiness evaluation.",None,Review Events,Audit Timeline,Every review activity shall be auditable.,"Inspector, Reviewer",Audit Service,Audit history complete.,"module=Inspection Execution – Physical | capability=Generate Review Audit Events | purpose=Maintain complete review history. | user_flow=Throughout Review | user_actions=None | system_actions=Record review opened, validation executed, navigation events, draft saved and submission readiness evaluation. | ai_actions=None | inputs=Review Events | outputs=Audit Timeline | business_rules=Every review activity shall be auditable. | personas=Inspector, Reviewer | dependencies=Audit Service | source_acceptance_criteria=Audit history complete.",PHASE2_IPAD_DEFERRED,DEFERRED_TO_PHASE_2_IPAD,MOD-09,PHASE2,/field/**,PHASE2_IPAD_DEFERRED,WA-AC-0318,,AUDIT;IMMUTABLE_VERSION,WA-EV-0318,BASELINED_NOT_IMPLEMENTED
CR-319,SRC-CUST-001,c2ab27f60bf697780acf16d2b50f0f359b1bf78c1b89725bad3b1ab3005f04b9,Inspection excution-Start jou,Inspection excution-Start jou!207,Inspection Execution – Physical,Handle Review Errors,Prevent review failures from affecting the inspection session.,Any Failure,Retry Review.,"Handle validation failures, summary generation failures and navigation failures while preserving inspection data.",Suggest corrective action where applicable.,Error Context,Error Response,Review errors shall never modify or remove inspection data.,Inspector,"Validation Engine, Audit Service",Review remains recoverable without data loss.,"module=Inspection Execution – Physical | capability=Handle Review Errors | purpose=Prevent review failures from affecting the inspection session. | user_flow=Any Failure | user_actions=Retry Review. | system_actions=Handle validation failures, summary generation failures and navigation failures while preserving inspection data. | ai_actions=Suggest corrective action where applicable. | inputs=Error Context | outputs=Error Response | business_rules=Review errors shall never modify or remove inspection data. | personas=Inspector | dependencies=Validation Engine, Audit Service | source_acceptance_criteria=Review remains recoverable without data loss.",PHASE2_IPAD_DEFERRED,DEFERRED_TO_PHASE_2_IPAD,MOD-09,PHASE2,/field/**,PHASE2_IPAD_DEFERRED,WA-AC-0319,,AUDIT,WA-EV-0319,BASELINED_NOT_IMPLEMENTED
CR-320,SRC-CUST-001,c2ab27f60bf697780acf16d2b50f0f359b1bf78c1b89725bad3b1ab3005f04b9,Inspection excution-Start jou,Inspection excution-Start jou!208,Inspection Execution – Physical,Submit Inspection,Officially complete the inspection.,Review → Submit,Click Submit Inspection.,Start final submission process.,None,Inspection Session,Submission Request,Submit is only available after Review validation passes.,Inspector,Workflow Engine,Submission process starts successfully.,module=Inspection Execution – Physical | capability=Submit Inspection | purpose=Officially complete the inspection. | user_flow=Review → Submit | user_actions=Click Submit Inspection. | system_actions=Start final submission process. | ai_actions=None | inputs=Inspection Session | outputs=Submission Request | business_rules=Submit is only available after Review validation passes. | personas=Inspector | dependencies=Workflow Engine | source_acceptance_criteria=Submission process starts successfully.,PHASE2_IPAD_DEFERRED,DEFERRED_TO_PHASE_2_IPAD,MOD-13,PHASE2,/field/**,PHASE2_IPAD_DEFERRED,WA-AC-0320,,IMMUTABLE_VERSION,WA-EV-0320,BASELINED_NOT_IMPLEMENTED
CR-321,SRC-CUST-001,c2ab27f60bf697780acf16d2b50f0f359b1bf78c1b89725bad3b1ab3005f04b9,Inspection excution-Start jou,Inspection excution-Start jou!209,Inspection Execution – Physical,Execute Final Validation,Ensure the inspection package is complete before submission.,Submit,None,"Revalidate mandatory fields, mandatory checklist items, Action Forms, evidence, signatures and business rules before committing submission.",None,Inspection Package,Validation Result,Final validation always executes even if previous validation passed.,Inspector,Validation Engine,Submission blocked if validation fails.,"module=Inspection Execution – Physical | capability=Execute Final Validation | purpose=Ensure the inspection package is complete before submission. | user_flow=Submit | user_actions=None | system_actions=Revalidate mandatory fields, mandatory checklist items, Action Forms, evidence, signatures and business rules before committing submission. | ai_actions=None | inputs=Inspection Package | outputs=Validation Result | business_rules=Final validation always executes even if previous validation passed. | personas=Inspector | dependencies=Validation Engine | source_acceptance_criteria=Submission blocked if validation fails.",PHASE2_IPAD_DEFERRED,DEFERRED_TO_PHASE_2_IPAD,MOD-09,PHASE2,/field/**,PHASE2_IPAD_DEFERRED,WA-AC-0321,,IMMUTABLE_VERSION,WA-EV-0321,BASELINED_NOT_IMPLEMENTED
CR-322,SRC-CUST-001,c2ab27f60bf697780acf16d2b50f0f359b1bf78c1b89725bad3b1ab3005f04b9,Inspection excution-Start jou,Inspection excution-Start jou!210,Inspection Execution – Physical,Generate Inspection Reference Number,Assign the official inspection identifier.,Validation Passed,None,Generate a unique Inspection Number according to configured numbering rules.,None,Inspection Session,Inspection Number,Inspection Number is immutable after generation.,Inspector,Number Generator,Unique inspection number generated successfully.,module=Inspection Execution – Physical | capability=Generate Inspection Reference Number | purpose=Assign the official inspection identifier. | user_flow=Validation Passed | user_actions=None | system_actions=Generate a unique Inspection Number according to configured numbering rules. | ai_actions=None | inputs=Inspection Session | outputs=Inspection Number | business_rules=Inspection Number is immutable after generation. | personas=Inspector | dependencies=Number Generator | source_acceptance_criteria=Unique inspection number generated successfully.,PHASE2_IPAD_DEFERRED,DEFERRED_TO_PHASE_2_IPAD,MOD-09,PHASE2,/field/**,PHASE2_IPAD_DEFERRED,WA-AC-0322,,,WA-EV-0322,BASELINED_NOT_IMPLEMENTED
CR-323,SRC-CUST-001,c2ab27f60bf697780acf16d2b50f0f359b1bf78c1b89725bad3b1ab3005f04b9,Inspection excution-Start jou,Inspection excution-Start jou!211,Inspection Execution – Physical,Freeze Inspection Data,Preserve inspection integrity.,Validation Passed,None,"Freeze all responses, checklist answers, report data, factory observations, Action Forms and evidence.",None,Inspection Package,Locked Inspection Data,No further editing is permitted after submission.,Inspector,Workflow Engine,Inspection data permanently locked.,"module=Inspection Execution – Physical | capability=Freeze Inspection Data | purpose=Preserve inspection integrity. | user_flow=Validation Passed | user_actions=None | system_actions=Freeze all responses, checklist answers, report data, factory observations, Action Forms and evidence. | ai_actions=None | inputs=Inspection Package | outputs=Locked Inspection Data | business_rules=No further editing is permitted after submission. | personas=Inspector | dependencies=Workflow Engine | source_acceptance_criteria=Inspection data permanently locked.",PHASE2_IPAD_DEFERRED,DEFERRED_TO_PHASE_2_IPAD,MOD-09,PHASE2,/field/**,PHASE2_IPAD_DEFERRED,WA-AC-0323,,IMMUTABLE_VERSION,WA-EV-0323,BASELINED_NOT_IMPLEMENTED
CR-324,SRC-CUST-001,c2ab27f60bf697780acf16d2b50f0f359b1bf78c1b89725bad3b1ab3005f04b9,Inspection excution-Start jou,Inspection excution-Start jou!212,Inspection Execution – Physical,Lock Inspection Package,Preserve the executed package version.,Validation Passed,None,Lock the inspection package version used during execution for future audit and review.,None,Package Version,Locked Package,Package version shall remain available throughout the inspection lifecycle.,Reviewer,Package Repository,Package version preserved successfully.,module=Inspection Execution – Physical | capability=Lock Inspection Package | purpose=Preserve the executed package version. | user_flow=Validation Passed | user_actions=None | system_actions=Lock the inspection package version used during execution for future audit and review. | ai_actions=None | inputs=Package Version | outputs=Locked Package | business_rules=Package version shall remain available throughout the inspection lifecycle. | personas=Reviewer | dependencies=Package Repository | source_acceptance_criteria=Package version preserved successfully.,PHASE2_IPAD_DEFERRED,DEFERRED_TO_PHASE_2_IPAD,MOD-09,PHASE2,/field/**,PHASE2_IPAD_DEFERRED,WA-AC-0324,,AUDIT,WA-EV-0324,BASELINED_NOT_IMPLEMENTED
CR-325,SRC-CUST-001,c2ab27f60bf697780acf16d2b50f0f359b1bf78c1b89725bad3b1ab3005f04b9,Inspection excution-Start jou,Inspection excution-Start jou!213,Inspection Execution – Physical,Finalize Evidence Repository,Close evidence collection.,Submission,None,"Lock uploaded evidence, annotations and comments against further modification.",None,Evidence,Locked Evidence,Evidence becomes read-only after submission.,"Inspector, Reviewer",Evidence Service,Evidence repository finalized successfully.,"module=Inspection Execution – Physical | capability=Finalize Evidence Repository | purpose=Close evidence collection. | user_flow=Submission | user_actions=None | system_actions=Lock uploaded evidence, annotations and comments against further modification. | ai_actions=None | inputs=Evidence | outputs=Locked Evidence | business_rules=Evidence becomes read-only after submission. | personas=Inspector, Reviewer | dependencies=Evidence Service | source_acceptance_criteria=Evidence repository finalized successfully.",PHASE2_IPAD_DEFERRED,DEFERRED_TO_PHASE_2_IPAD,MOD-12,PHASE2,/field/**,PHASE2_IPAD_DEFERRED,WA-AC-0325,,IMMUTABLE_VERSION,WA-EV-0325,BASELINED_NOT_IMPLEMENTED
CR-326,SRC-CUST-001,c2ab27f60bf697780acf16d2b50f0f359b1bf78c1b89725bad3b1ab3005f04b9,Inspection excution-Start jou,Inspection excution-Start jou!214,Inspection Execution – Physical,Finalize Action Forms,Close generated Action Forms.,Submission,None,Mark all completed Action Forms as closed and prevent further editing.,None,Action Forms,Closed Action Forms,All mandatory Action Forms must be completed before submission.,Inspector,Dynamic Form Builder,Action Forms finalized successfully.,module=Inspection Execution – Physical | capability=Finalize Action Forms | purpose=Close generated Action Forms. | user_flow=Submission | user_actions=None | system_actions=Mark all completed Action Forms as closed and prevent further editing. | ai_actions=None | inputs=Action Forms | outputs=Closed Action Forms | business_rules=All mandatory Action Forms must be completed before submission. | personas=Inspector | dependencies=Dynamic Form Builder | source_acceptance_criteria=Action Forms finalized successfully.,PHASE2_IPAD_DEFERRED,DEFERRED_TO_PHASE_2_IPAD,MOD-12,PHASE2,/field/**,PHASE2_IPAD_DEFERRED,WA-AC-0326,,IMMUTABLE_VERSION,WA-EV-0326,BASELINED_NOT_IMPLEMENTED
CR-327,SRC-CUST-001,c2ab27f60bf697780acf16d2b50f0f359b1bf78c1b89725bad3b1ab3005f04b9,Inspection excution-Start jou,Inspection excution-Start jou!215,Inspection Execution – Physical,Generate Inspection Snapshot,Preserve the exact inspection state submitted by the inspector.,Submission,None,"Create a read-only snapshot including package version, responses, observations, evidence, violations and Action Forms.",None,Inspection Package,Inspection Snapshot,Snapshot becomes the official inspection record.,Reviewer,Audit Repository,Snapshot created successfully.,"module=Inspection Execution – Physical | capability=Generate Inspection Snapshot | purpose=Preserve the exact inspection state submitted by the inspector. | user_flow=Submission | user_actions=None | system_actions=Create a read-only snapshot including package version, responses, observations, evidence, violations and Action Forms. | ai_actions=None | inputs=Inspection Package | outputs=Inspection Snapshot | business_rules=Snapshot becomes the official inspection record. | personas=Reviewer | dependencies=Audit Repository | source_acceptance_criteria=Snapshot created successfully.",PHASE2_IPAD_DEFERRED,DEFERRED_TO_PHASE_2_IPAD,MOD-09,PHASE2,/field/**,PHASE2_IPAD_DEFERRED,WA-AC-0327,,AUDIT;IMMUTABLE_VERSION,WA-EV-0327,BASELINED_NOT_IMPLEMENTED
CR-328,SRC-CUST-001,c2ab27f60bf697780acf16d2b50f0f359b1bf78c1b89725bad3b1ab3005f04b9,Inspection excution-Start jou,Inspection excution-Start jou!216,Inspection Execution – Physical,Generate Inspection PDF,Produce the official inspection report.,Submission Completed,None,"Generate PDF containing factory information, inspection report, checklist, violations, penalties, Action Forms, evidence references and inspector information.",None,Inspection Snapshot,Inspection PDF,PDF is generated after successful submission and becomes the official inspection report for reviewers.,Reviewer,Reporting Engine,PDF generated successfully.,"module=Inspection Execution – Physical | capability=Generate Inspection PDF | purpose=Produce the official inspection report. | user_flow=Submission Completed | user_actions=None | system_actions=Generate PDF containing factory information, inspection report, checklist, violations, penalties, Action Forms, evidence references and inspector information. | ai_actions=None | inputs=Inspection Snapshot | outputs=Inspection PDF | business_rules=PDF is generated after successful submission and becomes the official inspection report for reviewers. | personas=Reviewer | dependencies=Reporting Engine | source_acceptance_criteria=PDF generated successfully.",PHASE2_IPAD_DEFERRED,DEFERRED_TO_PHASE_2_IPAD,MOD-09,PHASE2,/field/**,PHASE2_IPAD_DEFERRED,WA-AC-0328,,IMMUTABLE_VERSION,WA-EV-0328,BASELINED_NOT_IMPLEMENTED
CR-329,SRC-CUST-001,c2ab27f60bf697780acf16d2b50f0f359b1bf78c1b89725bad3b1ab3005f04b9,Inspection excution-Start jou,Inspection excution-Start jou!217,Inspection Execution – Physical,Update Workflow Status,Move the inspection to the next workflow stage.,Submission Completed,None,Update Workflow Status from In Progress to Pending Review.,None,Inspection Session,Updated Workflow,Workflow transition is automatic.,Reviewer,Workflow Engine,Workflow updated successfully.,module=Inspection Execution – Physical | capability=Update Workflow Status | purpose=Move the inspection to the next workflow stage. | user_flow=Submission Completed | user_actions=None | system_actions=Update Workflow Status from In Progress to Pending Review. | ai_actions=None | inputs=Inspection Session | outputs=Updated Workflow | business_rules=Workflow transition is automatic. | personas=Reviewer | dependencies=Workflow Engine | source_acceptance_criteria=Workflow updated successfully.,PHASE2_IPAD_DEFERRED,DEFERRED_TO_PHASE_2_IPAD,MOD-09,PHASE2,/field/**,PHASE2_IPAD_DEFERRED,WA-AC-0329,,WORKFLOW;IMMUTABLE_VERSION,WA-EV-0329,BASELINED_NOT_IMPLEMENTED
CR-330,SRC-CUST-001,c2ab27f60bf697780acf16d2b50f0f359b1bf78c1b89725bad3b1ab3005f04b9,Inspection excution-Start jou,Inspection excution-Start jou!218,Inspection Execution – Physical,Update Operational State,Complete inspector execution lifecycle.,Submission Completed,None,Update Operational State from Executing to Submitted.,None,Operational State,Updated Operational State,Operational State reflects execution completion.,Inspector,Workflow Engine,Operational State updated successfully.,module=Inspection Execution – Physical | capability=Update Operational State | purpose=Complete inspector execution lifecycle. | user_flow=Submission Completed | user_actions=None | system_actions=Update Operational State from Executing to Submitted. | ai_actions=None | inputs=Operational State | outputs=Updated Operational State | business_rules=Operational State reflects execution completion. | personas=Inspector | dependencies=Workflow Engine | source_acceptance_criteria=Operational State updated successfully.,PHASE2_IPAD_DEFERRED,DEFERRED_TO_PHASE_2_IPAD,MOD-09,PHASE2,/field/**,PHASE2_IPAD_DEFERRED,WA-AC-0330,,IMMUTABLE_VERSION,WA-EV-0330,BASELINED_NOT_IMPLEMENTED
CR-331,SRC-CUST-001,c2ab27f60bf697780acf16d2b50f0f359b1bf78c1b89725bad3b1ab3005f04b9,Inspection excution-Start jou,Inspection excution-Start jou!219,Inspection Execution – Physical,Assign Reviewer,Create the next operational task.,Submission Completed,None,Create reviewer work item according to workflow configuration and assignment rules.,Recommend reviewer based on workload (future).,Workflow Rules,Reviewer Task,Assignment follows workflow configuration.,Reviewer,Workflow Engine,Reviewer task created successfully.,module=Inspection Execution – Physical | capability=Assign Reviewer | purpose=Create the next operational task. | user_flow=Submission Completed | user_actions=None | system_actions=Create reviewer work item according to workflow configuration and assignment rules. | ai_actions=Recommend reviewer based on workload (future). | inputs=Workflow Rules | outputs=Reviewer Task | business_rules=Assignment follows workflow configuration. | personas=Reviewer | dependencies=Workflow Engine | source_acceptance_criteria=Reviewer task created successfully.,PHASE2_IPAD_DEFERRED,DEFERRED_TO_PHASE_2_IPAD,MOD-09,PHASE2,/field/**,PHASE2_IPAD_DEFERRED,WA-AC-0331,,IMMUTABLE_VERSION,WA-EV-0331,BASELINED_NOT_IMPLEMENTED
CR-332,SRC-CUST-001,c2ab27f60bf697780acf16d2b50f0f359b1bf78c1b89725bad3b1ab3005f04b9,Inspection excution-Start jou,Inspection excution-Start jou!220,Inspection Execution – Physical,Notify Reviewer,Inform reviewer about pending inspection.,Reviewer Assigned,None,Send system notification to assigned reviewer.,None,Reviewer Assignment,Notification,Notification templates are configurable.,Reviewer,Notification Service,Reviewer receives notification successfully.,module=Inspection Execution – Physical | capability=Notify Reviewer | purpose=Inform reviewer about pending inspection. | user_flow=Reviewer Assigned | user_actions=None | system_actions=Send system notification to assigned reviewer. | ai_actions=None | inputs=Reviewer Assignment | outputs=Notification | business_rules=Notification templates are configurable. | personas=Reviewer | dependencies=Notification Service | source_acceptance_criteria=Reviewer receives notification successfully.,PHASE2_IPAD_DEFERRED,DEFERRED_TO_PHASE_2_IPAD,MOD-09,PHASE2,/field/**,PHASE2_IPAD_DEFERRED,WA-AC-0332,,NOTIFICATION,WA-EV-0332,BASELINED_NOT_IMPLEMENTED
CR-333,SRC-CUST-001,c2ab27f60bf697780acf16d2b50f0f359b1bf78c1b89725bad3b1ab3005f04b9,Inspection excution-Start jou,Inspection excution-Start jou!221,Inspection Execution – Physical,Notify Inspector,Confirm successful submission.,Submission Completed,None,Display confirmation message and record submission completion.,None,Inspection Session,Submission Confirmation,Confirmation displayed immediately after successful submission.,Inspector,Notification Service,Inspector receives confirmation successfully.,module=Inspection Execution – Physical | capability=Notify Inspector | purpose=Confirm successful submission. | user_flow=Submission Completed | user_actions=None | system_actions=Display confirmation message and record submission completion. | ai_actions=None | inputs=Inspection Session | outputs=Submission Confirmation | business_rules=Confirmation displayed immediately after successful submission. | personas=Inspector | dependencies=Notification Service | source_acceptance_criteria=Inspector receives confirmation successfully.,PHASE2_IPAD_DEFERRED,DEFERRED_TO_PHASE_2_IPAD,MOD-09,PHASE2,/field/**,PHASE2_IPAD_DEFERRED,WA-AC-0333,,IMMUTABLE_VERSION;NOTIFICATION,WA-EV-0333,BASELINED_NOT_IMPLEMENTED
CR-334,SRC-CUST-001,c2ab27f60bf697780acf16d2b50f0f359b1bf78c1b89725bad3b1ab3005f04b9,Inspection excution-Start jou,Inspection excution-Start jou!222,Inspection Execution – Physical,Convert Inspection to Read-Only,Prevent further modifications.,Submission Completed,View Inspection.,Disable editing across all execution screens while allowing viewing of submitted information.,None,Submitted Inspection,Read-Only Inspection,Inspector can no longer modify submitted inspection.,Inspector,UI Engine,Inspection becomes completely read-only.,module=Inspection Execution – Physical | capability=Convert Inspection to Read-Only | purpose=Prevent further modifications. | user_flow=Submission Completed | user_actions=View Inspection. | system_actions=Disable editing across all execution screens while allowing viewing of submitted information. | ai_actions=None | inputs=Submitted Inspection | outputs=Read-Only Inspection | business_rules=Inspector can no longer modify submitted inspection. | personas=Inspector | dependencies=UI Engine | source_acceptance_criteria=Inspection becomes completely read-only.,PHASE2_IPAD_DEFERRED,DEFERRED_TO_PHASE_2_IPAD,MOD-09,PHASE2,/field/**,PHASE2_IPAD_DEFERRED,WA-AC-0334,,IMMUTABLE_VERSION,WA-EV-0334,BASELINED_NOT_IMPLEMENTED
CR-335,SRC-CUST-001,c2ab27f60bf697780acf16d2b50f0f359b1bf78c1b89725bad3b1ab3005f04b9,Inspection excution-Start jou,Inspection excution-Start jou!223,Inspection Execution – Physical,Generate Submission Audit Events,Maintain complete traceability of submission.,Throughout Submission,None,"Record submission request, validation results, inspection number generation, package lock, PDF generation, workflow transition, reviewer assignment and notifications.",None,Submission Events,Audit Timeline,Every submission activity shall be permanently auditable.,"Inspector, Reviewer",Audit Service,Complete submission audit history available.,"module=Inspection Execution – Physical | capability=Generate Submission Audit Events | purpose=Maintain complete traceability of submission. | user_flow=Throughout Submission | user_actions=None | system_actions=Record submission request, validation results, inspection number generation, package lock, PDF generation, workflow transition, reviewer assignment and notifications. | ai_actions=None | inputs=Submission Events | outputs=Audit Timeline | business_rules=Every submission activity shall be permanently auditable. | personas=Inspector, Reviewer | dependencies=Audit Service | source_acceptance_criteria=Complete submission audit history available.",PHASE2_IPAD_DEFERRED,DEFERRED_TO_PHASE_2_IPAD,MOD-09,PHASE2,/field/**,PHASE2_IPAD_DEFERRED,WA-AC-0335,,AUDIT;WORKFLOW;IMMUTABLE_VERSION;NOTIFICATION,WA-EV-0335,BASELINED_NOT_IMPLEMENTED
CR-336,SRC-CUST-001,c2ab27f60bf697780acf16d2b50f0f359b1bf78c1b89725bad3b1ab3005f04b9,Inspection excution-Start jou,Inspection excution-Start jou!224,Inspection Execution – Physical,Handle Submission Failures,Prevent inconsistent submission states.,Any Failure,Retry Submission.,"Handle workflow failures, PDF failures, notification failures, repository failures and assignment failures while ensuring the inspection is either completely submitted or completely rolled back.",Suggest corrective action when applicable.,Error Context,Error Response,Partial submission shall never occur. Data integrity shall always be maintained.,Inspector,"Workflow Engine, Audit Service",Submission failures recover safely without corrupting the inspection.,"module=Inspection Execution – Physical | capability=Handle Submission Failures | purpose=Prevent inconsistent submission states. | user_flow=Any Failure | user_actions=Retry Submission. | system_actions=Handle workflow failures, PDF failures, notification failures, repository failures and assignment failures while ensuring the inspection is either completely submitted or completely rolled back. | ai_actions=Suggest corrective action when applicable. | inputs=Error Context | outputs=Error Response | business_rules=Partial submission shall never occur. Data integrity shall always be maintained. | personas=Inspector | dependencies=Workflow Engine, Audit Service | source_acceptance_criteria=Submission failures recover safely without corrupting the inspection.",PHASE2_IPAD_DEFERRED,DEFERRED_TO_PHASE_2_IPAD,MOD-09,PHASE2,/field/**,PHASE2_IPAD_DEFERRED,WA-AC-0336,,AUDIT;IMMUTABLE_VERSION;NOTIFICATION,WA-EV-0336,BASELINED_NOT_IMPLEMENTED
CR-337,SRC-CUST-001,c2ab27f60bf697780acf16d2b50f0f359b1bf78c1b89725bad3b1ab3005f04b9,Inspection Excution - Virtual ,Inspection Excution - Virtual !2,Inspection Execution – Virtual,Display Scheduled Visit,Display today's confirmed virtual inspection.,My Schedule,Open Visit,"Load confirmed virtual visit details including execution date, execution time, inspector, factory and report information.",None,Visit ID,Visit Details,Only confirmed virtual visits are displayed.,Inspector,Visit Management,Visit displayed successfully.,"module=Inspection Execution – Virtual | capability=Display Scheduled Visit | purpose=Display today's confirmed virtual inspection. | user_flow=My Schedule | user_actions=Open Visit | system_actions=Load confirmed virtual visit details including execution date, execution time, inspector, factory and report information. | ai_actions=None | inputs=Visit ID | outputs=Visit Details | business_rules=Only confirmed virtual visits are displayed. | personas=Inspector | dependencies=Visit Management | source_acceptance_criteria=Visit displayed successfully.",PHASE1_WEB,,MOD-10,M11,/virtual/**,SAQEEL Virtual,WA-AC-0337,,,WA-EV-0337,BASELINED_NOT_IMPLEMENTED
CR-338,SRC-CUST-001,c2ab27f60bf697780acf16d2b50f0f359b1bf78c1b89725bad3b1ab3005f04b9,Inspection Excution - Virtual ,Inspection Excution - Virtual !3,Inspection Execution – Virtual,Start Virtual Session,Initialize the virtual inspection session.,Scheduled Visit,Click Start Session,"Validate visit status, execution window, inspector assignment and factory confirmation. Create Virtual Session.",None,Visit ID,Virtual Session,Session may only start during the planned execution window.,Inspector,Workflow Engine,Session created successfully.,"module=Inspection Execution – Virtual | capability=Start Virtual Session | purpose=Initialize the virtual inspection session. | user_flow=Scheduled Visit | user_actions=Click Start Session | system_actions=Validate visit status, execution window, inspector assignment and factory confirmation. Create Virtual Session. | ai_actions=None | inputs=Visit ID | outputs=Virtual Session | business_rules=Session may only start during the planned execution window. | personas=Inspector | dependencies=Workflow Engine | source_acceptance_criteria=Session created successfully.",PHASE1_WEB,,MOD-10,M11,/virtual/**,SAQEEL Virtual,WA-AC-0338,,,WA-EV-0338,BASELINED_NOT_IMPLEMENTED
CR-339,SRC-CUST-001,c2ab27f60bf697780acf16d2b50f0f359b1bf78c1b89725bad3b1ab3005f04b9,Inspection Excution - Virtual ,Inspection Excution - Virtual !4,Inspection Execution – Virtual,Create Session Timeline,Start operational timeline.,Session Started,None,Create Virtual Session Timeline and capture session start timestamp.,None,Session,Timeline,Timeline starts before meeting connection.,Inspector,Audit Service,Timeline created successfully.,module=Inspection Execution – Virtual | capability=Create Session Timeline | purpose=Start operational timeline. | user_flow=Session Started | user_actions=None | system_actions=Create Virtual Session Timeline and capture session start timestamp. | ai_actions=None | inputs=Session | outputs=Timeline | business_rules=Timeline starts before meeting connection. | personas=Inspector | dependencies=Audit Service | source_acceptance_criteria=Timeline created successfully.,PHASE1_WEB,,MOD-10,M11,/virtual/**,SAQEEL Virtual,WA-AC-0339,,,WA-EV-0339,BASELINED_NOT_IMPLEMENTED
CR-340,SRC-CUST-001,c2ab27f60bf697780acf16d2b50f0f359b1bf78c1b89725bad3b1ab3005f04b9,Inspection Excution - Virtual ,Inspection Excution - Virtual !5,Inspection Execution – Virtual,Update Operational State,Reflect current operational progress.,Session Started,None,Update Operational State to Session Started while Workflow Status remains unchanged.,None,Current State,Updated State,Workflow Status changes only after inspection starts.,Inspector,Workflow Engine,Operational State updated successfully.,module=Inspection Execution – Virtual | capability=Update Operational State | purpose=Reflect current operational progress. | user_flow=Session Started | user_actions=None | system_actions=Update Operational State to Session Started while Workflow Status remains unchanged. | ai_actions=None | inputs=Current State | outputs=Updated State | business_rules=Workflow Status changes only after inspection starts. | personas=Inspector | dependencies=Workflow Engine | source_acceptance_criteria=Operational State updated successfully.,PHASE1_WEB,,MOD-10,M11,/virtual/**,SAQEEL Virtual,WA-AC-0340,,,WA-EV-0340,BASELINED_NOT_IMPLEMENTED
CR-341,SRC-CUST-001,c2ab27f60bf697780acf16d2b50f0f359b1bf78c1b89725bad3b1ab3005f04b9,Inspection Excution - Virtual ,Inspection Excution - Virtual !6,Inspection Execution – Virtual,Cancel Virtual Visit,Cancel before inspection begins.,Session Started,Click Cancel,Display cancellation form.,None,Visit,Cancellation Request,Cancellation only allowed before inspection starts.,Inspector,Workflow Engine,Cancellation initiated successfully.,module=Inspection Execution – Virtual | capability=Cancel Virtual Visit | purpose=Cancel before inspection begins. | user_flow=Session Started | user_actions=Click Cancel | system_actions=Display cancellation form. | ai_actions=None | inputs=Visit | outputs=Cancellation Request | business_rules=Cancellation only allowed before inspection starts. | personas=Inspector | dependencies=Workflow Engine | source_acceptance_criteria=Cancellation initiated successfully.,PHASE1_WEB,,MOD-10,M11,/virtual/**,SAQEEL Virtual,WA-AC-0341,,,WA-EV-0341,BASELINED_NOT_IMPLEMENTED
CR-342,SRC-CUST-001,c2ab27f60bf697780acf16d2b50f0f359b1bf78c1b89725bad3b1ab3005f04b9,Inspection Excution - Virtual ,Inspection Excution - Virtual !7,Inspection Execution – Virtual,Capture Cancellation Reason,Record why the virtual visit was cancelled.,Cancel Visit,Select Reason,Save cancellation reason and comments.,None,Reason,Cancellation Record,Reason mandatory.,Inspector,Lookup Management,Cancellation reason recorded.,module=Inspection Execution – Virtual | capability=Capture Cancellation Reason | purpose=Record why the virtual visit was cancelled. | user_flow=Cancel Visit | user_actions=Select Reason | system_actions=Save cancellation reason and comments. | ai_actions=None | inputs=Reason | outputs=Cancellation Record | business_rules=Reason mandatory. | personas=Inspector | dependencies=Lookup Management | source_acceptance_criteria=Cancellation reason recorded.,PHASE1_WEB,,MOD-10,M11,/virtual/**,SAQEEL Virtual,WA-AC-0342,,,WA-EV-0342,BASELINED_NOT_IMPLEMENTED
CR-343,SRC-CUST-001,c2ab27f60bf697780acf16d2b50f0f359b1bf78c1b89725bad3b1ab3005f04b9,Inspection Excution - Virtual ,Inspection Excution - Virtual !8,Inspection Execution – Virtual,Generate Audit Events,Capture all initialization activities.,Throughout Session,None,"Record session creation, cancellation and operational state updates.",None,Events,Audit Timeline,Every event shall be auditable.,Inspector,Audit Service,Audit generated successfully.,"module=Inspection Execution – Virtual | capability=Generate Audit Events | purpose=Capture all initialization activities. | user_flow=Throughout Session | user_actions=None | system_actions=Record session creation, cancellation and operational state updates. | ai_actions=None | inputs=Events | outputs=Audit Timeline | business_rules=Every event shall be auditable. | personas=Inspector | dependencies=Audit Service | source_acceptance_criteria=Audit generated successfully.",PHASE1_WEB,,MOD-10,M11,/virtual/**,SAQEEL Virtual,WA-AC-0343,,,WA-EV-0343,BASELINED_NOT_IMPLEMENTED
CR-344,SRC-CUST-001,c2ab27f60bf697780acf16d2b50f0f359b1bf78c1b89725bad3b1ab3005f04b9,Inspection Excution - Virtual ,Inspection Excution - Virtual !9,Inspection Execution – Virtual,Join Session,Connect inspector to the virtual session.,Session Started,Click Join Session,Open configured meeting provider and connect inspector.,None,Session,Active Meeting,Meeting provider is transparent to business users.,Inspector,Meeting Integration,Inspector connected successfully.,module=Inspection Execution – Virtual | capability=Join Session | purpose=Connect inspector to the virtual session. | user_flow=Session Started | user_actions=Click Join Session | system_actions=Open configured meeting provider and connect inspector. | ai_actions=None | inputs=Session | outputs=Active Meeting | business_rules=Meeting provider is transparent to business users. | personas=Inspector | dependencies=Meeting Integration | source_acceptance_criteria=Inspector connected successfully.,PHASE1_WEB,,MOD-10,M11,/virtual/**,SAQEEL Virtual,WA-AC-0344,,,WA-EV-0344,BASELINED_NOT_IMPLEMENTED
CR-345,SRC-CUST-001,c2ab27f60bf697780acf16d2b50f0f359b1bf78c1b89725bad3b1ab3005f04b9,Inspection Excution - Virtual ,Inspection Excution - Virtual !10,Inspection Execution – Virtual,Wait for Factory Representative,Wait until the factory representative joins.,Waiting Room,None,Monitor participant status.,None,Session,Waiting Status,Inspection cannot start until factory joins.,Inspector,Meeting Provider,Waiting state displayed correctly.,module=Inspection Execution – Virtual | capability=Wait for Factory Representative | purpose=Wait until the factory representative joins. | user_flow=Waiting Room | user_actions=None | system_actions=Monitor participant status. | ai_actions=None | inputs=Session | outputs=Waiting Status | business_rules=Inspection cannot start until factory joins. | personas=Inspector | dependencies=Meeting Provider | source_acceptance_criteria=Waiting state displayed correctly.,PHASE1_WEB,,MOD-10,M11,/virtual/**,SAQEEL Virtual,WA-AC-0345,,,WA-EV-0345,BASELINED_NOT_IMPLEMENTED
CR-346,SRC-CUST-001,c2ab27f60bf697780acf16d2b50f0f359b1bf78c1b89725bad3b1ab3005f04b9,Inspection Excution - Virtual ,Inspection Excution - Virtual !11,Inspection Execution – Virtual,Capture Participant Join,Record attendance.,Meeting,None,Capture Inspector Join Time and Factory Representative Join Time.,None,Participants,Attendance Record,Join times are auditable.,Inspector,Meeting Provider,Join times stored successfully.,module=Inspection Execution – Virtual | capability=Capture Participant Join | purpose=Record attendance. | user_flow=Meeting | user_actions=None | system_actions=Capture Inspector Join Time and Factory Representative Join Time. | ai_actions=None | inputs=Participants | outputs=Attendance Record | business_rules=Join times are auditable. | personas=Inspector | dependencies=Meeting Provider | source_acceptance_criteria=Join times stored successfully.,PHASE1_WEB,,MOD-10,M11,/virtual/**,SAQEEL Virtual,WA-AC-0346,,,WA-EV-0346,BASELINED_NOT_IMPLEMENTED
CR-347,SRC-CUST-001,c2ab27f60bf697780acf16d2b50f0f359b1bf78c1b89725bad3b1ab3005f04b9,Inspection Excution - Virtual ,Inspection Excution - Virtual !12,Inspection Execution – Virtual,Monitor Session Status,Monitor active meeting.,During Session,None,"Track Connected, Disconnected, Reconnected and Session End events.",None,Session,Session Events,Every meeting event recorded.,Inspector,Meeting Provider,Meeting lifecycle recorded successfully.,"module=Inspection Execution – Virtual | capability=Monitor Session Status | purpose=Monitor active meeting. | user_flow=During Session | user_actions=None | system_actions=Track Connected, Disconnected, Reconnected and Session End events. | ai_actions=None | inputs=Session | outputs=Session Events | business_rules=Every meeting event recorded. | personas=Inspector | dependencies=Meeting Provider | source_acceptance_criteria=Meeting lifecycle recorded successfully.",PHASE1_WEB,,MOD-10,M11,/virtual/**,SAQEEL Virtual,WA-AC-0347,,,WA-EV-0347,BASELINED_NOT_IMPLEMENTED
CR-348,SRC-CUST-001,c2ab27f60bf697780acf16d2b50f0f359b1bf78c1b89725bad3b1ab3005f04b9,Inspection Excution - Virtual ,Inspection Excution - Virtual !13,Inspection Execution – Virtual,Generate Session Audit,Record session lifecycle.,Throughout Meeting,None,"Record Join, Leave, Disconnect and Reconnect events.",None,Session Events,Audit Timeline,Session history always available.,Reviewer,Audit Service,Complete meeting audit generated.,"module=Inspection Execution – Virtual | capability=Generate Session Audit | purpose=Record session lifecycle. | user_flow=Throughout Meeting | user_actions=None | system_actions=Record Join, Leave, Disconnect and Reconnect events. | ai_actions=None | inputs=Session Events | outputs=Audit Timeline | business_rules=Session history always available. | personas=Reviewer | dependencies=Audit Service | source_acceptance_criteria=Complete meeting audit generated.",PHASE1_WEB,,MOD-10,M11,/virtual/**,SAQEEL Virtual,WA-AC-0348,,,WA-EV-0348,BASELINED_NOT_IMPLEMENTED
CR-349,SRC-CUST-001,c2ab27f60bf697780acf16d2b50f0f359b1bf78c1b89725bad3b1ab3005f04b9,Inspection Excution - Virtual ,Inspection Excution - Virtual !14,Inspection Execution – Virtual,Initiate Identity Verification,Verify the factory representative before inspection starts.,Meeting Connected,Click Verify Identity,Display available verification method.,None,Session,Verification Request,Inspection cannot proceed before verification.,Inspector,Identity Service,Verification initiated successfully.,module=Inspection Execution – Virtual | capability=Initiate Identity Verification | purpose=Verify the factory representative before inspection starts. | user_flow=Meeting Connected | user_actions=Click Verify Identity | system_actions=Display available verification method. | ai_actions=None | inputs=Session | outputs=Verification Request | business_rules=Inspection cannot proceed before verification. | personas=Inspector | dependencies=Identity Service | source_acceptance_criteria=Verification initiated successfully.,PHASE1_WEB,,MOD-10,M11,/virtual/**,SAQEEL Virtual,WA-AC-0349,,,WA-EV-0349,BASELINED_NOT_IMPLEMENTED
CR-350,SRC-CUST-001,c2ab27f60bf697780acf16d2b50f0f359b1bf78c1b89725bad3b1ab3005f04b9,Inspection Excution - Virtual ,Inspection Excution - Virtual !15,Inspection Execution – Virtual,Send OTP,Generate verification code.,Verification,Click Send OTP,Generate OTP and send it to the registered representative.,None,Representative Contact,OTP,OTP validity configurable.,Inspector,Notification Service,OTP sent successfully.,module=Inspection Execution – Virtual | capability=Send OTP | purpose=Generate verification code. | user_flow=Verification | user_actions=Click Send OTP | system_actions=Generate OTP and send it to the registered representative. | ai_actions=None | inputs=Representative Contact | outputs=OTP | business_rules=OTP validity configurable. | personas=Inspector | dependencies=Notification Service | source_acceptance_criteria=OTP sent successfully.,PHASE1_WEB,,MOD-10,M11,/virtual/**,SAQEEL Virtual,WA-AC-0350,,,WA-EV-0350,BASELINED_NOT_IMPLEMENTED
CR-351,SRC-CUST-001,c2ab27f60bf697780acf16d2b50f0f359b1bf78c1b89725bad3b1ab3005f04b9,Inspection Excution - Virtual ,Inspection Excution - Virtual !16,Inspection Execution – Virtual,Verify OTP,Verify representative identity.,Verification,Enter OTP,Validate OTP.,None,OTP,Verified Identity,Only verified representatives may proceed.,Inspector,Identity Service,OTP validated successfully.,module=Inspection Execution – Virtual | capability=Verify OTP | purpose=Verify representative identity. | user_flow=Verification | user_actions=Enter OTP | system_actions=Validate OTP. | ai_actions=None | inputs=OTP | outputs=Verified Identity | business_rules=Only verified representatives may proceed. | personas=Inspector | dependencies=Identity Service | source_acceptance_criteria=OTP validated successfully.,PHASE1_WEB,,MOD-10,M11,/virtual/**,SAQEEL Virtual,WA-AC-0351,,,WA-EV-0351,BASELINED_NOT_IMPLEMENTED
CR-352,SRC-CUST-001,c2ab27f60bf697780acf16d2b50f0f359b1bf78c1b89725bad3b1ab3005f04b9,Inspection Excution - Virtual ,Inspection Excution - Virtual !17,Inspection Execution – Virtual,Handle Verification Failure,Handle failed verification attempts.,OTP Failed,Retry,Allow configurable retry attempts. Block inspection after maximum attempts.,None,Invalid OTP,Failed Verification,Inspection cannot start while verification fails.,Inspector,Identity Service,Failure handled correctly.,module=Inspection Execution – Virtual | capability=Handle Verification Failure | purpose=Handle failed verification attempts. | user_flow=OTP Failed | user_actions=Retry | system_actions=Allow configurable retry attempts. Block inspection after maximum attempts. | ai_actions=None | inputs=Invalid OTP | outputs=Failed Verification | business_rules=Inspection cannot start while verification fails. | personas=Inspector | dependencies=Identity Service | source_acceptance_criteria=Failure handled correctly.,PHASE1_WEB,,MOD-10,M11,/virtual/**,SAQEEL Virtual,WA-AC-0352,,,WA-EV-0352,BASELINED_NOT_IMPLEMENTED
CR-353,SRC-CUST-001,c2ab27f60bf697780acf16d2b50f0f359b1bf78c1b89725bad3b1ab3005f04b9,Inspection Excution - Virtual ,Inspection Excution - Virtual !18,Inspection Execution – Virtual,Record Verification Details,Preserve verification evidence.,OTP Success,None,"Capture verification time, verification method and representative details.",None,Verification,Verification Record,Verification becomes part of inspection audit.,Reviewer,Audit Service,Verification stored successfully.,"module=Inspection Execution – Virtual | capability=Record Verification Details | purpose=Preserve verification evidence. | user_flow=OTP Success | user_actions=None | system_actions=Capture verification time, verification method and representative details. | ai_actions=None | inputs=Verification | outputs=Verification Record | business_rules=Verification becomes part of inspection audit. | personas=Reviewer | dependencies=Audit Service | source_acceptance_criteria=Verification stored successfully.",PHASE1_WEB,,MOD-10,M11,/virtual/**,SAQEEL Virtual,WA-AC-0353,,,WA-EV-0353,BASELINED_NOT_IMPLEMENTED
CR-354,SRC-CUST-001,c2ab27f60bf697780acf16d2b50f0f359b1bf78c1b89725bad3b1ab3005f04b9,Inspection Excution - Virtual ,Inspection Excution - Virtual !19,Inspection Execution – Virtual,Update Operational State,Reflect successful verification.,Identity Verified,None,Update Operational State from Session Started to Identity Verified.,None,Current State,Updated State,Workflow Status unchanged.,Inspector,Workflow Engine,Operational State updated successfully.,module=Inspection Execution – Virtual | capability=Update Operational State | purpose=Reflect successful verification. | user_flow=Identity Verified | user_actions=None | system_actions=Update Operational State from Session Started to Identity Verified. | ai_actions=None | inputs=Current State | outputs=Updated State | business_rules=Workflow Status unchanged. | personas=Inspector | dependencies=Workflow Engine | source_acceptance_criteria=Operational State updated successfully.,PHASE1_WEB,,MOD-10,M11,/virtual/**,SAQEEL Virtual,WA-AC-0354,,,WA-EV-0354,BASELINED_NOT_IMPLEMENTED
CR-355,SRC-CUST-001,c2ab27f60bf697780acf16d2b50f0f359b1bf78c1b89725bad3b1ab3005f04b9,Inspection Excution - Virtual ,Inspection Excution - Virtual !20,Inspection Execution – Virtual,Start Inspection,Officially begin the inspection execution.,Identity Verified,Click Start Inspection,"Update Workflow Status to In Progress, initialize Execution Workspace, create Inspection Session and start SLA timer.",None,Virtual Session,Active Inspection,Inspection cannot start before successful identity verification.,Inspector,Execution Engine,Execution Workspace opens successfully.,"module=Inspection Execution – Virtual | capability=Start Inspection | purpose=Officially begin the inspection execution. | user_flow=Identity Verified | user_actions=Click Start Inspection | system_actions=Update Workflow Status to In Progress, initialize Execution Workspace, create Inspection Session and start SLA timer. | ai_actions=None | inputs=Virtual Session | outputs=Active Inspection | business_rules=Inspection cannot start before successful identity verification. | personas=Inspector | dependencies=Execution Engine | source_acceptance_criteria=Execution Workspace opens successfully.",PHASE1_WEB,,MOD-10,M11,/virtual/**,SAQEEL Virtual,WA-AC-0355,,,WA-EV-0355,BASELINED_NOT_IMPLEMENTED
CR-356,SRC-CUST-001,c2ab27f60bf697780acf16d2b50f0f359b1bf78c1b89725bad3b1ab3005f04b9,Inspection Excution - Virtual ,Inspection Excution - Virtual !21,Inspection Execution – Virtual,Redirect to Common Execution Engine,Reuse the standard inspection execution flow.,Inspection Started,None,Redirect inspector to the shared execution engine used by all inspection modes.,None,Inspection Session,Execution Workspace,No virtual-specific logic exists after this point.,Inspector,Common Execution Engine,Inspector continues using the shared execution flow.,module=Inspection Execution – Virtual | capability=Redirect to Common Execution Engine | purpose=Reuse the standard inspection execution flow. | user_flow=Inspection Started | user_actions=None | system_actions=Redirect inspector to the shared execution engine used by all inspection modes. | ai_actions=None | inputs=Inspection Session | outputs=Execution Workspace | business_rules=No virtual-specific logic exists after this point. | personas=Inspector | dependencies=Common Execution Engine | source_acceptance_criteria=Inspector continues using the shared execution flow.,PHASE1_WEB,,MOD-10,M11,/virtual/**,SAQEEL Virtual,WA-AC-0356,,,WA-EV-0356,BASELINED_NOT_IMPLEMENTED
CR-357,SRC-CUST-001,c2ab27f60bf697780acf16d2b50f0f359b1bf78c1b89725bad3b1ab3005f04b9,Inspection Excution-Level2Flow,Inspection Excution-Level2Flow!2,Inspection Review,Review Decision Panel,Allow Level 2 reviewer to take the final review decision.,Pending Review → Open Inspection → Review → Decision Panel,"Select Approve, Return, or Reject.",Display available actions based on reviewer permission and inspection status.,None,"Inspection ID, Reviewer ID",Decision Options,"Only Level 2 reviewer can approve, return, or reject. Reviewer cannot edit inspection content.",Level 2 Reviewer,"Workflow Engine, Permission Engine",Reviewer sees only valid actions for Pending Review inspection.,"module=Inspection Review | capability=Review Decision Panel | purpose=Allow Level 2 reviewer to take the final review decision. | user_flow=Pending Review → Open Inspection → Review → Decision Panel | user_actions=Select Approve, Return, or Reject. | system_actions=Display available actions based on reviewer permission and inspection status. | ai_actions=None | inputs=Inspection ID, Reviewer ID | outputs=Decision Options | business_rules=Only Level 2 reviewer can approve, return, or reject. Reviewer cannot edit inspection content. | personas=Level 2 Reviewer | dependencies=Workflow Engine, Permission Engine | source_acceptance_criteria=Reviewer sees only valid actions for Pending Review inspection.",PHASE1_WEB,,MOD-14,M5,/reviews/**,SAQEEL Review & Approval,WA-AC-0357,,,WA-EV-0357,BASELINED_NOT_IMPLEMENTED
CR-358,SRC-CUST-001,c2ab27f60bf697780acf16d2b50f0f359b1bf78c1b89725bad3b1ab3005f04b9,Inspection Excution-Level2Flow,Inspection Excution-Level2Flow!3,Inspection Review,Approve Confirmation,Prevent accidental approval of high-impact inspection outcomes.,Review → Approve → Confirmation Modal,"Click Approve, review confirmation summary, confirm approval or cancel.","Display inspection summary, violations, critical violations, action forms, evidence count, factory updates, version number, and compliance preview.",None,"Inspection Summary, Generated Violations, Action Forms",Approval Confirmation,Approval is irreversible. Reviewer must confirm before approval is committed.,Level 2 Reviewer,"Review Engine, Compliance Preview Engine",Approval confirmation appears before final approval.,"module=Inspection Review | capability=Approve Confirmation | purpose=Prevent accidental approval of high-impact inspection outcomes. | user_flow=Review → Approve → Confirmation Modal | user_actions=Click Approve, review confirmation summary, confirm approval or cancel. | system_actions=Display inspection summary, violations, critical violations, action forms, evidence count, factory updates, version number, and compliance preview. | ai_actions=None | inputs=Inspection Summary, Generated Violations, Action Forms | outputs=Approval Confirmation | business_rules=Approval is irreversible. Reviewer must confirm before approval is committed. | personas=Level 2 Reviewer | dependencies=Review Engine, Compliance Preview Engine | source_acceptance_criteria=Approval confirmation appears before final approval.",PHASE1_WEB,,MOD-14,M5,/reviews/**,SAQEEL Review & Approval,WA-AC-0358,,,WA-EV-0358,BASELINED_NOT_IMPLEMENTED
CR-359,SRC-CUST-001,c2ab27f60bf697780acf16d2b50f0f359b1bf78c1b89725bad3b1ab3005f04b9,Inspection Excution-Level2Flow,Inspection Excution-Level2Flow!4,Inspection Review,Compliance Preview,Show reviewer the expected compliance consequences before approval.,Approve Confirmation,Review preview only.,"Display expected penalties, official documents, corrective actions, and notifications that may be generated after approval.",None,"Generated Violations, Penalty Configuration",Compliance Preview,Preview is read-only. Reviewer cannot modify penalties from this screen.,Level 2 Reviewer,"Compliance Configuration, Dynamic Template Builder",Reviewer can see consequences before approving.,"module=Inspection Review | capability=Compliance Preview | purpose=Show reviewer the expected compliance consequences before approval. | user_flow=Approve Confirmation | user_actions=Review preview only. | system_actions=Display expected penalties, official documents, corrective actions, and notifications that may be generated after approval. | ai_actions=None | inputs=Generated Violations, Penalty Configuration | outputs=Compliance Preview | business_rules=Preview is read-only. Reviewer cannot modify penalties from this screen. | personas=Level 2 Reviewer | dependencies=Compliance Configuration, Dynamic Template Builder | source_acceptance_criteria=Reviewer can see consequences before approving.",PHASE1_WEB,,MOD-14,M5,/reviews/**,SAQEEL Review & Approval,WA-AC-0359,,,WA-EV-0359,BASELINED_NOT_IMPLEMENTED
CR-360,SRC-CUST-001,c2ab27f60bf697780acf16d2b50f0f359b1bf78c1b89725bad3b1ab3005f04b9,Inspection Excution-Level2Flow,Inspection Excution-Level2Flow!5,Inspection Review,Approve Inspection,Approve the submitted inspection and hand over to Compliance Management.,Approve Confirmation → Confirm Approve,Click Confirm Approve.,"Permanently lock latest inspection version, update status to Approved, create approval timeline event, notify inspector, trigger Compliance Management.",None,Approved Decision,Approved Inspection,Approved inspection is permanently read-only. Compliance Engine starts only after approval.,Level 2 Reviewer,"Workflow Engine, Compliance Engine, Notification Service, Audit Service",Inspection status becomes Approved and Compliance Management is triggered.,"module=Inspection Review | capability=Approve Inspection | purpose=Approve the submitted inspection and hand over to Compliance Management. | user_flow=Approve Confirmation → Confirm Approve | user_actions=Click Confirm Approve. | system_actions=Permanently lock latest inspection version, update status to Approved, create approval timeline event, notify inspector, trigger Compliance Management. | ai_actions=None | inputs=Approved Decision | outputs=Approved Inspection | business_rules=Approved inspection is permanently read-only. Compliance Engine starts only after approval. | personas=Level 2 Reviewer | dependencies=Workflow Engine, Compliance Engine, Notification Service, Audit Service | source_acceptance_criteria=Inspection status becomes Approved and Compliance Management is triggered.",PHASE1_WEB,,MOD-14,M5,/reviews/**,SAQEEL Review & Approval,WA-AC-0360,,,WA-EV-0360,BASELINED_NOT_IMPLEMENTED
CR-361,SRC-CUST-001,c2ab27f60bf697780acf16d2b50f0f359b1bf78c1b89725bad3b1ab3005f04b9,Inspection Excution-Level2Flow,Inspection Excution-Level2Flow!6,Inspection Review,Return Confirmation,Confirm return decision and required correction scope.,Review → Return → Return Modal,"Select returned sections, enter mandatory reason, optional comments, confirm return or cancel.","Display selected returned sections, reason field, comments field, and return impact summary.",None,"Return Sections, Reason, Comments",Return Confirmation,Return reason is mandatory. Reviewer may identify one or more sections requiring correction.,Level 2 Reviewer,"Workflow Engine, Version Engine",Return cannot be submitted without reason.,"module=Inspection Review | capability=Return Confirmation | purpose=Confirm return decision and required correction scope. | user_flow=Review → Return → Return Modal | user_actions=Select returned sections, enter mandatory reason, optional comments, confirm return or cancel. | system_actions=Display selected returned sections, reason field, comments field, and return impact summary. | ai_actions=None | inputs=Return Sections, Reason, Comments | outputs=Return Confirmation | business_rules=Return reason is mandatory. Reviewer may identify one or more sections requiring correction. | personas=Level 2 Reviewer | dependencies=Workflow Engine, Version Engine | source_acceptance_criteria=Return cannot be submitted without reason.",PHASE1_WEB,,MOD-14,M5,/reviews/**,SAQEEL Review & Approval,WA-AC-0361,,,WA-EV-0361,BASELINED_NOT_IMPLEMENTED
CR-362,SRC-CUST-001,c2ab27f60bf697780acf16d2b50f0f359b1bf78c1b89725bad3b1ab3005f04b9,Inspection Excution-Level2Flow,Inspection Excution-Level2Flow!7,Inspection Review,Return Inspection,Return inspection to inspector for correction.,Return Confirmation → Confirm Return,Confirm return.,"Update status to Returned, unlock returned inspection for assigned inspector, preserve submitted version, notify inspector, create timeline and audit events.",None,Return Decision,Returned Inspection,Returned inspection becomes editable for inspector. Previous submitted version remains locked for audit.,"Level 2 Reviewer, Inspector","Workflow Engine, Version Engine, Notification Service",Inspection is returned and inspector can update it.,"module=Inspection Review | capability=Return Inspection | purpose=Return inspection to inspector for correction. | user_flow=Return Confirmation → Confirm Return | user_actions=Confirm return. | system_actions=Update status to Returned, unlock returned inspection for assigned inspector, preserve submitted version, notify inspector, create timeline and audit events. | ai_actions=None | inputs=Return Decision | outputs=Returned Inspection | business_rules=Returned inspection becomes editable for inspector. Previous submitted version remains locked for audit. | personas=Level 2 Reviewer, Inspector | dependencies=Workflow Engine, Version Engine, Notification Service | source_acceptance_criteria=Inspection is returned and inspector can update it.",PHASE1_WEB,,MOD-14,M5,/reviews/**,SAQEEL Review & Approval,WA-AC-0362,,,WA-EV-0362,BASELINED_NOT_IMPLEMENTED
CR-363,SRC-CUST-001,c2ab27f60bf697780acf16d2b50f0f359b1bf78c1b89725bad3b1ab3005f04b9,Inspection Excution-Level2Flow,Inspection Excution-Level2Flow!8,Inspection Review,Reject Confirmation,Prevent accidental rejection of submitted inspection.,Review → Reject → Reject Modal,"Enter mandatory rejection reason, optional comments, confirm reject or cancel.","Display rejection impact: status becomes Rejected, no Compliance Management, inspection read-only forever, inspector notified.",None,"Rejection Reason, Comments",Reject Confirmation,Rejection reason is mandatory. Reject is final.,Level 2 Reviewer,Workflow Engine,Reject cannot proceed without reason.,"module=Inspection Review | capability=Reject Confirmation | purpose=Prevent accidental rejection of submitted inspection. | user_flow=Review → Reject → Reject Modal | user_actions=Enter mandatory rejection reason, optional comments, confirm reject or cancel. | system_actions=Display rejection impact: status becomes Rejected, no Compliance Management, inspection read-only forever, inspector notified. | ai_actions=None | inputs=Rejection Reason, Comments | outputs=Reject Confirmation | business_rules=Rejection reason is mandatory. Reject is final. | personas=Level 2 Reviewer | dependencies=Workflow Engine | source_acceptance_criteria=Reject cannot proceed without reason.",PHASE1_WEB,,MOD-14,M5,/reviews/**,SAQEEL Review & Approval,WA-AC-0363,,,WA-EV-0363,BASELINED_NOT_IMPLEMENTED
CR-364,SRC-CUST-001,c2ab27f60bf697780acf16d2b50f0f359b1bf78c1b89725bad3b1ab3005f04b9,Inspection Excution-Level2Flow,Inspection Excution-Level2Flow!9,Inspection Review,Reject Inspection,Invalidate submitted inspection and close review without compliance processing.,Reject Confirmation → Confirm Reject,Confirm reject.,"Update status to Rejected, permanently lock inspection, stop workflow, prevent Compliance Management trigger, notify inspector, create timeline and audit events.",None,Rejection Decision,Rejected Inspection,"Rejected inspections cannot be reopened. If another inspection is required, a new visit must be created.",Level 2 Reviewer,"Workflow Engine, Notification Service, Audit Service","Inspection is rejected, read-only, and Compliance Engine is not triggered.","module=Inspection Review | capability=Reject Inspection | purpose=Invalidate submitted inspection and close review without compliance processing. | user_flow=Reject Confirmation → Confirm Reject | user_actions=Confirm reject. | system_actions=Update status to Rejected, permanently lock inspection, stop workflow, prevent Compliance Management trigger, notify inspector, create timeline and audit events. | ai_actions=None | inputs=Rejection Decision | outputs=Rejected Inspection | business_rules=Rejected inspections cannot be reopened. If another inspection is required, a new visit must be created. | personas=Level 2 Reviewer | dependencies=Workflow Engine, Notification Service, Audit Service | source_acceptance_criteria=Inspection is rejected, read-only, and Compliance Engine is not triggered.",PHASE1_WEB,,MOD-14,M5,/reviews/**,SAQEEL Review & Approval,WA-AC-0364,,,WA-EV-0364,BASELINED_NOT_IMPLEMENTED
CR-365,SRC-CUST-001,c2ab27f60bf697780acf16d2b50f0f359b1bf78c1b89725bad3b1ab3005f04b9,Inspection Excution-Level2Flow,Inspection Excution-Level2Flow!10,Inspection Review,Decision Audit,Capture all reviewer decisions for traceability.,Any Review Decision,None.,"Log reviewer ID, decision, reason, comments, previous status, new status, timestamp, version, and affected sections.",None,Decision Event,Audit Record,Every decision must be immutable and auditable.,"Reviewer, Auditor",Audit Service,Complete audit record exists for each decision.,"module=Inspection Review | capability=Decision Audit | purpose=Capture all reviewer decisions for traceability. | user_flow=Any Review Decision | user_actions=None. | system_actions=Log reviewer ID, decision, reason, comments, previous status, new status, timestamp, version, and affected sections. | ai_actions=None | inputs=Decision Event | outputs=Audit Record | business_rules=Every decision must be immutable and auditable. | personas=Reviewer, Auditor | dependencies=Audit Service | source_acceptance_criteria=Complete audit record exists for each decision.",PHASE1_WEB,,MOD-14,M5,/reviews/**,SAQEEL Review & Approval,WA-AC-0365,,,WA-EV-0365,BASELINED_NOT_IMPLEMENTED
CR-366,SRC-CUST-001,c2ab27f60bf697780acf16d2b50f0f359b1bf78c1b89725bad3b1ab3005f04b9,Inspection Excution-Level2Flow,Inspection Excution-Level2Flow!11,Inspection Review,Decision Timeline,Show decision history in the inspection timeline.,Decision Completed,View timeline.,"Add timeline event for Approved, Returned, or Rejected decision.",None,Decision Event,Timeline Entry,Timeline is immutable.,"Inspector, Reviewer, Auditor",Timeline Service,Decision appears in inspection timeline.,"module=Inspection Review | capability=Decision Timeline | purpose=Show decision history in the inspection timeline. | user_flow=Decision Completed | user_actions=View timeline. | system_actions=Add timeline event for Approved, Returned, or Rejected decision. | ai_actions=None | inputs=Decision Event | outputs=Timeline Entry | business_rules=Timeline is immutable. | personas=Inspector, Reviewer, Auditor | dependencies=Timeline Service | source_acceptance_criteria=Decision appears in inspection timeline.",PHASE1_WEB,,MOD-14,M5,/reviews/**,SAQEEL Review & Approval,WA-AC-0366,,,WA-EV-0366,BASELINED_NOT_IMPLEMENTED
CR-367,SRC-CUST-001,c2ab27f60bf697780acf16d2b50f0f359b1bf78c1b89725bad3b1ab3005f04b9,Inspection Excution-Level2Flow,Inspection Excution-Level2Flow!12,Inspection Review,Version Handling on Return,Preserve inspection history across return cycles.,Return → Inspector Update → Resubmit,Inspector edits returned inspection and resubmits.,Preserve previous submitted version and create a new version on resubmission.,None,Returned Inspection,New Submission Version,No submitted version is overwritten. Latest submitted version is used for review.,"Inspector, Reviewer",Version Engine,Reviewer can compare previous and latest versions.,"module=Inspection Review | capability=Version Handling on Return | purpose=Preserve inspection history across return cycles. | user_flow=Return → Inspector Update → Resubmit | user_actions=Inspector edits returned inspection and resubmits. | system_actions=Preserve previous submitted version and create a new version on resubmission. | ai_actions=None | inputs=Returned Inspection | outputs=New Submission Version | business_rules=No submitted version is overwritten. Latest submitted version is used for review. | personas=Inspector, Reviewer | dependencies=Version Engine | source_acceptance_criteria=Reviewer can compare previous and latest versions.",PHASE1_WEB,,MOD-14,M5,/reviews/**,SAQEEL Review & Approval,WA-AC-0367,,,WA-EV-0367,BASELINED_NOT_IMPLEMENTED
CR-368,SRC-CUST-001,c2ab27f60bf697780acf16d2b50f0f359b1bf78c1b89725bad3b1ab3005f04b9,Inspection Excution-Level2Flow,Inspection Excution-Level2Flow!13,Inspection Review,Reviewer Read-Only Rule,Protect inspector-owned inspection data.,Reviewer Opens Inspection,Review only.,"Disable editing for report, checklist, evidence, factory observations, and action forms.",None,Submitted Inspection,Read-only Review View,Reviewer cannot modify inspection content. Correction must be done by Return.,Level 2 Reviewer,Permission Engine,Reviewer cannot edit submitted inspection fields.,"module=Inspection Review | capability=Reviewer Read-Only Rule | purpose=Protect inspector-owned inspection data. | user_flow=Reviewer Opens Inspection | user_actions=Review only. | system_actions=Disable editing for report, checklist, evidence, factory observations, and action forms. | ai_actions=None | inputs=Submitted Inspection | outputs=Read-only Review View | business_rules=Reviewer cannot modify inspection content. Correction must be done by Return. | personas=Level 2 Reviewer | dependencies=Permission Engine | source_acceptance_criteria=Reviewer cannot edit submitted inspection fields.",PHASE1_WEB,,MOD-14,M5,/reviews/**,SAQEEL Review & Approval,WA-AC-0368,,,WA-EV-0368,BASELINED_NOT_IMPLEMENTED
CR-369,SRC-CUST-001,c2ab27f60bf697780acf16d2b50f0f359b1bf78c1b89725bad3b1ab3005f04b9,Inspection Excution-Level2Flow,Inspection Excution-Level2Flow!14,Inspection Review,Display Pending Review Queue,Display all inspections awaiting review.,Reviewer Dashboard,Open Pending Review Queue,"Load inspections assigned to the reviewer. Display priority, SLA, risk, inspection type, execution mode and submission date.",Future recommendation ordering.,Reviewer ID,Pending Review Queue,Reviewer shall only view assigned inspections unless granted supervisor permissions.,Reviewer,Workflow Engine,Queue loads successfully.,"module=Inspection Review | capability=Display Pending Review Queue | purpose=Display all inspections awaiting review. | user_flow=Reviewer Dashboard | user_actions=Open Pending Review Queue | system_actions=Load inspections assigned to the reviewer. Display priority, SLA, risk, inspection type, execution mode and submission date. | ai_actions=Future recommendation ordering. | inputs=Reviewer ID | outputs=Pending Review Queue | business_rules=Reviewer shall only view assigned inspections unless granted supervisor permissions. | personas=Reviewer | dependencies=Workflow Engine | source_acceptance_criteria=Queue loads successfully.",PHASE1_WEB,,MOD-14,M5,/reviews/**,SAQEEL Review & Approval,WA-AC-0369,,,WA-EV-0369,BASELINED_NOT_IMPLEMENTED
CR-370,SRC-CUST-001,c2ab27f60bf697780acf16d2b50f0f359b1bf78c1b89725bad3b1ab3005f04b9,Inspection Excution-Level2Flow,Inspection Excution-Level2Flow!15,Inspection Review,Search & Filter Queue,Quickly locate inspections.,Pending Review Queue,Search and Filter,"Filter by Inspection Number, Factory, Region, Risk, Date, Inspector, Visit Type, Status and SLA.",Future smart search.,Search Criteria,Filtered Queue,Multiple filters may be combined.,Reviewer,Search Engine,Filters operate correctly.,"module=Inspection Review | capability=Search & Filter Queue | purpose=Quickly locate inspections. | user_flow=Pending Review Queue | user_actions=Search and Filter | system_actions=Filter by Inspection Number, Factory, Region, Risk, Date, Inspector, Visit Type, Status and SLA. | ai_actions=Future smart search. | inputs=Search Criteria | outputs=Filtered Queue | business_rules=Multiple filters may be combined. | personas=Reviewer | dependencies=Search Engine | source_acceptance_criteria=Filters operate correctly.",PHASE1_WEB,,MOD-14,M5,/reviews/**,SAQEEL Review & Approval,WA-AC-0370,,,WA-EV-0370,BASELINED_NOT_IMPLEMENTED
CR-371,SRC-CUST-001,c2ab27f60bf697780acf16d2b50f0f359b1bf78c1b89725bad3b1ab3005f04b9,Inspection Excution-Level2Flow,Inspection Excution-Level2Flow!16,Inspection Review,Open Submitted Inspection,Load complete inspection package.,Queue → Open Inspection,Open Inspection,"Load latest submitted inspection version including report, checklist, evidence, factory verification, action forms, timeline and audit history.",None,Inspection ID,Inspection Package,Latest submitted version shall always be opened.,Reviewer,Inspection Repository,Package loads successfully.,"module=Inspection Review | capability=Open Submitted Inspection | purpose=Load complete inspection package. | user_flow=Queue → Open Inspection | user_actions=Open Inspection | system_actions=Load latest submitted inspection version including report, checklist, evidence, factory verification, action forms, timeline and audit history. | ai_actions=None | inputs=Inspection ID | outputs=Inspection Package | business_rules=Latest submitted version shall always be opened. | personas=Reviewer | dependencies=Inspection Repository | source_acceptance_criteria=Package loads successfully.",PHASE1_WEB,,MOD-14,M5,/reviews/**,SAQEEL Review & Approval,WA-AC-0371,,,WA-EV-0371,BASELINED_NOT_IMPLEMENTED
CR-372,SRC-CUST-001,c2ab27f60bf697780acf16d2b50f0f359b1bf78c1b89725bad3b1ab3005f04b9,Inspection Excution-Level2Flow,Inspection Excution-Level2Flow!17,Inspection Review,Display Inspection Summary,Provide reviewer with an executive summary.,Inspection Opened,Review Summary,"Display inspection number, factory, inspector, execution mode, visit type, submission date, total violations, critical violations, evidence count and generated action forms.",Future risk summary.,Inspection Package,Inspection Summary,Summary is read-only.,Reviewer,Summary Engine,Summary displayed successfully.,"module=Inspection Review | capability=Display Inspection Summary | purpose=Provide reviewer with an executive summary. | user_flow=Inspection Opened | user_actions=Review Summary | system_actions=Display inspection number, factory, inspector, execution mode, visit type, submission date, total violations, critical violations, evidence count and generated action forms. | ai_actions=Future risk summary. | inputs=Inspection Package | outputs=Inspection Summary | business_rules=Summary is read-only. | personas=Reviewer | dependencies=Summary Engine | source_acceptance_criteria=Summary displayed successfully.",PHASE1_WEB,,MOD-14,M5,/reviews/**,SAQEEL Review & Approval,WA-AC-0372,,,WA-EV-0372,BASELINED_NOT_IMPLEMENTED
CR-373,SRC-CUST-001,c2ab27f60bf697780acf16d2b50f0f359b1bf78c1b89725bad3b1ab3005f04b9,Inspection Excution-Level2Flow,Inspection Excution-Level2Flow!18,Inspection Review,Review Factory Verification,Validate factory information updates.,Review,Review Changes,"Display Source Value, Observed Value, Before/After comparison and attached evidence.",Future highlight anomalies.,Factory Verification,Factory Review,Reviewer cannot edit factory information.,Reviewer,Observation Engine,Changes displayed correctly.,"module=Inspection Review | capability=Review Factory Verification | purpose=Validate factory information updates. | user_flow=Review | user_actions=Review Changes | system_actions=Display Source Value, Observed Value, Before/After comparison and attached evidence. | ai_actions=Future highlight anomalies. | inputs=Factory Verification | outputs=Factory Review | business_rules=Reviewer cannot edit factory information. | personas=Reviewer | dependencies=Observation Engine | source_acceptance_criteria=Changes displayed correctly.",PHASE1_WEB,,MOD-14,M5,/reviews/**,SAQEEL Review & Approval,WA-AC-0373,,,WA-EV-0373,BASELINED_NOT_IMPLEMENTED
CR-374,SRC-CUST-001,c2ab27f60bf697780acf16d2b50f0f359b1bf78c1b89725bad3b1ab3005f04b9,Inspection Excution-Level2Flow,Inspection Excution-Level2Flow!19,Inspection Review,Review Inspection Report,Validate completed inspection report.,Review,Open Report,"Display report responses, attachments and comments.",None,Report,Report Review,Report is read-only.,Reviewer,Dynamic Form Engine,Report displayed successfully.,"module=Inspection Review | capability=Review Inspection Report | purpose=Validate completed inspection report. | user_flow=Review | user_actions=Open Report | system_actions=Display report responses, attachments and comments. | ai_actions=None | inputs=Report | outputs=Report Review | business_rules=Report is read-only. | personas=Reviewer | dependencies=Dynamic Form Engine | source_acceptance_criteria=Report displayed successfully.",PHASE1_WEB,,MOD-14,M5,/reviews/**,SAQEEL Review & Approval,WA-AC-0374,,,WA-EV-0374,BASELINED_NOT_IMPLEMENTED
CR-375,SRC-CUST-001,c2ab27f60bf697780acf16d2b50f0f359b1bf78c1b89725bad3b1ab3005f04b9,Inspection Excution-Level2Flow,Inspection Excution-Level2Flow!20,Inspection Review,Review Inspection Checklist,Validate checklist execution.,Review,Open Checklist,"Display inspection items, responses, violations and evidence.",Future highlight inconsistent responses.,Checklist,Checklist Review,Reviewer cannot modify responses.,Reviewer,Checklist Engine,Checklist displayed successfully.,"module=Inspection Review | capability=Review Inspection Checklist | purpose=Validate checklist execution. | user_flow=Review | user_actions=Open Checklist | system_actions=Display inspection items, responses, violations and evidence. | ai_actions=Future highlight inconsistent responses. | inputs=Checklist | outputs=Checklist Review | business_rules=Reviewer cannot modify responses. | personas=Reviewer | dependencies=Checklist Engine | source_acceptance_criteria=Checklist displayed successfully.",PHASE1_WEB,,MOD-14,M5,/reviews/**,SAQEEL Review & Approval,WA-AC-0375,,,WA-EV-0375,BASELINED_NOT_IMPLEMENTED
CR-376,SRC-CUST-001,c2ab27f60bf697780acf16d2b50f0f359b1bf78c1b89725bad3b1ab3005f04b9,Inspection Excution-Level2Flow,Inspection Excution-Level2Flow!21,Inspection Review,Review Evidence,Validate inspection evidence.,Review,Preview Evidence,"Display photos, videos, documents and annotations linked to each inspection item.",Future image analysis.,Evidence,Evidence Review,Evidence is read-only.,Reviewer,Evidence Engine,Evidence displayed successfully.,"module=Inspection Review | capability=Review Evidence | purpose=Validate inspection evidence. | user_flow=Review | user_actions=Preview Evidence | system_actions=Display photos, videos, documents and annotations linked to each inspection item. | ai_actions=Future image analysis. | inputs=Evidence | outputs=Evidence Review | business_rules=Evidence is read-only. | personas=Reviewer | dependencies=Evidence Engine | source_acceptance_criteria=Evidence displayed successfully.",PHASE1_WEB,,MOD-14,M5,/reviews/**,SAQEEL Review & Approval,WA-AC-0376,,,WA-EV-0376,BASELINED_NOT_IMPLEMENTED
CR-377,SRC-CUST-001,c2ab27f60bf697780acf16d2b50f0f359b1bf78c1b89725bad3b1ab3005f04b9,Inspection Excution-Level2Flow,Inspection Excution-Level2Flow!22,Inspection Review,Review Action Forms,Validate generated action forms.,Review,Open Action Forms,"Display completed action forms, signatures and attachments.",None,Action Forms,Action Form Review,Reviewer cannot modify forms.,Reviewer,Dynamic Form Engine,Action Forms displayed successfully.,"module=Inspection Review | capability=Review Action Forms | purpose=Validate generated action forms. | user_flow=Review | user_actions=Open Action Forms | system_actions=Display completed action forms, signatures and attachments. | ai_actions=None | inputs=Action Forms | outputs=Action Form Review | business_rules=Reviewer cannot modify forms. | personas=Reviewer | dependencies=Dynamic Form Engine | source_acceptance_criteria=Action Forms displayed successfully.",PHASE1_WEB,,MOD-14,M5,/reviews/**,SAQEEL Review & Approval,WA-AC-0377,,,WA-EV-0377,BASELINED_NOT_IMPLEMENTED
CR-378,SRC-CUST-001,c2ab27f60bf697780acf16d2b50f0f359b1bf78c1b89725bad3b1ab3005f04b9,Inspection Excution-Level2Flow,Inspection Excution-Level2Flow!23,Inspection Review,Review Timeline,Display complete inspection lifecycle.,Review,View Timeline,Display chronological events from planning until submission.,None,Timeline,Inspection Timeline,Timeline is immutable.,Reviewer,Timeline Service,Timeline displayed successfully.,module=Inspection Review | capability=Review Timeline | purpose=Display complete inspection lifecycle. | user_flow=Review | user_actions=View Timeline | system_actions=Display chronological events from planning until submission. | ai_actions=None | inputs=Timeline | outputs=Inspection Timeline | business_rules=Timeline is immutable. | personas=Reviewer | dependencies=Timeline Service | source_acceptance_criteria=Timeline displayed successfully.,PHASE1_WEB,,MOD-14,M5,/reviews/**,SAQEEL Review & Approval,WA-AC-0378,,,WA-EV-0378,BASELINED_NOT_IMPLEMENTED
CR-379,SRC-CUST-001,c2ab27f60bf697780acf16d2b50f0f359b1bf78c1b89725bad3b1ab3005f04b9,Inspection Excution-Level2Flow,Inspection Excution-Level2Flow!24,Inspection Review,Review Version History,Compare inspection versions.,Review,Compare Versions,Display previous submissions and highlight differences between versions.,Future summarize changes.,Version History,Version Comparison,All submitted versions remain available.,Reviewer,Version Engine,Version comparison works correctly.,module=Inspection Review | capability=Review Version History | purpose=Compare inspection versions. | user_flow=Review | user_actions=Compare Versions | system_actions=Display previous submissions and highlight differences between versions. | ai_actions=Future summarize changes. | inputs=Version History | outputs=Version Comparison | business_rules=All submitted versions remain available. | personas=Reviewer | dependencies=Version Engine | source_acceptance_criteria=Version comparison works correctly.,PHASE1_WEB,,MOD-14,M5,/reviews/**,SAQEEL Review & Approval,WA-AC-0379,,,WA-EV-0379,BASELINED_NOT_IMPLEMENTED
CR-380,SRC-CUST-001,c2ab27f60bf697780acf16d2b50f0f359b1bf78c1b89725bad3b1ab3005f04b9,Inspection Excution-Level2Flow,Inspection Excution-Level2Flow!25,Inspection Review,Return Inspection,Return inspection for correction.,Review Decision,Click Return,"Require return reason, allow section selection, create return event, unlock inspection, notify inspector and update workflow.",None,Return Details,Returned Inspection,Return reason is mandatory.,Reviewer,Workflow Engine,Inspection successfully returned.,"module=Inspection Review | capability=Return Inspection | purpose=Return inspection for correction. | user_flow=Review Decision | user_actions=Click Return | system_actions=Require return reason, allow section selection, create return event, unlock inspection, notify inspector and update workflow. | ai_actions=None | inputs=Return Details | outputs=Returned Inspection | business_rules=Return reason is mandatory. | personas=Reviewer | dependencies=Workflow Engine | source_acceptance_criteria=Inspection successfully returned.",PHASE1_WEB,,MOD-14,M5,/reviews/**,SAQEEL Review & Approval,WA-AC-0380,,,WA-EV-0380,BASELINED_NOT_IMPLEMENTED
CR-381,SRC-CUST-001,c2ab27f60bf697780acf16d2b50f0f359b1bf78c1b89725bad3b1ab3005f04b9,Inspection Excution-Level2Flow,Inspection Excution-Level2Flow!26,Inspection Review,Approve Inspection,Approve inspection.,Review Decision,Click Approve,"Validate inspection, permanently lock latest version, update status to Approved, trigger Compliance Management, notify inspector and update timeline.",None,Inspection,Approved Inspection,Approved inspections become permanently read-only.,Reviewer,"Workflow Engine, Compliance Engine",Inspection approved successfully.,"module=Inspection Review | capability=Approve Inspection | purpose=Approve inspection. | user_flow=Review Decision | user_actions=Click Approve | system_actions=Validate inspection, permanently lock latest version, update status to Approved, trigger Compliance Management, notify inspector and update timeline. | ai_actions=None | inputs=Inspection | outputs=Approved Inspection | business_rules=Approved inspections become permanently read-only. | personas=Reviewer | dependencies=Workflow Engine, Compliance Engine | source_acceptance_criteria=Inspection approved successfully.",PHASE1_WEB,,MOD-14,M5,/reviews/**,SAQEEL Review & Approval,WA-AC-0381,,,WA-EV-0381,BASELINED_NOT_IMPLEMENTED
CR-382,SRC-CUST-001,c2ab27f60bf697780acf16d2b50f0f359b1bf78c1b89725bad3b1ab3005f04b9,Inspection Excution-Level2Flow,Inspection Excution-Level2Flow!27,Inspection Review,Reject Inspection,Reject inspection.,Review Decision,Click Reject,"Require rejection reason, update workflow to Rejected, close inspection, notify inspector and update timeline.",None,Rejection Details,Rejected Inspection,Compliance Management shall not be triggered.,Reviewer,Workflow Engine,Inspection rejected successfully.,"module=Inspection Review | capability=Reject Inspection | purpose=Reject inspection. | user_flow=Review Decision | user_actions=Click Reject | system_actions=Require rejection reason, update workflow to Rejected, close inspection, notify inspector and update timeline. | ai_actions=None | inputs=Rejection Details | outputs=Rejected Inspection | business_rules=Compliance Management shall not be triggered. | personas=Reviewer | dependencies=Workflow Engine | source_acceptance_criteria=Inspection rejected successfully.",PHASE1_WEB,,MOD-14,M5,/reviews/**,SAQEEL Review & Approval,WA-AC-0382,,,WA-EV-0382,BASELINED_NOT_IMPLEMENTED
CR-383,SRC-CUST-001,c2ab27f60bf697780acf16d2b50f0f359b1bf78c1b89725bad3b1ab3005f04b9,Inspection Excution-Level2Flow,Inspection Excution-Level2Flow!28,Inspection Review,Generate Audit Events,Preserve reviewer actions.,Throughout Review,None,"Record review opened, comments, approval, return, rejection, version viewed and timeline viewed.",None,Review Events,Audit Log,Every reviewer action shall be auditable.,Reviewer,Audit Service,Audit events generated successfully.,"module=Inspection Review | capability=Generate Audit Events | purpose=Preserve reviewer actions. | user_flow=Throughout Review | user_actions=None | system_actions=Record review opened, comments, approval, return, rejection, version viewed and timeline viewed. | ai_actions=None | inputs=Review Events | outputs=Audit Log | business_rules=Every reviewer action shall be auditable. | personas=Reviewer | dependencies=Audit Service | source_acceptance_criteria=Audit events generated successfully.",PHASE1_WEB,,MOD-14,M5,/reviews/**,SAQEEL Review & Approval,WA-AC-0383,,,WA-EV-0383,BASELINED_NOT_IMPLEMENTED
CR-384,SRC-CUST-001,c2ab27f60bf697780acf16d2b50f0f359b1bf78c1b89725bad3b1ab3005f04b9,Inspection Excution-Level2Flow,Inspection Excution-Level2Flow!29,Inspection Review,Handle Review Errors,Prevent inconsistent review processing.,Any Failure,Retry,"Handle workflow failures, repository failures and validation failures while preserving review integrity.",Future recommendations.,Error Context,Error Response,Partial review processing shall never occur.,Reviewer,Workflow Engine,Errors handled safely.,"module=Inspection Review | capability=Handle Review Errors | purpose=Prevent inconsistent review processing. | user_flow=Any Failure | user_actions=Retry | system_actions=Handle workflow failures, repository failures and validation failures while preserving review integrity. | ai_actions=Future recommendations. | inputs=Error Context | outputs=Error Response | business_rules=Partial review processing shall never occur. | personas=Reviewer | dependencies=Workflow Engine | source_acceptance_criteria=Errors handled safely.",PHASE1_WEB,,MOD-14,M5,/reviews/**,SAQEEL Review & Approval,WA-AC-0384,,,WA-EV-0384,BASELINED_NOT_IMPLEMENTED
CR-385,SRC-CUST-001,c2ab27f60bf697780acf16d2b50f0f359b1bf78c1b89725bad3b1ab3005f04b9,Inspection Excution-Level2Flow,Inspection Excution-Level2Flow!30,Inspection Review,Reviewer Queue,Allow Level 2 reviewers to access inspections pending review.,Reviewer Dashboard → Pending Review Queue,"Open queue, view assigned inspections.",Load inspections with status Pending Review assigned to the reviewer.,Future: prioritize high-risk reviews.,Reviewer ID,Pending Review List,Reviewer sees only assigned inspections unless supervisor permission exists.,Level 2 Reviewer,"Workflow Engine, Permission Engine",Reviewer can see assigned pending inspections.,"module=Inspection Review | capability=Reviewer Queue | purpose=Allow Level 2 reviewers to access inspections pending review. | user_flow=Reviewer Dashboard → Pending Review Queue | user_actions=Open queue, view assigned inspections. | system_actions=Load inspections with status Pending Review assigned to the reviewer. | ai_actions=Future: prioritize high-risk reviews. | inputs=Reviewer ID | outputs=Pending Review List | business_rules=Reviewer sees only assigned inspections unless supervisor permission exists. | personas=Level 2 Reviewer | dependencies=Workflow Engine, Permission Engine | source_acceptance_criteria=Reviewer can see assigned pending inspections.",PHASE1_WEB,,MOD-14,M5,/reviews/**,SAQEEL Review & Approval,WA-AC-0385,,,WA-EV-0385,BASELINED_NOT_IMPLEMENTED
CR-386,SRC-CUST-001,c2ab27f60bf697780acf16d2b50f0f359b1bf78c1b89725bad3b1ab3005f04b9,Inspection Excution-Level2Flow,Inspection Excution-Level2Flow!31,Inspection Review,Queue Filters & Search,Help reviewer locate inspections quickly.,Pending Review Queue,"Search/filter by inspection number, factory, inspector, risk, date, status, region.",Apply filters and return matching inspections.,Future: smart search.,Search Criteria,Filtered List,Multiple filters can be combined.,Level 2 Reviewer,Search Service,Filters return accurate results.,"module=Inspection Review | capability=Queue Filters & Search | purpose=Help reviewer locate inspections quickly. | user_flow=Pending Review Queue | user_actions=Search/filter by inspection number, factory, inspector, risk, date, status, region. | system_actions=Apply filters and return matching inspections. | ai_actions=Future: smart search. | inputs=Search Criteria | outputs=Filtered List | business_rules=Multiple filters can be combined. | personas=Level 2 Reviewer | dependencies=Search Service | source_acceptance_criteria=Filters return accurate results.",PHASE1_WEB,,MOD-14,M5,/reviews/**,SAQEEL Review & Approval,WA-AC-0386,,,WA-EV-0386,BASELINED_NOT_IMPLEMENTED
CR-387,SRC-CUST-001,c2ab27f60bf697780acf16d2b50f0f359b1bf78c1b89725bad3b1ab3005f04b9,Inspection Excution-Level2Flow,Inspection Excution-Level2Flow!32,Inspection Review,SLA & Risk Indicators,Highlight priority reviews.,Queue,View SLA/risk badges.,"Display SLA status, overdue flag, risk level, critical violations count.",Future: recommend review order.,Inspection Metadata,Queue Badges,SLA indicator is calculated from submission time.,Level 2 Reviewer,"SLA Engine, Risk Engine",SLA and risk badges display correctly.,"module=Inspection Review | capability=SLA & Risk Indicators | purpose=Highlight priority reviews. | user_flow=Queue | user_actions=View SLA/risk badges. | system_actions=Display SLA status, overdue flag, risk level, critical violations count. | ai_actions=Future: recommend review order. | inputs=Inspection Metadata | outputs=Queue Badges | business_rules=SLA indicator is calculated from submission time. | personas=Level 2 Reviewer | dependencies=SLA Engine, Risk Engine | source_acceptance_criteria=SLA and risk badges display correctly.",PHASE1_WEB,,MOD-14,M5,/reviews/**,SAQEEL Review & Approval,WA-AC-0387,,,WA-EV-0387,BASELINED_NOT_IMPLEMENTED
CR-388,SRC-CUST-001,c2ab27f60bf697780acf16d2b50f0f359b1bf78c1b89725bad3b1ab3005f04b9,Inspection Excution-Level2Flow,Inspection Excution-Level2Flow!33,Inspection Review,Open Inspection From Queue,Start review process.,Queue → Open Inspection,Click inspection record.,Load latest submitted version in read-only mode.,None,Inspection ID,Review Workspace,Latest submitted version is opened by default.,Level 2 Reviewer,Inspection Repository,Reviewer can open inspection successfully.,module=Inspection Review | capability=Open Inspection From Queue | purpose=Start review process. | user_flow=Queue → Open Inspection | user_actions=Click inspection record. | system_actions=Load latest submitted version in read-only mode. | ai_actions=None | inputs=Inspection ID | outputs=Review Workspace | business_rules=Latest submitted version is opened by default. | personas=Level 2 Reviewer | dependencies=Inspection Repository | source_acceptance_criteria=Reviewer can open inspection successfully.,PHASE1_WEB,,MOD-14,M5,/reviews/**,SAQEEL Review & Approval,WA-AC-0388,,,WA-EV-0388,BASELINED_NOT_IMPLEMENTED
CR-389,SRC-CUST-001,c2ab27f60bf697780acf16d2b50f0f359b1bf78c1b89725bad3b1ab3005f04b9,Inspection Excution-Level2Flow,Inspection Excution-Level2Flow!34,Inspection Review,Review Workspace,Provide read-only review view for submitted inspection.,Open Inspection → Review Workspace,Review submitted package.,"Load report, checklist, evidence, factory observations, action forms, violations, timeline, audit, versions.",Future: summarize review risks.,Inspection ID,Review Workspace,Reviewer cannot edit submitted content.,Level 2 Reviewer,"Inspection Repository, Permission Engine",Workspace loads complete package.,"module=Inspection Review | capability=Review Workspace | purpose=Provide read-only review view for submitted inspection. | user_flow=Open Inspection → Review Workspace | user_actions=Review submitted package. | system_actions=Load report, checklist, evidence, factory observations, action forms, violations, timeline, audit, versions. | ai_actions=Future: summarize review risks. | inputs=Inspection ID | outputs=Review Workspace | business_rules=Reviewer cannot edit submitted content. | personas=Level 2 Reviewer | dependencies=Inspection Repository, Permission Engine | source_acceptance_criteria=Workspace loads complete package.",PHASE1_WEB,,MOD-14,M5,/reviews/**,SAQEEL Review & Approval,WA-AC-0389,,,WA-EV-0389,BASELINED_NOT_IMPLEMENTED
CR-390,SRC-CUST-001,c2ab27f60bf697780acf16d2b50f0f359b1bf78c1b89725bad3b1ab3005f04b9,Inspection Excution-Level2Flow,Inspection Excution-Level2Flow!35,Inspection Review,Review Factory Observations,Review factory data changes captured by inspector.,Review Workspace → Factory Changes,View source/observed values and evidence.,"Display Source Value, Observed Value, Verified/Updated status, Before/After, evidence.",Future: highlight anomalies.,Factory Observations,Factory Change Review,Factory master data is not updated in Phase 1.,Level 2 Reviewer,"Observation Engine, Senaei",Reviewer sees all inspector-touched factory fields.,"module=Inspection Review | capability=Review Factory Observations | purpose=Review factory data changes captured by inspector. | user_flow=Review Workspace → Factory Changes | user_actions=View source/observed values and evidence. | system_actions=Display Source Value, Observed Value, Verified/Updated status, Before/After, evidence. | ai_actions=Future: highlight anomalies. | inputs=Factory Observations | outputs=Factory Change Review | business_rules=Factory master data is not updated in Phase 1. | personas=Level 2 Reviewer | dependencies=Observation Engine, Senaei | source_acceptance_criteria=Reviewer sees all inspector-touched factory fields.",PHASE1_WEB,,MOD-14,M5,/reviews/**,SAQEEL Review & Approval,WA-AC-0390,,,WA-EV-0390,BASELINED_NOT_IMPLEMENTED
CR-391,SRC-CUST-001,c2ab27f60bf697780acf16d2b50f0f359b1bf78c1b89725bad3b1ab3005f04b9,Inspection Excution-Level2Flow,Inspection Excution-Level2Flow!36,Inspection Review,Review Inspection Report,Review submitted report form.,Workspace → Report,View report fields and attachments.,Render report in read-only mode from submitted version.,None,Submitted Report,Report Review,Report cannot be modified by reviewer.,Level 2 Reviewer,Dynamic Form/Template Builder,Report displays accurately.,module=Inspection Review | capability=Review Inspection Report | purpose=Review submitted report form. | user_flow=Workspace → Report | user_actions=View report fields and attachments. | system_actions=Render report in read-only mode from submitted version. | ai_actions=None | inputs=Submitted Report | outputs=Report Review | business_rules=Report cannot be modified by reviewer. | personas=Level 2 Reviewer | dependencies=Dynamic Form/Template Builder | source_acceptance_criteria=Report displays accurately.,PHASE1_WEB,,MOD-14,M5,/reviews/**,SAQEEL Review & Approval,WA-AC-0391,,,WA-EV-0391,BASELINED_NOT_IMPLEMENTED
CR-392,SRC-CUST-001,c2ab27f60bf697780acf16d2b50f0f359b1bf78c1b89725bad3b1ab3005f04b9,Inspection Excution-Level2Flow,Inspection Excution-Level2Flow!37,Inspection Review,Review Checklist,Review inspection items and responses.,Workspace → Checklist,"View answers, comments, violations, evidence.","Display required/optional items, answers, generated violations, penalties, corrective actions.",Future: highlight inconsistent responses.,Checklist Responses,Checklist Review,Reviewer cannot override predefined violation/penalty.,Level 2 Reviewer,"Compliance Config, Rule Engine",Checklist displays full execution result.,"module=Inspection Review | capability=Review Checklist | purpose=Review inspection items and responses. | user_flow=Workspace → Checklist | user_actions=View answers, comments, violations, evidence. | system_actions=Display required/optional items, answers, generated violations, penalties, corrective actions. | ai_actions=Future: highlight inconsistent responses. | inputs=Checklist Responses | outputs=Checklist Review | business_rules=Reviewer cannot override predefined violation/penalty. | personas=Level 2 Reviewer | dependencies=Compliance Config, Rule Engine | source_acceptance_criteria=Checklist displays full execution result.",PHASE1_WEB,,MOD-14,M5,/reviews/**,SAQEEL Review & Approval,WA-AC-0392,,,WA-EV-0392,BASELINED_NOT_IMPLEMENTED
CR-393,SRC-CUST-001,c2ab27f60bf697780acf16d2b50f0f359b1bf78c1b89725bad3b1ab3005f04b9,Inspection Excution-Level2Flow,Inspection Excution-Level2Flow!38,Inspection Review,Review Evidence,Review uploaded evidence.,Workspace → Evidence,"Preview photos, videos, documents, annotations.","Display evidence grouped by source: factory data, report, item, action form.",Future: evidence quality flag.,Evidence Records,Evidence Review,Evidence is read-only after submission.,Level 2 Reviewer,"Evidence Service, Media Service",Reviewer can preview all evidence.,"module=Inspection Review | capability=Review Evidence | purpose=Review uploaded evidence. | user_flow=Workspace → Evidence | user_actions=Preview photos, videos, documents, annotations. | system_actions=Display evidence grouped by source: factory data, report, item, action form. | ai_actions=Future: evidence quality flag. | inputs=Evidence Records | outputs=Evidence Review | business_rules=Evidence is read-only after submission. | personas=Level 2 Reviewer | dependencies=Evidence Service, Media Service | source_acceptance_criteria=Reviewer can preview all evidence.",PHASE1_WEB,,MOD-14,M5,/reviews/**,SAQEEL Review & Approval,WA-AC-0393,,,WA-EV-0393,BASELINED_NOT_IMPLEMENTED
CR-394,SRC-CUST-001,c2ab27f60bf697780acf16d2b50f0f359b1bf78c1b89725bad3b1ab3005f04b9,Inspection Excution-Level2Flow,Inspection Excution-Level2Flow!39,Inspection Review,Review Action Forms,Review generated action forms.,Workspace → Action Forms,Open generated forms.,"Display completed action forms, attachments, signatures/refusals.",None,Action Forms,Action Form Review,Generated forms are read-only.,Level 2 Reviewer,"Dynamic Form/Template Builder, Signature Service",Action forms display correctly.,"module=Inspection Review | capability=Review Action Forms | purpose=Review generated action forms. | user_flow=Workspace → Action Forms | user_actions=Open generated forms. | system_actions=Display completed action forms, attachments, signatures/refusals. | ai_actions=None | inputs=Action Forms | outputs=Action Form Review | business_rules=Generated forms are read-only. | personas=Level 2 Reviewer | dependencies=Dynamic Form/Template Builder, Signature Service | source_acceptance_criteria=Action forms display correctly.",PHASE1_WEB,,MOD-14,M5,/reviews/**,SAQEEL Review & Approval,WA-AC-0394,,,WA-EV-0394,BASELINED_NOT_IMPLEMENTED
CR-395,SRC-CUST-001,c2ab27f60bf697780acf16d2b50f0f359b1bf78c1b89725bad3b1ab3005f04b9,Inspection Excution-Level2Flow,Inspection Excution-Level2Flow!40,Inspection Review,Review Timeline & Audit,Review full inspection history.,Workspace → Timeline/Audit,View timeline and audit.,Display immutable timeline and audit events from planning to submission.,None,"Timeline, Audit Logs",Review Traceability,Timeline and audit cannot be changed.,"Reviewer, Auditor","Audit Service, Timeline Service",Reviewer can trace all events.,"module=Inspection Review | capability=Review Timeline & Audit | purpose=Review full inspection history. | user_flow=Workspace → Timeline/Audit | user_actions=View timeline and audit. | system_actions=Display immutable timeline and audit events from planning to submission. | ai_actions=None | inputs=Timeline, Audit Logs | outputs=Review Traceability | business_rules=Timeline and audit cannot be changed. | personas=Reviewer, Auditor | dependencies=Audit Service, Timeline Service | source_acceptance_criteria=Reviewer can trace all events.",PHASE1_WEB,,MOD-14,M5,/reviews/**,SAQEEL Review & Approval,WA-AC-0395,,,WA-EV-0395,BASELINED_NOT_IMPLEMENTED
CR-396,SRC-CUST-001,c2ab27f60bf697780acf16d2b50f0f359b1bf78c1b89725bad3b1ab3005f04b9,Inspection Excution-Level2Flow,Inspection Excution-Level2Flow!41,Inspection Review,Review Version History,Compare submission versions.,Workspace → Versions,Open/compare versions.,Display all submitted versions and differences between them.,Future: summarize changes between versions.,Version Records,Version Comparison,No version is overwritten.,Level 2 Reviewer,Version Engine,Reviewer can compare resubmissions.,module=Inspection Review | capability=Review Version History | purpose=Compare submission versions. | user_flow=Workspace → Versions | user_actions=Open/compare versions. | system_actions=Display all submitted versions and differences between them. | ai_actions=Future: summarize changes between versions. | inputs=Version Records | outputs=Version Comparison | business_rules=No version is overwritten. | personas=Level 2 Reviewer | dependencies=Version Engine | source_acceptance_criteria=Reviewer can compare resubmissions.,PHASE1_WEB,,MOD-14,M5,/reviews/**,SAQEEL Review & Approval,WA-AC-0396,,,WA-EV-0396,BASELINED_NOT_IMPLEMENTED
CR-397,SRC-CUST-001,c2ab27f60bf697780acf16d2b50f0f359b1bf78c1b89725bad3b1ab3005f04b9,Inspection Excution-Level2Flow,Inspection Excution-Level2Flow!42,Inspection Review,Receive Returned Inspection,Allow inspector to receive returned inspection.,Reviewer Return → Inspector Notification,Open returned inspection.,Notify inspector and show returned inspection in assigned work.,None,Returned Inspection,Returned Task,Only assigned inspector can update returned inspection.,Inspector,"Workflow Engine, Notification Service",Inspector receives returned inspection.,"module=Inspection Review | capability=Receive Returned Inspection | purpose=Allow inspector to receive returned inspection. | user_flow=Reviewer Return → Inspector Notification | user_actions=Open returned inspection. | system_actions=Notify inspector and show returned inspection in assigned work. | ai_actions=None | inputs=Returned Inspection | outputs=Returned Task | business_rules=Only assigned inspector can update returned inspection. | personas=Inspector | dependencies=Workflow Engine, Notification Service | source_acceptance_criteria=Inspector receives returned inspection.",PHASE1_WEB,,MOD-14,M5,/reviews/**,SAQEEL Review & Approval,WA-AC-0397,,,WA-EV-0397,BASELINED_NOT_IMPLEMENTED
CR-398,SRC-CUST-001,c2ab27f60bf697780acf16d2b50f0f359b1bf78c1b89725bad3b1ab3005f04b9,Inspection Excution-Level2Flow,Inspection Excution-Level2Flow!43,Inspection Review,Display Return Details,Show what needs correction.,Returned Inspection → Return Summary,"Review reason, comments, returned sections.","Display return reason, reviewer comments, returned sections, related fields/items/forms.",None,Return Decision,Return Summary,Return reason is mandatory.,Inspector,Workflow Engine,Inspector understands required corrections.,"module=Inspection Review | capability=Display Return Details | purpose=Show what needs correction. | user_flow=Returned Inspection → Return Summary | user_actions=Review reason, comments, returned sections. | system_actions=Display return reason, reviewer comments, returned sections, related fields/items/forms. | ai_actions=None | inputs=Return Decision | outputs=Return Summary | business_rules=Return reason is mandatory. | personas=Inspector | dependencies=Workflow Engine | source_acceptance_criteria=Inspector understands required corrections.",PHASE1_WEB,,MOD-14,M5,/reviews/**,SAQEEL Review & Approval,WA-AC-0398,,,WA-EV-0398,BASELINED_NOT_IMPLEMENTED
CR-399,SRC-CUST-001,c2ab27f60bf697780acf16d2b50f0f359b1bf78c1b89725bad3b1ab3005f04b9,Inspection Excution-Level2Flow,Inspection Excution-Level2Flow!44,Inspection Review,Unlock Returned Sections,Allow correction of returned content.,Returned Inspection → Edit,Edit returned sections only.,Unlock returned sections and keep non-returned sections read-only.,None,Returned Sections,Editable Returned Areas,Inspector can edit only returned sections.,Inspector,"Permission Engine, Version Engine",Only returned sections are editable.,"module=Inspection Review | capability=Unlock Returned Sections | purpose=Allow correction of returned content. | user_flow=Returned Inspection → Edit | user_actions=Edit returned sections only. | system_actions=Unlock returned sections and keep non-returned sections read-only. | ai_actions=None | inputs=Returned Sections | outputs=Editable Returned Areas | business_rules=Inspector can edit only returned sections. | personas=Inspector | dependencies=Permission Engine, Version Engine | source_acceptance_criteria=Only returned sections are editable.",PHASE1_WEB,,MOD-14,M5,/reviews/**,SAQEEL Review & Approval,WA-AC-0399,,,WA-EV-0399,BASELINED_NOT_IMPLEMENTED
CR-400,SRC-CUST-001,c2ab27f60bf697780acf16d2b50f0f359b1bf78c1b89725bad3b1ab3005f04b9,Inspection Excution-Level2Flow,Inspection Excution-Level2Flow!45,Inspection Review,Save Returned Updates,Preserve correction work.,Edit Returned Sections,Save draft.,"Save edits, evidence changes, comments, and updated values.",None,Edited Data,Updated Draft,Returned draft remains editable until resubmitted.,Inspector,Draft Service,Returned updates are saved.,"module=Inspection Review | capability=Save Returned Updates | purpose=Preserve correction work. | user_flow=Edit Returned Sections | user_actions=Save draft. | system_actions=Save edits, evidence changes, comments, and updated values. | ai_actions=None | inputs=Edited Data | outputs=Updated Draft | business_rules=Returned draft remains editable until resubmitted. | personas=Inspector | dependencies=Draft Service | source_acceptance_criteria=Returned updates are saved.",PHASE1_WEB,,MOD-14,M5,/reviews/**,SAQEEL Review & Approval,WA-AC-0400,,,WA-EV-0400,BASELINED_NOT_IMPLEMENTED
CR-401,SRC-CUST-001,c2ab27f60bf697780acf16d2b50f0f359b1bf78c1b89725bad3b1ab3005f04b9,Inspection Excution-Level2Flow,Inspection Excution-Level2Flow!46,Inspection Review,Resubmit Returned Inspection,Submit corrected version.,Returned Draft → Resubmit,Click Resubmit.,"Validate returned sections, create new submission version, lock version, status → Pending Review, notify reviewer.",None,Corrected Inspection,New Submitted Version,Every resubmission creates new version. Previous version remains locked.,Inspector,"Workflow Engine, Version Engine",Resubmitted inspection returns to reviewer.,"module=Inspection Review | capability=Resubmit Returned Inspection | purpose=Submit corrected version. | user_flow=Returned Draft → Resubmit | user_actions=Click Resubmit. | system_actions=Validate returned sections, create new submission version, lock version, status → Pending Review, notify reviewer. | ai_actions=None | inputs=Corrected Inspection | outputs=New Submitted Version | business_rules=Every resubmission creates new version. Previous version remains locked. | personas=Inspector | dependencies=Workflow Engine, Version Engine | source_acceptance_criteria=Resubmitted inspection returns to reviewer.",PHASE1_WEB,,MOD-14,M5,/reviews/**,SAQEEL Review & Approval,WA-AC-0401,,,WA-EV-0401,BASELINED_NOT_IMPLEMENTED
CR-402,SRC-CUST-001,c2ab27f60bf697780acf16d2b50f0f359b1bf78c1b89725bad3b1ab3005f04b9,Inspection Excution-Level2Flow,Inspection Excution-Level2Flow!47,Inspection Review,Compare Returned Versions,Help reviewer see what changed.,Reviewer Opens Resubmission,Compare previous vs latest.,Highlight changes between previous submitted version and resubmitted version.,Future: summarize correction delta.,"Version 1, Version 2",Comparison View,Reviewer reviews latest version while history remains accessible.,Level 2 Reviewer,Version Engine,Reviewer can identify corrected sections.,"module=Inspection Review | capability=Compare Returned Versions | purpose=Help reviewer see what changed. | user_flow=Reviewer Opens Resubmission | user_actions=Compare previous vs latest. | system_actions=Highlight changes between previous submitted version and resubmitted version. | ai_actions=Future: summarize correction delta. | inputs=Version 1, Version 2 | outputs=Comparison View | business_rules=Reviewer reviews latest version while history remains accessible. | personas=Level 2 Reviewer | dependencies=Version Engine | source_acceptance_criteria=Reviewer can identify corrected sections.",PHASE1_WEB,,MOD-14,M5,/reviews/**,SAQEEL Review & Approval,WA-AC-0402,,,WA-EV-0402,BASELINED_NOT_IMPLEMENTED
CR-403,SRC-CUST-001,c2ab27f60bf697780acf16d2b50f0f359b1bf78c1b89725bad3b1ab3005f04b9,Inspection Excution-Level2Flow,Inspection Excution-Level2Flow!48,Inspection Review,Create Submission Version,Preserve submitted inspection state.,Inspector Submit → Pending Review,None,"Create immutable version containing report, checklist, evidence, observations, action forms, comments, timeline snapshot.",None,Submitted Inspection,Submission Version,Submitted versions are never overwritten.,System,Version Engine,Version created on every submission.,"module=Inspection Review | capability=Create Submission Version | purpose=Preserve submitted inspection state. | user_flow=Inspector Submit → Pending Review | user_actions=None | system_actions=Create immutable version containing report, checklist, evidence, observations, action forms, comments, timeline snapshot. | ai_actions=None | inputs=Submitted Inspection | outputs=Submission Version | business_rules=Submitted versions are never overwritten. | personas=System | dependencies=Version Engine | source_acceptance_criteria=Version created on every submission.",PHASE1_WEB,,MOD-14,M5,/reviews/**,SAQEEL Review & Approval,WA-AC-0403,,,WA-EV-0403,BASELINED_NOT_IMPLEMENTED
CR-404,SRC-CUST-001,c2ab27f60bf697780acf16d2b50f0f359b1bf78c1b89725bad3b1ab3005f04b9,Inspection Excution-Level2Flow,Inspection Excution-Level2Flow!49,Inspection Review,Maintain Version History,Keep complete resubmission history.,Return/Resubmit Cycles,View versions.,"Store each submitted version with version number, timestamp, inspector, reviewer decision.",None,Version Records,Version History,Latest submitted version is used for active review.,"Reviewer, Auditor",Version Engine,All versions remain accessible.,"module=Inspection Review | capability=Maintain Version History | purpose=Keep complete resubmission history. | user_flow=Return/Resubmit Cycles | user_actions=View versions. | system_actions=Store each submitted version with version number, timestamp, inspector, reviewer decision. | ai_actions=None | inputs=Version Records | outputs=Version History | business_rules=Latest submitted version is used for active review. | personas=Reviewer, Auditor | dependencies=Version Engine | source_acceptance_criteria=All versions remain accessible.",PHASE1_WEB,,MOD-14,M5,/reviews/**,SAQEEL Review & Approval,WA-AC-0404,,,WA-EV-0404,BASELINED_NOT_IMPLEMENTED
CR-405,SRC-CUST-001,c2ab27f60bf697780acf16d2b50f0f359b1bf78c1b89725bad3b1ab3005f04b9,Inspection Excution-Level2Flow,Inspection Excution-Level2Flow!50,Inspection Review,Audit Reviewer Decision,Capture approval/return/rejection.,Reviewer Decision,None,"Log reviewer ID, decision, reason, comments, affected sections, previous status, new status, timestamp.",None,Decision Data,Audit Record,Audit record is immutable.,"Reviewer, Auditor",Audit Service,Every decision is fully auditable.,"module=Inspection Review | capability=Audit Reviewer Decision | purpose=Capture approval/return/rejection. | user_flow=Reviewer Decision | user_actions=None | system_actions=Log reviewer ID, decision, reason, comments, affected sections, previous status, new status, timestamp. | ai_actions=None | inputs=Decision Data | outputs=Audit Record | business_rules=Audit record is immutable. | personas=Reviewer, Auditor | dependencies=Audit Service | source_acceptance_criteria=Every decision is fully auditable.",PHASE1_WEB,,MOD-14,M5,/reviews/**,SAQEEL Review & Approval,WA-AC-0405,,,WA-EV-0405,BASELINED_NOT_IMPLEMENTED
CR-406,SRC-CUST-001,c2ab27f60bf697780acf16d2b50f0f359b1bf78c1b89725bad3b1ab3005f04b9,Inspection Excution-Level2Flow,Inspection Excution-Level2Flow!51,Inspection Review,Audit Returned Edits,Track inspector corrections after return.,Returned → Edit → Resubmit,None,"Log edited sections, changed fields, evidence updates, comments, resubmission timestamp.",None,Returned Edits,Correction Audit,Returned edits must be traceable to previous version.,"Inspector, Reviewer","Audit Service, Version Engine",Corrections are visible in audit.,"module=Inspection Review | capability=Audit Returned Edits | purpose=Track inspector corrections after return. | user_flow=Returned → Edit → Resubmit | user_actions=None | system_actions=Log edited sections, changed fields, evidence updates, comments, resubmission timestamp. | ai_actions=None | inputs=Returned Edits | outputs=Correction Audit | business_rules=Returned edits must be traceable to previous version. | personas=Inspector, Reviewer | dependencies=Audit Service, Version Engine | source_acceptance_criteria=Corrections are visible in audit.",PHASE1_WEB,,MOD-14,M5,/reviews/**,SAQEEL Review & Approval,WA-AC-0406,,,WA-EV-0406,BASELINED_NOT_IMPLEMENTED
CR-407,SRC-CUST-001,c2ab27f60bf697780acf16d2b50f0f359b1bf78c1b89725bad3b1ab3005f04b9,Inspection Excution-Level2Flow,Inspection Excution-Level2Flow!52,Inspection Review,Timeline Event Generation,Show business journey chronologically.,Throughout Review,View timeline.,"Create timeline events: Submitted, Review Opened, Returned, Resubmitted, Approved, Rejected.",None,Workflow Events,Timeline,Timeline is the single source of truth for business events.,"Inspector, Reviewer, Auditor",Timeline Service,Timeline reflects full review journey.,"module=Inspection Review | capability=Timeline Event Generation | purpose=Show business journey chronologically. | user_flow=Throughout Review | user_actions=View timeline. | system_actions=Create timeline events: Submitted, Review Opened, Returned, Resubmitted, Approved, Rejected. | ai_actions=None | inputs=Workflow Events | outputs=Timeline | business_rules=Timeline is the single source of truth for business events. | personas=Inspector, Reviewer, Auditor | dependencies=Timeline Service | source_acceptance_criteria=Timeline reflects full review journey.",PHASE1_WEB,,MOD-14,M5,/reviews/**,SAQEEL Review & Approval,WA-AC-0407,,,WA-EV-0407,BASELINED_NOT_IMPLEMENTED
CR-408,SRC-CUST-001,c2ab27f60bf697780acf16d2b50f0f359b1bf78c1b89725bad3b1ab3005f04b9,Inspection Excution-Level2Flow,Inspection Excution-Level2Flow!53,Inspection Review,Reviewer Comments Immutability,Preserve reviewer comments.,Return/Reject/Approve,Add comment where allowed.,Store reviewer comments as immutable records.,None,Reviewer Comment,Comment Record,Comments cannot be edited or deleted after submission.,Reviewer,Audit Service,Reviewer comments are preserved.,module=Inspection Review | capability=Reviewer Comments Immutability | purpose=Preserve reviewer comments. | user_flow=Return/Reject/Approve | user_actions=Add comment where allowed. | system_actions=Store reviewer comments as immutable records. | ai_actions=None | inputs=Reviewer Comment | outputs=Comment Record | business_rules=Comments cannot be edited or deleted after submission. | personas=Reviewer | dependencies=Audit Service | source_acceptance_criteria=Reviewer comments are preserved.,PHASE1_WEB,,MOD-14,M5,/reviews/**,SAQEEL Review & Approval,WA-AC-0408,,,WA-EV-0408,BASELINED_NOT_IMPLEMENTED
CR-409,SRC-CUST-001,c2ab27f60bf697780acf16d2b50f0f359b1bf78c1b89725bad3b1ab3005f04b9,Inspection Excution-Level2Flow,Inspection Excution-Level2Flow!54,Inspection Review,Version Comparison,Support audit and review clarity.,Review Workspace → Versions,Compare selected versions.,"Display before/after differences between versions including changed fields, evidence, items, action forms.",Future: summarize differences.,Two Versions,Comparison Output,Comparison is read-only.,"Reviewer, Auditor",Version Engine,Reviewer can compare versions accurately.,"module=Inspection Review | capability=Version Comparison | purpose=Support audit and review clarity. | user_flow=Review Workspace → Versions | user_actions=Compare selected versions. | system_actions=Display before/after differences between versions including changed fields, evidence, items, action forms. | ai_actions=Future: summarize differences. | inputs=Two Versions | outputs=Comparison Output | business_rules=Comparison is read-only. | personas=Reviewer, Auditor | dependencies=Version Engine | source_acceptance_criteria=Reviewer can compare versions accurately.",PHASE1_WEB,,MOD-14,M5,/reviews/**,SAQEEL Review & Approval,WA-AC-0409,,,WA-EV-0409,BASELINED_NOT_IMPLEMENTED
CR-410,SRC-CUST-001,c2ab27f60bf697780acf16d2b50f0f359b1bf78c1b89725bad3b1ab3005f04b9,Factory 360 ,Factory 360 !2,Factory 360°,Factory Profile Page,Provide a full centralized factory profile.,Search/Open Factory → Factory 360°,Open factory profile.,"Load factory master profile, license, CR, visits, inspections, violations, penalties, scores, timeline.",Summarize factory profile.,Factory ID / License / CR,Factory 360° Page,"Factory 360° is the full profile page, not the small Factory Card.","Inspector, Planner, Reviewer, Supervisor, Executive","Senaei, Factory Sync, Visit, Inspection, Compliance",User can open complete factory profile.,"module=Factory 360° | capability=Factory Profile Page | purpose=Provide a full centralized factory profile. | user_flow=Search/Open Factory → Factory 360° | user_actions=Open factory profile. | system_actions=Load factory master profile, license, CR, visits, inspections, violations, penalties, scores, timeline. | ai_actions=Summarize factory profile. | inputs=Factory ID / License / CR | outputs=Factory 360° Page | business_rules=Factory 360° is the full profile page, not the small Factory Card. | personas=Inspector, Planner, Reviewer, Supervisor, Executive | dependencies=Senaei, Factory Sync, Visit, Inspection, Compliance | source_acceptance_criteria=User can open complete factory profile.",PHASE1_WEB,,MOD-15,M4,/factories/**,SAQEEL Factories;SAQEEL Factory 360,WA-AC-0410,,,WA-EV-0410,BASELINED_NOT_IMPLEMENTED
CR-411,SRC-CUST-001,c2ab27f60bf697780acf16d2b50f0f359b1bf78c1b89725bad3b1ab3005f04b9,Factory 360 ,Factory 360 !3,Factory 360°,Factory Overview,Show high-level factory identity.,Factory 360° → Overview,View overview.,"Display factory name, CR, license, status, stage, activity, sector, region, city.",Highlight key risk indicators.,Factory Profile,Overview Card,Data source is Senaei unless updated through approved future flow.,All BO users,Senaei Integration,Overview displays correct synchronized data.,"module=Factory 360° | capability=Factory Overview | purpose=Show high-level factory identity. | user_flow=Factory 360° → Overview | user_actions=View overview. | system_actions=Display factory name, CR, license, status, stage, activity, sector, region, city. | ai_actions=Highlight key risk indicators. | inputs=Factory Profile | outputs=Overview Card | business_rules=Data source is Senaei unless updated through approved future flow. | personas=All BO users | dependencies=Senaei Integration | source_acceptance_criteria=Overview displays correct synchronized data.",PHASE1_WEB,,MOD-15,M4,/factories/**,SAQEEL Factories;SAQEEL Factory 360,WA-AC-0411,,,WA-EV-0411,BASELINED_NOT_IMPLEMENTED
CR-412,SRC-CUST-001,c2ab27f60bf697780acf16d2b50f0f359b1bf78c1b89725bad3b1ab3005f04b9,Factory 360 ,Factory 360 !4,Factory 360°,License Information,Show license details.,Factory 360° → License,View license details.,"Display license number, status, stage, issue date, expiry date, activity, license holder.",None,License ID,License Details,License data is read-only in Factory 360°.,"Inspector, Reviewer, Planner",Senaei,License details display correctly.,"module=Factory 360° | capability=License Information | purpose=Show license details. | user_flow=Factory 360° → License | user_actions=View license details. | system_actions=Display license number, status, stage, issue date, expiry date, activity, license holder. | ai_actions=None | inputs=License ID | outputs=License Details | business_rules=License data is read-only in Factory 360°. | personas=Inspector, Reviewer, Planner | dependencies=Senaei | source_acceptance_criteria=License details display correctly.",PHASE1_WEB,,MOD-15,M4,/factories/**,SAQEEL Factories;SAQEEL Factory 360,WA-AC-0412,,,WA-EV-0412,BASELINED_NOT_IMPLEMENTED
CR-413,SRC-CUST-001,c2ab27f60bf697780acf16d2b50f0f359b1bf78c1b89725bad3b1ab3005f04b9,Factory 360 ,Factory 360 !5,Factory 360°,CR Information,Show commercial registration details.,Factory 360° → CR,View CR information.,"Display CR number, legal name, CR status, owner details if available.",None,CR Number,CR Details,CR info follows latest synchronized source.,BO Users,Senaei/MCI if applicable,CR details display correctly.,"module=Factory 360° | capability=CR Information | purpose=Show commercial registration details. | user_flow=Factory 360° → CR | user_actions=View CR information. | system_actions=Display CR number, legal name, CR status, owner details if available. | ai_actions=None | inputs=CR Number | outputs=CR Details | business_rules=CR info follows latest synchronized source. | personas=BO Users | dependencies=Senaei/MCI if applicable | source_acceptance_criteria=CR details display correctly.",PHASE1_WEB,,MOD-15,M4,/factories/**,SAQEEL Factories;SAQEEL Factory 360,WA-AC-0413,,,WA-EV-0413,BASELINED_NOT_IMPLEMENTED
CR-414,SRC-CUST-001,c2ab27f60bf697780acf16d2b50f0f359b1bf78c1b89725bad3b1ab3005f04b9,Factory 360 ,Factory 360 !6,Factory 360°,Location & Map,Display official and observed locations.,Factory 360° → Location,View map and pins.,"Show license pin, planner pin if available, actual observed locations from inspections, GPS override history.",Highlight location mismatch.,Coordinates,Map View,Planner pin does not overwrite license pin. Actual observed location is stored separately.,"Planner, Inspector, Reviewer","Maps, GIS, Inspection Execution",All location points display correctly.,"module=Factory 360° | capability=Location & Map | purpose=Display official and observed locations. | user_flow=Factory 360° → Location | user_actions=View map and pins. | system_actions=Show license pin, planner pin if available, actual observed locations from inspections, GPS override history. | ai_actions=Highlight location mismatch. | inputs=Coordinates | outputs=Map View | business_rules=Planner pin does not overwrite license pin. Actual observed location is stored separately. | personas=Planner, Inspector, Reviewer | dependencies=Maps, GIS, Inspection Execution | source_acceptance_criteria=All location points display correctly.",PHASE1_WEB,,MOD-15,M4,/factories/**,SAQEEL Factories;SAQEEL Factory 360,WA-AC-0414,,,WA-EV-0414,BASELINED_NOT_IMPLEMENTED
CR-415,SRC-CUST-001,c2ab27f60bf697780acf16d2b50f0f359b1bf78c1b89725bad3b1ab3005f04b9,Factory 360 ,Factory 360 !7,Factory 360°,Products,Show registered products.,Factory 360° → Products,View product list.,"Load products, HS codes, production details if available.",Highlight products linked to previous violations.,License Products,Product Table,Product data is read-only unless future approved update flow exists.,"Inspector, Reviewer","Senaei, Product Master",Products display correctly.,"module=Factory 360° | capability=Products | purpose=Show registered products. | user_flow=Factory 360° → Products | user_actions=View product list. | system_actions=Load products, HS codes, production details if available. | ai_actions=Highlight products linked to previous violations. | inputs=License Products | outputs=Product Table | business_rules=Product data is read-only unless future approved update flow exists. | personas=Inspector, Reviewer | dependencies=Senaei, Product Master | source_acceptance_criteria=Products display correctly.",PHASE1_WEB,,MOD-15,M4,/factories/**,SAQEEL Factories;SAQEEL Factory 360,WA-AC-0415,,,WA-EV-0415,BASELINED_NOT_IMPLEMENTED
CR-416,SRC-CUST-001,c2ab27f60bf697780acf16d2b50f0f359b1bf78c1b89725bad3b1ab3005f04b9,Factory 360 ,Factory 360 !8,Factory 360°,Raw Materials,Show registered raw materials.,Factory 360° → Raw Materials,View raw materials.,Load raw material list from synchronized source.,Highlight unusual changes if available.,Raw Materials,Raw Material Table,Read-only.,"Inspector, Reviewer",Senaei,Raw materials display correctly.,"module=Factory 360° | capability=Raw Materials | purpose=Show registered raw materials. | user_flow=Factory 360° → Raw Materials | user_actions=View raw materials. | system_actions=Load raw material list from synchronized source. | ai_actions=Highlight unusual changes if available. | inputs=Raw Materials | outputs=Raw Material Table | business_rules=Read-only. | personas=Inspector, Reviewer | dependencies=Senaei | source_acceptance_criteria=Raw materials display correctly.",PHASE1_WEB,,MOD-15,M4,/factories/**,SAQEEL Factories;SAQEEL Factory 360,WA-AC-0416,,,WA-EV-0416,BASELINED_NOT_IMPLEMENTED
CR-417,SRC-CUST-001,c2ab27f60bf697780acf16d2b50f0f359b1bf78c1b89725bad3b1ab3005f04b9,Factory 360 ,Factory 360 !9,Factory 360°,Workforce,Display employee information.,Factory 360° → Workforce,View employee data.,Display employee count and related workforce fields.,Compare with observed inspection changes.,Workforce Data,Workforce Section,Inspector observations do not update source directly in Phase 1.,"Inspector, Reviewer","Senaei, Observation Engine",Workforce data and observations are visible.,"module=Factory 360° | capability=Workforce | purpose=Display employee information. | user_flow=Factory 360° → Workforce | user_actions=View employee data. | system_actions=Display employee count and related workforce fields. | ai_actions=Compare with observed inspection changes. | inputs=Workforce Data | outputs=Workforce Section | business_rules=Inspector observations do not update source directly in Phase 1. | personas=Inspector, Reviewer | dependencies=Senaei, Observation Engine | source_acceptance_criteria=Workforce data and observations are visible.",PHASE1_WEB,,MOD-15,M4,/factories/**,SAQEEL Factories;SAQEEL Factory 360,WA-AC-0417,,,WA-EV-0417,BASELINED_NOT_IMPLEMENTED
CR-418,SRC-CUST-001,c2ab27f60bf697780acf16d2b50f0f359b1bf78c1b89725bad3b1ab3005f04b9,Factory 360 ,Factory 360 !10,Factory 360°,Investment & Capacity,Show investment and production indicators.,Factory 360° → Investment,View indicators.,"Display investment size, capacity, industrial indicators.",Highlight capacity-risk mismatch.,Investment Data,Investment Section,Read-only.,"Planner, Reviewer, Executive",Senaei,Investment section loads correctly.,"module=Factory 360° | capability=Investment & Capacity | purpose=Show investment and production indicators. | user_flow=Factory 360° → Investment | user_actions=View indicators. | system_actions=Display investment size, capacity, industrial indicators. | ai_actions=Highlight capacity-risk mismatch. | inputs=Investment Data | outputs=Investment Section | business_rules=Read-only. | personas=Planner, Reviewer, Executive | dependencies=Senaei | source_acceptance_criteria=Investment section loads correctly.",PHASE1_WEB,,MOD-15,M4,/factories/**,SAQEEL Factories;SAQEEL Factory 360,WA-AC-0418,,,WA-EV-0418,BASELINED_NOT_IMPLEMENTED
CR-419,SRC-CUST-001,c2ab27f60bf697780acf16d2b50f0f359b1bf78c1b89725bad3b1ab3005f04b9,Factory 360 ,Factory 360 !11,Factory 360°,Visit History,Show all visits linked to the factory.,Factory 360° → Visits,"View visits, open visit.","Display planned, cancelled, completed, expired visits with status and dates.",Summarize visit trends.,Factory ID,Visit History,Visits are chronological and filterable.,"Planner, Inspector, Supervisor",Visit Management,User can view visit history.,"module=Factory 360° | capability=Visit History | purpose=Show all visits linked to the factory. | user_flow=Factory 360° → Visits | user_actions=View visits, open visit. | system_actions=Display planned, cancelled, completed, expired visits with status and dates. | ai_actions=Summarize visit trends. | inputs=Factory ID | outputs=Visit History | business_rules=Visits are chronological and filterable. | personas=Planner, Inspector, Supervisor | dependencies=Visit Management | source_acceptance_criteria=User can view visit history.",PHASE1_WEB,,MOD-15,M4,/factories/**,SAQEEL Factories;SAQEEL Factory 360,WA-AC-0419,,,WA-EV-0419,BASELINED_NOT_IMPLEMENTED
CR-420,SRC-CUST-001,c2ab27f60bf697780acf16d2b50f0f359b1bf78c1b89725bad3b1ab3005f04b9,Factory 360 ,Factory 360 !12,Factory 360°,Inspection History,Show executed inspections.,Factory 360° → Inspections,Open inspection.,"Display submitted, approved, returned, rejected inspections with inspector, result, date.",Summarize previous findings.,Factory ID,Inspection History,Submitted/approved inspections remain read-only.,"Inspector, Reviewer",Inspection Repository,Inspection history displays correctly.,"module=Factory 360° | capability=Inspection History | purpose=Show executed inspections. | user_flow=Factory 360° → Inspections | user_actions=Open inspection. | system_actions=Display submitted, approved, returned, rejected inspections with inspector, result, date. | ai_actions=Summarize previous findings. | inputs=Factory ID | outputs=Inspection History | business_rules=Submitted/approved inspections remain read-only. | personas=Inspector, Reviewer | dependencies=Inspection Repository | source_acceptance_criteria=Inspection history displays correctly.",PHASE1_WEB,,MOD-15,M4,/factories/**,SAQEEL Factories;SAQEEL Factory 360,WA-AC-0420,,,WA-EV-0420,BASELINED_NOT_IMPLEMENTED
CR-421,SRC-CUST-001,c2ab27f60bf697780acf16d2b50f0f359b1bf78c1b89725bad3b1ab3005f04b9,Factory 360 ,Factory 360 !13,Factory 360°,Violations & Penalties,Show compliance outcome history.,Factory 360° → Violations,View violations/penalties.,"Display open/closed violations, penalties, corrective actions, issue dates, due dates.",Highlight critical/open overdue items.,Compliance Records,Violation/Penalty List,Only approved inspection outcomes appear as official compliance records.,"Reviewer, Compliance Officer",Compliance Management,Violations and penalties display correctly.,"module=Factory 360° | capability=Violations & Penalties | purpose=Show compliance outcome history. | user_flow=Factory 360° → Violations | user_actions=View violations/penalties. | system_actions=Display open/closed violations, penalties, corrective actions, issue dates, due dates. | ai_actions=Highlight critical/open overdue items. | inputs=Compliance Records | outputs=Violation/Penalty List | business_rules=Only approved inspection outcomes appear as official compliance records. | personas=Reviewer, Compliance Officer | dependencies=Compliance Management | source_acceptance_criteria=Violations and penalties display correctly.",PHASE1_WEB,,MOD-15,M4,/factories/**,SAQEEL Factories;SAQEEL Factory 360,WA-AC-0421,,,WA-EV-0421,BASELINED_NOT_IMPLEMENTED
CR-422,SRC-CUST-001,c2ab27f60bf697780acf16d2b50f0f359b1bf78c1b89725bad3b1ab3005f04b9,Factory 360 ,Factory 360 !14,Factory 360°,Corrective Actions,Track required corrective actions.,Factory 360° → Corrective Actions,View action status.,"Display corrective action, source violation, due date, status, evidence if any.",Recommend priority follow-up.,Corrective Actions,Corrective Action List,Corrective actions originate from approved compliance outcomes.,"Compliance Officer, Supervisor",Compliance Management,Corrective actions show status and due date.,"module=Factory 360° | capability=Corrective Actions | purpose=Track required corrective actions. | user_flow=Factory 360° → Corrective Actions | user_actions=View action status. | system_actions=Display corrective action, source violation, due date, status, evidence if any. | ai_actions=Recommend priority follow-up. | inputs=Corrective Actions | outputs=Corrective Action List | business_rules=Corrective actions originate from approved compliance outcomes. | personas=Compliance Officer, Supervisor | dependencies=Compliance Management | source_acceptance_criteria=Corrective actions show status and due date.",PHASE1_WEB,,MOD-15,M4,/factories/**,SAQEEL Factories;SAQEEL Factory 360,WA-AC-0422,,,WA-EV-0422,BASELINED_NOT_IMPLEMENTED
CR-423,SRC-CUST-001,c2ab27f60bf697780acf16d2b50f0f359b1bf78c1b89725bad3b1ab3005f04b9,Factory 360 ,Factory 360 !15,Factory 360°,Factory Health Score,Show current and historical factory health.,Factory 360° → Health Score,View score details.,"Display current score, score history, score drivers, last recalculation date.",Explain score drivers.,Score Data,Health Score Widget,Score recalculation rules come from Risk/Health Engine.,"Executive, Supervisor",Health Score Engine,Score and history display correctly.,"module=Factory 360° | capability=Factory Health Score | purpose=Show current and historical factory health. | user_flow=Factory 360° → Health Score | user_actions=View score details. | system_actions=Display current score, score history, score drivers, last recalculation date. | ai_actions=Explain score drivers. | inputs=Score Data | outputs=Health Score Widget | business_rules=Score recalculation rules come from Risk/Health Engine. | personas=Executive, Supervisor | dependencies=Health Score Engine | source_acceptance_criteria=Score and history display correctly.",OPEN_BUSINESS_DECISION,,MOD-15,M4,/factories/**,SAQEEL Factories;SAQEEL Factory 360,WA-AC-0423,DEC-001;DEC-028,,WA-EV-0423,BASELINED_NOT_IMPLEMENTED
CR-424,SRC-CUST-001,c2ab27f60bf697780acf16d2b50f0f359b1bf78c1b89725bad3b1ab3005f04b9,Factory 360 ,Factory 360 !16,Factory 360°,Risk Profile,Show risk level and drivers.,Factory 360° → Risk,View risk profile.,"Display current risk level, risk drivers, risk history, related violations.",Explain risk drivers.,Risk Data,Risk Profile,Risk is read-only and calculated by Risk Engine.,"Planner, Supervisor, Executive",Risk Engine,Risk profile displays correctly.,"module=Factory 360° | capability=Risk Profile | purpose=Show risk level and drivers. | user_flow=Factory 360° → Risk | user_actions=View risk profile. | system_actions=Display current risk level, risk drivers, risk history, related violations. | ai_actions=Explain risk drivers. | inputs=Risk Data | outputs=Risk Profile | business_rules=Risk is read-only and calculated by Risk Engine. | personas=Planner, Supervisor, Executive | dependencies=Risk Engine | source_acceptance_criteria=Risk profile displays correctly.",PHASE1_WEB,,MOD-15,M4,/factories/**,SAQEEL Factories;SAQEEL Factory 360,WA-AC-0424,,,WA-EV-0424,BASELINED_NOT_IMPLEMENTED
CR-425,SRC-CUST-001,c2ab27f60bf697780acf16d2b50f0f359b1bf78c1b89725bad3b1ab3005f04b9,Factory 360 ,Factory 360 !17,Factory 360°,Documents & Evidence,Centralize related documents.,Factory 360° → Documents,Preview/download allowed documents.,"Display generated PDFs, inspection reports, penalty notices, evidence references.",None,Document Records,Document Library,Access controlled by permission.,"Reviewer, Compliance Officer","Evidence, Template Builder, Storage",Authorized users can view documents.,"module=Factory 360° | capability=Documents & Evidence | purpose=Centralize related documents. | user_flow=Factory 360° → Documents | user_actions=Preview/download allowed documents. | system_actions=Display generated PDFs, inspection reports, penalty notices, evidence references. | ai_actions=None | inputs=Document Records | outputs=Document Library | business_rules=Access controlled by permission. | personas=Reviewer, Compliance Officer | dependencies=Evidence, Template Builder, Storage | source_acceptance_criteria=Authorized users can view documents.",PHASE1_WEB,,MOD-15,M4,/factories/**,SAQEEL Factories;SAQEEL Factory 360,WA-AC-0425,,,WA-EV-0425,BASELINED_NOT_IMPLEMENTED
CR-426,SRC-CUST-001,c2ab27f60bf697780acf16d2b50f0f359b1bf78c1b89725bad3b1ab3005f04b9,Factory 360 ,Factory 360 !18,Factory 360°,Factory Timeline,Show full chronological history.,Factory 360° → Timeline,View timeline.,"Display events: sync, visit planned, inspection submitted, approved, penalty issued, score updated.",Summarize timeline.,Timeline Events,Factory Timeline,Timeline events are immutable.,All BO Users,Timeline Service,Timeline accurately shows factory history.,"module=Factory 360° | capability=Factory Timeline | purpose=Show full chronological history. | user_flow=Factory 360° → Timeline | user_actions=View timeline. | system_actions=Display events: sync, visit planned, inspection submitted, approved, penalty issued, score updated. | ai_actions=Summarize timeline. | inputs=Timeline Events | outputs=Factory Timeline | business_rules=Timeline events are immutable. | personas=All BO Users | dependencies=Timeline Service | source_acceptance_criteria=Timeline accurately shows factory history.",PHASE1_WEB,,MOD-15,M4,/factories/**,SAQEEL Factories;SAQEEL Factory 360,WA-AC-0426,,,WA-EV-0426,BASELINED_NOT_IMPLEMENTED
CR-427,SRC-CUST-001,c2ab27f60bf697780acf16d2b50f0f359b1bf78c1b89725bad3b1ab3005f04b9,Factory 360 ,Factory 360 !19,Factory 360°,Factory Card Link,Allow quick summary and deep dive.,Any screen → Factory Card → Open Factory 360°,Click Open Factory 360°.,Navigate to Factory 360° in new/detail view.,None,Factory ID,Factory 360°,Factory Card is summary only; Factory 360° is full page.,"Inspector, Reviewer, Planner",Factory Card,User can open full profile from card.,"module=Factory 360° | capability=Factory Card Link | purpose=Allow quick summary and deep dive. | user_flow=Any screen → Factory Card → Open Factory 360° | user_actions=Click Open Factory 360°. | system_actions=Navigate to Factory 360° in new/detail view. | ai_actions=None | inputs=Factory ID | outputs=Factory 360° | business_rules=Factory Card is summary only; Factory 360° is full page. | personas=Inspector, Reviewer, Planner | dependencies=Factory Card | source_acceptance_criteria=User can open full profile from card.",PHASE1_WEB,,MOD-15,M4,/factories/**,SAQEEL Factories;SAQEEL Factory 360,WA-AC-0427,,,WA-EV-0427,BASELINED_NOT_IMPLEMENTED
CR-428,SRC-CUST-001,c2ab27f60bf697780acf16d2b50f0f359b1bf78c1b89725bad3b1ab3005f04b9,Factory 360 ,Factory 360 !20,Factory 360°,Access Control,Protect sensitive factory data.,Open Factory 360°,View authorized sections.,"Apply role-based visibility for tabs, documents, evidence, penalties.",None,User Role,Authorized View,Users only see sections allowed by role.,All Roles,Permission Engine,Unauthorized sections are hidden/blocked.,"module=Factory 360° | capability=Access Control | purpose=Protect sensitive factory data. | user_flow=Open Factory 360° | user_actions=View authorized sections. | system_actions=Apply role-based visibility for tabs, documents, evidence, penalties. | ai_actions=None | inputs=User Role | outputs=Authorized View | business_rules=Users only see sections allowed by role. | personas=All Roles | dependencies=Permission Engine | source_acceptance_criteria=Unauthorized sections are hidden/blocked.",PHASE1_WEB,,MOD-15,M4,/factories/**,SAQEEL Factories;SAQEEL Factory 360,WA-AC-0428,,,WA-EV-0428,BASELINED_NOT_IMPLEMENTED
CR-429,SRC-CUST-001,c2ab27f60bf697780acf16d2b50f0f359b1bf78c1b89725bad3b1ab3005f04b9,Factory 360 ,Factory 360 !21,Factory 360°,Error Handling,Handle missing/incomplete data.,Load Factory 360°,Retry or view partial data.,Show partial data with warning if a source is unavailable.,None,Source Errors,Partial Profile / Error Message,Factory profile should not fully fail if one section fails.,BO Users,All Source Services,User sees available data and clear error message.,module=Factory 360° | capability=Error Handling | purpose=Handle missing/incomplete data. | user_flow=Load Factory 360° | user_actions=Retry or view partial data. | system_actions=Show partial data with warning if a source is unavailable. | ai_actions=None | inputs=Source Errors | outputs=Partial Profile / Error Message | business_rules=Factory profile should not fully fail if one section fails. | personas=BO Users | dependencies=All Source Services | source_acceptance_criteria=User sees available data and clear error message.,PHASE1_WEB,,MOD-15,M4,/factories/**,SAQEEL Factories;SAQEEL Factory 360,WA-AC-0429,,,WA-EV-0429,BASELINED_NOT_IMPLEMENTED
CR-430,SRC-CUST-001,c2ab27f60bf697780acf16d2b50f0f359b1bf78c1b89725bad3b1ab3005f04b9,Ops center ,Ops center !2,Operations Center,Command Center Dashboard,Provide live operational monitoring for inspections.,Operations Center → Dashboard,View live operations.,"Load live visits, inspectors, SLA, alerts, maps, risk indicators.",Summarize operational risks.,Live Operational Data,Operations Dashboard,Operations Center is monitoring-only unless user has supervisor permissions.,"Supervisor, Operations Manager, Executive","Visit, Execution, Maps, Risk",Dashboard loads live inspection status.,"module=Operations Center | capability=Command Center Dashboard | purpose=Provide live operational monitoring for inspections. | user_flow=Operations Center → Dashboard | user_actions=View live operations. | system_actions=Load live visits, inspectors, SLA, alerts, maps, risk indicators. | ai_actions=Summarize operational risks. | inputs=Live Operational Data | outputs=Operations Dashboard | business_rules=Operations Center is monitoring-only unless user has supervisor permissions. | personas=Supervisor, Operations Manager, Executive | dependencies=Visit, Execution, Maps, Risk | source_acceptance_criteria=Dashboard loads live inspection status.",PHASE1_WEB,,MOD-16,M3,/operations/**,SAQEEL Operations Center;SAQEEL Operations Live,WA-AC-0430,,,WA-EV-0430,BASELINED_NOT_IMPLEMENTED
CR-431,SRC-CUST-001,c2ab27f60bf697780acf16d2b50f0f359b1bf78c1b89725bad3b1ab3005f04b9,Ops center ,Ops center !3,Operations Center,Live Operations Map,"Display factories, visits, and inspectors on map.",Operations Center → Map,"Pan, zoom, filter, open pins.","Display factory pins, inspector pins, active journeys, execution locations.",Highlight hotspots.,"GPS, Factory Coordinates, Visit Data",Live Map,Map refresh interval is configurable.,"Supervisor, Operations","Maps, GIS, Live Tracking",Live map shows accurate locations.,"module=Operations Center | capability=Live Operations Map | purpose=Display factories, visits, and inspectors on map. | user_flow=Operations Center → Map | user_actions=Pan, zoom, filter, open pins. | system_actions=Display factory pins, inspector pins, active journeys, execution locations. | ai_actions=Highlight hotspots. | inputs=GPS, Factory Coordinates, Visit Data | outputs=Live Map | business_rules=Map refresh interval is configurable. | personas=Supervisor, Operations | dependencies=Maps, GIS, Live Tracking | source_acceptance_criteria=Live map shows accurate locations.",PHASE1_WEB,,MOD-16,M3,/operations/**,SAQEEL Operations Center;SAQEEL Operations Live,WA-AC-0431,,,WA-EV-0431,BASELINED_NOT_IMPLEMENTED
CR-432,SRC-CUST-001,c2ab27f60bf697780acf16d2b50f0f359b1bf78c1b89725bad3b1ab3005f04b9,Ops center ,Ops center !4,Operations Center,Visit Monitoring,Monitor visit lifecycle.,Dashboard → Visits,Filter/open visit.,"Display visits by operational state: New, Prepared, On the Way, Arrived, Executing, Submitted, Cancelled, Expired.",Detect stuck visits.,Visit Events,Visit Monitoring List,Operational state is separate from workflow status.,"Supervisor, Operations","Workflow, Timeline",Visits display correct current state.,"module=Operations Center | capability=Visit Monitoring | purpose=Monitor visit lifecycle. | user_flow=Dashboard → Visits | user_actions=Filter/open visit. | system_actions=Display visits by operational state: New, Prepared, On the Way, Arrived, Executing, Submitted, Cancelled, Expired. | ai_actions=Detect stuck visits. | inputs=Visit Events | outputs=Visit Monitoring List | business_rules=Operational state is separate from workflow status. | personas=Supervisor, Operations | dependencies=Workflow, Timeline | source_acceptance_criteria=Visits display correct current state.",PHASE1_WEB,,MOD-16,M3,/operations/**,SAQEEL Operations Center;SAQEEL Operations Live,WA-AC-0432,,,WA-EV-0432,BASELINED_NOT_IMPLEMENTED
CR-433,SRC-CUST-001,c2ab27f60bf697780acf16d2b50f0f359b1bf78c1b89725bad3b1ab3005f04b9,Ops center ,Ops center !5,Operations Center,Inspector Monitoring,Monitor inspector status.,Dashboard → Inspectors,View inspector workload/location.,"Display inspector availability, active visit, live location, offline/online state, workload.",Recommend workload balancing.,"Inspector Data, GPS",Inspector Monitoring,Inspector location visible only during active journey/execution and based on policy.,Supervisor,"Assignment, Live Tracking",Supervisor can monitor inspector status.,"module=Operations Center | capability=Inspector Monitoring | purpose=Monitor inspector status. | user_flow=Dashboard → Inspectors | user_actions=View inspector workload/location. | system_actions=Display inspector availability, active visit, live location, offline/online state, workload. | ai_actions=Recommend workload balancing. | inputs=Inspector Data, GPS | outputs=Inspector Monitoring | business_rules=Inspector location visible only during active journey/execution and based on policy. | personas=Supervisor | dependencies=Assignment, Live Tracking | source_acceptance_criteria=Supervisor can monitor inspector status.",PHASE1_WEB,,MOD-16,M3,/operations/**,SAQEEL Operations Center;SAQEEL Operations Live,WA-AC-0433,,,WA-EV-0433,BASELINED_NOT_IMPLEMENTED
CR-434,SRC-CUST-001,c2ab27f60bf697780acf16d2b50f0f359b1bf78c1b89725bad3b1ab3005f04b9,Ops center ,Ops center !6,Operations Center,SLA Monitoring,Track delayed visits/reviews.,Dashboard → SLA,View overdue items.,"Calculate overdue journey, execution, submission, review based on SLA rules.",Predict likely SLA breach.,"Timestamps, SLA Config",SLA Alerts,SLA uses server timestamps.,"Supervisor, Operations","SLA Engine, Timeline",SLA breaches display correctly.,"module=Operations Center | capability=SLA Monitoring | purpose=Track delayed visits/reviews. | user_flow=Dashboard → SLA | user_actions=View overdue items. | system_actions=Calculate overdue journey, execution, submission, review based on SLA rules. | ai_actions=Predict likely SLA breach. | inputs=Timestamps, SLA Config | outputs=SLA Alerts | business_rules=SLA uses server timestamps. | personas=Supervisor, Operations | dependencies=SLA Engine, Timeline | source_acceptance_criteria=SLA breaches display correctly.",PHASE1_WEB,,MOD-16,M3,/operations/**,SAQEEL Operations Center;SAQEEL Operations Live,WA-AC-0434,,,WA-EV-0434,BASELINED_NOT_IMPLEMENTED
CR-435,SRC-CUST-001,c2ab27f60bf697780acf16d2b50f0f359b1bf78c1b89725bad3b1ab3005f04b9,Ops center ,Ops center !7,Operations Center,Risk Monitoring,Prioritize high-risk factories/visits.,Dashboard → Risk,View risk list/map.,"Display high-risk factories, critical violations, high-priority inspections.",Recommend attention areas.,Risk Engine Data,Risk Monitoring View,Risk indicators are read-only.,"Supervisor, Executive","Risk Engine, Factory 360°",High-risk items are visible and filterable.,"module=Operations Center | capability=Risk Monitoring | purpose=Prioritize high-risk factories/visits. | user_flow=Dashboard → Risk | user_actions=View risk list/map. | system_actions=Display high-risk factories, critical violations, high-priority inspections. | ai_actions=Recommend attention areas. | inputs=Risk Engine Data | outputs=Risk Monitoring View | business_rules=Risk indicators are read-only. | personas=Supervisor, Executive | dependencies=Risk Engine, Factory 360° | source_acceptance_criteria=High-risk items are visible and filterable.",PHASE1_WEB,,MOD-16,M3,/operations/**,SAQEEL Operations Center;SAQEEL Operations Live,WA-AC-0435,,,WA-EV-0435,BASELINED_NOT_IMPLEMENTED
CR-436,SRC-CUST-001,c2ab27f60bf697780acf16d2b50f0f359b1bf78c1b89725bad3b1ab3005f04b9,Ops center ,Ops center !8,Operations Center,Alert Management,Surface operational alerts.,Dashboard → Alerts,"Open alert, acknowledge if allowed.","Generate alerts for GPS override, missed visit, cancelled visit, offline inspector, stuck execution, overdue review.",Recommend next action.,Operational Events,Alert List,Alert rules are configurable.,"Supervisor, Operations","Timeline, Notification, SLA",Alerts are generated for configured events.,"module=Operations Center | capability=Alert Management | purpose=Surface operational alerts. | user_flow=Dashboard → Alerts | user_actions=Open alert, acknowledge if allowed. | system_actions=Generate alerts for GPS override, missed visit, cancelled visit, offline inspector, stuck execution, overdue review. | ai_actions=Recommend next action. | inputs=Operational Events | outputs=Alert List | business_rules=Alert rules are configurable. | personas=Supervisor, Operations | dependencies=Timeline, Notification, SLA | source_acceptance_criteria=Alerts are generated for configured events.",PHASE1_WEB,,MOD-16,M3,/operations/**,SAQEEL Operations Center;SAQEEL Operations Live,WA-AC-0436,,,WA-EV-0436,BASELINED_NOT_IMPLEMENTED
CR-437,SRC-CUST-001,c2ab27f60bf697780acf16d2b50f0f359b1bf78c1b89725bad3b1ab3005f04b9,Ops center ,Ops center !9,Operations Center,Drilldown to Visit,Let operations inspect details.,Map/List → Visit,Click visit.,"Open visit detail with status, timeline, inspector, factory, execution mode.",None,Visit ID,Visit Detail,Drilldown is read-only unless user has action permission.,"Supervisor, Operations",Visit Management,User can open visit detail.,"module=Operations Center | capability=Drilldown to Visit | purpose=Let operations inspect details. | user_flow=Map/List → Visit | user_actions=Click visit. | system_actions=Open visit detail with status, timeline, inspector, factory, execution mode. | ai_actions=None | inputs=Visit ID | outputs=Visit Detail | business_rules=Drilldown is read-only unless user has action permission. | personas=Supervisor, Operations | dependencies=Visit Management | source_acceptance_criteria=User can open visit detail.",PHASE1_WEB,,MOD-16,M3,/operations/**,SAQEEL Operations Center;SAQEEL Operations Live,WA-AC-0437,,,WA-EV-0437,BASELINED_NOT_IMPLEMENTED
CR-438,SRC-CUST-001,c2ab27f60bf697780acf16d2b50f0f359b1bf78c1b89725bad3b1ab3005f04b9,Ops center ,Ops center !10,Operations Center,Drilldown to Factory 360°,Let operations open factory profile.,Map/List → Factory,Click factory.,Open Factory 360°.,None,Factory ID,Factory 360°,Same access rules as Factory 360°.,"Supervisor, Operations",Factory 360°,User can open factory profile.,"module=Operations Center | capability=Drilldown to Factory 360° | purpose=Let operations open factory profile. | user_flow=Map/List → Factory | user_actions=Click factory. | system_actions=Open Factory 360°. | ai_actions=None | inputs=Factory ID | outputs=Factory 360° | business_rules=Same access rules as Factory 360°. | personas=Supervisor, Operations | dependencies=Factory 360° | source_acceptance_criteria=User can open factory profile.",PHASE1_WEB,,MOD-16,M3,/operations/**,SAQEEL Operations Center;SAQEEL Operations Live,WA-AC-0438,,,WA-EV-0438,BASELINED_NOT_IMPLEMENTED
CR-439,SRC-CUST-001,c2ab27f60bf697780acf16d2b50f0f359b1bf78c1b89725bad3b1ab3005f04b9,Ops center ,Ops center !11,Operations Center,Branch / Region Filtering,Support regional supervision.,Dashboard,Select branch/region/city.,"Filter all widgets, maps, lists, alerts by selected geography.",None,Region Filter,Filtered Dashboard,Users see only authorized regions.,"Supervisor, Executive","Permission Engine, GIS",Region filters work correctly.,"module=Operations Center | capability=Branch / Region Filtering | purpose=Support regional supervision. | user_flow=Dashboard | user_actions=Select branch/region/city. | system_actions=Filter all widgets, maps, lists, alerts by selected geography. | ai_actions=None | inputs=Region Filter | outputs=Filtered Dashboard | business_rules=Users see only authorized regions. | personas=Supervisor, Executive | dependencies=Permission Engine, GIS | source_acceptance_criteria=Region filters work correctly.",PHASE1_WEB,,MOD-16,M3,/operations/**,SAQEEL Operations Center;SAQEEL Operations Live,WA-AC-0439,,,WA-EV-0439,BASELINED_NOT_IMPLEMENTED
CR-440,SRC-CUST-001,c2ab27f60bf697780acf16d2b50f0f359b1bf78c1b89725bad3b1ab3005f04b9,Ops center ,Ops center !12,Operations Center,Workload Monitoring,Show inspector and branch workload.,Dashboard → Workload,View workload.,"Display assigned, active, completed, overdue visits by inspector/branch.",Recommend balancing.,Assignment Data,Workload View,Workload is based on current and planned visits.,Supervisor,Assignment Engine,Workload metrics display correctly.,"module=Operations Center | capability=Workload Monitoring | purpose=Show inspector and branch workload. | user_flow=Dashboard → Workload | user_actions=View workload. | system_actions=Display assigned, active, completed, overdue visits by inspector/branch. | ai_actions=Recommend balancing. | inputs=Assignment Data | outputs=Workload View | business_rules=Workload is based on current and planned visits. | personas=Supervisor | dependencies=Assignment Engine | source_acceptance_criteria=Workload metrics display correctly.",PHASE1_WEB,,MOD-16,M3,/operations/**,SAQEEL Operations Center;SAQEEL Operations Live,WA-AC-0440,,,WA-EV-0440,BASELINED_NOT_IMPLEMENTED
CR-441,SRC-CUST-001,c2ab27f60bf697780acf16d2b50f0f359b1bf78c1b89725bad3b1ab3005f04b9,Ops center ,Ops center !13,Operations Center,Cancellation Monitoring,Track cancelled visits and reasons.,Dashboard → Cancellations,View reasons.,"Display cancelled visits by reason, inspector, factory, region, date.",Detect cancellation patterns.,Cancellation Records,Cancellation Analytics,Cancellation reason is mandatory in execution flow.,"Supervisor, Operations","Workflow, Timeline",Cancellations are visible and categorized.,"module=Operations Center | capability=Cancellation Monitoring | purpose=Track cancelled visits and reasons. | user_flow=Dashboard → Cancellations | user_actions=View reasons. | system_actions=Display cancelled visits by reason, inspector, factory, region, date. | ai_actions=Detect cancellation patterns. | inputs=Cancellation Records | outputs=Cancellation Analytics | business_rules=Cancellation reason is mandatory in execution flow. | personas=Supervisor, Operations | dependencies=Workflow, Timeline | source_acceptance_criteria=Cancellations are visible and categorized.",PHASE1_WEB,,MOD-16,M3,/operations/**,SAQEEL Operations Center;SAQEEL Operations Live,WA-AC-0441,,,WA-EV-0441,BASELINED_NOT_IMPLEMENTED
CR-442,SRC-CUST-001,c2ab27f60bf697780acf16d2b50f0f359b1bf78c1b89725bad3b1ab3005f04b9,Ops center ,Ops center !14,Operations Center,GPS Override Monitoring,Monitor location exceptions.,Dashboard → GPS Exceptions,View override events.,Display GPS override records with planned vs actual location and inspector confirmation.,Flag suspicious patterns.,GPS Override Events,GPS Exception List,"Override does not block inspection if confirmed, but must be auditable.","Supervisor, Auditor","GIS, Audit",GPS overrides are traceable.,"module=Operations Center | capability=GPS Override Monitoring | purpose=Monitor location exceptions. | user_flow=Dashboard → GPS Exceptions | user_actions=View override events. | system_actions=Display GPS override records with planned vs actual location and inspector confirmation. | ai_actions=Flag suspicious patterns. | inputs=GPS Override Events | outputs=GPS Exception List | business_rules=Override does not block inspection if confirmed, but must be auditable. | personas=Supervisor, Auditor | dependencies=GIS, Audit | source_acceptance_criteria=GPS overrides are traceable.",PHASE1_WEB,,MOD-16,M3,/operations/**,SAQEEL Operations Center;SAQEEL Operations Live,WA-AC-0442,,,WA-EV-0442,BASELINED_NOT_IMPLEMENTED
CR-443,SRC-CUST-001,c2ab27f60bf697780acf16d2b50f0f359b1bf78c1b89725bad3b1ab3005f04b9,Ops center ,Ops center !15,Operations Center,Live Tracking History,Review movement history.,Visit Detail → Tracking,View route history.,"Display journey path, timestamps, arrival point, actual location.",None,GPS History,Route History,Tracking history is immutable.,"Supervisor, Auditor","Live Tracking, GIS",Route history displays correctly.,"module=Operations Center | capability=Live Tracking History | purpose=Review movement history. | user_flow=Visit Detail → Tracking | user_actions=View route history. | system_actions=Display journey path, timestamps, arrival point, actual location. | ai_actions=None | inputs=GPS History | outputs=Route History | business_rules=Tracking history is immutable. | personas=Supervisor, Auditor | dependencies=Live Tracking, GIS | source_acceptance_criteria=Route history displays correctly.",PHASE1_WEB,,MOD-16,M3,/operations/**,SAQEEL Operations Center;SAQEEL Operations Live,WA-AC-0443,,,WA-EV-0443,BASELINED_NOT_IMPLEMENTED
CR-444,SRC-CUST-001,c2ab27f60bf697780acf16d2b50f0f359b1bf78c1b89725bad3b1ab3005f04b9,Ops center ,Ops center !16,Operations Center,Operational Timeline,Provide end-to-end traceability.,Visit Detail → Timeline,View timeline.,Display key events from planning to review/compliance.,Summarize timeline.,Timeline Events,Timeline View,Timeline is the single source of truth.,"Supervisor, Auditor",Timeline Service,Timeline reflects all major events.,"module=Operations Center | capability=Operational Timeline | purpose=Provide end-to-end traceability. | user_flow=Visit Detail → Timeline | user_actions=View timeline. | system_actions=Display key events from planning to review/compliance. | ai_actions=Summarize timeline. | inputs=Timeline Events | outputs=Timeline View | business_rules=Timeline is the single source of truth. | personas=Supervisor, Auditor | dependencies=Timeline Service | source_acceptance_criteria=Timeline reflects all major events.",PHASE1_WEB,,MOD-16,M3,/operations/**,SAQEEL Operations Center;SAQEEL Operations Live,WA-AC-0444,,,WA-EV-0444,BASELINED_NOT_IMPLEMENTED
CR-445,SRC-CUST-001,c2ab27f60bf697780acf16d2b50f0f359b1bf78c1b89725bad3b1ab3005f04b9,Ops center ,Ops center !17,Operations Center,Operations KPIs,Display operational performance.,Dashboard → KPIs,View KPIs.,"Calculate visits planned, completed, cancelled, overdue, active inspectors, avg duration, SLA breach rate.",Explain KPI changes.,Operational Data,KPI Cards,KPI calculation period is configurable.,"Executive, Supervisor",Analytics Engine,KPIs display accurately.,"module=Operations Center | capability=Operations KPIs | purpose=Display operational performance. | user_flow=Dashboard → KPIs | user_actions=View KPIs. | system_actions=Calculate visits planned, completed, cancelled, overdue, active inspectors, avg duration, SLA breach rate. | ai_actions=Explain KPI changes. | inputs=Operational Data | outputs=KPI Cards | business_rules=KPI calculation period is configurable. | personas=Executive, Supervisor | dependencies=Analytics Engine | source_acceptance_criteria=KPIs display accurately.",PHASE1_WEB,,MOD-16,M3,/operations/**,SAQEEL Operations Center;SAQEEL Operations Live,WA-AC-0445,,,WA-EV-0445,BASELINED_NOT_IMPLEMENTED
CR-446,SRC-CUST-001,c2ab27f60bf697780acf16d2b50f0f359b1bf78c1b89725bad3b1ab3005f04b9,Ops center ,Ops center !18,Operations Center,Export Operational Data,Support reporting.,Dashboard/List,Export.,Export filtered visits/alerts/KPIs according to permissions.,None,Filtered Dataset,Export File,Export is permission-controlled and audited.,"Supervisor, Executive",Reporting Service,Authorized user can export data.,"module=Operations Center | capability=Export Operational Data | purpose=Support reporting. | user_flow=Dashboard/List | user_actions=Export. | system_actions=Export filtered visits/alerts/KPIs according to permissions. | ai_actions=None | inputs=Filtered Dataset | outputs=Export File | business_rules=Export is permission-controlled and audited. | personas=Supervisor, Executive | dependencies=Reporting Service | source_acceptance_criteria=Authorized user can export data.",PHASE1_WEB,,MOD-16,M3,/operations/**,SAQEEL Operations Center;SAQEEL Operations Live,WA-AC-0446,,,WA-EV-0446,BASELINED_NOT_IMPLEMENTED
CR-447,SRC-CUST-001,c2ab27f60bf697780acf16d2b50f0f359b1bf78c1b89725bad3b1ab3005f04b9,Ops center ,Ops center !19,Operations Center,Access Control,Protect live operational data.,Open Operations Center,View permitted scope.,"Apply role, region, branch and permission restrictions.",None,User Role,Authorized View,Users cannot view unauthorized inspectors/factories/regions.,All Ops Users,Permission Engine,Access restrictions apply correctly.,"module=Operations Center | capability=Access Control | purpose=Protect live operational data. | user_flow=Open Operations Center | user_actions=View permitted scope. | system_actions=Apply role, region, branch and permission restrictions. | ai_actions=None | inputs=User Role | outputs=Authorized View | business_rules=Users cannot view unauthorized inspectors/factories/regions. | personas=All Ops Users | dependencies=Permission Engine | source_acceptance_criteria=Access restrictions apply correctly.",PHASE1_WEB,,MOD-16,M3,/operations/**,SAQEEL Operations Center;SAQEEL Operations Live,WA-AC-0447,,,WA-EV-0447,BASELINED_NOT_IMPLEMENTED
CR-448,SRC-CUST-001,c2ab27f60bf697780acf16d2b50f0f359b1bf78c1b89725bad3b1ab3005f04b9,Ops center ,Ops center !20,Operations Center,Error Handling,Keep monitoring reliable.,Any Load Failure,Retry/refresh.,Show partial dashboard if one data source fails; log failure; allow refresh.,None,Source Errors,Partial Dashboard,One failed widget must not break the whole Operations Center.,Operations,All Source Systems,Dashboard remains usable with clear error messages.,module=Operations Center | capability=Error Handling | purpose=Keep monitoring reliable. | user_flow=Any Load Failure | user_actions=Retry/refresh. | system_actions=Show partial dashboard if one data source fails; log failure; allow refresh. | ai_actions=None | inputs=Source Errors | outputs=Partial Dashboard | business_rules=One failed widget must not break the whole Operations Center. | personas=Operations | dependencies=All Source Systems | source_acceptance_criteria=Dashboard remains usable with clear error messages.,PHASE1_WEB,,MOD-16,M3,/operations/**,SAQEEL Operations Center;SAQEEL Operations Live,WA-AC-0448,,,WA-EV-0448,BASELINED_NOT_IMPLEMENTED
CR-449,SRC-CUST-001,c2ab27f60bf697780acf16d2b50f0f359b1bf78c1b89725bad3b1ab3005f04b9,Complince ,Complince !2,Compliance Configuration,Regulation Management,Define the legal/regulatory source used to build inspection rules.,Admin → Compliance Config → Regulations,"Create, edit draft, deactivate, view regulation.","Store regulation, status, effective date, attachments, issuing authority.",None,Regulation details,Regulation record,Regulation is the parent of inspection items. Deactivated regulation prevents future use but does not affect previous inspections.,Compliance Admin,"Lookup, Attachment, Audit",Admin can create and manage regulation records.,"module=Compliance Configuration | capability=Regulation Management | purpose=Define the legal/regulatory source used to build inspection rules. | user_flow=Admin → Compliance Config → Regulations | user_actions=Create, edit draft, deactivate, view regulation. | system_actions=Store regulation, status, effective date, attachments, issuing authority. | ai_actions=None | inputs=Regulation details | outputs=Regulation record | business_rules=Regulation is the parent of inspection items. Deactivated regulation prevents future use but does not affect previous inspections. | personas=Compliance Admin | dependencies=Lookup, Attachment, Audit | source_acceptance_criteria=Admin can create and manage regulation records.",PHASE1_ADMIN,,MOD-17,M6,/admin/compliance-requests/**;/admin/regulations/**;/admin/violations;/enforcement,SAQEEL Compliance Requests;SAQEEL Enforcement,WA-AC-0449,,,WA-EV-0449,BASELINED_NOT_IMPLEMENTED
CR-450,SRC-CUST-001,c2ab27f60bf697780acf16d2b50f0f359b1bf78c1b89725bad3b1ab3005f04b9,Complince ,Complince !3,Compliance Configuration,Inspection Item Management,Define inspection questions/items used during execution.,Regulation → Inspection Items,"Create inspection item, link to regulation, define response type, evidence rule.",Store item configuration and make it available for packages.,Future: suggest item wording.,Item details,Inspection Item,Item must belong to a regulation. Item can be reused in multiple packages.,Compliance Admin,"Regulation, Lookup, Dynamic Form/Template Builder",Item can be configured and reused.,"module=Compliance Configuration | capability=Inspection Item Management | purpose=Define inspection questions/items used during execution. | user_flow=Regulation → Inspection Items | user_actions=Create inspection item, link to regulation, define response type, evidence rule. | system_actions=Store item configuration and make it available for packages. | ai_actions=Future: suggest item wording. | inputs=Item details | outputs=Inspection Item | business_rules=Item must belong to a regulation. Item can be reused in multiple packages. | personas=Compliance Admin | dependencies=Regulation, Lookup, Dynamic Form/Template Builder | source_acceptance_criteria=Item can be configured and reused.",PHASE1_ADMIN,,MOD-17,M6,/admin/compliance-requests/**;/admin/regulations/**;/admin/violations;/enforcement,SAQEEL Compliance Requests;SAQEEL Enforcement,WA-AC-0450,,,WA-EV-0450,BASELINED_NOT_IMPLEMENTED
CR-451,SRC-CUST-001,c2ab27f60bf697780acf16d2b50f0f359b1bf78c1b89725bad3b1ab3005f04b9,Complince ,Complince !4,Compliance Configuration,Violation Management,Define what violation is triggered by non-compliant inspection item response.,Inspection Item → Violation,"Create violation, define severity, corrective action, grace period.",Link violation to inspection item.,Future: suggest severity.,Violation details,Violation rule,Violation is generated automatically during inspection. Inspector cannot override predefined violation.,Compliance Admin,Inspection Item Config,Violation is triggered correctly.,"module=Compliance Configuration | capability=Violation Management | purpose=Define what violation is triggered by non-compliant inspection item response. | user_flow=Inspection Item → Violation | user_actions=Create violation, define severity, corrective action, grace period. | system_actions=Link violation to inspection item. | ai_actions=Future: suggest severity. | inputs=Violation details | outputs=Violation rule | business_rules=Violation is generated automatically during inspection. Inspector cannot override predefined violation. | personas=Compliance Admin | dependencies=Inspection Item Config | source_acceptance_criteria=Violation is triggered correctly.",PHASE1_ADMIN,,MOD-17,M6,/admin/compliance-requests/**;/admin/regulations/**;/admin/violations;/enforcement,SAQEEL Compliance Requests;SAQEEL Enforcement,WA-AC-0451,,,WA-EV-0451,BASELINED_NOT_IMPLEMENTED
CR-452,SRC-CUST-001,c2ab27f60bf697780acf16d2b50f0f359b1bf78c1b89725bad3b1ab3005f04b9,Complince ,Complince !5,Compliance Configuration,Penalty Management,Define the penalty linked to a violation.,Violation → Penalty,"Configure penalty type, amount if applicable, grace/due rules, linked template.",Store one penalty against the violation.,None,Penalty details,Penalty rule,One violation has only one penalty. Penalty is shown to inspector as information and issued only after approval.,Compliance Admin,"Violation Config, Dynamic Form/Template Builder",Penalty is linked and displayed correctly.,"module=Compliance Configuration | capability=Penalty Management | purpose=Define the penalty linked to a violation. | user_flow=Violation → Penalty | user_actions=Configure penalty type, amount if applicable, grace/due rules, linked template. | system_actions=Store one penalty against the violation. | ai_actions=None | inputs=Penalty details | outputs=Penalty rule | business_rules=One violation has only one penalty. Penalty is shown to inspector as information and issued only after approval. | personas=Compliance Admin | dependencies=Violation Config, Dynamic Form/Template Builder | source_acceptance_criteria=Penalty is linked and displayed correctly.",PHASE1_ADMIN,,MOD-17,M6,/admin/compliance-requests/**;/admin/regulations/**;/admin/violations;/enforcement,SAQEEL Compliance Requests;SAQEEL Enforcement,WA-AC-0452,,,WA-EV-0452,BASELINED_NOT_IMPLEMENTED
CR-453,SRC-CUST-001,c2ab27f60bf697780acf16d2b50f0f359b1bf78c1b89725bad3b1ab3005f04b9,Complince ,Complince !6,Compliance Configuration,Evidence Rule Configuration,Define required evidence for inspection items.,Inspection Item → Evidence Rules,"Select required evidence types: photo, video, document, comment.",Enforce evidence requirements during inspection execution.,None,Evidence rules,Evidence validation rule,Evidence rules are configured per inspection item. Missing mandatory evidence blocks submission.,Compliance Admin,"Evidence Service, Validation Engine",Evidence requirement is enforced correctly.,"module=Compliance Configuration | capability=Evidence Rule Configuration | purpose=Define required evidence for inspection items. | user_flow=Inspection Item → Evidence Rules | user_actions=Select required evidence types: photo, video, document, comment. | system_actions=Enforce evidence requirements during inspection execution. | ai_actions=None | inputs=Evidence rules | outputs=Evidence validation rule | business_rules=Evidence rules are configured per inspection item. Missing mandatory evidence blocks submission. | personas=Compliance Admin | dependencies=Evidence Service, Validation Engine | source_acceptance_criteria=Evidence requirement is enforced correctly.",PHASE1_ADMIN,,MOD-17,M6,/admin/compliance-requests/**;/admin/regulations/**;/admin/violations;/enforcement,SAQEEL Compliance Requests;SAQEEL Enforcement,WA-AC-0453,,,WA-EV-0453,BASELINED_NOT_IMPLEMENTED
CR-454,SRC-CUST-001,c2ab27f60bf697780acf16d2b50f0f359b1bf78c1b89725bad3b1ab3005f04b9,Complince ,Complince !7,Compliance Configuration,Report Package Management,Configure inspection packages used in visit preparation/execution.,Compliance Config → Report Packages,"Create package, select form/report from Template Builder, attach inspection items.",Store package definition and make it selectable during preparation.,None,Package details,Report Package,Package can contain one or more forms and inspection items. Visit can support one or multiple packages if configured.,Compliance Admin,"Dynamic Form/Template Builder, Inspection Items",Package can be created and used in execution.,"module=Compliance Configuration | capability=Report Package Management | purpose=Configure inspection packages used in visit preparation/execution. | user_flow=Compliance Config → Report Packages | user_actions=Create package, select form/report from Template Builder, attach inspection items. | system_actions=Store package definition and make it selectable during preparation. | ai_actions=None | inputs=Package details | outputs=Report Package | business_rules=Package can contain one or more forms and inspection items. Visit can support one or multiple packages if configured. | personas=Compliance Admin | dependencies=Dynamic Form/Template Builder, Inspection Items | source_acceptance_criteria=Package can be created and used in execution.",PHASE1_ADMIN,,MOD-17,M6,/admin/compliance-requests/**;/admin/regulations/**;/admin/violations;/enforcement,SAQEEL Compliance Requests;SAQEEL Enforcement,WA-AC-0454,,,WA-EV-0454,BASELINED_NOT_IMPLEMENTED
CR-455,SRC-CUST-001,c2ab27f60bf697780acf16d2b50f0f359b1bf78c1b89725bad3b1ab3005f04b9,Complince ,Complince !8,Compliance Configuration,Package Item Assignment,Link inspection items to report packages.,Report Package → Items,"Add/remove items, mark required/optional, define order/category.",Store package-item relationship.,None,"Package ID, Item IDs",Package Checklist,Same item can be reused across packages. Required items cannot be removed during execution. Optional items may be selected/unselected by inspector.,Compliance Admin,Inspection Item Management,Package checklist renders correctly.,"module=Compliance Configuration | capability=Package Item Assignment | purpose=Link inspection items to report packages. | user_flow=Report Package → Items | user_actions=Add/remove items, mark required/optional, define order/category. | system_actions=Store package-item relationship. | ai_actions=None | inputs=Package ID, Item IDs | outputs=Package Checklist | business_rules=Same item can be reused across packages. Required items cannot be removed during execution. Optional items may be selected/unselected by inspector. | personas=Compliance Admin | dependencies=Inspection Item Management | source_acceptance_criteria=Package checklist renders correctly.",PHASE1_ADMIN,,MOD-17,M6,/admin/compliance-requests/**;/admin/regulations/**;/admin/violations;/enforcement,SAQEEL Compliance Requests;SAQEEL Enforcement,WA-AC-0455,,,WA-EV-0455,BASELINED_NOT_IMPLEMENTED
CR-456,SRC-CUST-001,c2ab27f60bf697780acf16d2b50f0f359b1bf78c1b89725bad3b1ab3005f04b9,Complince ,Complince !9,Compliance Configuration,Dynamic Template Assignment,"Link templates/forms to packages, action forms, and penalties.",Package / Penalty → Template Assignment,Select template from Dynamic Form/Template Builder.,Store template reference and version.,None,"Template ID, Version",Linked Template,Template configuration is managed in Template Builder. Compliance only consumes active templates.,Compliance Admin,Dynamic Form/Template Builder,Correct template is used at runtime.,"module=Compliance Configuration | capability=Dynamic Template Assignment | purpose=Link templates/forms to packages, action forms, and penalties. | user_flow=Package / Penalty → Template Assignment | user_actions=Select template from Dynamic Form/Template Builder. | system_actions=Store template reference and version. | ai_actions=None | inputs=Template ID, Version | outputs=Linked Template | business_rules=Template configuration is managed in Template Builder. Compliance only consumes active templates. | personas=Compliance Admin | dependencies=Dynamic Form/Template Builder | source_acceptance_criteria=Correct template is used at runtime.",PHASE1_ADMIN,,MOD-17,M6,/admin/compliance-requests/**;/admin/regulations/**;/admin/violations;/enforcement,SAQEEL Compliance Requests;SAQEEL Enforcement,WA-AC-0456,,,WA-EV-0456,BASELINED_NOT_IMPLEMENTED
CR-457,SRC-CUST-001,c2ab27f60bf697780acf16d2b50f0f359b1bf78c1b89725bad3b1ab3005f04b9,Complince ,Complince !10,Compliance Configuration,Action Form Trigger Configuration,Define when action forms are generated during inspection.,Violation/Penalty → Action Form,Link action form template to violation/penalty where needed.,Generate action form when configured trigger occurs.,None,"Trigger rule, template",Action Form Trigger,Action forms are generated dynamically during inspection and must be completed if mandatory.,Compliance Admin,"Dynamic Form/Template Builder, Rule Engine",Correct action form is generated.,"module=Compliance Configuration | capability=Action Form Trigger Configuration | purpose=Define when action forms are generated during inspection. | user_flow=Violation/Penalty → Action Form | user_actions=Link action form template to violation/penalty where needed. | system_actions=Generate action form when configured trigger occurs. | ai_actions=None | inputs=Trigger rule, template | outputs=Action Form Trigger | business_rules=Action forms are generated dynamically during inspection and must be completed if mandatory. | personas=Compliance Admin | dependencies=Dynamic Form/Template Builder, Rule Engine | source_acceptance_criteria=Correct action form is generated.",PHASE1_ADMIN,,MOD-17,M6,/admin/compliance-requests/**;/admin/regulations/**;/admin/violations;/enforcement,SAQEEL Compliance Requests;SAQEEL Enforcement,WA-AC-0457,,,WA-EV-0457,BASELINED_NOT_IMPLEMENTED
CR-458,SRC-CUST-001,c2ab27f60bf697780acf16d2b50f0f359b1bf78c1b89725bad3b1ab3005f04b9,Complince ,Complince !11,Compliance Configuration,Configuration Versioning,Preserve configuration used at execution time.,Publish Package / Rule,Publish new version.,Create immutable version of regulation/items/violations/penalties/package.,None,Configuration version,Published Config Version,Execution uses locked published version. Changes affect future inspections only.,Compliance Admin,"Version Engine, Audit",Previous inspections remain traceable to old configuration.,"module=Compliance Configuration | capability=Configuration Versioning | purpose=Preserve configuration used at execution time. | user_flow=Publish Package / Rule | user_actions=Publish new version. | system_actions=Create immutable version of regulation/items/violations/penalties/package. | ai_actions=None | inputs=Configuration version | outputs=Published Config Version | business_rules=Execution uses locked published version. Changes affect future inspections only. | personas=Compliance Admin | dependencies=Version Engine, Audit | source_acceptance_criteria=Previous inspections remain traceable to old configuration.",PHASE1_ADMIN,,MOD-17,M6,/admin/compliance-requests/**;/admin/regulations/**;/admin/violations;/enforcement,SAQEEL Compliance Requests;SAQEEL Enforcement,WA-AC-0458,,,WA-EV-0458,BASELINED_NOT_IMPLEMENTED
CR-459,SRC-CUST-001,c2ab27f60bf697780acf16d2b50f0f359b1bf78c1b89725bad3b1ab3005f04b9,Complince ,Complince !12,Compliance Configuration,Draft / Publish Lifecycle,Control configuration readiness.,Create Config → Draft → Publish,"Save draft, validate, publish, deactivate.",Validate dependencies before publish.,None,Draft configuration,Published configuration,Only published configurations can be used in planning/preparation. Draft cannot be used in live inspection.,Compliance Admin,Validation Engine,Invalid configuration cannot be published.,"module=Compliance Configuration | capability=Draft / Publish Lifecycle | purpose=Control configuration readiness. | user_flow=Create Config → Draft → Publish | user_actions=Save draft, validate, publish, deactivate. | system_actions=Validate dependencies before publish. | ai_actions=None | inputs=Draft configuration | outputs=Published configuration | business_rules=Only published configurations can be used in planning/preparation. Draft cannot be used in live inspection. | personas=Compliance Admin | dependencies=Validation Engine | source_acceptance_criteria=Invalid configuration cannot be published.",PHASE1_ADMIN,,MOD-17,M6,/admin/compliance-requests/**;/admin/regulations/**;/admin/violations;/enforcement,SAQEEL Compliance Requests;SAQEEL Enforcement,WA-AC-0459,,,WA-EV-0459,BASELINED_NOT_IMPLEMENTED
CR-460,SRC-CUST-001,c2ab27f60bf697780acf16d2b50f0f359b1bf78c1b89725bad3b1ab3005f04b9,Complince ,Complince !13,Compliance Configuration,Dependency Validation,Prevent broken inspection packages.,Publish Package,Click Publish.,"Validate regulation, items, response types, violations, penalties, evidence rules, templates.",None,Package configuration,Validation result,Package cannot be published if required dependencies are missing.,Compliance Admin,Validation Engine,Admin receives clear validation errors.,"module=Compliance Configuration | capability=Dependency Validation | purpose=Prevent broken inspection packages. | user_flow=Publish Package | user_actions=Click Publish. | system_actions=Validate regulation, items, response types, violations, penalties, evidence rules, templates. | ai_actions=None | inputs=Package configuration | outputs=Validation result | business_rules=Package cannot be published if required dependencies are missing. | personas=Compliance Admin | dependencies=Validation Engine | source_acceptance_criteria=Admin receives clear validation errors.",PHASE1_ADMIN,,MOD-17,M6,/admin/compliance-requests/**;/admin/regulations/**;/admin/violations;/enforcement,SAQEEL Compliance Requests;SAQEEL Enforcement,WA-AC-0460,,,WA-EV-0460,BASELINED_NOT_IMPLEMENTED
CR-461,SRC-CUST-001,c2ab27f60bf697780acf16d2b50f0f359b1bf78c1b89725bad3b1ab3005f04b9,Complince ,Complince !14,Compliance Configuration,Impact Analysis,Show where a change will affect future inspections.,Edit Config → Impact Analysis,View affected packages/items/templates.,"Display packages, active visits, and future executions affected by the change.",Future: summarize impact.,Changed configuration,Impact Report,"Published changes affect future usage only, not locked inspections.","Compliance Admin, Supervisor","Version Engine, Planning",Admin can understand impact before publishing.,"module=Compliance Configuration | capability=Impact Analysis | purpose=Show where a change will affect future inspections. | user_flow=Edit Config → Impact Analysis | user_actions=View affected packages/items/templates. | system_actions=Display packages, active visits, and future executions affected by the change. | ai_actions=Future: summarize impact. | inputs=Changed configuration | outputs=Impact Report | business_rules=Published changes affect future usage only, not locked inspections. | personas=Compliance Admin, Supervisor | dependencies=Version Engine, Planning | source_acceptance_criteria=Admin can understand impact before publishing.",PHASE1_ADMIN,,MOD-17,M6,/admin/compliance-requests/**;/admin/regulations/**;/admin/violations;/enforcement,SAQEEL Compliance Requests;SAQEEL Enforcement,WA-AC-0461,,,WA-EV-0461,BASELINED_NOT_IMPLEMENTED
CR-462,SRC-CUST-001,c2ab27f60bf697780acf16d2b50f0f359b1bf78c1b89725bad3b1ab3005f04b9,Complince ,Complince !15,Compliance Configuration,Deactivation Rules,Retire outdated configuration safely.,Config Record → Deactivate,Deactivate with reason.,Mark config inactive and prevent future use.,None,Deactivation reason,Inactive configuration,Deactivation does not delete historical data. Reason is mandatory.,Compliance Admin,"Audit, Version Engine",Deactivated config no longer appears for new packages.,"module=Compliance Configuration | capability=Deactivation Rules | purpose=Retire outdated configuration safely. | user_flow=Config Record → Deactivate | user_actions=Deactivate with reason. | system_actions=Mark config inactive and prevent future use. | ai_actions=None | inputs=Deactivation reason | outputs=Inactive configuration | business_rules=Deactivation does not delete historical data. Reason is mandatory. | personas=Compliance Admin | dependencies=Audit, Version Engine | source_acceptance_criteria=Deactivated config no longer appears for new packages.",PHASE1_ADMIN,,MOD-17,M6,/admin/compliance-requests/**;/admin/regulations/**;/admin/violations;/enforcement,SAQEEL Compliance Requests;SAQEEL Enforcement,WA-AC-0462,,,WA-EV-0462,BASELINED_NOT_IMPLEMENTED
CR-463,SRC-CUST-001,c2ab27f60bf697780acf16d2b50f0f359b1bf78c1b89725bad3b1ab3005f04b9,Complince ,Complince !16,Compliance Configuration,Audit Trail,Record all configuration changes.,Any Config Change,None,"Log create, update, publish, deactivate, template link, item assignment.",None,Config events,Audit log,All configuration changes are immutable and auditable.,"Compliance Admin, Auditor",Audit Service,Full history is available.,"module=Compliance Configuration | capability=Audit Trail | purpose=Record all configuration changes. | user_flow=Any Config Change | user_actions=None | system_actions=Log create, update, publish, deactivate, template link, item assignment. | ai_actions=None | inputs=Config events | outputs=Audit log | business_rules=All configuration changes are immutable and auditable. | personas=Compliance Admin, Auditor | dependencies=Audit Service | source_acceptance_criteria=Full history is available.",PHASE1_ADMIN,,MOD-17,M6,/admin/compliance-requests/**;/admin/regulations/**;/admin/violations;/enforcement,SAQEEL Compliance Requests;SAQEEL Enforcement,WA-AC-0463,,,WA-EV-0463,BASELINED_NOT_IMPLEMENTED
CR-464,SRC-CUST-001,c2ab27f60bf697780acf16d2b50f0f359b1bf78c1b89725bad3b1ab3005f04b9,Complince ,Complince !17,Compliance Configuration,Inspection Section / Group Management,Organize inspection items into readable sections.,Compliance Config → Package → Sections,"Create section, name AR/EN, define order, assign items.",Store section and render it in execution checklist.,None,"Section name, order, items",Inspection Section,Sections are configurable per package. Items must appear under a section or default group.,Compliance Admin,Package Management,Sections appear correctly in execution.,"module=Compliance Configuration | capability=Inspection Section / Group Management | purpose=Organize inspection items into readable sections. | user_flow=Compliance Config → Package → Sections | user_actions=Create section, name AR/EN, define order, assign items. | system_actions=Store section and render it in execution checklist. | ai_actions=None | inputs=Section name, order, items | outputs=Inspection Section | business_rules=Sections are configurable per package. Items must appear under a section or default group. | personas=Compliance Admin | dependencies=Package Management | source_acceptance_criteria=Sections appear correctly in execution.",PHASE1_ADMIN,,MOD-17,M6,/admin/compliance-requests/**;/admin/regulations/**;/admin/violations;/enforcement,SAQEEL Compliance Requests;SAQEEL Enforcement,WA-AC-0464,,,WA-EV-0464,BASELINED_NOT_IMPLEMENTED
CR-465,SRC-CUST-001,c2ab27f60bf697780acf16d2b50f0f359b1bf78c1b89725bad3b1ab3005f04b9,Complince ,Complince !18,Compliance Configuration,Item Display Order,Control item sequence inside the checklist.,Package → Section → Items,Set item order.,Save sort order and render items accordingly.,None,Item order,Ordered Checklist,No hardcoded order. Order follows package configuration.,Compliance Admin,Package Item Assignment,Items display in configured order.,module=Compliance Configuration | capability=Item Display Order | purpose=Control item sequence inside the checklist. | user_flow=Package → Section → Items | user_actions=Set item order. | system_actions=Save sort order and render items accordingly. | ai_actions=None | inputs=Item order | outputs=Ordered Checklist | business_rules=No hardcoded order. Order follows package configuration. | personas=Compliance Admin | dependencies=Package Item Assignment | source_acceptance_criteria=Items display in configured order.,PHASE1_ADMIN,,MOD-17,M6,/admin/compliance-requests/**;/admin/regulations/**;/admin/violations;/enforcement,SAQEEL Compliance Requests;SAQEEL Enforcement,WA-AC-0465,,,WA-EV-0465,BASELINED_NOT_IMPLEMENTED
CR-466,SRC-CUST-001,c2ab27f60bf697780acf16d2b50f0f359b1bf78c1b89725bad3b1ab3005f04b9,Complince ,Complince !19,Compliance Configuration,Mandatory Rule,"Define whether an item is required, optional, or conditional.",Package Item → Mandatory Rule,Select Required / Optional / Conditional.,Store rule and enforce during execution.,None,Mandatory rule,Item Requirement Rule,Required items cannot be unselected. Optional items can be unselected. Conditional items appear only when conditions are met.,Compliance Admin,Rule Engine,Execution respects required/optional/conditional behavior.,"module=Compliance Configuration | capability=Mandatory Rule | purpose=Define whether an item is required, optional, or conditional. | user_flow=Package Item → Mandatory Rule | user_actions=Select Required / Optional / Conditional. | system_actions=Store rule and enforce during execution. | ai_actions=None | inputs=Mandatory rule | outputs=Item Requirement Rule | business_rules=Required items cannot be unselected. Optional items can be unselected. Conditional items appear only when conditions are met. | personas=Compliance Admin | dependencies=Rule Engine | source_acceptance_criteria=Execution respects required/optional/conditional behavior.",PHASE1_ADMIN,,MOD-17,M6,/admin/compliance-requests/**;/admin/regulations/**;/admin/violations;/enforcement,SAQEEL Compliance Requests;SAQEEL Enforcement,WA-AC-0466,,,WA-EV-0466,BASELINED_NOT_IMPLEMENTED
CR-467,SRC-CUST-001,c2ab27f60bf697780acf16d2b50f0f359b1bf78c1b89725bad3b1ab3005f04b9,Complince ,Complince !20,Compliance Configuration,Response Mapping,Define what each answer means.,Inspection Item → Response Mapping,Map each response to compliance result.,Store mapping and use it during inspection execution.,None,"Response value, result",Response Logic,"Response outcome must be configurable, not hardcoded.",Compliance Admin,"Response Type Config, Rule Engine",Selected response triggers correct result.,"module=Compliance Configuration | capability=Response Mapping | purpose=Define what each answer means. | user_flow=Inspection Item → Response Mapping | user_actions=Map each response to compliance result. | system_actions=Store mapping and use it during inspection execution. | ai_actions=None | inputs=Response value, result | outputs=Response Logic | business_rules=Response outcome must be configurable, not hardcoded. | personas=Compliance Admin | dependencies=Response Type Config, Rule Engine | source_acceptance_criteria=Selected response triggers correct result.",PHASE1_ADMIN,,MOD-17,M6,/admin/compliance-requests/**;/admin/regulations/**;/admin/violations;/enforcement,SAQEEL Compliance Requests;SAQEEL Enforcement,WA-AC-0467,,,WA-EV-0467,BASELINED_NOT_IMPLEMENTED
CR-468,SRC-CUST-001,c2ab27f60bf697780acf16d2b50f0f359b1bf78c1b89725bad3b1ab3005f04b9,Complince ,Complince !21,Compliance Configuration,Compliance Result Mapping,Convert responses into business outcomes.,Response Mapping → Result,Define Compliant / Non-Compliant / N/A / Needs Review.,Evaluate response during execution and produce result.,None,"Response, mapping",Compliance Result,Non-compliant may trigger violation. N/A may be excluded from scoring. Needs Review may be flagged for reviewer.,Compliance Admin,Rule Engine,Correct compliance result appears during inspection.,"module=Compliance Configuration | capability=Compliance Result Mapping | purpose=Convert responses into business outcomes. | user_flow=Response Mapping → Result | user_actions=Define Compliant / Non-Compliant / N/A / Needs Review. | system_actions=Evaluate response during execution and produce result. | ai_actions=None | inputs=Response, mapping | outputs=Compliance Result | business_rules=Non-compliant may trigger violation. N/A may be excluded from scoring. Needs Review may be flagged for reviewer. | personas=Compliance Admin | dependencies=Rule Engine | source_acceptance_criteria=Correct compliance result appears during inspection.",PHASE1_ADMIN,,MOD-17,M6,/admin/compliance-requests/**;/admin/regulations/**;/admin/violations;/enforcement,SAQEEL Compliance Requests;SAQEEL Enforcement,WA-AC-0468,,,WA-EV-0468,BASELINED_NOT_IMPLEMENTED
CR-469,SRC-CUST-001,c2ab27f60bf697780acf16d2b50f0f359b1bf78c1b89725bad3b1ab3005f04b9,Complince ,Complince !22,Compliance Configuration,Conditional Item Logic,Show/hide inspection items based on previous answers.,Package Item → Conditions,Define condition rules.,Evaluate condition at runtime and show/hide items.,None,"Parent item, answer, target item",Conditional Rule,Hidden conditional items are excluded from mandatory validation.,Compliance Admin,Rule Engine,Conditional items appear only when rule is met.,"module=Compliance Configuration | capability=Conditional Item Logic | purpose=Show/hide inspection items based on previous answers. | user_flow=Package Item → Conditions | user_actions=Define condition rules. | system_actions=Evaluate condition at runtime and show/hide items. | ai_actions=None | inputs=Parent item, answer, target item | outputs=Conditional Rule | business_rules=Hidden conditional items are excluded from mandatory validation. | personas=Compliance Admin | dependencies=Rule Engine | source_acceptance_criteria=Conditional items appear only when rule is met.",PHASE1_ADMIN,,MOD-17,M6,/admin/compliance-requests/**;/admin/regulations/**;/admin/violations;/enforcement,SAQEEL Compliance Requests;SAQEEL Enforcement,WA-AC-0469,,,WA-EV-0469,BASELINED_NOT_IMPLEMENTED
CR-470,SRC-CUST-001,c2ab27f60bf697780acf16d2b50f0f359b1bf78c1b89725bad3b1ab3005f04b9,Complince ,Complince !23,Compliance Configuration,Conditional Mandatory Logic,Make an item mandatory only under specific conditions.,Package Item → Mandatory Conditions,Define when item becomes mandatory.,Enforce mandatory rule only when condition applies.,None,Condition rule,Conditional Mandatory Rule,Conditional mandatory items block submission only when active.,Compliance Admin,Validation Engine,Submission validation respects conditional mandatory logic.,module=Compliance Configuration | capability=Conditional Mandatory Logic | purpose=Make an item mandatory only under specific conditions. | user_flow=Package Item → Mandatory Conditions | user_actions=Define when item becomes mandatory. | system_actions=Enforce mandatory rule only when condition applies. | ai_actions=None | inputs=Condition rule | outputs=Conditional Mandatory Rule | business_rules=Conditional mandatory items block submission only when active. | personas=Compliance Admin | dependencies=Validation Engine | source_acceptance_criteria=Submission validation respects conditional mandatory logic.,PHASE1_ADMIN,,MOD-17,M6,/admin/compliance-requests/**;/admin/regulations/**;/admin/violations;/enforcement,SAQEEL Compliance Requests;SAQEEL Enforcement,WA-AC-0470,,,WA-EV-0470,BASELINED_NOT_IMPLEMENTED
CR-471,SRC-CUST-001,c2ab27f60bf697780acf16d2b50f0f359b1bf78c1b89725bad3b1ab3005f04b9,Complince ,Complince !24,Compliance Configuration,Item Weight / Score,Define item contribution to inspection score.,Inspection Item → Scoring,Enter weight/score.,Store score and pass it to health/risk calculation after approval.,None,"Weight, score rule",Item Score Rule,Score does not replace violation logic. It supports analytics/health calculation.,Compliance Admin,"Risk Engine, Health Score Engine",Item score is stored and available for calculations.,"module=Compliance Configuration | capability=Item Weight / Score | purpose=Define item contribution to inspection score. | user_flow=Inspection Item → Scoring | user_actions=Enter weight/score. | system_actions=Store score and pass it to health/risk calculation after approval. | ai_actions=None | inputs=Weight, score rule | outputs=Item Score Rule | business_rules=Score does not replace violation logic. It supports analytics/health calculation. | personas=Compliance Admin | dependencies=Risk Engine, Health Score Engine | source_acceptance_criteria=Item score is stored and available for calculations.",OPEN_BUSINESS_DECISION,,MOD-17,M6,/admin/compliance-requests/**;/admin/regulations/**;/admin/violations;/enforcement,SAQEEL Compliance Requests;SAQEEL Enforcement,WA-AC-0471,DEC-001;DEC-028,,WA-EV-0471,BASELINED_NOT_IMPLEMENTED
CR-472,SRC-CUST-001,c2ab27f60bf697780acf16d2b50f0f359b1bf78c1b89725bad3b1ab3005f04b9,Complince ,Complince !25,Compliance Configuration,Score Exclusion Rule,Exclude specific items from scoring.,Item Scoring → Exclude,Enable/disable scoring.,Mark item as excluded from score calculation.,None,Exclusion flag,Score Rule,N/A or excluded items do not affect score.,Compliance Admin,Health Score Engine,Excluded items are ignored in score.,module=Compliance Configuration | capability=Score Exclusion Rule | purpose=Exclude specific items from scoring. | user_flow=Item Scoring → Exclude | user_actions=Enable/disable scoring. | system_actions=Mark item as excluded from score calculation. | ai_actions=None | inputs=Exclusion flag | outputs=Score Rule | business_rules=N/A or excluded items do not affect score. | personas=Compliance Admin | dependencies=Health Score Engine | source_acceptance_criteria=Excluded items are ignored in score.,OPEN_BUSINESS_DECISION,,MOD-17,M6,/admin/compliance-requests/**;/admin/regulations/**;/admin/violations;/enforcement,SAQEEL Compliance Requests;SAQEEL Enforcement,WA-AC-0472,DEC-001;DEC-028,,WA-EV-0472,BASELINED_NOT_IMPLEMENTED
CR-473,SRC-CUST-001,c2ab27f60bf697780acf16d2b50f0f359b1bf78c1b89725bad3b1ab3005f04b9,Complince ,Complince !26,Compliance Configuration,Response-Based Evidence Rule,Configure evidence requirement based on item answer if needed.,Item → Evidence Rule,Define evidence rule per response.,Enforce evidence requirement at execution.,None,"Response, evidence type",Evidence Rule,Base rule is per item; response-level evidence can override if configured.,Compliance Admin,"Evidence Service, Validation Engine",Evidence validation applies correctly.,"module=Compliance Configuration | capability=Response-Based Evidence Rule | purpose=Configure evidence requirement based on item answer if needed. | user_flow=Item → Evidence Rule | user_actions=Define evidence rule per response. | system_actions=Enforce evidence requirement at execution. | ai_actions=None | inputs=Response, evidence type | outputs=Evidence Rule | business_rules=Base rule is per item; response-level evidence can override if configured. | personas=Compliance Admin | dependencies=Evidence Service, Validation Engine | source_acceptance_criteria=Evidence validation applies correctly.",PHASE1_ADMIN,,MOD-17,M6,/admin/compliance-requests/**;/admin/regulations/**;/admin/violations;/enforcement,SAQEEL Compliance Requests;SAQEEL Enforcement,WA-AC-0473,,,WA-EV-0473,BASELINED_NOT_IMPLEMENTED
CR-474,SRC-CUST-001,c2ab27f60bf697780acf16d2b50f0f359b1bf78c1b89725bad3b1ab3005f04b9,Complince ,Complince !27,Compliance Configuration,Violation Trigger Rule,Define when a violation is generated.,Response Mapping → Violation,Link non-compliant result to violation.,Generate violation when mapped response is selected.,None,"Response mapping, violation",Violation Trigger,Inspector cannot override generated violation.,Compliance Admin,Violation Management,Correct violation is generated.,"module=Compliance Configuration | capability=Violation Trigger Rule | purpose=Define when a violation is generated. | user_flow=Response Mapping → Violation | user_actions=Link non-compliant result to violation. | system_actions=Generate violation when mapped response is selected. | ai_actions=None | inputs=Response mapping, violation | outputs=Violation Trigger | business_rules=Inspector cannot override generated violation. | personas=Compliance Admin | dependencies=Violation Management | source_acceptance_criteria=Correct violation is generated.",PHASE1_ADMIN,,MOD-17,M6,/admin/compliance-requests/**;/admin/regulations/**;/admin/violations;/enforcement,SAQEEL Compliance Requests;SAQEEL Enforcement,WA-AC-0474,,,WA-EV-0474,BASELINED_NOT_IMPLEMENTED
CR-475,SRC-CUST-001,c2ab27f60bf697780acf16d2b50f0f359b1bf78c1b89725bad3b1ab3005f04b9,Complince ,Complince !28,Compliance Configuration,Action Form Requirement Rule,Define whether generated action form is mandatory.,Violation/Penalty → Action Form,Mark action form optional/mandatory.,Enforce completion if mandatory.,None,Action form rule,Action Form Requirement,Mandatory action forms block submission if incomplete.,Compliance Admin,"Dynamic Template Builder, Validation Engine",Execution blocks submission when required form is incomplete.,"module=Compliance Configuration | capability=Action Form Requirement Rule | purpose=Define whether generated action form is mandatory. | user_flow=Violation/Penalty → Action Form | user_actions=Mark action form optional/mandatory. | system_actions=Enforce completion if mandatory. | ai_actions=None | inputs=Action form rule | outputs=Action Form Requirement | business_rules=Mandatory action forms block submission if incomplete. | personas=Compliance Admin | dependencies=Dynamic Template Builder, Validation Engine | source_acceptance_criteria=Execution blocks submission when required form is incomplete.",PHASE1_ADMIN,,MOD-17,M6,/admin/compliance-requests/**;/admin/regulations/**;/admin/violations;/enforcement,SAQEEL Compliance Requests;SAQEEL Enforcement,WA-AC-0475,,,WA-EV-0475,BASELINED_NOT_IMPLEMENTED
CR-476,SRC-CUST-001,c2ab27f60bf697780acf16d2b50f0f359b1bf78c1b89725bad3b1ab3005f04b9,Complince ,Complince !29,Compliance Configuration,Configuration Preview,Let admin preview package before publishing.,Package → Preview,Click Preview.,Render package as it will appear to inspector.,None,Draft package,Preview View,Preview does not publish configuration.,Compliance Admin,Dynamic Form/Template Builder,Admin can preview checklist and rules.,module=Compliance Configuration | capability=Configuration Preview | purpose=Let admin preview package before publishing. | user_flow=Package → Preview | user_actions=Click Preview. | system_actions=Render package as it will appear to inspector. | ai_actions=None | inputs=Draft package | outputs=Preview View | business_rules=Preview does not publish configuration. | personas=Compliance Admin | dependencies=Dynamic Form/Template Builder | source_acceptance_criteria=Admin can preview checklist and rules.,PHASE1_ADMIN,,MOD-17,M6,/admin/compliance-requests/**;/admin/regulations/**;/admin/violations;/enforcement,SAQEEL Compliance Requests;SAQEEL Enforcement,WA-AC-0476,,,WA-EV-0476,BASELINED_NOT_IMPLEMENTED
CR-477,SRC-CUST-001,c2ab27f60bf697780acf16d2b50f0f359b1bf78c1b89725bad3b1ab3005f04b9,Complince ,Complince !30,Compliance Configuration,Publish Validation,Validate full configuration before publishing.,Draft Package → Publish,Click Publish.,"Validate sections, items, response mapping, violations, penalties, evidence, templates, action forms.",None,Draft config,Validation Result,Package cannot be published with missing dependencies.,Compliance Admin,Validation Engine,Admin sees clear validation errors before publish.,"module=Compliance Configuration | capability=Publish Validation | purpose=Validate full configuration before publishing. | user_flow=Draft Package → Publish | user_actions=Click Publish. | system_actions=Validate sections, items, response mapping, violations, penalties, evidence, templates, action forms. | ai_actions=None | inputs=Draft config | outputs=Validation Result | business_rules=Package cannot be published with missing dependencies. | personas=Compliance Admin | dependencies=Validation Engine | source_acceptance_criteria=Admin sees clear validation errors before publish.",PHASE1_ADMIN,,MOD-17,M6,/admin/compliance-requests/**;/admin/regulations/**;/admin/violations;/enforcement,SAQEEL Compliance Requests;SAQEEL Enforcement,WA-AC-0477,,,WA-EV-0477,BASELINED_NOT_IMPLEMENTED
CR-478,SRC-CUST-001,c2ab27f60bf697780acf16d2b50f0f359b1bf78c1b89725bad3b1ab3005f04b9,Complince ,Complince !31,Compliance Configuration,Runtime Locking,Ensure executed inspections use frozen configuration.,Inspection Preparation / Execution,None,Lock published package version when selected for visit.,None,Published package,Locked Runtime Version,Later configuration changes do not affect active/previous inspections.,System,Version Engine,Execution uses the locked version only.,module=Compliance Configuration | capability=Runtime Locking | purpose=Ensure executed inspections use frozen configuration. | user_flow=Inspection Preparation / Execution | user_actions=None | system_actions=Lock published package version when selected for visit. | ai_actions=None | inputs=Published package | outputs=Locked Runtime Version | business_rules=Later configuration changes do not affect active/previous inspections. | personas=System | dependencies=Version Engine | source_acceptance_criteria=Execution uses the locked version only.,PHASE1_ADMIN,,MOD-17,M6,/admin/compliance-requests/**;/admin/regulations/**;/admin/violations;/enforcement,SAQEEL Compliance Requests;SAQEEL Enforcement,WA-AC-0478,,,WA-EV-0478,BASELINED_NOT_IMPLEMENTED
