object_type,schema,name,detail,migration_source,classification,notes
table,public,action_forms,columns=11; pk_cols=1; fk_out=3; triggers=1; rls=enabled; policies=1,0001_foundation.sql,canonical+applied,
column,public,action_forms.id,type=uuid; nullable=NO; default=gen_random_uuid(); ordinal=1,0001_foundation.sql,canonical+applied,
column,public,action_forms.inspection_id,type=uuid; nullable=NO; default=None; ordinal=2,0001_foundation.sql,canonical+applied,
column,public,action_forms.violation_id,type=uuid; nullable=YES; default=None; ordinal=3,0001_foundation.sql,canonical+applied,
column,public,action_forms.form_type,type=text; nullable=NO; default='corrective'::text; ordinal=4,0001_foundation.sql,canonical+applied,
column,public,action_forms.owner_name,type=text; nullable=YES; default=None; ordinal=5,0001_foundation.sql,canonical+applied,
column,public,action_forms.owner_role,type=text; nullable=YES; default=None; ordinal=6,0001_foundation.sql,canonical+applied,
column,public,action_forms.due_at,type=timestamp with time zone; nullable=YES; default=None; ordinal=7,0001_foundation.sql,canonical+applied,
column,public,action_forms.required_correction,type=text; nullable=YES; default=None; ordinal=8,0001_foundation.sql,canonical+applied,
column,public,action_forms.status,type=text; nullable=NO; default='open'::text; ordinal=9,0001_foundation.sql,canonical+applied,
column,public,action_forms.is_blocking,type=boolean; nullable=NO; default=true; ordinal=10,0001_foundation.sql,canonical+applied,
column,public,action_forms.item_id,type=uuid; nullable=YES; default=None; ordinal=11,0001_foundation.sql,canonical+applied,
primary_key,public,action_forms_pkey,table=action_forms; columns=id,0001_foundation.sql,canonical+applied,
foreign_key,public,action_forms_inspection_id_fkey,action_forms.inspection_id -> inspections.id,0001_foundation.sql,canonical+applied,
foreign_key,public,action_forms_item_id_fkey,action_forms.item_id -> inspection_items.id,0001_foundation.sql,canonical+applied,
foreign_key,public,action_forms_violation_id_fkey,action_forms.violation_id -> violations.id,0001_foundation.sql,canonical+applied,
check,public,2200_18126_10_not_null,table=action_forms; columns=None,0001_foundation.sql,canonical+applied,
check,public,2200_18126_1_not_null,table=action_forms; columns=None,0001_foundation.sql,canonical+applied,
check,public,2200_18126_2_not_null,table=action_forms; columns=None,0001_foundation.sql,canonical+applied,
check,public,2200_18126_4_not_null,table=action_forms; columns=None,0001_foundation.sql,canonical+applied,
check,public,2200_18126_9_not_null,table=action_forms; columns=None,0001_foundation.sql,canonical+applied,
index,public,action_forms_inspection_item_uq,"CREATE UNIQUE INDEX action_forms_inspection_item_uq ON public.action_forms USING btree (inspection_id, item_id)",0001_foundation.sql,canonical+applied,
index,public,action_forms_open_due_idx,"CREATE INDEX action_forms_open_due_idx ON public.action_forms USING btree (due_at, id) WHERE (status <> 'closed'::text)",0001_foundation.sql,canonical+applied,
index,public,action_forms_pkey,CREATE UNIQUE INDEX action_forms_pkey ON public.action_forms USING btree (id),0001_foundation.sql,canonical+applied,
trigger,public,trg_audit_action_forms,"table=action_forms; timing=AFTER; events=DELETE,INSERT,UPDATE; action=EXECUTE FUNCTION audit_row_change()",0001_foundation.sql,canonical+applied,
rls_enablement,public,action_forms__rls,rls_enabled=True; forced=False,0001_foundation.sql,canonical+applied,
rls_policy,public,action_forms.actions_rw,cmd=ALL; roles={public}; permissive=PERMISSIVE,0001_foundation.sql,canonical+applied,
table,public,ai_events,columns=6; pk_cols=1; fk_out=2; triggers=1; rls=enabled; policies=2,20260717210000_mvp2_m2_11_assistive_ai.sql,canonical+applied,
column,public,ai_events.id,type=uuid; nullable=NO; default=gen_random_uuid(); ordinal=1,20260717210000_mvp2_m2_11_assistive_ai.sql,canonical+applied,
column,public,ai_events.suggestion_id,type=uuid; nullable=YES; default=None; ordinal=2,20260717210000_mvp2_m2_11_assistive_ai.sql,canonical+applied,
column,public,ai_events.event_type,type=text; nullable=NO; default=None; ordinal=3,20260717210000_mvp2_m2_11_assistive_ai.sql,canonical+applied,
column,public,ai_events.actor,type=uuid; nullable=YES; default=None; ordinal=4,20260717210000_mvp2_m2_11_assistive_ai.sql,canonical+applied,
column,public,ai_events.payload,type=jsonb; nullable=NO; default='{}'::jsonb; ordinal=5,20260717210000_mvp2_m2_11_assistive_ai.sql,canonical+applied,
column,public,ai_events.created_at,type=timestamp with time zone; nullable=NO; default=now(); ordinal=6,20260717210000_mvp2_m2_11_assistive_ai.sql,canonical+applied,
primary_key,public,ai_events_pkey,table=ai_events; columns=id,20260717210000_mvp2_m2_11_assistive_ai.sql,canonical+applied,
foreign_key,public,ai_events_actor_fkey,ai_events.actor -> profiles.user_id,20260717210000_mvp2_m2_11_assistive_ai.sql,canonical+applied,
foreign_key,public,ai_events_suggestion_id_fkey,ai_events.suggestion_id -> ai_suggestions.id,20260717210000_mvp2_m2_11_assistive_ai.sql,canonical+applied,
check,public,2200_20817_1_not_null,table=ai_events; columns=None,20260717210000_mvp2_m2_11_assistive_ai.sql,canonical+applied,
check,public,2200_20817_3_not_null,table=ai_events; columns=None,20260717210000_mvp2_m2_11_assistive_ai.sql,canonical+applied,
check,public,2200_20817_5_not_null,table=ai_events; columns=None,20260717210000_mvp2_m2_11_assistive_ai.sql,canonical+applied,
check,public,2200_20817_6_not_null,table=ai_events; columns=None,20260717210000_mvp2_m2_11_assistive_ai.sql,canonical+applied,
index,public,ai_events_pkey,CREATE UNIQUE INDEX ai_events_pkey ON public.ai_events USING btree (id),20260717210000_mvp2_m2_11_assistive_ai.sql,canonical+applied,
trigger,public,trg_ai_events_append_only,"table=ai_events; timing=BEFORE; events=DELETE,UPDATE; action=EXECUTE FUNCTION block_ai_event_mutation()",20260717210000_mvp2_m2_11_assistive_ai.sql,canonical+applied,
rls_enablement,public,ai_events__rls,rls_enabled=True; forced=False,20260717210000_mvp2_m2_11_assistive_ai.sql,canonical+applied,
rls_policy,public,ai_events.ai_events_read,cmd=SELECT; roles={public}; permissive=PERMISSIVE,20260717210000_mvp2_m2_11_assistive_ai.sql,canonical+applied,
rls_policy,public,ai_events.ai_events_write,cmd=INSERT; roles={public}; permissive=PERMISSIVE,20260717210000_mvp2_m2_11_assistive_ai.sql,canonical+applied,
table,public,ai_suggestions,columns=11; pk_cols=1; fk_out=1; triggers=0; rls=enabled; policies=3,20260717210000_mvp2_m2_11_assistive_ai.sql,canonical+applied,
column,public,ai_suggestions.id,type=uuid; nullable=NO; default=gen_random_uuid(); ordinal=1,20260717210000_mvp2_m2_11_assistive_ai.sql,canonical+applied,
column,public,ai_suggestions.surface,type=text; nullable=NO; default=None; ordinal=2,20260717210000_mvp2_m2_11_assistive_ai.sql,canonical+applied,
column,public,ai_suggestions.target_type,type=text; nullable=YES; default=None; ordinal=3,20260717210000_mvp2_m2_11_assistive_ai.sql,canonical+applied,
column,public,ai_suggestions.target_ref,type=uuid; nullable=YES; default=None; ordinal=4,20260717210000_mvp2_m2_11_assistive_ai.sql,canonical+applied,
column,public,ai_suggestions.suggestion,type=jsonb; nullable=NO; default='{}'::jsonb; ordinal=5,20260717210000_mvp2_m2_11_assistive_ai.sql,canonical+applied,
column,public,ai_suggestions.disposition,type=text; nullable=NO; default='proposed'::text; ordinal=6,20260717210000_mvp2_m2_11_assistive_ai.sql,canonical+applied,
column,public,ai_suggestions.provider_status,type=text; nullable=NO; default='unavailable'::text; ordinal=7,20260717210000_mvp2_m2_11_assistive_ai.sql,canonical+applied,
column,public,ai_suggestions.disposed_by,type=uuid; nullable=YES; default=None; ordinal=8,20260717210000_mvp2_m2_11_assistive_ai.sql,canonical+applied,
column,public,ai_suggestions.disposed_reason,type=text; nullable=YES; default=None; ordinal=9,20260717210000_mvp2_m2_11_assistive_ai.sql,canonical+applied,
column,public,ai_suggestions.disposed_at,type=timestamp with time zone; nullable=YES; default=None; ordinal=10,20260717210000_mvp2_m2_11_assistive_ai.sql,canonical+applied,
column,public,ai_suggestions.created_at,type=timestamp with time zone; nullable=NO; default=now(); ordinal=11,20260717210000_mvp2_m2_11_assistive_ai.sql,canonical+applied,
primary_key,public,ai_suggestions_pkey,table=ai_suggestions; columns=id,20260717210000_mvp2_m2_11_assistive_ai.sql,canonical+applied,
foreign_key,public,ai_suggestions_disposed_by_fkey,ai_suggestions.disposed_by -> profiles.user_id,20260717210000_mvp2_m2_11_assistive_ai.sql,canonical+applied,
check,public,2200_20797_11_not_null,table=ai_suggestions; columns=None,20260717210000_mvp2_m2_11_assistive_ai.sql,canonical+applied,
check,public,2200_20797_1_not_null,table=ai_suggestions; columns=None,20260717210000_mvp2_m2_11_assistive_ai.sql,canonical+applied,
check,public,2200_20797_2_not_null,table=ai_suggestions; columns=None,20260717210000_mvp2_m2_11_assistive_ai.sql,canonical+applied,
check,public,2200_20797_5_not_null,table=ai_suggestions; columns=None,20260717210000_mvp2_m2_11_assistive_ai.sql,canonical+applied,
check,public,2200_20797_6_not_null,table=ai_suggestions; columns=None,20260717210000_mvp2_m2_11_assistive_ai.sql,canonical+applied,
check,public,2200_20797_7_not_null,table=ai_suggestions; columns=None,20260717210000_mvp2_m2_11_assistive_ai.sql,canonical+applied,
check,public,ai_suggestions_disposition_check,table=ai_suggestions; columns=None,20260717210000_mvp2_m2_11_assistive_ai.sql,canonical+applied,
check,public,ai_suggestions_provider_status_check,table=ai_suggestions; columns=None,20260717210000_mvp2_m2_11_assistive_ai.sql,canonical+applied,
index,public,ai_suggestions_pkey,CREATE UNIQUE INDEX ai_suggestions_pkey ON public.ai_suggestions USING btree (id),20260717210000_mvp2_m2_11_assistive_ai.sql,canonical+applied,
index,public,ai_suggestions_surface_idx,"CREATE INDEX ai_suggestions_surface_idx ON public.ai_suggestions USING btree (surface, disposition)",20260717210000_mvp2_m2_11_assistive_ai.sql,canonical+applied,
rls_enablement,public,ai_suggestions__rls,rls_enabled=True; forced=False,20260717210000_mvp2_m2_11_assistive_ai.sql,canonical+applied,
rls_policy,public,ai_suggestions.ai_suggestions_read,cmd=SELECT; roles={public}; permissive=PERMISSIVE,20260717210000_mvp2_m2_11_assistive_ai.sql,canonical+applied,
rls_policy,public,ai_suggestions.ai_suggestions_update,cmd=UPDATE; roles={public}; permissive=PERMISSIVE,20260717210000_mvp2_m2_11_assistive_ai.sql,canonical+applied,
rls_policy,public,ai_suggestions.ai_suggestions_write,cmd=INSERT; roles={public}; permissive=PERMISSIVE,20260717210000_mvp2_m2_11_assistive_ai.sql,canonical+applied,
table,public,assignments,columns=8; pk_cols=1; fk_out=2; triggers=2; rls=enabled; policies=7,0001_foundation.sql,canonical+applied,
column,public,assignments.id,type=uuid; nullable=NO; default=gen_random_uuid(); ordinal=1,0001_foundation.sql,canonical+applied,
column,public,assignments.visit_id,type=uuid; nullable=NO; default=None; ordinal=2,0001_foundation.sql,canonical+applied,
column,public,assignments.inspector_id,type=uuid; nullable=NO; default=None; ordinal=3,0001_foundation.sql,canonical+applied,
column,public,assignments.method,type=USER-DEFINED; nullable=NO; default=None; ordinal=4,0001_foundation.sql,canonical+applied,
column,public,assignments.status,type=text; nullable=NO; default='assigned'::text; ordinal=5,0001_foundation.sql,canonical+applied,
column,public,assignments.return_reason,type=text; nullable=YES; default=None; ordinal=6,0001_foundation.sql,canonical+applied,
column,public,assignments.candidates,type=jsonb; nullable=YES; default=None; ordinal=7,0001_foundation.sql,canonical+applied,
column,public,assignments.created_at,type=timestamp with time zone; nullable=NO; default=now(); ordinal=8,0001_foundation.sql,canonical+applied,
primary_key,public,assignments_pkey,table=assignments; columns=id,0001_foundation.sql,canonical+applied,
foreign_key,public,assignments_visit_id_fkey,assignments.visit_id -> visits.id,0001_foundation.sql,canonical+applied,
foreign_key,public,assignments_inspector_id_fkey,assignments.inspector_id -> profiles.user_id,0001_foundation.sql,canonical+applied,
check,public,2200_17959_1_not_null,table=assignments; columns=None,0001_foundation.sql,canonical+applied,
check,public,2200_17959_2_not_null,table=assignments; columns=None,0001_foundation.sql,canonical+applied,
check,public,2200_17959_3_not_null,table=assignments; columns=None,0001_foundation.sql,canonical+applied,
check,public,2200_17959_4_not_null,table=assignments; columns=None,0001_foundation.sql,canonical+applied,
check,public,2200_17959_5_not_null,table=assignments; columns=None,0001_foundation.sql,canonical+applied,
check,public,2200_17959_8_not_null,table=assignments; columns=None,0001_foundation.sql,canonical+applied,
index,public,assignments_inspector_idx,CREATE INDEX assignments_inspector_idx ON public.assignments USING btree (inspector_id),0001_foundation.sql,canonical+applied,
index,public,assignments_one_per_visit,CREATE UNIQUE INDEX assignments_one_per_visit ON public.assignments USING btree (visit_id),0001_foundation.sql,canonical+applied,
index,public,assignments_pkey,CREATE UNIQUE INDEX assignments_pkey ON public.assignments USING btree (id),0001_foundation.sql,canonical+applied,
index,public,assignments_visit_idx,CREATE INDEX assignments_visit_idx ON public.assignments USING btree (visit_id),0001_foundation.sql,canonical+applied,
trigger,public,trg_audit_assignments,"table=assignments; timing=AFTER; events=DELETE,INSERT,UPDATE; action=EXECUTE FUNCTION audit_row_change()",0001_foundation.sql,canonical+applied,
trigger,public,trg_guard_assignment_window_overlap,"table=assignments; timing=BEFORE; events=INSERT,UPDATE; action=EXECUTE FUNCTION private.guard_assignment_window_overlap()",0001_foundation.sql,canonical+applied,
rls_enablement,public,assignments__rls,rls_enabled=True; forced=False,0001_foundation.sql,canonical+applied,
rls_policy,public,assignments.assignments_insert_immediate_inspector,cmd=INSERT; roles={public}; permissive=PERMISSIVE,0001_foundation.sql,canonical+applied,
rls_policy,public,assignments.assignments_read,cmd=SELECT; roles={public}; permissive=PERMISSIVE,0001_foundation.sql,canonical+applied,
rls_policy,public,assignments.assignments_read_capability,cmd=SELECT; roles={public}; permissive=PERMISSIVE,0001_foundation.sql,canonical+applied,
rls_policy,public,assignments.assignments_update,cmd=UPDATE; roles={public}; permissive=PERMISSIVE,0001_foundation.sql,canonical+applied,
rls_policy,public,assignments.assignments_update_capability,cmd=UPDATE; roles={public}; permissive=PERMISSIVE,0001_foundation.sql,canonical+applied,
rls_policy,public,assignments.assignments_write,cmd=INSERT; roles={public}; permissive=PERMISSIVE,0001_foundation.sql,canonical+applied,
rls_policy,public,assignments.assignments_write_capability,cmd=INSERT; roles={public}; permissive=PERMISSIVE,0001_foundation.sql,canonical+applied,
table,public,audit_event_ontology_entries,columns=12; pk_cols=1; fk_out=5; triggers=1; rls=enabled; policies=1,20260717150000_mvp2_m2_05_semantic_audit_replay.sql,canonical+applied,
column,public,audit_event_ontology_entries.id,type=uuid; nullable=NO; default=gen_random_uuid(); ordinal=1,20260717150000_mvp2_m2_05_semantic_audit_replay.sql,canonical+applied,
column,public,audit_event_ontology_entries.ontology_version_id,type=uuid; nullable=NO; default=None; ordinal=2,20260717150000_mvp2_m2_05_semantic_audit_replay.sql,canonical+applied,
column,public,audit_event_ontology_entries.event_type,type=text; nullable=NO; default=None; ordinal=3,20260717150000_mvp2_m2_05_semantic_audit_replay.sql,canonical+applied,
column,public,audit_event_ontology_entries.schema_version,type=integer; nullable=NO; default=1; ordinal=4,20260717150000_mvp2_m2_05_semantic_audit_replay.sql,canonical+applied,
column,public,audit_event_ontology_entries.chapter,type=text; nullable=NO; default=None; ordinal=5,20260717150000_mvp2_m2_05_semantic_audit_replay.sql,canonical+applied,
column,public,audit_event_ontology_entries.ordinal,type=integer; nullable=NO; default=None; ordinal=6,20260717150000_mvp2_m2_05_semantic_audit_replay.sql,canonical+applied,
column,public,audit_event_ontology_entries.required,type=boolean; nullable=NO; default=true; ordinal=7,20260717150000_mvp2_m2_05_semantic_audit_replay.sql,canonical+applied,
column,public,audit_event_ontology_entries.branch_group,type=text; nullable=YES; default=None; ordinal=8,20260717150000_mvp2_m2_05_semantic_audit_replay.sql,canonical+applied,
column,public,audit_event_ontology_entries.branch_minimum,type=integer; nullable=YES; default=None; ordinal=9,20260717150000_mvp2_m2_05_semantic_audit_replay.sql,canonical+applied,
column,public,audit_event_ontology_entries.expected_status,type=text; nullable=NO; default=None; ordinal=10,20260717150000_mvp2_m2_05_semantic_audit_replay.sql,canonical+applied,
column,public,audit_event_ontology_entries.requirement_ref,type=text; nullable=NO; default=None; ordinal=11,20260717150000_mvp2_m2_05_semantic_audit_replay.sql,canonical+applied,
column,public,audit_event_ontology_entries.acceptance_ref,type=text; nullable=NO; default=None; ordinal=12,20260717150000_mvp2_m2_05_semantic_audit_replay.sql,canonical+applied,
primary_key,public,audit_event_ontology_entries_pkey,table=audit_event_ontology_entries; columns=id,20260717150000_mvp2_m2_05_semantic_audit_replay.sql,canonical+applied,
foreign_key,public,audit_event_ontology_entries_event_type_schema_version_fkey,audit_event_ontology_entries.schema_version -> audit_event_registry.schema_version,20260717150000_mvp2_m2_05_semantic_audit_replay.sql,canonical+applied,
foreign_key,public,audit_event_ontology_entries_event_type_schema_version_fkey,audit_event_ontology_entries.event_type -> audit_event_registry.event_type,20260717150000_mvp2_m2_05_semantic_audit_replay.sql,canonical+applied,
foreign_key,public,audit_event_ontology_entries_event_type_schema_version_fkey,audit_event_ontology_entries.event_type -> audit_event_registry.schema_version,20260717150000_mvp2_m2_05_semantic_audit_replay.sql,canonical+applied,
foreign_key,public,audit_event_ontology_entries_event_type_schema_version_fkey,audit_event_ontology_entries.schema_version -> audit_event_registry.event_type,20260717150000_mvp2_m2_05_semantic_audit_replay.sql,canonical+applied,
foreign_key,public,audit_event_ontology_entries_ontology_version_id_fkey,audit_event_ontology_entries.ontology_version_id -> audit_event_ontology_versions.id,20260717150000_mvp2_m2_05_semantic_audit_replay.sql,canonical+applied,
check,public,2200_20285_10_not_null,table=audit_event_ontology_entries; columns=None,20260717150000_mvp2_m2_05_semantic_audit_replay.sql,canonical+applied,
check,public,2200_20285_11_not_null,table=audit_event_ontology_entries; columns=None,20260717150000_mvp2_m2_05_semantic_audit_replay.sql,canonical+applied,
check,public,2200_20285_12_not_null,table=audit_event_ontology_entries; columns=None,20260717150000_mvp2_m2_05_semantic_audit_replay.sql,canonical+applied,
check,public,2200_20285_1_not_null,table=audit_event_ontology_entries; columns=None,20260717150000_mvp2_m2_05_semantic_audit_replay.sql,canonical+applied,
check,public,2200_20285_2_not_null,table=audit_event_ontology_entries; columns=None,20260717150000_mvp2_m2_05_semantic_audit_replay.sql,canonical+applied,
check,public,2200_20285_3_not_null,table=audit_event_ontology_entries; columns=None,20260717150000_mvp2_m2_05_semantic_audit_replay.sql,canonical+applied,
check,public,2200_20285_4_not_null,table=audit_event_ontology_entries; columns=None,20260717150000_mvp2_m2_05_semantic_audit_replay.sql,canonical+applied,
check,public,2200_20285_5_not_null,table=audit_event_ontology_entries; columns=None,20260717150000_mvp2_m2_05_semantic_audit_replay.sql,canonical+applied,
check,public,2200_20285_6_not_null,table=audit_event_ontology_entries; columns=None,20260717150000_mvp2_m2_05_semantic_audit_replay.sql,canonical+applied,
check,public,2200_20285_7_not_null,table=audit_event_ontology_entries; columns=None,20260717150000_mvp2_m2_05_semantic_audit_replay.sql,canonical+applied,
check,public,audit_event_ontology_entries_expected_status_check,table=audit_event_ontology_entries; columns=None,20260717150000_mvp2_m2_05_semantic_audit_replay.sql,canonical+applied,
unique,public,audit_event_ontology_entries_ontology_version_id_ordinal_key,"table=audit_event_ontology_entries; columns=ontology_version_id,ordinal",20260717150000_mvp2_m2_05_semantic_audit_replay.sql,canonical+applied,
unique,public,audit_event_ontology_entries_ontology_version_id_requiremen_key,"table=audit_event_ontology_entries; columns=ontology_version_id,requirement_ref",20260717150000_mvp2_m2_05_semantic_audit_replay.sql,canonical+applied,
check,public,audit_event_ontology_entries_ordinal_check,table=audit_event_ontology_entries; columns=None,20260717150000_mvp2_m2_05_semantic_audit_replay.sql,canonical+applied,
index,public,audit_event_ontology_entries_ontology_version_id_ordinal_key,"CREATE UNIQUE INDEX audit_event_ontology_entries_ontology_version_id_ordinal_key ON public.audit_event_ontology_entries USING btree (ontology_version_id, ordinal)",20260717150000_mvp2_m2_05_semantic_audit_replay.sql,canonical+applied,
index,public,audit_event_ontology_entries_ontology_version_id_requiremen_key,"CREATE UNIQUE INDEX audit_event_ontology_entries_ontology_version_id_requiremen_key ON public.audit_event_ontology_entries USING btree (ontology_version_id, requirement_ref)",20260717150000_mvp2_m2_05_semantic_audit_replay.sql,canonical+applied,
index,public,audit_event_ontology_entries_pkey,CREATE UNIQUE INDEX audit_event_ontology_entries_pkey ON public.audit_event_ontology_entries USING btree (id),20260717150000_mvp2_m2_05_semantic_audit_replay.sql,canonical+applied,
trigger,public,trg_audit_ontology_entry_immutable,"table=audit_event_ontology_entries; timing=BEFORE; events=DELETE,UPDATE; action=EXECUTE FUNCTION block_semantic_audit_mutation()",20260717150000_mvp2_m2_05_semantic_audit_replay.sql,canonical+applied,
rls_enablement,public,audit_event_ontology_entries__rls,rls_enabled=True; forced=False,20260717150000_mvp2_m2_05_semantic_audit_replay.sql,canonical+applied,
rls_policy,public,audit_event_ontology_entries.audit_ontology_entries_read,cmd=SELECT; roles={public}; permissive=PERMISSIVE,20260717150000_mvp2_m2_05_semantic_audit_replay.sql,canonical+applied,
table,public,audit_event_ontology_versions,columns=8; pk_cols=1; fk_out=1; triggers=1; rls=enabled; policies=1,20260717150000_mvp2_m2_05_semantic_audit_replay.sql,canonical+applied,
column,public,audit_event_ontology_versions.id,type=uuid; nullable=NO; default=gen_random_uuid(); ordinal=1,20260717150000_mvp2_m2_05_semantic_audit_replay.sql,canonical+applied,
column,public,audit_event_ontology_versions.case_type,type=text; nullable=NO; default=None; ordinal=2,20260717150000_mvp2_m2_05_semantic_audit_replay.sql,canonical+applied,
column,public,audit_event_ontology_versions.version_label,type=text; nullable=NO; default=None; ordinal=3,20260717150000_mvp2_m2_05_semantic_audit_replay.sql,canonical+applied,
column,public,audit_event_ontology_versions.status,type=text; nullable=NO; default=None; ordinal=4,20260717150000_mvp2_m2_05_semantic_audit_replay.sql,canonical+applied,
column,public,audit_event_ontology_versions.effective_from,type=timestamp with time zone; nullable=YES; default=None; ordinal=5,20260717150000_mvp2_m2_05_semantic_audit_replay.sql,canonical+applied,
column,public,audit_event_ontology_versions.published_at,type=timestamp with time zone; nullable=YES; default=None; ordinal=6,20260717150000_mvp2_m2_05_semantic_audit_replay.sql,canonical+applied,
column,public,audit_event_ontology_versions.published_by,type=uuid; nullable=YES; default=None; ordinal=7,20260717150000_mvp2_m2_05_semantic_audit_replay.sql,canonical+applied,
column,public,audit_event_ontology_versions.created_at,type=timestamp with time zone; nullable=NO; default=now(); ordinal=8,20260717150000_mvp2_m2_05_semantic_audit_replay.sql,canonical+applied,
primary_key,public,audit_event_ontology_versions_pkey,table=audit_event_ontology_versions; columns=id,20260717150000_mvp2_m2_05_semantic_audit_replay.sql,canonical+applied,
foreign_key,public,audit_event_ontology_versions_published_by_fkey,audit_event_ontology_versions.published_by -> profiles.user_id,20260717150000_mvp2_m2_05_semantic_audit_replay.sql,canonical+applied,
check,public,2200_20268_1_not_null,table=audit_event_ontology_versions; columns=None,20260717150000_mvp2_m2_05_semantic_audit_replay.sql,canonical+applied,
check,public,2200_20268_2_not_null,table=audit_event_ontology_versions; columns=None,20260717150000_mvp2_m2_05_semantic_audit_replay.sql,canonical+applied,
check,public,2200_20268_3_not_null,table=audit_event_ontology_versions; columns=None,20260717150000_mvp2_m2_05_semantic_audit_replay.sql,canonical+applied,
check,public,2200_20268_4_not_null,table=audit_event_ontology_versions; columns=None,20260717150000_mvp2_m2_05_semantic_audit_replay.sql,canonical+applied,
check,public,2200_20268_8_not_null,table=audit_event_ontology_versions; columns=None,20260717150000_mvp2_m2_05_semantic_audit_replay.sql,canonical+applied,
unique,public,audit_event_ontology_versions_case_type_version_label_key,"table=audit_event_ontology_versions; columns=case_type,version_label",20260717150000_mvp2_m2_05_semantic_audit_replay.sql,canonical+applied,
check,public,audit_event_ontology_versions_status_check,table=audit_event_ontology_versions; columns=None,20260717150000_mvp2_m2_05_semantic_audit_replay.sql,canonical+applied,
index,public,audit_event_ontology_versions_case_type_version_label_key,"CREATE UNIQUE INDEX audit_event_ontology_versions_case_type_version_label_key ON public.audit_event_ontology_versions USING btree (case_type, version_label)",20260717150000_mvp2_m2_05_semantic_audit_replay.sql,canonical+applied,
index,public,audit_event_ontology_versions_pkey,CREATE UNIQUE INDEX audit_event_ontology_versions_pkey ON public.audit_event_ontology_versions USING btree (id),20260717150000_mvp2_m2_05_semantic_audit_replay.sql,canonical+applied,
trigger,public,trg_audit_ontology_published_immutable,"table=audit_event_ontology_versions; timing=BEFORE; events=DELETE,UPDATE; action=EXECUTE FUNCTION block_semantic_audit_mutation()",20260717150000_mvp2_m2_05_semantic_audit_replay.sql,canonical+applied,
rls_enablement,public,audit_event_ontology_versions__rls,rls_enabled=True; forced=False,20260717150000_mvp2_m2_05_semantic_audit_replay.sql,canonical+applied,
rls_policy,public,audit_event_ontology_versions.audit_ontology_versions_read,cmd=SELECT; roles={public}; permissive=PERMISSIVE,20260717150000_mvp2_m2_05_semantic_audit_replay.sql,canonical+applied,
table,public,audit_event_order_constraints,columns=5; pk_cols=3; fk_out=1; triggers=1; rls=enabled; policies=1,20260717150000_mvp2_m2_05_semantic_audit_replay.sql,canonical+applied,
column,public,audit_event_order_constraints.ontology_version_id,type=uuid; nullable=NO; default=None; ordinal=1,20260717150000_mvp2_m2_05_semantic_audit_replay.sql,canonical+applied,
column,public,audit_event_order_constraints.event_type,type=text; nullable=NO; default=None; ordinal=2,20260717150000_mvp2_m2_05_semantic_audit_replay.sql,canonical+applied,
column,public,audit_event_order_constraints.must_follow_event_type,type=text; nullable=NO; default=None; ordinal=3,20260717150000_mvp2_m2_05_semantic_audit_replay.sql,canonical+applied,
column,public,audit_event_order_constraints.predecessor_required,type=boolean; nullable=NO; default=true; ordinal=4,20260717150000_mvp2_m2_05_semantic_audit_replay.sql,canonical+applied,
column,public,audit_event_order_constraints.guard_text,type=text; nullable=NO; default=None; ordinal=5,20260717150000_mvp2_m2_05_semantic_audit_replay.sql,canonical+applied,
primary_key,public,audit_event_order_constraints_pkey,"table=audit_event_order_constraints; columns=ontology_version_id,event_type,must_follow_event_type",20260717150000_mvp2_m2_05_semantic_audit_replay.sql,canonical+applied,
foreign_key,public,audit_event_order_constraints_ontology_version_id_fkey,audit_event_order_constraints.ontology_version_id -> audit_event_ontology_versions.id,20260717150000_mvp2_m2_05_semantic_audit_replay.sql,canonical+applied,
check,public,2200_20311_1_not_null,table=audit_event_order_constraints; columns=None,20260717150000_mvp2_m2_05_semantic_audit_replay.sql,canonical+applied,
check,public,2200_20311_2_not_null,table=audit_event_order_constraints; columns=None,20260717150000_mvp2_m2_05_semantic_audit_replay.sql,canonical+applied,
check,public,2200_20311_3_not_null,table=audit_event_order_constraints; columns=None,20260717150000_mvp2_m2_05_semantic_audit_replay.sql,canonical+applied,
check,public,2200_20311_4_not_null,table=audit_event_order_constraints; columns=None,20260717150000_mvp2_m2_05_semantic_audit_replay.sql,canonical+applied,
check,public,2200_20311_5_not_null,table=audit_event_order_constraints; columns=None,20260717150000_mvp2_m2_05_semantic_audit_replay.sql,canonical+applied,
index,public,audit_event_order_constraints_pkey,"CREATE UNIQUE INDEX audit_event_order_constraints_pkey ON public.audit_event_order_constraints USING btree (ontology_version_id, event_type, must_follow_event_type)",20260717150000_mvp2_m2_05_semantic_audit_replay.sql,canonical+applied,
trigger,public,trg_audit_order_constraint_immutable,"table=audit_event_order_constraints; timing=BEFORE; events=DELETE,UPDATE; action=EXECUTE FUNCTION block_semantic_audit_mutation()",20260717150000_mvp2_m2_05_semantic_audit_replay.sql,canonical+applied,
rls_enablement,public,audit_event_order_constraints__rls,rls_enabled=True; forced=False,20260717150000_mvp2_m2_05_semantic_audit_replay.sql,canonical+applied,
rls_policy,public,audit_event_order_constraints.audit_order_constraints_read,cmd=SELECT; roles={public}; permissive=PERMISSIVE,20260717150000_mvp2_m2_05_semantic_audit_replay.sql,canonical+applied,
table,public,audit_event_registry,columns=10; pk_cols=2; fk_out=0; triggers=1; rls=enabled; policies=1,20260717150000_mvp2_m2_05_semantic_audit_replay.sql,canonical+applied,
column,public,audit_event_registry.event_type,type=text; nullable=NO; default=None; ordinal=1,20260717150000_mvp2_m2_05_semantic_audit_replay.sql,canonical+applied,
column,public,audit_event_registry.schema_version,type=integer; nullable=NO; default=None; ordinal=2,20260717150000_mvp2_m2_05_semantic_audit_replay.sql,canonical+applied,
column,public,audit_event_registry.title,type=text; nullable=NO; default=None; ordinal=3,20260717150000_mvp2_m2_05_semantic_audit_replay.sql,canonical+applied,
column,public,audit_event_registry.aliases,type=ARRAY; nullable=NO; default='{}'::text[]; ordinal=4,20260717150000_mvp2_m2_05_semantic_audit_replay.sql,canonical+applied,
column,public,audit_event_registry.requirement_refs,type=ARRAY; nullable=NO; default=None; ordinal=5,20260717150000_mvp2_m2_05_semantic_audit_replay.sql,canonical+applied,
column,public,audit_event_registry.acceptance_refs,type=ARRAY; nullable=NO; default=None; ordinal=6,20260717150000_mvp2_m2_05_semantic_audit_replay.sql,canonical+applied,
column,public,audit_event_registry.required_fields,type=ARRAY; nullable=NO; default='{}'::text[]; ordinal=7,20260717150000_mvp2_m2_05_semantic_audit_replay.sql,canonical+applied,
column,public,audit_event_registry.source_mapping_status,type=text; nullable=NO; default=None; ordinal=8,20260717150000_mvp2_m2_05_semantic_audit_replay.sql,canonical+applied,
column,public,audit_event_registry.active,type=boolean; nullable=NO; default=true; ordinal=9,20260717150000_mvp2_m2_05_semantic_audit_replay.sql,canonical+applied,
column,public,audit_event_registry.created_at,type=timestamp with time zone; nullable=NO; default=now(); ordinal=10,20260717150000_mvp2_m2_05_semantic_audit_replay.sql,canonical+applied,
primary_key,public,audit_event_registry_pkey,"table=audit_event_registry; columns=event_type,schema_version",20260717150000_mvp2_m2_05_semantic_audit_replay.sql,canonical+applied,
check,public,2200_20255_10_not_null,table=audit_event_registry; columns=None,20260717150000_mvp2_m2_05_semantic_audit_replay.sql,canonical+applied,
check,public,2200_20255_1_not_null,table=audit_event_registry; columns=None,20260717150000_mvp2_m2_05_semantic_audit_replay.sql,canonical+applied,
check,public,2200_20255_2_not_null,table=audit_event_registry; columns=None,20260717150000_mvp2_m2_05_semantic_audit_replay.sql,canonical+applied,
check,public,2200_20255_3_not_null,table=audit_event_registry; columns=None,20260717150000_mvp2_m2_05_semantic_audit_replay.sql,canonical+applied,
check,public,2200_20255_4_not_null,table=audit_event_registry; columns=None,20260717150000_mvp2_m2_05_semantic_audit_replay.sql,canonical+applied,
check,public,2200_20255_5_not_null,table=audit_event_registry; columns=None,20260717150000_mvp2_m2_05_semantic_audit_replay.sql,canonical+applied,
check,public,2200_20255_6_not_null,table=audit_event_registry; columns=None,20260717150000_mvp2_m2_05_semantic_audit_replay.sql,canonical+applied,
check,public,2200_20255_7_not_null,table=audit_event_registry; columns=None,20260717150000_mvp2_m2_05_semantic_audit_replay.sql,canonical+applied,
check,public,2200_20255_8_not_null,table=audit_event_registry; columns=None,20260717150000_mvp2_m2_05_semantic_audit_replay.sql,canonical+applied,
check,public,2200_20255_9_not_null,table=audit_event_registry; columns=None,20260717150000_mvp2_m2_05_semantic_audit_replay.sql,canonical+applied,
check,public,audit_event_registry_schema_version_check,table=audit_event_registry; columns=None,20260717150000_mvp2_m2_05_semantic_audit_replay.sql,canonical+applied,
check,public,audit_event_registry_source_mapping_status_check,table=audit_event_registry; columns=None,20260717150000_mvp2_m2_05_semantic_audit_replay.sql,canonical+applied,
index,public,audit_event_registry_pkey,"CREATE UNIQUE INDEX audit_event_registry_pkey ON public.audit_event_registry USING btree (event_type, schema_version)",20260717150000_mvp2_m2_05_semantic_audit_replay.sql,canonical+applied,
trigger,public,trg_audit_registry_immutable,"table=audit_event_registry; timing=BEFORE; events=DELETE,UPDATE; action=EXECUTE FUNCTION block_semantic_audit_mutation()",20260717150000_mvp2_m2_05_semantic_audit_replay.sql,canonical+applied,
rls_enablement,public,audit_event_registry__rls,rls_enabled=True; forced=False,20260717150000_mvp2_m2_05_semantic_audit_replay.sql,canonical+applied,
rls_policy,public,audit_event_registry.audit_registry_read,cmd=SELECT; roles={public}; permissive=PERMISSIVE,20260717150000_mvp2_m2_05_semantic_audit_replay.sql,canonical+applied,
table,public,audit_event_semantic_mappings,columns=6; pk_cols=1; fk_out=2; triggers=1; rls=enabled; policies=1,20260717150000_mvp2_m2_05_semantic_audit_replay.sql,canonical+applied,
column,public,audit_event_semantic_mappings.id,type=uuid; nullable=NO; default=gen_random_uuid(); ordinal=1,20260717150000_mvp2_m2_05_semantic_audit_replay.sql,canonical+applied,
column,public,audit_event_semantic_mappings.audit_event_id,type=bigint; nullable=NO; default=None; ordinal=2,20260717150000_mvp2_m2_05_semantic_audit_replay.sql,canonical+applied,
column,public,audit_event_semantic_mappings.semantic_event_id,type=uuid; nullable=YES; default=None; ordinal=3,20260717150000_mvp2_m2_05_semantic_audit_replay.sql,canonical+applied,
column,public,audit_event_semantic_mappings.mapping_status,type=text; nullable=NO; default=None; ordinal=4,20260717150000_mvp2_m2_05_semantic_audit_replay.sql,canonical+applied,
column,public,audit_event_semantic_mappings.mapping_reason,type=text; nullable=NO; default=None; ordinal=5,20260717150000_mvp2_m2_05_semantic_audit_replay.sql,canonical+applied,
column,public,audit_event_semantic_mappings.mapped_at,type=timestamp with time zone; nullable=NO; default=now(); ordinal=6,20260717150000_mvp2_m2_05_semantic_audit_replay.sql,canonical+applied,
primary_key,public,audit_event_semantic_mappings_pkey,table=audit_event_semantic_mappings; columns=id,20260717150000_mvp2_m2_05_semantic_audit_replay.sql,canonical+applied,
foreign_key,public,audit_event_semantic_mappings_audit_event_id_fkey,audit_event_semantic_mappings.audit_event_id -> audit_events.id,20260717150000_mvp2_m2_05_semantic_audit_replay.sql,canonical+applied,
foreign_key,public,audit_event_semantic_mappings_semantic_event_id_fkey,audit_event_semantic_mappings.semantic_event_id -> audit_semantic_events.id,20260717150000_mvp2_m2_05_semantic_audit_replay.sql,canonical+applied,
check,public,2200_20364_1_not_null,table=audit_event_semantic_mappings; columns=None,20260717150000_mvp2_m2_05_semantic_audit_replay.sql,canonical+applied,
check,public,2200_20364_2_not_null,table=audit_event_semantic_mappings; columns=None,20260717150000_mvp2_m2_05_semantic_audit_replay.sql,canonical+applied,
check,public,2200_20364_4_not_null,table=audit_event_semantic_mappings; columns=None,20260717150000_mvp2_m2_05_semantic_audit_replay.sql,canonical+applied,
check,public,2200_20364_5_not_null,table=audit_event_semantic_mappings; columns=None,20260717150000_mvp2_m2_05_semantic_audit_replay.sql,canonical+applied,
check,public,2200_20364_6_not_null,table=audit_event_semantic_mappings; columns=None,20260717150000_mvp2_m2_05_semantic_audit_replay.sql,canonical+applied,
unique,public,audit_event_semantic_mappings_audit_event_id_semantic_event_key,"table=audit_event_semantic_mappings; columns=audit_event_id,semantic_event_id,mapping_status",20260717150000_mvp2_m2_05_semantic_audit_replay.sql,canonical+applied,
check,public,audit_event_semantic_mappings_mapping_status_check,table=audit_event_semantic_mappings; columns=None,20260717150000_mvp2_m2_05_semantic_audit_replay.sql,canonical+applied,
index,public,audit_event_semantic_mappings_audit_event_id_semantic_event_key,"CREATE UNIQUE INDEX audit_event_semantic_mappings_audit_event_id_semantic_event_key ON public.audit_event_semantic_mappings USING btree (audit_event_id, semantic_event_id, mapping_status)",20260717150000_mvp2_m2_05_semantic_audit_replay.sql,canonical+applied,
index,public,audit_event_semantic_mappings_pkey,CREATE UNIQUE INDEX audit_event_semantic_mappings_pkey ON public.audit_event_semantic_mappings USING btree (id),20260717150000_mvp2_m2_05_semantic_audit_replay.sql,canonical+applied,
trigger,public,trg_semantic_mapping_immutable,"table=audit_event_semantic_mappings; timing=BEFORE; events=DELETE,UPDATE; action=EXECUTE FUNCTION block_semantic_audit_mutation()",20260717150000_mvp2_m2_05_semantic_audit_replay.sql,canonical+applied,
rls_enablement,public,audit_event_semantic_mappings__rls,rls_enabled=True; forced=False,20260717150000_mvp2_m2_05_semantic_audit_replay.sql,canonical+applied,
rls_policy,public,audit_event_semantic_mappings.audit_semantic_mapping_read,cmd=SELECT; roles={public}; permissive=PERMISSIVE,20260717150000_mvp2_m2_05_semantic_audit_replay.sql,canonical+applied,
table,public,audit_event_source_contracts,columns=4; pk_cols=4; fk_out=4; triggers=1; rls=enabled; policies=0,20260717150000_mvp2_m2_05_semantic_audit_replay.sql,canonical+applied,
column,public,audit_event_source_contracts.event_type,type=text; nullable=NO; default=None; ordinal=1,20260717150000_mvp2_m2_05_semantic_audit_replay.sql,canonical+applied,
column,public,audit_event_source_contracts.schema_version,type=integer; nullable=NO; default=1; ordinal=2,20260717150000_mvp2_m2_05_semantic_audit_replay.sql,canonical+applied,
column,public,audit_event_source_contracts.source_object_type,type=text; nullable=NO; default=None; ordinal=3,20260717150000_mvp2_m2_05_semantic_audit_replay.sql,canonical+applied,
column,public,audit_event_source_contracts.source_action,type=text; nullable=NO; default=None; ordinal=4,20260717150000_mvp2_m2_05_semantic_audit_replay.sql,canonical+applied,
primary_key,public,audit_event_source_contracts_pkey,"table=audit_event_source_contracts; columns=event_type,schema_version,source_object_type,source_action",20260717150000_mvp2_m2_05_semantic_audit_replay.sql,canonical+applied,
foreign_key,public,audit_event_source_contracts_event_type_schema_version_fkey,audit_event_source_contracts.schema_version -> audit_event_registry.schema_version,20260717150000_mvp2_m2_05_semantic_audit_replay.sql,canonical+applied,
foreign_key,public,audit_event_source_contracts_event_type_schema_version_fkey,audit_event_source_contracts.schema_version -> audit_event_registry.event_type,20260717150000_mvp2_m2_05_semantic_audit_replay.sql,canonical+applied,
foreign_key,public,audit_event_source_contracts_event_type_schema_version_fkey,audit_event_source_contracts.event_type -> audit_event_registry.schema_version,20260717150000_mvp2_m2_05_semantic_audit_replay.sql,canonical+applied,
foreign_key,public,audit_event_source_contracts_event_type_schema_version_fkey,audit_event_source_contracts.event_type -> audit_event_registry.event_type,20260717150000_mvp2_m2_05_semantic_audit_replay.sql,canonical+applied,
check,public,2200_20386_1_not_null,table=audit_event_source_contracts; columns=None,20260717150000_mvp2_m2_05_semantic_audit_replay.sql,canonical+applied,
check,public,2200_20386_2_not_null,table=audit_event_source_contracts; columns=None,20260717150000_mvp2_m2_05_semantic_audit_replay.sql,canonical+applied,
check,public,2200_20386_3_not_null,table=audit_event_source_contracts; columns=None,20260717150000_mvp2_m2_05_semantic_audit_replay.sql,canonical+applied,
check,public,2200_20386_4_not_null,table=audit_event_source_contracts; columns=None,20260717150000_mvp2_m2_05_semantic_audit_replay.sql,canonical+applied,
index,public,audit_event_source_contracts_pkey,"CREATE UNIQUE INDEX audit_event_source_contracts_pkey ON public.audit_event_source_contracts USING btree (event_type, schema_version, source_object_type, source_action)",20260717150000_mvp2_m2_05_semantic_audit_replay.sql,canonical+applied,
trigger,public,trg_audit_source_contract_immutable,"table=audit_event_source_contracts; timing=BEFORE; events=DELETE,UPDATE; action=EXECUTE FUNCTION block_semantic_audit_mutation()",20260717150000_mvp2_m2_05_semantic_audit_replay.sql,canonical+applied,
rls_enablement,public,audit_event_source_contracts__rls,rls_enabled=True; forced=False,20260717150000_mvp2_m2_05_semantic_audit_replay.sql,canonical+applied,
table,public,audit_events,columns=10; pk_cols=1; fk_out=0; triggers=1; rls=enabled; policies=2,0001_foundation.sql,canonical+applied,
column,public,audit_events.id,type=bigint; nullable=NO; default=None; ordinal=1,0001_foundation.sql,canonical+applied,
column,public,audit_events.actor,type=uuid; nullable=YES; default=None; ordinal=2,0001_foundation.sql,canonical+applied,
column,public,audit_events.object_type,type=text; nullable=NO; default=None; ordinal=3,0001_foundation.sql,canonical+applied,
column,public,audit_events.object_id,type=uuid; nullable=YES; default=None; ordinal=4,0001_foundation.sql,canonical+applied,
column,public,audit_events.action,type=text; nullable=NO; default=None; ordinal=5,0001_foundation.sql,canonical+applied,
column,public,audit_events.before_state,type=jsonb; nullable=YES; default=None; ordinal=6,0001_foundation.sql,canonical+applied,
column,public,audit_events.after_state,type=jsonb; nullable=YES; default=None; ordinal=7,0001_foundation.sql,canonical+applied,
column,public,audit_events.requirement_refs,type=ARRAY; nullable=YES; default=None; ordinal=8,0001_foundation.sql,canonical+applied,
column,public,audit_events.config_versions,type=jsonb; nullable=YES; default=None; ordinal=9,0001_foundation.sql,canonical+applied,
column,public,audit_events.occurred_at,type=timestamp with time zone; nullable=NO; default=now(); ordinal=10,0001_foundation.sql,canonical+applied,
primary_key,public,audit_events_pkey,table=audit_events; columns=id,0001_foundation.sql,canonical+applied,
check,public,2200_18228_10_not_null,table=audit_events; columns=None,0001_foundation.sql,canonical+applied,
check,public,2200_18228_1_not_null,table=audit_events; columns=None,0001_foundation.sql,canonical+applied,
check,public,2200_18228_3_not_null,table=audit_events; columns=None,0001_foundation.sql,canonical+applied,
check,public,2200_18228_5_not_null,table=audit_events; columns=None,0001_foundation.sql,canonical+applied,
index,public,audit_events_object_occurred_idx,"CREATE INDEX audit_events_object_occurred_idx ON public.audit_events USING btree (object_id, occurred_at DESC)",0001_foundation.sql,canonical+applied,
index,public,audit_events_pkey,CREATE UNIQUE INDEX audit_events_pkey ON public.audit_events USING btree (id),0001_foundation.sql,canonical+applied,
index,public,idx_audit_action,"CREATE INDEX idx_audit_action ON public.audit_events USING btree (action, occurred_at DESC)",0001_foundation.sql,canonical+applied,
index,public,idx_audit_actor,"CREATE INDEX idx_audit_actor ON public.audit_events USING btree (actor, occurred_at DESC)",0001_foundation.sql,canonical+applied,
index,public,idx_audit_object_type,"CREATE INDEX idx_audit_object_type ON public.audit_events USING btree (object_type, occurred_at DESC)",0001_foundation.sql,canonical+applied,
index,public,idx_audit_occurred,CREATE INDEX idx_audit_occurred ON public.audit_events USING btree (occurred_at DESC),0001_foundation.sql,canonical+applied,
trigger,public,trg_audit_immutable,"table=audit_events; timing=BEFORE; events=DELETE,UPDATE; action=EXECUTE FUNCTION block_audit_mutation()",0001_foundation.sql,canonical+applied,
rls_enablement,public,audit_events__rls,rls_enabled=True; forced=False,0001_foundation.sql,canonical+applied,
rls_policy,public,audit_events.audit_read,cmd=SELECT; roles={public}; permissive=PERMISSIVE,0001_foundation.sql,canonical+applied,
rls_policy,public,audit_events.audit_read_compliance,cmd=SELECT; roles={public}; permissive=PERMISSIVE,0001_foundation.sql,canonical+applied,
table,public,audit_semantic_events,columns=32; pk_cols=1; fk_out=6; triggers=1; rls=enabled; policies=1,20260717150000_mvp2_m2_05_semantic_audit_replay.sql,canonical+applied,
column,public,audit_semantic_events.id,type=uuid; nullable=NO; default=gen_random_uuid(); ordinal=1,20260717150000_mvp2_m2_05_semantic_audit_replay.sql,canonical+applied,
column,public,audit_semantic_events.event_type,type=text; nullable=NO; default=None; ordinal=2,20260717150000_mvp2_m2_05_semantic_audit_replay.sql,canonical+applied,
column,public,audit_semantic_events.schema_version,type=integer; nullable=NO; default=1; ordinal=3,20260717150000_mvp2_m2_05_semantic_audit_replay.sql,canonical+applied,
column,public,audit_semantic_events.occurred_at,type=timestamp with time zone; nullable=NO; default=None; ordinal=4,20260717150000_mvp2_m2_05_semantic_audit_replay.sql,canonical+applied,
column,public,audit_semantic_events.recorded_at,type=timestamp with time zone; nullable=NO; default=now(); ordinal=5,20260717150000_mvp2_m2_05_semantic_audit_replay.sql,canonical+applied,
column,public,audit_semantic_events.actor_id,type=uuid; nullable=YES; default=None; ordinal=6,20260717150000_mvp2_m2_05_semantic_audit_replay.sql,canonical+applied,
column,public,audit_semantic_events.actor_roles,type=ARRAY; nullable=NO; default='{}'::text[]; ordinal=7,20260717150000_mvp2_m2_05_semantic_audit_replay.sql,canonical+applied,
column,public,audit_semantic_events.actor_scope,type=jsonb; nullable=NO; default='{}'::jsonb; ordinal=8,20260717150000_mvp2_m2_05_semantic_audit_replay.sql,canonical+applied,
column,public,audit_semantic_events.aggregate_type,type=text; nullable=NO; default=None; ordinal=9,20260717150000_mvp2_m2_05_semantic_audit_replay.sql,canonical+applied,
column,public,audit_semantic_events.aggregate_id,type=uuid; nullable=YES; default=None; ordinal=10,20260717150000_mvp2_m2_05_semantic_audit_replay.sql,canonical+applied,
column,public,audit_semantic_events.aggregate_ref,type=text; nullable=YES; default=None; ordinal=11,20260717150000_mvp2_m2_05_semantic_audit_replay.sql,canonical+applied,
column,public,audit_semantic_events.aggregate_version,type=text; nullable=YES; default=None; ordinal=12,20260717150000_mvp2_m2_05_semantic_audit_replay.sql,canonical+applied,
column,public,audit_semantic_events.case_type,type=text; nullable=NO; default=None; ordinal=13,20260717150000_mvp2_m2_05_semantic_audit_replay.sql,canonical+applied,
column,public,audit_semantic_events.case_ref,type=text; nullable=NO; default=None; ordinal=14,20260717150000_mvp2_m2_05_semantic_audit_replay.sql,canonical+applied,
column,public,audit_semantic_events.correlation_id,type=uuid; nullable=NO; default=None; ordinal=15,20260717150000_mvp2_m2_05_semantic_audit_replay.sql,canonical+applied,
column,public,audit_semantic_events.causation_id,type=uuid; nullable=YES; default=None; ordinal=16,20260717150000_mvp2_m2_05_semantic_audit_replay.sql,canonical+applied,
column,public,audit_semantic_events.source_system,type=text; nullable=NO; default=None; ordinal=17,20260717150000_mvp2_m2_05_semantic_audit_replay.sql,canonical+applied,
column,public,audit_semantic_events.source_action,type=text; nullable=NO; default=None; ordinal=18,20260717150000_mvp2_m2_05_semantic_audit_replay.sql,canonical+applied,
column,public,audit_semantic_events.idempotency_key,type=text; nullable=NO; default=None; ordinal=19,20260717150000_mvp2_m2_05_semantic_audit_replay.sql,canonical+applied,
column,public,audit_semantic_events.before_state,type=jsonb; nullable=YES; default=None; ordinal=20,20260717150000_mvp2_m2_05_semantic_audit_replay.sql,canonical+applied,
column,public,audit_semantic_events.after_state,type=jsonb; nullable=YES; default=None; ordinal=21,20260717150000_mvp2_m2_05_semantic_audit_replay.sql,canonical+applied,
column,public,audit_semantic_events.semantic_payload,type=jsonb; nullable=NO; default='{}'::jsonb; ordinal=22,20260717150000_mvp2_m2_05_semantic_audit_replay.sql,canonical+applied,
column,public,audit_semantic_events.field_provenance,type=jsonb; nullable=NO; default='{}'::jsonb; ordinal=23,20260717150000_mvp2_m2_05_semantic_audit_replay.sql,canonical+applied,
column,public,audit_semantic_events.evidence_refs,type=ARRAY; nullable=NO; default='{}'::text[]; ordinal=24,20260717150000_mvp2_m2_05_semantic_audit_replay.sql,canonical+applied,
column,public,audit_semantic_events.evidence_hashes,type=ARRAY; nullable=NO; default='{}'::text[]; ordinal=25,20260717150000_mvp2_m2_05_semantic_audit_replay.sql,canonical+applied,
column,public,audit_semantic_events.package_hash,type=text; nullable=YES; default=None; ordinal=26,20260717150000_mvp2_m2_05_semantic_audit_replay.sql,canonical+applied,
column,public,audit_semantic_events.report_hash,type=text; nullable=YES; default=None; ordinal=27,20260717150000_mvp2_m2_05_semantic_audit_replay.sql,canonical+applied,
column,public,audit_semantic_events.source_audit_event_id,type=bigint; nullable=YES; default=None; ordinal=28,20260717150000_mvp2_m2_05_semantic_audit_replay.sql,canonical+applied,
column,public,audit_semantic_events.integrity_status,type=text; nullable=NO; default='not_assessed'::text; ordinal=29,20260717150000_mvp2_m2_05_semantic_audit_replay.sql,canonical+applied,
column,public,audit_semantic_events.chain_status,type=text; nullable=NO; default='not_assessed'::text; ordinal=30,20260717150000_mvp2_m2_05_semantic_audit_replay.sql,canonical+applied,
column,public,audit_semantic_events.ingestion_status,type=text; nullable=NO; default='recorded'::text; ordinal=31,20260717150000_mvp2_m2_05_semantic_audit_replay.sql,canonical+applied,
column,public,audit_semantic_events.created_at,type=timestamp with time zone; nullable=NO; default=now(); ordinal=32,20260717150000_mvp2_m2_05_semantic_audit_replay.sql,canonical+applied,
primary_key,public,audit_semantic_events_pkey,table=audit_semantic_events; columns=id,20260717150000_mvp2_m2_05_semantic_audit_replay.sql,canonical+applied,
foreign_key,public,audit_semantic_events_event_type_schema_version_fkey,audit_semantic_events.schema_version -> audit_event_registry.schema_version,20260717150000_mvp2_m2_05_semantic_audit_replay.sql,canonical+applied,
foreign_key,public,audit_semantic_events_causation_id_fkey,audit_semantic_events.causation_id -> audit_semantic_events.id,20260717150000_mvp2_m2_05_semantic_audit_replay.sql,canonical+applied,
foreign_key,public,audit_semantic_events_source_audit_event_id_fkey,audit_semantic_events.source_audit_event_id -> audit_events.id,20260717150000_mvp2_m2_05_semantic_audit_replay.sql,canonical+applied,
foreign_key,public,audit_semantic_events_event_type_schema_version_fkey,audit_semantic_events.event_type -> audit_event_registry.event_type,20260717150000_mvp2_m2_05_semantic_audit_replay.sql,canonical+applied,
foreign_key,public,audit_semantic_events_event_type_schema_version_fkey,audit_semantic_events.event_type -> audit_event_registry.schema_version,20260717150000_mvp2_m2_05_semantic_audit_replay.sql,canonical+applied,
foreign_key,public,audit_semantic_events_event_type_schema_version_fkey,audit_semantic_events.schema_version -> audit_event_registry.event_type,20260717150000_mvp2_m2_05_semantic_audit_replay.sql,canonical+applied,
check,public,2200_20324_13_not_null,table=audit_semantic_events; columns=None,20260717150000_mvp2_m2_05_semantic_audit_replay.sql,canonical+applied,
check,public,2200_20324_14_not_null,table=audit_semantic_events; columns=None,20260717150000_mvp2_m2_05_semantic_audit_replay.sql,canonical+applied,
check,public,2200_20324_15_not_null,table=audit_semantic_events; columns=None,20260717150000_mvp2_m2_05_semantic_audit_replay.sql,canonical+applied,
check,public,2200_20324_17_not_null,table=audit_semantic_events; columns=None,20260717150000_mvp2_m2_05_semantic_audit_replay.sql,canonical+applied,
check,public,2200_20324_18_not_null,table=audit_semantic_events; columns=None,20260717150000_mvp2_m2_05_semantic_audit_replay.sql,canonical+applied,
check,public,2200_20324_19_not_null,table=audit_semantic_events; columns=None,20260717150000_mvp2_m2_05_semantic_audit_replay.sql,canonical+applied,
check,public,2200_20324_1_not_null,table=audit_semantic_events; columns=None,20260717150000_mvp2_m2_05_semantic_audit_replay.sql,canonical+applied,
check,public,2200_20324_22_not_null,table=audit_semantic_events; columns=None,20260717150000_mvp2_m2_05_semantic_audit_replay.sql,canonical+applied,
check,public,2200_20324_23_not_null,table=audit_semantic_events; columns=None,20260717150000_mvp2_m2_05_semantic_audit_replay.sql,canonical+applied,
check,public,2200_20324_24_not_null,table=audit_semantic_events; columns=None,20260717150000_mvp2_m2_05_semantic_audit_replay.sql,canonical+applied,
check,public,2200_20324_25_not_null,table=audit_semantic_events; columns=None,20260717150000_mvp2_m2_05_semantic_audit_replay.sql,canonical+applied,
check,public,2200_20324_29_not_null,table=audit_semantic_events; columns=None,20260717150000_mvp2_m2_05_semantic_audit_replay.sql,canonical+applied,
check,public,2200_20324_2_not_null,table=audit_semantic_events; columns=None,20260717150000_mvp2_m2_05_semantic_audit_replay.sql,canonical+applied,
check,public,2200_20324_30_not_null,table=audit_semantic_events; columns=None,20260717150000_mvp2_m2_05_semantic_audit_replay.sql,canonical+applied,
check,public,2200_20324_31_not_null,table=audit_semantic_events; columns=None,20260717150000_mvp2_m2_05_semantic_audit_replay.sql,canonical+applied,
check,public,2200_20324_32_not_null,table=audit_semantic_events; columns=None,20260717150000_mvp2_m2_05_semantic_audit_replay.sql,canonical+applied,
check,public,2200_20324_3_not_null,table=audit_semantic_events; columns=None,20260717150000_mvp2_m2_05_semantic_audit_replay.sql,canonical+applied,
check,public,2200_20324_4_not_null,table=audit_semantic_events; columns=None,20260717150000_mvp2_m2_05_semantic_audit_replay.sql,canonical+applied,
check,public,2200_20324_5_not_null,table=audit_semantic_events; columns=None,20260717150000_mvp2_m2_05_semantic_audit_replay.sql,canonical+applied,
check,public,2200_20324_7_not_null,table=audit_semantic_events; columns=None,20260717150000_mvp2_m2_05_semantic_audit_replay.sql,canonical+applied,
check,public,2200_20324_8_not_null,table=audit_semantic_events; columns=None,20260717150000_mvp2_m2_05_semantic_audit_replay.sql,canonical+applied,
check,public,2200_20324_9_not_null,table=audit_semantic_events; columns=None,20260717150000_mvp2_m2_05_semantic_audit_replay.sql,canonical+applied,
check,public,audit_semantic_events_chain_status_check,table=audit_semantic_events; columns=None,20260717150000_mvp2_m2_05_semantic_audit_replay.sql,canonical+applied,
check,public,audit_semantic_events_ingestion_status_check,table=audit_semantic_events; columns=None,20260717150000_mvp2_m2_05_semantic_audit_replay.sql,canonical+applied,
check,public,audit_semantic_events_integrity_status_check,table=audit_semantic_events; columns=None,20260717150000_mvp2_m2_05_semantic_audit_replay.sql,canonical+applied,
unique,public,audit_semantic_events_source_system_idempotency_key_key,"table=audit_semantic_events; columns=source_system,idempotency_key",20260717150000_mvp2_m2_05_semantic_audit_replay.sql,canonical+applied,
index,public,audit_semantic_events_pkey,CREATE UNIQUE INDEX audit_semantic_events_pkey ON public.audit_semantic_events USING btree (id),20260717150000_mvp2_m2_05_semantic_audit_replay.sql,canonical+applied,
index,public,audit_semantic_events_source_system_idempotency_key_key,"CREATE UNIQUE INDEX audit_semantic_events_source_system_idempotency_key_key ON public.audit_semantic_events USING btree (source_system, idempotency_key)",20260717150000_mvp2_m2_05_semantic_audit_replay.sql,canonical+applied,
index,public,idx_semantic_aggregate,"CREATE INDEX idx_semantic_aggregate ON public.audit_semantic_events USING btree (aggregate_type, aggregate_id, occurred_at DESC)",20260717150000_mvp2_m2_05_semantic_audit_replay.sql,canonical+applied,
index,public,idx_semantic_case_order,"CREATE INDEX idx_semantic_case_order ON public.audit_semantic_events USING btree (case_ref, occurred_at DESC, id DESC)",20260717150000_mvp2_m2_05_semantic_audit_replay.sql,canonical+applied,
index,public,idx_semantic_correlation_order,"CREATE INDEX idx_semantic_correlation_order ON public.audit_semantic_events USING btree (correlation_id, occurred_at, id)",20260717150000_mvp2_m2_05_semantic_audit_replay.sql,canonical+applied,
index,public,idx_semantic_source_audit,CREATE INDEX idx_semantic_source_audit ON public.audit_semantic_events USING btree (source_audit_event_id) WHERE (source_audit_event_id IS NOT NULL),20260717150000_mvp2_m2_05_semantic_audit_replay.sql,canonical+applied,
trigger,public,trg_semantic_audit_immutable,"table=audit_semantic_events; timing=BEFORE; events=DELETE,UPDATE; action=EXECUTE FUNCTION block_semantic_audit_mutation()",20260717150000_mvp2_m2_05_semantic_audit_replay.sql,canonical+applied,
rls_enablement,public,audit_semantic_events__rls,rls_enabled=True; forced=False,20260717150000_mvp2_m2_05_semantic_audit_replay.sql,canonical+applied,
rls_policy,public,audit_semantic_events.audit_semantic_read,cmd=SELECT; roles={public}; permissive=PERMISSIVE,20260717150000_mvp2_m2_05_semantic_audit_replay.sql,canonical+applied,
table,public,bulk_violation_batch_items,columns=7; pk_cols=1; fk_out=4; triggers=1; rls=enabled; policies=1,20260719030000_dec_l_bulk_violation_issuance.sql,canonical+applied,
column,public,bulk_violation_batch_items.id,type=uuid; nullable=NO; default=gen_random_uuid(); ordinal=1,20260719030000_dec_l_bulk_violation_issuance.sql,canonical+applied,
column,public,bulk_violation_batch_items.batch_id,type=uuid; nullable=NO; default=None; ordinal=2,20260719030000_dec_l_bulk_violation_issuance.sql,canonical+applied,
column,public,bulk_violation_batch_items.factory_id,type=uuid; nullable=NO; default=None; ordinal=3,20260719030000_dec_l_bulk_violation_issuance.sql,canonical+applied,
column,public,bulk_violation_batch_items.status,type=text; nullable=NO; default=None; ordinal=4,20260719030000_dec_l_bulk_violation_issuance.sql,canonical+applied,
column,public,bulk_violation_batch_items.violation_id,type=uuid; nullable=YES; default=None; ordinal=5,20260719030000_dec_l_bulk_violation_issuance.sql,canonical+applied,
column,public,bulk_violation_batch_items.inspection_id,type=uuid; nullable=YES; default=None; ordinal=6,20260719030000_dec_l_bulk_violation_issuance.sql,canonical+applied,
column,public,bulk_violation_batch_items.error_code,type=text; nullable=YES; default=None; ordinal=7,20260719030000_dec_l_bulk_violation_issuance.sql,canonical+applied,
primary_key,public,bulk_violation_batch_items_pkey,table=bulk_violation_batch_items; columns=id,20260719030000_dec_l_bulk_violation_issuance.sql,canonical+applied,
foreign_key,public,bulk_violation_batch_items_factory_id_fkey,bulk_violation_batch_items.factory_id -> factories.id,20260719030000_dec_l_bulk_violation_issuance.sql,canonical+applied,
foreign_key,public,bulk_violation_batch_items_violation_id_fkey,bulk_violation_batch_items.violation_id -> violations.id,20260719030000_dec_l_bulk_violation_issuance.sql,canonical+applied,
foreign_key,public,bulk_violation_batch_items_inspection_id_fkey,bulk_violation_batch_items.inspection_id -> inspections.id,20260719030000_dec_l_bulk_violation_issuance.sql,canonical+applied,
foreign_key,public,bulk_violation_batch_items_batch_id_fkey,bulk_violation_batch_items.batch_id -> bulk_violation_batches.id,20260719030000_dec_l_bulk_violation_issuance.sql,canonical+applied,
check,public,2200_21602_1_not_null,table=bulk_violation_batch_items; columns=None,20260719030000_dec_l_bulk_violation_issuance.sql,canonical+applied,
check,public,2200_21602_2_not_null,table=bulk_violation_batch_items; columns=None,20260719030000_dec_l_bulk_violation_issuance.sql,canonical+applied,
check,public,2200_21602_3_not_null,table=bulk_violation_batch_items; columns=None,20260719030000_dec_l_bulk_violation_issuance.sql,canonical+applied,
check,public,2200_21602_4_not_null,table=bulk_violation_batch_items; columns=None,20260719030000_dec_l_bulk_violation_issuance.sql,canonical+applied,
unique,public,bulk_violation_batch_items_batch_id_factory_id_key,"table=bulk_violation_batch_items; columns=batch_id,factory_id",20260719030000_dec_l_bulk_violation_issuance.sql,canonical+applied,
check,public,bulk_violation_batch_items_status_check,table=bulk_violation_batch_items; columns=None,20260719030000_dec_l_bulk_violation_issuance.sql,canonical+applied,
index,public,bulk_violation_batch_items_batch_id_factory_id_key,"CREATE UNIQUE INDEX bulk_violation_batch_items_batch_id_factory_id_key ON public.bulk_violation_batch_items USING btree (batch_id, factory_id)",20260719030000_dec_l_bulk_violation_issuance.sql,canonical+applied,
index,public,bulk_violation_batch_items_pkey,CREATE UNIQUE INDEX bulk_violation_batch_items_pkey ON public.bulk_violation_batch_items USING btree (id),20260719030000_dec_l_bulk_violation_issuance.sql,canonical+applied,
index,public,idx_bulk_violation_batch_items_batch,CREATE INDEX idx_bulk_violation_batch_items_batch ON public.bulk_violation_batch_items USING btree (batch_id),20260719030000_dec_l_bulk_violation_issuance.sql,canonical+applied,
trigger,public,trg_audit_bulk_violation_batch_items,"table=bulk_violation_batch_items; timing=AFTER; events=DELETE,INSERT,UPDATE; action=EXECUTE FUNCTION audit_row_change()",20260719030000_dec_l_bulk_violation_issuance.sql,canonical+applied,
rls_enablement,public,bulk_violation_batch_items__rls,rls_enabled=True; forced=False,20260719030000_dec_l_bulk_violation_issuance.sql,canonical+applied,
rls_policy,public,bulk_violation_batch_items.bulk_violation_batch_items_rw,cmd=ALL; roles={public}; permissive=PERMISSIVE,20260719030000_dec_l_bulk_violation_issuance.sql,canonical+applied,
table,public,bulk_violation_batches,columns=7; pk_cols=1; fk_out=2; triggers=1; rls=enabled; policies=1,20260719030000_dec_l_bulk_violation_issuance.sql,canonical+applied,
column,public,bulk_violation_batches.id,type=uuid; nullable=NO; default=gen_random_uuid(); ordinal=1,20260719030000_dec_l_bulk_violation_issuance.sql,canonical+applied,
column,public,bulk_violation_batches.request_id,type=uuid; nullable=NO; default=None; ordinal=2,20260719030000_dec_l_bulk_violation_issuance.sql,canonical+applied,
column,public,bulk_violation_batches.violation_code_id,type=uuid; nullable=NO; default=None; ordinal=3,20260719030000_dec_l_bulk_violation_issuance.sql,canonical+applied,
column,public,bulk_violation_batches.notes,type=text; nullable=YES; default=None; ordinal=4,20260719030000_dec_l_bulk_violation_issuance.sql,canonical+applied,
column,public,bulk_violation_batches.issued_by,type=uuid; nullable=NO; default=None; ordinal=5,20260719030000_dec_l_bulk_violation_issuance.sql,canonical+applied,
column,public,bulk_violation_batches.issued_at,type=timestamp with time zone; nullable=NO; default=now(); ordinal=6,20260719030000_dec_l_bulk_violation_issuance.sql,canonical+applied,
column,public,bulk_violation_batches.target_count,type=integer; nullable=NO; default=None; ordinal=7,20260719030000_dec_l_bulk_violation_issuance.sql,canonical+applied,
primary_key,public,bulk_violation_batches_pkey,table=bulk_violation_batches; columns=id,20260719030000_dec_l_bulk_violation_issuance.sql,canonical+applied,
foreign_key,public,bulk_violation_batches_issued_by_fkey,bulk_violation_batches.issued_by -> profiles.user_id,20260719030000_dec_l_bulk_violation_issuance.sql,canonical+applied,
foreign_key,public,bulk_violation_batches_violation_code_id_fkey,bulk_violation_batches.violation_code_id -> violation_codes.id,20260719030000_dec_l_bulk_violation_issuance.sql,canonical+applied,
check,public,2200_21580_1_not_null,table=bulk_violation_batches; columns=None,20260719030000_dec_l_bulk_violation_issuance.sql,canonical+applied,
check,public,2200_21580_2_not_null,table=bulk_violation_batches; columns=None,20260719030000_dec_l_bulk_violation_issuance.sql,canonical+applied,
check,public,2200_21580_3_not_null,table=bulk_violation_batches; columns=None,20260719030000_dec_l_bulk_violation_issuance.sql,canonical+applied,
check,public,2200_21580_5_not_null,table=bulk_violation_batches; columns=None,20260719030000_dec_l_bulk_violation_issuance.sql,canonical+applied,
check,public,2200_21580_6_not_null,table=bulk_violation_batches; columns=None,20260719030000_dec_l_bulk_violation_issuance.sql,canonical+applied,
check,public,2200_21580_7_not_null,table=bulk_violation_batches; columns=None,20260719030000_dec_l_bulk_violation_issuance.sql,canonical+applied,
check,public,bulk_violation_batches_notes_check,table=bulk_violation_batches; columns=None,20260719030000_dec_l_bulk_violation_issuance.sql,canonical+applied,
unique,public,bulk_violation_batches_request_id_key,table=bulk_violation_batches; columns=request_id,20260719030000_dec_l_bulk_violation_issuance.sql,canonical+applied,
index,public,bulk_violation_batches_pkey,CREATE UNIQUE INDEX bulk_violation_batches_pkey ON public.bulk_violation_batches USING btree (id),20260719030000_dec_l_bulk_violation_issuance.sql,canonical+applied,
index,public,bulk_violation_batches_request_id_key,CREATE UNIQUE INDEX bulk_violation_batches_request_id_key ON public.bulk_violation_batches USING btree (request_id),20260719030000_dec_l_bulk_violation_issuance.sql,canonical+applied,
trigger,public,trg_audit_bulk_violation_batches,"table=bulk_violation_batches; timing=AFTER; events=DELETE,INSERT,UPDATE; action=EXECUTE FUNCTION audit_row_change()",20260719030000_dec_l_bulk_violation_issuance.sql,canonical+applied,
rls_enablement,public,bulk_violation_batches__rls,rls_enabled=True; forced=False,20260719030000_dec_l_bulk_violation_issuance.sql,canonical+applied,
rls_policy,public,bulk_violation_batches.bulk_violation_batches_rw,cmd=ALL; roles={public}; permissive=PERMISSIVE,20260719030000_dec_l_bulk_violation_issuance.sql,canonical+applied,
table,public,cancellation_requests,columns=14; pk_cols=1; fk_out=3; triggers=0; rls=enabled; policies=1,20260721140000_execution_journey_cancellation.sql,canonical+applied,
column,public,cancellation_requests.id,type=uuid; nullable=NO; default=gen_random_uuid(); ordinal=1,20260721140000_execution_journey_cancellation.sql,canonical+applied,
column,public,cancellation_requests.visit_id,type=uuid; nullable=NO; default=None; ordinal=2,20260721140000_execution_journey_cancellation.sql,canonical+applied,
column,public,cancellation_requests.inspection_id,type=uuid; nullable=YES; default=None; ordinal=3,20260721140000_execution_journey_cancellation.sql,canonical+applied,
column,public,cancellation_requests.requested_by,type=uuid; nullable=NO; default=None; ordinal=4,20260721140000_execution_journey_cancellation.sql,canonical+applied,
column,public,cancellation_requests.requested_at,type=timestamp with time zone; nullable=NO; default=now(); ordinal=5,20260721140000_execution_journey_cancellation.sql,canonical+applied,
column,public,cancellation_requests.phase,type=text; nullable=NO; default=None; ordinal=6,20260721140000_execution_journey_cancellation.sql,canonical+applied,
column,public,cancellation_requests.reason_key,type=text; nullable=NO; default=None; ordinal=7,20260721140000_execution_journey_cancellation.sql,canonical+applied,
column,public,cancellation_requests.comment,type=text; nullable=YES; default=None; ordinal=8,20260721140000_execution_journey_cancellation.sql,canonical+applied,
column,public,cancellation_requests.evidence_id,type=uuid; nullable=YES; default=None; ordinal=9,20260721140000_execution_journey_cancellation.sql,canonical+applied,
column,public,cancellation_requests.status,type=text; nullable=NO; default='pending'::text; ordinal=10,20260721140000_execution_journey_cancellation.sql,canonical+applied,
column,public,cancellation_requests.decided_by,type=uuid; nullable=YES; default=None; ordinal=11,20260721140000_execution_journey_cancellation.sql,canonical+applied,
column,public,cancellation_requests.decided_at,type=timestamp with time zone; nullable=YES; default=None; ordinal=12,20260721140000_execution_journey_cancellation.sql,canonical+applied,
column,public,cancellation_requests.decision_reason,type=text; nullable=YES; default=None; ordinal=13,20260721140000_execution_journey_cancellation.sql,canonical+applied,
column,public,cancellation_requests.idempotency_key,type=text; nullable=NO; default=None; ordinal=14,20260721140000_execution_journey_cancellation.sql,canonical+applied,
primary_key,public,cancellation_requests_pkey,table=cancellation_requests; columns=id,20260721140000_execution_journey_cancellation.sql,canonical+applied,
foreign_key,public,cancellation_requests_visit_id_fkey,cancellation_requests.visit_id -> visits.id,20260721140000_execution_journey_cancellation.sql,canonical+applied,
foreign_key,public,cancellation_requests_inspection_id_fkey,cancellation_requests.inspection_id -> inspections.id,20260721140000_execution_journey_cancellation.sql,canonical+applied,
foreign_key,public,cancellation_requests_evidence_id_fkey,cancellation_requests.evidence_id -> evidence.id,20260721140000_execution_journey_cancellation.sql,canonical+applied,
check,public,2200_23851_10_not_null,table=cancellation_requests; columns=None,20260721140000_execution_journey_cancellation.sql,canonical+applied,
check,public,2200_23851_14_not_null,table=cancellation_requests; columns=None,20260721140000_execution_journey_cancellation.sql,canonical+applied,
check,public,2200_23851_1_not_null,table=cancellation_requests; columns=None,20260721140000_execution_journey_cancellation.sql,canonical+applied,
check,public,2200_23851_2_not_null,table=cancellation_requests; columns=None,20260721140000_execution_journey_cancellation.sql,canonical+applied,
check,public,2200_23851_4_not_null,table=cancellation_requests; columns=None,20260721140000_execution_journey_cancellation.sql,canonical+applied,
check,public,2200_23851_5_not_null,table=cancellation_requests; columns=None,20260721140000_execution_journey_cancellation.sql,canonical+applied,
check,public,2200_23851_6_not_null,table=cancellation_requests; columns=None,20260721140000_execution_journey_cancellation.sql,canonical+applied,
check,public,2200_23851_7_not_null,table=cancellation_requests; columns=None,20260721140000_execution_journey_cancellation.sql,canonical+applied,
check,public,cancellation_requests_decision_shape,table=cancellation_requests; columns=None,20260721140000_execution_journey_cancellation.sql,canonical+applied,
unique,public,cancellation_requests_idempotency_key_key,table=cancellation_requests; columns=idempotency_key,20260721140000_execution_journey_cancellation.sql,canonical+applied,
check,public,cancellation_requests_phase_check,table=cancellation_requests; columns=None,20260721140000_execution_journey_cancellation.sql,canonical+applied,
check,public,cancellation_requests_status_check,table=cancellation_requests; columns=None,20260721140000_execution_journey_cancellation.sql,canonical+applied,
index,public,cancellation_requests_idempotency_key_key,CREATE UNIQUE INDEX cancellation_requests_idempotency_key_key ON public.cancellation_requests USING btree (idempotency_key),20260721140000_execution_journey_cancellation.sql,canonical+applied,
index,public,cancellation_requests_pending_idx,"CREATE INDEX cancellation_requests_pending_idx ON public.cancellation_requests USING btree (status, requested_at) WHERE (status = 'pending'::text)",20260721140000_execution_journey_cancellation.sql,canonical+applied,
index,public,cancellation_requests_pkey,CREATE UNIQUE INDEX cancellation_requests_pkey ON public.cancellation_requests USING btree (id),20260721140000_execution_journey_cancellation.sql,canonical+applied,
index,public,cancellation_requests_visit_idx,"CREATE INDEX cancellation_requests_visit_idx ON public.cancellation_requests USING btree (visit_id, requested_at DESC)",20260721140000_execution_journey_cancellation.sql,canonical+applied,
rls_enablement,public,cancellation_requests__rls,rls_enabled=True; forced=False,20260721140000_execution_journey_cancellation.sql,canonical+applied,
rls_policy,public,cancellation_requests.cancellation_requests_read,cmd=SELECT; roles={authenticated}; permissive=PERMISSIVE,20260721140000_execution_journey_cancellation.sql,canonical+applied,
table,public,capabilities,columns=2; pk_cols=1; fk_out=0; triggers=0; rls=enabled; policies=1,20260721093000_execution_canonical_contracts.sql,canonical+applied,
column,public,capabilities.capability_key,type=text; nullable=NO; default=None; ordinal=1,20260721093000_execution_canonical_contracts.sql,canonical+applied,
column,public,capabilities.description,type=text; nullable=NO; default=None; ordinal=2,20260721093000_execution_canonical_contracts.sql,canonical+applied,
primary_key,public,capabilities_pkey,table=capabilities; columns=capability_key,20260721093000_execution_canonical_contracts.sql,canonical+applied,
check,public,2200_23720_1_not_null,table=capabilities; columns=None,20260721093000_execution_canonical_contracts.sql,canonical+applied,
check,public,2200_23720_2_not_null,table=capabilities; columns=None,20260721093000_execution_canonical_contracts.sql,canonical+applied,
index,public,capabilities_pkey,CREATE UNIQUE INDEX capabilities_pkey ON public.capabilities USING btree (capability_key),20260721093000_execution_canonical_contracts.sql,canonical+applied,
rls_enablement,public,capabilities__rls,rls_enabled=True; forced=False,20260721093000_execution_canonical_contracts.sql,canonical+applied,
rls_policy,public,capabilities.capabilities_read,cmd=SELECT; roles={authenticated}; permissive=PERMISSIVE,20260721093000_execution_canonical_contracts.sql,canonical+applied,
table,public,cases,columns=12; pk_cols=1; fk_out=3; triggers=0; rls=enabled; policies=3,20260717190000_mvp2_m2_10_case_spine.sql,canonical+applied,
column,public,cases.id,type=uuid; nullable=NO; default=gen_random_uuid(); ordinal=1,20260717190000_mvp2_m2_10_case_spine.sql,canonical+applied,
column,public,cases.factory_id,type=uuid; nullable=NO; default=None; ordinal=2,20260717190000_mvp2_m2_10_case_spine.sql,canonical+applied,
column,public,cases.case_type,type=text; nullable=NO; default=None; ordinal=3,20260717190000_mvp2_m2_10_case_spine.sql,canonical+applied,
column,public,cases.status,type=text; nullable=NO; default='open'::text; ordinal=4,20260717190000_mvp2_m2_10_case_spine.sql,canonical+applied,
column,public,cases.origin_type,type=text; nullable=YES; default=None; ordinal=5,20260717190000_mvp2_m2_10_case_spine.sql,canonical+applied,
column,public,cases.origin_ref,type=uuid; nullable=YES; default=None; ordinal=6,20260717190000_mvp2_m2_10_case_spine.sql,canonical+applied,
column,public,cases.opened_by,type=uuid; nullable=YES; default=None; ordinal=7,20260717190000_mvp2_m2_10_case_spine.sql,canonical+applied,
column,public,cases.closed_by,type=uuid; nullable=YES; default=None; ordinal=8,20260717190000_mvp2_m2_10_case_spine.sql,canonical+applied,
column,public,cases.closed_reason,type=text; nullable=YES; default=None; ordinal=9,20260717190000_mvp2_m2_10_case_spine.sql,canonical+applied,
column,public,cases.opened_at,type=timestamp with time zone; nullable=NO; default=now(); ordinal=10,20260717190000_mvp2_m2_10_case_spine.sql,canonical+applied,
column,public,cases.closed_at,type=timestamp with time zone; nullable=YES; default=None; ordinal=11,20260717190000_mvp2_m2_10_case_spine.sql,canonical+applied,
column,public,cases.updated_at,type=timestamp with time zone; nullable=NO; default=now(); ordinal=12,20260717190000_mvp2_m2_10_case_spine.sql,canonical+applied,
primary_key,public,cases_pkey,table=cases; columns=id,20260717190000_mvp2_m2_10_case_spine.sql,canonical+applied,
foreign_key,public,cases_closed_by_fkey,cases.closed_by -> profiles.user_id,20260717190000_mvp2_m2_10_case_spine.sql,canonical+applied,
foreign_key,public,cases_factory_id_fkey,cases.factory_id -> factories.id,20260717190000_mvp2_m2_10_case_spine.sql,canonical+applied,
foreign_key,public,cases_opened_by_fkey,cases.opened_by -> profiles.user_id,20260717190000_mvp2_m2_10_case_spine.sql,canonical+applied,
check,public,2200_20720_10_not_null,table=cases; columns=None,20260717190000_mvp2_m2_10_case_spine.sql,canonical+applied,
check,public,2200_20720_12_not_null,table=cases; columns=None,20260717190000_mvp2_m2_10_case_spine.sql,canonical+applied,
check,public,2200_20720_1_not_null,table=cases; columns=None,20260717190000_mvp2_m2_10_case_spine.sql,canonical+applied,
check,public,2200_20720_2_not_null,table=cases; columns=None,20260717190000_mvp2_m2_10_case_spine.sql,canonical+applied,
check,public,2200_20720_3_not_null,table=cases; columns=None,20260717190000_mvp2_m2_10_case_spine.sql,canonical+applied,
check,public,2200_20720_4_not_null,table=cases; columns=None,20260717190000_mvp2_m2_10_case_spine.sql,canonical+applied,
check,public,cases_case_type_check,table=cases; columns=None,20260717190000_mvp2_m2_10_case_spine.sql,canonical+applied,
check,public,cases_status_check,table=cases; columns=None,20260717190000_mvp2_m2_10_case_spine.sql,canonical+applied,
index,public,cases_factory_status_idx,"CREATE INDEX cases_factory_status_idx ON public.cases USING btree (factory_id, status)",20260717190000_mvp2_m2_10_case_spine.sql,canonical+applied,
index,public,cases_one_open_per_origin,"CREATE UNIQUE INDEX cases_one_open_per_origin ON public.cases USING btree (origin_type, origin_ref) WHERE (status = ANY (ARRAY['open'::text, 'in_progress'::text]))",20260717190000_mvp2_m2_10_case_spine.sql,canonical+applied,
index,public,cases_pkey,CREATE UNIQUE INDEX cases_pkey ON public.cases USING btree (id),20260717190000_mvp2_m2_10_case_spine.sql,canonical+applied,
rls_enablement,public,cases__rls,rls_enabled=True; forced=False,20260717190000_mvp2_m2_10_case_spine.sql,canonical+applied,
rls_policy,public,cases.cases_read,cmd=SELECT; roles={public}; permissive=PERMISSIVE,20260717190000_mvp2_m2_10_case_spine.sql,canonical+applied,
rls_policy,public,cases.cases_update,cmd=UPDATE; roles={public}; permissive=PERMISSIVE,20260717190000_mvp2_m2_10_case_spine.sql,canonical+applied,
rls_policy,public,cases.cases_write,cmd=INSERT; roles={public}; permissive=PERMISSIVE,20260717190000_mvp2_m2_10_case_spine.sql,canonical+applied,
table,public,checklist_responses,columns=6; pk_cols=1; fk_out=2; triggers=3; rls=enabled; policies=2,0001_foundation.sql,canonical+applied,
column,public,checklist_responses.id,type=uuid; nullable=NO; default=gen_random_uuid(); ordinal=1,0001_foundation.sql,canonical+applied,
column,public,checklist_responses.inspection_id,type=uuid; nullable=NO; default=None; ordinal=2,0001_foundation.sql,canonical+applied,
column,public,checklist_responses.item_id,type=uuid; nullable=NO; default=None; ordinal=3,0001_foundation.sql,canonical+applied,
column,public,checklist_responses.response,type=jsonb; nullable=YES; default=None; ordinal=4,0001_foundation.sql,canonical+applied,
column,public,checklist_responses.is_complete,type=boolean; nullable=NO; default=false; ordinal=5,0001_foundation.sql,canonical+applied,
column,public,checklist_responses.updated_at,type=timestamp with time zone; nullable=NO; default=now(); ordinal=6,0001_foundation.sql,canonical+applied,
primary_key,public,checklist_responses_pkey,table=checklist_responses; columns=id,0001_foundation.sql,canonical+applied,
foreign_key,public,checklist_responses_inspection_id_fkey,checklist_responses.inspection_id -> inspections.id,0001_foundation.sql,canonical+applied,
foreign_key,public,checklist_responses_item_id_fkey,checklist_responses.item_id -> inspection_items.id,0001_foundation.sql,canonical+applied,
check,public,2200_18039_1_not_null,table=checklist_responses; columns=None,0001_foundation.sql,canonical+applied,
check,public,2200_18039_2_not_null,table=checklist_responses; columns=None,0001_foundation.sql,canonical+applied,
check,public,2200_18039_3_not_null,table=checklist_responses; columns=None,0001_foundation.sql,canonical+applied,
check,public,2200_18039_5_not_null,table=checklist_responses; columns=None,0001_foundation.sql,canonical+applied,
check,public,2200_18039_6_not_null,table=checklist_responses; columns=None,0001_foundation.sql,canonical+applied,
unique,public,checklist_responses_inspection_id_item_id_key,"table=checklist_responses; columns=inspection_id,item_id",0001_foundation.sql,canonical+applied,
index,public,checklist_responses_inspection_id_item_id_key,"CREATE UNIQUE INDEX checklist_responses_inspection_id_item_id_key ON public.checklist_responses USING btree (inspection_id, item_id)",0001_foundation.sql,canonical+applied,
index,public,checklist_responses_inspection_idx,CREATE INDEX checklist_responses_inspection_idx ON public.checklist_responses USING btree (inspection_id),0001_foundation.sql,canonical+applied,
index,public,checklist_responses_pkey,CREATE UNIQUE INDEX checklist_responses_pkey ON public.checklist_responses USING btree (id),0001_foundation.sql,canonical+applied,
trigger,public,trg_audit_checklist_responses,"table=checklist_responses; timing=AFTER; events=DELETE,INSERT,UPDATE; action=EXECUTE FUNCTION audit_row_change()",0001_foundation.sql,canonical+applied,
trigger,public,trg_guard_resp,"table=checklist_responses; timing=BEFORE; events=DELETE,UPDATE; action=EXECUTE FUNCTION guard_submitted_inspection()",0001_foundation.sql,canonical+applied,
trigger,public,trg_mvp2_m2_05_semantic_checklist_responses,"table=checklist_responses; timing=AFTER; events=INSERT,UPDATE; action=EXECUTE FUNCTION emit_mvp2_m2_05_semantic_event()",0001_foundation.sql,canonical+applied,
rls_enablement,public,checklist_responses__rls,rls_enabled=True; forced=False,0001_foundation.sql,canonical+applied,
rls_policy,public,checklist_responses.responses_read_prior_approved,cmd=SELECT; roles={public}; permissive=PERMISSIVE,0001_foundation.sql,canonical+applied,
rls_policy,public,checklist_responses.responses_rw,cmd=ALL; roles={public}; permissive=PERMISSIVE,0001_foundation.sql,canonical+applied,
table,public,commercial_registrations,columns=15; pk_cols=1; fk_out=1; triggers=2; rls=enabled; policies=2,20260720010000_factory360_v2_foundation.sql,canonical+applied,
column,public,commercial_registrations.id,type=uuid; nullable=NO; default=gen_random_uuid(); ordinal=1,20260720010000_factory360_v2_foundation.sql,canonical+applied,
column,public,commercial_registrations.cr_number,type=text; nullable=NO; default=None; ordinal=2,20260720010000_factory360_v2_foundation.sql,canonical+applied,
column,public,commercial_registrations.unified_number,type=text; nullable=YES; default=None; ordinal=3,20260720010000_factory360_v2_foundation.sql,canonical+applied,
column,public,commercial_registrations.legal_name,type=text; nullable=YES; default=None; ordinal=4,20260720010000_factory360_v2_foundation.sql,canonical+applied,
column,public,commercial_registrations.legal_name_en,type=text; nullable=YES; default=None; ordinal=5,20260720010000_factory360_v2_foundation.sql,canonical+applied,
column,public,commercial_registrations.legal_name_ar,type=text; nullable=YES; default=None; ordinal=6,20260720010000_factory360_v2_foundation.sql,canonical+applied,
column,public,commercial_registrations.status,type=text; nullable=YES; default=None; ordinal=7,20260720010000_factory360_v2_foundation.sql,canonical+applied,
column,public,commercial_registrations.issue_date,type=date; nullable=YES; default=None; ordinal=8,20260720010000_factory360_v2_foundation.sql,canonical+applied,
column,public,commercial_registrations.expiry_date,type=date; nullable=YES; default=None; ordinal=9,20260720010000_factory360_v2_foundation.sql,canonical+applied,
column,public,commercial_registrations.owner_details,type=text; nullable=YES; default=None; ordinal=10,20260720010000_factory360_v2_foundation.sql,canonical+applied,
column,public,commercial_registrations.source_system,type=text; nullable=YES; default=None; ordinal=11,20260720010000_factory360_v2_foundation.sql,canonical+applied,
column,public,commercial_registrations.source_synced_at,type=timestamp with time zone; nullable=YES; default=None; ordinal=12,20260720010000_factory360_v2_foundation.sql,canonical+applied,
column,public,commercial_registrations.source_snapshot_id,type=uuid; nullable=YES; default=None; ordinal=13,20260720010000_factory360_v2_foundation.sql,canonical+applied,
column,public,commercial_registrations.created_at,type=timestamp with time zone; nullable=NO; default=now(); ordinal=14,20260720010000_factory360_v2_foundation.sql,canonical+applied,
column,public,commercial_registrations.updated_at,type=timestamp with time zone; nullable=NO; default=now(); ordinal=15,20260720010000_factory360_v2_foundation.sql,canonical+applied,
primary_key,public,commercial_registrations_pkey,table=commercial_registrations; columns=id,20260720010000_factory360_v2_foundation.sql,canonical+applied,
foreign_key,public,commercial_registrations_source_snapshot_id_fkey,commercial_registrations.source_snapshot_id -> senaei_raw_snapshots.id,20260720010000_factory360_v2_foundation.sql,canonical+applied,
check,public,2200_22436_14_not_null,table=commercial_registrations; columns=None,20260720010000_factory360_v2_foundation.sql,canonical+applied,
check,public,2200_22436_15_not_null,table=commercial_registrations; columns=None,20260720010000_factory360_v2_foundation.sql,canonical+applied,
check,public,2200_22436_1_not_null,table=commercial_registrations; columns=None,20260720010000_factory360_v2_foundation.sql,canonical+applied,
check,public,2200_22436_2_not_null,table=commercial_registrations; columns=None,20260720010000_factory360_v2_foundation.sql,canonical+applied,
check,public,commercial_registrations_cr_number_check,table=commercial_registrations; columns=None,20260720010000_factory360_v2_foundation.sql,canonical+applied,
unique,public,commercial_registrations_cr_number_key,table=commercial_registrations; columns=cr_number,20260720010000_factory360_v2_foundation.sql,canonical+applied,
check,public,commercial_registrations_date_order_ck,table=commercial_registrations; columns=None,20260720010000_factory360_v2_foundation.sql,canonical+applied,
check,public,commercial_registrations_unified_number_check,table=commercial_registrations; columns=None,20260720010000_factory360_v2_foundation.sql,canonical+applied,
unique,public,commercial_registrations_unified_number_key,table=commercial_registrations; columns=unified_number,20260720010000_factory360_v2_foundation.sql,canonical+applied,
index,public,commercial_registrations_cr_number_key,CREATE UNIQUE INDEX commercial_registrations_cr_number_key ON public.commercial_registrations USING btree (cr_number),20260720010000_factory360_v2_foundation.sql,canonical+applied,
index,public,commercial_registrations_pkey,CREATE UNIQUE INDEX commercial_registrations_pkey ON public.commercial_registrations USING btree (id),20260720010000_factory360_v2_foundation.sql,canonical+applied,
index,public,commercial_registrations_unified_number_key,CREATE UNIQUE INDEX commercial_registrations_unified_number_key ON public.commercial_registrations USING btree (unified_number),20260720010000_factory360_v2_foundation.sql,canonical+applied,
trigger,public,trg_audit_commercial_registrations,"table=commercial_registrations; timing=AFTER; events=DELETE,INSERT,UPDATE; action=EXECUTE FUNCTION audit_row_change()",20260720010000_factory360_v2_foundation.sql,canonical+applied,
trigger,public,trg_f360_guard_cr_external_ids,table=commercial_registrations; timing=BEFORE; events=UPDATE; action=EXECUTE FUNCTION guard_factory360_external_identifiers(),20260720010000_factory360_v2_foundation.sql,canonical+applied,
rls_enablement,public,commercial_registrations__rls,rls_enabled=True; forced=False,20260720010000_factory360_v2_foundation.sql,canonical+applied,
rls_policy,public,commercial_registrations.f360_commercial_registrations_admin,cmd=ALL; roles={authenticated}; permissive=PERMISSIVE,20260720010000_factory360_v2_foundation.sql,canonical+applied,
rls_policy,public,commercial_registrations.f360_commercial_registrations_read,cmd=SELECT; roles={authenticated}; permissive=PERMISSIVE,20260720010000_factory360_v2_foundation.sql,canonical+applied,
table,public,compliance_configuration_requests,columns=16; pk_cols=1; fk_out=2; triggers=1; rls=enabled; policies=1,20260719213000_compliance_configuration_request_engine.sql,canonical+applied,
column,public,compliance_configuration_requests.id,type=uuid; nullable=NO; default=gen_random_uuid(); ordinal=1,20260719213000_compliance_configuration_request_engine.sql,canonical+applied,
column,public,compliance_configuration_requests.request_number,type=text; nullable=NO; default=None; ordinal=2,20260719213000_compliance_configuration_request_engine.sql,canonical+applied,
column,public,compliance_configuration_requests.title,type=text; nullable=NO; default=None; ordinal=3,20260719213000_compliance_configuration_request_engine.sql,canonical+applied,
column,public,compliance_configuration_requests.description,type=text; nullable=YES; default=None; ordinal=4,20260719213000_compliance_configuration_request_engine.sql,canonical+applied,
column,public,compliance_configuration_requests.request_type,type=text; nullable=NO; default=None; ordinal=5,20260719213000_compliance_configuration_request_engine.sql,canonical+applied,
column,public,compliance_configuration_requests.owner_id,type=uuid; nullable=NO; default=None; ordinal=6,20260719213000_compliance_configuration_request_engine.sql,canonical+applied,
column,public,compliance_configuration_requests.created_at,type=timestamp with time zone; nullable=NO; default=now(); ordinal=7,20260719213000_compliance_configuration_request_engine.sql,canonical+applied,
column,public,compliance_configuration_requests.submitted_at,type=timestamp with time zone; nullable=YES; default=None; ordinal=8,20260719213000_compliance_configuration_request_engine.sql,canonical+applied,
column,public,compliance_configuration_requests.current_revision,type=integer; nullable=NO; default=1; ordinal=9,20260719213000_compliance_configuration_request_engine.sql,canonical+applied,
column,public,compliance_configuration_requests.status,type=text; nullable=NO; default='draft'::text; ordinal=10,20260719213000_compliance_configuration_request_engine.sql,canonical+applied,
column,public,compliance_configuration_requests.comments,type=text; nullable=YES; default=None; ordinal=11,20260719213000_compliance_configuration_request_engine.sql,canonical+applied,
column,public,compliance_configuration_requests.return_reason,type=text; nullable=YES; default=None; ordinal=12,20260719213000_compliance_configuration_request_engine.sql,canonical+applied,
column,public,compliance_configuration_requests.correlation_id,type=uuid; nullable=NO; default=gen_random_uuid(); ordinal=13,20260719213000_compliance_configuration_request_engine.sql,canonical+applied,
column,public,compliance_configuration_requests.audit_references,type=jsonb; nullable=NO; default='[]'::jsonb; ordinal=14,20260719213000_compliance_configuration_request_engine.sql,canonical+applied,
column,public,compliance_configuration_requests.publication_audit_reference,type=bigint; nullable=YES; default=None; ordinal=15,20260719213000_compliance_configuration_request_engine.sql,canonical+applied,
column,public,compliance_configuration_requests.updated_at,type=timestamp with time zone; nullable=NO; default=now(); ordinal=16,20260719213000_compliance_configuration_request_engine.sql,canonical+applied,
primary_key,public,compliance_configuration_requests_pkey,table=compliance_configuration_requests; columns=id,20260719213000_compliance_configuration_request_engine.sql,canonical+applied,
foreign_key,public,compliance_configuration_requests_owner_id_fkey,compliance_configuration_requests.owner_id -> profiles.user_id,20260719213000_compliance_configuration_request_engine.sql,canonical+applied,
foreign_key,public,compliance_configuration_reque_publication_audit_reference_fkey,compliance_configuration_requests.publication_audit_reference -> audit_events.id,20260719213000_compliance_configuration_request_engine.sql,canonical+applied,
check,public,2200_21644_10_not_null,table=compliance_configuration_requests; columns=None,20260719213000_compliance_configuration_request_engine.sql,canonical+applied,
check,public,2200_21644_13_not_null,table=compliance_configuration_requests; columns=None,20260719213000_compliance_configuration_request_engine.sql,canonical+applied,
check,public,2200_21644_14_not_null,table=compliance_configuration_requests; columns=None,20260719213000_compliance_configuration_request_engine.sql,canonical+applied,
check,public,2200_21644_16_not_null,table=compliance_configuration_requests; columns=None,20260719213000_compliance_configuration_request_engine.sql,canonical+applied,
check,public,2200_21644_1_not_null,table=compliance_configuration_requests; columns=None,20260719213000_compliance_configuration_request_engine.sql,canonical+applied,
check,public,2200_21644_2_not_null,table=compliance_configuration_requests; columns=None,20260719213000_compliance_configuration_request_engine.sql,canonical+applied,
check,public,2200_21644_3_not_null,table=compliance_configuration_requests; columns=None,20260719213000_compliance_configuration_request_engine.sql,canonical+applied,
check,public,2200_21644_5_not_null,table=compliance_configuration_requests; columns=None,20260719213000_compliance_configuration_request_engine.sql,canonical+applied,
check,public,2200_21644_6_not_null,table=compliance_configuration_requests; columns=None,20260719213000_compliance_configuration_request_engine.sql,canonical+applied,
check,public,2200_21644_7_not_null,table=compliance_configuration_requests; columns=None,20260719213000_compliance_configuration_request_engine.sql,canonical+applied,
check,public,2200_21644_9_not_null,table=compliance_configuration_requests; columns=None,20260719213000_compliance_configuration_request_engine.sql,canonical+applied,
check,public,compliance_configuration_requests_current_revision_check,table=compliance_configuration_requests; columns=None,20260719213000_compliance_configuration_request_engine.sql,canonical+applied,
unique,public,compliance_configuration_requests_request_number_key,table=compliance_configuration_requests; columns=request_number,20260719213000_compliance_configuration_request_engine.sql,canonical+applied,
check,public,compliance_configuration_requests_request_type_check,table=compliance_configuration_requests; columns=None,20260719213000_compliance_configuration_request_engine.sql,canonical+applied,
check,public,compliance_configuration_requests_status_check,table=compliance_configuration_requests; columns=None,20260719213000_compliance_configuration_request_engine.sql,canonical+applied,
check,public,compliance_configuration_requests_title_check,table=compliance_configuration_requests; columns=None,20260719213000_compliance_configuration_request_engine.sql,canonical+applied,
index,public,compliance_configuration_requests_pkey,CREATE UNIQUE INDEX compliance_configuration_requests_pkey ON public.compliance_configuration_requests USING btree (id),20260719213000_compliance_configuration_request_engine.sql,canonical+applied,
index,public,compliance_configuration_requests_request_number_key,CREATE UNIQUE INDEX compliance_configuration_requests_request_number_key ON public.compliance_configuration_requests USING btree (request_number),20260719213000_compliance_configuration_request_engine.sql,canonical+applied,
index,public,ix_ccr_owner_status,"CREATE INDEX ix_ccr_owner_status ON public.compliance_configuration_requests USING btree (owner_id, status, created_at DESC)",20260719213000_compliance_configuration_request_engine.sql,canonical+applied,
index,public,ix_ccr_review_status,"CREATE INDEX ix_ccr_review_status ON public.compliance_configuration_requests USING btree (status, submitted_at)",20260719213000_compliance_configuration_request_engine.sql,canonical+applied,
trigger,public,trg_audit_compliance_configuration_requests,"table=compliance_configuration_requests; timing=AFTER; events=DELETE,INSERT,UPDATE; action=EXECUTE FUNCTION audit_row_change()",20260719213000_compliance_configuration_request_engine.sql,canonical+applied,
rls_enablement,public,compliance_configuration_requests__rls,rls_enabled=True; forced=False,20260719213000_compliance_configuration_request_engine.sql,canonical+applied,
rls_policy,public,compliance_configuration_requests.ccr_requests_read,cmd=SELECT; roles={authenticated}; permissive=PERMISSIVE,20260719213000_compliance_configuration_request_engine.sql,canonical+applied,
table,public,compliance_entity_heads,columns=5; pk_cols=2; fk_out=1; triggers=0; rls=enabled; policies=1,20260719213000_compliance_configuration_request_engine.sql,canonical+applied,
column,public,compliance_entity_heads.entity_kind,type=text; nullable=NO; default=None; ordinal=1,20260719213000_compliance_configuration_request_engine.sql,canonical+applied,
column,public,compliance_entity_heads.entity_id,type=uuid; nullable=NO; default=None; ordinal=2,20260719213000_compliance_configuration_request_engine.sql,canonical+applied,
column,public,compliance_entity_heads.current_version_id,type=uuid; nullable=NO; default=None; ordinal=3,20260719213000_compliance_configuration_request_engine.sql,canonical+applied,
column,public,compliance_entity_heads.target_legacy_id,type=uuid; nullable=YES; default=None; ordinal=4,20260719213000_compliance_configuration_request_engine.sql,canonical+applied,
column,public,compliance_entity_heads.activated_at,type=timestamp with time zone; nullable=NO; default=now(); ordinal=5,20260719213000_compliance_configuration_request_engine.sql,canonical+applied,
primary_key,public,compliance_entity_heads_pkey,"table=compliance_entity_heads; columns=entity_kind,entity_id",20260719213000_compliance_configuration_request_engine.sql,canonical+applied,
foreign_key,public,compliance_entity_heads_current_version_id_fkey,compliance_entity_heads.current_version_id -> compliance_entity_versions.id,20260719213000_compliance_configuration_request_engine.sql,canonical+applied,
check,public,2200_21814_1_not_null,table=compliance_entity_heads; columns=None,20260719213000_compliance_configuration_request_engine.sql,canonical+applied,
check,public,2200_21814_2_not_null,table=compliance_entity_heads; columns=None,20260719213000_compliance_configuration_request_engine.sql,canonical+applied,
check,public,2200_21814_3_not_null,table=compliance_entity_heads; columns=None,20260719213000_compliance_configuration_request_engine.sql,canonical+applied,
check,public,2200_21814_5_not_null,table=compliance_entity_heads; columns=None,20260719213000_compliance_configuration_request_engine.sql,canonical+applied,
unique,public,compliance_entity_heads_current_version_id_key,table=compliance_entity_heads; columns=current_version_id,20260719213000_compliance_configuration_request_engine.sql,canonical+applied,
check,public,compliance_entity_heads_entity_kind_check,table=compliance_entity_heads; columns=None,20260719213000_compliance_configuration_request_engine.sql,canonical+applied,
index,public,compliance_entity_heads_current_version_id_key,CREATE UNIQUE INDEX compliance_entity_heads_current_version_id_key ON public.compliance_entity_heads USING btree (current_version_id),20260719213000_compliance_configuration_request_engine.sql,canonical+applied,
index,public,compliance_entity_heads_pkey,"CREATE UNIQUE INDEX compliance_entity_heads_pkey ON public.compliance_entity_heads USING btree (entity_kind, entity_id)",20260719213000_compliance_configuration_request_engine.sql,canonical+applied,
rls_enablement,public,compliance_entity_heads__rls,rls_enabled=True; forced=False,20260719213000_compliance_configuration_request_engine.sql,canonical+applied,
rls_policy,public,compliance_entity_heads.ccr_heads_read,cmd=SELECT; roles={authenticated}; permissive=PERMISSIVE,20260719213000_compliance_configuration_request_engine.sql,canonical+applied,
table,public,compliance_entity_versions,columns=13; pk_cols=1; fk_out=7; triggers=2; rls=enabled; policies=1,20260719213000_compliance_configuration_request_engine.sql,canonical+applied,
column,public,compliance_entity_versions.id,type=uuid; nullable=NO; default=gen_random_uuid(); ordinal=1,20260719213000_compliance_configuration_request_engine.sql,canonical+applied,
column,public,compliance_entity_versions.entity_kind,type=text; nullable=NO; default=None; ordinal=2,20260719213000_compliance_configuration_request_engine.sql,canonical+applied,
column,public,compliance_entity_versions.entity_id,type=uuid; nullable=NO; default=None; ordinal=3,20260719213000_compliance_configuration_request_engine.sql,canonical+applied,
column,public,compliance_entity_versions.target_legacy_id,type=uuid; nullable=YES; default=None; ordinal=4,20260719213000_compliance_configuration_request_engine.sql,canonical+applied,
column,public,compliance_entity_versions.version_number,type=integer; nullable=NO; default=None; ordinal=5,20260719213000_compliance_configuration_request_engine.sql,canonical+applied,
column,public,compliance_entity_versions.value_snapshot,type=jsonb; nullable=NO; default=None; ordinal=6,20260719213000_compliance_configuration_request_engine.sql,canonical+applied,
column,public,compliance_entity_versions.dependency_versions,type=jsonb; nullable=NO; default='[]'::jsonb; ordinal=7,20260719213000_compliance_configuration_request_engine.sql,canonical+applied,
column,public,compliance_entity_versions.request_id,type=uuid; nullable=NO; default=None; ordinal=8,20260719213000_compliance_configuration_request_engine.sql,canonical+applied,
column,public,compliance_entity_versions.request_revision,type=integer; nullable=NO; default=None; ordinal=9,20260719213000_compliance_configuration_request_engine.sql,canonical+applied,
column,public,compliance_entity_versions.request_component_id,type=uuid; nullable=NO; default=None; ordinal=10,20260719213000_compliance_configuration_request_engine.sql,canonical+applied,
column,public,compliance_entity_versions.published_by,type=uuid; nullable=NO; default=None; ordinal=11,20260719213000_compliance_configuration_request_engine.sql,canonical+applied,
column,public,compliance_entity_versions.published_at,type=timestamp with time zone; nullable=NO; default=now(); ordinal=12,20260719213000_compliance_configuration_request_engine.sql,canonical+applied,
column,public,compliance_entity_versions.correlation_id,type=uuid; nullable=NO; default=None; ordinal=13,20260719213000_compliance_configuration_request_engine.sql,canonical+applied,
primary_key,public,compliance_entity_versions_pkey,table=compliance_entity_versions; columns=id,20260719213000_compliance_configuration_request_engine.sql,canonical+applied,
foreign_key,public,compliance_entity_versions_request_id_request_revision_fkey,compliance_entity_versions.request_revision -> compliance_request_revisions.request_id,20260719213000_compliance_configuration_request_engine.sql,canonical+applied,
foreign_key,public,compliance_entity_versions_request_id_request_revision_fkey,compliance_entity_versions.request_revision -> compliance_request_revisions.revision_number,20260719213000_compliance_configuration_request_engine.sql,canonical+applied,
foreign_key,public,compliance_entity_versions_request_id_request_revision_fkey,compliance_entity_versions.request_id -> compliance_request_revisions.request_id,20260719213000_compliance_configuration_request_engine.sql,canonical+applied,
foreign_key,public,compliance_entity_versions_request_component_id_fkey,compliance_entity_versions.request_component_id -> compliance_request_components.id,20260719213000_compliance_configuration_request_engine.sql,canonical+applied,
foreign_key,public,compliance_entity_versions_request_id_fkey,compliance_entity_versions.request_id -> compliance_configuration_requests.id,20260719213000_compliance_configuration_request_engine.sql,canonical+applied,
foreign_key,public,compliance_entity_versions_request_id_request_revision_fkey,compliance_entity_versions.request_id -> compliance_request_revisions.revision_number,20260719213000_compliance_configuration_request_engine.sql,canonical+applied,
foreign_key,public,compliance_entity_versions_published_by_fkey,compliance_entity_versions.published_by -> profiles.user_id,20260719213000_compliance_configuration_request_engine.sql,canonical+applied,
check,public,2200_21777_10_not_null,table=compliance_entity_versions; columns=None,20260719213000_compliance_configuration_request_engine.sql,canonical+applied,
check,public,2200_21777_11_not_null,table=compliance_entity_versions; columns=None,20260719213000_compliance_configuration_request_engine.sql,canonical+applied,
check,public,2200_21777_12_not_null,table=compliance_entity_versions; columns=None,20260719213000_compliance_configuration_request_engine.sql,canonical+applied,
check,public,2200_21777_13_not_null,table=compliance_entity_versions; columns=None,20260719213000_compliance_configuration_request_engine.sql,canonical+applied,
check,public,2200_21777_1_not_null,table=compliance_entity_versions; columns=None,20260719213000_compliance_configuration_request_engine.sql,canonical+applied,
check,public,2200_21777_2_not_null,table=compliance_entity_versions; columns=None,20260719213000_compliance_configuration_request_engine.sql,canonical+applied,
check,public,2200_21777_3_not_null,table=compliance_entity_versions; columns=None,20260719213000_compliance_configuration_request_engine.sql,canonical+applied,
check,public,2200_21777_5_not_null,table=compliance_entity_versions; columns=None,20260719213000_compliance_configuration_request_engine.sql,canonical+applied,
check,public,2200_21777_6_not_null,table=compliance_entity_versions; columns=None,20260719213000_compliance_configuration_request_engine.sql,canonical+applied,
check,public,2200_21777_7_not_null,table=compliance_entity_versions; columns=None,20260719213000_compliance_configuration_request_engine.sql,canonical+applied,
check,public,2200_21777_8_not_null,table=compliance_entity_versions; columns=None,20260719213000_compliance_configuration_request_engine.sql,canonical+applied,
check,public,2200_21777_9_not_null,table=compliance_entity_versions; columns=None,20260719213000_compliance_configuration_request_engine.sql,canonical+applied,
check,public,compliance_entity_versions_entity_kind_check,table=compliance_entity_versions; columns=None,20260719213000_compliance_configuration_request_engine.sql,canonical+applied,
unique,public,compliance_entity_versions_entity_kind_entity_id_version_nu_key,"table=compliance_entity_versions; columns=entity_kind,entity_id,version_number",20260719213000_compliance_configuration_request_engine.sql,canonical+applied,
unique,public,compliance_entity_versions_request_component_id_key,table=compliance_entity_versions; columns=request_component_id,20260719213000_compliance_configuration_request_engine.sql,canonical+applied,
check,public,compliance_entity_versions_value_snapshot_check,table=compliance_entity_versions; columns=None,20260719213000_compliance_configuration_request_engine.sql,canonical+applied,
check,public,compliance_entity_versions_version_number_check,table=compliance_entity_versions; columns=None,20260719213000_compliance_configuration_request_engine.sql,canonical+applied,
index,public,compliance_entity_versions_entity_kind_entity_id_version_nu_key,"CREATE UNIQUE INDEX compliance_entity_versions_entity_kind_entity_id_version_nu_key ON public.compliance_entity_versions USING btree (entity_kind, entity_id, version_number)",20260719213000_compliance_configuration_request_engine.sql,canonical+applied,
index,public,compliance_entity_versions_pkey,CREATE UNIQUE INDEX compliance_entity_versions_pkey ON public.compliance_entity_versions USING btree (id),20260719213000_compliance_configuration_request_engine.sql,canonical+applied,
index,public,compliance_entity_versions_request_component_id_key,CREATE UNIQUE INDEX compliance_entity_versions_request_component_id_key ON public.compliance_entity_versions USING btree (request_component_id),20260719213000_compliance_configuration_request_engine.sql,canonical+applied,
index,public,ix_compliance_versions_entity,"CREATE INDEX ix_compliance_versions_entity ON public.compliance_entity_versions USING btree (entity_kind, entity_id, version_number DESC)",20260719213000_compliance_configuration_request_engine.sql,canonical+applied,
trigger,public,trg_audit_compliance_entity_versions,"table=compliance_entity_versions; timing=AFTER; events=DELETE,INSERT,UPDATE; action=EXECUTE FUNCTION audit_row_change()",20260719213000_compliance_configuration_request_engine.sql,canonical+applied,
trigger,public,trg_ccr_versions_immutable,"table=compliance_entity_versions; timing=BEFORE; events=DELETE,UPDATE; action=EXECUTE FUNCTION ccr_block_immutable_rows()",20260719213000_compliance_configuration_request_engine.sql,canonical+applied,
rls_enablement,public,compliance_entity_versions__rls,rls_enabled=True; forced=False,20260719213000_compliance_configuration_request_engine.sql,canonical+applied,
rls_policy,public,compliance_entity_versions.ccr_versions_read,cmd=SELECT; roles={authenticated}; permissive=PERMISSIVE,20260719213000_compliance_configuration_request_engine.sql,canonical+applied,
table,public,compliance_lookup_types,columns=6; pk_cols=1; fk_out=0; triggers=0; rls=enabled; policies=1,unknown (no CREATE TABLE match in supabase/migrations/*.sql — verify manually),canonical+applied,
column,public,compliance_lookup_types.lookup_type_key,type=text; nullable=NO; default=None; ordinal=1,unknown (no CREATE TABLE match in supabase/migrations/*.sql — verify manually),canonical+applied,
column,public,compliance_lookup_types.label_en,type=text; nullable=NO; default=None; ordinal=2,unknown (no CREATE TABLE match in supabase/migrations/*.sql — verify manually),canonical+applied,
column,public,compliance_lookup_types.label_ar,type=text; nullable=YES; default=None; ordinal=3,unknown (no CREATE TABLE match in supabase/migrations/*.sql — verify manually),canonical+applied,
column,public,compliance_lookup_types.requires_effective_dates,type=boolean; nullable=NO; default=false; ordinal=4,unknown (no CREATE TABLE match in supabase/migrations/*.sql — verify manually),canonical+applied,
column,public,compliance_lookup_types.display_order,type=integer; nullable=NO; default=0; ordinal=5,unknown (no CREATE TABLE match in supabase/migrations/*.sql — verify manually),canonical+applied,
column,public,compliance_lookup_types.active,type=boolean; nullable=NO; default=true; ordinal=6,unknown (no CREATE TABLE match in supabase/migrations/*.sql — verify manually),canonical+applied,
primary_key,public,compliance_lookup_types_pkey,table=compliance_lookup_types; columns=lookup_type_key,unknown (no CREATE TABLE match in supabase/migrations/*.sql — verify manually),canonical+applied,
check,public,2200_22034_1_not_null,table=compliance_lookup_types; columns=None,unknown (no CREATE TABLE match in supabase/migrations/*.sql — verify manually),canonical+applied,
check,public,2200_22034_2_not_null,table=compliance_lookup_types; columns=None,unknown (no CREATE TABLE match in supabase/migrations/*.sql — verify manually),canonical+applied,
check,public,2200_22034_4_not_null,table=compliance_lookup_types; columns=None,unknown (no CREATE TABLE match in supabase/migrations/*.sql — verify manually),canonical+applied,
check,public,2200_22034_5_not_null,table=compliance_lookup_types; columns=None,unknown (no CREATE TABLE match in supabase/migrations/*.sql — verify manually),canonical+applied,
check,public,2200_22034_6_not_null,table=compliance_lookup_types; columns=None,unknown (no CREATE TABLE match in supabase/migrations/*.sql — verify manually),canonical+applied,
index,public,compliance_lookup_types_pkey,CREATE UNIQUE INDEX compliance_lookup_types_pkey ON public.compliance_lookup_types USING btree (lookup_type_key),unknown (no CREATE TABLE match in supabase/migrations/*.sql — verify manually),canonical+applied,
rls_enablement,public,compliance_lookup_types__rls,rls_enabled=True; forced=False,unknown (no CREATE TABLE match in supabase/migrations/*.sql — verify manually),canonical+applied,
rls_policy,public,compliance_lookup_types.compliance_lookup_types_read,cmd=SELECT; roles={authenticated}; permissive=PERMISSIVE,unknown (no CREATE TABLE match in supabase/migrations/*.sql — verify manually),canonical+applied,
table,public,compliance_lookup_values,columns=16; pk_cols=1; fk_out=4; triggers=3; rls=enabled; policies=1,unknown (no CREATE TABLE match in supabase/migrations/*.sql — verify manually),canonical+applied,
column,public,compliance_lookup_values.id,type=uuid; nullable=NO; default=gen_random_uuid(); ordinal=1,unknown (no CREATE TABLE match in supabase/migrations/*.sql — verify manually),canonical+applied,
column,public,compliance_lookup_values.lookup_type_key,type=text; nullable=NO; default=None; ordinal=2,unknown (no CREATE TABLE match in supabase/migrations/*.sql — verify manually),canonical+applied,
column,public,compliance_lookup_values.code,type=text; nullable=NO; default=None; ordinal=3,unknown (no CREATE TABLE match in supabase/migrations/*.sql — verify manually),canonical+applied,
column,public,compliance_lookup_values.label_en,type=text; nullable=NO; default=None; ordinal=4,unknown (no CREATE TABLE match in supabase/migrations/*.sql — verify manually),canonical+applied,
column,public,compliance_lookup_values.label_ar,type=text; nullable=YES; default=None; ordinal=5,unknown (no CREATE TABLE match in supabase/migrations/*.sql — verify manually),canonical+applied,
column,public,compliance_lookup_values.active,type=boolean; nullable=NO; default=true; ordinal=6,unknown (no CREATE TABLE match in supabase/migrations/*.sql — verify manually),canonical+applied,
column,public,compliance_lookup_values.effective_from,type=date; nullable=YES; default=None; ordinal=7,unknown (no CREATE TABLE match in supabase/migrations/*.sql — verify manually),canonical+applied,
column,public,compliance_lookup_values.effective_to,type=date; nullable=YES; default=None; ordinal=8,unknown (no CREATE TABLE match in supabase/migrations/*.sql — verify manually),canonical+applied,
column,public,compliance_lookup_values.display_order,type=integer; nullable=NO; default=0; ordinal=9,unknown (no CREATE TABLE match in supabase/migrations/*.sql — verify manually),canonical+applied,
column,public,compliance_lookup_values.version_number,type=integer; nullable=NO; default=1; ordinal=10,unknown (no CREATE TABLE match in supabase/migrations/*.sql — verify manually),canonical+applied,
column,public,compliance_lookup_values.supersedes_id,type=uuid; nullable=YES; default=None; ordinal=11,unknown (no CREATE TABLE match in supabase/migrations/*.sql — verify manually),canonical+applied,
column,public,compliance_lookup_values.deactivation_reason,type=text; nullable=YES; default=None; ordinal=12,unknown (no CREATE TABLE match in supabase/migrations/*.sql — verify manually),canonical+applied,
column,public,compliance_lookup_values.created_by,type=uuid; nullable=NO; default=None; ordinal=13,unknown (no CREATE TABLE match in supabase/migrations/*.sql — verify manually),canonical+applied,
column,public,compliance_lookup_values.created_at,type=timestamp with time zone; nullable=NO; default=now(); ordinal=14,unknown (no CREATE TABLE match in supabase/migrations/*.sql — verify manually),canonical+applied,
column,public,compliance_lookup_values.deactivated_by,type=uuid; nullable=YES; default=None; ordinal=15,unknown (no CREATE TABLE match in supabase/migrations/*.sql — verify manually),canonical+applied,
column,public,compliance_lookup_values.deactivated_at,type=timestamp with time zone; nullable=YES; default=None; ordinal=16,unknown (no CREATE TABLE match in supabase/migrations/*.sql — verify manually),canonical+applied,
primary_key,public,compliance_lookup_values_pkey,table=compliance_lookup_values; columns=id,unknown (no CREATE TABLE match in supabase/migrations/*.sql — verify manually),canonical+applied,
foreign_key,public,compliance_lookup_values_supersedes_id_fkey,compliance_lookup_values.supersedes_id -> compliance_lookup_values.id,unknown (no CREATE TABLE match in supabase/migrations/*.sql — verify manually),canonical+applied,
foreign_key,public,compliance_lookup_values_lookup_type_key_fkey,compliance_lookup_values.lookup_type_key -> compliance_lookup_types.lookup_type_key,unknown (no CREATE TABLE match in supabase/migrations/*.sql — verify manually),canonical+applied,
foreign_key,public,compliance_lookup_values_deactivated_by_fkey,compliance_lookup_values.deactivated_by -> profiles.user_id,unknown (no CREATE TABLE match in supabase/migrations/*.sql — verify manually),canonical+applied,
foreign_key,public,compliance_lookup_values_created_by_fkey,compliance_lookup_values.created_by -> profiles.user_id,unknown (no CREATE TABLE match in supabase/migrations/*.sql — verify manually),canonical+applied,
check,public,2200_22044_10_not_null,table=compliance_lookup_values; columns=None,unknown (no CREATE TABLE match in supabase/migrations/*.sql — verify manually),canonical+applied,
check,public,2200_22044_13_not_null,table=compliance_lookup_values; columns=None,unknown (no CREATE TABLE match in supabase/migrations/*.sql — verify manually),canonical+applied,
check,public,2200_22044_14_not_null,table=compliance_lookup_values; columns=None,unknown (no CREATE TABLE match in supabase/migrations/*.sql — verify manually),canonical+applied,
check,public,2200_22044_1_not_null,table=compliance_lookup_values; columns=None,unknown (no CREATE TABLE match in supabase/migrations/*.sql — verify manually),canonical+applied,
check,public,2200_22044_2_not_null,table=compliance_lookup_values; columns=None,unknown (no CREATE TABLE match in supabase/migrations/*.sql — verify manually),canonical+applied,
check,public,2200_22044_3_not_null,table=compliance_lookup_values; columns=None,unknown (no CREATE TABLE match in supabase/migrations/*.sql — verify manually),canonical+applied,
check,public,2200_22044_4_not_null,table=compliance_lookup_values; columns=None,unknown (no CREATE TABLE match in supabase/migrations/*.sql — verify manually),canonical+applied,
check,public,2200_22044_6_not_null,table=compliance_lookup_values; columns=None,unknown (no CREATE TABLE match in supabase/migrations/*.sql — verify manually),canonical+applied,
check,public,2200_22044_9_not_null,table=compliance_lookup_values; columns=None,unknown (no CREATE TABLE match in supabase/migrations/*.sql — verify manually),canonical+applied,
check,public,compliance_lookup_values_check,table=compliance_lookup_values; columns=None,unknown (no CREATE TABLE match in supabase/migrations/*.sql — verify manually),canonical+applied,
check,public,compliance_lookup_values_check1,table=compliance_lookup_values; columns=None,unknown (no CREATE TABLE match in supabase/migrations/*.sql — verify manually),canonical+applied,
check,public,compliance_lookup_values_code_check,table=compliance_lookup_values; columns=None,unknown (no CREATE TABLE match in supabase/migrations/*.sql — verify manually),canonical+applied,
check,public,compliance_lookup_values_label_en_check,table=compliance_lookup_values; columns=None,unknown (no CREATE TABLE match in supabase/migrations/*.sql — verify manually),canonical+applied,
unique,public,compliance_lookup_values_lookup_type_key_code_version_numbe_key,"table=compliance_lookup_values; columns=lookup_type_key,code,version_number",unknown (no CREATE TABLE match in supabase/migrations/*.sql — verify manually),canonical+applied,
check,public,compliance_lookup_values_version_number_check,table=compliance_lookup_values; columns=None,unknown (no CREATE TABLE match in supabase/migrations/*.sql — verify manually),canonical+applied,
index,public,compliance_lookup_values_lookup_type_key_code_version_numbe_key,"CREATE UNIQUE INDEX compliance_lookup_values_lookup_type_key_code_version_numbe_key ON public.compliance_lookup_values USING btree (lookup_type_key, code, version_number)",unknown (no CREATE TABLE match in supabase/migrations/*.sql — verify manually),canonical+applied,
index,public,compliance_lookup_values_pkey,CREATE UNIQUE INDEX compliance_lookup_values_pkey ON public.compliance_lookup_values USING btree (id),unknown (no CREATE TABLE match in supabase/migrations/*.sql — verify manually),canonical+applied,
index,public,ix_compliance_lookup_values_type,"CREATE INDEX ix_compliance_lookup_values_type ON public.compliance_lookup_values USING btree (lookup_type_key, display_order, code)",unknown (no CREATE TABLE match in supabase/migrations/*.sql — verify manually),canonical+applied,
index,public,uq_compliance_lookup_active_code,"CREATE UNIQUE INDEX uq_compliance_lookup_active_code ON public.compliance_lookup_values USING btree (lookup_type_key, code) WHERE active",unknown (no CREATE TABLE match in supabase/migrations/*.sql — verify manually),canonical+applied,
trigger,public,trg_audit_compliance_lookup_values,"table=compliance_lookup_values; timing=AFTER; events=DELETE,INSERT,UPDATE; action=EXECUTE FUNCTION audit_row_change()",unknown (no CREATE TABLE match in supabase/migrations/*.sql — verify manually),canonical+applied,
trigger,public,trg_compliance_lookup_value_guard,"table=compliance_lookup_values; timing=BEFORE; events=DELETE,UPDATE; action=EXECUTE FUNCTION guard_compliance_lookup_value()",unknown (no CREATE TABLE match in supabase/migrations/*.sql — verify manually),canonical+applied,
trigger,public,trg_guard_compliance_lookup_value,"table=compliance_lookup_values; timing=BEFORE; events=DELETE,UPDATE; action=EXECUTE FUNCTION guard_compliance_lookup_value()",unknown (no CREATE TABLE match in supabase/migrations/*.sql — verify manually),canonical+applied,
rls_enablement,public,compliance_lookup_values__rls,rls_enabled=True; forced=False,unknown (no CREATE TABLE match in supabase/migrations/*.sql — verify manually),canonical+applied,
rls_policy,public,compliance_lookup_values.compliance_lookup_values_read,cmd=SELECT; roles={authenticated}; permissive=PERMISSIVE,unknown (no CREATE TABLE match in supabase/migrations/*.sql — verify manually),canonical+applied,
table,public,compliance_request_component_dependencies,columns=6; pk_cols=1; fk_out=18; triggers=2; rls=enabled; policies=1,20260719213000_compliance_configuration_request_engine.sql,canonical+applied,
column,public,compliance_request_component_dependencies.id,type=uuid; nullable=NO; default=gen_random_uuid(); ordinal=1,20260719213000_compliance_configuration_request_engine.sql,canonical+applied,
column,public,compliance_request_component_dependencies.request_id,type=uuid; nullable=NO; default=None; ordinal=2,20260719213000_compliance_configuration_request_engine.sql,canonical+applied,
column,public,compliance_request_component_dependencies.revision_number,type=integer; nullable=NO; default=None; ordinal=3,20260719213000_compliance_configuration_request_engine.sql,canonical+applied,
column,public,compliance_request_component_dependencies.parent_component_id,type=uuid; nullable=NO; default=None; ordinal=4,20260719213000_compliance_configuration_request_engine.sql,canonical+applied,
column,public,compliance_request_component_dependencies.child_component_id,type=uuid; nullable=NO; default=None; ordinal=5,20260719213000_compliance_configuration_request_engine.sql,canonical+applied,
column,public,compliance_request_component_dependencies.created_at,type=timestamp with time zone; nullable=NO; default=now(); ordinal=6,20260719213000_compliance_configuration_request_engine.sql,canonical+applied,
primary_key,public,compliance_request_component_dependencies_pkey,table=compliance_request_component_dependencies; columns=id,20260719213000_compliance_configuration_request_engine.sql,canonical+applied,
foreign_key,public,compliance_request_component__parent_component_id_request__fkey,compliance_request_component_dependencies.revision_number -> compliance_request_components.revision_number,20260719213000_compliance_configuration_request_engine.sql,canonical+applied,
foreign_key,public,compliance_request_component__child_component_id_request_i_fkey,compliance_request_component_dependencies.revision_number -> compliance_request_components.revision_number,20260719213000_compliance_configuration_request_engine.sql,canonical+applied,
foreign_key,public,compliance_request_component__child_component_id_request_i_fkey,compliance_request_component_dependencies.revision_number -> compliance_request_components.request_id,20260719213000_compliance_configuration_request_engine.sql,canonical+applied,
foreign_key,public,compliance_request_component__child_component_id_request_i_fkey,compliance_request_component_dependencies.revision_number -> compliance_request_components.id,20260719213000_compliance_configuration_request_engine.sql,canonical+applied,
foreign_key,public,compliance_request_component__child_component_id_request_i_fkey,compliance_request_component_dependencies.request_id -> compliance_request_components.revision_number,20260719213000_compliance_configuration_request_engine.sql,canonical+applied,
foreign_key,public,compliance_request_component__child_component_id_request_i_fkey,compliance_request_component_dependencies.request_id -> compliance_request_components.request_id,20260719213000_compliance_configuration_request_engine.sql,canonical+applied,
foreign_key,public,compliance_request_component__child_component_id_request_i_fkey,compliance_request_component_dependencies.request_id -> compliance_request_components.id,20260719213000_compliance_configuration_request_engine.sql,canonical+applied,
foreign_key,public,compliance_request_component__child_component_id_request_i_fkey,compliance_request_component_dependencies.child_component_id -> compliance_request_components.revision_number,20260719213000_compliance_configuration_request_engine.sql,canonical+applied,
foreign_key,public,compliance_request_component__child_component_id_request_i_fkey,compliance_request_component_dependencies.child_component_id -> compliance_request_components.request_id,20260719213000_compliance_configuration_request_engine.sql,canonical+applied,
foreign_key,public,compliance_request_component__child_component_id_request_i_fkey,compliance_request_component_dependencies.child_component_id -> compliance_request_components.id,20260719213000_compliance_configuration_request_engine.sql,canonical+applied,
foreign_key,public,compliance_request_component__parent_component_id_request__fkey,compliance_request_component_dependencies.revision_number -> compliance_request_components.request_id,20260719213000_compliance_configuration_request_engine.sql,canonical+applied,
foreign_key,public,compliance_request_component__parent_component_id_request__fkey,compliance_request_component_dependencies.revision_number -> compliance_request_components.id,20260719213000_compliance_configuration_request_engine.sql,canonical+applied,
foreign_key,public,compliance_request_component__parent_component_id_request__fkey,compliance_request_component_dependencies.request_id -> compliance_request_components.revision_number,20260719213000_compliance_configuration_request_engine.sql,canonical+applied,
foreign_key,public,compliance_request_component__parent_component_id_request__fkey,compliance_request_component_dependencies.request_id -> compliance_request_components.request_id,20260719213000_compliance_configuration_request_engine.sql,canonical+applied,
foreign_key,public,compliance_request_component__parent_component_id_request__fkey,compliance_request_component_dependencies.request_id -> compliance_request_components.id,20260719213000_compliance_configuration_request_engine.sql,canonical+applied,
foreign_key,public,compliance_request_component__parent_component_id_request__fkey,compliance_request_component_dependencies.parent_component_id -> compliance_request_components.revision_number,20260719213000_compliance_configuration_request_engine.sql,canonical+applied,
foreign_key,public,compliance_request_component__parent_component_id_request__fkey,compliance_request_component_dependencies.parent_component_id -> compliance_request_components.request_id,20260719213000_compliance_configuration_request_engine.sql,canonical+applied,
foreign_key,public,compliance_request_component__parent_component_id_request__fkey,compliance_request_component_dependencies.parent_component_id -> compliance_request_components.id,20260719213000_compliance_configuration_request_engine.sql,canonical+applied,
check,public,2200_21726_1_not_null,table=compliance_request_component_dependencies; columns=None,20260719213000_compliance_configuration_request_engine.sql,canonical+applied,
check,public,2200_21726_2_not_null,table=compliance_request_component_dependencies; columns=None,20260719213000_compliance_configuration_request_engine.sql,canonical+applied,
check,public,2200_21726_3_not_null,table=compliance_request_component_dependencies; columns=None,20260719213000_compliance_configuration_request_engine.sql,canonical+applied,
check,public,2200_21726_4_not_null,table=compliance_request_component_dependencies; columns=None,20260719213000_compliance_configuration_request_engine.sql,canonical+applied,
check,public,2200_21726_5_not_null,table=compliance_request_component_dependencies; columns=None,20260719213000_compliance_configuration_request_engine.sql,canonical+applied,
check,public,2200_21726_6_not_null,table=compliance_request_component_dependencies; columns=None,20260719213000_compliance_configuration_request_engine.sql,canonical+applied,
unique,public,compliance_request_component__request_id_revision_number_pa_key,"table=compliance_request_component_dependencies; columns=request_id,revision_number,parent_component_id,child_component_id",20260719213000_compliance_configuration_request_engine.sql,canonical+applied,
check,public,compliance_request_component_dependencies_check,table=compliance_request_component_dependencies; columns=None,20260719213000_compliance_configuration_request_engine.sql,canonical+applied,
index,public,compliance_request_component__request_id_revision_number_pa_key,"CREATE UNIQUE INDEX compliance_request_component__request_id_revision_number_pa_key ON public.compliance_request_component_dependencies USING btree (request_id, revision_number, parent_component_id, c",20260719213000_compliance_configuration_request_engine.sql,canonical+applied,
index,public,compliance_request_component_dependencies_pkey,CREATE UNIQUE INDEX compliance_request_component_dependencies_pkey ON public.compliance_request_component_dependencies USING btree (id),20260719213000_compliance_configuration_request_engine.sql,canonical+applied,
index,public,ix_ccr_dependencies_child,CREATE INDEX ix_ccr_dependencies_child ON public.compliance_request_component_dependencies USING btree (child_component_id),20260719213000_compliance_configuration_request_engine.sql,canonical+applied,
trigger,public,trg_audit_compliance_request_component_dependencies,"table=compliance_request_component_dependencies; timing=AFTER; events=DELETE,INSERT,UPDATE; action=EXECUTE FUNCTION audit_row_change()",20260719213000_compliance_configuration_request_engine.sql,canonical+applied,
trigger,public,trg_ccr_dependency_guard,"table=compliance_request_component_dependencies; timing=BEFORE; events=DELETE,UPDATE; action=EXECUTE FUNCTION ccr_guard_dependency()",20260719213000_compliance_configuration_request_engine.sql,canonical+applied,
rls_enablement,public,compliance_request_component_dependencies__rls,rls_enabled=True; forced=False,20260719213000_compliance_configuration_request_engine.sql,canonical+applied,
rls_policy,public,compliance_request_component_dependencies.ccr_dependencies_read,cmd=SELECT; roles={authenticated}; permissive=PERMISSIVE,20260719213000_compliance_configuration_request_engine.sql,canonical+applied,
table,public,compliance_request_components,columns=14; pk_cols=1; fk_out=6; triggers=2; rls=enabled; policies=1,20260719213000_compliance_configuration_request_engine.sql,canonical+applied,
column,public,compliance_request_components.id,type=uuid; nullable=NO; default=gen_random_uuid(); ordinal=1,20260719213000_compliance_configuration_request_engine.sql,canonical+applied,
column,public,compliance_request_components.request_id,type=uuid; nullable=NO; default=None; ordinal=2,20260719213000_compliance_configuration_request_engine.sql,canonical+applied,
column,public,compliance_request_components.revision_number,type=integer; nullable=NO; default=None; ordinal=3,20260719213000_compliance_configuration_request_engine.sql,canonical+applied,
column,public,compliance_request_components.entity_kind,type=text; nullable=NO; default=None; ordinal=4,20260719213000_compliance_configuration_request_engine.sql,canonical+applied,
column,public,compliance_request_components.target_entity_id,type=uuid; nullable=YES; default=None; ordinal=5,20260719213000_compliance_configuration_request_engine.sql,canonical+applied,
column,public,compliance_request_components.component_status,type=text; nullable=NO; default='draft'::text; ordinal=6,20260719213000_compliance_configuration_request_engine.sql,canonical+applied,
column,public,compliance_request_components.current_value_snapshot,type=jsonb; nullable=YES; default=None; ordinal=7,20260719213000_compliance_configuration_request_engine.sql,canonical+applied,
column,public,compliance_request_components.proposed_value_snapshot,type=jsonb; nullable=NO; default=None; ordinal=8,20260719213000_compliance_configuration_request_engine.sql,canonical+applied,
column,public,compliance_request_components.component_comments,type=text; nullable=YES; default=None; ordinal=9,20260719213000_compliance_configuration_request_engine.sql,canonical+applied,
column,public,compliance_request_components.decision_comments,type=text; nullable=YES; default=None; ordinal=10,20260719213000_compliance_configuration_request_engine.sql,canonical+applied,
column,public,compliance_request_components.decided_by,type=uuid; nullable=YES; default=None; ordinal=11,20260719213000_compliance_configuration_request_engine.sql,canonical+applied,
column,public,compliance_request_components.decided_at,type=timestamp with time zone; nullable=YES; default=None; ordinal=12,20260719213000_compliance_configuration_request_engine.sql,canonical+applied,
column,public,compliance_request_components.created_by,type=uuid; nullable=NO; default=None; ordinal=13,20260719213000_compliance_configuration_request_engine.sql,canonical+applied,
column,public,compliance_request_components.created_at,type=timestamp with time zone; nullable=NO; default=now(); ordinal=14,20260719213000_compliance_configuration_request_engine.sql,canonical+applied,
primary_key,public,compliance_request_components_pkey,table=compliance_request_components; columns=id,20260719213000_compliance_configuration_request_engine.sql,canonical+applied,
foreign_key,public,compliance_request_components_created_by_fkey,compliance_request_components.created_by -> profiles.user_id,20260719213000_compliance_configuration_request_engine.sql,canonical+applied,
foreign_key,public,compliance_request_components_decided_by_fkey,compliance_request_components.decided_by -> profiles.user_id,20260719213000_compliance_configuration_request_engine.sql,canonical+applied,
foreign_key,public,compliance_request_components_request_id_revision_number_fkey,compliance_request_components.revision_number -> compliance_request_revisions.revision_number,20260719213000_compliance_configuration_request_engine.sql,canonical+applied,
foreign_key,public,compliance_request_components_request_id_revision_number_fkey,compliance_request_components.revision_number -> compliance_request_revisions.request_id,20260719213000_compliance_configuration_request_engine.sql,canonical+applied,
foreign_key,public,compliance_request_components_request_id_revision_number_fkey,compliance_request_components.request_id -> compliance_request_revisions.revision_number,20260719213000_compliance_configuration_request_engine.sql,canonical+applied,
foreign_key,public,compliance_request_components_request_id_revision_number_fkey,compliance_request_components.request_id -> compliance_request_revisions.request_id,20260719213000_compliance_configuration_request_engine.sql,canonical+applied,
check,public,2200_21696_13_not_null,table=compliance_request_components; columns=None,20260719213000_compliance_configuration_request_engine.sql,canonical+applied,
check,public,2200_21696_14_not_null,table=compliance_request_components; columns=None,20260719213000_compliance_configuration_request_engine.sql,canonical+applied,
check,public,2200_21696_1_not_null,table=compliance_request_components; columns=None,20260719213000_compliance_configuration_request_engine.sql,canonical+applied,
check,public,2200_21696_2_not_null,table=compliance_request_components; columns=None,20260719213000_compliance_configuration_request_engine.sql,canonical+applied,
check,public,2200_21696_3_not_null,table=compliance_request_components; columns=None,20260719213000_compliance_configuration_request_engine.sql,canonical+applied,
check,public,2200_21696_4_not_null,table=compliance_request_components; columns=None,20260719213000_compliance_configuration_request_engine.sql,canonical+applied,
check,public,2200_21696_6_not_null,table=compliance_request_components; columns=None,20260719213000_compliance_configuration_request_engine.sql,canonical+applied,
check,public,2200_21696_8_not_null,table=compliance_request_components; columns=None,20260719213000_compliance_configuration_request_engine.sql,canonical+applied,
check,public,compliance_request_components_component_status_check,table=compliance_request_components; columns=None,20260719213000_compliance_configuration_request_engine.sql,canonical+applied,
check,public,compliance_request_components_entity_kind_check,table=compliance_request_components; columns=None,20260719213000_compliance_configuration_request_engine.sql,canonical+applied,
unique,public,compliance_request_components_id_request_id_revision_number_key,"table=compliance_request_components; columns=id,request_id,revision_number",20260719213000_compliance_configuration_request_engine.sql,canonical+applied,
check,public,compliance_request_components_proposed_value_snapshot_check,table=compliance_request_components; columns=None,20260719213000_compliance_configuration_request_engine.sql,canonical+applied,
index,public,compliance_request_components_id_request_id_revision_number_key,"CREATE UNIQUE INDEX compliance_request_components_id_request_id_revision_number_key ON public.compliance_request_components USING btree (id, request_id, revision_number)",20260719213000_compliance_configuration_request_engine.sql,canonical+applied,
index,public,compliance_request_components_pkey,CREATE UNIQUE INDEX compliance_request_components_pkey ON public.compliance_request_components USING btree (id),20260719213000_compliance_configuration_request_engine.sql,canonical+applied,
index,public,ix_ccr_components_revision,"CREATE INDEX ix_ccr_components_revision ON public.compliance_request_components USING btree (request_id, revision_number, component_status)",20260719213000_compliance_configuration_request_engine.sql,canonical+applied,
trigger,public,trg_audit_compliance_request_components,"table=compliance_request_components; timing=AFTER; events=DELETE,INSERT,UPDATE; action=EXECUTE FUNCTION audit_row_change()",20260719213000_compliance_configuration_request_engine.sql,canonical+applied,
trigger,public,trg_ccr_component_guard,"table=compliance_request_components; timing=BEFORE; events=DELETE,UPDATE; action=EXECUTE FUNCTION ccr_guard_component()",20260719213000_compliance_configuration_request_engine.sql,canonical+applied,
rls_enablement,public,compliance_request_components__rls,rls_enabled=True; forced=False,20260719213000_compliance_configuration_request_engine.sql,canonical+applied,
rls_policy,public,compliance_request_components.ccr_components_read,cmd=SELECT; roles={authenticated}; permissive=PERMISSIVE,20260719213000_compliance_configuration_request_engine.sql,canonical+applied,
table,public,compliance_request_decisions,columns=9; pk_cols=1; fk_out=7; triggers=2; rls=enabled; policies=1,20260719213000_compliance_configuration_request_engine.sql,canonical+applied,
column,public,compliance_request_decisions.id,type=uuid; nullable=NO; default=gen_random_uuid(); ordinal=1,20260719213000_compliance_configuration_request_engine.sql,canonical+applied,
column,public,compliance_request_decisions.request_id,type=uuid; nullable=NO; default=None; ordinal=2,20260719213000_compliance_configuration_request_engine.sql,canonical+applied,
column,public,compliance_request_decisions.revision_number,type=integer; nullable=NO; default=None; ordinal=3,20260719213000_compliance_configuration_request_engine.sql,canonical+applied,
column,public,compliance_request_decisions.component_id,type=uuid; nullable=YES; default=None; ordinal=4,20260719213000_compliance_configuration_request_engine.sql,canonical+applied,
column,public,compliance_request_decisions.decision,type=text; nullable=NO; default=None; ordinal=5,20260719213000_compliance_configuration_request_engine.sql,canonical+applied,
column,public,compliance_request_decisions.comments,type=text; nullable=YES; default=None; ordinal=6,20260719213000_compliance_configuration_request_engine.sql,canonical+applied,
column,public,compliance_request_decisions.decided_by,type=uuid; nullable=NO; default=None; ordinal=7,20260719213000_compliance_configuration_request_engine.sql,canonical+applied,
column,public,compliance_request_decisions.decided_at,type=timestamp with time zone; nullable=NO; default=now(); ordinal=8,20260719213000_compliance_configuration_request_engine.sql,canonical+applied,
column,public,compliance_request_decisions.correlation_id,type=uuid; nullable=NO; default=None; ordinal=9,20260719213000_compliance_configuration_request_engine.sql,canonical+applied,
primary_key,public,compliance_request_decisions_pkey,table=compliance_request_decisions; columns=id,20260719213000_compliance_configuration_request_engine.sql,canonical+applied,
foreign_key,public,compliance_request_decisions_component_id_fkey,compliance_request_decisions.component_id -> compliance_request_components.id,20260719213000_compliance_configuration_request_engine.sql,canonical+applied,
foreign_key,public,compliance_request_decisions_request_id_revision_number_fkey,compliance_request_decisions.revision_number -> compliance_request_revisions.revision_number,20260719213000_compliance_configuration_request_engine.sql,canonical+applied,
foreign_key,public,compliance_request_decisions_request_id_revision_number_fkey,compliance_request_decisions.revision_number -> compliance_request_revisions.request_id,20260719213000_compliance_configuration_request_engine.sql,canonical+applied,
foreign_key,public,compliance_request_decisions_decided_by_fkey,compliance_request_decisions.decided_by -> profiles.user_id,20260719213000_compliance_configuration_request_engine.sql,canonical+applied,
foreign_key,public,compliance_request_decisions_request_id_revision_number_fkey,compliance_request_decisions.request_id -> compliance_request_revisions.request_id,20260719213000_compliance_configuration_request_engine.sql,canonical+applied,
foreign_key,public,compliance_request_decisions_request_id_revision_number_fkey,compliance_request_decisions.request_id -> compliance_request_revisions.revision_number,20260719213000_compliance_configuration_request_engine.sql,canonical+applied,
foreign_key,public,compliance_request_decisions_request_id_fkey,compliance_request_decisions.request_id -> compliance_configuration_requests.id,20260719213000_compliance_configuration_request_engine.sql,canonical+applied,
check,public,2200_21746_1_not_null,table=compliance_request_decisions; columns=None,20260719213000_compliance_configuration_request_engine.sql,canonical+applied,
check,public,2200_21746_2_not_null,table=compliance_request_decisions; columns=None,20260719213000_compliance_configuration_request_engine.sql,canonical+applied,
check,public,2200_21746_3_not_null,table=compliance_request_decisions; columns=None,20260719213000_compliance_configuration_request_engine.sql,canonical+applied,
check,public,2200_21746_5_not_null,table=compliance_request_decisions; columns=None,20260719213000_compliance_configuration_request_engine.sql,canonical+applied,
check,public,2200_21746_7_not_null,table=compliance_request_decisions; columns=None,20260719213000_compliance_configuration_request_engine.sql,canonical+applied,
check,public,2200_21746_8_not_null,table=compliance_request_decisions; columns=None,20260719213000_compliance_configuration_request_engine.sql,canonical+applied,
check,public,2200_21746_9_not_null,table=compliance_request_decisions; columns=None,20260719213000_compliance_configuration_request_engine.sql,canonical+applied,
check,public,compliance_request_decisions_check,table=compliance_request_decisions; columns=None,20260719213000_compliance_configuration_request_engine.sql,canonical+applied,
check,public,compliance_request_decisions_decision_check,table=compliance_request_decisions; columns=None,20260719213000_compliance_configuration_request_engine.sql,canonical+applied,
index,public,compliance_request_decisions_pkey,CREATE UNIQUE INDEX compliance_request_decisions_pkey ON public.compliance_request_decisions USING btree (id),20260719213000_compliance_configuration_request_engine.sql,canonical+applied,
index,public,ix_ccr_decisions_request,"CREATE INDEX ix_ccr_decisions_request ON public.compliance_request_decisions USING btree (request_id, revision_number, decided_at)",20260719213000_compliance_configuration_request_engine.sql,canonical+applied,
trigger,public,trg_audit_compliance_request_decisions,"table=compliance_request_decisions; timing=AFTER; events=DELETE,INSERT,UPDATE; action=EXECUTE FUNCTION audit_row_change()",20260719213000_compliance_configuration_request_engine.sql,canonical+applied,
trigger,public,trg_ccr_decisions_immutable,"table=compliance_request_decisions; timing=BEFORE; events=DELETE,UPDATE; action=EXECUTE FUNCTION ccr_block_immutable_rows()",20260719213000_compliance_configuration_request_engine.sql,canonical+applied,
rls_enablement,public,compliance_request_decisions__rls,rls_enabled=True; forced=False,20260719213000_compliance_configuration_request_engine.sql,canonical+applied,
rls_policy,public,compliance_request_decisions.ccr_decisions_read,cmd=SELECT; roles={authenticated}; permissive=PERMISSIVE,20260719213000_compliance_configuration_request_engine.sql,canonical+applied,
table,public,compliance_request_publications,columns=8; pk_cols=1; fk_out=8; triggers=2; rls=enabled; policies=1,20260719213000_compliance_configuration_request_engine.sql,canonical+applied,
column,public,compliance_request_publications.id,type=uuid; nullable=NO; default=gen_random_uuid(); ordinal=1,20260719213000_compliance_configuration_request_engine.sql,canonical+applied,
column,public,compliance_request_publications.request_id,type=uuid; nullable=NO; default=None; ordinal=2,20260719213000_compliance_configuration_request_engine.sql,canonical+applied,
column,public,compliance_request_publications.revision_number,type=integer; nullable=NO; default=None; ordinal=3,20260719213000_compliance_configuration_request_engine.sql,canonical+applied,
column,public,compliance_request_publications.component_id,type=uuid; nullable=NO; default=None; ordinal=4,20260719213000_compliance_configuration_request_engine.sql,canonical+applied,
column,public,compliance_request_publications.version_id,type=uuid; nullable=NO; default=None; ordinal=5,20260719213000_compliance_configuration_request_engine.sql,canonical+applied,
column,public,compliance_request_publications.published_by,type=uuid; nullable=NO; default=None; ordinal=6,20260719213000_compliance_configuration_request_engine.sql,canonical+applied,
column,public,compliance_request_publications.published_at,type=timestamp with time zone; nullable=NO; default=now(); ordinal=7,20260719213000_compliance_configuration_request_engine.sql,canonical+applied,
column,public,compliance_request_publications.correlation_id,type=uuid; nullable=NO; default=None; ordinal=8,20260719213000_compliance_configuration_request_engine.sql,canonical+applied,
primary_key,public,compliance_request_publications_pkey,table=compliance_request_publications; columns=id,20260719213000_compliance_configuration_request_engine.sql,canonical+applied,
foreign_key,public,compliance_request_publications_published_by_fkey,compliance_request_publications.published_by -> profiles.user_id,20260719213000_compliance_configuration_request_engine.sql,canonical+applied,
foreign_key,public,compliance_request_publications_request_id_revision_number_fkey,compliance_request_publications.revision_number -> compliance_request_revisions.revision_number,20260719213000_compliance_configuration_request_engine.sql,canonical+applied,
foreign_key,public,compliance_request_publications_version_id_fkey,compliance_request_publications.version_id -> compliance_entity_versions.id,20260719213000_compliance_configuration_request_engine.sql,canonical+applied,
foreign_key,public,compliance_request_publications_component_id_fkey,compliance_request_publications.component_id -> compliance_request_components.id,20260719213000_compliance_configuration_request_engine.sql,canonical+applied,
foreign_key,public,compliance_request_publications_request_id_fkey,compliance_request_publications.request_id -> compliance_configuration_requests.id,20260719213000_compliance_configuration_request_engine.sql,canonical+applied,
foreign_key,public,compliance_request_publications_request_id_revision_number_fkey,compliance_request_publications.revision_number -> compliance_request_revisions.request_id,20260719213000_compliance_configuration_request_engine.sql,canonical+applied,
foreign_key,public,compliance_request_publications_request_id_revision_number_fkey,compliance_request_publications.request_id -> compliance_request_revisions.revision_number,20260719213000_compliance_configuration_request_engine.sql,canonical+applied,
foreign_key,public,compliance_request_publications_request_id_revision_number_fkey,compliance_request_publications.request_id -> compliance_request_revisions.request_id,20260719213000_compliance_configuration_request_engine.sql,canonical+applied,
check,public,2200_21830_1_not_null,table=compliance_request_publications; columns=None,20260719213000_compliance_configuration_request_engine.sql,canonical+applied,
check,public,2200_21830_2_not_null,table=compliance_request_publications; columns=None,20260719213000_compliance_configuration_request_engine.sql,canonical+applied,
check,public,2200_21830_3_not_null,table=compliance_request_publications; columns=None,20260719213000_compliance_configuration_request_engine.sql,canonical+applied,
check,public,2200_21830_4_not_null,table=compliance_request_publications; columns=None,20260719213000_compliance_configuration_request_engine.sql,canonical+applied,
check,public,2200_21830_5_not_null,table=compliance_request_publications; columns=None,20260719213000_compliance_configuration_request_engine.sql,canonical+applied,
check,public,2200_21830_6_not_null,table=compliance_request_publications; columns=None,20260719213000_compliance_configuration_request_engine.sql,canonical+applied,
check,public,2200_21830_7_not_null,table=compliance_request_publications; columns=None,20260719213000_compliance_configuration_request_engine.sql,canonical+applied,
check,public,2200_21830_8_not_null,table=compliance_request_publications; columns=None,20260719213000_compliance_configuration_request_engine.sql,canonical+applied,
unique,public,compliance_request_publications_component_id_key,table=compliance_request_publications; columns=component_id,20260719213000_compliance_configuration_request_engine.sql,canonical+applied,
unique,public,compliance_request_publications_version_id_key,table=compliance_request_publications; columns=version_id,20260719213000_compliance_configuration_request_engine.sql,canonical+applied,
index,public,compliance_request_publications_component_id_key,CREATE UNIQUE INDEX compliance_request_publications_component_id_key ON public.compliance_request_publications USING btree (component_id),20260719213000_compliance_configuration_request_engine.sql,canonical+applied,
index,public,compliance_request_publications_pkey,CREATE UNIQUE INDEX compliance_request_publications_pkey ON public.compliance_request_publications USING btree (id),20260719213000_compliance_configuration_request_engine.sql,canonical+applied,
index,public,compliance_request_publications_version_id_key,CREATE UNIQUE INDEX compliance_request_publications_version_id_key ON public.compliance_request_publications USING btree (version_id),20260719213000_compliance_configuration_request_engine.sql,canonical+applied,
trigger,public,trg_audit_compliance_request_publications,"table=compliance_request_publications; timing=AFTER; events=DELETE,INSERT,UPDATE; action=EXECUTE FUNCTION audit_row_change()",20260719213000_compliance_configuration_request_engine.sql,canonical+applied,
trigger,public,trg_ccr_publications_immutable,"table=compliance_request_publications; timing=BEFORE; events=DELETE,UPDATE; action=EXECUTE FUNCTION ccr_block_immutable_rows()",20260719213000_compliance_configuration_request_engine.sql,canonical+applied,
rls_enablement,public,compliance_request_publications__rls,rls_enabled=True; forced=False,20260719213000_compliance_configuration_request_engine.sql,canonical+applied,
rls_policy,public,compliance_request_publications.ccr_publications_read,cmd=SELECT; roles={authenticated}; permissive=PERMISSIVE,20260719213000_compliance_configuration_request_engine.sql,canonical+applied,
table,public,compliance_request_revisions,columns=8; pk_cols=1; fk_out=2; triggers=2; rls=enabled; policies=1,20260719213000_compliance_configuration_request_engine.sql,canonical+applied,
column,public,compliance_request_revisions.id,type=uuid; nullable=NO; default=gen_random_uuid(); ordinal=1,20260719213000_compliance_configuration_request_engine.sql,canonical+applied,
column,public,compliance_request_revisions.request_id,type=uuid; nullable=NO; default=None; ordinal=2,20260719213000_compliance_configuration_request_engine.sql,canonical+applied,
column,public,compliance_request_revisions.revision_number,type=integer; nullable=NO; default=None; ordinal=3,20260719213000_compliance_configuration_request_engine.sql,canonical+applied,
column,public,compliance_request_revisions.created_by,type=uuid; nullable=NO; default=None; ordinal=4,20260719213000_compliance_configuration_request_engine.sql,canonical+applied,
column,public,compliance_request_revisions.created_at,type=timestamp with time zone; nullable=NO; default=now(); ordinal=5,20260719213000_compliance_configuration_request_engine.sql,canonical+applied,
column,public,compliance_request_revisions.submitted_at,type=timestamp with time zone; nullable=YES; default=None; ordinal=6,20260719213000_compliance_configuration_request_engine.sql,canonical+applied,
column,public,compliance_request_revisions.comments,type=text; nullable=YES; default=None; ordinal=7,20260719213000_compliance_configuration_request_engine.sql,canonical+applied,
column,public,compliance_request_revisions.return_reason,type=text; nullable=YES; default=None; ordinal=8,20260719213000_compliance_configuration_request_engine.sql,canonical+applied,
primary_key,public,compliance_request_revisions_pkey,table=compliance_request_revisions; columns=id,20260719213000_compliance_configuration_request_engine.sql,canonical+applied,
foreign_key,public,compliance_request_revisions_created_by_fkey,compliance_request_revisions.created_by -> profiles.user_id,20260719213000_compliance_configuration_request_engine.sql,canonical+applied,
foreign_key,public,compliance_request_revisions_request_id_fkey,compliance_request_revisions.request_id -> compliance_configuration_requests.id,20260719213000_compliance_configuration_request_engine.sql,canonical+applied,
check,public,2200_21674_1_not_null,table=compliance_request_revisions; columns=None,20260719213000_compliance_configuration_request_engine.sql,canonical+applied,
check,public,2200_21674_2_not_null,table=compliance_request_revisions; columns=None,20260719213000_compliance_configuration_request_engine.sql,canonical+applied,
check,public,2200_21674_3_not_null,table=compliance_request_revisions; columns=None,20260719213000_compliance_configuration_request_engine.sql,canonical+applied,
check,public,2200_21674_4_not_null,table=compliance_request_revisions; columns=None,20260719213000_compliance_configuration_request_engine.sql,canonical+applied,
check,public,2200_21674_5_not_null,table=compliance_request_revisions; columns=None,20260719213000_compliance_configuration_request_engine.sql,canonical+applied,
unique,public,compliance_request_revisions_request_id_revision_number_key,"table=compliance_request_revisions; columns=request_id,revision_number",20260719213000_compliance_configuration_request_engine.sql,canonical+applied,
check,public,compliance_request_revisions_revision_number_check,table=compliance_request_revisions; columns=None,20260719213000_compliance_configuration_request_engine.sql,canonical+applied,
index,public,compliance_request_revisions_pkey,CREATE UNIQUE INDEX compliance_request_revisions_pkey ON public.compliance_request_revisions USING btree (id),20260719213000_compliance_configuration_request_engine.sql,canonical+applied,
index,public,compliance_request_revisions_request_id_revision_number_key,"CREATE UNIQUE INDEX compliance_request_revisions_request_id_revision_number_key ON public.compliance_request_revisions USING btree (request_id, revision_number)",20260719213000_compliance_configuration_request_engine.sql,canonical+applied,
trigger,public,trg_audit_compliance_request_revisions,"table=compliance_request_revisions; timing=AFTER; events=DELETE,INSERT,UPDATE; action=EXECUTE FUNCTION audit_row_change()",20260719213000_compliance_configuration_request_engine.sql,canonical+applied,
trigger,public,trg_ccr_revision_guard,"table=compliance_request_revisions; timing=BEFORE; events=DELETE,UPDATE; action=EXECUTE FUNCTION ccr_guard_revision()",20260719213000_compliance_configuration_request_engine.sql,canonical+applied,
rls_enablement,public,compliance_request_revisions__rls,rls_enabled=True; forced=False,20260719213000_compliance_configuration_request_engine.sql,canonical+applied,
rls_policy,public,compliance_request_revisions.ccr_revisions_read,cmd=SELECT; roles={authenticated}; permissive=PERMISSIVE,20260719213000_compliance_configuration_request_engine.sql,canonical+applied,
table,public,config_versions,columns=15; pk_cols=1; fk_out=3; triggers=1; rls=enabled; policies=3,0001_foundation.sql,canonical+applied,
column,public,config_versions.id,type=uuid; nullable=NO; default=gen_random_uuid(); ordinal=1,0001_foundation.sql,canonical+applied,
column,public,config_versions.engine,type=text; nullable=NO; default=None; ordinal=2,0001_foundation.sql,canonical+applied,
column,public,config_versions.object_id,type=uuid; nullable=NO; default=None; ordinal=3,0001_foundation.sql,canonical+applied,
column,public,config_versions.version_label,type=text; nullable=NO; default=None; ordinal=4,0001_foundation.sql,canonical+applied,
column,public,config_versions.status,type=USER-DEFINED; nullable=NO; default='draft'::config_status; ordinal=5,0001_foundation.sql,canonical+applied,
column,public,config_versions.payload,type=jsonb; nullable=NO; default=None; ordinal=6,0001_foundation.sql,canonical+applied,
column,public,config_versions.effective_from,type=timestamp with time zone; nullable=YES; default=None; ordinal=7,0001_foundation.sql,canonical+applied,
column,public,config_versions.created_by,type=uuid; nullable=YES; default=None; ordinal=8,0001_foundation.sql,canonical+applied,
column,public,config_versions.approved_by,type=uuid; nullable=YES; default=None; ordinal=9,0001_foundation.sql,canonical+applied,
column,public,config_versions.created_at,type=timestamp with time zone; nullable=NO; default=now(); ordinal=10,0001_foundation.sql,canonical+applied,
column,public,config_versions.updated_at,type=timestamp with time zone; nullable=NO; default=now(); ordinal=11,0001_foundation.sql,canonical+applied,
column,public,config_versions.row_version,type=integer; nullable=NO; default=1; ordinal=12,0001_foundation.sql,canonical+applied,
column,public,config_versions.scheduled_from,type=timestamp with time zone; nullable=YES; default=None; ordinal=13,0001_foundation.sql,canonical+applied,
column,public,config_versions.rollback_of,type=uuid; nullable=YES; default=None; ordinal=14,0001_foundation.sql,canonical+applied,
column,public,config_versions.retire_reason,type=text; nullable=YES; default=None; ordinal=15,0001_foundation.sql,canonical+applied,
primary_key,public,config_versions_pkey,table=config_versions; columns=id,0001_foundation.sql,canonical+applied,
foreign_key,public,config_versions_rollback_of_fkey,config_versions.rollback_of -> config_versions.id,0001_foundation.sql,canonical+applied,
foreign_key,public,config_versions_created_by_fkey,config_versions.created_by -> profiles.user_id,0001_foundation.sql,canonical+applied,
foreign_key,public,config_versions_approved_by_fkey,config_versions.approved_by -> profiles.user_id,0001_foundation.sql,canonical+applied,
check,public,2200_17769_10_not_null,table=config_versions; columns=None,0001_foundation.sql,canonical+applied,
check,public,2200_17769_11_not_null,table=config_versions; columns=None,0001_foundation.sql,canonical+applied,
check,public,2200_17769_12_not_null,table=config_versions; columns=None,0001_foundation.sql,canonical+applied,
check,public,2200_17769_1_not_null,table=config_versions; columns=None,0001_foundation.sql,canonical+applied,
check,public,2200_17769_2_not_null,table=config_versions; columns=None,0001_foundation.sql,canonical+applied,
check,public,2200_17769_3_not_null,table=config_versions; columns=None,0001_foundation.sql,canonical+applied,
check,public,2200_17769_4_not_null,table=config_versions; columns=None,0001_foundation.sql,canonical+applied,
check,public,2200_17769_5_not_null,table=config_versions; columns=None,0001_foundation.sql,canonical+applied,
check,public,2200_17769_6_not_null,table=config_versions; columns=None,0001_foundation.sql,canonical+applied,
check,public,maker_checker,table=config_versions; columns=None,0001_foundation.sql,canonical+applied,
index,public,config_versions_active,"CREATE UNIQUE INDEX config_versions_active ON public.config_versions USING btree (engine, object_id, version_label)",0001_foundation.sql,canonical+applied,
index,public,config_versions_pkey,CREATE UNIQUE INDEX config_versions_pkey ON public.config_versions USING btree (id),0001_foundation.sql,canonical+applied,
index,public,uq_config_versions_active_published,"CREATE UNIQUE INDEX uq_config_versions_active_published ON public.config_versions USING btree (engine, object_id, COALESCE(scheduled_from, effective_from)) WHERE (status = 'published'::config_status)",0001_foundation.sql,canonical+applied,
trigger,public,trg_config_versions_bump,table=config_versions; timing=BEFORE; events=UPDATE; action=EXECUTE FUNCTION config_versions_bump_row_version(),0001_foundation.sql,canonical+applied,
rls_enablement,public,config_versions__rls,rls_enabled=True; forced=False,0001_foundation.sql,canonical+applied,
rls_policy,public,config_versions.config_read,cmd=SELECT; roles={public}; permissive=PERMISSIVE,0001_foundation.sql,canonical+applied,
rls_policy,public,config_versions.config_update,cmd=UPDATE; roles={public}; permissive=PERMISSIVE,0001_foundation.sql,canonical+applied,
rls_policy,public,config_versions.config_write,cmd=INSERT; roles={public}; permissive=PERMISSIVE,0001_foundation.sql,canonical+applied,
table,public,configuration_templates,columns=16; pk_cols=1; fk_out=3; triggers=2; rls=enabled; policies=2,20260715220000_m09_authoritative_contract_completion.sql,canonical+applied,
column,public,configuration_templates.id,type=uuid; nullable=NO; default=gen_random_uuid(); ordinal=1,20260715220000_m09_authoritative_contract_completion.sql,canonical+applied,
column,public,configuration_templates.template_key,type=text; nullable=NO; default=None; ordinal=2,20260715220000_m09_authoritative_contract_completion.sql,canonical+applied,
column,public,configuration_templates.template_type,type=text; nullable=NO; default=None; ordinal=3,20260715220000_m09_authoritative_contract_completion.sql,canonical+applied,
column,public,configuration_templates.version_label,type=text; nullable=NO; default=None; ordinal=4,20260715220000_m09_authoritative_contract_completion.sql,canonical+applied,
column,public,configuration_templates.title_en,type=text; nullable=NO; default=None; ordinal=5,20260715220000_m09_authoritative_contract_completion.sql,canonical+applied,
column,public,configuration_templates.title_ar,type=text; nullable=NO; default=None; ordinal=6,20260715220000_m09_authoritative_contract_completion.sql,canonical+applied,
column,public,configuration_templates.status,type=USER-DEFINED; nullable=NO; default='draft'::config_status; ordinal=7,20260715220000_m09_authoritative_contract_completion.sql,canonical+applied,
column,public,configuration_templates.schema,type=jsonb; nullable=NO; default=None; ordinal=8,20260715220000_m09_authoritative_contract_completion.sql,canonical+applied,
column,public,configuration_templates.effective_from,type=date; nullable=YES; default=None; ordinal=9,20260715220000_m09_authoritative_contract_completion.sql,canonical+applied,
column,public,configuration_templates.effective_to,type=date; nullable=YES; default=None; ordinal=10,20260715220000_m09_authoritative_contract_completion.sql,canonical+applied,
column,public,configuration_templates.created_by,type=uuid; nullable=NO; default=None; ordinal=11,20260715220000_m09_authoritative_contract_completion.sql,canonical+applied,
column,public,configuration_templates.approved_by,type=uuid; nullable=YES; default=None; ordinal=12,20260715220000_m09_authoritative_contract_completion.sql,canonical+applied,
column,public,configuration_templates.published_at,type=timestamp with time zone; nullable=YES; default=None; ordinal=13,20260715220000_m09_authoritative_contract_completion.sql,canonical+applied,
column,public,configuration_templates.supersedes_id,type=uuid; nullable=YES; default=None; ordinal=14,20260715220000_m09_authoritative_contract_completion.sql,canonical+applied,
column,public,configuration_templates.deactivation_reason,type=text; nullable=YES; default=None; ordinal=15,20260715220000_m09_authoritative_contract_completion.sql,canonical+applied,
column,public,configuration_templates.created_at,type=timestamp with time zone; nullable=NO; default=now(); ordinal=16,20260715220000_m09_authoritative_contract_completion.sql,canonical+applied,
primary_key,public,configuration_templates_pkey,table=configuration_templates; columns=id,20260715220000_m09_authoritative_contract_completion.sql,canonical+applied,
foreign_key,public,configuration_templates_supersedes_id_fkey,configuration_templates.supersedes_id -> configuration_templates.id,20260715220000_m09_authoritative_contract_completion.sql,canonical+applied,
foreign_key,public,configuration_templates_created_by_fkey,configuration_templates.created_by -> profiles.user_id,20260715220000_m09_authoritative_contract_completion.sql,canonical+applied,
foreign_key,public,configuration_templates_approved_by_fkey,configuration_templates.approved_by -> profiles.user_id,20260715220000_m09_authoritative_contract_completion.sql,canonical+applied,
check,public,2200_19507_11_not_null,table=configuration_templates; columns=None,20260715220000_m09_authoritative_contract_completion.sql,canonical+applied,
check,public,2200_19507_16_not_null,table=configuration_templates; columns=None,20260715220000_m09_authoritative_contract_completion.sql,canonical+applied,
check,public,2200_19507_1_not_null,table=configuration_templates; columns=None,20260715220000_m09_authoritative_contract_completion.sql,canonical+applied,
check,public,2200_19507_2_not_null,table=configuration_templates; columns=None,20260715220000_m09_authoritative_contract_completion.sql,canonical+applied,
check,public,2200_19507_3_not_null,table=configuration_templates; columns=None,20260715220000_m09_authoritative_contract_completion.sql,canonical+applied,
check,public,2200_19507_4_not_null,table=configuration_templates; columns=None,20260715220000_m09_authoritative_contract_completion.sql,canonical+applied,
check,public,2200_19507_5_not_null,table=configuration_templates; columns=None,20260715220000_m09_authoritative_contract_completion.sql,canonical+applied,
check,public,2200_19507_6_not_null,table=configuration_templates; columns=None,20260715220000_m09_authoritative_contract_completion.sql,canonical+applied,
check,public,2200_19507_7_not_null,table=configuration_templates; columns=None,20260715220000_m09_authoritative_contract_completion.sql,canonical+applied,
check,public,2200_19507_8_not_null,table=configuration_templates; columns=None,20260715220000_m09_authoritative_contract_completion.sql,canonical+applied,
unique,public,configuration_templates_key_version_unique,"table=configuration_templates; columns=template_key,version_label",20260715220000_m09_authoritative_contract_completion.sql,canonical+applied,
check,public,configuration_templates_maker_checker,table=configuration_templates; columns=None,20260715220000_m09_authoritative_contract_completion.sql,canonical+applied,
check,public,configuration_templates_template_type_check,table=configuration_templates; columns=None,20260715220000_m09_authoritative_contract_completion.sql,canonical+applied,
check,public,configuration_templates_window,table=configuration_templates; columns=None,20260715220000_m09_authoritative_contract_completion.sql,canonical+applied,
index,public,configuration_templates_key_version_unique,"CREATE UNIQUE INDEX configuration_templates_key_version_unique ON public.configuration_templates USING btree (template_key, version_label)",20260715220000_m09_authoritative_contract_completion.sql,canonical+applied,
index,public,configuration_templates_one_open_governed,"CREATE UNIQUE INDEX configuration_templates_one_open_governed ON public.configuration_templates USING btree (template_key) WHERE ((status = ANY (ARRAY['published'::config_status, 'locked'::config_stat",20260715220000_m09_authoritative_contract_completion.sql,canonical+applied,
index,public,configuration_templates_pkey,CREATE UNIQUE INDEX configuration_templates_pkey ON public.configuration_templates USING btree (id),20260715220000_m09_authoritative_contract_completion.sql,canonical+applied,
trigger,public,trg_audit_configuration_templates,"table=configuration_templates; timing=AFTER; events=DELETE,INSERT,UPDATE; action=EXECUTE FUNCTION audit_row_change()",20260715220000_m09_authoritative_contract_completion.sql,canonical+applied,
trigger,public,trg_guard_governed_configuration_template,"table=configuration_templates; timing=BEFORE; events=DELETE,UPDATE; action=EXECUTE FUNCTION guard_governed_configuration_template()",20260715220000_m09_authoritative_contract_completion.sql,canonical+applied,
rls_enablement,public,configuration_templates__rls,rls_enabled=True; forced=False,20260715220000_m09_authoritative_contract_completion.sql,canonical+applied,
rls_policy,public,configuration_templates.configuration_templates_read,cmd=SELECT; roles={public}; permissive=PERMISSIVE,20260715220000_m09_authoritative_contract_completion.sql,canonical+applied,
rls_policy,public,configuration_templates.configuration_templates_write,cmd=ALL; roles={public}; permissive=PERMISSIVE,20260715220000_m09_authoritative_contract_completion.sql,canonical+applied,
table,public,correction_evidence,columns=7; pk_cols=1; fk_out=3; triggers=0; rls=enabled; policies=3,20260717180000_mvp2_m2_08_external_portal.sql,canonical+applied,
column,public,correction_evidence.id,type=uuid; nullable=NO; default=gen_random_uuid(); ordinal=1,20260717180000_mvp2_m2_08_external_portal.sql,canonical+applied,
column,public,correction_evidence.request_id,type=uuid; nullable=YES; default=None; ordinal=2,20260717180000_mvp2_m2_08_external_portal.sql,canonical+applied,
column,public,correction_evidence.factory_id,type=uuid; nullable=NO; default=None; ordinal=3,20260717180000_mvp2_m2_08_external_portal.sql,canonical+applied,
column,public,correction_evidence.content_sha256,type=text; nullable=YES; default=None; ordinal=4,20260717180000_mvp2_m2_08_external_portal.sql,canonical+applied,
column,public,correction_evidence.media_type,type=text; nullable=YES; default=None; ordinal=5,20260717180000_mvp2_m2_08_external_portal.sql,canonical+applied,
column,public,correction_evidence.uploaded_by_rep,type=uuid; nullable=YES; default=None; ordinal=6,20260717180000_mvp2_m2_08_external_portal.sql,canonical+applied,
column,public,correction_evidence.created_at,type=timestamp with time zone; nullable=NO; default=now(); ordinal=7,20260717180000_mvp2_m2_08_external_portal.sql,canonical+applied,
primary_key,public,correction_evidence_pkey,table=correction_evidence; columns=id,20260717180000_mvp2_m2_08_external_portal.sql,canonical+applied,
foreign_key,public,correction_evidence_request_id_fkey,correction_evidence.request_id -> external_requests.id,20260717180000_mvp2_m2_08_external_portal.sql,canonical+applied,
foreign_key,public,correction_evidence_factory_id_fkey,correction_evidence.factory_id -> factories.id,20260717180000_mvp2_m2_08_external_portal.sql,canonical+applied,
foreign_key,public,correction_evidence_uploaded_by_rep_fkey,correction_evidence.uploaded_by_rep -> factory_representatives.id,20260717180000_mvp2_m2_08_external_portal.sql,canonical+applied,
check,public,2200_20653_1_not_null,table=correction_evidence; columns=None,20260717180000_mvp2_m2_08_external_portal.sql,canonical+applied,
check,public,2200_20653_3_not_null,table=correction_evidence; columns=None,20260717180000_mvp2_m2_08_external_portal.sql,canonical+applied,
check,public,2200_20653_7_not_null,table=correction_evidence; columns=None,20260717180000_mvp2_m2_08_external_portal.sql,canonical+applied,
index,public,correction_evidence_pkey,CREATE UNIQUE INDEX correction_evidence_pkey ON public.correction_evidence USING btree (id),20260717180000_mvp2_m2_08_external_portal.sql,canonical+applied,
rls_enablement,public,correction_evidence__rls,rls_enabled=True; forced=False,20260717180000_mvp2_m2_08_external_portal.sql,canonical+applied,
rls_policy,public,correction_evidence.correction_evidence_internal_read,cmd=SELECT; roles={public}; permissive=PERMISSIVE,20260717180000_mvp2_m2_08_external_portal.sql,canonical+applied,
rls_policy,public,correction_evidence.correction_evidence_internal_update,cmd=UPDATE; roles={public}; permissive=PERMISSIVE,20260717180000_mvp2_m2_08_external_portal.sql,canonical+applied,
rls_policy,public,correction_evidence.correction_evidence_internal_write,cmd=INSERT; roles={public}; permissive=PERMISSIVE,20260717180000_mvp2_m2_08_external_portal.sql,canonical+applied,
table,public,dashboard_config_heads,columns=3; pk_cols=1; fk_out=1; triggers=0; rls=enabled; policies=1,20260721010000_dashboard_kpi_admin_foundation.sql,canonical+applied,
column,public,dashboard_config_heads.config_key,type=text; nullable=NO; default=None; ordinal=1,20260721010000_dashboard_kpi_admin_foundation.sql,canonical+applied,
column,public,dashboard_config_heads.current_version_id,type=uuid; nullable=NO; default=None; ordinal=2,20260721010000_dashboard_kpi_admin_foundation.sql,canonical+applied,
column,public,dashboard_config_heads.activated_at,type=timestamp with time zone; nullable=NO; default=now(); ordinal=3,20260721010000_dashboard_kpi_admin_foundation.sql,canonical+applied,
primary_key,public,dashboard_config_heads_pkey,table=dashboard_config_heads; columns=config_key,20260721010000_dashboard_kpi_admin_foundation.sql,canonical+applied,
foreign_key,public,dashboard_config_heads_current_version_id_fkey,dashboard_config_heads.current_version_id -> dashboard_config_versions.id,20260721010000_dashboard_kpi_admin_foundation.sql,canonical+applied,
check,public,2200_22949_1_not_null,table=dashboard_config_heads; columns=None,20260721010000_dashboard_kpi_admin_foundation.sql,canonical+applied,
check,public,2200_22949_2_not_null,table=dashboard_config_heads; columns=None,20260721010000_dashboard_kpi_admin_foundation.sql,canonical+applied,
check,public,2200_22949_3_not_null,table=dashboard_config_heads; columns=None,20260721010000_dashboard_kpi_admin_foundation.sql,canonical+applied,
index,public,dashboard_config_heads_pkey,CREATE UNIQUE INDEX dashboard_config_heads_pkey ON public.dashboard_config_heads USING btree (config_key),20260721010000_dashboard_kpi_admin_foundation.sql,canonical+applied,
rls_enablement,public,dashboard_config_heads__rls,rls_enabled=True; forced=False,20260721010000_dashboard_kpi_admin_foundation.sql,canonical+applied,
rls_policy,public,dashboard_config_heads.dash_config_heads_read,cmd=SELECT; roles={authenticated}; permissive=PERMISSIVE,20260721010000_dashboard_kpi_admin_foundation.sql,canonical+applied,
table,public,dashboard_config_parameters,columns=15; pk_cols=1; fk_out=2; triggers=0; rls=enabled; policies=1,20260721010000_dashboard_kpi_admin_foundation.sql,canonical+applied,
column,public,dashboard_config_parameters.id,type=uuid; nullable=NO; default=gen_random_uuid(); ordinal=1,20260721010000_dashboard_kpi_admin_foundation.sql,canonical+applied,
column,public,dashboard_config_parameters.config_key,type=text; nullable=NO; default=None; ordinal=2,20260721010000_dashboard_kpi_admin_foundation.sql,canonical+applied,
column,public,dashboard_config_parameters.title,type=text; nullable=NO; default=None; ordinal=3,20260721010000_dashboard_kpi_admin_foundation.sql,canonical+applied,
column,public,dashboard_config_parameters.status,type=text; nullable=NO; default='draft'::text; ordinal=4,20260721010000_dashboard_kpi_admin_foundation.sql,canonical+applied,
column,public,dashboard_config_parameters.revision,type=integer; nullable=NO; default=1; ordinal=5,20260721010000_dashboard_kpi_admin_foundation.sql,canonical+applied,
column,public,dashboard_config_parameters.payload,type=jsonb; nullable=NO; default='{}'::jsonb; ordinal=6,20260721010000_dashboard_kpi_admin_foundation.sql,canonical+applied,
column,public,dashboard_config_parameters.requested_effective_from,type=timestamp with time zone; nullable=YES; default=None; ordinal=7,20260721010000_dashboard_kpi_admin_foundation.sql,canonical+applied,
column,public,dashboard_config_parameters.owner_id,type=uuid; nullable=NO; default=None; ordinal=8,20260721010000_dashboard_kpi_admin_foundation.sql,canonical+applied,
column,public,dashboard_config_parameters.return_reason,type=text; nullable=YES; default=None; ordinal=9,20260721010000_dashboard_kpi_admin_foundation.sql,canonical+applied,
column,public,dashboard_config_parameters.submitted_at,type=timestamp with time zone; nullable=YES; default=None; ordinal=10,20260721010000_dashboard_kpi_admin_foundation.sql,canonical+applied,
column,public,dashboard_config_parameters.decided_by,type=uuid; nullable=YES; default=None; ordinal=11,20260721010000_dashboard_kpi_admin_foundation.sql,canonical+applied,
column,public,dashboard_config_parameters.decided_at,type=timestamp with time zone; nullable=YES; default=None; ordinal=12,20260721010000_dashboard_kpi_admin_foundation.sql,canonical+applied,
column,public,dashboard_config_parameters.correlation_id,type=uuid; nullable=NO; default=gen_random_uuid(); ordinal=13,20260721010000_dashboard_kpi_admin_foundation.sql,canonical+applied,
column,public,dashboard_config_parameters.created_at,type=timestamp with time zone; nullable=NO; default=now(); ordinal=14,20260721010000_dashboard_kpi_admin_foundation.sql,canonical+applied,
column,public,dashboard_config_parameters.updated_at,type=timestamp with time zone; nullable=NO; default=now(); ordinal=15,20260721010000_dashboard_kpi_admin_foundation.sql,canonical+applied,
primary_key,public,dashboard_config_parameters_pkey,table=dashboard_config_parameters; columns=id,20260721010000_dashboard_kpi_admin_foundation.sql,canonical+applied,
foreign_key,public,dashboard_config_parameters_owner_id_fkey,dashboard_config_parameters.owner_id -> profiles.user_id,20260721010000_dashboard_kpi_admin_foundation.sql,canonical+applied,
foreign_key,public,dashboard_config_parameters_decided_by_fkey,dashboard_config_parameters.decided_by -> profiles.user_id,20260721010000_dashboard_kpi_admin_foundation.sql,canonical+applied,
check,public,2200_22891_13_not_null,table=dashboard_config_parameters; columns=None,20260721010000_dashboard_kpi_admin_foundation.sql,canonical+applied,
check,public,2200_22891_14_not_null,table=dashboard_config_parameters; columns=None,20260721010000_dashboard_kpi_admin_foundation.sql,canonical+applied,
check,public,2200_22891_15_not_null,table=dashboard_config_parameters; columns=None,20260721010000_dashboard_kpi_admin_foundation.sql,canonical+applied,
check,public,2200_22891_1_not_null,table=dashboard_config_parameters; columns=None,20260721010000_dashboard_kpi_admin_foundation.sql,canonical+applied,
check,public,2200_22891_2_not_null,table=dashboard_config_parameters; columns=None,20260721010000_dashboard_kpi_admin_foundation.sql,canonical+applied,
check,public,2200_22891_3_not_null,table=dashboard_config_parameters; columns=None,20260721010000_dashboard_kpi_admin_foundation.sql,canonical+applied,
check,public,2200_22891_4_not_null,table=dashboard_config_parameters; columns=None,20260721010000_dashboard_kpi_admin_foundation.sql,canonical+applied,
check,public,2200_22891_5_not_null,table=dashboard_config_parameters; columns=None,20260721010000_dashboard_kpi_admin_foundation.sql,canonical+applied,
check,public,2200_22891_6_not_null,table=dashboard_config_parameters; columns=None,20260721010000_dashboard_kpi_admin_foundation.sql,canonical+applied,
check,public,2200_22891_8_not_null,table=dashboard_config_parameters; columns=None,20260721010000_dashboard_kpi_admin_foundation.sql,canonical+applied,
check,public,dashboard_config_parameters_config_key_check,table=dashboard_config_parameters; columns=None,20260721010000_dashboard_kpi_admin_foundation.sql,canonical+applied,
check,public,dashboard_config_parameters_payload_check,table=dashboard_config_parameters; columns=None,20260721010000_dashboard_kpi_admin_foundation.sql,canonical+applied,
check,public,dashboard_config_parameters_revision_check,table=dashboard_config_parameters; columns=None,20260721010000_dashboard_kpi_admin_foundation.sql,canonical+applied,
check,public,dashboard_config_parameters_status_check,table=dashboard_config_parameters; columns=None,20260721010000_dashboard_kpi_admin_foundation.sql,canonical+applied,
check,public,dashboard_config_parameters_title_check,table=dashboard_config_parameters; columns=None,20260721010000_dashboard_kpi_admin_foundation.sql,canonical+applied,
index,public,dashboard_config_parameters_pkey,CREATE UNIQUE INDEX dashboard_config_parameters_pkey ON public.dashboard_config_parameters USING btree (id),20260721010000_dashboard_kpi_admin_foundation.sql,canonical+applied,
rls_enablement,public,dashboard_config_parameters__rls,rls_enabled=True; forced=False,20260721010000_dashboard_kpi_admin_foundation.sql,canonical+applied,
rls_policy,public,dashboard_config_parameters.dash_config_parameters_read,cmd=SELECT; roles={authenticated}; permissive=PERMISSIVE,20260721010000_dashboard_kpi_admin_foundation.sql,canonical+applied,
table,public,dashboard_config_versions,columns=10; pk_cols=1; fk_out=3; triggers=1; rls=enabled; policies=1,20260721010000_dashboard_kpi_admin_foundation.sql,canonical+applied,
column,public,dashboard_config_versions.id,type=uuid; nullable=NO; default=gen_random_uuid(); ordinal=1,20260721010000_dashboard_kpi_admin_foundation.sql,canonical+applied,
column,public,dashboard_config_versions.config_key,type=text; nullable=NO; default=None; ordinal=2,20260721010000_dashboard_kpi_admin_foundation.sql,canonical+applied,
column,public,dashboard_config_versions.version_number,type=integer; nullable=NO; default=None; ordinal=3,20260721010000_dashboard_kpi_admin_foundation.sql,canonical+applied,
column,public,dashboard_config_versions.payload,type=jsonb; nullable=NO; default=None; ordinal=4,20260721010000_dashboard_kpi_admin_foundation.sql,canonical+applied,
column,public,dashboard_config_versions.effective_from,type=timestamp with time zone; nullable=NO; default=now(); ordinal=5,20260721010000_dashboard_kpi_admin_foundation.sql,canonical+applied,
column,public,dashboard_config_versions.source_parameter_id,type=uuid; nullable=YES; default=None; ordinal=6,20260721010000_dashboard_kpi_admin_foundation.sql,canonical+applied,
column,public,dashboard_config_versions.published_by,type=uuid; nullable=NO; default=None; ordinal=7,20260721010000_dashboard_kpi_admin_foundation.sql,canonical+applied,
column,public,dashboard_config_versions.published_at,type=timestamp with time zone; nullable=NO; default=now(); ordinal=8,20260721010000_dashboard_kpi_admin_foundation.sql,canonical+applied,
column,public,dashboard_config_versions.correlation_id,type=uuid; nullable=NO; default=None; ordinal=9,20260721010000_dashboard_kpi_admin_foundation.sql,canonical+applied,
column,public,dashboard_config_versions.publication_audit_reference,type=bigint; nullable=YES; default=None; ordinal=10,20260721010000_dashboard_kpi_admin_foundation.sql,canonical+applied,
primary_key,public,dashboard_config_versions_pkey,table=dashboard_config_versions; columns=id,20260721010000_dashboard_kpi_admin_foundation.sql,canonical+applied,
foreign_key,public,dashboard_config_versions_publication_audit_reference_fkey,dashboard_config_versions.publication_audit_reference -> audit_events.id,20260721010000_dashboard_kpi_admin_foundation.sql,canonical+applied,
foreign_key,public,dashboard_config_versions_published_by_fkey,dashboard_config_versions.published_by -> profiles.user_id,20260721010000_dashboard_kpi_admin_foundation.sql,canonical+applied,
foreign_key,public,dashboard_config_versions_source_parameter_id_fkey,dashboard_config_versions.source_parameter_id -> dashboard_config_parameters.id,20260721010000_dashboard_kpi_admin_foundation.sql,canonical+applied,
check,public,2200_22920_1_not_null,table=dashboard_config_versions; columns=None,20260721010000_dashboard_kpi_admin_foundation.sql,canonical+applied,
check,public,2200_22920_2_not_null,table=dashboard_config_versions; columns=None,20260721010000_dashboard_kpi_admin_foundation.sql,canonical+applied,
check,public,2200_22920_3_not_null,table=dashboard_config_versions; columns=None,20260721010000_dashboard_kpi_admin_foundation.sql,canonical+applied,
check,public,2200_22920_4_not_null,table=dashboard_config_versions; columns=None,20260721010000_dashboard_kpi_admin_foundation.sql,canonical+applied,
check,public,2200_22920_5_not_null,table=dashboard_config_versions; columns=None,20260721010000_dashboard_kpi_admin_foundation.sql,canonical+applied,
check,public,2200_22920_7_not_null,table=dashboard_config_versions; columns=None,20260721010000_dashboard_kpi_admin_foundation.sql,canonical+applied,
check,public,2200_22920_8_not_null,table=dashboard_config_versions; columns=None,20260721010000_dashboard_kpi_admin_foundation.sql,canonical+applied,
check,public,2200_22920_9_not_null,table=dashboard_config_versions; columns=None,20260721010000_dashboard_kpi_admin_foundation.sql,canonical+applied,
unique,public,dashboard_config_versions_config_key_version_number_key,"table=dashboard_config_versions; columns=config_key,version_number",20260721010000_dashboard_kpi_admin_foundation.sql,canonical+applied,
check,public,dashboard_config_versions_payload_check,table=dashboard_config_versions; columns=None,20260721010000_dashboard_kpi_admin_foundation.sql,canonical+applied,
check,public,dashboard_config_versions_version_number_check,table=dashboard_config_versions; columns=None,20260721010000_dashboard_kpi_admin_foundation.sql,canonical+applied,
index,public,dashboard_config_versions_config_key_version_number_key,"CREATE UNIQUE INDEX dashboard_config_versions_config_key_version_number_key ON public.dashboard_config_versions USING btree (config_key, version_number)",20260721010000_dashboard_kpi_admin_foundation.sql,canonical+applied,
index,public,dashboard_config_versions_pkey,CREATE UNIQUE INDEX dashboard_config_versions_pkey ON public.dashboard_config_versions USING btree (id),20260721010000_dashboard_kpi_admin_foundation.sql,canonical+applied,
trigger,public,trg_dash_config_versions_append_only,"table=dashboard_config_versions; timing=BEFORE; events=DELETE,UPDATE; action=EXECUTE FUNCTION dash_block_version_mutation()",20260721010000_dashboard_kpi_admin_foundation.sql,canonical+applied,
rls_enablement,public,dashboard_config_versions__rls,rls_enabled=True; forced=False,20260721010000_dashboard_kpi_admin_foundation.sql,canonical+applied,
rls_policy,public,dashboard_config_versions.dash_config_versions_read,cmd=SELECT; roles={authenticated}; permissive=PERMISSIVE,20260721010000_dashboard_kpi_admin_foundation.sql,canonical+applied,
table,public,enforcement_recommendations,columns=11; pk_cols=1; fk_out=4; triggers=2; rls=enabled; policies=3,20260719010000_dec_f_enforcement_recommendations.sql,canonical+applied,
column,public,enforcement_recommendations.id,type=uuid; nullable=NO; default=gen_random_uuid(); ordinal=1,20260719010000_dec_f_enforcement_recommendations.sql,canonical+applied,
column,public,enforcement_recommendations.factory_id,type=uuid; nullable=NO; default=None; ordinal=2,20260719010000_dec_f_enforcement_recommendations.sql,canonical+applied,
column,public,enforcement_recommendations.visit_id,type=uuid; nullable=YES; default=None; ordinal=3,20260719010000_dec_f_enforcement_recommendations.sql,canonical+applied,
column,public,enforcement_recommendations.recommended_action,type=text; nullable=NO; default=None; ordinal=4,20260719010000_dec_f_enforcement_recommendations.sql,canonical+applied,
column,public,enforcement_recommendations.recommendation_notes,type=text; nullable=YES; default=None; ordinal=5,20260719010000_dec_f_enforcement_recommendations.sql,canonical+applied,
column,public,enforcement_recommendations.recommended_by,type=uuid; nullable=NO; default=None; ordinal=6,20260719010000_dec_f_enforcement_recommendations.sql,canonical+applied,
column,public,enforcement_recommendations.recommended_at,type=timestamp with time zone; nullable=NO; default=now(); ordinal=7,20260719010000_dec_f_enforcement_recommendations.sql,canonical+applied,
column,public,enforcement_recommendations.status,type=text; nullable=NO; default='pending'::text; ordinal=8,20260719010000_dec_f_enforcement_recommendations.sql,canonical+applied,
column,public,enforcement_recommendations.decided_by,type=uuid; nullable=YES; default=None; ordinal=9,20260719010000_dec_f_enforcement_recommendations.sql,canonical+applied,
column,public,enforcement_recommendations.decided_at,type=timestamp with time zone; nullable=YES; default=None; ordinal=10,20260719010000_dec_f_enforcement_recommendations.sql,canonical+applied,
column,public,enforcement_recommendations.decision_reason,type=text; nullable=YES; default=None; ordinal=11,20260719010000_dec_f_enforcement_recommendations.sql,canonical+applied,
primary_key,public,enforcement_recommendations_pkey,table=enforcement_recommendations; columns=id,20260719010000_dec_f_enforcement_recommendations.sql,canonical+applied,
foreign_key,public,enforcement_recommendations_factory_id_fkey,enforcement_recommendations.factory_id -> factories.id,20260719010000_dec_f_enforcement_recommendations.sql,canonical+applied,
foreign_key,public,enforcement_recommendations_visit_id_fkey,enforcement_recommendations.visit_id -> visits.id,20260719010000_dec_f_enforcement_recommendations.sql,canonical+applied,
foreign_key,public,enforcement_recommendations_recommended_by_fkey,enforcement_recommendations.recommended_by -> profiles.user_id,20260719010000_dec_f_enforcement_recommendations.sql,canonical+applied,
foreign_key,public,enforcement_recommendations_decided_by_fkey,enforcement_recommendations.decided_by -> profiles.user_id,20260719010000_dec_f_enforcement_recommendations.sql,canonical+applied,
check,public,2200_21532_1_not_null,table=enforcement_recommendations; columns=None,20260719010000_dec_f_enforcement_recommendations.sql,canonical+applied,
check,public,2200_21532_2_not_null,table=enforcement_recommendations; columns=None,20260719010000_dec_f_enforcement_recommendations.sql,canonical+applied,
check,public,2200_21532_4_not_null,table=enforcement_recommendations; columns=None,20260719010000_dec_f_enforcement_recommendations.sql,canonical+applied,
check,public,2200_21532_6_not_null,table=enforcement_recommendations; columns=None,20260719010000_dec_f_enforcement_recommendations.sql,canonical+applied,
check,public,2200_21532_7_not_null,table=enforcement_recommendations; columns=None,20260719010000_dec_f_enforcement_recommendations.sql,canonical+applied,
check,public,2200_21532_8_not_null,table=enforcement_recommendations; columns=None,20260719010000_dec_f_enforcement_recommendations.sql,canonical+applied,
check,public,enforcement_recommendations_decision_reason_check,table=enforcement_recommendations; columns=None,20260719010000_dec_f_enforcement_recommendations.sql,canonical+applied,
check,public,enforcement_recommendations_recommendation_notes_check,table=enforcement_recommendations; columns=None,20260719010000_dec_f_enforcement_recommendations.sql,canonical+applied,
check,public,enforcement_recommendations_recommended_action_check,table=enforcement_recommendations; columns=None,20260719010000_dec_f_enforcement_recommendations.sql,canonical+applied,
check,public,enforcement_recommendations_status_check,table=enforcement_recommendations; columns=None,20260719010000_dec_f_enforcement_recommendations.sql,canonical+applied,
index,public,enforcement_recommendations_pkey,CREATE UNIQUE INDEX enforcement_recommendations_pkey ON public.enforcement_recommendations USING btree (id),20260719010000_dec_f_enforcement_recommendations.sql,canonical+applied,
index,public,idx_enforcement_recommendations_factory,CREATE INDEX idx_enforcement_recommendations_factory ON public.enforcement_recommendations USING btree (factory_id),20260719010000_dec_f_enforcement_recommendations.sql,canonical+applied,
index,public,idx_enforcement_recommendations_status,CREATE INDEX idx_enforcement_recommendations_status ON public.enforcement_recommendations USING btree (status) WHERE (status = 'pending'::text),20260719010000_dec_f_enforcement_recommendations.sql,canonical+applied,
trigger,public,trg_audit_enforcement_recommendations,"table=enforcement_recommendations; timing=AFTER; events=DELETE,INSERT,UPDATE; action=EXECUTE FUNCTION audit_row_change()",20260719010000_dec_f_enforcement_recommendations.sql,canonical+applied,
trigger,public,trg_guard_enforcement_recommendation,table=enforcement_recommendations; timing=BEFORE; events=UPDATE; action=EXECUTE FUNCTION guard_decided_enforcement_recommendation(),20260719010000_dec_f_enforcement_recommendations.sql,canonical+applied,
rls_enablement,public,enforcement_recommendations__rls,rls_enabled=True; forced=False,20260719010000_dec_f_enforcement_recommendations.sql,canonical+applied,
rls_policy,public,enforcement_recommendations.enforcement_recommendations_decide,cmd=UPDATE; roles={public}; permissive=PERMISSIVE,20260719010000_dec_f_enforcement_recommendations.sql,canonical+applied,
rls_policy,public,enforcement_recommendations.enforcement_recommendations_insert,cmd=INSERT; roles={public}; permissive=PERMISSIVE,20260719010000_dec_f_enforcement_recommendations.sql,canonical+applied,
rls_policy,public,enforcement_recommendations.enforcement_recommendations_read,cmd=SELECT; roles={public}; permissive=PERMISSIVE,20260719010000_dec_f_enforcement_recommendations.sql,canonical+applied,
table,public,engine_settings,columns=5; pk_cols=1; fk_out=1; triggers=1; rls=enabled; policies=2,0001_foundation.sql,canonical+applied,
column,public,engine_settings.engine,type=text; nullable=NO; default=None; ordinal=1,0001_foundation.sql,canonical+applied,
column,public,engine_settings.settings,type=jsonb; nullable=NO; default=None; ordinal=2,0001_foundation.sql,canonical+applied,
column,public,engine_settings.version_label,type=text; nullable=NO; default=None; ordinal=3,0001_foundation.sql,canonical+applied,
column,public,engine_settings.updated_by,type=uuid; nullable=YES; default=None; ordinal=4,0001_foundation.sql,canonical+applied,
column,public,engine_settings.updated_at,type=timestamp with time zone; nullable=NO; default=now(); ordinal=5,0001_foundation.sql,canonical+applied,
primary_key,public,engine_settings_pkey,table=engine_settings; columns=engine,0001_foundation.sql,canonical+applied,
foreign_key,public,engine_settings_updated_by_fkey,engine_settings.updated_by -> profiles.user_id,0001_foundation.sql,canonical+applied,
check,public,2200_17891_1_not_null,table=engine_settings; columns=None,0001_foundation.sql,canonical+applied,
check,public,2200_17891_2_not_null,table=engine_settings; columns=None,0001_foundation.sql,canonical+applied,
check,public,2200_17891_3_not_null,table=engine_settings; columns=None,0001_foundation.sql,canonical+applied,
check,public,2200_17891_5_not_null,table=engine_settings; columns=None,0001_foundation.sql,canonical+applied,
index,public,engine_settings_pkey,CREATE UNIQUE INDEX engine_settings_pkey ON public.engine_settings USING btree (engine),0001_foundation.sql,canonical+applied,
trigger,public,trg_audit_engine_settings,"table=engine_settings; timing=AFTER; events=DELETE,INSERT,UPDATE; action=EXECUTE FUNCTION audit_row_change()",0001_foundation.sql,canonical+applied,
rls_enablement,public,engine_settings__rls,rls_enabled=True; forced=False,0001_foundation.sql,canonical+applied,
rls_policy,public,engine_settings.engine_read,cmd=SELECT; roles={public}; permissive=PERMISSIVE,0001_foundation.sql,canonical+applied,
rls_policy,public,engine_settings.engine_write,cmd=UPDATE; roles={public}; permissive=PERMISSIVE,0001_foundation.sql,canonical+applied,
table,public,evidence,columns=20; pk_cols=1; fk_out=4; triggers=3; rls=enabled; policies=3,0001_foundation.sql,canonical+applied,
column,public,evidence.id,type=uuid; nullable=NO; default=gen_random_uuid(); ordinal=1,0001_foundation.sql,canonical+applied,
column,public,evidence.inspection_id,type=uuid; nullable=YES; default=None; ordinal=2,0001_foundation.sql,canonical+applied,
column,public,evidence.evidence_type,type=text; nullable=NO; default=None; ordinal=3,0001_foundation.sql,canonical+applied,
column,public,evidence.linked_type,type=USER-DEFINED; nullable=NO; default=None; ordinal=4,0001_foundation.sql,canonical+applied,
column,public,evidence.linked_id,type=uuid; nullable=NO; default=None; ordinal=5,0001_foundation.sql,canonical+applied,
column,public,evidence.storage_path,type=text; nullable=NO; default=None; ordinal=6,0001_foundation.sql,canonical+applied,
column,public,evidence.captured_at,type=timestamp with time zone; nullable=NO; default=None; ordinal=7,0001_foundation.sql,canonical+applied,
column,public,evidence.captured_lat,type=numeric; nullable=YES; default=None; ordinal=8,0001_foundation.sql,canonical+applied,
column,public,evidence.captured_lng,type=numeric; nullable=YES; default=None; ordinal=9,0001_foundation.sql,canonical+applied,
column,public,evidence.content_sha256,type=text; nullable=YES; default=None; ordinal=10,0001_foundation.sql,canonical+applied,
column,public,evidence.captured_by,type=uuid; nullable=YES; default=None; ordinal=11,0001_foundation.sql,canonical+applied,
column,public,evidence.synced_at,type=timestamp with time zone; nullable=YES; default=None; ordinal=12,0001_foundation.sql,canonical+applied,
column,public,evidence.visit_id,type=uuid; nullable=YES; default=None; ordinal=13,0001_foundation.sql,canonical+applied,
column,public,evidence.archived_at,type=timestamp with time zone; nullable=YES; default=None; ordinal=14,0001_foundation.sql,canonical+applied,
column,public,evidence.superseded_by,type=uuid; nullable=YES; default=None; ordinal=15,0001_foundation.sql,canonical+applied,
column,public,evidence.deleted_at,type=timestamp with time zone; nullable=YES; default=None; ordinal=16,0001_foundation.sql,canonical+applied,
column,public,evidence.delete_reason,type=text; nullable=YES; default=None; ordinal=17,0001_foundation.sql,canonical+applied,
column,public,evidence.evidence_note,type=text; nullable=YES; default=None; ordinal=18,0001_foundation.sql,canonical+applied,
column,public,evidence.geo_accuracy_m,type=numeric; nullable=YES; default=None; ordinal=19,0001_foundation.sql,canonical+applied,
column,public,evidence.geo_source,type=text; nullable=YES; default=None; ordinal=20,0001_foundation.sql,canonical+applied,
primary_key,public,evidence_pkey,table=evidence; columns=id,0001_foundation.sql,canonical+applied,
foreign_key,public,evidence_inspection_id_fkey,evidence.inspection_id -> inspections.id,0001_foundation.sql,canonical+applied,
foreign_key,public,evidence_captured_by_fkey,evidence.captured_by -> profiles.user_id,0001_foundation.sql,canonical+applied,
foreign_key,public,evidence_visit_id_fkey,evidence.visit_id -> visits.id,0001_foundation.sql,canonical+applied,
foreign_key,public,evidence_superseded_by_fkey,evidence.superseded_by -> evidence.id,0001_foundation.sql,canonical+applied,
check,public,2200_18061_1_not_null,table=evidence; columns=None,0001_foundation.sql,canonical+applied,
check,public,2200_18061_3_not_null,table=evidence; columns=None,0001_foundation.sql,canonical+applied,
check,public,2200_18061_4_not_null,table=evidence; columns=None,0001_foundation.sql,canonical+applied,
check,public,2200_18061_5_not_null,table=evidence; columns=None,0001_foundation.sql,canonical+applied,
check,public,2200_18061_6_not_null,table=evidence; columns=None,0001_foundation.sql,canonical+applied,
check,public,2200_18061_7_not_null,table=evidence; columns=None,0001_foundation.sql,canonical+applied,
check,public,evidence_delete_reason_ck,table=evidence; columns=None,0001_foundation.sql,canonical+applied,
check,public,evidence_link_target,table=evidence; columns=None,0001_foundation.sql,canonical+applied,
unique,public,evidence_storage_path_key,table=evidence; columns=storage_path,0001_foundation.sql,canonical+applied,
index,public,evidence_inspection_idx,CREATE INDEX evidence_inspection_idx ON public.evidence USING btree (inspection_id),0001_foundation.sql,canonical+applied,
index,public,evidence_override_lookup_idx,CREATE INDEX evidence_override_lookup_idx ON public.evidence USING btree (linked_id) WHERE ((linked_type = 'geo_override'::evidence_link) AND (evidence_type = 'photo'::text)),0001_foundation.sql,canonical+applied,
index,public,evidence_pkey,CREATE UNIQUE INDEX evidence_pkey ON public.evidence USING btree (id),0001_foundation.sql,canonical+applied,
index,public,evidence_storage_path_key,CREATE UNIQUE INDEX evidence_storage_path_key ON public.evidence USING btree (storage_path),0001_foundation.sql,canonical+applied,
index,public,idx_evidence_superseded_by,CREATE INDEX idx_evidence_superseded_by ON public.evidence USING btree (superseded_by),0001_foundation.sql,canonical+applied,
index,public,idx_evidence_visit,CREATE INDEX idx_evidence_visit ON public.evidence USING btree (visit_id) WHERE (visit_id IS NOT NULL),0001_foundation.sql,canonical+applied,
trigger,public,trg_audit_evidence,"table=evidence; timing=AFTER; events=DELETE,INSERT,UPDATE; action=EXECUTE FUNCTION audit_row_change()",0001_foundation.sql,canonical+applied,
trigger,public,trg_guard_evd,"table=evidence; timing=BEFORE; events=DELETE,UPDATE; action=EXECUTE FUNCTION guard_submitted_inspection()",0001_foundation.sql,canonical+applied,
trigger,public,trg_mvp2_m2_05_semantic_evidence,"table=evidence; timing=AFTER; events=INSERT,UPDATE; action=EXECUTE FUNCTION emit_mvp2_m2_05_semantic_event()",0001_foundation.sql,canonical+applied,
rls_enablement,public,evidence__rls,rls_enabled=True; forced=False,0001_foundation.sql,canonical+applied,
rls_policy,public,evidence.evidence_read_prior_approved,cmd=SELECT; roles={public}; permissive=PERMISSIVE,0001_foundation.sql,canonical+applied,
rls_policy,public,evidence.evidence_rw,cmd=ALL; roles={public}; permissive=PERMISSIVE,0001_foundation.sql,canonical+applied,
rls_policy,public,evidence.evidence_visit_rw,cmd=ALL; roles={public}; permissive=PERMISSIVE,0001_foundation.sql,canonical+applied,
table,public,external_requests,columns=11; pk_cols=1; fk_out=3; triggers=0; rls=enabled; policies=3,20260717180000_mvp2_m2_08_external_portal.sql,canonical+applied,
column,public,external_requests.id,type=uuid; nullable=NO; default=gen_random_uuid(); ordinal=1,20260717180000_mvp2_m2_08_external_portal.sql,canonical+applied,
column,public,external_requests.factory_id,type=uuid; nullable=NO; default=None; ordinal=2,20260717180000_mvp2_m2_08_external_portal.sql,canonical+applied,
column,public,external_requests.request_type,type=text; nullable=NO; default=None; ordinal=3,20260717180000_mvp2_m2_08_external_portal.sql,canonical+applied,
column,public,external_requests.status,type=text; nullable=NO; default='submitted'::text; ordinal=4,20260717180000_mvp2_m2_08_external_portal.sql,canonical+applied,
column,public,external_requests.subject,type=text; nullable=YES; default=None; ordinal=5,20260717180000_mvp2_m2_08_external_portal.sql,canonical+applied,
column,public,external_requests.body,type=jsonb; nullable=NO; default='{}'::jsonb; ordinal=6,20260717180000_mvp2_m2_08_external_portal.sql,canonical+applied,
column,public,external_requests.submitted_by_rep,type=uuid; nullable=YES; default=None; ordinal=7,20260717180000_mvp2_m2_08_external_portal.sql,canonical+applied,
column,public,external_requests.decided_by,type=uuid; nullable=YES; default=None; ordinal=8,20260717180000_mvp2_m2_08_external_portal.sql,canonical+applied,
column,public,external_requests.decision_reason,type=text; nullable=YES; default=None; ordinal=9,20260717180000_mvp2_m2_08_external_portal.sql,canonical+applied,
column,public,external_requests.created_at,type=timestamp with time zone; nullable=NO; default=now(); ordinal=10,20260717180000_mvp2_m2_08_external_portal.sql,canonical+applied,
column,public,external_requests.updated_at,type=timestamp with time zone; nullable=NO; default=now(); ordinal=11,20260717180000_mvp2_m2_08_external_portal.sql,canonical+applied,
primary_key,public,external_requests_pkey,table=external_requests; columns=id,20260717180000_mvp2_m2_08_external_portal.sql,canonical+applied,
foreign_key,public,external_requests_submitted_by_rep_fkey,external_requests.submitted_by_rep -> factory_representatives.id,20260717180000_mvp2_m2_08_external_portal.sql,canonical+applied,
foreign_key,public,external_requests_decided_by_fkey,external_requests.decided_by -> profiles.user_id,20260717180000_mvp2_m2_08_external_portal.sql,canonical+applied,
foreign_key,public,external_requests_factory_id_fkey,external_requests.factory_id -> factories.id,20260717180000_mvp2_m2_08_external_portal.sql,canonical+applied,
check,public,2200_20593_10_not_null,table=external_requests; columns=None,20260717180000_mvp2_m2_08_external_portal.sql,canonical+applied,
check,public,2200_20593_11_not_null,table=external_requests; columns=None,20260717180000_mvp2_m2_08_external_portal.sql,canonical+applied,
check,public,2200_20593_1_not_null,table=external_requests; columns=None,20260717180000_mvp2_m2_08_external_portal.sql,canonical+applied,
check,public,2200_20593_2_not_null,table=external_requests; columns=None,20260717180000_mvp2_m2_08_external_portal.sql,canonical+applied,
check,public,2200_20593_3_not_null,table=external_requests; columns=None,20260717180000_mvp2_m2_08_external_portal.sql,canonical+applied,
check,public,2200_20593_4_not_null,table=external_requests; columns=None,20260717180000_mvp2_m2_08_external_portal.sql,canonical+applied,
check,public,2200_20593_6_not_null,table=external_requests; columns=None,20260717180000_mvp2_m2_08_external_portal.sql,canonical+applied,
check,public,external_requests_status_check,table=external_requests; columns=None,20260717180000_mvp2_m2_08_external_portal.sql,canonical+applied,
index,public,external_requests_factory_idx,"CREATE INDEX external_requests_factory_idx ON public.external_requests USING btree (factory_id, status)",20260717180000_mvp2_m2_08_external_portal.sql,canonical+applied,
index,public,external_requests_pkey,CREATE UNIQUE INDEX external_requests_pkey ON public.external_requests USING btree (id),20260717180000_mvp2_m2_08_external_portal.sql,canonical+applied,
rls_enablement,public,external_requests__rls,rls_enabled=True; forced=False,20260717180000_mvp2_m2_08_external_portal.sql,canonical+applied,
rls_policy,public,external_requests.external_requests_internal_read,cmd=SELECT; roles={public}; permissive=PERMISSIVE,20260717180000_mvp2_m2_08_external_portal.sql,canonical+applied,
rls_policy,public,external_requests.external_requests_internal_update,cmd=UPDATE; roles={public}; permissive=PERMISSIVE,20260717180000_mvp2_m2_08_external_portal.sql,canonical+applied,
rls_policy,public,external_requests.external_requests_internal_write,cmd=INSERT; roles={public}; permissive=PERMISSIVE,20260717180000_mvp2_m2_08_external_portal.sql,canonical+applied,
table,public,external_source_connections,columns=11; pk_cols=1; fk_out=0; triggers=1; rls=enabled; policies=1,20260720010000_factory360_v2_foundation.sql,canonical+applied,
column,public,external_source_connections.id,type=uuid; nullable=NO; default=gen_random_uuid(); ordinal=1,20260720010000_factory360_v2_foundation.sql,canonical+applied,
column,public,external_source_connections.provider_key,type=text; nullable=NO; default=None; ordinal=2,20260720010000_factory360_v2_foundation.sql,canonical+applied,
column,public,external_source_connections.environment,type=text; nullable=NO; default=None; ordinal=3,20260720010000_factory360_v2_foundation.sql,canonical+applied,
column,public,external_source_connections.contract_version,type=text; nullable=YES; default=None; ordinal=4,20260720010000_factory360_v2_foundation.sql,canonical+applied,
column,public,external_source_connections.base_url_origin,type=text; nullable=YES; default=None; ordinal=5,20260720010000_factory360_v2_foundation.sql,canonical+applied,
column,public,external_source_connections.auth_mode,type=text; nullable=YES; default=None; ordinal=6,20260720010000_factory360_v2_foundation.sql,canonical+applied,
column,public,external_source_connections.configuration_status,type=text; nullable=NO; default='not_configured'::text; ordinal=7,20260720010000_factory360_v2_foundation.sql,canonical+applied,
column,public,external_source_connections.enabled,type=boolean; nullable=NO; default=false; ordinal=8,20260720010000_factory360_v2_foundation.sql,canonical+applied,
column,public,external_source_connections.last_validated_at,type=timestamp with time zone; nullable=YES; default=None; ordinal=9,20260720010000_factory360_v2_foundation.sql,canonical+applied,
column,public,external_source_connections.created_at,type=timestamp with time zone; nullable=NO; default=now(); ordinal=10,20260720010000_factory360_v2_foundation.sql,canonical+applied,
column,public,external_source_connections.updated_at,type=timestamp with time zone; nullable=NO; default=now(); ordinal=11,20260720010000_factory360_v2_foundation.sql,canonical+applied,
primary_key,public,external_source_connections_pkey,table=external_source_connections; columns=id,20260720010000_factory360_v2_foundation.sql,canonical+applied,
check,public,2200_22290_10_not_null,table=external_source_connections; columns=None,20260720010000_factory360_v2_foundation.sql,canonical+applied,
check,public,2200_22290_11_not_null,table=external_source_connections; columns=None,20260720010000_factory360_v2_foundation.sql,canonical+applied,
check,public,2200_22290_1_not_null,table=external_source_connections; columns=None,20260720010000_factory360_v2_foundation.sql,canonical+applied,
check,public,2200_22290_2_not_null,table=external_source_connections; columns=None,20260720010000_factory360_v2_foundation.sql,canonical+applied,
check,public,2200_22290_3_not_null,table=external_source_connections; columns=None,20260720010000_factory360_v2_foundation.sql,canonical+applied,
check,public,2200_22290_7_not_null,table=external_source_connections; columns=None,20260720010000_factory360_v2_foundation.sql,canonical+applied,
check,public,2200_22290_8_not_null,table=external_source_connections; columns=None,20260720010000_factory360_v2_foundation.sql,canonical+applied,
check,public,external_source_connections_auth_mode_check,table=external_source_connections; columns=None,20260720010000_factory360_v2_foundation.sql,canonical+applied,
check,public,external_source_connections_base_url_origin_check,table=external_source_connections; columns=None,20260720010000_factory360_v2_foundation.sql,canonical+applied,
check,public,external_source_connections_configuration_status_check,table=external_source_connections; columns=None,20260720010000_factory360_v2_foundation.sql,canonical+applied,
unique,public,external_source_connections_provider_key_environment_key,"table=external_source_connections; columns=provider_key,environment",20260720010000_factory360_v2_foundation.sql,canonical+applied,
index,public,external_source_connections_pkey,CREATE UNIQUE INDEX external_source_connections_pkey ON public.external_source_connections USING btree (id),20260720010000_factory360_v2_foundation.sql,canonical+applied,
index,public,external_source_connections_provider_key_environment_key,"CREATE UNIQUE INDEX external_source_connections_provider_key_environment_key ON public.external_source_connections USING btree (provider_key, environment)",20260720010000_factory360_v2_foundation.sql,canonical+applied,
trigger,public,trg_audit_external_source_connections,"table=external_source_connections; timing=AFTER; events=DELETE,INSERT,UPDATE; action=EXECUTE FUNCTION audit_row_change()",20260720010000_factory360_v2_foundation.sql,canonical+applied,
rls_enablement,public,external_source_connections__rls,rls_enabled=True; forced=False,20260720010000_factory360_v2_foundation.sql,canonical+applied,
rls_policy,public,external_source_connections.f360_external_source_connections_admin,cmd=ALL; roles={authenticated}; permissive=PERMISSIVE,20260720010000_factory360_v2_foundation.sql,canonical+applied,
table,public,factories,columns=33; pk_cols=1; fk_out=0; triggers=1; rls=enabled; policies=4,0001_foundation.sql,canonical+applied,
column,public,factories.id,type=uuid; nullable=NO; default=gen_random_uuid(); ordinal=1,0001_foundation.sql,canonical+applied,
column,public,factories.factory_code,type=text; nullable=YES; default=None; ordinal=2,0001_foundation.sql,canonical+applied,
column,public,factories.name,type=text; nullable=NO; default=None; ordinal=3,0001_foundation.sql,canonical+applied,
column,public,factories.cr_number,type=text; nullable=YES; default=None; ordinal=4,0001_foundation.sql,canonical+applied,
column,public,factories.license_number,type=text; nullable=YES; default=None; ordinal=5,0001_foundation.sql,canonical+applied,
column,public,factories.region,type=text; nullable=YES; default=None; ordinal=6,0001_foundation.sql,canonical+applied,
column,public,factories.city,type=text; nullable=YES; default=None; ordinal=7,0001_foundation.sql,canonical+applied,
column,public,factories.activity_class,type=text; nullable=YES; default=None; ordinal=8,0001_foundation.sql,canonical+applied,
column,public,factories.official_lat,type=numeric; nullable=YES; default=None; ordinal=9,0001_foundation.sql,canonical+applied,
column,public,factories.official_lng,type=numeric; nullable=YES; default=None; ordinal=10,0001_foundation.sql,canonical+applied,
column,public,factories.source,type=text; nullable=NO; default='senaei'::text; ordinal=11,0001_foundation.sql,canonical+applied,
column,public,factories.source_synced_at,type=timestamp with time zone; nullable=YES; default=None; ordinal=12,0001_foundation.sql,canonical+applied,
column,public,factories.is_temporary,type=boolean; nullable=NO; default=false; ordinal=13,0001_foundation.sql,canonical+applied,
column,public,factories.risk_score,type=numeric; nullable=YES; default=None; ordinal=14,0001_foundation.sql,canonical+applied,
column,public,factories.risk_band,type=text; nullable=YES; default=None; ordinal=15,0001_foundation.sql,canonical+applied,
column,public,factories.risk_version,type=text; nullable=YES; default=None; ordinal=16,0001_foundation.sql,canonical+applied,
column,public,factories.created_at,type=timestamp with time zone; nullable=NO; default=now(); ordinal=17,0001_foundation.sql,canonical+applied,
column,public,factories.geofence_radius_m,type=integer; nullable=YES; default=None; ordinal=18,0001_foundation.sql,canonical+applied,
column,public,factories.employees_total,type=integer; nullable=YES; default=None; ordinal=19,0001_foundation.sql,canonical+applied,
column,public,factories.employees_saudi,type=integer; nullable=YES; default=None; ordinal=20,0001_foundation.sql,canonical+applied,
column,public,factories.capital_invested,type=numeric; nullable=YES; default=None; ordinal=21,0001_foundation.sql,canonical+applied,
column,public,factories.production_capacity_note,type=text; nullable=YES; default=None; ordinal=22,0001_foundation.sql,canonical+applied,
column,public,factories.name_is_system_generated,type=boolean; nullable=NO; default=false; ordinal=23,0001_foundation.sql,canonical+applied,
column,public,factories.license_status,type=text; nullable=YES; default=None; ordinal=24,0001_foundation.sql,canonical+applied,
column,public,factories.license_stage,type=text; nullable=YES; default=None; ordinal=25,0001_foundation.sql,canonical+applied,
column,public,factories.license_issue_date,type=date; nullable=YES; default=None; ordinal=26,0001_foundation.sql,canonical+applied,
column,public,factories.license_expiry_date,type=date; nullable=YES; default=None; ordinal=27,0001_foundation.sql,canonical+applied,
column,public,factories.license_holder,type=text; nullable=YES; default=None; ordinal=28,0001_foundation.sql,canonical+applied,
column,public,factories.legal_name,type=text; nullable=YES; default=None; ordinal=29,0001_foundation.sql,canonical+applied,
column,public,factories.cr_status,type=text; nullable=YES; default=None; ordinal=30,0001_foundation.sql,canonical+applied,
column,public,factories.cr_owner_details,type=text; nullable=YES; default=None; ordinal=31,0001_foundation.sql,canonical+applied,
column,public,factories.risk_drivers,type=jsonb; nullable=YES; default=None; ordinal=32,0001_foundation.sql,canonical+applied,
column,public,factories.risk_calculated_at,type=timestamp with time zone; nullable=YES; default=None; ordinal=33,0001_foundation.sql,canonical+applied,
primary_key,public,factories_pkey,table=factories; columns=id,0001_foundation.sql,canonical+applied,
check,public,2200_17904_11_not_null,table=factories; columns=None,0001_foundation.sql,canonical+applied,
check,public,2200_17904_13_not_null,table=factories; columns=None,0001_foundation.sql,canonical+applied,
check,public,2200_17904_17_not_null,table=factories; columns=None,0001_foundation.sql,canonical+applied,
check,public,2200_17904_1_not_null,table=factories; columns=None,0001_foundation.sql,canonical+applied,
check,public,2200_17904_23_not_null,table=factories; columns=None,0001_foundation.sql,canonical+applied,
check,public,2200_17904_3_not_null,table=factories; columns=None,0001_foundation.sql,canonical+applied,
unique,public,factories_factory_code_key,table=factories; columns=factory_code,0001_foundation.sql,canonical+applied,
check,public,factory_license_date_order,table=factories; columns=None,0001_foundation.sql,canonical+applied,
index,public,factories_factory_code_key,CREATE UNIQUE INDEX factories_factory_code_key ON public.factories USING btree (factory_code),0001_foundation.sql,canonical+applied,
index,public,factories_pkey,CREATE UNIQUE INDEX factories_pkey ON public.factories USING btree (id),0001_foundation.sql,canonical+applied,
index,public,factories_region_idx,CREATE INDEX factories_region_idx ON public.factories USING btree (region),0001_foundation.sql,canonical+applied,
trigger,public,trg_audit_factories,"table=factories; timing=AFTER; events=DELETE,INSERT,UPDATE; action=EXECUTE FUNCTION audit_row_change()",0001_foundation.sql,canonical+applied,
rls_enablement,public,factories__rls,rls_enabled=True; forced=False,0001_foundation.sql,canonical+applied,
rls_policy,public,factories.factories_insert_immediate_inspector,cmd=INSERT; roles={public}; permissive=PERMISSIVE,0001_foundation.sql,canonical+applied,
rls_policy,public,factories.factories_read,cmd=SELECT; roles={public}; permissive=PERMISSIVE,0001_foundation.sql,canonical+applied,
rls_policy,public,factories.factories_update,cmd=UPDATE; roles={public}; permissive=PERMISSIVE,0001_foundation.sql,canonical+applied,
rls_policy,public,factories.factories_write_admin,cmd=INSERT; roles={public}; permissive=PERMISSIVE,0001_foundation.sql,canonical+applied,
table,public,factory_documents,columns=17; pk_cols=1; fk_out=4; triggers=1; rls=enabled; policies=2,0011_factory360_gis_ksa_seed.sql,canonical+applied,
column,public,factory_documents.id,type=uuid; nullable=NO; default=gen_random_uuid(); ordinal=1,0011_factory360_gis_ksa_seed.sql,canonical+applied,
column,public,factory_documents.factory_id,type=uuid; nullable=NO; default=None; ordinal=2,0011_factory360_gis_ksa_seed.sql,canonical+applied,
column,public,factory_documents.doc_type,type=text; nullable=NO; default=None; ordinal=3,0011_factory360_gis_ksa_seed.sql,canonical+applied,
column,public,factory_documents.title,type=text; nullable=NO; default=None; ordinal=4,0011_factory360_gis_ksa_seed.sql,canonical+applied,
column,public,factory_documents.reference_no,type=text; nullable=YES; default=None; ordinal=5,0011_factory360_gis_ksa_seed.sql,canonical+applied,
column,public,factory_documents.valid_from,type=date; nullable=YES; default=None; ordinal=6,0011_factory360_gis_ksa_seed.sql,canonical+applied,
column,public,factory_documents.valid_to,type=date; nullable=YES; default=None; ordinal=7,0011_factory360_gis_ksa_seed.sql,canonical+applied,
column,public,factory_documents.storage_path,type=text; nullable=YES; default=None; ordinal=8,0011_factory360_gis_ksa_seed.sql,canonical+applied,
column,public,factory_documents.uploaded_by,type=uuid; nullable=YES; default=None; ordinal=9,0011_factory360_gis_ksa_seed.sql,canonical+applied,
column,public,factory_documents.created_at,type=timestamp with time zone; nullable=NO; default=now(); ordinal=10,0011_factory360_gis_ksa_seed.sql,canonical+applied,
column,public,factory_documents.industrial_license_id,type=uuid; nullable=YES; default=None; ordinal=11,0011_factory360_gis_ksa_seed.sql,canonical+applied,
column,public,factory_documents.business_category,type=text; nullable=YES; default=None; ordinal=12,0011_factory360_gis_ksa_seed.sql,canonical+applied,
column,public,factory_documents.source_system,type=text; nullable=YES; default=None; ordinal=13,0011_factory360_gis_ksa_seed.sql,canonical+applied,
column,public,factory_documents.external_document_id,type=text; nullable=YES; default=None; ordinal=14,0011_factory360_gis_ksa_seed.sql,canonical+applied,
column,public,factory_documents.source_snapshot_id,type=uuid; nullable=YES; default=None; ordinal=15,0011_factory360_gis_ksa_seed.sql,canonical+applied,
column,public,factory_documents.source_status,type=text; nullable=YES; default=None; ordinal=16,0011_factory360_gis_ksa_seed.sql,canonical+applied,
column,public,factory_documents.provenance,type=jsonb; nullable=NO; default='{}'::jsonb; ordinal=17,0011_factory360_gis_ksa_seed.sql,canonical+applied,
primary_key,public,factory_documents_pkey,table=factory_documents; columns=id,0011_factory360_gis_ksa_seed.sql,canonical+applied,
foreign_key,public,factory_documents_industrial_license_fk,factory_documents.industrial_license_id -> industrial_licenses.id,0011_factory360_gis_ksa_seed.sql,canonical+applied,
foreign_key,public,factory_documents_factory_id_fkey,factory_documents.factory_id -> factories.id,0011_factory360_gis_ksa_seed.sql,canonical+applied,
foreign_key,public,factory_documents_source_snapshot_fk,factory_documents.source_snapshot_id -> senaei_raw_snapshots.id,0011_factory360_gis_ksa_seed.sql,canonical+applied,
foreign_key,public,factory_documents_uploaded_by_fkey,factory_documents.uploaded_by -> profiles.user_id,0011_factory360_gis_ksa_seed.sql,canonical+applied,
check,public,2200_18445_10_not_null,table=factory_documents; columns=None,0011_factory360_gis_ksa_seed.sql,canonical+applied,
check,public,2200_18445_17_not_null,table=factory_documents; columns=None,0011_factory360_gis_ksa_seed.sql,canonical+applied,
check,public,2200_18445_1_not_null,table=factory_documents; columns=None,0011_factory360_gis_ksa_seed.sql,canonical+applied,
check,public,2200_18445_2_not_null,table=factory_documents; columns=None,0011_factory360_gis_ksa_seed.sql,canonical+applied,
check,public,2200_18445_3_not_null,table=factory_documents; columns=None,0011_factory360_gis_ksa_seed.sql,canonical+applied,
check,public,2200_18445_4_not_null,table=factory_documents; columns=None,0011_factory360_gis_ksa_seed.sql,canonical+applied,
index,public,factory_documents_pkey,CREATE UNIQUE INDEX factory_documents_pkey ON public.factory_documents USING btree (id),0011_factory360_gis_ksa_seed.sql,canonical+applied,
trigger,public,trg_audit_factory_documents,"table=factory_documents; timing=AFTER; events=DELETE,INSERT,UPDATE; action=EXECUTE FUNCTION audit_row_change()",0011_factory360_gis_ksa_seed.sql,canonical+applied,
rls_enablement,public,factory_documents__rls,rls_enabled=True; forced=False,0011_factory360_gis_ksa_seed.sql,canonical+applied,
rls_policy,public,factory_documents.fdocs_read,cmd=SELECT; roles={authenticated}; permissive=PERMISSIVE,0011_factory360_gis_ksa_seed.sql,canonical+applied,
rls_policy,public,factory_documents.fdocs_write,cmd=INSERT; roles={public}; permissive=PERMISSIVE,0011_factory360_gis_ksa_seed.sql,canonical+applied,
table,public,factory_government_records,columns=16; pk_cols=1; fk_out=3; triggers=2; rls=enabled; policies=2,20260720010000_factory360_v2_foundation.sql,canonical+applied,
column,public,factory_government_records.id,type=uuid; nullable=NO; default=gen_random_uuid(); ordinal=1,20260720010000_factory360_v2_foundation.sql,canonical+applied,
column,public,factory_government_records.factory_id,type=uuid; nullable=NO; default=None; ordinal=2,20260720010000_factory360_v2_foundation.sql,canonical+applied,
column,public,factory_government_records.industrial_license_id,type=uuid; nullable=YES; default=None; ordinal=3,20260720010000_factory360_v2_foundation.sql,canonical+applied,
column,public,factory_government_records.record_type,type=text; nullable=NO; default=None; ordinal=4,20260720010000_factory360_v2_foundation.sql,canonical+applied,
column,public,factory_government_records.external_record_id,type=text; nullable=NO; default=None; ordinal=5,20260720010000_factory360_v2_foundation.sql,canonical+applied,
column,public,factory_government_records.version_number,type=integer; nullable=NO; default=1; ordinal=6,20260720010000_factory360_v2_foundation.sql,canonical+applied,
column,public,factory_government_records.status,type=text; nullable=NO; default=None; ordinal=7,20260720010000_factory360_v2_foundation.sql,canonical+applied,
column,public,factory_government_records.title,type=text; nullable=YES; default=None; ordinal=8,20260720010000_factory360_v2_foundation.sql,canonical+applied,
column,public,factory_government_records.valid_from,type=date; nullable=YES; default=None; ordinal=9,20260720010000_factory360_v2_foundation.sql,canonical+applied,
column,public,factory_government_records.valid_to,type=date; nullable=YES; default=None; ordinal=10,20260720010000_factory360_v2_foundation.sql,canonical+applied,
column,public,factory_government_records.status_history,type=jsonb; nullable=NO; default='[]'::jsonb; ordinal=11,20260720010000_factory360_v2_foundation.sql,canonical+applied,
column,public,factory_government_records.documents_metadata,type=jsonb; nullable=NO; default='[]'::jsonb; ordinal=12,20260720010000_factory360_v2_foundation.sql,canonical+applied,
column,public,factory_government_records.attributes,type=jsonb; nullable=NO; default='{}'::jsonb; ordinal=13,20260720010000_factory360_v2_foundation.sql,canonical+applied,
column,public,factory_government_records.source_system,type=text; nullable=NO; default=None; ordinal=14,20260720010000_factory360_v2_foundation.sql,canonical+applied,
column,public,factory_government_records.source_snapshot_id,type=uuid; nullable=YES; default=None; ordinal=15,20260720010000_factory360_v2_foundation.sql,canonical+applied,
column,public,factory_government_records.recorded_at,type=timestamp with time zone; nullable=NO; default=now(); ordinal=16,20260720010000_factory360_v2_foundation.sql,canonical+applied,
primary_key,public,factory_government_records_pkey,table=factory_government_records; columns=id,20260720010000_factory360_v2_foundation.sql,canonical+applied,
foreign_key,public,factory_government_records_source_snapshot_id_fkey,factory_government_records.source_snapshot_id -> senaei_raw_snapshots.id,20260720010000_factory360_v2_foundation.sql,canonical+applied,
foreign_key,public,factory_government_records_factory_id_fkey,factory_government_records.factory_id -> factories.id,20260720010000_factory360_v2_foundation.sql,canonical+applied,
foreign_key,public,factory_government_records_industrial_license_id_fkey,factory_government_records.industrial_license_id -> industrial_licenses.id,20260720010000_factory360_v2_foundation.sql,canonical+applied,
check,public,2200_22597_11_not_null,table=factory_government_records; columns=None,20260720010000_factory360_v2_foundation.sql,canonical+applied,
check,public,2200_22597_12_not_null,table=factory_government_records; columns=None,20260720010000_factory360_v2_foundation.sql,canonical+applied,
check,public,2200_22597_13_not_null,table=factory_government_records; columns=None,20260720010000_factory360_v2_foundation.sql,canonical+applied,
check,public,2200_22597_14_not_null,table=factory_government_records; columns=None,20260720010000_factory360_v2_foundation.sql,canonical+applied,
check,public,2200_22597_16_not_null,table=factory_government_records; columns=None,20260720010000_factory360_v2_foundation.sql,canonical+applied,
check,public,2200_22597_1_not_null,table=factory_government_records; columns=None,20260720010000_factory360_v2_foundation.sql,canonical+applied,
check,public,2200_22597_2_not_null,table=factory_government_records; columns=None,20260720010000_factory360_v2_foundation.sql,canonical+applied,
check,public,2200_22597_4_not_null,table=factory_government_records; columns=None,20260720010000_factory360_v2_foundation.sql,canonical+applied,
check,public,2200_22597_5_not_null,table=factory_government_records; columns=None,20260720010000_factory360_v2_foundation.sql,canonical+applied,
check,public,2200_22597_6_not_null,table=factory_government_records; columns=None,20260720010000_factory360_v2_foundation.sql,canonical+applied,
check,public,2200_22597_7_not_null,table=factory_government_records; columns=None,20260720010000_factory360_v2_foundation.sql,canonical+applied,
check,public,factory_government_records_attributes_check,table=factory_government_records; columns=None,20260720010000_factory360_v2_foundation.sql,canonical+applied,
check,public,factory_government_records_check,table=factory_government_records; columns=None,20260720010000_factory360_v2_foundation.sql,canonical+applied,
check,public,factory_government_records_documents_metadata_check,table=factory_government_records; columns=None,20260720010000_factory360_v2_foundation.sql,canonical+applied,
unique,public,factory_government_records_source_system_record_type_extern_key,"table=factory_government_records; columns=source_system,record_type,external_record_id,version_number",20260720010000_factory360_v2_foundation.sql,canonical+applied,
check,public,factory_government_records_status_history_check,table=factory_government_records; columns=None,20260720010000_factory360_v2_foundation.sql,canonical+applied,
check,public,factory_government_records_version_number_check,table=factory_government_records; columns=None,20260720010000_factory360_v2_foundation.sql,canonical+applied,
index,public,factory_government_records_factory_idx,"CREATE INDEX factory_government_records_factory_idx ON public.factory_government_records USING btree (factory_id, record_type, recorded_at DESC)",20260720010000_factory360_v2_foundation.sql,canonical+applied,
index,public,factory_government_records_pkey,CREATE UNIQUE INDEX factory_government_records_pkey ON public.factory_government_records USING btree (id),20260720010000_factory360_v2_foundation.sql,canonical+applied,
index,public,factory_government_records_source_system_record_type_extern_key,"CREATE UNIQUE INDEX factory_government_records_source_system_record_type_extern_key ON public.factory_government_records USING btree (source_system, record_type, external_record_id, version_number)",20260720010000_factory360_v2_foundation.sql,canonical+applied,
trigger,public,trg_audit_factory_government_records,"table=factory_government_records; timing=AFTER; events=DELETE,INSERT,UPDATE; action=EXECUTE FUNCTION audit_row_change()",20260720010000_factory360_v2_foundation.sql,canonical+applied,
trigger,public,trg_f360_immutable_factory_government_records,"table=factory_government_records; timing=BEFORE; events=DELETE,UPDATE; action=EXECUTE FUNCTION block_factory360_immutable_mutation()",20260720010000_factory360_v2_foundation.sql,canonical+applied,
rls_enablement,public,factory_government_records__rls,rls_enabled=True; forced=False,20260720010000_factory360_v2_foundation.sql,canonical+applied,
rls_policy,public,factory_government_records.f360_factory_government_records_admin,cmd=ALL; roles={authenticated}; permissive=PERMISSIVE,20260720010000_factory360_v2_foundation.sql,canonical+applied,
rls_policy,public,factory_government_records.f360_factory_government_records_read,cmd=SELECT; roles={authenticated}; permissive=PERMISSIVE,20260720010000_factory360_v2_foundation.sql,canonical+applied,
table,public,factory_import_batches,columns=9; pk_cols=1; fk_out=2; triggers=1; rls=enabled; policies=1,20260720010000_factory360_v2_foundation.sql,canonical+applied,
column,public,factory_import_batches.id,type=uuid; nullable=NO; default=gen_random_uuid(); ordinal=1,20260720010000_factory360_v2_foundation.sql,canonical+applied,
column,public,factory_import_batches.sync_run_id,type=uuid; nullable=NO; default=None; ordinal=2,20260720010000_factory360_v2_foundation.sql,canonical+applied,
column,public,factory_import_batches.file_name,type=text; nullable=NO; default=None; ordinal=3,20260720010000_factory360_v2_foundation.sql,canonical+applied,
column,public,factory_import_batches.file_sha256,type=text; nullable=NO; default=None; ordinal=4,20260720010000_factory360_v2_foundation.sql,canonical+applied,
column,public,factory_import_batches.schema_version,type=text; nullable=NO; default=None; ordinal=5,20260720010000_factory360_v2_foundation.sql,canonical+applied,
column,public,factory_import_batches.status,type=text; nullable=NO; default='uploaded'::text; ordinal=6,20260720010000_factory360_v2_foundation.sql,canonical+applied,
column,public,factory_import_batches.uploaded_by,type=uuid; nullable=NO; default=auth.uid(); ordinal=7,20260720010000_factory360_v2_foundation.sql,canonical+applied,
column,public,factory_import_batches.uploaded_at,type=timestamp with time zone; nullable=NO; default=now(); ordinal=8,20260720010000_factory360_v2_foundation.sql,canonical+applied,
column,public,factory_import_batches.completed_at,type=timestamp with time zone; nullable=YES; default=None; ordinal=9,20260720010000_factory360_v2_foundation.sql,canonical+applied,
primary_key,public,factory_import_batches_pkey,table=factory_import_batches; columns=id,20260720010000_factory360_v2_foundation.sql,canonical+applied,
foreign_key,public,factory_import_batches_uploaded_by_fkey,factory_import_batches.uploaded_by -> profiles.user_id,20260720010000_factory360_v2_foundation.sql,canonical+applied,
foreign_key,public,factory_import_batches_sync_run_id_fkey,factory_import_batches.sync_run_id -> senaei_sync_runs.id,20260720010000_factory360_v2_foundation.sql,canonical+applied,
check,public,2200_22384_1_not_null,table=factory_import_batches; columns=None,20260720010000_factory360_v2_foundation.sql,canonical+applied,
check,public,2200_22384_2_not_null,table=factory_import_batches; columns=None,20260720010000_factory360_v2_foundation.sql,canonical+applied,
check,public,2200_22384_3_not_null,table=factory_import_batches; columns=None,20260720010000_factory360_v2_foundation.sql,canonical+applied,
check,public,2200_22384_4_not_null,table=factory_import_batches; columns=None,20260720010000_factory360_v2_foundation.sql,canonical+applied,
check,public,2200_22384_5_not_null,table=factory_import_batches; columns=None,20260720010000_factory360_v2_foundation.sql,canonical+applied,
check,public,2200_22384_6_not_null,table=factory_import_batches; columns=None,20260720010000_factory360_v2_foundation.sql,canonical+applied,
check,public,2200_22384_7_not_null,table=factory_import_batches; columns=None,20260720010000_factory360_v2_foundation.sql,canonical+applied,
check,public,2200_22384_8_not_null,table=factory_import_batches; columns=None,20260720010000_factory360_v2_foundation.sql,canonical+applied,
check,public,factory_import_batches_file_sha256_check,table=factory_import_batches; columns=None,20260720010000_factory360_v2_foundation.sql,canonical+applied,
unique,public,factory_import_batches_file_sha256_schema_version_key,"table=factory_import_batches; columns=file_sha256,schema_version",20260720010000_factory360_v2_foundation.sql,canonical+applied,
check,public,factory_import_batches_status_check,table=factory_import_batches; columns=None,20260720010000_factory360_v2_foundation.sql,canonical+applied,
unique,public,factory_import_batches_sync_run_id_key,table=factory_import_batches; columns=sync_run_id,20260720010000_factory360_v2_foundation.sql,canonical+applied,
index,public,factory_import_batches_file_sha256_schema_version_key,"CREATE UNIQUE INDEX factory_import_batches_file_sha256_schema_version_key ON public.factory_import_batches USING btree (file_sha256, schema_version)",20260720010000_factory360_v2_foundation.sql,canonical+applied,
index,public,factory_import_batches_pkey,CREATE UNIQUE INDEX factory_import_batches_pkey ON public.factory_import_batches USING btree (id),20260720010000_factory360_v2_foundation.sql,canonical+applied,
index,public,factory_import_batches_sync_run_id_key,CREATE UNIQUE INDEX factory_import_batches_sync_run_id_key ON public.factory_import_batches USING btree (sync_run_id),20260720010000_factory360_v2_foundation.sql,canonical+applied,
trigger,public,trg_audit_factory_import_batches,"table=factory_import_batches; timing=AFTER; events=DELETE,INSERT,UPDATE; action=EXECUTE FUNCTION audit_row_change()",20260720010000_factory360_v2_foundation.sql,canonical+applied,
rls_enablement,public,factory_import_batches__rls,rls_enabled=True; forced=False,20260720010000_factory360_v2_foundation.sql,canonical+applied,
rls_policy,public,factory_import_batches.f360_factory_import_batches_admin,cmd=ALL; roles={authenticated}; permissive=PERMISSIVE,20260720010000_factory360_v2_foundation.sql,canonical+applied,
table,public,factory_import_rows,columns=8; pk_cols=1; fk_out=2; triggers=1; rls=enabled; policies=1,20260720010000_factory360_v2_foundation.sql,canonical+applied,
column,public,factory_import_rows.id,type=uuid; nullable=NO; default=gen_random_uuid(); ordinal=1,20260720010000_factory360_v2_foundation.sql,canonical+applied,
column,public,factory_import_rows.batch_id,type=uuid; nullable=NO; default=None; ordinal=2,20260720010000_factory360_v2_foundation.sql,canonical+applied,
column,public,factory_import_rows.row_number,type=integer; nullable=NO; default=None; ordinal=3,20260720010000_factory360_v2_foundation.sql,canonical+applied,
column,public,factory_import_rows.raw_values,type=jsonb; nullable=NO; default=None; ordinal=4,20260720010000_factory360_v2_foundation.sql,canonical+applied,
column,public,factory_import_rows.status,type=text; nullable=NO; default='pending'::text; ordinal=5,20260720010000_factory360_v2_foundation.sql,canonical+applied,
column,public,factory_import_rows.safe_error_codes,type=ARRAY; nullable=NO; default='{}'::text[]; ordinal=6,20260720010000_factory360_v2_foundation.sql,canonical+applied,
column,public,factory_import_rows.raw_snapshot_id,type=uuid; nullable=YES; default=None; ordinal=7,20260720010000_factory360_v2_foundation.sql,canonical+applied,
column,public,factory_import_rows.reconciled_at,type=timestamp with time zone; nullable=YES; default=None; ordinal=8,20260720010000_factory360_v2_foundation.sql,canonical+applied,
primary_key,public,factory_import_rows_pkey,table=factory_import_rows; columns=id,20260720010000_factory360_v2_foundation.sql,canonical+applied,
foreign_key,public,factory_import_rows_raw_snapshot_id_fkey,factory_import_rows.raw_snapshot_id -> senaei_raw_snapshots.id,20260720010000_factory360_v2_foundation.sql,canonical+applied,
foreign_key,public,factory_import_rows_batch_id_fkey,factory_import_rows.batch_id -> factory_import_batches.id,20260720010000_factory360_v2_foundation.sql,canonical+applied,
check,public,2200_22411_1_not_null,table=factory_import_rows; columns=None,20260720010000_factory360_v2_foundation.sql,canonical+applied,
check,public,2200_22411_2_not_null,table=factory_import_rows; columns=None,20260720010000_factory360_v2_foundation.sql,canonical+applied,
check,public,2200_22411_3_not_null,table=factory_import_rows; columns=None,20260720010000_factory360_v2_foundation.sql,canonical+applied,
check,public,2200_22411_4_not_null,table=factory_import_rows; columns=None,20260720010000_factory360_v2_foundation.sql,canonical+applied,
check,public,2200_22411_5_not_null,table=factory_import_rows; columns=None,20260720010000_factory360_v2_foundation.sql,canonical+applied,
check,public,2200_22411_6_not_null,table=factory_import_rows; columns=None,20260720010000_factory360_v2_foundation.sql,canonical+applied,
unique,public,factory_import_rows_batch_id_row_number_key,"table=factory_import_rows; columns=batch_id,row_number",20260720010000_factory360_v2_foundation.sql,canonical+applied,
check,public,factory_import_rows_raw_values_check,table=factory_import_rows; columns=None,20260720010000_factory360_v2_foundation.sql,canonical+applied,
check,public,factory_import_rows_row_number_check,table=factory_import_rows; columns=None,20260720010000_factory360_v2_foundation.sql,canonical+applied,
check,public,factory_import_rows_status_check,table=factory_import_rows; columns=None,20260720010000_factory360_v2_foundation.sql,canonical+applied,
index,public,factory_import_rows_batch_id_row_number_key,"CREATE UNIQUE INDEX factory_import_rows_batch_id_row_number_key ON public.factory_import_rows USING btree (batch_id, row_number)",20260720010000_factory360_v2_foundation.sql,canonical+applied,
index,public,factory_import_rows_pkey,CREATE UNIQUE INDEX factory_import_rows_pkey ON public.factory_import_rows USING btree (id),20260720010000_factory360_v2_foundation.sql,canonical+applied,
trigger,public,trg_audit_factory_import_rows,"table=factory_import_rows; timing=AFTER; events=DELETE,INSERT,UPDATE; action=EXECUTE FUNCTION audit_row_change()",20260720010000_factory360_v2_foundation.sql,canonical+applied,
rls_enablement,public,factory_import_rows__rls,rls_enabled=True; forced=False,20260720010000_factory360_v2_foundation.sql,canonical+applied,
rls_policy,public,factory_import_rows.f360_factory_import_rows_admin,cmd=ALL; roles={authenticated}; permissive=PERMISSIVE,20260720010000_factory360_v2_foundation.sql,canonical+applied,
table,public,factory_locations,columns=8; pk_cols=1; fk_out=2; triggers=0; rls=enabled; policies=3,20260717220000_mvp2_m2_06_spatial_gis.sql,canonical+applied,
column,public,factory_locations.id,type=uuid; nullable=NO; default=gen_random_uuid(); ordinal=1,20260717220000_mvp2_m2_06_spatial_gis.sql,canonical+applied,
column,public,factory_locations.factory_id,type=uuid; nullable=NO; default=None; ordinal=2,20260717220000_mvp2_m2_06_spatial_gis.sql,canonical+applied,
column,public,factory_locations.lat,type=numeric; nullable=YES; default=None; ordinal=3,20260717220000_mvp2_m2_06_spatial_gis.sql,canonical+applied,
column,public,factory_locations.lng,type=numeric; nullable=YES; default=None; ordinal=4,20260717220000_mvp2_m2_06_spatial_gis.sql,canonical+applied,
column,public,factory_locations.geofence_radius_m,type=integer; nullable=YES; default=None; ordinal=5,20260717220000_mvp2_m2_06_spatial_gis.sql,canonical+applied,
column,public,factory_locations.source,type=text; nullable=YES; default=None; ordinal=6,20260717220000_mvp2_m2_06_spatial_gis.sql,canonical+applied,
column,public,factory_locations.created_by,type=uuid; nullable=YES; default=None; ordinal=7,20260717220000_mvp2_m2_06_spatial_gis.sql,canonical+applied,
column,public,factory_locations.created_at,type=timestamp with time zone; nullable=NO; default=now(); ordinal=8,20260717220000_mvp2_m2_06_spatial_gis.sql,canonical+applied,
primary_key,public,factory_locations_pkey,table=factory_locations; columns=id,20260717220000_mvp2_m2_06_spatial_gis.sql,canonical+applied,
foreign_key,public,factory_locations_factory_id_fkey,factory_locations.factory_id -> factories.id,20260717220000_mvp2_m2_06_spatial_gis.sql,canonical+applied,
foreign_key,public,factory_locations_created_by_fkey,factory_locations.created_by -> profiles.user_id,20260717220000_mvp2_m2_06_spatial_gis.sql,canonical+applied,
check,public,2200_20862_1_not_null,table=factory_locations; columns=None,20260717220000_mvp2_m2_06_spatial_gis.sql,canonical+applied,
check,public,2200_20862_2_not_null,table=factory_locations; columns=None,20260717220000_mvp2_m2_06_spatial_gis.sql,canonical+applied,
check,public,2200_20862_8_not_null,table=factory_locations; columns=None,20260717220000_mvp2_m2_06_spatial_gis.sql,canonical+applied,
check,public,factory_locations_source_check,table=factory_locations; columns=None,20260717220000_mvp2_m2_06_spatial_gis.sql,canonical+applied,
index,public,factory_locations_factory_idx,CREATE INDEX factory_locations_factory_idx ON public.factory_locations USING btree (factory_id),20260717220000_mvp2_m2_06_spatial_gis.sql,canonical+applied,
index,public,factory_locations_pkey,CREATE UNIQUE INDEX factory_locations_pkey ON public.factory_locations USING btree (id),20260717220000_mvp2_m2_06_spatial_gis.sql,canonical+applied,
rls_enablement,public,factory_locations__rls,rls_enabled=True; forced=False,20260717220000_mvp2_m2_06_spatial_gis.sql,canonical+applied,
rls_policy,public,factory_locations.factory_locations_read,cmd=SELECT; roles={public}; permissive=PERMISSIVE,20260717220000_mvp2_m2_06_spatial_gis.sql,canonical+applied,
rls_policy,public,factory_locations.factory_locations_update,cmd=UPDATE; roles={public}; permissive=PERMISSIVE,20260717220000_mvp2_m2_06_spatial_gis.sql,canonical+applied,
rls_policy,public,factory_locations.factory_locations_write,cmd=INSERT; roles={public}; permissive=PERMISSIVE,20260717220000_mvp2_m2_06_spatial_gis.sql,canonical+applied,
table,public,factory_materials,columns=7; pk_cols=1; fk_out=2; triggers=1; rls=enabled; policies=2,0017_w3_factory_master_data.sql,canonical+applied,
column,public,factory_materials.id,type=uuid; nullable=NO; default=gen_random_uuid(); ordinal=1,0017_w3_factory_master_data.sql,canonical+applied,
column,public,factory_materials.factory_id,type=uuid; nullable=NO; default=None; ordinal=2,0017_w3_factory_master_data.sql,canonical+applied,
column,public,factory_materials.name,type=text; nullable=NO; default=None; ordinal=3,0017_w3_factory_master_data.sql,canonical+applied,
column,public,factory_materials.source,type=text; nullable=NO; default='local'::text; ordinal=4,0017_w3_factory_master_data.sql,canonical+applied,
column,public,factory_materials.hs_code,type=text; nullable=YES; default=None; ordinal=5,0017_w3_factory_master_data.sql,canonical+applied,
column,public,factory_materials.created_by,type=uuid; nullable=YES; default=None; ordinal=6,0017_w3_factory_master_data.sql,canonical+applied,
column,public,factory_materials.created_at,type=timestamp with time zone; nullable=NO; default=now(); ordinal=7,0017_w3_factory_master_data.sql,canonical+applied,
primary_key,public,factory_materials_pkey,table=factory_materials; columns=id,0017_w3_factory_master_data.sql,canonical+applied,
foreign_key,public,factory_materials_factory_id_fkey,factory_materials.factory_id -> factories.id,0017_w3_factory_master_data.sql,canonical+applied,
foreign_key,public,factory_materials_created_by_fkey,factory_materials.created_by -> profiles.user_id,0017_w3_factory_master_data.sql,canonical+applied,
check,public,2200_18578_1_not_null,table=factory_materials; columns=None,0017_w3_factory_master_data.sql,canonical+applied,
check,public,2200_18578_2_not_null,table=factory_materials; columns=None,0017_w3_factory_master_data.sql,canonical+applied,
check,public,2200_18578_3_not_null,table=factory_materials; columns=None,0017_w3_factory_master_data.sql,canonical+applied,
check,public,2200_18578_4_not_null,table=factory_materials; columns=None,0017_w3_factory_master_data.sql,canonical+applied,
check,public,2200_18578_7_not_null,table=factory_materials; columns=None,0017_w3_factory_master_data.sql,canonical+applied,
check,public,factory_materials_source_check,table=factory_materials; columns=None,0017_w3_factory_master_data.sql,canonical+applied,
index,public,factory_materials_pkey,CREATE UNIQUE INDEX factory_materials_pkey ON public.factory_materials USING btree (id),0017_w3_factory_master_data.sql,canonical+applied,
index,public,fmat_factory_idx,CREATE INDEX fmat_factory_idx ON public.factory_materials USING btree (factory_id),0017_w3_factory_master_data.sql,canonical+applied,
trigger,public,trg_audit_factory_materials,"table=factory_materials; timing=AFTER; events=DELETE,INSERT,UPDATE; action=EXECUTE FUNCTION audit_row_change()",0017_w3_factory_master_data.sql,canonical+applied,
rls_enablement,public,factory_materials__rls,rls_enabled=True; forced=False,0017_w3_factory_master_data.sql,canonical+applied,
rls_policy,public,factory_materials.fmat_read,cmd=SELECT; roles={public}; permissive=PERMISSIVE,0017_w3_factory_master_data.sql,canonical+applied,
rls_policy,public,factory_materials.fmat_write,cmd=INSERT; roles={public}; permissive=PERMISSIVE,0017_w3_factory_master_data.sql,canonical+applied,
table,public,factory_media_assets,columns=14; pk_cols=1; fk_out=6; triggers=1; rls=enabled; policies=2,20260720010000_factory360_v2_foundation.sql,canonical+applied,
column,public,factory_media_assets.id,type=uuid; nullable=NO; default=gen_random_uuid(); ordinal=1,20260720010000_factory360_v2_foundation.sql,canonical+applied,
column,public,factory_media_assets.factory_id,type=uuid; nullable=NO; default=None; ordinal=2,20260720010000_factory360_v2_foundation.sql,canonical+applied,
column,public,factory_media_assets.industrial_license_id,type=uuid; nullable=YES; default=None; ordinal=3,20260720010000_factory360_v2_foundation.sql,canonical+applied,
column,public,factory_media_assets.category,type=text; nullable=NO; default=None; ordinal=4,20260720010000_factory360_v2_foundation.sql,canonical+applied,
column,public,factory_media_assets.evidence_id,type=uuid; nullable=YES; default=None; ordinal=5,20260720010000_factory360_v2_foundation.sql,canonical+applied,
column,public,factory_media_assets.inspection_id,type=uuid; nullable=YES; default=None; ordinal=6,20260720010000_factory360_v2_foundation.sql,canonical+applied,
column,public,factory_media_assets.violation_id,type=uuid; nullable=YES; default=None; ordinal=7,20260720010000_factory360_v2_foundation.sql,canonical+applied,
column,public,factory_media_assets.storage_path,type=text; nullable=YES; default=None; ordinal=8,20260720010000_factory360_v2_foundation.sql,canonical+applied,
column,public,factory_media_assets.title,type=text; nullable=YES; default=None; ordinal=9,20260720010000_factory360_v2_foundation.sql,canonical+applied,
column,public,factory_media_assets.mime_type,type=text; nullable=YES; default=None; ordinal=10,20260720010000_factory360_v2_foundation.sql,canonical+applied,
column,public,factory_media_assets.source_system,type=text; nullable=NO; default=None; ordinal=11,20260720010000_factory360_v2_foundation.sql,canonical+applied,
column,public,factory_media_assets.source_snapshot_id,type=uuid; nullable=YES; default=None; ordinal=12,20260720010000_factory360_v2_foundation.sql,canonical+applied,
column,public,factory_media_assets.captured_at,type=timestamp with time zone; nullable=YES; default=None; ordinal=13,20260720010000_factory360_v2_foundation.sql,canonical+applied,
column,public,factory_media_assets.created_at,type=timestamp with time zone; nullable=NO; default=now(); ordinal=14,20260720010000_factory360_v2_foundation.sql,canonical+applied,
primary_key,public,factory_media_assets_pkey,table=factory_media_assets; columns=id,20260720010000_factory360_v2_foundation.sql,canonical+applied,
foreign_key,public,factory_media_assets_evidence_id_fkey,factory_media_assets.evidence_id -> evidence.id,20260720010000_factory360_v2_foundation.sql,canonical+applied,
foreign_key,public,factory_media_assets_violation_id_fkey,factory_media_assets.violation_id -> violations.id,20260720010000_factory360_v2_foundation.sql,canonical+applied,
foreign_key,public,factory_media_assets_source_snapshot_id_fkey,factory_media_assets.source_snapshot_id -> senaei_raw_snapshots.id,20260720010000_factory360_v2_foundation.sql,canonical+applied,
foreign_key,public,factory_media_assets_factory_id_fkey,factory_media_assets.factory_id -> factories.id,20260720010000_factory360_v2_foundation.sql,canonical+applied,
foreign_key,public,factory_media_assets_industrial_license_id_fkey,factory_media_assets.industrial_license_id -> industrial_licenses.id,20260720010000_factory360_v2_foundation.sql,canonical+applied,
foreign_key,public,factory_media_assets_inspection_id_fkey,factory_media_assets.inspection_id -> inspections.id,20260720010000_factory360_v2_foundation.sql,canonical+applied,
check,public,2200_22633_11_not_null,table=factory_media_assets; columns=None,20260720010000_factory360_v2_foundation.sql,canonical+applied,
check,public,2200_22633_14_not_null,table=factory_media_assets; columns=None,20260720010000_factory360_v2_foundation.sql,canonical+applied,
check,public,2200_22633_1_not_null,table=factory_media_assets; columns=None,20260720010000_factory360_v2_foundation.sql,canonical+applied,
check,public,2200_22633_2_not_null,table=factory_media_assets; columns=None,20260720010000_factory360_v2_foundation.sql,canonical+applied,
check,public,2200_22633_4_not_null,table=factory_media_assets; columns=None,20260720010000_factory360_v2_foundation.sql,canonical+applied,
check,public,factory_media_assets_category_check,table=factory_media_assets; columns=None,20260720010000_factory360_v2_foundation.sql,canonical+applied,
check,public,factory_media_assets_check,table=factory_media_assets; columns=None,20260720010000_factory360_v2_foundation.sql,canonical+applied,
check,public,factory_media_assets_check1,table=factory_media_assets; columns=None,20260720010000_factory360_v2_foundation.sql,canonical+applied,
index,public,factory_media_assets_evidence_uq,CREATE UNIQUE INDEX factory_media_assets_evidence_uq ON public.factory_media_assets USING btree (evidence_id) WHERE (evidence_id IS NOT NULL),20260720010000_factory360_v2_foundation.sql,canonical+applied,
index,public,factory_media_assets_factory_category_idx,"CREATE INDEX factory_media_assets_factory_category_idx ON public.factory_media_assets USING btree (factory_id, category, created_at DESC)",20260720010000_factory360_v2_foundation.sql,canonical+applied,
index,public,factory_media_assets_pkey,CREATE UNIQUE INDEX factory_media_assets_pkey ON public.factory_media_assets USING btree (id),20260720010000_factory360_v2_foundation.sql,canonical+applied,
trigger,public,trg_audit_factory_media_assets,"table=factory_media_assets; timing=AFTER; events=DELETE,INSERT,UPDATE; action=EXECUTE FUNCTION audit_row_change()",20260720010000_factory360_v2_foundation.sql,canonical+applied,
rls_enablement,public,factory_media_assets__rls,rls_enabled=True; forced=False,20260720010000_factory360_v2_foundation.sql,canonical+applied,
rls_policy,public,factory_media_assets.f360_media_admin,cmd=ALL; roles={authenticated}; permissive=PERMISSIVE,20260720010000_factory360_v2_foundation.sql,canonical+applied,
rls_policy,public,factory_media_assets.f360_media_read,cmd=SELECT; roles={authenticated}; permissive=PERMISSIVE,20260720010000_factory360_v2_foundation.sql,canonical+applied,
table,public,factory_products,columns=9; pk_cols=1; fk_out=2; triggers=1; rls=enabled; policies=2,0017_w3_factory_master_data.sql,canonical+applied,
column,public,factory_products.id,type=uuid; nullable=NO; default=gen_random_uuid(); ordinal=1,0017_w3_factory_master_data.sql,canonical+applied,
column,public,factory_products.factory_id,type=uuid; nullable=NO; default=None; ordinal=2,0017_w3_factory_master_data.sql,canonical+applied,
column,public,factory_products.name,type=text; nullable=NO; default=None; ordinal=3,0017_w3_factory_master_data.sql,canonical+applied,
column,public,factory_products.hs_code,type=text; nullable=YES; default=None; ordinal=4,0017_w3_factory_master_data.sql,canonical+applied,
column,public,factory_products.unit,type=text; nullable=YES; default=None; ordinal=5,0017_w3_factory_master_data.sql,canonical+applied,
column,public,factory_products.annual_capacity,type=numeric; nullable=YES; default=None; ordinal=6,0017_w3_factory_master_data.sql,canonical+applied,
column,public,factory_products.is_primary,type=boolean; nullable=NO; default=false; ordinal=7,0017_w3_factory_master_data.sql,canonical+applied,
column,public,factory_products.created_by,type=uuid; nullable=YES; default=None; ordinal=8,0017_w3_factory_master_data.sql,canonical+applied,
column,public,factory_products.created_at,type=timestamp with time zone; nullable=NO; default=now(); ordinal=9,0017_w3_factory_master_data.sql,canonical+applied,
primary_key,public,factory_products_pkey,table=factory_products; columns=id,0017_w3_factory_master_data.sql,canonical+applied,
foreign_key,public,factory_products_factory_id_fkey,factory_products.factory_id -> factories.id,0017_w3_factory_master_data.sql,canonical+applied,
foreign_key,public,factory_products_created_by_fkey,factory_products.created_by -> profiles.user_id,0017_w3_factory_master_data.sql,canonical+applied,
check,public,2200_18558_1_not_null,table=factory_products; columns=None,0017_w3_factory_master_data.sql,canonical+applied,
check,public,2200_18558_2_not_null,table=factory_products; columns=None,0017_w3_factory_master_data.sql,canonical+applied,
check,public,2200_18558_3_not_null,table=factory_products; columns=None,0017_w3_factory_master_data.sql,canonical+applied,
check,public,2200_18558_7_not_null,table=factory_products; columns=None,0017_w3_factory_master_data.sql,canonical+applied,
check,public,2200_18558_9_not_null,table=factory_products; columns=None,0017_w3_factory_master_data.sql,canonical+applied,
index,public,factory_products_pkey,CREATE UNIQUE INDEX factory_products_pkey ON public.factory_products USING btree (id),0017_w3_factory_master_data.sql,canonical+applied,
index,public,fprod_factory_idx,CREATE INDEX fprod_factory_idx ON public.factory_products USING btree (factory_id),0017_w3_factory_master_data.sql,canonical+applied,
trigger,public,trg_audit_factory_products,"table=factory_products; timing=AFTER; events=DELETE,INSERT,UPDATE; action=EXECUTE FUNCTION audit_row_change()",0017_w3_factory_master_data.sql,canonical+applied,
rls_enablement,public,factory_products__rls,rls_enabled=True; forced=False,0017_w3_factory_master_data.sql,canonical+applied,
rls_policy,public,factory_products.fprod_read,cmd=SELECT; roles={public}; permissive=PERMISSIVE,0017_w3_factory_master_data.sql,canonical+applied,
rls_policy,public,factory_products.fprod_write,cmd=INSERT; roles={public}; permissive=PERMISSIVE,0017_w3_factory_master_data.sql,canonical+applied,
table,public,factory_representatives,columns=9; pk_cols=1; fk_out=1; triggers=1; rls=enabled; policies=3,0011_factory360_gis_ksa_seed.sql,canonical+applied,
column,public,factory_representatives.id,type=uuid; nullable=NO; default=gen_random_uuid(); ordinal=1,0011_factory360_gis_ksa_seed.sql,canonical+applied,
column,public,factory_representatives.factory_id,type=uuid; nullable=NO; default=None; ordinal=2,0011_factory360_gis_ksa_seed.sql,canonical+applied,
column,public,factory_representatives.full_name,type=text; nullable=NO; default=None; ordinal=3,0011_factory360_gis_ksa_seed.sql,canonical+applied,
column,public,factory_representatives.role_title,type=text; nullable=YES; default=None; ordinal=4,0011_factory360_gis_ksa_seed.sql,canonical+applied,
column,public,factory_representatives.phone,type=text; nullable=YES; default=None; ordinal=5,0011_factory360_gis_ksa_seed.sql,canonical+applied,
column,public,factory_representatives.email,type=text; nullable=YES; default=None; ordinal=6,0011_factory360_gis_ksa_seed.sql,canonical+applied,
column,public,factory_representatives.is_primary,type=boolean; nullable=NO; default=false; ordinal=7,0011_factory360_gis_ksa_seed.sql,canonical+applied,
column,public,factory_representatives.active,type=boolean; nullable=NO; default=true; ordinal=8,0011_factory360_gis_ksa_seed.sql,canonical+applied,
column,public,factory_representatives.created_at,type=timestamp with time zone; nullable=NO; default=now(); ordinal=9,0011_factory360_gis_ksa_seed.sql,canonical+applied,
primary_key,public,factory_representatives_pkey,table=factory_representatives; columns=id,0011_factory360_gis_ksa_seed.sql,canonical+applied,
foreign_key,public,factory_representatives_factory_id_fkey,factory_representatives.factory_id -> factories.id,0011_factory360_gis_ksa_seed.sql,canonical+applied,
check,public,2200_18464_1_not_null,table=factory_representatives; columns=None,0011_factory360_gis_ksa_seed.sql,canonical+applied,
check,public,2200_18464_2_not_null,table=factory_representatives; columns=None,0011_factory360_gis_ksa_seed.sql,canonical+applied,
check,public,2200_18464_3_not_null,table=factory_representatives; columns=None,0011_factory360_gis_ksa_seed.sql,canonical+applied,
check,public,2200_18464_7_not_null,table=factory_representatives; columns=None,0011_factory360_gis_ksa_seed.sql,canonical+applied,
check,public,2200_18464_8_not_null,table=factory_representatives; columns=None,0011_factory360_gis_ksa_seed.sql,canonical+applied,
check,public,2200_18464_9_not_null,table=factory_representatives; columns=None,0011_factory360_gis_ksa_seed.sql,canonical+applied,
index,public,factory_representatives_pkey,CREATE UNIQUE INDEX factory_representatives_pkey ON public.factory_representatives USING btree (id),0011_factory360_gis_ksa_seed.sql,canonical+applied,
trigger,public,trg_audit_factory_representatives,"table=factory_representatives; timing=AFTER; events=DELETE,INSERT,UPDATE; action=EXECUTE FUNCTION audit_row_change()",0011_factory360_gis_ksa_seed.sql,canonical+applied,
rls_enablement,public,factory_representatives__rls,rls_enabled=True; forced=False,0011_factory360_gis_ksa_seed.sql,canonical+applied,
rls_policy,public,factory_representatives.freps_read,cmd=SELECT; roles={authenticated}; permissive=PERMISSIVE,0011_factory360_gis_ksa_seed.sql,canonical+applied,
rls_policy,public,factory_representatives.freps_update,cmd=UPDATE; roles={public}; permissive=PERMISSIVE,0011_factory360_gis_ksa_seed.sql,canonical+applied,
rls_policy,public,factory_representatives.freps_write,cmd=INSERT; roles={public}; permissive=PERMISSIVE,0011_factory360_gis_ksa_seed.sql,canonical+applied,
table,public,factory_risk_snapshots,columns=8; pk_cols=1; fk_out=2; triggers=1; rls=enabled; policies=1,20260716210000_remaining_requirements_backend.sql,canonical+applied,
column,public,factory_risk_snapshots.id,type=uuid; nullable=NO; default=gen_random_uuid(); ordinal=1,20260716210000_remaining_requirements_backend.sql,canonical+applied,
column,public,factory_risk_snapshots.factory_id,type=uuid; nullable=NO; default=None; ordinal=2,20260716210000_remaining_requirements_backend.sql,canonical+applied,
column,public,factory_risk_snapshots.score,type=numeric; nullable=NO; default=None; ordinal=3,20260716210000_remaining_requirements_backend.sql,canonical+applied,
column,public,factory_risk_snapshots.band,type=text; nullable=NO; default=None; ordinal=4,20260716210000_remaining_requirements_backend.sql,canonical+applied,
column,public,factory_risk_snapshots.model_version,type=text; nullable=NO; default=None; ordinal=5,20260716210000_remaining_requirements_backend.sql,canonical+applied,
column,public,factory_risk_snapshots.drivers,type=jsonb; nullable=NO; default=None; ordinal=6,20260716210000_remaining_requirements_backend.sql,canonical+applied,
column,public,factory_risk_snapshots.calculated_by,type=uuid; nullable=YES; default=None; ordinal=7,20260716210000_remaining_requirements_backend.sql,canonical+applied,
column,public,factory_risk_snapshots.calculated_at,type=timestamp with time zone; nullable=NO; default=now(); ordinal=8,20260716210000_remaining_requirements_backend.sql,canonical+applied,
primary_key,public,factory_risk_snapshots_pkey,table=factory_risk_snapshots; columns=id,20260716210000_remaining_requirements_backend.sql,canonical+applied,
foreign_key,public,factory_risk_snapshots_factory_id_fkey,factory_risk_snapshots.factory_id -> factories.id,20260716210000_remaining_requirements_backend.sql,canonical+applied,
foreign_key,public,factory_risk_snapshots_calculated_by_fkey,factory_risk_snapshots.calculated_by -> profiles.user_id,20260716210000_remaining_requirements_backend.sql,canonical+applied,
check,public,2200_19705_1_not_null,table=factory_risk_snapshots; columns=None,20260716210000_remaining_requirements_backend.sql,canonical+applied,
check,public,2200_19705_2_not_null,table=factory_risk_snapshots; columns=None,20260716210000_remaining_requirements_backend.sql,canonical+applied,
check,public,2200_19705_3_not_null,table=factory_risk_snapshots; columns=None,20260716210000_remaining_requirements_backend.sql,canonical+applied,
check,public,2200_19705_4_not_null,table=factory_risk_snapshots; columns=None,20260716210000_remaining_requirements_backend.sql,canonical+applied,
check,public,2200_19705_5_not_null,table=factory_risk_snapshots; columns=None,20260716210000_remaining_requirements_backend.sql,canonical+applied,
check,public,2200_19705_6_not_null,table=factory_risk_snapshots; columns=None,20260716210000_remaining_requirements_backend.sql,canonical+applied,
check,public,2200_19705_8_not_null,table=factory_risk_snapshots; columns=None,20260716210000_remaining_requirements_backend.sql,canonical+applied,
check,public,factory_risk_snapshots_band_check,table=factory_risk_snapshots; columns=None,20260716210000_remaining_requirements_backend.sql,canonical+applied,
check,public,factory_risk_snapshots_score_check,table=factory_risk_snapshots; columns=None,20260716210000_remaining_requirements_backend.sql,canonical+applied,
index,public,factory_risk_snapshots_factory_calculated_idx,"CREATE INDEX factory_risk_snapshots_factory_calculated_idx ON public.factory_risk_snapshots USING btree (factory_id, calculated_at DESC)",20260716210000_remaining_requirements_backend.sql,canonical+applied,
index,public,factory_risk_snapshots_pkey,CREATE UNIQUE INDEX factory_risk_snapshots_pkey ON public.factory_risk_snapshots USING btree (id),20260716210000_remaining_requirements_backend.sql,canonical+applied,
trigger,public,trg_audit_factory_risk_snapshots,table=factory_risk_snapshots; timing=AFTER; events=INSERT; action=EXECUTE FUNCTION audit_row_change(),20260716210000_remaining_requirements_backend.sql,canonical+applied,
rls_enablement,public,factory_risk_snapshots__rls,rls_enabled=True; forced=False,20260716210000_remaining_requirements_backend.sql,canonical+applied,
rls_policy,public,factory_risk_snapshots.factory_risk_snapshots_read,cmd=SELECT; roles={authenticated}; permissive=PERMISSIVE,20260716210000_remaining_requirements_backend.sql,canonical+applied,
table,public,findings,columns=5; pk_cols=1; fk_out=2; triggers=2; rls=enabled; policies=1,0001_foundation.sql,canonical+applied,
column,public,findings.id,type=uuid; nullable=NO; default=gen_random_uuid(); ordinal=1,0001_foundation.sql,canonical+applied,
column,public,findings.inspection_id,type=uuid; nullable=NO; default=None; ordinal=2,0001_foundation.sql,canonical+applied,
column,public,findings.item_id,type=uuid; nullable=YES; default=None; ordinal=3,0001_foundation.sql,canonical+applied,
column,public,findings.severity,type=text; nullable=NO; default=None; ordinal=4,0001_foundation.sql,canonical+applied,
column,public,findings.description,type=text; nullable=NO; default=None; ordinal=5,0001_foundation.sql,canonical+applied,
primary_key,public,findings_pkey,table=findings; columns=id,0001_foundation.sql,canonical+applied,
foreign_key,public,findings_item_id_fkey,findings.item_id -> inspection_items.id,0001_foundation.sql,canonical+applied,
foreign_key,public,findings_inspection_id_fkey,findings.inspection_id -> inspections.id,0001_foundation.sql,canonical+applied,
check,public,2200_18079_1_not_null,table=findings; columns=None,0001_foundation.sql,canonical+applied,
check,public,2200_18079_2_not_null,table=findings; columns=None,0001_foundation.sql,canonical+applied,
check,public,2200_18079_4_not_null,table=findings; columns=None,0001_foundation.sql,canonical+applied,
check,public,2200_18079_5_not_null,table=findings; columns=None,0001_foundation.sql,canonical+applied,
check,public,findings_description_check,table=findings; columns=None,0001_foundation.sql,canonical+applied,
index,public,findings_pkey,CREATE UNIQUE INDEX findings_pkey ON public.findings USING btree (id),0001_foundation.sql,canonical+applied,
trigger,public,trg_guard_fnd,"table=findings; timing=BEFORE; events=DELETE,UPDATE; action=EXECUTE FUNCTION guard_submitted_inspection()",0001_foundation.sql,canonical+applied,
trigger,public,trg_mvp2_m2_05_semantic_findings,"table=findings; timing=AFTER; events=INSERT,UPDATE; action=EXECUTE FUNCTION emit_mvp2_m2_05_semantic_event()",0001_foundation.sql,canonical+applied,
rls_enablement,public,findings__rls,rls_enabled=True; forced=False,0001_foundation.sql,canonical+applied,
rls_policy,public,findings.findings_rw,cmd=ALL; roles={public}; permissive=PERMISSIVE,0001_foundation.sql,canonical+applied,
table,public,geo_events,columns=21; pk_cols=1; fk_out=2; triggers=1; rls=enabled; policies=2,0001_foundation.sql,canonical+applied,
column,public,geo_events.id,type=uuid; nullable=NO; default=gen_random_uuid(); ordinal=1,0001_foundation.sql,canonical+applied,
column,public,geo_events.journey_id,type=uuid; nullable=YES; default=None; ordinal=2,0001_foundation.sql,canonical+applied,
column,public,geo_events.visit_id,type=uuid; nullable=NO; default=None; ordinal=3,0001_foundation.sql,canonical+applied,
column,public,geo_events.kind,type=text; nullable=NO; default=None; ordinal=4,0001_foundation.sql,canonical+applied,
column,public,geo_events.observed_lat,type=numeric; nullable=NO; default=None; ordinal=5,0001_foundation.sql,canonical+applied,
column,public,geo_events.observed_lng,type=numeric; nullable=NO; default=None; ordinal=6,0001_foundation.sql,canonical+applied,
column,public,geo_events.accuracy_m,type=numeric; nullable=NO; default=None; ordinal=7,0001_foundation.sql,canonical+applied,
column,public,geo_events.geofence_result,type=USER-DEFINED; nullable=YES; default=None; ordinal=8,0001_foundation.sql,canonical+applied,
column,public,geo_events.override_reason,type=text; nullable=YES; default=None; ordinal=9,0001_foundation.sql,canonical+applied,
column,public,geo_events.gis_version,type=text; nullable=YES; default=None; ordinal=10,0001_foundation.sql,canonical+applied,
column,public,geo_events.device_id,type=text; nullable=YES; default=None; ordinal=11,0001_foundation.sql,canonical+applied,
column,public,geo_events.occurred_at,type=timestamp with time zone; nullable=NO; default=now(); ordinal=12,0001_foundation.sql,canonical+applied,
column,public,geo_events.altitude_m,type=numeric; nullable=YES; default=None; ordinal=13,0001_foundation.sql,canonical+applied,
column,public,geo_events.speed_mps,type=numeric; nullable=YES; default=None; ordinal=14,0001_foundation.sql,canonical+applied,
column,public,geo_events.heading_deg,type=numeric; nullable=YES; default=None; ordinal=15,0001_foundation.sql,canonical+applied,
column,public,geo_events.device_occurred_at,type=timestamp with time zone; nullable=YES; default=None; ordinal=16,0001_foundation.sql,canonical+applied,
column,public,geo_events.device_os_version,type=text; nullable=YES; default=None; ordinal=17,0001_foundation.sql,canonical+applied,
column,public,geo_events.application_version,type=text; nullable=YES; default=None; ordinal=18,0001_foundation.sql,canonical+applied,
column,public,geo_events.integration_mode,type=text; nullable=YES; default=None; ordinal=19,0001_foundation.sql,canonical+applied,
column,public,geo_events.approval_provider,type=text; nullable=YES; default=None; ordinal=20,0001_foundation.sql,canonical+applied,
column,public,geo_events.source,type=text; nullable=YES; default=None; ordinal=21,0001_foundation.sql,canonical+applied,
primary_key,public,geo_events_pkey,table=geo_events; columns=id,0001_foundation.sql,canonical+applied,
foreign_key,public,geo_events_visit_id_fkey,geo_events.visit_id -> visits.id,0001_foundation.sql,canonical+applied,
foreign_key,public,geo_events_journey_id_fkey,geo_events.journey_id -> journey_sessions.id,0001_foundation.sql,canonical+applied,
check,public,2200_17999_12_not_null,table=geo_events; columns=None,0001_foundation.sql,canonical+applied,
check,public,2200_17999_1_not_null,table=geo_events; columns=None,0001_foundation.sql,canonical+applied,
check,public,2200_17999_3_not_null,table=geo_events; columns=None,0001_foundation.sql,canonical+applied,
check,public,2200_17999_4_not_null,table=geo_events; columns=None,0001_foundation.sql,canonical+applied,
check,public,2200_17999_5_not_null,table=geo_events; columns=None,0001_foundation.sql,canonical+applied,
check,public,2200_17999_6_not_null,table=geo_events; columns=None,0001_foundation.sql,canonical+applied,
check,public,2200_17999_7_not_null,table=geo_events; columns=None,0001_foundation.sql,canonical+applied,
check,public,geo_integration_mode_valid,table=geo_events; columns=None,0001_foundation.sql,canonical+applied,
check,public,geo_stub_override_provider_required,table=geo_events; columns=None,0001_foundation.sql,canonical+applied,
index,public,geo_events_pkey,CREATE UNIQUE INDEX geo_events_pkey ON public.geo_events USING btree (id),0001_foundation.sql,canonical+applied,
index,public,geo_events_visit_occurred_idx,"CREATE INDEX geo_events_visit_occurred_idx ON public.geo_events USING btree (visit_id, occurred_at DESC)",0001_foundation.sql,canonical+applied,
trigger,public,trg_mvp2_m2_05_semantic_geo_events,"table=geo_events; timing=AFTER; events=INSERT,UPDATE; action=EXECUTE FUNCTION emit_mvp2_m2_05_semantic_event()",0001_foundation.sql,canonical+applied,
rls_enablement,public,geo_events__rls,rls_enabled=True; forced=False,0001_foundation.sql,canonical+applied,
rls_policy,public,geo_events.geo_insert,cmd=INSERT; roles={public}; permissive=PERMISSIVE,0001_foundation.sql,canonical+applied,
rls_policy,public,geo_events.geo_read,cmd=SELECT; roles={public}; permissive=PERMISSIVE,0001_foundation.sql,canonical+applied,
table,public,geo_override_requests,columns=21; pk_cols=1; fk_out=6; triggers=1; rls=enabled; policies=1,20260716161605_ipad_geo_override_approval_workflow.sql,canonical+applied,
column,public,geo_override_requests.id,type=uuid; nullable=NO; default=None; ordinal=1,20260716161605_ipad_geo_override_approval_workflow.sql,canonical+applied,
column,public,geo_override_requests.visit_id,type=uuid; nullable=NO; default=None; ordinal=2,20260716161605_ipad_geo_override_approval_workflow.sql,canonical+applied,
column,public,geo_override_requests.journey_id,type=uuid; nullable=NO; default=None; ordinal=3,20260716161605_ipad_geo_override_approval_workflow.sql,canonical+applied,
column,public,geo_override_requests.checkin_event_id,type=uuid; nullable=NO; default=None; ordinal=4,20260716161605_ipad_geo_override_approval_workflow.sql,canonical+applied,
column,public,geo_override_requests.requested_by,type=uuid; nullable=NO; default=None; ordinal=5,20260716161605_ipad_geo_override_approval_workflow.sql,canonical+applied,
column,public,geo_override_requests.requested_at,type=timestamp with time zone; nullable=NO; default=now(); ordinal=6,20260716161605_ipad_geo_override_approval_workflow.sql,canonical+applied,
column,public,geo_override_requests.expires_at,type=timestamp with time zone; nullable=NO; default=None; ordinal=7,20260716161605_ipad_geo_override_approval_workflow.sql,canonical+applied,
column,public,geo_override_requests.status,type=text; nullable=NO; default='pending'::text; ordinal=8,20260716161605_ipad_geo_override_approval_workflow.sql,canonical+applied,
column,public,geo_override_requests.reason_key,type=text; nullable=NO; default=None; ordinal=9,20260716161605_ipad_geo_override_approval_workflow.sql,canonical+applied,
column,public,geo_override_requests.reason_label,type=text; nullable=NO; default=None; ordinal=10,20260716161605_ipad_geo_override_approval_workflow.sql,canonical+applied,
column,public,geo_override_requests.explanation,type=text; nullable=NO; default=None; ordinal=11,20260716161605_ipad_geo_override_approval_workflow.sql,canonical+applied,
column,public,geo_override_requests.safety_security_exception,type=boolean; nullable=NO; default=false; ordinal=12,20260716161605_ipad_geo_override_approval_workflow.sql,canonical+applied,
column,public,geo_override_requests.observed_lat,type=numeric; nullable=NO; default=None; ordinal=13,20260716161605_ipad_geo_override_approval_workflow.sql,canonical+applied,
column,public,geo_override_requests.observed_lng,type=numeric; nullable=NO; default=None; ordinal=14,20260716161605_ipad_geo_override_approval_workflow.sql,canonical+applied,
column,public,geo_override_requests.accuracy_m,type=numeric; nullable=NO; default=None; ordinal=15,20260716161605_ipad_geo_override_approval_workflow.sql,canonical+applied,
column,public,geo_override_requests.distance_m,type=numeric; nullable=NO; default=None; ordinal=16,20260716161605_ipad_geo_override_approval_workflow.sql,canonical+applied,
column,public,geo_override_requests.device_occurred_at,type=timestamp with time zone; nullable=NO; default=None; ordinal=17,20260716161605_ipad_geo_override_approval_workflow.sql,canonical+applied,
column,public,geo_override_requests.decision_by,type=uuid; nullable=YES; default=None; ordinal=18,20260716161605_ipad_geo_override_approval_workflow.sql,canonical+applied,
column,public,geo_override_requests.decided_at,type=timestamp with time zone; nullable=YES; default=None; ordinal=19,20260716161605_ipad_geo_override_approval_workflow.sql,canonical+applied,
column,public,geo_override_requests.decision_reason,type=text; nullable=YES; default=None; ordinal=20,20260716161605_ipad_geo_override_approval_workflow.sql,canonical+applied,
column,public,geo_override_requests.decision_event_id,type=uuid; nullable=YES; default=None; ordinal=21,20260716161605_ipad_geo_override_approval_workflow.sql,canonical+applied,
primary_key,public,geo_override_requests_pkey,table=geo_override_requests; columns=id,20260716161605_ipad_geo_override_approval_workflow.sql,canonical+applied,
foreign_key,public,geo_override_requests_checkin_event_id_fkey,geo_override_requests.checkin_event_id -> geo_events.id,20260716161605_ipad_geo_override_approval_workflow.sql,canonical+applied,
foreign_key,public,geo_override_requests_decision_event_id_fkey,geo_override_requests.decision_event_id -> geo_events.id,20260716161605_ipad_geo_override_approval_workflow.sql,canonical+applied,
foreign_key,public,geo_override_requests_journey_id_fkey,geo_override_requests.journey_id -> journey_sessions.id,20260716161605_ipad_geo_override_approval_workflow.sql,canonical+applied,
foreign_key,public,geo_override_requests_visit_id_fkey,geo_override_requests.visit_id -> visits.id,20260716161605_ipad_geo_override_approval_workflow.sql,canonical+applied,
foreign_key,public,geo_override_requests_requested_by_fkey,geo_override_requests.requested_by -> profiles.user_id,20260716161605_ipad_geo_override_approval_workflow.sql,canonical+applied,
foreign_key,public,geo_override_requests_decision_by_fkey,geo_override_requests.decision_by -> profiles.user_id,20260716161605_ipad_geo_override_approval_workflow.sql,canonical+applied,
check,public,2200_20959_10_not_null,table=geo_override_requests; columns=None,20260716161605_ipad_geo_override_approval_workflow.sql,canonical+applied,
check,public,2200_20959_11_not_null,table=geo_override_requests; columns=None,20260716161605_ipad_geo_override_approval_workflow.sql,canonical+applied,
check,public,2200_20959_12_not_null,table=geo_override_requests; columns=None,20260716161605_ipad_geo_override_approval_workflow.sql,canonical+applied,
check,public,2200_20959_13_not_null,table=geo_override_requests; columns=None,20260716161605_ipad_geo_override_approval_workflow.sql,canonical+applied,
check,public,2200_20959_14_not_null,table=geo_override_requests; columns=None,20260716161605_ipad_geo_override_approval_workflow.sql,canonical+applied,
check,public,2200_20959_15_not_null,table=geo_override_requests; columns=None,20260716161605_ipad_geo_override_approval_workflow.sql,canonical+applied,
check,public,2200_20959_16_not_null,table=geo_override_requests; columns=None,20260716161605_ipad_geo_override_approval_workflow.sql,canonical+applied,
check,public,2200_20959_17_not_null,table=geo_override_requests; columns=None,20260716161605_ipad_geo_override_approval_workflow.sql,canonical+applied,
check,public,2200_20959_1_not_null,table=geo_override_requests; columns=None,20260716161605_ipad_geo_override_approval_workflow.sql,canonical+applied,
check,public,2200_20959_2_not_null,table=geo_override_requests; columns=None,20260716161605_ipad_geo_override_approval_workflow.sql,canonical+applied,
check,public,2200_20959_3_not_null,table=geo_override_requests; columns=None,20260716161605_ipad_geo_override_approval_workflow.sql,canonical+applied,
check,public,2200_20959_4_not_null,table=geo_override_requests; columns=None,20260716161605_ipad_geo_override_approval_workflow.sql,canonical+applied,
check,public,2200_20959_5_not_null,table=geo_override_requests; columns=None,20260716161605_ipad_geo_override_approval_workflow.sql,canonical+applied,
check,public,2200_20959_6_not_null,table=geo_override_requests; columns=None,20260716161605_ipad_geo_override_approval_workflow.sql,canonical+applied,
check,public,2200_20959_7_not_null,table=geo_override_requests; columns=None,20260716161605_ipad_geo_override_approval_workflow.sql,canonical+applied,
check,public,2200_20959_8_not_null,table=geo_override_requests; columns=None,20260716161605_ipad_geo_override_approval_workflow.sql,canonical+applied,
check,public,2200_20959_9_not_null,table=geo_override_requests; columns=None,20260716161605_ipad_geo_override_approval_workflow.sql,canonical+applied,
check,public,geo_override_decision_shape,table=geo_override_requests; columns=None,20260716161605_ipad_geo_override_approval_workflow.sql,canonical+applied,
check,public,geo_override_expiry_order,table=geo_override_requests; columns=None,20260716161605_ipad_geo_override_approval_workflow.sql,canonical+applied,
check,public,geo_override_requests_accuracy_m_check,table=geo_override_requests; columns=None,20260716161605_ipad_geo_override_approval_workflow.sql,canonical+applied,
unique,public,geo_override_requests_checkin_event_id_key,table=geo_override_requests; columns=checkin_event_id,20260716161605_ipad_geo_override_approval_workflow.sql,canonical+applied,
check,public,geo_override_requests_distance_m_check,table=geo_override_requests; columns=None,20260716161605_ipad_geo_override_approval_workflow.sql,canonical+applied,
check,public,geo_override_requests_explanation_check,table=geo_override_requests; columns=None,20260716161605_ipad_geo_override_approval_workflow.sql,canonical+applied,
check,public,geo_override_requests_status_check,table=geo_override_requests; columns=None,20260716161605_ipad_geo_override_approval_workflow.sql,canonical+applied,
index,public,geo_override_requests_checkin_event_id_key,CREATE UNIQUE INDEX geo_override_requests_checkin_event_id_key ON public.geo_override_requests USING btree (checkin_event_id),20260716161605_ipad_geo_override_approval_workflow.sql,canonical+applied,
index,public,geo_override_requests_one_attempt,CREATE UNIQUE INDEX geo_override_requests_one_attempt ON public.geo_override_requests USING btree (journey_id),20260716161605_ipad_geo_override_approval_workflow.sql,canonical+applied,
index,public,geo_override_requests_ops_queue,"CREATE INDEX geo_override_requests_ops_queue ON public.geo_override_requests USING btree (status, expires_at, requested_at) WHERE (status = 'pending'::text)",20260716161605_ipad_geo_override_approval_workflow.sql,canonical+applied,
index,public,geo_override_requests_pkey,CREATE UNIQUE INDEX geo_override_requests_pkey ON public.geo_override_requests USING btree (id),20260716161605_ipad_geo_override_approval_workflow.sql,canonical+applied,
index,public,geo_override_requests_requester,"CREATE INDEX geo_override_requests_requester ON public.geo_override_requests USING btree (requested_by, requested_at DESC)",20260716161605_ipad_geo_override_approval_workflow.sql,canonical+applied,
trigger,public,trg_audit_geo_override_requests,"table=geo_override_requests; timing=AFTER; events=DELETE,INSERT,UPDATE; action=EXECUTE FUNCTION audit_row_change()",20260716161605_ipad_geo_override_approval_workflow.sql,canonical+applied,
rls_enablement,public,geo_override_requests__rls,rls_enabled=True; forced=False,20260716161605_ipad_geo_override_approval_workflow.sql,canonical+applied,
rls_policy,public,geo_override_requests.geo_override_requests_read,cmd=SELECT; roles={authenticated}; permissive=PERMISSIVE,20260716161605_ipad_geo_override_approval_workflow.sql,canonical+applied,
table,public,gis_layers,columns=9; pk_cols=1; fk_out=1; triggers=0; rls=enabled; policies=3,20260717220000_mvp2_m2_06_spatial_gis.sql,canonical+applied,
column,public,gis_layers.id,type=uuid; nullable=NO; default=gen_random_uuid(); ordinal=1,20260717220000_mvp2_m2_06_spatial_gis.sql,canonical+applied,
column,public,gis_layers.layer_key,type=text; nullable=NO; default=None; ordinal=2,20260717220000_mvp2_m2_06_spatial_gis.sql,canonical+applied,
column,public,gis_layers.label,type=text; nullable=NO; default=None; ordinal=3,20260717220000_mvp2_m2_06_spatial_gis.sql,canonical+applied,
column,public,gis_layers.layer_type,type=text; nullable=NO; default=None; ordinal=4,20260717220000_mvp2_m2_06_spatial_gis.sql,canonical+applied,
column,public,gis_layers.source_ref,type=text; nullable=YES; default=None; ordinal=5,20260717220000_mvp2_m2_06_spatial_gis.sql,canonical+applied,
column,public,gis_layers.sensitivity_class,type=text; nullable=YES; default=None; ordinal=6,20260717220000_mvp2_m2_06_spatial_gis.sql,canonical+applied,
column,public,gis_layers.active,type=boolean; nullable=NO; default=true; ordinal=7,20260717220000_mvp2_m2_06_spatial_gis.sql,canonical+applied,
column,public,gis_layers.created_by,type=uuid; nullable=YES; default=None; ordinal=8,20260717220000_mvp2_m2_06_spatial_gis.sql,canonical+applied,
column,public,gis_layers.created_at,type=timestamp with time zone; nullable=NO; default=now(); ordinal=9,20260717220000_mvp2_m2_06_spatial_gis.sql,canonical+applied,
primary_key,public,gis_layers_pkey,table=gis_layers; columns=id,20260717220000_mvp2_m2_06_spatial_gis.sql,canonical+applied,
foreign_key,public,gis_layers_created_by_fkey,gis_layers.created_by -> profiles.user_id,20260717220000_mvp2_m2_06_spatial_gis.sql,canonical+applied,
check,public,2200_20844_1_not_null,table=gis_layers; columns=None,20260717220000_mvp2_m2_06_spatial_gis.sql,canonical+applied,
check,public,2200_20844_2_not_null,table=gis_layers; columns=None,20260717220000_mvp2_m2_06_spatial_gis.sql,canonical+applied,
check,public,2200_20844_3_not_null,table=gis_layers; columns=None,20260717220000_mvp2_m2_06_spatial_gis.sql,canonical+applied,
check,public,2200_20844_4_not_null,table=gis_layers; columns=None,20260717220000_mvp2_m2_06_spatial_gis.sql,canonical+applied,
check,public,2200_20844_7_not_null,table=gis_layers; columns=None,20260717220000_mvp2_m2_06_spatial_gis.sql,canonical+applied,
check,public,2200_20844_9_not_null,table=gis_layers; columns=None,20260717220000_mvp2_m2_06_spatial_gis.sql,canonical+applied,
unique,public,gis_layers_layer_key_key,table=gis_layers; columns=layer_key,20260717220000_mvp2_m2_06_spatial_gis.sql,canonical+applied,
check,public,gis_layers_layer_type_check,table=gis_layers; columns=None,20260717220000_mvp2_m2_06_spatial_gis.sql,canonical+applied,
index,public,gis_layers_layer_key_key,CREATE UNIQUE INDEX gis_layers_layer_key_key ON public.gis_layers USING btree (layer_key),20260717220000_mvp2_m2_06_spatial_gis.sql,canonical+applied,
index,public,gis_layers_pkey,CREATE UNIQUE INDEX gis_layers_pkey ON public.gis_layers USING btree (id),20260717220000_mvp2_m2_06_spatial_gis.sql,canonical+applied,
rls_enablement,public,gis_layers__rls,rls_enabled=True; forced=False,20260717220000_mvp2_m2_06_spatial_gis.sql,canonical+applied,
rls_policy,public,gis_layers.gis_layers_read,cmd=SELECT; roles={public}; permissive=PERMISSIVE,20260717220000_mvp2_m2_06_spatial_gis.sql,canonical+applied,
rls_policy,public,gis_layers.gis_layers_update,cmd=UPDATE; roles={public}; permissive=PERMISSIVE,20260717220000_mvp2_m2_06_spatial_gis.sql,canonical+applied,
rls_policy,public,gis_layers.gis_layers_write,cmd=INSERT; roles={public}; permissive=PERMISSIVE,20260717220000_mvp2_m2_06_spatial_gis.sql,canonical+applied,
table,public,incident_reports,columns=16; pk_cols=1; fk_out=4; triggers=1; rls=enabled; policies=2,20260720010000_incident_reports.sql,canonical+applied,
column,public,incident_reports.id,type=uuid; nullable=NO; default=gen_random_uuid(); ordinal=1,20260720010000_incident_reports.sql,canonical+applied,
column,public,incident_reports.establishment_code,type=text; nullable=YES; default=None; ordinal=2,20260720010000_incident_reports.sql,canonical+applied,
column,public,incident_reports.commercial_registration_number,type=text; nullable=YES; default=None; ordinal=3,20260720010000_incident_reports.sql,canonical+applied,
column,public,incident_reports.report_source,type=text; nullable=YES; default=None; ordinal=4,20260720010000_incident_reports.sql,canonical+applied,
column,public,incident_reports.reporter_name,type=text; nullable=YES; default=None; ordinal=5,20260720010000_incident_reports.sql,canonical+applied,
column,public,incident_reports.reporter_contact_number,type=text; nullable=YES; default=None; ordinal=6,20260720010000_incident_reports.sql,canonical+applied,
column,public,incident_reports.report_time,type=text; nullable=YES; default=None; ordinal=7,20260720010000_incident_reports.sql,canonical+applied,
column,public,incident_reports.number_of_cases,type=text; nullable=YES; default=None; ordinal=8,20260720010000_incident_reports.sql,canonical+applied,
column,public,incident_reports.resulting_damage,type=text; nullable=YES; default=None; ordinal=9,20260720010000_incident_reports.sql,canonical+applied,
column,public,incident_reports.incident_type,type=text; nullable=YES; default=None; ordinal=10,20260720010000_incident_reports.sql,canonical+applied,
column,public,incident_reports.preliminary_incident_description,type=text; nullable=YES; default=None; ordinal=11,20260720010000_incident_reports.sql,canonical+applied,
column,public,incident_reports.factory_id,type=uuid; nullable=YES; default=None; ordinal=12,20260720010000_incident_reports.sql,canonical+applied,
column,public,incident_reports.visit_id,type=uuid; nullable=YES; default=None; ordinal=13,20260720010000_incident_reports.sql,canonical+applied,
column,public,incident_reports.inspection_id,type=uuid; nullable=YES; default=None; ordinal=14,20260720010000_incident_reports.sql,canonical+applied,
column,public,incident_reports.created_by,type=uuid; nullable=NO; default=auth.uid(); ordinal=15,20260720010000_incident_reports.sql,canonical+applied,
column,public,incident_reports.created_at,type=timestamp with time zone; nullable=NO; default=now(); ordinal=16,20260720010000_incident_reports.sql,canonical+applied,
primary_key,public,incident_reports_pkey,table=incident_reports; columns=id,20260720010000_incident_reports.sql,canonical+applied,
foreign_key,public,incident_reports_visit_id_fkey,incident_reports.visit_id -> visits.id,20260720010000_incident_reports.sql,canonical+applied,
foreign_key,public,incident_reports_created_by_fkey,incident_reports.created_by -> profiles.user_id,20260720010000_incident_reports.sql,canonical+applied,
foreign_key,public,incident_reports_inspection_id_fkey,incident_reports.inspection_id -> inspections.id,20260720010000_incident_reports.sql,canonical+applied,
foreign_key,public,incident_reports_factory_id_fkey,incident_reports.factory_id -> factories.id,20260720010000_incident_reports.sql,canonical+applied,
check,public,2200_22227_15_not_null,table=incident_reports; columns=None,20260720010000_incident_reports.sql,canonical+applied,
check,public,2200_22227_16_not_null,table=incident_reports; columns=None,20260720010000_incident_reports.sql,canonical+applied,
check,public,2200_22227_1_not_null,table=incident_reports; columns=None,20260720010000_incident_reports.sql,canonical+applied,
index,public,idx_incident_reports_created_by,CREATE INDEX idx_incident_reports_created_by ON public.incident_reports USING btree (created_by),20260720010000_incident_reports.sql,canonical+applied,
index,public,idx_incident_reports_factory,CREATE INDEX idx_incident_reports_factory ON public.incident_reports USING btree (factory_id),20260720010000_incident_reports.sql,canonical+applied,
index,public,idx_incident_reports_visit,CREATE INDEX idx_incident_reports_visit ON public.incident_reports USING btree (visit_id),20260720010000_incident_reports.sql,canonical+applied,
index,public,incident_reports_pkey,CREATE UNIQUE INDEX incident_reports_pkey ON public.incident_reports USING btree (id),20260720010000_incident_reports.sql,canonical+applied,
trigger,public,trg_audit_incident_reports,"table=incident_reports; timing=AFTER; events=DELETE,INSERT,UPDATE; action=EXECUTE FUNCTION audit_row_change()",20260720010000_incident_reports.sql,canonical+applied,
rls_enablement,public,incident_reports__rls,rls_enabled=True; forced=False,20260720010000_incident_reports.sql,canonical+applied,
rls_policy,public,incident_reports.incident_reports_insert,cmd=INSERT; roles={public}; permissive=PERMISSIVE,20260720010000_incident_reports.sql,canonical+applied,
rls_policy,public,incident_reports.incident_reports_read,cmd=SELECT; roles={public}; permissive=PERMISSIVE,20260720010000_incident_reports.sql,canonical+applied,
table,public,industrial_licenses,columns=18; pk_cols=1; fk_out=3; triggers=2; rls=enabled; policies=2,20260720010000_factory360_v2_foundation.sql,canonical+applied,
column,public,industrial_licenses.id,type=uuid; nullable=NO; default=gen_random_uuid(); ordinal=1,20260720010000_factory360_v2_foundation.sql,canonical+applied,
column,public,industrial_licenses.commercial_registration_id,type=uuid; nullable=YES; default=None; ordinal=2,20260720010000_factory360_v2_foundation.sql,canonical+applied,
column,public,industrial_licenses.factory_id,type=uuid; nullable=NO; default=None; ordinal=3,20260720010000_factory360_v2_foundation.sql,canonical+applied,
column,public,industrial_licenses.license_number,type=text; nullable=NO; default=None; ordinal=4,20260720010000_factory360_v2_foundation.sql,canonical+applied,
column,public,industrial_licenses.plant_number,type=text; nullable=YES; default=None; ordinal=5,20260720010000_factory360_v2_foundation.sql,canonical+applied,
column,public,industrial_licenses.license_type,type=text; nullable=YES; default=None; ordinal=6,20260720010000_factory360_v2_foundation.sql,canonical+applied,
column,public,industrial_licenses.status,type=text; nullable=YES; default=None; ordinal=7,20260720010000_factory360_v2_foundation.sql,canonical+applied,
column,public,industrial_licenses.stage,type=text; nullable=YES; default=None; ordinal=8,20260720010000_factory360_v2_foundation.sql,canonical+applied,
column,public,industrial_licenses.issue_date,type=date; nullable=YES; default=None; ordinal=9,20260720010000_factory360_v2_foundation.sql,canonical+applied,
column,public,industrial_licenses.expiry_date,type=date; nullable=YES; default=None; ordinal=10,20260720010000_factory360_v2_foundation.sql,canonical+applied,
column,public,industrial_licenses.holder_name,type=text; nullable=YES; default=None; ordinal=11,20260720010000_factory360_v2_foundation.sql,canonical+applied,
column,public,industrial_licenses.investment_type,type=text; nullable=YES; default=None; ordinal=12,20260720010000_factory360_v2_foundation.sql,canonical+applied,
column,public,industrial_licenses.investment_size,type=numeric; nullable=YES; default=None; ordinal=13,20260720010000_factory360_v2_foundation.sql,canonical+applied,
column,public,industrial_licenses.source_system,type=text; nullable=YES; default=None; ordinal=14,20260720010000_factory360_v2_foundation.sql,canonical+applied,
column,public,industrial_licenses.source_synced_at,type=timestamp with time zone; nullable=YES; default=None; ordinal=15,20260720010000_factory360_v2_foundation.sql,canonical+applied,
column,public,industrial_licenses.source_snapshot_id,type=uuid; nullable=YES; default=None; ordinal=16,20260720010000_factory360_v2_foundation.sql,canonical+applied,
column,public,industrial_licenses.created_at,type=timestamp with time zone; nullable=NO; default=now(); ordinal=17,20260720010000_factory360_v2_foundation.sql,canonical+applied,
column,public,industrial_licenses.updated_at,type=timestamp with time zone; nullable=NO; default=now(); ordinal=18,20260720010000_factory360_v2_foundation.sql,canonical+applied,
primary_key,public,industrial_licenses_pkey,table=industrial_licenses; columns=id,20260720010000_factory360_v2_foundation.sql,canonical+applied,
foreign_key,public,industrial_licenses_source_snapshot_id_fkey,industrial_licenses.source_snapshot_id -> senaei_raw_snapshots.id,20260720010000_factory360_v2_foundation.sql,canonical+applied,
foreign_key,public,industrial_licenses_commercial_registration_id_fkey,industrial_licenses.commercial_registration_id -> commercial_registrations.id,20260720010000_factory360_v2_foundation.sql,canonical+applied,
foreign_key,public,industrial_licenses_factory_id_fkey,industrial_licenses.factory_id -> factories.id,20260720010000_factory360_v2_foundation.sql,canonical+applied,
check,public,2200_22458_17_not_null,table=industrial_licenses; columns=None,20260720010000_factory360_v2_foundation.sql,canonical+applied,
check,public,2200_22458_18_not_null,table=industrial_licenses; columns=None,20260720010000_factory360_v2_foundation.sql,canonical+applied,
check,public,2200_22458_1_not_null,table=industrial_licenses; columns=None,20260720010000_factory360_v2_foundation.sql,canonical+applied,
check,public,2200_22458_3_not_null,table=industrial_licenses; columns=None,20260720010000_factory360_v2_foundation.sql,canonical+applied,
check,public,2200_22458_4_not_null,table=industrial_licenses; columns=None,20260720010000_factory360_v2_foundation.sql,canonical+applied,
check,public,industrial_licenses_check,table=industrial_licenses; columns=None,20260720010000_factory360_v2_foundation.sql,canonical+applied,
unique,public,industrial_licenses_factory_id_key,table=industrial_licenses; columns=factory_id,20260720010000_factory360_v2_foundation.sql,canonical+applied,
check,public,industrial_licenses_license_number_check,table=industrial_licenses; columns=None,20260720010000_factory360_v2_foundation.sql,canonical+applied,
unique,public,industrial_licenses_license_number_key,table=industrial_licenses; columns=license_number,20260720010000_factory360_v2_foundation.sql,canonical+applied,
unique,public,industrial_licenses_plant_number_key,table=industrial_licenses; columns=plant_number,20260720010000_factory360_v2_foundation.sql,canonical+applied,
index,public,industrial_licenses_cr_idx,CREATE INDEX industrial_licenses_cr_idx ON public.industrial_licenses USING btree (commercial_registration_id),20260720010000_factory360_v2_foundation.sql,canonical+applied,
index,public,industrial_licenses_factory_id_key,CREATE UNIQUE INDEX industrial_licenses_factory_id_key ON public.industrial_licenses USING btree (factory_id),20260720010000_factory360_v2_foundation.sql,canonical+applied,
index,public,industrial_licenses_license_number_key,CREATE UNIQUE INDEX industrial_licenses_license_number_key ON public.industrial_licenses USING btree (license_number),20260720010000_factory360_v2_foundation.sql,canonical+applied,
index,public,industrial_licenses_pkey,CREATE UNIQUE INDEX industrial_licenses_pkey ON public.industrial_licenses USING btree (id),20260720010000_factory360_v2_foundation.sql,canonical+applied,
index,public,industrial_licenses_plant_number_key,CREATE UNIQUE INDEX industrial_licenses_plant_number_key ON public.industrial_licenses USING btree (plant_number),20260720010000_factory360_v2_foundation.sql,canonical+applied,
trigger,public,trg_audit_industrial_licenses,"table=industrial_licenses; timing=AFTER; events=DELETE,INSERT,UPDATE; action=EXECUTE FUNCTION audit_row_change()",20260720010000_factory360_v2_foundation.sql,canonical+applied,
trigger,public,trg_f360_guard_license_external_ids,table=industrial_licenses; timing=BEFORE; events=UPDATE; action=EXECUTE FUNCTION guard_factory360_external_identifiers(),20260720010000_factory360_v2_foundation.sql,canonical+applied,
rls_enablement,public,industrial_licenses__rls,rls_enabled=True; forced=False,20260720010000_factory360_v2_foundation.sql,canonical+applied,
rls_policy,public,industrial_licenses.f360_industrial_licenses_admin,cmd=ALL; roles={authenticated}; permissive=PERMISSIVE,20260720010000_factory360_v2_foundation.sql,canonical+applied,
rls_policy,public,industrial_licenses.f360_industrial_licenses_read,cmd=SELECT; roles={authenticated}; permissive=PERMISSIVE,20260720010000_factory360_v2_foundation.sql,canonical+applied,
table,public,inspection_factory_checks,columns=10; pk_cols=1; fk_out=2; triggers=2; rls=enabled; policies=3,0020_fix_factory_verification.sql,canonical+applied,
column,public,inspection_factory_checks.id,type=uuid; nullable=NO; default=None; ordinal=1,0020_fix_factory_verification.sql,canonical+applied,
column,public,inspection_factory_checks.inspection_id,type=uuid; nullable=NO; default=None; ordinal=2,0020_fix_factory_verification.sql,canonical+applied,
column,public,inspection_factory_checks.field_key,type=text; nullable=NO; default=None; ordinal=3,0020_fix_factory_verification.sql,canonical+applied,
column,public,inspection_factory_checks.source_value,type=text; nullable=YES; default=None; ordinal=4,0020_fix_factory_verification.sql,canonical+applied,
column,public,inspection_factory_checks.observed_value,type=text; nullable=YES; default=None; ordinal=5,0020_fix_factory_verification.sql,canonical+applied,
column,public,inspection_factory_checks.status,type=text; nullable=NO; default=None; ordinal=6,0020_fix_factory_verification.sql,canonical+applied,
column,public,inspection_factory_checks.evidence_note,type=text; nullable=YES; default=None; ordinal=7,0020_fix_factory_verification.sql,canonical+applied,
column,public,inspection_factory_checks.updated_by,type=uuid; nullable=YES; default=None; ordinal=8,0020_fix_factory_verification.sql,canonical+applied,
column,public,inspection_factory_checks.created_at,type=timestamp with time zone; nullable=NO; default=now(); ordinal=9,0020_fix_factory_verification.sql,canonical+applied,
column,public,inspection_factory_checks.updated_at,type=timestamp with time zone; nullable=NO; default=now(); ordinal=10,0020_fix_factory_verification.sql,canonical+applied,
primary_key,public,inspection_factory_checks_pkey,table=inspection_factory_checks; columns=id,0020_fix_factory_verification.sql,canonical+applied,
foreign_key,public,inspection_factory_checks_inspection_id_fkey,inspection_factory_checks.inspection_id -> inspections.id,0020_fix_factory_verification.sql,canonical+applied,
foreign_key,public,inspection_factory_checks_updated_by_fkey,inspection_factory_checks.updated_by -> profiles.user_id,0020_fix_factory_verification.sql,canonical+applied,
check,public,2200_18661_10_not_null,table=inspection_factory_checks; columns=None,0020_fix_factory_verification.sql,canonical+applied,
check,public,2200_18661_1_not_null,table=inspection_factory_checks; columns=None,0020_fix_factory_verification.sql,canonical+applied,
check,public,2200_18661_2_not_null,table=inspection_factory_checks; columns=None,0020_fix_factory_verification.sql,canonical+applied,
check,public,2200_18661_3_not_null,table=inspection_factory_checks; columns=None,0020_fix_factory_verification.sql,canonical+applied,
check,public,2200_18661_6_not_null,table=inspection_factory_checks; columns=None,0020_fix_factory_verification.sql,canonical+applied,
check,public,2200_18661_9_not_null,table=inspection_factory_checks; columns=None,0020_fix_factory_verification.sql,canonical+applied,
unique,public,inspection_factory_checks_inspection_id_field_key_key,"table=inspection_factory_checks; columns=inspection_id,field_key",0020_fix_factory_verification.sql,canonical+applied,
check,public,inspection_factory_checks_status_check,table=inspection_factory_checks; columns=None,0020_fix_factory_verification.sql,canonical+applied,
index,public,ifc_inspection_idx,CREATE INDEX ifc_inspection_idx ON public.inspection_factory_checks USING btree (inspection_id),0020_fix_factory_verification.sql,canonical+applied,
index,public,inspection_factory_checks_inspection_id_field_key_key,"CREATE UNIQUE INDEX inspection_factory_checks_inspection_id_field_key_key ON public.inspection_factory_checks USING btree (inspection_id, field_key)",0020_fix_factory_verification.sql,canonical+applied,
index,public,inspection_factory_checks_pkey,CREATE UNIQUE INDEX inspection_factory_checks_pkey ON public.inspection_factory_checks USING btree (id),0020_fix_factory_verification.sql,canonical+applied,
trigger,public,trg_audit_inspection_factory_checks,"table=inspection_factory_checks; timing=AFTER; events=DELETE,INSERT,UPDATE; action=EXECUTE FUNCTION audit_row_change()",0020_fix_factory_verification.sql,canonical+applied,
trigger,public,trg_guard_ifc,"table=inspection_factory_checks; timing=BEFORE; events=DELETE,UPDATE; action=EXECUTE FUNCTION guard_submitted_inspection()",0020_fix_factory_verification.sql,canonical+applied,
rls_enablement,public,inspection_factory_checks__rls,rls_enabled=True; forced=False,0020_fix_factory_verification.sql,canonical+applied,
rls_policy,public,inspection_factory_checks.ifc_insert,cmd=INSERT; roles={public}; permissive=PERMISSIVE,0020_fix_factory_verification.sql,canonical+applied,
rls_policy,public,inspection_factory_checks.ifc_read,cmd=SELECT; roles={public}; permissive=PERMISSIVE,0020_fix_factory_verification.sql,canonical+applied,
rls_policy,public,inspection_factory_checks.ifc_update,cmd=UPDATE; roles={public}; permissive=PERMISSIVE,0020_fix_factory_verification.sql,canonical+applied,
table,public,inspection_factory_snapshots,columns=8; pk_cols=1; fk_out=4; triggers=2; rls=enabled; policies=2,20260720010000_factory360_v2_foundation.sql,canonical+applied,
column,public,inspection_factory_snapshots.id,type=uuid; nullable=NO; default=gen_random_uuid(); ordinal=1,20260720010000_factory360_v2_foundation.sql,canonical+applied,
column,public,inspection_factory_snapshots.submission_version_id,type=uuid; nullable=NO; default=None; ordinal=2,20260720010000_factory360_v2_foundation.sql,canonical+applied,
column,public,inspection_factory_snapshots.factory_id,type=uuid; nullable=NO; default=None; ordinal=3,20260720010000_factory360_v2_foundation.sql,canonical+applied,
column,public,inspection_factory_snapshots.commercial_registration_id,type=uuid; nullable=YES; default=None; ordinal=4,20260720010000_factory360_v2_foundation.sql,canonical+applied,
column,public,inspection_factory_snapshots.industrial_license_id,type=uuid; nullable=YES; default=None; ordinal=5,20260720010000_factory360_v2_foundation.sql,canonical+applied,
column,public,inspection_factory_snapshots.snapshot,type=jsonb; nullable=NO; default=None; ordinal=6,20260720010000_factory360_v2_foundation.sql,canonical+applied,
column,public,inspection_factory_snapshots.snapshot_sha256,type=text; nullable=NO; default=None; ordinal=7,20260720010000_factory360_v2_foundation.sql,canonical+applied,
column,public,inspection_factory_snapshots.captured_at,type=timestamp with time zone; nullable=NO; default=now(); ordinal=8,20260720010000_factory360_v2_foundation.sql,canonical+applied,
primary_key,public,inspection_factory_snapshots_pkey,table=inspection_factory_snapshots; columns=id,20260720010000_factory360_v2_foundation.sql,canonical+applied,
foreign_key,public,inspection_factory_snapshots_industrial_license_id_fkey,inspection_factory_snapshots.industrial_license_id -> industrial_licenses.id,20260720010000_factory360_v2_foundation.sql,canonical+applied,
foreign_key,public,inspection_factory_snapshots_commercial_registration_id_fkey,inspection_factory_snapshots.commercial_registration_id -> commercial_registrations.id,20260720010000_factory360_v2_foundation.sql,canonical+applied,
foreign_key,public,inspection_factory_snapshots_factory_id_fkey,inspection_factory_snapshots.factory_id -> factories.id,20260720010000_factory360_v2_foundation.sql,canonical+applied,
foreign_key,public,inspection_factory_snapshots_submission_version_id_fkey,inspection_factory_snapshots.submission_version_id -> submission_versions.id,20260720010000_factory360_v2_foundation.sql,canonical+applied,
check,public,2200_22562_1_not_null,table=inspection_factory_snapshots; columns=None,20260720010000_factory360_v2_foundation.sql,canonical+applied,
check,public,2200_22562_2_not_null,table=inspection_factory_snapshots; columns=None,20260720010000_factory360_v2_foundation.sql,canonical+applied,
check,public,2200_22562_3_not_null,table=inspection_factory_snapshots; columns=None,20260720010000_factory360_v2_foundation.sql,canonical+applied,
check,public,2200_22562_6_not_null,table=inspection_factory_snapshots; columns=None,20260720010000_factory360_v2_foundation.sql,canonical+applied,
check,public,2200_22562_7_not_null,table=inspection_factory_snapshots; columns=None,20260720010000_factory360_v2_foundation.sql,canonical+applied,
check,public,2200_22562_8_not_null,table=inspection_factory_snapshots; columns=None,20260720010000_factory360_v2_foundation.sql,canonical+applied,
check,public,inspection_factory_snapshots_snapshot_check,table=inspection_factory_snapshots; columns=None,20260720010000_factory360_v2_foundation.sql,canonical+applied,
check,public,inspection_factory_snapshots_snapshot_sha256_check,table=inspection_factory_snapshots; columns=None,20260720010000_factory360_v2_foundation.sql,canonical+applied,
unique,public,inspection_factory_snapshots_submission_version_id_key,table=inspection_factory_snapshots; columns=submission_version_id,20260720010000_factory360_v2_foundation.sql,canonical+applied,
index,public,inspection_factory_snapshots_pkey,CREATE UNIQUE INDEX inspection_factory_snapshots_pkey ON public.inspection_factory_snapshots USING btree (id),20260720010000_factory360_v2_foundation.sql,canonical+applied,
index,public,inspection_factory_snapshots_submission_version_id_key,CREATE UNIQUE INDEX inspection_factory_snapshots_submission_version_id_key ON public.inspection_factory_snapshots USING btree (submission_version_id),20260720010000_factory360_v2_foundation.sql,canonical+applied,
trigger,public,trg_audit_inspection_factory_snapshots,"table=inspection_factory_snapshots; timing=AFTER; events=DELETE,INSERT,UPDATE; action=EXECUTE FUNCTION audit_row_change()",20260720010000_factory360_v2_foundation.sql,canonical+applied,
trigger,public,trg_f360_immutable_inspection_factory_snapshots,"table=inspection_factory_snapshots; timing=BEFORE; events=DELETE,UPDATE; action=EXECUTE FUNCTION block_factory360_immutable_mutation()",20260720010000_factory360_v2_foundation.sql,canonical+applied,
rls_enablement,public,inspection_factory_snapshots__rls,rls_enabled=True; forced=False,20260720010000_factory360_v2_foundation.sql,canonical+applied,
rls_policy,public,inspection_factory_snapshots.f360_inspection_snapshots_insert,cmd=INSERT; roles={authenticated}; permissive=PERMISSIVE,20260720010000_factory360_v2_foundation.sql,canonical+applied,
rls_policy,public,inspection_factory_snapshots.f360_inspection_snapshots_read,cmd=SELECT; roles={authenticated}; permissive=PERMISSIVE,20260720010000_factory360_v2_foundation.sql,canonical+applied,
table,public,inspection_item_states,columns=7; pk_cols=2; fk_out=2; triggers=2; rls=enabled; policies=3,20260721150000_execution_item_lifecycle.sql,canonical+applied,
column,public,inspection_item_states.inspection_id,type=uuid; nullable=NO; default=None; ordinal=1,20260721150000_execution_item_lifecycle.sql,canonical+applied,
column,public,inspection_item_states.item_id,type=uuid; nullable=NO; default=None; ordinal=2,20260721150000_execution_item_lifecycle.sql,canonical+applied,
column,public,inspection_item_states.state,type=text; nullable=NO; default=None; ordinal=3,20260721150000_execution_item_lifecycle.sql,canonical+applied,
column,public,inspection_item_states.reason,type=text; nullable=YES; default=None; ordinal=4,20260721150000_execution_item_lifecycle.sql,canonical+applied,
column,public,inspection_item_states.actor,type=uuid; nullable=NO; default=auth.uid(); ordinal=5,20260721150000_execution_item_lifecycle.sql,canonical+applied,
column,public,inspection_item_states.created_at,type=timestamp with time zone; nullable=NO; default=now(); ordinal=6,20260721150000_execution_item_lifecycle.sql,canonical+applied,
column,public,inspection_item_states.reverted_at,type=timestamp with time zone; nullable=YES; default=None; ordinal=7,20260721150000_execution_item_lifecycle.sql,canonical+applied,
primary_key,public,inspection_item_states_pkey,"table=inspection_item_states; columns=inspection_id,item_id",20260721150000_execution_item_lifecycle.sql,canonical+applied,
foreign_key,public,inspection_item_states_item_id_fkey,inspection_item_states.item_id -> inspection_items.id,20260721150000_execution_item_lifecycle.sql,canonical+applied,
foreign_key,public,inspection_item_states_inspection_id_fkey,inspection_item_states.inspection_id -> inspections.id,20260721150000_execution_item_lifecycle.sql,canonical+applied,
check,public,2200_23946_1_not_null,table=inspection_item_states; columns=None,20260721150000_execution_item_lifecycle.sql,canonical+applied,
check,public,2200_23946_2_not_null,table=inspection_item_states; columns=None,20260721150000_execution_item_lifecycle.sql,canonical+applied,
check,public,2200_23946_3_not_null,table=inspection_item_states; columns=None,20260721150000_execution_item_lifecycle.sql,canonical+applied,
check,public,2200_23946_5_not_null,table=inspection_item_states; columns=None,20260721150000_execution_item_lifecycle.sql,canonical+applied,
check,public,2200_23946_6_not_null,table=inspection_item_states; columns=None,20260721150000_execution_item_lifecycle.sql,canonical+applied,
check,public,inspection_item_states_reason_shape,table=inspection_item_states; columns=None,20260721150000_execution_item_lifecycle.sql,canonical+applied,
check,public,inspection_item_states_state_check,table=inspection_item_states; columns=None,20260721150000_execution_item_lifecycle.sql,canonical+applied,
index,public,inspection_item_states_pkey,"CREATE UNIQUE INDEX inspection_item_states_pkey ON public.inspection_item_states USING btree (inspection_id, item_id)",20260721150000_execution_item_lifecycle.sql,canonical+applied,
trigger,public,trg_audit_item_state,"table=inspection_item_states; timing=AFTER; events=DELETE,INSERT,UPDATE; action=EXECUTE FUNCTION audit_item_state_change()",20260721150000_execution_item_lifecycle.sql,canonical+applied,
trigger,public,trg_guard_item_state,"table=inspection_item_states; timing=BEFORE; events=DELETE,INSERT,UPDATE; action=EXECUTE FUNCTION guard_submitted_inspection()",20260721150000_execution_item_lifecycle.sql,canonical+applied,
rls_enablement,public,inspection_item_states__rls,rls_enabled=True; forced=False,20260721150000_execution_item_lifecycle.sql,canonical+applied,
rls_policy,public,inspection_item_states.inspection_item_states_inspector_insert,cmd=INSERT; roles={authenticated}; permissive=PERMISSIVE,20260721150000_execution_item_lifecycle.sql,canonical+applied,
rls_policy,public,inspection_item_states.inspection_item_states_inspector_update,cmd=UPDATE; roles={authenticated}; permissive=PERMISSIVE,20260721150000_execution_item_lifecycle.sql,canonical+applied,
rls_policy,public,inspection_item_states.inspection_item_states_read,cmd=SELECT; roles={authenticated}; permissive=PERMISSIVE,20260721150000_execution_item_lifecycle.sql,canonical+applied,
table,public,inspection_item_versions,columns=5; pk_cols=2; fk_out=2; triggers=1; rls=enabled; policies=1,20260715220000_m09_authoritative_contract_completion.sql,canonical+applied,
column,public,inspection_item_versions.item_id,type=uuid; nullable=NO; default=None; ordinal=1,20260715220000_m09_authoritative_contract_completion.sql,canonical+applied,
column,public,inspection_item_versions.configuration_version,type=integer; nullable=NO; default=None; ordinal=2,20260715220000_m09_authoritative_contract_completion.sql,canonical+applied,
column,public,inspection_item_versions.snapshot,type=jsonb; nullable=NO; default=None; ordinal=3,20260715220000_m09_authoritative_contract_completion.sql,canonical+applied,
column,public,inspection_item_versions.recorded_at,type=timestamp with time zone; nullable=NO; default=now(); ordinal=4,20260715220000_m09_authoritative_contract_completion.sql,canonical+applied,
column,public,inspection_item_versions.recorded_by,type=uuid; nullable=YES; default=None; ordinal=5,20260715220000_m09_authoritative_contract_completion.sql,canonical+applied,
primary_key,public,inspection_item_versions_pkey,"table=inspection_item_versions; columns=item_id,configuration_version",20260715220000_m09_authoritative_contract_completion.sql,canonical+applied,
foreign_key,public,inspection_item_versions_recorded_by_fkey,inspection_item_versions.recorded_by -> profiles.user_id,20260715220000_m09_authoritative_contract_completion.sql,canonical+applied,
foreign_key,public,inspection_item_versions_item_id_fkey,inspection_item_versions.item_id -> inspection_items.id,20260715220000_m09_authoritative_contract_completion.sql,canonical+applied,
check,public,2200_19487_1_not_null,table=inspection_item_versions; columns=None,20260715220000_m09_authoritative_contract_completion.sql,canonical+applied,
check,public,2200_19487_2_not_null,table=inspection_item_versions; columns=None,20260715220000_m09_authoritative_contract_completion.sql,canonical+applied,
check,public,2200_19487_3_not_null,table=inspection_item_versions; columns=None,20260715220000_m09_authoritative_contract_completion.sql,canonical+applied,
check,public,2200_19487_4_not_null,table=inspection_item_versions; columns=None,20260715220000_m09_authoritative_contract_completion.sql,canonical+applied,
index,public,inspection_item_versions_pkey,"CREATE UNIQUE INDEX inspection_item_versions_pkey ON public.inspection_item_versions USING btree (item_id, configuration_version)",20260715220000_m09_authoritative_contract_completion.sql,canonical+applied,
trigger,public,trg_guard_inspection_item_version,"table=inspection_item_versions; timing=BEFORE; events=DELETE,UPDATE; action=EXECUTE FUNCTION guard_inspection_item_version()",20260715220000_m09_authoritative_contract_completion.sql,canonical+applied,
rls_enablement,public,inspection_item_versions__rls,rls_enabled=True; forced=False,20260715220000_m09_authoritative_contract_completion.sql,canonical+applied,
rls_policy,public,inspection_item_versions.inspection_item_versions_read,cmd=SELECT; roles={public}; permissive=PERMISSIVE,20260715220000_m09_authoritative_contract_completion.sql,canonical+applied,
table,public,inspection_items,columns=15; pk_cols=1; fk_out=2; triggers=3; rls=enabled; policies=2,0001_foundation.sql,canonical+applied,
column,public,inspection_items.id,type=uuid; nullable=NO; default=gen_random_uuid(); ordinal=1,0001_foundation.sql,canonical+applied,
column,public,inspection_items.code,type=text; nullable=NO; default=None; ordinal=2,0001_foundation.sql,canonical+applied,
column,public,inspection_items.title,type=text; nullable=NO; default=None; ordinal=3,0001_foundation.sql,canonical+applied,
column,public,inspection_items.clause_id,type=uuid; nullable=YES; default=None; ordinal=4,0001_foundation.sql,canonical+applied,
column,public,inspection_items.response_model,type=jsonb; nullable=NO; default=None; ordinal=5,0001_foundation.sql,canonical+applied,
column,public,inspection_items.evidence_rule,type=jsonb; nullable=YES; default=None; ordinal=6,0001_foundation.sql,canonical+applied,
column,public,inspection_items.score_weight,type=numeric; nullable=YES; default=None; ordinal=7,0001_foundation.sql,canonical+applied,
column,public,inspection_items.score_excluded_on,type=ARRAY; nullable=YES; default=None; ordinal=8,0001_foundation.sql,canonical+applied,
column,public,inspection_items.guidance_en,type=text; nullable=YES; default=None; ordinal=9,0001_foundation.sql,canonical+applied,
column,public,inspection_items.guidance_ar,type=text; nullable=YES; default=None; ordinal=10,0001_foundation.sql,canonical+applied,
column,public,inspection_items.active,type=boolean; nullable=NO; default=true; ordinal=11,0001_foundation.sql,canonical+applied,
column,public,inspection_items.deactivated_at,type=timestamp with time zone; nullable=YES; default=None; ordinal=12,0001_foundation.sql,canonical+applied,
column,public,inspection_items.deactivated_by,type=uuid; nullable=YES; default=None; ordinal=13,0001_foundation.sql,canonical+applied,
column,public,inspection_items.deactivation_reason,type=text; nullable=YES; default=None; ordinal=14,0001_foundation.sql,canonical+applied,
column,public,inspection_items.configuration_version,type=integer; nullable=NO; default=1; ordinal=15,0001_foundation.sql,canonical+applied,
primary_key,public,inspection_items_pkey,table=inspection_items; columns=id,0001_foundation.sql,canonical+applied,
foreign_key,public,inspection_items_deactivated_by_fkey,inspection_items.deactivated_by -> profiles.user_id,0001_foundation.sql,canonical+applied,
foreign_key,public,inspection_items_clause_id_fkey,inspection_items.clause_id -> regulation_clauses.id,0001_foundation.sql,canonical+applied,
check,public,2200_17818_11_not_null,table=inspection_items; columns=None,0001_foundation.sql,canonical+applied,
check,public,2200_17818_15_not_null,table=inspection_items; columns=None,0001_foundation.sql,canonical+applied,
check,public,2200_17818_1_not_null,table=inspection_items; columns=None,0001_foundation.sql,canonical+applied,
check,public,2200_17818_2_not_null,table=inspection_items; columns=None,0001_foundation.sql,canonical+applied,
check,public,2200_17818_3_not_null,table=inspection_items; columns=None,0001_foundation.sql,canonical+applied,
check,public,2200_17818_5_not_null,table=inspection_items; columns=None,0001_foundation.sql,canonical+applied,
unique,public,inspection_items_code_key,table=inspection_items; columns=code,0001_foundation.sql,canonical+applied,
index,public,inspection_items_code_key,CREATE UNIQUE INDEX inspection_items_code_key ON public.inspection_items USING btree (code),0001_foundation.sql,canonical+applied,
index,public,inspection_items_pkey,CREATE UNIQUE INDEX inspection_items_pkey ON public.inspection_items USING btree (id),0001_foundation.sql,canonical+applied,
trigger,public,trg_archive_inspection_item_version,table=inspection_items; timing=BEFORE; events=UPDATE; action=EXECUTE FUNCTION archive_inspection_item_version(),0001_foundation.sql,canonical+applied,
trigger,public,trg_audit_inspection_items,"table=inspection_items; timing=AFTER; events=DELETE,INSERT,UPDATE; action=EXECUTE FUNCTION audit_row_change()",0001_foundation.sql,canonical+applied,
trigger,public,trg_validate_inspection_item_authoring,"table=inspection_items; timing=BEFORE; events=INSERT,UPDATE; action=EXECUTE FUNCTION validate_inspection_item_authoring()",0001_foundation.sql,canonical+applied,
rls_enablement,public,inspection_items__rls,rls_enabled=True; forced=False,0001_foundation.sql,canonical+applied,
rls_policy,public,inspection_items.inspection_items_admin,cmd=ALL; roles={public}; permissive=PERMISSIVE,0001_foundation.sql,canonical+applied,
rls_policy,public,inspection_items.inspection_items_read,cmd=SELECT; roles={public}; permissive=PERMISSIVE,0001_foundation.sql,canonical+applied,
table,public,inspection_penalties,columns=9; pk_cols=1; fk_out=4; triggers=2; rls=enabled; policies=1,20260715220000_m09_authoritative_contract_completion.sql,canonical+applied,
column,public,inspection_penalties.id,type=uuid; nullable=NO; default=gen_random_uuid(); ordinal=1,20260715220000_m09_authoritative_contract_completion.sql,canonical+applied,
column,public,inspection_penalties.inspection_id,type=uuid; nullable=NO; default=None; ordinal=2,20260715220000_m09_authoritative_contract_completion.sql,canonical+applied,
column,public,inspection_penalties.violation_id,type=uuid; nullable=NO; default=None; ordinal=3,20260715220000_m09_authoritative_contract_completion.sql,canonical+applied,
column,public,inspection_penalties.penalty_mapping_id,type=uuid; nullable=NO; default=None; ordinal=4,20260715220000_m09_authoritative_contract_completion.sql,canonical+applied,
column,public,inspection_penalties.mapping_snapshot,type=jsonb; nullable=NO; default=None; ordinal=5,20260715220000_m09_authoritative_contract_completion.sql,canonical+applied,
column,public,inspection_penalties.status,type=text; nullable=NO; default='informational'::text; ordinal=6,20260715220000_m09_authoritative_contract_completion.sql,canonical+applied,
column,public,inspection_penalties.issued_at,type=timestamp with time zone; nullable=YES; default=None; ordinal=7,20260715220000_m09_authoritative_contract_completion.sql,canonical+applied,
column,public,inspection_penalties.issued_by,type=uuid; nullable=YES; default=None; ordinal=8,20260715220000_m09_authoritative_contract_completion.sql,canonical+applied,
column,public,inspection_penalties.created_at,type=timestamp with time zone; nullable=NO; default=now(); ordinal=9,20260715220000_m09_authoritative_contract_completion.sql,canonical+applied,
primary_key,public,inspection_penalties_pkey,table=inspection_penalties; columns=id,20260715220000_m09_authoritative_contract_completion.sql,canonical+applied,
foreign_key,public,inspection_penalties_issued_by_fkey,inspection_penalties.issued_by -> profiles.user_id,20260715220000_m09_authoritative_contract_completion.sql,canonical+applied,
foreign_key,public,inspection_penalties_inspection_id_fkey,inspection_penalties.inspection_id -> inspections.id,20260715220000_m09_authoritative_contract_completion.sql,canonical+applied,
foreign_key,public,inspection_penalties_penalty_mapping_id_fkey,inspection_penalties.penalty_mapping_id -> penalty_mappings.id,20260715220000_m09_authoritative_contract_completion.sql,canonical+applied,
foreign_key,public,inspection_penalties_violation_id_fkey,inspection_penalties.violation_id -> violations.id,20260715220000_m09_authoritative_contract_completion.sql,canonical+applied,
check,public,2200_19599_1_not_null,table=inspection_penalties; columns=None,20260715220000_m09_authoritative_contract_completion.sql,canonical+applied,
check,public,2200_19599_2_not_null,table=inspection_penalties; columns=None,20260715220000_m09_authoritative_contract_completion.sql,canonical+applied,
check,public,2200_19599_3_not_null,table=inspection_penalties; columns=None,20260715220000_m09_authoritative_contract_completion.sql,canonical+applied,
check,public,2200_19599_4_not_null,table=inspection_penalties; columns=None,20260715220000_m09_authoritative_contract_completion.sql,canonical+applied,
check,public,2200_19599_5_not_null,table=inspection_penalties; columns=None,20260715220000_m09_authoritative_contract_completion.sql,canonical+applied,
check,public,2200_19599_6_not_null,table=inspection_penalties; columns=None,20260715220000_m09_authoritative_contract_completion.sql,canonical+applied,
check,public,2200_19599_9_not_null,table=inspection_penalties; columns=None,20260715220000_m09_authoritative_contract_completion.sql,canonical+applied,
check,public,inspection_penalties_issue_evidence,table=inspection_penalties; columns=None,20260715220000_m09_authoritative_contract_completion.sql,canonical+applied,
check,public,inspection_penalties_status_check,table=inspection_penalties; columns=None,20260715220000_m09_authoritative_contract_completion.sql,canonical+applied,
unique,public,inspection_penalties_violation_id_key,table=inspection_penalties; columns=violation_id,20260715220000_m09_authoritative_contract_completion.sql,canonical+applied,
index,public,inspection_penalties_pkey,CREATE UNIQUE INDEX inspection_penalties_pkey ON public.inspection_penalties USING btree (id),20260715220000_m09_authoritative_contract_completion.sql,canonical+applied,
index,public,inspection_penalties_violation_id_key,CREATE UNIQUE INDEX inspection_penalties_violation_id_key ON public.inspection_penalties USING btree (violation_id),20260715220000_m09_authoritative_contract_completion.sql,canonical+applied,
trigger,public,trg_audit_inspection_penalties,"table=inspection_penalties; timing=AFTER; events=DELETE,INSERT,UPDATE; action=EXECUTE FUNCTION audit_row_change()",20260715220000_m09_authoritative_contract_completion.sql,canonical+applied,
trigger,public,trg_guard_inspection_penalty,"table=inspection_penalties; timing=BEFORE; events=DELETE,UPDATE; action=EXECUTE FUNCTION guard_inspection_penalty()",20260715220000_m09_authoritative_contract_completion.sql,canonical+applied,
rls_enablement,public,inspection_penalties__rls,rls_enabled=True; forced=False,20260715220000_m09_authoritative_contract_completion.sql,canonical+applied,
rls_policy,public,inspection_penalties.inspection_penalties_read,cmd=SELECT; roles={public}; permissive=PERMISSIVE,20260715220000_m09_authoritative_contract_completion.sql,canonical+applied,
table,public,inspections,columns=9; pk_cols=1; fk_out=2; triggers=7; rls=enabled; policies=4,0001_foundation.sql,canonical+applied,
column,public,inspections.id,type=uuid; nullable=NO; default=gen_random_uuid(); ordinal=1,0001_foundation.sql,canonical+applied,
column,public,inspections.visit_id,type=uuid; nullable=NO; default=None; ordinal=2,0001_foundation.sql,canonical+applied,
column,public,inspections.status,type=text; nullable=NO; default='not_started'::text; ordinal=3,0001_foundation.sql,canonical+applied,
column,public,inspections.package_version_id,type=uuid; nullable=NO; default=None; ordinal=4,0001_foundation.sql,canonical+applied,
column,public,inspections.started_at,type=timestamp with time zone; nullable=YES; default=None; ordinal=5,0001_foundation.sql,canonical+applied,
column,public,inspections.submitted_at,type=timestamp with time zone; nullable=YES; default=None; ordinal=6,0001_foundation.sql,canonical+applied,
column,public,inspections.context,type=jsonb; nullable=NO; default='{}'::jsonb; ordinal=7,0001_foundation.sql,canonical+applied,
column,public,inspections.inspection_no,type=text; nullable=YES; default=None; ordinal=8,0001_foundation.sql,canonical+applied,
column,public,inspections.lifecycle_status,type=text; nullable=NO; default='new'::text; ordinal=9,0001_foundation.sql,canonical+applied,
primary_key,public,inspections_pkey,table=inspections; columns=id,0001_foundation.sql,canonical+applied,
foreign_key,public,inspections_visit_id_fkey,inspections.visit_id -> visits.id,0001_foundation.sql,canonical+applied,
foreign_key,public,inspections_package_version_id_fkey,inspections.package_version_id -> package_versions.id,0001_foundation.sql,canonical+applied,
check,public,2200_18018_1_not_null,table=inspections; columns=None,0001_foundation.sql,canonical+applied,
check,public,2200_18018_2_not_null,table=inspections; columns=None,0001_foundation.sql,canonical+applied,
check,public,2200_18018_3_not_null,table=inspections; columns=None,0001_foundation.sql,canonical+applied,
check,public,2200_18018_4_not_null,table=inspections; columns=None,0001_foundation.sql,canonical+applied,
check,public,2200_18018_7_not_null,table=inspections; columns=None,0001_foundation.sql,canonical+applied,
check,public,2200_18018_9_not_null,table=inspections; columns=None,0001_foundation.sql,canonical+applied,
unique,public,inspections_inspection_no_key,table=inspections; columns=inspection_no,0001_foundation.sql,canonical+applied,
check,public,inspections_lifecycle_status_check,table=inspections; columns=None,0001_foundation.sql,canonical+applied,
unique,public,inspections_visit_id_key,table=inspections; columns=visit_id,0001_foundation.sql,canonical+applied,
index,public,idx_inspections_status_started,"CREATE INDEX idx_inspections_status_started ON public.inspections USING btree (status, started_at DESC)",0001_foundation.sql,canonical+applied,
index,public,inspections_inspection_no_key,CREATE UNIQUE INDEX inspections_inspection_no_key ON public.inspections USING btree (inspection_no),0001_foundation.sql,canonical+applied,
index,public,inspections_lifecycle_status_idx,CREATE INDEX inspections_lifecycle_status_idx ON public.inspections USING btree (lifecycle_status),0001_foundation.sql,canonical+applied,
index,public,inspections_pkey,CREATE UNIQUE INDEX inspections_pkey ON public.inspections USING btree (id),0001_foundation.sql,canonical+applied,
index,public,inspections_status_submitted_idx,"CREATE INDEX inspections_status_submitted_idx ON public.inspections USING btree (status, submitted_at DESC)",0001_foundation.sql,canonical+applied,
index,public,inspections_visit_id_key,CREATE UNIQUE INDEX inspections_visit_id_key ON public.inspections USING btree (visit_id),0001_foundation.sql,canonical+applied,
trigger,public,trg_audit_inspections,"table=inspections; timing=AFTER; events=DELETE,INSERT,UPDATE; action=EXECUTE FUNCTION audit_row_change()",0001_foundation.sql,canonical+applied,
trigger,public,trg_guard_approved_requires_submission,"table=inspections; timing=AFTER; events=INSERT,UPDATE; action=EXECUTE FUNCTION guard_approved_requires_submission()",0001_foundation.sql,canonical+applied,
trigger,public,trg_inspection_no,table=inspections; timing=BEFORE; events=INSERT; action=EXECUTE FUNCTION stamp_inspection_no(),0001_foundation.sql,canonical+applied,
trigger,public,trg_issue_penalties_after_approval,table=inspections; timing=AFTER; events=UPDATE; action=EXECUTE FUNCTION issue_penalties_after_approval(),0001_foundation.sql,canonical+applied,
trigger,public,trg_mvp2_m2_05_semantic_inspections,"table=inspections; timing=AFTER; events=INSERT,UPDATE; action=EXECUTE FUNCTION emit_mvp2_m2_05_semantic_event()",0001_foundation.sql,canonical+applied,
trigger,public,trg_review_operational_state,table=inspections; timing=AFTER; events=UPDATE; action=EXECUTE FUNCTION sync_review_operational_state(),0001_foundation.sql,canonical+applied,
trigger,public,trg_sync_inspection_lifecycle_status,"table=inspections; timing=BEFORE; events=INSERT,UPDATE; action=EXECUTE FUNCTION sync_inspection_lifecycle_status()",0001_foundation.sql,canonical+applied,
rls_enablement,public,inspections__rls,rls_enabled=True; forced=False,0001_foundation.sql,canonical+applied,
rls_policy,public,inspections.inspections_read,cmd=SELECT; roles={public}; permissive=PERMISSIVE,0001_foundation.sql,canonical+applied,
rls_policy,public,inspections.inspections_read_prior_approved,cmd=SELECT; roles={public}; permissive=PERMISSIVE,0001_foundation.sql,canonical+applied,
rls_policy,public,inspections.inspections_update,cmd=UPDATE; roles={public}; permissive=PERMISSIVE,0001_foundation.sql,canonical+applied,
rls_policy,public,inspections.inspections_write,cmd=INSERT; roles={public}; permissive=PERMISSIVE,0001_foundation.sql,canonical+applied,
table,public,inspector_briefing_cache,columns=9; pk_cols=1; fk_out=2; triggers=0; rls=enabled; policies=3,unknown (no CREATE TABLE match in supabase/migrations/*.sql — verify manually),canonical+applied,
column,public,inspector_briefing_cache.id,type=uuid; nullable=NO; default=gen_random_uuid(); ordinal=1,unknown (no CREATE TABLE match in supabase/migrations/*.sql — verify manually),canonical+applied,
column,public,inspector_briefing_cache.user_id,type=uuid; nullable=NO; default=None; ordinal=2,unknown (no CREATE TABLE match in supabase/migrations/*.sql — verify manually),canonical+applied,
column,public,inspector_briefing_cache.scope,type=text; nullable=NO; default=None; ordinal=3,unknown (no CREATE TABLE match in supabase/migrations/*.sql — verify manually),canonical+applied,
column,public,inspector_briefing_cache.period_date,type=date; nullable=NO; default=None; ordinal=4,unknown (no CREATE TABLE match in supabase/migrations/*.sql — verify manually),canonical+applied,
column,public,inspector_briefing_cache.briefing_text,type=text; nullable=NO; default=None; ordinal=5,unknown (no CREATE TABLE match in supabase/migrations/*.sql — verify manually),canonical+applied,
column,public,inspector_briefing_cache.insight_id,type=uuid; nullable=YES; default=None; ordinal=6,unknown (no CREATE TABLE match in supabase/migrations/*.sql — verify manually),canonical+applied,
column,public,inspector_briefing_cache.provider_status,type=text; nullable=NO; default='configured'::text; ordinal=7,unknown (no CREATE TABLE match in supabase/migrations/*.sql — verify manually),canonical+applied,
column,public,inspector_briefing_cache.created_at,type=timestamp with time zone; nullable=NO; default=now(); ordinal=8,unknown (no CREATE TABLE match in supabase/migrations/*.sql — verify manually),canonical+applied,
column,public,inspector_briefing_cache.updated_at,type=timestamp with time zone; nullable=NO; default=now(); ordinal=9,unknown (no CREATE TABLE match in supabase/migrations/*.sql — verify manually),canonical+applied,
primary_key,public,inspector_briefing_cache_pkey,table=inspector_briefing_cache; columns=id,unknown (no CREATE TABLE match in supabase/migrations/*.sql — verify manually),canonical+applied,
foreign_key,public,inspector_briefing_cache_user_id_fkey,inspector_briefing_cache.user_id -> profiles.user_id,unknown (no CREATE TABLE match in supabase/migrations/*.sql — verify manually),canonical+applied,
foreign_key,public,inspector_briefing_cache_insight_id_fkey,inspector_briefing_cache.insight_id -> ai_suggestions.id,unknown (no CREATE TABLE match in supabase/migrations/*.sql — verify manually),canonical+applied,
check,public,2200_24152_1_not_null,table=inspector_briefing_cache; columns=None,unknown (no CREATE TABLE match in supabase/migrations/*.sql — verify manually),canonical+applied,
check,public,2200_24152_2_not_null,table=inspector_briefing_cache; columns=None,unknown (no CREATE TABLE match in supabase/migrations/*.sql — verify manually),canonical+applied,
check,public,2200_24152_3_not_null,table=inspector_briefing_cache; columns=None,unknown (no CREATE TABLE match in supabase/migrations/*.sql — verify manually),canonical+applied,
check,public,2200_24152_4_not_null,table=inspector_briefing_cache; columns=None,unknown (no CREATE TABLE match in supabase/migrations/*.sql — verify manually),canonical+applied,
check,public,2200_24152_5_not_null,table=inspector_briefing_cache; columns=None,unknown (no CREATE TABLE match in supabase/migrations/*.sql — verify manually),canonical+applied,
check,public,2200_24152_7_not_null,table=inspector_briefing_cache; columns=None,unknown (no CREATE TABLE match in supabase/migrations/*.sql — verify manually),canonical+applied,
check,public,2200_24152_8_not_null,table=inspector_briefing_cache; columns=None,unknown (no CREATE TABLE match in supabase/migrations/*.sql — verify manually),canonical+applied,
check,public,2200_24152_9_not_null,table=inspector_briefing_cache; columns=None,unknown (no CREATE TABLE match in supabase/migrations/*.sql — verify manually),canonical+applied,
check,public,inspector_briefing_cache_provider_status_check,table=inspector_briefing_cache; columns=None,unknown (no CREATE TABLE match in supabase/migrations/*.sql — verify manually),canonical+applied,
check,public,inspector_briefing_cache_scope_check,table=inspector_briefing_cache; columns=None,unknown (no CREATE TABLE match in supabase/migrations/*.sql — verify manually),canonical+applied,
unique,public,inspector_briefing_cache_user_id_scope_period_date_key,"table=inspector_briefing_cache; columns=user_id,scope,period_date",unknown (no CREATE TABLE match in supabase/migrations/*.sql — verify manually),canonical+applied,
index,public,inspector_briefing_cache_lookup_idx,"CREATE INDEX inspector_briefing_cache_lookup_idx ON public.inspector_briefing_cache USING btree (user_id, scope, period_date)",unknown (no CREATE TABLE match in supabase/migrations/*.sql — verify manually),canonical+applied,
index,public,inspector_briefing_cache_pkey,CREATE UNIQUE INDEX inspector_briefing_cache_pkey ON public.inspector_briefing_cache USING btree (id),unknown (no CREATE TABLE match in supabase/migrations/*.sql — verify manually),canonical+applied,
index,public,inspector_briefing_cache_user_id_scope_period_date_key,"CREATE UNIQUE INDEX inspector_briefing_cache_user_id_scope_period_date_key ON public.inspector_briefing_cache USING btree (user_id, scope, period_date)",unknown (no CREATE TABLE match in supabase/migrations/*.sql — verify manually),canonical+applied,
rls_enablement,public,inspector_briefing_cache__rls,rls_enabled=True; forced=False,unknown (no CREATE TABLE match in supabase/migrations/*.sql — verify manually),canonical+applied,
rls_policy,public,inspector_briefing_cache.inspector_briefing_cache_insert,cmd=INSERT; roles={public}; permissive=PERMISSIVE,unknown (no CREATE TABLE match in supabase/migrations/*.sql — verify manually),canonical+applied,
rls_policy,public,inspector_briefing_cache.inspector_briefing_cache_read,cmd=SELECT; roles={public}; permissive=PERMISSIVE,unknown (no CREATE TABLE match in supabase/migrations/*.sql — verify manually),canonical+applied,
rls_policy,public,inspector_briefing_cache.inspector_briefing_cache_update,cmd=UPDATE; roles={public}; permissive=PERMISSIVE,unknown (no CREATE TABLE match in supabase/migrations/*.sql — verify manually),canonical+applied,
table,public,journey_sessions,columns=19; pk_cols=1; fk_out=2; triggers=0; rls=enabled; policies=3,0001_foundation.sql,canonical+applied,
column,public,journey_sessions.id,type=uuid; nullable=NO; default=gen_random_uuid(); ordinal=1,0001_foundation.sql,canonical+applied,
column,public,journey_sessions.visit_id,type=uuid; nullable=NO; default=None; ordinal=2,0001_foundation.sql,canonical+applied,
column,public,journey_sessions.inspector_id,type=uuid; nullable=NO; default=None; ordinal=3,0001_foundation.sql,canonical+applied,
column,public,journey_sessions.started_at,type=timestamp with time zone; nullable=NO; default=now(); ordinal=4,0001_foundation.sql,canonical+applied,
column,public,journey_sessions.eta_minutes,type=integer; nullable=YES; default=None; ordinal=5,0001_foundation.sql,canonical+applied,
column,public,journey_sessions.remaining_distance_m,type=integer; nullable=YES; default=None; ordinal=6,0001_foundation.sql,canonical+applied,
column,public,journey_sessions.status,type=text; nullable=NO; default='on_journey'::text; ordinal=7,0001_foundation.sql,canonical+applied,
column,public,journey_sessions.prestart,type=jsonb; nullable=YES; default=None; ordinal=8,0001_foundation.sql,canonical+applied,
column,public,journey_sessions.device_started_at,type=timestamp with time zone; nullable=YES; default=None; ordinal=9,0001_foundation.sql,canonical+applied,
column,public,journey_sessions.ended_at,type=timestamp with time zone; nullable=YES; default=None; ordinal=10,0001_foundation.sql,canonical+applied,
column,public,journey_sessions.device_info,type=jsonb; nullable=YES; default=None; ordinal=11,0001_foundation.sql,canonical+applied,
column,public,journey_sessions.route_provider,type=text; nullable=YES; default=None; ordinal=12,0001_foundation.sql,canonical+applied,
column,public,journey_sessions.eta_updated_at,type=timestamp with time zone; nullable=YES; default=None; ordinal=13,0001_foundation.sql,canonical+applied,
column,public,journey_sessions.device_id,type=text; nullable=YES; default=None; ordinal=14,0001_foundation.sql,canonical+applied,
column,public,journey_sessions.device_os_version,type=text; nullable=YES; default=None; ordinal=15,0001_foundation.sql,canonical+applied,
column,public,journey_sessions.application_version,type=text; nullable=YES; default=None; ordinal=16,0001_foundation.sql,canonical+applied,
column,public,journey_sessions.routing_provider,type=text; nullable=YES; default=None; ordinal=17,0001_foundation.sql,canonical+applied,
column,public,journey_sessions.route_estimate_mode,type=text; nullable=YES; default=None; ordinal=18,0001_foundation.sql,canonical+applied,
column,public,journey_sessions.route_estimated_at,type=timestamp with time zone; nullable=YES; default=None; ordinal=19,0001_foundation.sql,canonical+applied,
primary_key,public,journey_sessions_pkey,table=journey_sessions; columns=id,0001_foundation.sql,canonical+applied,
foreign_key,public,journey_sessions_inspector_id_fkey,journey_sessions.inspector_id -> profiles.user_id,0001_foundation.sql,canonical+applied,
foreign_key,public,journey_sessions_visit_id_fkey,journey_sessions.visit_id -> visits.id,0001_foundation.sql,canonical+applied,
check,public,2200_17979_1_not_null,table=journey_sessions; columns=None,0001_foundation.sql,canonical+applied,
check,public,2200_17979_2_not_null,table=journey_sessions; columns=None,0001_foundation.sql,canonical+applied,
check,public,2200_17979_3_not_null,table=journey_sessions; columns=None,0001_foundation.sql,canonical+applied,
check,public,2200_17979_4_not_null,table=journey_sessions; columns=None,0001_foundation.sql,canonical+applied,
check,public,2200_17979_7_not_null,table=journey_sessions; columns=None,0001_foundation.sql,canonical+applied,
check,public,journey_device_info_shape,table=journey_sessions; columns=None,0001_foundation.sql,canonical+applied,
check,public,journey_eta_nonnegative,table=journey_sessions; columns=None,0001_foundation.sql,canonical+applied,
check,public,journey_remaining_distance_nonnegative,table=journey_sessions; columns=None,0001_foundation.sql,canonical+applied,
check,public,journey_route_estimate_mode_valid,table=journey_sessions; columns=None,0001_foundation.sql,canonical+applied,
index,public,journey_sessions_pkey,CREATE UNIQUE INDEX journey_sessions_pkey ON public.journey_sessions USING btree (id),0001_foundation.sql,canonical+applied,
index,public,uq_journey_active_per_visit,CREATE UNIQUE INDEX uq_journey_active_per_visit ON public.journey_sessions USING btree (visit_id) WHERE (status = 'on_journey'::text),0001_foundation.sql,canonical+applied,
rls_enablement,public,journey_sessions__rls,rls_enabled=True; forced=False,0001_foundation.sql,canonical+applied,
rls_policy,public,journey_sessions.journeys_select,cmd=SELECT; roles={public}; permissive=PERMISSIVE,0001_foundation.sql,canonical+applied,
rls_policy,public,journey_sessions.journeys_update,cmd=UPDATE; roles={public}; permissive=PERMISSIVE,0001_foundation.sql,canonical+applied,
rls_policy,public,journey_sessions.journeys_write,cmd=INSERT; roles={public}; permissive=PERMISSIVE,0001_foundation.sql,canonical+applied,
table,public,location_visibility_matrix,columns=4; pk_cols=1; fk_out=0; triggers=0; rls=enabled; policies=3,20260717220000_mvp2_m2_06_spatial_gis.sql,canonical+applied,
column,public,location_visibility_matrix.id,type=uuid; nullable=NO; default=gen_random_uuid(); ordinal=1,20260717220000_mvp2_m2_06_spatial_gis.sql,canonical+applied,
column,public,location_visibility_matrix.sensitivity_class,type=text; nullable=NO; default=None; ordinal=2,20260717220000_mvp2_m2_06_spatial_gis.sql,canonical+applied,
column,public,location_visibility_matrix.role_key,type=text; nullable=NO; default=None; ordinal=3,20260717220000_mvp2_m2_06_spatial_gis.sql,canonical+applied,
column,public,location_visibility_matrix.can_view_precise,type=boolean; nullable=NO; default=false; ordinal=4,20260717220000_mvp2_m2_06_spatial_gis.sql,canonical+applied,
primary_key,public,location_visibility_matrix_pkey,table=location_visibility_matrix; columns=id,20260717220000_mvp2_m2_06_spatial_gis.sql,canonical+applied,
check,public,2200_20883_1_not_null,table=location_visibility_matrix; columns=None,20260717220000_mvp2_m2_06_spatial_gis.sql,canonical+applied,
check,public,2200_20883_2_not_null,table=location_visibility_matrix; columns=None,20260717220000_mvp2_m2_06_spatial_gis.sql,canonical+applied,
check,public,2200_20883_3_not_null,table=location_visibility_matrix; columns=None,20260717220000_mvp2_m2_06_spatial_gis.sql,canonical+applied,
check,public,2200_20883_4_not_null,table=location_visibility_matrix; columns=None,20260717220000_mvp2_m2_06_spatial_gis.sql,canonical+applied,
unique,public,location_visibility_matrix_sensitivity_class_role_key_key,"table=location_visibility_matrix; columns=sensitivity_class,role_key",20260717220000_mvp2_m2_06_spatial_gis.sql,canonical+applied,
index,public,location_visibility_matrix_pkey,CREATE UNIQUE INDEX location_visibility_matrix_pkey ON public.location_visibility_matrix USING btree (id),20260717220000_mvp2_m2_06_spatial_gis.sql,canonical+applied,
index,public,location_visibility_matrix_sensitivity_class_role_key_key,"CREATE UNIQUE INDEX location_visibility_matrix_sensitivity_class_role_key_key ON public.location_visibility_matrix USING btree (sensitivity_class, role_key)",20260717220000_mvp2_m2_06_spatial_gis.sql,canonical+applied,
rls_enablement,public,location_visibility_matrix__rls,rls_enabled=True; forced=False,20260717220000_mvp2_m2_06_spatial_gis.sql,canonical+applied,
rls_policy,public,location_visibility_matrix.location_visibility_matrix_read,cmd=SELECT; roles={public}; permissive=PERMISSIVE,20260717220000_mvp2_m2_06_spatial_gis.sql,canonical+applied,
rls_policy,public,location_visibility_matrix.location_visibility_matrix_update,cmd=UPDATE; roles={public}; permissive=PERMISSIVE,20260717220000_mvp2_m2_06_spatial_gis.sql,canonical+applied,
rls_policy,public,location_visibility_matrix.location_visibility_matrix_write,cmd=INSERT; roles={public}; permissive=PERMISSIVE,20260717220000_mvp2_m2_06_spatial_gis.sql,canonical+applied,
table,public,map_packs,columns=8; pk_cols=1; fk_out=1; triggers=0; rls=enabled; policies=3,20260717220000_mvp2_m2_06_spatial_gis.sql,canonical+applied,
column,public,map_packs.id,type=uuid; nullable=NO; default=gen_random_uuid(); ordinal=1,20260717220000_mvp2_m2_06_spatial_gis.sql,canonical+applied,
column,public,map_packs.pack_key,type=text; nullable=NO; default=None; ordinal=2,20260717220000_mvp2_m2_06_spatial_gis.sql,canonical+applied,
column,public,map_packs.region,type=text; nullable=YES; default=None; ordinal=3,20260717220000_mvp2_m2_06_spatial_gis.sql,canonical+applied,
column,public,map_packs.status,type=text; nullable=NO; default='draft'::text; ordinal=4,20260717220000_mvp2_m2_06_spatial_gis.sql,canonical+applied,
column,public,map_packs.bounds,type=jsonb; nullable=YES; default=None; ordinal=5,20260717220000_mvp2_m2_06_spatial_gis.sql,canonical+applied,
column,public,map_packs.built_at,type=timestamp with time zone; nullable=YES; default=None; ordinal=6,20260717220000_mvp2_m2_06_spatial_gis.sql,canonical+applied,
column,public,map_packs.created_by,type=uuid; nullable=YES; default=None; ordinal=7,20260717220000_mvp2_m2_06_spatial_gis.sql,canonical+applied,
column,public,map_packs.created_at,type=timestamp with time zone; nullable=NO; default=now(); ordinal=8,20260717220000_mvp2_m2_06_spatial_gis.sql,canonical+applied,
primary_key,public,map_packs_pkey,table=map_packs; columns=id,20260717220000_mvp2_m2_06_spatial_gis.sql,canonical+applied,
foreign_key,public,map_packs_created_by_fkey,map_packs.created_by -> profiles.user_id,20260717220000_mvp2_m2_06_spatial_gis.sql,canonical+applied,
check,public,2200_20894_1_not_null,table=map_packs; columns=None,20260717220000_mvp2_m2_06_spatial_gis.sql,canonical+applied,
check,public,2200_20894_2_not_null,table=map_packs; columns=None,20260717220000_mvp2_m2_06_spatial_gis.sql,canonical+applied,
check,public,2200_20894_4_not_null,table=map_packs; columns=None,20260717220000_mvp2_m2_06_spatial_gis.sql,canonical+applied,
check,public,2200_20894_8_not_null,table=map_packs; columns=None,20260717220000_mvp2_m2_06_spatial_gis.sql,canonical+applied,
check,public,map_packs_status_check,table=map_packs; columns=None,20260717220000_mvp2_m2_06_spatial_gis.sql,canonical+applied,
index,public,map_packs_pkey,CREATE UNIQUE INDEX map_packs_pkey ON public.map_packs USING btree (id),20260717220000_mvp2_m2_06_spatial_gis.sql,canonical+applied,
rls_enablement,public,map_packs__rls,rls_enabled=True; forced=False,20260717220000_mvp2_m2_06_spatial_gis.sql,canonical+applied,
rls_policy,public,map_packs.map_packs_read,cmd=SELECT; roles={public}; permissive=PERMISSIVE,20260717220000_mvp2_m2_06_spatial_gis.sql,canonical+applied,
rls_policy,public,map_packs.map_packs_update,cmd=UPDATE; roles={public}; permissive=PERMISSIVE,20260717220000_mvp2_m2_06_spatial_gis.sql,canonical+applied,
rls_policy,public,map_packs.map_packs_write,cmd=INSERT; roles={public}; permissive=PERMISSIVE,20260717220000_mvp2_m2_06_spatial_gis.sql,canonical+applied,
table,public,mvp3_access_reviews,columns=11; pk_cols=1; fk_out=3; triggers=0; rls=enabled; policies=2,20260718150000_mvp3_enterprise_control_plane.sql,canonical+applied,
column,public,mvp3_access_reviews.id,type=uuid; nullable=NO; default=gen_random_uuid(); ordinal=1,20260718150000_mvp3_enterprise_control_plane.sql,canonical+applied,
column,public,mvp3_access_reviews.subject_user_id,type=uuid; nullable=NO; default=None; ordinal=2,20260718150000_mvp3_enterprise_control_plane.sql,canonical+applied,
column,public,mvp3_access_reviews.scope,type=text; nullable=NO; default=None; ordinal=3,20260718150000_mvp3_enterprise_control_plane.sql,canonical+applied,
column,public,mvp3_access_reviews.purpose,type=text; nullable=NO; default=None; ordinal=4,20260718150000_mvp3_enterprise_control_plane.sql,canonical+applied,
column,public,mvp3_access_reviews.status,type=text; nullable=NO; default='open'::text; ordinal=5,20260718150000_mvp3_enterprise_control_plane.sql,canonical+applied,
column,public,mvp3_access_reviews.opened_by,type=uuid; nullable=NO; default=auth.uid(); ordinal=6,20260718150000_mvp3_enterprise_control_plane.sql,canonical+applied,
column,public,mvp3_access_reviews.reviewed_by,type=uuid; nullable=YES; default=None; ordinal=7,20260718150000_mvp3_enterprise_control_plane.sql,canonical+applied,
column,public,mvp3_access_reviews.review_reason,type=text; nullable=YES; default=None; ordinal=8,20260718150000_mvp3_enterprise_control_plane.sql,canonical+applied,
column,public,mvp3_access_reviews.due_at,type=timestamp with time zone; nullable=NO; default=None; ordinal=9,20260718150000_mvp3_enterprise_control_plane.sql,canonical+applied,
column,public,mvp3_access_reviews.opened_at,type=timestamp with time zone; nullable=NO; default=now(); ordinal=10,20260718150000_mvp3_enterprise_control_plane.sql,canonical+applied,
column,public,mvp3_access_reviews.reviewed_at,type=timestamp with time zone; nullable=YES; default=None; ordinal=11,20260718150000_mvp3_enterprise_control_plane.sql,canonical+applied,
primary_key,public,mvp3_access_reviews_pkey,table=mvp3_access_reviews; columns=id,20260718150000_mvp3_enterprise_control_plane.sql,canonical+applied,
foreign_key,public,mvp3_access_reviews_reviewed_by_fkey,mvp3_access_reviews.reviewed_by -> profiles.user_id,20260718150000_mvp3_enterprise_control_plane.sql,canonical+applied,
foreign_key,public,mvp3_access_reviews_opened_by_fkey,mvp3_access_reviews.opened_by -> profiles.user_id,20260718150000_mvp3_enterprise_control_plane.sql,canonical+applied,
foreign_key,public,mvp3_access_reviews_subject_user_id_fkey,mvp3_access_reviews.subject_user_id -> profiles.user_id,20260718150000_mvp3_enterprise_control_plane.sql,canonical+applied,
check,public,2200_21197_10_not_null,table=mvp3_access_reviews; columns=None,20260718150000_mvp3_enterprise_control_plane.sql,canonical+applied,
check,public,2200_21197_1_not_null,table=mvp3_access_reviews; columns=None,20260718150000_mvp3_enterprise_control_plane.sql,canonical+applied,
check,public,2200_21197_2_not_null,table=mvp3_access_reviews; columns=None,20260718150000_mvp3_enterprise_control_plane.sql,canonical+applied,
check,public,2200_21197_3_not_null,table=mvp3_access_reviews; columns=None,20260718150000_mvp3_enterprise_control_plane.sql,canonical+applied,
check,public,2200_21197_4_not_null,table=mvp3_access_reviews; columns=None,20260718150000_mvp3_enterprise_control_plane.sql,canonical+applied,
check,public,2200_21197_5_not_null,table=mvp3_access_reviews; columns=None,20260718150000_mvp3_enterprise_control_plane.sql,canonical+applied,
check,public,2200_21197_6_not_null,table=mvp3_access_reviews; columns=None,20260718150000_mvp3_enterprise_control_plane.sql,canonical+applied,
check,public,2200_21197_9_not_null,table=mvp3_access_reviews; columns=None,20260718150000_mvp3_enterprise_control_plane.sql,canonical+applied,
check,public,mvp3_access_reviews_check,table=mvp3_access_reviews; columns=None,20260718150000_mvp3_enterprise_control_plane.sql,canonical+applied,
check,public,mvp3_access_reviews_status_check,table=mvp3_access_reviews; columns=None,20260718150000_mvp3_enterprise_control_plane.sql,canonical+applied,
index,public,mvp3_access_reviews_due_idx,"CREATE INDEX mvp3_access_reviews_due_idx ON public.mvp3_access_reviews USING btree (status, due_at)",20260718150000_mvp3_enterprise_control_plane.sql,canonical+applied,
index,public,mvp3_access_reviews_pkey,CREATE UNIQUE INDEX mvp3_access_reviews_pkey ON public.mvp3_access_reviews USING btree (id),20260718150000_mvp3_enterprise_control_plane.sql,canonical+applied,
rls_enablement,public,mvp3_access_reviews__rls,rls_enabled=True; forced=False,20260718150000_mvp3_enterprise_control_plane.sql,canonical+applied,
rls_policy,public,mvp3_access_reviews.mvp3_access_reviews_insert,cmd=INSERT; roles={authenticated}; permissive=PERMISSIVE,20260718150000_mvp3_enterprise_control_plane.sql,canonical+applied,
rls_policy,public,mvp3_access_reviews.mvp3_access_reviews_read,cmd=SELECT; roles={authenticated}; permissive=PERMISSIVE,20260718150000_mvp3_enterprise_control_plane.sql,canonical+applied,
table,public,mvp3_api_events,columns=12; pk_cols=1; fk_out=2; triggers=1; rls=enabled; policies=2,20260718150000_mvp3_enterprise_control_plane.sql,canonical+applied,
column,public,mvp3_api_events.id,type=uuid; nullable=NO; default=gen_random_uuid(); ordinal=1,20260718150000_mvp3_enterprise_control_plane.sql,canonical+applied,
column,public,mvp3_api_events.endpoint_id,type=uuid; nullable=YES; default=None; ordinal=2,20260718150000_mvp3_enterprise_control_plane.sql,canonical+applied,
column,public,mvp3_api_events.event_kind,type=text; nullable=NO; default=None; ordinal=3,20260718150000_mvp3_enterprise_control_plane.sql,canonical+applied,
column,public,mvp3_api_events.direction,type=text; nullable=NO; default=None; ordinal=4,20260718150000_mvp3_enterprise_control_plane.sql,canonical+applied,
column,public,mvp3_api_events.outcome,type=text; nullable=NO; default=None; ordinal=5,20260718150000_mvp3_enterprise_control_plane.sql,canonical+applied,
column,public,mvp3_api_events.correlation_id,type=uuid; nullable=NO; default=gen_random_uuid(); ordinal=6,20260718150000_mvp3_enterprise_control_plane.sql,canonical+applied,
column,public,mvp3_api_events.actor_id,type=uuid; nullable=YES; default=auth.uid(); ordinal=7,20260718150000_mvp3_enterprise_control_plane.sql,canonical+applied,
column,public,mvp3_api_events.object_type,type=text; nullable=YES; default=None; ordinal=8,20260718150000_mvp3_enterprise_control_plane.sql,canonical+applied,
column,public,mvp3_api_events.object_id,type=text; nullable=YES; default=None; ordinal=9,20260718150000_mvp3_enterprise_control_plane.sql,canonical+applied,
column,public,mvp3_api_events.payload_digest,type=text; nullable=YES; default=None; ordinal=10,20260718150000_mvp3_enterprise_control_plane.sql,canonical+applied,
column,public,mvp3_api_events.detail,type=jsonb; nullable=NO; default='{}'::jsonb; ordinal=11,20260718150000_mvp3_enterprise_control_plane.sql,canonical+applied,
column,public,mvp3_api_events.occurred_at,type=timestamp with time zone; nullable=NO; default=now(); ordinal=12,20260718150000_mvp3_enterprise_control_plane.sql,canonical+applied,
primary_key,public,mvp3_api_events_pkey,table=mvp3_api_events; columns=id,20260718150000_mvp3_enterprise_control_plane.sql,canonical+applied,
foreign_key,public,mvp3_api_events_actor_id_fkey,mvp3_api_events.actor_id -> profiles.user_id,20260718150000_mvp3_enterprise_control_plane.sql,canonical+applied,
foreign_key,public,mvp3_api_events_endpoint_id_fkey,mvp3_api_events.endpoint_id -> mvp3_integration_endpoints.id,20260718150000_mvp3_enterprise_control_plane.sql,canonical+applied,
check,public,2200_21097_11_not_null,table=mvp3_api_events; columns=None,20260718150000_mvp3_enterprise_control_plane.sql,canonical+applied,
check,public,2200_21097_12_not_null,table=mvp3_api_events; columns=None,20260718150000_mvp3_enterprise_control_plane.sql,canonical+applied,
check,public,2200_21097_1_not_null,table=mvp3_api_events; columns=None,20260718150000_mvp3_enterprise_control_plane.sql,canonical+applied,
check,public,2200_21097_3_not_null,table=mvp3_api_events; columns=None,20260718150000_mvp3_enterprise_control_plane.sql,canonical+applied,
check,public,2200_21097_4_not_null,table=mvp3_api_events; columns=None,20260718150000_mvp3_enterprise_control_plane.sql,canonical+applied,
check,public,2200_21097_5_not_null,table=mvp3_api_events; columns=None,20260718150000_mvp3_enterprise_control_plane.sql,canonical+applied,
check,public,2200_21097_6_not_null,table=mvp3_api_events; columns=None,20260718150000_mvp3_enterprise_control_plane.sql,canonical+applied,
check,public,mvp3_api_events_direction_check,table=mvp3_api_events; columns=None,20260718150000_mvp3_enterprise_control_plane.sql,canonical+applied,
check,public,mvp3_api_events_outcome_check,table=mvp3_api_events; columns=None,20260718150000_mvp3_enterprise_control_plane.sql,canonical+applied,
index,public,mvp3_api_events_correlation_idx,"CREATE INDEX mvp3_api_events_correlation_idx ON public.mvp3_api_events USING btree (correlation_id, occurred_at DESC)",20260718150000_mvp3_enterprise_control_plane.sql,canonical+applied,
index,public,mvp3_api_events_endpoint_idx,"CREATE INDEX mvp3_api_events_endpoint_idx ON public.mvp3_api_events USING btree (endpoint_id, occurred_at DESC)",20260718150000_mvp3_enterprise_control_plane.sql,canonical+applied,
index,public,mvp3_api_events_pkey,CREATE UNIQUE INDEX mvp3_api_events_pkey ON public.mvp3_api_events USING btree (id),20260718150000_mvp3_enterprise_control_plane.sql,canonical+applied,
trigger,public,trg_mvp3_api_events_append_only,"table=mvp3_api_events; timing=BEFORE; events=DELETE,UPDATE; action=EXECUTE FUNCTION mvp3_block_append_only_mutation()",20260718150000_mvp3_enterprise_control_plane.sql,canonical+applied,
rls_enablement,public,mvp3_api_events__rls,rls_enabled=True; forced=False,20260718150000_mvp3_enterprise_control_plane.sql,canonical+applied,
rls_policy,public,mvp3_api_events.mvp3_api_events_insert,cmd=INSERT; roles={authenticated}; permissive=PERMISSIVE,20260718150000_mvp3_enterprise_control_plane.sql,canonical+applied,
rls_policy,public,mvp3_api_events.mvp3_api_events_read,cmd=SELECT; roles={authenticated}; permissive=PERMISSIVE,20260718150000_mvp3_enterprise_control_plane.sql,canonical+applied,
table,public,mvp3_device_commands,columns=9; pk_cols=1; fk_out=2; triggers=0; rls=enabled; policies=2,20260718150000_mvp3_enterprise_control_plane.sql,canonical+applied,
column,public,mvp3_device_commands.id,type=uuid; nullable=NO; default=gen_random_uuid(); ordinal=1,20260718150000_mvp3_enterprise_control_plane.sql,canonical+applied,
column,public,mvp3_device_commands.device_id,type=uuid; nullable=YES; default=None; ordinal=2,20260718150000_mvp3_enterprise_control_plane.sql,canonical+applied,
column,public,mvp3_device_commands.requested_device_identifier,type=text; nullable=NO; default=None; ordinal=3,20260718150000_mvp3_enterprise_control_plane.sql,canonical+applied,
column,public,mvp3_device_commands.command,type=text; nullable=NO; default=None; ordinal=4,20260718150000_mvp3_enterprise_control_plane.sql,canonical+applied,
column,public,mvp3_device_commands.status,type=text; nullable=NO; default='queued'::text; ordinal=5,20260718150000_mvp3_enterprise_control_plane.sql,canonical+applied,
column,public,mvp3_device_commands.reason,type=text; nullable=NO; default=None; ordinal=6,20260718150000_mvp3_enterprise_control_plane.sql,canonical+applied,
column,public,mvp3_device_commands.requested_by,type=uuid; nullable=NO; default=auth.uid(); ordinal=7,20260718150000_mvp3_enterprise_control_plane.sql,canonical+applied,
column,public,mvp3_device_commands.requested_at,type=timestamp with time zone; nullable=NO; default=now(); ordinal=8,20260718150000_mvp3_enterprise_control_plane.sql,canonical+applied,
column,public,mvp3_device_commands.completed_at,type=timestamp with time zone; nullable=YES; default=None; ordinal=9,20260718150000_mvp3_enterprise_control_plane.sql,canonical+applied,
primary_key,public,mvp3_device_commands_pkey,table=mvp3_device_commands; columns=id,20260718150000_mvp3_enterprise_control_plane.sql,canonical+applied,
foreign_key,public,mvp3_device_commands_device_id_fkey,mvp3_device_commands.device_id -> mvp3_devices.id,20260718150000_mvp3_enterprise_control_plane.sql,canonical+applied,
foreign_key,public,mvp3_device_commands_requested_by_fkey,mvp3_device_commands.requested_by -> profiles.user_id,20260718150000_mvp3_enterprise_control_plane.sql,canonical+applied,
check,public,2200_21278_1_not_null,table=mvp3_device_commands; columns=None,20260718150000_mvp3_enterprise_control_plane.sql,canonical+applied,
check,public,2200_21278_3_not_null,table=mvp3_device_commands; columns=None,20260718150000_mvp3_enterprise_control_plane.sql,canonical+applied,
check,public,2200_21278_4_not_null,table=mvp3_device_commands; columns=None,20260718150000_mvp3_enterprise_control_plane.sql,canonical+applied,
check,public,2200_21278_5_not_null,table=mvp3_device_commands; columns=None,20260718150000_mvp3_enterprise_control_plane.sql,canonical+applied,
check,public,2200_21278_6_not_null,table=mvp3_device_commands; columns=None,20260718150000_mvp3_enterprise_control_plane.sql,canonical+applied,
check,public,2200_21278_7_not_null,table=mvp3_device_commands; columns=None,20260718150000_mvp3_enterprise_control_plane.sql,canonical+applied,
check,public,2200_21278_8_not_null,table=mvp3_device_commands; columns=None,20260718150000_mvp3_enterprise_control_plane.sql,canonical+applied,
check,public,mvp3_device_commands_command_check,table=mvp3_device_commands; columns=None,20260718150000_mvp3_enterprise_control_plane.sql,canonical+applied,
check,public,mvp3_device_commands_reason_check,table=mvp3_device_commands; columns=None,20260718150000_mvp3_enterprise_control_plane.sql,canonical+applied,
check,public,mvp3_device_commands_status_check,table=mvp3_device_commands; columns=None,20260718150000_mvp3_enterprise_control_plane.sql,canonical+applied,
index,public,mvp3_device_commands_device_idx,"CREATE INDEX mvp3_device_commands_device_idx ON public.mvp3_device_commands USING btree (device_id, requested_at DESC)",20260718150000_mvp3_enterprise_control_plane.sql,canonical+applied,
index,public,mvp3_device_commands_pkey,CREATE UNIQUE INDEX mvp3_device_commands_pkey ON public.mvp3_device_commands USING btree (id),20260718150000_mvp3_enterprise_control_plane.sql,canonical+applied,
rls_enablement,public,mvp3_device_commands__rls,rls_enabled=True; forced=False,20260718150000_mvp3_enterprise_control_plane.sql,canonical+applied,
rls_policy,public,mvp3_device_commands.mvp3_device_commands_insert,cmd=INSERT; roles={authenticated}; permissive=PERMISSIVE,20260718150000_mvp3_enterprise_control_plane.sql,canonical+applied,
rls_policy,public,mvp3_device_commands.mvp3_device_commands_read,cmd=SELECT; roles={authenticated}; permissive=PERMISSIVE,20260718150000_mvp3_enterprise_control_plane.sql,canonical+applied,
table,public,mvp3_devices,columns=12; pk_cols=1; fk_out=2; triggers=0; rls=enabled; policies=2,20260718150000_mvp3_enterprise_control_plane.sql,canonical+applied,
column,public,mvp3_devices.id,type=uuid; nullable=NO; default=gen_random_uuid(); ordinal=1,20260718150000_mvp3_enterprise_control_plane.sql,canonical+applied,
column,public,mvp3_devices.device_identifier,type=text; nullable=NO; default=None; ordinal=2,20260718150000_mvp3_enterprise_control_plane.sql,canonical+applied,
column,public,mvp3_devices.platform,type=text; nullable=NO; default=None; ordinal=3,20260718150000_mvp3_enterprise_control_plane.sql,canonical+applied,
column,public,mvp3_devices.assigned_user_id,type=uuid; nullable=YES; default=None; ordinal=4,20260718150000_mvp3_enterprise_control_plane.sql,canonical+applied,
column,public,mvp3_devices.trust_status,type=text; nullable=NO; default='pending'::text; ordinal=5,20260718150000_mvp3_enterprise_control_plane.sql,canonical+applied,
column,public,mvp3_devices.mdm_reference,type=text; nullable=YES; default=None; ordinal=6,20260718150000_mvp3_enterprise_control_plane.sql,canonical+applied,
column,public,mvp3_devices.app_version,type=text; nullable=YES; default=None; ordinal=7,20260718150000_mvp3_enterprise_control_plane.sql,canonical+applied,
column,public,mvp3_devices.app_version_compliant,type=boolean; nullable=NO; default=false; ordinal=8,20260718150000_mvp3_enterprise_control_plane.sql,canonical+applied,
column,public,mvp3_devices.last_seen_at,type=timestamp with time zone; nullable=YES; default=None; ordinal=9,20260718150000_mvp3_enterprise_control_plane.sql,canonical+applied,
column,public,mvp3_devices.enrolled_by,type=uuid; nullable=NO; default=auth.uid(); ordinal=10,20260718150000_mvp3_enterprise_control_plane.sql,canonical+applied,
column,public,mvp3_devices.enrolled_at,type=timestamp with time zone; nullable=NO; default=now(); ordinal=11,20260718150000_mvp3_enterprise_control_plane.sql,canonical+applied,
column,public,mvp3_devices.updated_at,type=timestamp with time zone; nullable=NO; default=now(); ordinal=12,20260718150000_mvp3_enterprise_control_plane.sql,canonical+applied,
primary_key,public,mvp3_devices_pkey,table=mvp3_devices; columns=id,20260718150000_mvp3_enterprise_control_plane.sql,canonical+applied,
foreign_key,public,mvp3_devices_assigned_user_id_fkey,mvp3_devices.assigned_user_id -> profiles.user_id,20260718150000_mvp3_enterprise_control_plane.sql,canonical+applied,
foreign_key,public,mvp3_devices_enrolled_by_fkey,mvp3_devices.enrolled_by -> profiles.user_id,20260718150000_mvp3_enterprise_control_plane.sql,canonical+applied,
check,public,2200_21249_10_not_null,table=mvp3_devices; columns=None,20260718150000_mvp3_enterprise_control_plane.sql,canonical+applied,
check,public,2200_21249_11_not_null,table=mvp3_devices; columns=None,20260718150000_mvp3_enterprise_control_plane.sql,canonical+applied,
check,public,2200_21249_12_not_null,table=mvp3_devices; columns=None,20260718150000_mvp3_enterprise_control_plane.sql,canonical+applied,
check,public,2200_21249_1_not_null,table=mvp3_devices; columns=None,20260718150000_mvp3_enterprise_control_plane.sql,canonical+applied,
check,public,2200_21249_2_not_null,table=mvp3_devices; columns=None,20260718150000_mvp3_enterprise_control_plane.sql,canonical+applied,
check,public,2200_21249_3_not_null,table=mvp3_devices; columns=None,20260718150000_mvp3_enterprise_control_plane.sql,canonical+applied,
check,public,2200_21249_5_not_null,table=mvp3_devices; columns=None,20260718150000_mvp3_enterprise_control_plane.sql,canonical+applied,
check,public,2200_21249_8_not_null,table=mvp3_devices; columns=None,20260718150000_mvp3_enterprise_control_plane.sql,canonical+applied,
check,public,mvp3_devices_check,table=mvp3_devices; columns=None,20260718150000_mvp3_enterprise_control_plane.sql,canonical+applied,
unique,public,mvp3_devices_device_identifier_key,table=mvp3_devices; columns=device_identifier,20260718150000_mvp3_enterprise_control_plane.sql,canonical+applied,
check,public,mvp3_devices_platform_check,table=mvp3_devices; columns=None,20260718150000_mvp3_enterprise_control_plane.sql,canonical+applied,
check,public,mvp3_devices_trust_status_check,table=mvp3_devices; columns=None,20260718150000_mvp3_enterprise_control_plane.sql,canonical+applied,
index,public,mvp3_devices_assignee_idx,"CREATE INDEX mvp3_devices_assignee_idx ON public.mvp3_devices USING btree (assigned_user_id, trust_status)",20260718150000_mvp3_enterprise_control_plane.sql,canonical+applied,
index,public,mvp3_devices_device_identifier_key,CREATE UNIQUE INDEX mvp3_devices_device_identifier_key ON public.mvp3_devices USING btree (device_identifier),20260718150000_mvp3_enterprise_control_plane.sql,canonical+applied,
index,public,mvp3_devices_pkey,CREATE UNIQUE INDEX mvp3_devices_pkey ON public.mvp3_devices USING btree (id),20260718150000_mvp3_enterprise_control_plane.sql,canonical+applied,
rls_enablement,public,mvp3_devices__rls,rls_enabled=True; forced=False,20260718150000_mvp3_enterprise_control_plane.sql,canonical+applied,
rls_policy,public,mvp3_devices.mvp3_devices_insert,cmd=INSERT; roles={authenticated}; permissive=PERMISSIVE,20260718150000_mvp3_enterprise_control_plane.sql,canonical+applied,
rls_policy,public,mvp3_devices.mvp3_devices_read,cmd=SELECT; roles={authenticated}; permissive=PERMISSIVE,20260718150000_mvp3_enterprise_control_plane.sql,canonical+applied,
table,public,mvp3_error_queue,columns=13; pk_cols=1; fk_out=0; triggers=0; rls=enabled; policies=2,20260718150000_mvp3_enterprise_control_plane.sql,canonical+applied,
column,public,mvp3_error_queue.id,type=uuid; nullable=NO; default=gen_random_uuid(); ordinal=1,20260718150000_mvp3_enterprise_control_plane.sql,canonical+applied,
column,public,mvp3_error_queue.source,type=text; nullable=NO; default=None; ordinal=2,20260718150000_mvp3_enterprise_control_plane.sql,canonical+applied,
column,public,mvp3_error_queue.operation,type=text; nullable=NO; default=None; ordinal=3,20260718150000_mvp3_enterprise_control_plane.sql,canonical+applied,
column,public,mvp3_error_queue.idempotency_key,type=text; nullable=NO; default=None; ordinal=4,20260718150000_mvp3_enterprise_control_plane.sql,canonical+applied,
column,public,mvp3_error_queue.correlation_id,type=uuid; nullable=NO; default=gen_random_uuid(); ordinal=5,20260718150000_mvp3_enterprise_control_plane.sql,canonical+applied,
column,public,mvp3_error_queue.status,type=text; nullable=NO; default='failed'::text; ordinal=6,20260718150000_mvp3_enterprise_control_plane.sql,canonical+applied,
column,public,mvp3_error_queue.attempt_count,type=integer; nullable=NO; default=1; ordinal=7,20260718150000_mvp3_enterprise_control_plane.sql,canonical+applied,
column,public,mvp3_error_queue.last_error_code,type=text; nullable=YES; default=None; ordinal=8,20260718150000_mvp3_enterprise_control_plane.sql,canonical+applied,
column,public,mvp3_error_queue.safe_detail,type=jsonb; nullable=NO; default='{}'::jsonb; ordinal=9,20260718150000_mvp3_enterprise_control_plane.sql,canonical+applied,
column,public,mvp3_error_queue.next_attempt_at,type=timestamp with time zone; nullable=YES; default=None; ordinal=10,20260718150000_mvp3_enterprise_control_plane.sql,canonical+applied,
column,public,mvp3_error_queue.created_at,type=timestamp with time zone; nullable=NO; default=now(); ordinal=11,20260718150000_mvp3_enterprise_control_plane.sql,canonical+applied,
column,public,mvp3_error_queue.updated_at,type=timestamp with time zone; nullable=NO; default=now(); ordinal=12,20260718150000_mvp3_enterprise_control_plane.sql,canonical+applied,
column,public,mvp3_error_queue.resolved_at,type=timestamp with time zone; nullable=YES; default=None; ordinal=13,20260718150000_mvp3_enterprise_control_plane.sql,canonical+applied,
primary_key,public,mvp3_error_queue_pkey,table=mvp3_error_queue; columns=id,20260718150000_mvp3_enterprise_control_plane.sql,canonical+applied,
check,public,2200_21150_11_not_null,table=mvp3_error_queue; columns=None,20260718150000_mvp3_enterprise_control_plane.sql,canonical+applied,
check,public,2200_21150_12_not_null,table=mvp3_error_queue; columns=None,20260718150000_mvp3_enterprise_control_plane.sql,canonical+applied,
check,public,2200_21150_1_not_null,table=mvp3_error_queue; columns=None,20260718150000_mvp3_enterprise_control_plane.sql,canonical+applied,
check,public,2200_21150_2_not_null,table=mvp3_error_queue; columns=None,20260718150000_mvp3_enterprise_control_plane.sql,canonical+applied,
check,public,2200_21150_3_not_null,table=mvp3_error_queue; columns=None,20260718150000_mvp3_enterprise_control_plane.sql,canonical+applied,
check,public,2200_21150_4_not_null,table=mvp3_error_queue; columns=None,20260718150000_mvp3_enterprise_control_plane.sql,canonical+applied,
check,public,2200_21150_5_not_null,table=mvp3_error_queue; columns=None,20260718150000_mvp3_enterprise_control_plane.sql,canonical+applied,
check,public,2200_21150_6_not_null,table=mvp3_error_queue; columns=None,20260718150000_mvp3_enterprise_control_plane.sql,canonical+applied,
check,public,2200_21150_7_not_null,table=mvp3_error_queue; columns=None,20260718150000_mvp3_enterprise_control_plane.sql,canonical+applied,
check,public,2200_21150_9_not_null,table=mvp3_error_queue; columns=None,20260718150000_mvp3_enterprise_control_plane.sql,canonical+applied,
check,public,mvp3_error_queue_attempt_count_check,table=mvp3_error_queue; columns=None,20260718150000_mvp3_enterprise_control_plane.sql,canonical+applied,
unique,public,mvp3_error_queue_idempotency_key_key,table=mvp3_error_queue; columns=idempotency_key,20260718150000_mvp3_enterprise_control_plane.sql,canonical+applied,
check,public,mvp3_error_queue_status_check,table=mvp3_error_queue; columns=None,20260718150000_mvp3_enterprise_control_plane.sql,canonical+applied,
index,public,mvp3_error_queue_idempotency_key_key,CREATE UNIQUE INDEX mvp3_error_queue_idempotency_key_key ON public.mvp3_error_queue USING btree (idempotency_key),20260718150000_mvp3_enterprise_control_plane.sql,canonical+applied,
index,public,mvp3_error_queue_pkey,CREATE UNIQUE INDEX mvp3_error_queue_pkey ON public.mvp3_error_queue USING btree (id),20260718150000_mvp3_enterprise_control_plane.sql,canonical+applied,
index,public,mvp3_error_queue_work_idx,"CREATE INDEX mvp3_error_queue_work_idx ON public.mvp3_error_queue USING btree (status, next_attempt_at, created_at)",20260718150000_mvp3_enterprise_control_plane.sql,canonical+applied,
rls_enablement,public,mvp3_error_queue__rls,rls_enabled=True; forced=False,20260718150000_mvp3_enterprise_control_plane.sql,canonical+applied,
rls_policy,public,mvp3_error_queue.mvp3_errors_insert,cmd=INSERT; roles={authenticated}; permissive=PERMISSIVE,20260718150000_mvp3_enterprise_control_plane.sql,canonical+applied,
rls_policy,public,mvp3_error_queue.mvp3_errors_read,cmd=SELECT; roles={authenticated}; permissive=PERMISSIVE,20260718150000_mvp3_enterprise_control_plane.sql,canonical+applied,
table,public,mvp3_evidence_access_grants,columns=8; pk_cols=1; fk_out=2; triggers=0; rls=enabled; policies=3,20260718150000_mvp3_enterprise_control_plane.sql,canonical+applied,
column,public,mvp3_evidence_access_grants.id,type=uuid; nullable=NO; default=gen_random_uuid(); ordinal=1,20260718150000_mvp3_enterprise_control_plane.sql,canonical+applied,
column,public,mvp3_evidence_access_grants.grantee_user_id,type=uuid; nullable=NO; default=None; ordinal=2,20260718150000_mvp3_enterprise_control_plane.sql,canonical+applied,
column,public,mvp3_evidence_access_grants.evidence_scope,type=jsonb; nullable=NO; default=None; ordinal=3,20260718150000_mvp3_enterprise_control_plane.sql,canonical+applied,
column,public,mvp3_evidence_access_grants.purpose,type=text; nullable=NO; default=None; ordinal=4,20260718150000_mvp3_enterprise_control_plane.sql,canonical+applied,
column,public,mvp3_evidence_access_grants.granted_by,type=uuid; nullable=NO; default=auth.uid(); ordinal=5,20260718150000_mvp3_enterprise_control_plane.sql,canonical+applied,
column,public,mvp3_evidence_access_grants.granted_at,type=timestamp with time zone; nullable=NO; default=now(); ordinal=6,20260718150000_mvp3_enterprise_control_plane.sql,canonical+applied,
column,public,mvp3_evidence_access_grants.expires_at,type=timestamp with time zone; nullable=NO; default=None; ordinal=7,20260718150000_mvp3_enterprise_control_plane.sql,canonical+applied,
column,public,mvp3_evidence_access_grants.revoked_at,type=timestamp with time zone; nullable=YES; default=None; ordinal=8,20260718150000_mvp3_enterprise_control_plane.sql,canonical+applied,
primary_key,public,mvp3_evidence_access_grants_pkey,table=mvp3_evidence_access_grants; columns=id,20260718150000_mvp3_enterprise_control_plane.sql,canonical+applied,
foreign_key,public,mvp3_evidence_access_grants_granted_by_fkey,mvp3_evidence_access_grants.granted_by -> profiles.user_id,20260718150000_mvp3_enterprise_control_plane.sql,canonical+applied,
foreign_key,public,mvp3_evidence_access_grants_grantee_user_id_fkey,mvp3_evidence_access_grants.grantee_user_id -> profiles.user_id,20260718150000_mvp3_enterprise_control_plane.sql,canonical+applied,
check,public,2200_21226_1_not_null,table=mvp3_evidence_access_grants; columns=None,20260718150000_mvp3_enterprise_control_plane.sql,canonical+applied,
check,public,2200_21226_2_not_null,table=mvp3_evidence_access_grants; columns=None,20260718150000_mvp3_enterprise_control_plane.sql,canonical+applied,
check,public,2200_21226_3_not_null,table=mvp3_evidence_access_grants; columns=None,20260718150000_mvp3_enterprise_control_plane.sql,canonical+applied,
check,public,2200_21226_4_not_null,table=mvp3_evidence_access_grants; columns=None,20260718150000_mvp3_enterprise_control_plane.sql,canonical+applied,
check,public,2200_21226_5_not_null,table=mvp3_evidence_access_grants; columns=None,20260718150000_mvp3_enterprise_control_plane.sql,canonical+applied,
check,public,2200_21226_6_not_null,table=mvp3_evidence_access_grants; columns=None,20260718150000_mvp3_enterprise_control_plane.sql,canonical+applied,
check,public,2200_21226_7_not_null,table=mvp3_evidence_access_grants; columns=None,20260718150000_mvp3_enterprise_control_plane.sql,canonical+applied,
check,public,mvp3_evidence_access_grants_check,table=mvp3_evidence_access_grants; columns=None,20260718150000_mvp3_enterprise_control_plane.sql,canonical+applied,
check,public,mvp3_evidence_access_grants_purpose_check,table=mvp3_evidence_access_grants; columns=None,20260718150000_mvp3_enterprise_control_plane.sql,canonical+applied,
index,public,mvp3_evidence_access_grants_grantee_idx,"CREATE INDEX mvp3_evidence_access_grants_grantee_idx ON public.mvp3_evidence_access_grants USING btree (grantee_user_id, expires_at)",20260718150000_mvp3_enterprise_control_plane.sql,canonical+applied,
index,public,mvp3_evidence_access_grants_pkey,CREATE UNIQUE INDEX mvp3_evidence_access_grants_pkey ON public.mvp3_evidence_access_grants USING btree (id),20260718150000_mvp3_enterprise_control_plane.sql,canonical+applied,
rls_enablement,public,mvp3_evidence_access_grants__rls,rls_enabled=True; forced=False,20260718150000_mvp3_enterprise_control_plane.sql,canonical+applied,
rls_policy,public,mvp3_evidence_access_grants.mvp3_evidence_grants_insert,cmd=INSERT; roles={authenticated}; permissive=PERMISSIVE,20260718150000_mvp3_enterprise_control_plane.sql,canonical+applied,
rls_policy,public,mvp3_evidence_access_grants.mvp3_evidence_grants_read,cmd=SELECT; roles={authenticated}; permissive=PERMISSIVE,20260718150000_mvp3_enterprise_control_plane.sql,canonical+applied,
rls_policy,public,mvp3_evidence_access_grants.mvp3_evidence_grants_update,cmd=UPDATE; roles={authenticated}; permissive=PERMISSIVE,20260718150000_mvp3_enterprise_control_plane.sql,canonical+applied,
table,public,mvp3_export_jobs,columns=11; pk_cols=1; fk_out=2; triggers=0; rls=enabled; policies=2,20260718150000_mvp3_enterprise_control_plane.sql,canonical+applied,
column,public,mvp3_export_jobs.id,type=uuid; nullable=NO; default=gen_random_uuid(); ordinal=1,20260718150000_mvp3_enterprise_control_plane.sql,canonical+applied,
column,public,mvp3_export_jobs.export_kind,type=text; nullable=NO; default=None; ordinal=2,20260718150000_mvp3_enterprise_control_plane.sql,canonical+applied,
column,public,mvp3_export_jobs.requested_by,type=uuid; nullable=NO; default=auth.uid(); ordinal=3,20260718150000_mvp3_enterprise_control_plane.sql,canonical+applied,
column,public,mvp3_export_jobs.purpose,type=text; nullable=NO; default=None; ordinal=4,20260718150000_mvp3_enterprise_control_plane.sql,canonical+applied,
column,public,mvp3_export_jobs.status,type=text; nullable=NO; default='prepared'::text; ordinal=5,20260718150000_mvp3_enterprise_control_plane.sql,canonical+applied,
column,public,mvp3_export_jobs.endpoint_id,type=uuid; nullable=YES; default=None; ordinal=6,20260718150000_mvp3_enterprise_control_plane.sql,canonical+applied,
column,public,mvp3_export_jobs.object_scope,type=jsonb; nullable=NO; default='{}'::jsonb; ordinal=7,20260718150000_mvp3_enterprise_control_plane.sql,canonical+applied,
column,public,mvp3_export_jobs.artifact_hash,type=text; nullable=YES; default=None; ordinal=8,20260718150000_mvp3_enterprise_control_plane.sql,canonical+applied,
column,public,mvp3_export_jobs.receipt,type=jsonb; nullable=NO; default='{}'::jsonb; ordinal=9,20260718150000_mvp3_enterprise_control_plane.sql,canonical+applied,
column,public,mvp3_export_jobs.requested_at,type=timestamp with time zone; nullable=NO; default=now(); ordinal=10,20260718150000_mvp3_enterprise_control_plane.sql,canonical+applied,
column,public,mvp3_export_jobs.completed_at,type=timestamp with time zone; nullable=YES; default=None; ordinal=11,20260718150000_mvp3_enterprise_control_plane.sql,canonical+applied,
primary_key,public,mvp3_export_jobs_pkey,table=mvp3_export_jobs; columns=id,20260718150000_mvp3_enterprise_control_plane.sql,canonical+applied,
foreign_key,public,mvp3_export_jobs_requested_by_fkey,mvp3_export_jobs.requested_by -> profiles.user_id,20260718150000_mvp3_enterprise_control_plane.sql,canonical+applied,
foreign_key,public,mvp3_export_jobs_endpoint_id_fkey,mvp3_export_jobs.endpoint_id -> mvp3_integration_endpoints.id,20260718150000_mvp3_enterprise_control_plane.sql,canonical+applied,
check,public,2200_21123_10_not_null,table=mvp3_export_jobs; columns=None,20260718150000_mvp3_enterprise_control_plane.sql,canonical+applied,
check,public,2200_21123_1_not_null,table=mvp3_export_jobs; columns=None,20260718150000_mvp3_enterprise_control_plane.sql,canonical+applied,
check,public,2200_21123_2_not_null,table=mvp3_export_jobs; columns=None,20260718150000_mvp3_enterprise_control_plane.sql,canonical+applied,
check,public,2200_21123_3_not_null,table=mvp3_export_jobs; columns=None,20260718150000_mvp3_enterprise_control_plane.sql,canonical+applied,
check,public,2200_21123_4_not_null,table=mvp3_export_jobs; columns=None,20260718150000_mvp3_enterprise_control_plane.sql,canonical+applied,
check,public,2200_21123_5_not_null,table=mvp3_export_jobs; columns=None,20260718150000_mvp3_enterprise_control_plane.sql,canonical+applied,
check,public,2200_21123_7_not_null,table=mvp3_export_jobs; columns=None,20260718150000_mvp3_enterprise_control_plane.sql,canonical+applied,
check,public,2200_21123_9_not_null,table=mvp3_export_jobs; columns=None,20260718150000_mvp3_enterprise_control_plane.sql,canonical+applied,
check,public,mvp3_export_jobs_check,table=mvp3_export_jobs; columns=None,20260718150000_mvp3_enterprise_control_plane.sql,canonical+applied,
check,public,mvp3_export_jobs_purpose_check,table=mvp3_export_jobs; columns=None,20260718150000_mvp3_enterprise_control_plane.sql,canonical+applied,
check,public,mvp3_export_jobs_status_check,table=mvp3_export_jobs; columns=None,20260718150000_mvp3_enterprise_control_plane.sql,canonical+applied,
index,public,mvp3_export_jobs_pkey,CREATE UNIQUE INDEX mvp3_export_jobs_pkey ON public.mvp3_export_jobs USING btree (id),20260718150000_mvp3_enterprise_control_plane.sql,canonical+applied,
index,public,mvp3_export_jobs_status_idx,"CREATE INDEX mvp3_export_jobs_status_idx ON public.mvp3_export_jobs USING btree (status, requested_at DESC)",20260718150000_mvp3_enterprise_control_plane.sql,canonical+applied,
rls_enablement,public,mvp3_export_jobs__rls,rls_enabled=True; forced=False,20260718150000_mvp3_enterprise_control_plane.sql,canonical+applied,
rls_policy,public,mvp3_export_jobs.mvp3_exports_insert,cmd=INSERT; roles={authenticated}; permissive=PERMISSIVE,20260718150000_mvp3_enterprise_control_plane.sql,canonical+applied,
rls_policy,public,mvp3_export_jobs.mvp3_exports_read,cmd=SELECT; roles={authenticated}; permissive=PERMISSIVE,20260718150000_mvp3_enterprise_control_plane.sql,canonical+applied,
table,public,mvp3_feature_flags,columns=10; pk_cols=1; fk_out=2; triggers=1; rls=enabled; policies=2,20260718150000_mvp3_enterprise_control_plane.sql,canonical+applied,
column,public,mvp3_feature_flags.id,type=uuid; nullable=NO; default=gen_random_uuid(); ordinal=1,20260718150000_mvp3_enterprise_control_plane.sql,canonical+applied,
column,public,mvp3_feature_flags.flag_key,type=text; nullable=NO; default=None; ordinal=2,20260718150000_mvp3_enterprise_control_plane.sql,canonical+applied,
column,public,mvp3_feature_flags.version,type=integer; nullable=NO; default=1; ordinal=3,20260718150000_mvp3_enterprise_control_plane.sql,canonical+applied,
column,public,mvp3_feature_flags.description,type=text; nullable=NO; default=None; ordinal=4,20260718150000_mvp3_enterprise_control_plane.sql,canonical+applied,
column,public,mvp3_feature_flags.enabled,type=boolean; nullable=NO; default=false; ordinal=5,20260718150000_mvp3_enterprise_control_plane.sql,canonical+applied,
column,public,mvp3_feature_flags.status,type=text; nullable=NO; default='draft'::text; ordinal=6,20260718150000_mvp3_enterprise_control_plane.sql,canonical+applied,
column,public,mvp3_feature_flags.created_by,type=uuid; nullable=NO; default=auth.uid(); ordinal=7,20260718150000_mvp3_enterprise_control_plane.sql,canonical+applied,
column,public,mvp3_feature_flags.approved_by,type=uuid; nullable=YES; default=None; ordinal=8,20260718150000_mvp3_enterprise_control_plane.sql,canonical+applied,
column,public,mvp3_feature_flags.created_at,type=timestamp with time zone; nullable=NO; default=now(); ordinal=9,20260718150000_mvp3_enterprise_control_plane.sql,canonical+applied,
column,public,mvp3_feature_flags.published_at,type=timestamp with time zone; nullable=YES; default=None; ordinal=10,20260718150000_mvp3_enterprise_control_plane.sql,canonical+applied,
primary_key,public,mvp3_feature_flags_pkey,table=mvp3_feature_flags; columns=id,20260718150000_mvp3_enterprise_control_plane.sql,canonical+applied,
foreign_key,public,mvp3_feature_flags_created_by_fkey,mvp3_feature_flags.created_by -> profiles.user_id,20260718150000_mvp3_enterprise_control_plane.sql,canonical+applied,
foreign_key,public,mvp3_feature_flags_approved_by_fkey,mvp3_feature_flags.approved_by -> profiles.user_id,20260718150000_mvp3_enterprise_control_plane.sql,canonical+applied,
check,public,2200_21169_1_not_null,table=mvp3_feature_flags; columns=None,20260718150000_mvp3_enterprise_control_plane.sql,canonical+applied,
check,public,2200_21169_2_not_null,table=mvp3_feature_flags; columns=None,20260718150000_mvp3_enterprise_control_plane.sql,canonical+applied,
check,public,2200_21169_3_not_null,table=mvp3_feature_flags; columns=None,20260718150000_mvp3_enterprise_control_plane.sql,canonical+applied,
check,public,2200_21169_4_not_null,table=mvp3_feature_flags; columns=None,20260718150000_mvp3_enterprise_control_plane.sql,canonical+applied,
check,public,2200_21169_5_not_null,table=mvp3_feature_flags; columns=None,20260718150000_mvp3_enterprise_control_plane.sql,canonical+applied,
check,public,2200_21169_6_not_null,table=mvp3_feature_flags; columns=None,20260718150000_mvp3_enterprise_control_plane.sql,canonical+applied,
check,public,2200_21169_7_not_null,table=mvp3_feature_flags; columns=None,20260718150000_mvp3_enterprise_control_plane.sql,canonical+applied,
check,public,2200_21169_9_not_null,table=mvp3_feature_flags; columns=None,20260718150000_mvp3_enterprise_control_plane.sql,canonical+applied,
check,public,mvp3_feature_flags_check,table=mvp3_feature_flags; columns=None,20260718150000_mvp3_enterprise_control_plane.sql,canonical+applied,
unique,public,mvp3_feature_flags_flag_key_version_key,"table=mvp3_feature_flags; columns=flag_key,version",20260718150000_mvp3_enterprise_control_plane.sql,canonical+applied,
check,public,mvp3_feature_flags_status_check,table=mvp3_feature_flags; columns=None,20260718150000_mvp3_enterprise_control_plane.sql,canonical+applied,
check,public,mvp3_feature_flags_version_check,table=mvp3_feature_flags; columns=None,20260718150000_mvp3_enterprise_control_plane.sql,canonical+applied,
index,public,mvp3_feature_flags_flag_key_version_key,"CREATE UNIQUE INDEX mvp3_feature_flags_flag_key_version_key ON public.mvp3_feature_flags USING btree (flag_key, version)",20260718150000_mvp3_enterprise_control_plane.sql,canonical+applied,
index,public,mvp3_feature_flags_pkey,CREATE UNIQUE INDEX mvp3_feature_flags_pkey ON public.mvp3_feature_flags USING btree (id),20260718150000_mvp3_enterprise_control_plane.sql,canonical+applied,
trigger,public,trg_mvp3_feature_flags_checker,table=mvp3_feature_flags; timing=BEFORE; events=UPDATE; action=EXECUTE FUNCTION mvp3_enforce_maker_checker(),20260718150000_mvp3_enterprise_control_plane.sql,canonical+applied,
rls_enablement,public,mvp3_feature_flags__rls,rls_enabled=True; forced=False,20260718150000_mvp3_enterprise_control_plane.sql,canonical+applied,
rls_policy,public,mvp3_feature_flags.mvp3_flags_insert,cmd=INSERT; roles={authenticated}; permissive=PERMISSIVE,20260718150000_mvp3_enterprise_control_plane.sql,canonical+applied,
rls_policy,public,mvp3_feature_flags.mvp3_flags_read,cmd=SELECT; roles={authenticated}; permissive=PERMISSIVE,20260718150000_mvp3_enterprise_control_plane.sql,canonical+applied,
table,public,mvp3_inspection_package_manifests,columns=9; pk_cols=1; fk_out=4; triggers=1; rls=enabled; policies=1,20260718150000_mvp3_enterprise_control_plane.sql,canonical+applied,
column,public,mvp3_inspection_package_manifests.id,type=uuid; nullable=NO; default=gen_random_uuid(); ordinal=1,20260718150000_mvp3_enterprise_control_plane.sql,canonical+applied,
column,public,mvp3_inspection_package_manifests.inspection_id,type=uuid; nullable=NO; default=None; ordinal=2,20260718150000_mvp3_enterprise_control_plane.sql,canonical+applied,
column,public,mvp3_inspection_package_manifests.package_version_id,type=uuid; nullable=NO; default=None; ordinal=3,20260718150000_mvp3_enterprise_control_plane.sql,canonical+applied,
column,public,mvp3_inspection_package_manifests.workflow_version_id,type=uuid; nullable=YES; default=None; ordinal=4,20260718150000_mvp3_enterprise_control_plane.sql,canonical+applied,
column,public,mvp3_inspection_package_manifests.manifest,type=jsonb; nullable=NO; default=None; ordinal=5,20260718150000_mvp3_enterprise_control_plane.sql,canonical+applied,
column,public,mvp3_inspection_package_manifests.manifest_hash,type=text; nullable=NO; default=None; ordinal=6,20260718150000_mvp3_enterprise_control_plane.sql,canonical+applied,
column,public,mvp3_inspection_package_manifests.expires_at,type=timestamp with time zone; nullable=NO; default=None; ordinal=7,20260718150000_mvp3_enterprise_control_plane.sql,canonical+applied,
column,public,mvp3_inspection_package_manifests.compiled_by,type=uuid; nullable=NO; default=auth.uid(); ordinal=8,20260718150000_mvp3_enterprise_control_plane.sql,canonical+applied,
column,public,mvp3_inspection_package_manifests.compiled_at,type=timestamp with time zone; nullable=NO; default=now(); ordinal=9,20260718150000_mvp3_enterprise_control_plane.sql,canonical+applied,
primary_key,public,mvp3_inspection_package_manifests_pkey,table=mvp3_inspection_package_manifests; columns=id,20260718150000_mvp3_enterprise_control_plane.sql,canonical+applied,
foreign_key,public,mvp3_inspection_package_manifests_workflow_version_id_fkey,mvp3_inspection_package_manifests.workflow_version_id -> config_versions.id,20260718150000_mvp3_enterprise_control_plane.sql,canonical+applied,
foreign_key,public,mvp3_inspection_package_manifests_package_version_id_fkey,mvp3_inspection_package_manifests.package_version_id -> package_versions.id,20260718150000_mvp3_enterprise_control_plane.sql,canonical+applied,
foreign_key,public,mvp3_inspection_package_manifests_compiled_by_fkey,mvp3_inspection_package_manifests.compiled_by -> profiles.user_id,20260718150000_mvp3_enterprise_control_plane.sql,canonical+applied,
foreign_key,public,mvp3_inspection_package_manifests_inspection_id_fkey,mvp3_inspection_package_manifests.inspection_id -> inspections.id,20260718150000_mvp3_enterprise_control_plane.sql,canonical+applied,
check,public,2200_21303_1_not_null,table=mvp3_inspection_package_manifests; columns=None,20260718150000_mvp3_enterprise_control_plane.sql,canonical+applied,
check,public,2200_21303_2_not_null,table=mvp3_inspection_package_manifests; columns=None,20260718150000_mvp3_enterprise_control_plane.sql,canonical+applied,
check,public,2200_21303_3_not_null,table=mvp3_inspection_package_manifests; columns=None,20260718150000_mvp3_enterprise_control_plane.sql,canonical+applied,
check,public,2200_21303_5_not_null,table=mvp3_inspection_package_manifests; columns=None,20260718150000_mvp3_enterprise_control_plane.sql,canonical+applied,
check,public,2200_21303_6_not_null,table=mvp3_inspection_package_manifests; columns=None,20260718150000_mvp3_enterprise_control_plane.sql,canonical+applied,
check,public,2200_21303_7_not_null,table=mvp3_inspection_package_manifests; columns=None,20260718150000_mvp3_enterprise_control_plane.sql,canonical+applied,
check,public,2200_21303_8_not_null,table=mvp3_inspection_package_manifests; columns=None,20260718150000_mvp3_enterprise_control_plane.sql,canonical+applied,
check,public,2200_21303_9_not_null,table=mvp3_inspection_package_manifests; columns=None,20260718150000_mvp3_enterprise_control_plane.sql,canonical+applied,
check,public,mvp3_inspection_package_manifests_check,table=mvp3_inspection_package_manifests; columns=None,20260718150000_mvp3_enterprise_control_plane.sql,canonical+applied,
unique,public,mvp3_inspection_package_manifests_inspection_id_key,table=mvp3_inspection_package_manifests; columns=inspection_id,20260718150000_mvp3_enterprise_control_plane.sql,canonical+applied,
check,public,mvp3_inspection_package_manifests_manifest_hash_check,table=mvp3_inspection_package_manifests; columns=None,20260718150000_mvp3_enterprise_control_plane.sql,canonical+applied,
unique,public,mvp3_inspection_package_manifests_manifest_hash_key,table=mvp3_inspection_package_manifests; columns=manifest_hash,20260718150000_mvp3_enterprise_control_plane.sql,canonical+applied,
index,public,mvp3_inspection_package_manifests_inspection_id_key,CREATE UNIQUE INDEX mvp3_inspection_package_manifests_inspection_id_key ON public.mvp3_inspection_package_manifests USING btree (inspection_id),20260718150000_mvp3_enterprise_control_plane.sql,canonical+applied,
index,public,mvp3_inspection_package_manifests_manifest_hash_key,CREATE UNIQUE INDEX mvp3_inspection_package_manifests_manifest_hash_key ON public.mvp3_inspection_package_manifests USING btree (manifest_hash),20260718150000_mvp3_enterprise_control_plane.sql,canonical+applied,
index,public,mvp3_inspection_package_manifests_pkey,CREATE UNIQUE INDEX mvp3_inspection_package_manifests_pkey ON public.mvp3_inspection_package_manifests USING btree (id),20260718150000_mvp3_enterprise_control_plane.sql,canonical+applied,
index,public,mvp3_package_manifests_package_idx,"CREATE INDEX mvp3_package_manifests_package_idx ON public.mvp3_inspection_package_manifests USING btree (package_version_id, compiled_at DESC)",20260718150000_mvp3_enterprise_control_plane.sql,canonical+applied,
trigger,public,trg_mvp3_package_manifests_append_only,"table=mvp3_inspection_package_manifests; timing=BEFORE; events=DELETE,UPDATE; action=EXECUTE FUNCTION mvp3_block_append_only_mutation()",20260718150000_mvp3_enterprise_control_plane.sql,canonical+applied,
rls_enablement,public,mvp3_inspection_package_manifests__rls,rls_enabled=True; forced=False,20260718150000_mvp3_enterprise_control_plane.sql,canonical+applied,
rls_policy,public,mvp3_inspection_package_manifests.mvp3_package_manifests_read,cmd=SELECT; roles={authenticated}; permissive=PERMISSIVE,20260718150000_mvp3_enterprise_control_plane.sql,canonical+applied,
table,public,mvp3_integration_endpoints,columns=11; pk_cols=1; fk_out=1; triggers=0; rls=enabled; policies=3,20260718150000_mvp3_enterprise_control_plane.sql,canonical+applied,
column,public,mvp3_integration_endpoints.id,type=uuid; nullable=NO; default=gen_random_uuid(); ordinal=1,20260718150000_mvp3_enterprise_control_plane.sql,canonical+applied,
column,public,mvp3_integration_endpoints.endpoint_key,type=text; nullable=NO; default=None; ordinal=2,20260718150000_mvp3_enterprise_control_plane.sql,canonical+applied,
column,public,mvp3_integration_endpoints.display_name,type=text; nullable=NO; default=None; ordinal=3,20260718150000_mvp3_enterprise_control_plane.sql,canonical+applied,
column,public,mvp3_integration_endpoints.endpoint_kind,type=text; nullable=NO; default=None; ordinal=4,20260718150000_mvp3_enterprise_control_plane.sql,canonical+applied,
column,public,mvp3_integration_endpoints.contract_version,type=text; nullable=NO; default=None; ordinal=5,20260718150000_mvp3_enterprise_control_plane.sql,canonical+applied,
column,public,mvp3_integration_endpoints.status,type=text; nullable=NO; default='dependency_blocked'::text; ordinal=6,20260718150000_mvp3_enterprise_control_plane.sql,canonical+applied,
column,public,mvp3_integration_endpoints.base_url,type=text; nullable=YES; default=None; ordinal=7,20260718150000_mvp3_enterprise_control_plane.sql,canonical+applied,
column,public,mvp3_integration_endpoints.configuration,type=jsonb; nullable=NO; default='{}'::jsonb; ordinal=8,20260718150000_mvp3_enterprise_control_plane.sql,canonical+applied,
column,public,mvp3_integration_endpoints.created_by,type=uuid; nullable=NO; default=auth.uid(); ordinal=9,20260718150000_mvp3_enterprise_control_plane.sql,canonical+applied,
column,public,mvp3_integration_endpoints.created_at,type=timestamp with time zone; nullable=NO; default=now(); ordinal=10,20260718150000_mvp3_enterprise_control_plane.sql,canonical+applied,
column,public,mvp3_integration_endpoints.updated_at,type=timestamp with time zone; nullable=NO; default=now(); ordinal=11,20260718150000_mvp3_enterprise_control_plane.sql,canonical+applied,
primary_key,public,mvp3_integration_endpoints_pkey,table=mvp3_integration_endpoints; columns=id,20260718150000_mvp3_enterprise_control_plane.sql,canonical+applied,
foreign_key,public,mvp3_integration_endpoints_created_by_fkey,mvp3_integration_endpoints.created_by -> profiles.user_id,20260718150000_mvp3_enterprise_control_plane.sql,canonical+applied,
check,public,2200_21074_10_not_null,table=mvp3_integration_endpoints; columns=None,20260718150000_mvp3_enterprise_control_plane.sql,canonical+applied,
check,public,2200_21074_11_not_null,table=mvp3_integration_endpoints; columns=None,20260718150000_mvp3_enterprise_control_plane.sql,canonical+applied,
check,public,2200_21074_1_not_null,table=mvp3_integration_endpoints; columns=None,20260718150000_mvp3_enterprise_control_plane.sql,canonical+applied,
check,public,2200_21074_2_not_null,table=mvp3_integration_endpoints; columns=None,20260718150000_mvp3_enterprise_control_plane.sql,canonical+applied,
check,public,2200_21074_3_not_null,table=mvp3_integration_endpoints; columns=None,20260718150000_mvp3_enterprise_control_plane.sql,canonical+applied,
check,public,2200_21074_4_not_null,table=mvp3_integration_endpoints; columns=None,20260718150000_mvp3_enterprise_control_plane.sql,canonical+applied,
check,public,2200_21074_5_not_null,table=mvp3_integration_endpoints; columns=None,20260718150000_mvp3_enterprise_control_plane.sql,canonical+applied,
check,public,2200_21074_6_not_null,table=mvp3_integration_endpoints; columns=None,20260718150000_mvp3_enterprise_control_plane.sql,canonical+applied,
check,public,2200_21074_8_not_null,table=mvp3_integration_endpoints; columns=None,20260718150000_mvp3_enterprise_control_plane.sql,canonical+applied,
check,public,2200_21074_9_not_null,table=mvp3_integration_endpoints; columns=None,20260718150000_mvp3_enterprise_control_plane.sql,canonical+applied,
check,public,mvp3_integration_endpoints_check,table=mvp3_integration_endpoints; columns=None,20260718150000_mvp3_enterprise_control_plane.sql,canonical+applied,
unique,public,mvp3_integration_endpoints_endpoint_key_key,table=mvp3_integration_endpoints; columns=endpoint_key,20260718150000_mvp3_enterprise_control_plane.sql,canonical+applied,
check,public,mvp3_integration_endpoints_endpoint_kind_check,table=mvp3_integration_endpoints; columns=None,20260718150000_mvp3_enterprise_control_plane.sql,canonical+applied,
check,public,mvp3_integration_endpoints_status_check,table=mvp3_integration_endpoints; columns=None,20260718150000_mvp3_enterprise_control_plane.sql,canonical+applied,
index,public,mvp3_integration_endpoints_endpoint_key_key,CREATE UNIQUE INDEX mvp3_integration_endpoints_endpoint_key_key ON public.mvp3_integration_endpoints USING btree (endpoint_key),20260718150000_mvp3_enterprise_control_plane.sql,canonical+applied,
index,public,mvp3_integration_endpoints_pkey,CREATE UNIQUE INDEX mvp3_integration_endpoints_pkey ON public.mvp3_integration_endpoints USING btree (id),20260718150000_mvp3_enterprise_control_plane.sql,canonical+applied,
rls_enablement,public,mvp3_integration_endpoints__rls,rls_enabled=True; forced=False,20260718150000_mvp3_enterprise_control_plane.sql,canonical+applied,
rls_policy,public,mvp3_integration_endpoints.mvp3_integrations_insert,cmd=INSERT; roles={authenticated}; permissive=PERMISSIVE,20260718150000_mvp3_enterprise_control_plane.sql,canonical+applied,
rls_policy,public,mvp3_integration_endpoints.mvp3_integrations_read,cmd=SELECT; roles={authenticated}; permissive=PERMISSIVE,20260718150000_mvp3_enterprise_control_plane.sql,canonical+applied,
rls_policy,public,mvp3_integration_endpoints.mvp3_integrations_update,cmd=UPDATE; roles={authenticated}; permissive=PERMISSIVE,20260718150000_mvp3_enterprise_control_plane.sql,canonical+applied,
table,public,mvp3_kpi_definitions,columns=15; pk_cols=1; fk_out=3; triggers=1; rls=enabled; policies=2,20260718150000_mvp3_enterprise_control_plane.sql,canonical+applied,
column,public,mvp3_kpi_definitions.id,type=uuid; nullable=NO; default=gen_random_uuid(); ordinal=1,20260718150000_mvp3_enterprise_control_plane.sql,canonical+applied,
column,public,mvp3_kpi_definitions.metric_key,type=text; nullable=NO; default=None; ordinal=2,20260718150000_mvp3_enterprise_control_plane.sql,canonical+applied,
column,public,mvp3_kpi_definitions.version,type=integer; nullable=NO; default=1; ordinal=3,20260718150000_mvp3_enterprise_control_plane.sql,canonical+applied,
column,public,mvp3_kpi_definitions.title_en,type=text; nullable=NO; default=None; ordinal=4,20260718150000_mvp3_enterprise_control_plane.sql,canonical+applied,
column,public,mvp3_kpi_definitions.title_ar,type=text; nullable=YES; default=None; ordinal=5,20260718150000_mvp3_enterprise_control_plane.sql,canonical+applied,
column,public,mvp3_kpi_definitions.owner_role,type=text; nullable=NO; default=None; ordinal=6,20260718150000_mvp3_enterprise_control_plane.sql,canonical+applied,
column,public,mvp3_kpi_definitions.formula,type=text; nullable=NO; default=None; ordinal=7,20260718150000_mvp3_enterprise_control_plane.sql,canonical+applied,
column,public,mvp3_kpi_definitions.source_lineage,type=jsonb; nullable=NO; default=None; ordinal=8,20260718150000_mvp3_enterprise_control_plane.sql,canonical+applied,
column,public,mvp3_kpi_definitions.refresh_cadence,type=text; nullable=NO; default=None; ordinal=9,20260718150000_mvp3_enterprise_control_plane.sql,canonical+applied,
column,public,mvp3_kpi_definitions.retention_status,type=text; nullable=NO; default='policy_unresolved'::text; ordinal=10,20260718150000_mvp3_enterprise_control_plane.sql,canonical+applied,
column,public,mvp3_kpi_definitions.status,type=text; nullable=NO; default='draft'::text; ordinal=11,20260718150000_mvp3_enterprise_control_plane.sql,canonical+applied,
column,public,mvp3_kpi_definitions.created_by,type=uuid; nullable=NO; default=auth.uid(); ordinal=12,20260718150000_mvp3_enterprise_control_plane.sql,canonical+applied,
column,public,mvp3_kpi_definitions.approved_by,type=uuid; nullable=YES; default=None; ordinal=13,20260718150000_mvp3_enterprise_control_plane.sql,canonical+applied,
column,public,mvp3_kpi_definitions.created_at,type=timestamp with time zone; nullable=NO; default=now(); ordinal=14,20260718150000_mvp3_enterprise_control_plane.sql,canonical+applied,
column,public,mvp3_kpi_definitions.published_at,type=timestamp with time zone; nullable=YES; default=None; ordinal=15,20260718150000_mvp3_enterprise_control_plane.sql,canonical+applied,
primary_key,public,mvp3_kpi_definitions_pkey,table=mvp3_kpi_definitions; columns=id,20260718150000_mvp3_enterprise_control_plane.sql,canonical+applied,
foreign_key,public,mvp3_kpi_definitions_owner_role_fkey,mvp3_kpi_definitions.owner_role -> roles.role_key,20260718150000_mvp3_enterprise_control_plane.sql,canonical+applied,
foreign_key,public,mvp3_kpi_definitions_approved_by_fkey,mvp3_kpi_definitions.approved_by -> profiles.user_id,20260718150000_mvp3_enterprise_control_plane.sql,canonical+applied,
foreign_key,public,mvp3_kpi_definitions_created_by_fkey,mvp3_kpi_definitions.created_by -> profiles.user_id,20260718150000_mvp3_enterprise_control_plane.sql,canonical+applied,
check,public,2200_21391_10_not_null,table=mvp3_kpi_definitions; columns=None,20260718150000_mvp3_enterprise_control_plane.sql,canonical+applied,
check,public,2200_21391_11_not_null,table=mvp3_kpi_definitions; columns=None,20260718150000_mvp3_enterprise_control_plane.sql,canonical+applied,
check,public,2200_21391_12_not_null,table=mvp3_kpi_definitions; columns=None,20260718150000_mvp3_enterprise_control_plane.sql,canonical+applied,
check,public,2200_21391_14_not_null,table=mvp3_kpi_definitions; columns=None,20260718150000_mvp3_enterprise_control_plane.sql,canonical+applied,
check,public,2200_21391_1_not_null,table=mvp3_kpi_definitions; columns=None,20260718150000_mvp3_enterprise_control_plane.sql,canonical+applied,
check,public,2200_21391_2_not_null,table=mvp3_kpi_definitions; columns=None,20260718150000_mvp3_enterprise_control_plane.sql,canonical+applied,
check,public,2200_21391_3_not_null,table=mvp3_kpi_definitions; columns=None,20260718150000_mvp3_enterprise_control_plane.sql,canonical+applied,
check,public,2200_21391_4_not_null,table=mvp3_kpi_definitions; columns=None,20260718150000_mvp3_enterprise_control_plane.sql,canonical+applied,
check,public,2200_21391_6_not_null,table=mvp3_kpi_definitions; columns=None,20260718150000_mvp3_enterprise_control_plane.sql,canonical+applied,
check,public,2200_21391_7_not_null,table=mvp3_kpi_definitions; columns=None,20260718150000_mvp3_enterprise_control_plane.sql,canonical+applied,
check,public,2200_21391_8_not_null,table=mvp3_kpi_definitions; columns=None,20260718150000_mvp3_enterprise_control_plane.sql,canonical+applied,
check,public,2200_21391_9_not_null,table=mvp3_kpi_definitions; columns=None,20260718150000_mvp3_enterprise_control_plane.sql,canonical+applied,
check,public,mvp3_kpi_definitions_check,table=mvp3_kpi_definitions; columns=None,20260718150000_mvp3_enterprise_control_plane.sql,canonical+applied,
unique,public,mvp3_kpi_definitions_metric_key_version_key,"table=mvp3_kpi_definitions; columns=metric_key,version",20260718150000_mvp3_enterprise_control_plane.sql,canonical+applied,
check,public,mvp3_kpi_definitions_retention_status_check,table=mvp3_kpi_definitions; columns=None,20260718150000_mvp3_enterprise_control_plane.sql,canonical+applied,
check,public,mvp3_kpi_definitions_status_check,table=mvp3_kpi_definitions; columns=None,20260718150000_mvp3_enterprise_control_plane.sql,canonical+applied,
check,public,mvp3_kpi_definitions_version_check,table=mvp3_kpi_definitions; columns=None,20260718150000_mvp3_enterprise_control_plane.sql,canonical+applied,
index,public,mvp3_kpi_definitions_metric_key_version_key,"CREATE UNIQUE INDEX mvp3_kpi_definitions_metric_key_version_key ON public.mvp3_kpi_definitions USING btree (metric_key, version)",20260718150000_mvp3_enterprise_control_plane.sql,canonical+applied,
index,public,mvp3_kpi_definitions_pkey,CREATE UNIQUE INDEX mvp3_kpi_definitions_pkey ON public.mvp3_kpi_definitions USING btree (id),20260718150000_mvp3_enterprise_control_plane.sql,canonical+applied,
trigger,public,trg_mvp3_kpi_definitions_checker,table=mvp3_kpi_definitions; timing=BEFORE; events=UPDATE; action=EXECUTE FUNCTION mvp3_enforce_maker_checker(),20260718150000_mvp3_enterprise_control_plane.sql,canonical+applied,
rls_enablement,public,mvp3_kpi_definitions__rls,rls_enabled=True; forced=False,20260718150000_mvp3_enterprise_control_plane.sql,canonical+applied,
rls_policy,public,mvp3_kpi_definitions.mvp3_kpis_insert,cmd=INSERT; roles={authenticated}; permissive=PERMISSIVE,20260718150000_mvp3_enterprise_control_plane.sql,canonical+applied,
rls_policy,public,mvp3_kpi_definitions.mvp3_kpis_read,cmd=SELECT; roles={authenticated}; permissive=PERMISSIVE,20260718150000_mvp3_enterprise_control_plane.sql,canonical+applied,
table,public,mvp3_package_access_events,columns=8; pk_cols=1; fk_out=3; triggers=1; rls=enabled; policies=1,20260718150000_mvp3_enterprise_control_plane.sql,canonical+applied,
column,public,mvp3_package_access_events.id,type=uuid; nullable=NO; default=gen_random_uuid(); ordinal=1,20260718150000_mvp3_enterprise_control_plane.sql,canonical+applied,
column,public,mvp3_package_access_events.manifest_id,type=uuid; nullable=NO; default=None; ordinal=2,20260718150000_mvp3_enterprise_control_plane.sql,canonical+applied,
column,public,mvp3_package_access_events.device_id,type=uuid; nullable=YES; default=None; ordinal=3,20260718150000_mvp3_enterprise_control_plane.sql,canonical+applied,
column,public,mvp3_package_access_events.requested_device_identifier,type=text; nullable=NO; default=None; ordinal=4,20260718150000_mvp3_enterprise_control_plane.sql,canonical+applied,
column,public,mvp3_package_access_events.actor_id,type=uuid; nullable=NO; default=auth.uid(); ordinal=5,20260718150000_mvp3_enterprise_control_plane.sql,canonical+applied,
column,public,mvp3_package_access_events.outcome,type=text; nullable=NO; default=None; ordinal=6,20260718150000_mvp3_enterprise_control_plane.sql,canonical+applied,
column,public,mvp3_package_access_events.reason,type=text; nullable=YES; default=None; ordinal=7,20260718150000_mvp3_enterprise_control_plane.sql,canonical+applied,
column,public,mvp3_package_access_events.occurred_at,type=timestamp with time zone; nullable=NO; default=now(); ordinal=8,20260718150000_mvp3_enterprise_control_plane.sql,canonical+applied,
primary_key,public,mvp3_package_access_events_pkey,table=mvp3_package_access_events; columns=id,20260718150000_mvp3_enterprise_control_plane.sql,canonical+applied,
foreign_key,public,mvp3_package_access_events_actor_id_fkey,mvp3_package_access_events.actor_id -> profiles.user_id,20260718150000_mvp3_enterprise_control_plane.sql,canonical+applied,
foreign_key,public,mvp3_package_access_events_device_id_fkey,mvp3_package_access_events.device_id -> mvp3_devices.id,20260718150000_mvp3_enterprise_control_plane.sql,canonical+applied,
foreign_key,public,mvp3_package_access_events_manifest_id_fkey,mvp3_package_access_events.manifest_id -> mvp3_inspection_package_manifests.id,20260718150000_mvp3_enterprise_control_plane.sql,canonical+applied,
check,public,2200_21340_1_not_null,table=mvp3_package_access_events; columns=None,20260718150000_mvp3_enterprise_control_plane.sql,canonical+applied,
check,public,2200_21340_2_not_null,table=mvp3_package_access_events; columns=None,20260718150000_mvp3_enterprise_control_plane.sql,canonical+applied,
check,public,2200_21340_4_not_null,table=mvp3_package_access_events; columns=None,20260718150000_mvp3_enterprise_control_plane.sql,canonical+applied,
check,public,2200_21340_5_not_null,table=mvp3_package_access_events; columns=None,20260718150000_mvp3_enterprise_control_plane.sql,canonical+applied,
check,public,2200_21340_6_not_null,table=mvp3_package_access_events; columns=None,20260718150000_mvp3_enterprise_control_plane.sql,canonical+applied,
check,public,2200_21340_8_not_null,table=mvp3_package_access_events; columns=None,20260718150000_mvp3_enterprise_control_plane.sql,canonical+applied,
check,public,mvp3_package_access_events_outcome_check,table=mvp3_package_access_events; columns=None,20260718150000_mvp3_enterprise_control_plane.sql,canonical+applied,
index,public,mvp3_package_access_events_manifest_idx,"CREATE INDEX mvp3_package_access_events_manifest_idx ON public.mvp3_package_access_events USING btree (manifest_id, occurred_at DESC)",20260718150000_mvp3_enterprise_control_plane.sql,canonical+applied,
index,public,mvp3_package_access_events_pkey,CREATE UNIQUE INDEX mvp3_package_access_events_pkey ON public.mvp3_package_access_events USING btree (id),20260718150000_mvp3_enterprise_control_plane.sql,canonical+applied,
trigger,public,trg_mvp3_package_access_events_append_only,"table=mvp3_package_access_events; timing=BEFORE; events=DELETE,UPDATE; action=EXECUTE FUNCTION mvp3_block_append_only_mutation()",20260718150000_mvp3_enterprise_control_plane.sql,canonical+applied,
rls_enablement,public,mvp3_package_access_events__rls,rls_enabled=True; forced=False,20260718150000_mvp3_enterprise_control_plane.sql,canonical+applied,
rls_policy,public,mvp3_package_access_events.mvp3_package_access_events_read,cmd=SELECT; roles={authenticated}; permissive=PERMISSIVE,20260718150000_mvp3_enterprise_control_plane.sql,canonical+applied,
table,public,mvp3_signature_refusals,columns=10; pk_cols=1; fk_out=2; triggers=1; rls=enabled; policies=1,20260718150000_mvp3_enterprise_control_plane.sql,canonical+applied,
column,public,mvp3_signature_refusals.id,type=uuid; nullable=NO; default=gen_random_uuid(); ordinal=1,20260718150000_mvp3_enterprise_control_plane.sql,canonical+applied,
column,public,mvp3_signature_refusals.signature_act_id,type=uuid; nullable=NO; default=None; ordinal=2,20260718150000_mvp3_enterprise_control_plane.sql,canonical+applied,
column,public,mvp3_signature_refusals.refusal_reason,type=text; nullable=NO; default=None; ordinal=3,20260718150000_mvp3_enterprise_control_plane.sql,canonical+applied,
column,public,mvp3_signature_refusals.witness_name,type=text; nullable=YES; default=None; ordinal=4,20260718150000_mvp3_enterprise_control_plane.sql,canonical+applied,
column,public,mvp3_signature_refusals.inspector_statement,type=text; nullable=NO; default=None; ordinal=5,20260718150000_mvp3_enterprise_control_plane.sql,canonical+applied,
column,public,mvp3_signature_refusals.device_context,type=jsonb; nullable=NO; default=None; ordinal=6,20260718150000_mvp3_enterprise_control_plane.sql,canonical+applied,
column,public,mvp3_signature_refusals.location_context,type=jsonb; nullable=NO; default=None; ordinal=7,20260718150000_mvp3_enterprise_control_plane.sql,canonical+applied,
column,public,mvp3_signature_refusals.workflow_continuation,type=text; nullable=NO; default=None; ordinal=8,20260718150000_mvp3_enterprise_control_plane.sql,canonical+applied,
column,public,mvp3_signature_refusals.recorded_by,type=uuid; nullable=NO; default=auth.uid(); ordinal=9,20260718150000_mvp3_enterprise_control_plane.sql,canonical+applied,
column,public,mvp3_signature_refusals.recorded_at,type=timestamp with time zone; nullable=NO; default=now(); ordinal=10,20260718150000_mvp3_enterprise_control_plane.sql,canonical+applied,
primary_key,public,mvp3_signature_refusals_pkey,table=mvp3_signature_refusals; columns=id,20260718150000_mvp3_enterprise_control_plane.sql,canonical+applied,
foreign_key,public,mvp3_signature_refusals_recorded_by_fkey,mvp3_signature_refusals.recorded_by -> profiles.user_id,20260718150000_mvp3_enterprise_control_plane.sql,canonical+applied,
foreign_key,public,mvp3_signature_refusals_signature_act_id_fkey,mvp3_signature_refusals.signature_act_id -> signature_acts.id,20260718150000_mvp3_enterprise_control_plane.sql,canonical+applied,
check,public,2200_21367_10_not_null,table=mvp3_signature_refusals; columns=None,20260718150000_mvp3_enterprise_control_plane.sql,canonical+applied,
check,public,2200_21367_1_not_null,table=mvp3_signature_refusals; columns=None,20260718150000_mvp3_enterprise_control_plane.sql,canonical+applied,
check,public,2200_21367_2_not_null,table=mvp3_signature_refusals; columns=None,20260718150000_mvp3_enterprise_control_plane.sql,canonical+applied,
check,public,2200_21367_3_not_null,table=mvp3_signature_refusals; columns=None,20260718150000_mvp3_enterprise_control_plane.sql,canonical+applied,
check,public,2200_21367_5_not_null,table=mvp3_signature_refusals; columns=None,20260718150000_mvp3_enterprise_control_plane.sql,canonical+applied,
check,public,2200_21367_6_not_null,table=mvp3_signature_refusals; columns=None,20260718150000_mvp3_enterprise_control_plane.sql,canonical+applied,
check,public,2200_21367_7_not_null,table=mvp3_signature_refusals; columns=None,20260718150000_mvp3_enterprise_control_plane.sql,canonical+applied,
check,public,2200_21367_8_not_null,table=mvp3_signature_refusals; columns=None,20260718150000_mvp3_enterprise_control_plane.sql,canonical+applied,
check,public,2200_21367_9_not_null,table=mvp3_signature_refusals; columns=None,20260718150000_mvp3_enterprise_control_plane.sql,canonical+applied,
check,public,mvp3_signature_refusals_inspector_statement_check,table=mvp3_signature_refusals; columns=None,20260718150000_mvp3_enterprise_control_plane.sql,canonical+applied,
check,public,mvp3_signature_refusals_refusal_reason_check,table=mvp3_signature_refusals; columns=None,20260718150000_mvp3_enterprise_control_plane.sql,canonical+applied,
unique,public,mvp3_signature_refusals_signature_act_id_key,table=mvp3_signature_refusals; columns=signature_act_id,20260718150000_mvp3_enterprise_control_plane.sql,canonical+applied,
index,public,mvp3_signature_refusals_pkey,CREATE UNIQUE INDEX mvp3_signature_refusals_pkey ON public.mvp3_signature_refusals USING btree (id),20260718150000_mvp3_enterprise_control_plane.sql,canonical+applied,
index,public,mvp3_signature_refusals_signature_act_id_key,CREATE UNIQUE INDEX mvp3_signature_refusals_signature_act_id_key ON public.mvp3_signature_refusals USING btree (signature_act_id),20260718150000_mvp3_enterprise_control_plane.sql,canonical+applied,
trigger,public,trg_mvp3_signature_refusals_append_only,"table=mvp3_signature_refusals; timing=BEFORE; events=DELETE,UPDATE; action=EXECUTE FUNCTION mvp3_block_append_only_mutation()",20260718150000_mvp3_enterprise_control_plane.sql,canonical+applied,
rls_enablement,public,mvp3_signature_refusals__rls,rls_enabled=True; forced=False,20260718150000_mvp3_enterprise_control_plane.sql,canonical+applied,
rls_policy,public,mvp3_signature_refusals.mvp3_signature_refusals_read,cmd=SELECT; roles={authenticated}; permissive=PERMISSIVE,20260718150000_mvp3_enterprise_control_plane.sql,canonical+applied,
table,public,notification_preferences,columns=5; pk_cols=1; fk_out=1; triggers=0; rls=enabled; policies=1,20260716224000_def_prf_003_profile_notification_preferences.sql,canonical+applied,
column,public,notification_preferences.user_id,type=uuid; nullable=NO; default=None; ordinal=1,20260716224000_def_prf_003_profile_notification_preferences.sql,canonical+applied,
column,public,notification_preferences.push_enabled,type=boolean; nullable=NO; default=true; ordinal=2,20260716224000_def_prf_003_profile_notification_preferences.sql,canonical+applied,
column,public,notification_preferences.sms_enabled,type=boolean; nullable=NO; default=true; ordinal=3,20260716224000_def_prf_003_profile_notification_preferences.sql,canonical+applied,
column,public,notification_preferences.email_enabled,type=boolean; nullable=NO; default=true; ordinal=4,20260716224000_def_prf_003_profile_notification_preferences.sql,canonical+applied,
column,public,notification_preferences.updated_at,type=timestamp with time zone; nullable=NO; default=now(); ordinal=5,20260716224000_def_prf_003_profile_notification_preferences.sql,canonical+applied,
primary_key,public,notification_preferences_pkey,table=notification_preferences; columns=user_id,20260716224000_def_prf_003_profile_notification_preferences.sql,canonical+applied,
foreign_key,public,notification_preferences_user_id_fkey,notification_preferences.user_id -> profiles.user_id,20260716224000_def_prf_003_profile_notification_preferences.sql,canonical+applied,
check,public,2200_20044_1_not_null,table=notification_preferences; columns=None,20260716224000_def_prf_003_profile_notification_preferences.sql,canonical+applied,
check,public,2200_20044_2_not_null,table=notification_preferences; columns=None,20260716224000_def_prf_003_profile_notification_preferences.sql,canonical+applied,
check,public,2200_20044_3_not_null,table=notification_preferences; columns=None,20260716224000_def_prf_003_profile_notification_preferences.sql,canonical+applied,
check,public,2200_20044_4_not_null,table=notification_preferences; columns=None,20260716224000_def_prf_003_profile_notification_preferences.sql,canonical+applied,
check,public,2200_20044_5_not_null,table=notification_preferences; columns=None,20260716224000_def_prf_003_profile_notification_preferences.sql,canonical+applied,
index,public,notification_preferences_pkey,CREATE UNIQUE INDEX notification_preferences_pkey ON public.notification_preferences USING btree (user_id),20260716224000_def_prf_003_profile_notification_preferences.sql,canonical+applied,
rls_enablement,public,notification_preferences__rls,rls_enabled=True; forced=False,20260716224000_def_prf_003_profile_notification_preferences.sql,canonical+applied,
rls_policy,public,notification_preferences.notification_preferences_own,cmd=ALL; roles={public}; permissive=PERMISSIVE,20260716224000_def_prf_003_profile_notification_preferences.sql,canonical+applied,
table,public,notification_rules,columns=17; pk_cols=1; fk_out=5; triggers=2; rls=enabled; policies=2,20260716222000_scr_adm_080_notification_rules.sql,canonical+applied,
column,public,notification_rules.id,type=uuid; nullable=NO; default=gen_random_uuid(); ordinal=1,20260716222000_scr_adm_080_notification_rules.sql,canonical+applied,
column,public,notification_rules.event_key,type=text; nullable=NO; default=None; ordinal=2,20260716222000_scr_adm_080_notification_rules.sql,canonical+applied,
column,public,notification_rules.channel,type=text; nullable=NO; default=None; ordinal=3,20260716222000_scr_adm_080_notification_rules.sql,canonical+applied,
column,public,notification_rules.recipient_role,type=text; nullable=NO; default=None; ordinal=4,20260716222000_scr_adm_080_notification_rules.sql,canonical+applied,
column,public,notification_rules.template,type=text; nullable=NO; default=None; ordinal=5,20260716222000_scr_adm_080_notification_rules.sql,canonical+applied,
column,public,notification_rules.sla_minutes,type=integer; nullable=YES; default=None; ordinal=6,20260716222000_scr_adm_080_notification_rules.sql,canonical+applied,
column,public,notification_rules.escalation_role,type=text; nullable=YES; default=None; ordinal=7,20260716222000_scr_adm_080_notification_rules.sql,canonical+applied,
column,public,notification_rules.status,type=USER-DEFINED; nullable=NO; default='draft'::config_status; ordinal=8,20260716222000_scr_adm_080_notification_rules.sql,canonical+applied,
column,public,notification_rules.version_label,type=text; nullable=NO; default='v1'::text; ordinal=9,20260716222000_scr_adm_080_notification_rules.sql,canonical+applied,
column,public,notification_rules.created_by,type=uuid; nullable=YES; default=None; ordinal=10,20260716222000_scr_adm_080_notification_rules.sql,canonical+applied,
column,public,notification_rules.approved_by,type=uuid; nullable=YES; default=None; ordinal=11,20260716222000_scr_adm_080_notification_rules.sql,canonical+applied,
column,public,notification_rules.published_at,type=timestamp with time zone; nullable=YES; default=None; ordinal=12,20260716222000_scr_adm_080_notification_rules.sql,canonical+applied,
column,public,notification_rules.deactivated_at,type=timestamp with time zone; nullable=YES; default=None; ordinal=13,20260716222000_scr_adm_080_notification_rules.sql,canonical+applied,
column,public,notification_rules.deactivated_by,type=uuid; nullable=YES; default=None; ordinal=14,20260716222000_scr_adm_080_notification_rules.sql,canonical+applied,
column,public,notification_rules.deactivation_reason,type=text; nullable=YES; default=None; ordinal=15,20260716222000_scr_adm_080_notification_rules.sql,canonical+applied,
column,public,notification_rules.created_at,type=timestamp with time zone; nullable=NO; default=now(); ordinal=16,20260716222000_scr_adm_080_notification_rules.sql,canonical+applied,
column,public,notification_rules.template_ar,type=text; nullable=YES; default=None; ordinal=17,20260716222000_scr_adm_080_notification_rules.sql,canonical+applied,
primary_key,public,notification_rules_pkey,table=notification_rules; columns=id,20260716222000_scr_adm_080_notification_rules.sql,canonical+applied,
foreign_key,public,notification_rules_recipient_role_fkey,notification_rules.recipient_role -> roles.role_key,20260716222000_scr_adm_080_notification_rules.sql,canonical+applied,
foreign_key,public,notification_rules_deactivated_by_fkey,notification_rules.deactivated_by -> profiles.user_id,20260716222000_scr_adm_080_notification_rules.sql,canonical+applied,
foreign_key,public,notification_rules_created_by_fkey,notification_rules.created_by -> profiles.user_id,20260716222000_scr_adm_080_notification_rules.sql,canonical+applied,
foreign_key,public,notification_rules_approved_by_fkey,notification_rules.approved_by -> profiles.user_id,20260716222000_scr_adm_080_notification_rules.sql,canonical+applied,
foreign_key,public,notification_rules_escalation_role_fkey,notification_rules.escalation_role -> roles.role_key,20260716222000_scr_adm_080_notification_rules.sql,canonical+applied,
check,public,2200_19989_16_not_null,table=notification_rules; columns=None,20260716222000_scr_adm_080_notification_rules.sql,canonical+applied,
check,public,2200_19989_1_not_null,table=notification_rules; columns=None,20260716222000_scr_adm_080_notification_rules.sql,canonical+applied,
check,public,2200_19989_2_not_null,table=notification_rules; columns=None,20260716222000_scr_adm_080_notification_rules.sql,canonical+applied,
check,public,2200_19989_3_not_null,table=notification_rules; columns=None,20260716222000_scr_adm_080_notification_rules.sql,canonical+applied,
check,public,2200_19989_4_not_null,table=notification_rules; columns=None,20260716222000_scr_adm_080_notification_rules.sql,canonical+applied,
check,public,2200_19989_5_not_null,table=notification_rules; columns=None,20260716222000_scr_adm_080_notification_rules.sql,canonical+applied,
check,public,2200_19989_8_not_null,table=notification_rules; columns=None,20260716222000_scr_adm_080_notification_rules.sql,canonical+applied,
check,public,2200_19989_9_not_null,table=notification_rules; columns=None,20260716222000_scr_adm_080_notification_rules.sql,canonical+applied,
check,public,notification_rules_channel_check,table=notification_rules; columns=None,20260716222000_scr_adm_080_notification_rules.sql,canonical+applied,
check,public,notification_rules_maker_checker,table=notification_rules; columns=None,20260716222000_scr_adm_080_notification_rules.sql,canonical+applied,
check,public,notification_rules_sla_consistent,table=notification_rules; columns=None,20260716222000_scr_adm_080_notification_rules.sql,canonical+applied,
check,public,notification_rules_sla_minutes_check,table=notification_rules; columns=None,20260716222000_scr_adm_080_notification_rules.sql,canonical+applied,
index,public,notification_rules_one_open_governed,"CREATE UNIQUE INDEX notification_rules_one_open_governed ON public.notification_rules USING btree (event_key, channel) WHERE (status = ANY (ARRAY['draft'::config_status, 'validated'::config_status, 'a",20260716222000_scr_adm_080_notification_rules.sql,canonical+applied,
index,public,notification_rules_one_published,"CREATE UNIQUE INDEX notification_rules_one_published ON public.notification_rules USING btree (event_key, channel) WHERE (status = 'published'::config_status)",20260716222000_scr_adm_080_notification_rules.sql,canonical+applied,
index,public,notification_rules_pkey,CREATE UNIQUE INDEX notification_rules_pkey ON public.notification_rules USING btree (id),20260716222000_scr_adm_080_notification_rules.sql,canonical+applied,
trigger,public,trg_audit_notification_rules,"table=notification_rules; timing=AFTER; events=DELETE,INSERT,UPDATE; action=EXECUTE FUNCTION audit_row_change()",20260716222000_scr_adm_080_notification_rules.sql,canonical+applied,
trigger,public,trg_guard_published_notification_rule,"table=notification_rules; timing=BEFORE; events=DELETE,UPDATE; action=EXECUTE FUNCTION guard_published_notification_rule()",20260716222000_scr_adm_080_notification_rules.sql,canonical+applied,
rls_enablement,public,notification_rules__rls,rls_enabled=True; forced=False,20260716222000_scr_adm_080_notification_rules.sql,canonical+applied,
rls_policy,public,notification_rules.notification_rules_admin,cmd=ALL; roles={public}; permissive=PERMISSIVE,20260716222000_scr_adm_080_notification_rules.sql,canonical+applied,
rls_policy,public,notification_rules.notification_rules_read,cmd=SELECT; roles={public}; permissive=PERMISSIVE,20260716222000_scr_adm_080_notification_rules.sql,canonical+applied,
table,public,notifications,columns=16; pk_cols=1; fk_out=2; triggers=1; rls=enabled; policies=3,0001_foundation.sql,canonical+applied,
column,public,notifications.id,type=uuid; nullable=NO; default=gen_random_uuid(); ordinal=1,0001_foundation.sql,canonical+applied,
column,public,notifications.event_key,type=text; nullable=NO; default=None; ordinal=2,0001_foundation.sql,canonical+applied,
column,public,notifications.recipient,type=uuid; nullable=YES; default=None; ordinal=3,0001_foundation.sql,canonical+applied,
column,public,notifications.payload,type=jsonb; nullable=NO; default=None; ordinal=4,0001_foundation.sql,canonical+applied,
column,public,notifications.channel,type=text; nullable=NO; default='push'::text; ordinal=5,0001_foundation.sql,canonical+applied,
column,public,notifications.delivery_state,type=text; nullable=NO; default='queued'::text; ordinal=6,0001_foundation.sql,canonical+applied,
column,public,notifications.created_at,type=timestamp with time zone; nullable=NO; default=now(); ordinal=7,0001_foundation.sql,canonical+applied,
column,public,notifications.read_at,type=timestamp with time zone; nullable=YES; default=None; ordinal=8,0001_foundation.sql,canonical+applied,
column,public,notifications.delivered_at,type=timestamp with time zone; nullable=YES; default=None; ordinal=9,0001_foundation.sql,canonical+applied,
column,public,notifications.notification_rule_id,type=uuid; nullable=YES; default=None; ordinal=10,0001_foundation.sql,canonical+applied,
column,public,notifications.rule_version_label,type=text; nullable=YES; default=None; ordinal=11,0001_foundation.sql,canonical+applied,
column,public,notifications.language,type=text; nullable=YES; default=None; ordinal=12,0001_foundation.sql,canonical+applied,
column,public,notifications.attempts,type=integer; nullable=NO; default=0; ordinal=13,0001_foundation.sql,canonical+applied,
column,public,notifications.last_error,type=text; nullable=YES; default=None; ordinal=14,0001_foundation.sql,canonical+applied,
column,public,notifications.provider,type=text; nullable=YES; default=None; ordinal=15,0001_foundation.sql,canonical+applied,
column,public,notifications.failure_class,type=text; nullable=YES; default=None; ordinal=16,0001_foundation.sql,canonical+applied,
primary_key,public,notifications_pkey,table=notifications; columns=id,0001_foundation.sql,canonical+applied,
foreign_key,public,notifications_notification_rule_id_fkey,notifications.notification_rule_id -> notification_rules.id,0001_foundation.sql,canonical+applied,
foreign_key,public,notifications_recipient_fkey,notifications.recipient -> profiles.user_id,0001_foundation.sql,canonical+applied,
check,public,2200_18236_13_not_null,table=notifications; columns=None,0001_foundation.sql,canonical+applied,
check,public,2200_18236_1_not_null,table=notifications; columns=None,0001_foundation.sql,canonical+applied,
check,public,2200_18236_2_not_null,table=notifications; columns=None,0001_foundation.sql,canonical+applied,
check,public,2200_18236_4_not_null,table=notifications; columns=None,0001_foundation.sql,canonical+applied,
check,public,2200_18236_5_not_null,table=notifications; columns=None,0001_foundation.sql,canonical+applied,
check,public,2200_18236_6_not_null,table=notifications; columns=None,0001_foundation.sql,canonical+applied,
check,public,2200_18236_7_not_null,table=notifications; columns=None,0001_foundation.sql,canonical+applied,
index,public,idx_notifications_recipient_created,"CREATE INDEX idx_notifications_recipient_created ON public.notifications USING btree (recipient, created_at DESC)",0001_foundation.sql,canonical+applied,
index,public,ix_notifications_event,CREATE INDEX ix_notifications_event ON public.notifications USING btree (event_key),0001_foundation.sql,canonical+applied,
index,public,ix_notifications_state,CREATE INDEX ix_notifications_state ON public.notifications USING btree (delivery_state),0001_foundation.sql,canonical+applied,
index,public,notifications_pkey,CREATE UNIQUE INDEX notifications_pkey ON public.notifications USING btree (id),0001_foundation.sql,canonical+applied,
trigger,public,trg_audit_notifications,"table=notifications; timing=AFTER; events=DELETE,INSERT,UPDATE; action=EXECUTE FUNCTION audit_row_change()",0001_foundation.sql,canonical+applied,
rls_enablement,public,notifications__rls,rls_enabled=True; forced=False,0001_foundation.sql,canonical+applied,
rls_policy,public,notifications.notif_insert_authed,cmd=INSERT; roles={public}; permissive=PERMISSIVE,0001_foundation.sql,canonical+applied,
rls_policy,public,notifications.notif_own,cmd=SELECT; roles={public}; permissive=PERMISSIVE,0001_foundation.sql,canonical+applied,
rls_policy,public,notifications.notif_update_recipient,cmd=UPDATE; roles={public}; permissive=PERMISSIVE,0001_foundation.sql,canonical+applied,
table,public,objections,columns=8; pk_cols=1; fk_out=4; triggers=0; rls=enabled; policies=3,20260717180000_mvp2_m2_08_external_portal.sql,canonical+applied,
column,public,objections.id,type=uuid; nullable=NO; default=gen_random_uuid(); ordinal=1,20260717180000_mvp2_m2_08_external_portal.sql,canonical+applied,
column,public,objections.request_id,type=uuid; nullable=YES; default=None; ordinal=2,20260717180000_mvp2_m2_08_external_portal.sql,canonical+applied,
column,public,objections.factory_id,type=uuid; nullable=NO; default=None; ordinal=3,20260717180000_mvp2_m2_08_external_portal.sql,canonical+applied,
column,public,objections.grounds,type=text; nullable=NO; default=None; ordinal=4,20260717180000_mvp2_m2_08_external_portal.sql,canonical+applied,
column,public,objections.status,type=text; nullable=NO; default='filed'::text; ordinal=5,20260717180000_mvp2_m2_08_external_portal.sql,canonical+applied,
column,public,objections.filed_by_rep,type=uuid; nullable=YES; default=None; ordinal=6,20260717180000_mvp2_m2_08_external_portal.sql,canonical+applied,
column,public,objections.decided_by,type=uuid; nullable=YES; default=None; ordinal=7,20260717180000_mvp2_m2_08_external_portal.sql,canonical+applied,
column,public,objections.created_at,type=timestamp with time zone; nullable=NO; default=now(); ordinal=8,20260717180000_mvp2_m2_08_external_portal.sql,canonical+applied,
primary_key,public,objections_pkey,table=objections; columns=id,20260717180000_mvp2_m2_08_external_portal.sql,canonical+applied,
foreign_key,public,objections_filed_by_rep_fkey,objections.filed_by_rep -> factory_representatives.id,20260717180000_mvp2_m2_08_external_portal.sql,canonical+applied,
foreign_key,public,objections_factory_id_fkey,objections.factory_id -> factories.id,20260717180000_mvp2_m2_08_external_portal.sql,canonical+applied,
foreign_key,public,objections_request_id_fkey,objections.request_id -> external_requests.id,20260717180000_mvp2_m2_08_external_portal.sql,canonical+applied,
foreign_key,public,objections_decided_by_fkey,objections.decided_by -> profiles.user_id,20260717180000_mvp2_m2_08_external_portal.sql,canonical+applied,
check,public,2200_20677_1_not_null,table=objections; columns=None,20260717180000_mvp2_m2_08_external_portal.sql,canonical+applied,
check,public,2200_20677_3_not_null,table=objections; columns=None,20260717180000_mvp2_m2_08_external_portal.sql,canonical+applied,
check,public,2200_20677_4_not_null,table=objections; columns=None,20260717180000_mvp2_m2_08_external_portal.sql,canonical+applied,
check,public,2200_20677_5_not_null,table=objections; columns=None,20260717180000_mvp2_m2_08_external_portal.sql,canonical+applied,
check,public,2200_20677_8_not_null,table=objections; columns=None,20260717180000_mvp2_m2_08_external_portal.sql,canonical+applied,
check,public,objections_status_check,table=objections; columns=None,20260717180000_mvp2_m2_08_external_portal.sql,canonical+applied,
index,public,objections_pkey,CREATE UNIQUE INDEX objections_pkey ON public.objections USING btree (id),20260717180000_mvp2_m2_08_external_portal.sql,canonical+applied,
rls_enablement,public,objections__rls,rls_enabled=True; forced=False,20260717180000_mvp2_m2_08_external_portal.sql,canonical+applied,
rls_policy,public,objections.objections_internal_read,cmd=SELECT; roles={public}; permissive=PERMISSIVE,20260717180000_mvp2_m2_08_external_portal.sql,canonical+applied,
rls_policy,public,objections.objections_internal_update,cmd=UPDATE; roles={public}; permissive=PERMISSIVE,20260717180000_mvp2_m2_08_external_portal.sql,canonical+applied,
rls_policy,public,objections.objections_internal_write,cmd=INSERT; roles={public}; permissive=PERMISSIVE,20260717180000_mvp2_m2_08_external_portal.sql,canonical+applied,
table,public,ocr_extractions,columns=7; pk_cols=1; fk_out=2; triggers=0; rls=enabled; policies=2,20260718020000_mvp2_ocr_extractions.sql,canonical+applied,
column,public,ocr_extractions.id,type=uuid; nullable=NO; default=gen_random_uuid(); ordinal=1,20260718020000_mvp2_ocr_extractions.sql,canonical+applied,
column,public,ocr_extractions.evidence_id,type=uuid; nullable=NO; default=None; ordinal=2,20260718020000_mvp2_ocr_extractions.sql,canonical+applied,
column,public,ocr_extractions.status,type=text; nullable=NO; default='pending'::text; ordinal=3,20260718020000_mvp2_ocr_extractions.sql,canonical+applied,
column,public,ocr_extractions.extracted_text,type=text; nullable=YES; default=None; ordinal=4,20260718020000_mvp2_ocr_extractions.sql,canonical+applied,
column,public,ocr_extractions.provider,type=text; nullable=NO; default='gemini'::text; ordinal=5,20260718020000_mvp2_ocr_extractions.sql,canonical+applied,
column,public,ocr_extractions.requested_by,type=uuid; nullable=YES; default=None; ordinal=6,20260718020000_mvp2_ocr_extractions.sql,canonical+applied,
column,public,ocr_extractions.created_at,type=timestamp with time zone; nullable=NO; default=now(); ordinal=7,20260718020000_mvp2_ocr_extractions.sql,canonical+applied,
primary_key,public,ocr_extractions_pkey,table=ocr_extractions; columns=id,20260718020000_mvp2_ocr_extractions.sql,canonical+applied,
foreign_key,public,ocr_extractions_evidence_id_fkey,ocr_extractions.evidence_id -> evidence.id,20260718020000_mvp2_ocr_extractions.sql,canonical+applied,
foreign_key,public,ocr_extractions_requested_by_fkey,ocr_extractions.requested_by -> profiles.user_id,20260718020000_mvp2_ocr_extractions.sql,canonical+applied,
check,public,2200_21480_1_not_null,table=ocr_extractions; columns=None,20260718020000_mvp2_ocr_extractions.sql,canonical+applied,
check,public,2200_21480_2_not_null,table=ocr_extractions; columns=None,20260718020000_mvp2_ocr_extractions.sql,canonical+applied,
check,public,2200_21480_3_not_null,table=ocr_extractions; columns=None,20260718020000_mvp2_ocr_extractions.sql,canonical+applied,
check,public,2200_21480_5_not_null,table=ocr_extractions; columns=None,20260718020000_mvp2_ocr_extractions.sql,canonical+applied,
check,public,2200_21480_7_not_null,table=ocr_extractions; columns=None,20260718020000_mvp2_ocr_extractions.sql,canonical+applied,
check,public,ocr_extractions_status_check,table=ocr_extractions; columns=None,20260718020000_mvp2_ocr_extractions.sql,canonical+applied,
index,public,ocr_extractions_evidence_idx,"CREATE INDEX ocr_extractions_evidence_idx ON public.ocr_extractions USING btree (evidence_id, created_at DESC)",20260718020000_mvp2_ocr_extractions.sql,canonical+applied,
index,public,ocr_extractions_pkey,CREATE UNIQUE INDEX ocr_extractions_pkey ON public.ocr_extractions USING btree (id),20260718020000_mvp2_ocr_extractions.sql,canonical+applied,
rls_enablement,public,ocr_extractions__rls,rls_enabled=True; forced=False,20260718020000_mvp2_ocr_extractions.sql,canonical+applied,
rls_policy,public,ocr_extractions.ocr_extractions_read,cmd=SELECT; roles={public}; permissive=PERMISSIVE,20260718020000_mvp2_ocr_extractions.sql,canonical+applied,
rls_policy,public,ocr_extractions.ocr_extractions_write,cmd=INSERT; roles={public}; permissive=PERMISSIVE,20260718020000_mvp2_ocr_extractions.sql,canonical+applied,
table,public,package_version_dependency_snapshots,columns=5; pk_cols=3; fk_out=1; triggers=1; rls=enabled; policies=1,20260715220000_m09_authoritative_contract_completion.sql,canonical+applied,
column,public,package_version_dependency_snapshots.package_version_id,type=uuid; nullable=NO; default=None; ordinal=1,20260715220000_m09_authoritative_contract_completion.sql,canonical+applied,
column,public,package_version_dependency_snapshots.dependency_type,type=text; nullable=NO; default=None; ordinal=2,20260715220000_m09_authoritative_contract_completion.sql,canonical+applied,
column,public,package_version_dependency_snapshots.dependency_key,type=text; nullable=NO; default=None; ordinal=3,20260715220000_m09_authoritative_contract_completion.sql,canonical+applied,
column,public,package_version_dependency_snapshots.snapshot,type=jsonb; nullable=NO; default=None; ordinal=4,20260715220000_m09_authoritative_contract_completion.sql,canonical+applied,
column,public,package_version_dependency_snapshots.frozen_at,type=timestamp with time zone; nullable=NO; default=now(); ordinal=5,20260715220000_m09_authoritative_contract_completion.sql,canonical+applied,
primary_key,public,package_version_dependency_snapshots_pkey,"table=package_version_dependency_snapshots; columns=package_version_id,dependency_type,dependency_key",20260715220000_m09_authoritative_contract_completion.sql,canonical+applied,
foreign_key,public,package_version_dependency_snapshots_package_version_id_fkey,package_version_dependency_snapshots.package_version_id -> package_versions.id,20260715220000_m09_authoritative_contract_completion.sql,canonical+applied,
check,public,2200_19582_1_not_null,table=package_version_dependency_snapshots; columns=None,20260715220000_m09_authoritative_contract_completion.sql,canonical+applied,
check,public,2200_19582_2_not_null,table=package_version_dependency_snapshots; columns=None,20260715220000_m09_authoritative_contract_completion.sql,canonical+applied,
check,public,2200_19582_3_not_null,table=package_version_dependency_snapshots; columns=None,20260715220000_m09_authoritative_contract_completion.sql,canonical+applied,
check,public,2200_19582_4_not_null,table=package_version_dependency_snapshots; columns=None,20260715220000_m09_authoritative_contract_completion.sql,canonical+applied,
check,public,2200_19582_5_not_null,table=package_version_dependency_snapshots; columns=None,20260715220000_m09_authoritative_contract_completion.sql,canonical+applied,
check,public,package_version_dependency_snapshots_dependency_type_check,table=package_version_dependency_snapshots; columns=None,20260715220000_m09_authoritative_contract_completion.sql,canonical+applied,
index,public,package_version_dependency_snapshots_pkey,"CREATE UNIQUE INDEX package_version_dependency_snapshots_pkey ON public.package_version_dependency_snapshots USING btree (package_version_id, dependency_type, dependency_key)",20260715220000_m09_authoritative_contract_completion.sql,canonical+applied,
trigger,public,trg_guard_package_version_dependency_snapshot,"table=package_version_dependency_snapshots; timing=BEFORE; events=DELETE,UPDATE; action=EXECUTE FUNCTION guard_package_version_dependency_snapshot()",20260715220000_m09_authoritative_contract_completion.sql,canonical+applied,
rls_enablement,public,package_version_dependency_snapshots__rls,rls_enabled=True; forced=False,20260715220000_m09_authoritative_contract_completion.sql,canonical+applied,
rls_policy,public,package_version_dependency_snapshots.package_version_dependency_snapshots_read,cmd=SELECT; roles={public}; permissive=PERMISSIVE,20260715220000_m09_authoritative_contract_completion.sql,canonical+applied,
table,public,package_version_item_snapshots,columns=4; pk_cols=2; fk_out=1; triggers=1; rls=enabled; policies=1,20260715200000_cd006_011_backend_completion.sql,canonical+applied,
column,public,package_version_item_snapshots.package_version_id,type=uuid; nullable=NO; default=None; ordinal=1,20260715200000_cd006_011_backend_completion.sql,canonical+applied,
column,public,package_version_item_snapshots.item_code,type=text; nullable=NO; default=None; ordinal=2,20260715200000_cd006_011_backend_completion.sql,canonical+applied,
column,public,package_version_item_snapshots.snapshot,type=jsonb; nullable=NO; default=None; ordinal=3,20260715200000_cd006_011_backend_completion.sql,canonical+applied,
column,public,package_version_item_snapshots.frozen_at,type=timestamp with time zone; nullable=NO; default=now(); ordinal=4,20260715200000_cd006_011_backend_completion.sql,canonical+applied,
primary_key,public,package_version_item_snapshots_pkey,"table=package_version_item_snapshots; columns=package_version_id,item_code",20260715200000_cd006_011_backend_completion.sql,canonical+applied,
foreign_key,public,package_version_item_snapshots_package_version_id_fkey,package_version_item_snapshots.package_version_id -> package_versions.id,20260715200000_cd006_011_backend_completion.sql,canonical+applied,
check,public,2200_19397_1_not_null,table=package_version_item_snapshots; columns=None,20260715200000_cd006_011_backend_completion.sql,canonical+applied,
check,public,2200_19397_2_not_null,table=package_version_item_snapshots; columns=None,20260715200000_cd006_011_backend_completion.sql,canonical+applied,
check,public,2200_19397_3_not_null,table=package_version_item_snapshots; columns=None,20260715200000_cd006_011_backend_completion.sql,canonical+applied,
check,public,2200_19397_4_not_null,table=package_version_item_snapshots; columns=None,20260715200000_cd006_011_backend_completion.sql,canonical+applied,
index,public,package_version_item_snapshots_pkey,"CREATE UNIQUE INDEX package_version_item_snapshots_pkey ON public.package_version_item_snapshots USING btree (package_version_id, item_code)",20260715200000_cd006_011_backend_completion.sql,canonical+applied,
trigger,public,trg_guard_package_version_item_snapshot,"table=package_version_item_snapshots; timing=BEFORE; events=DELETE,UPDATE; action=EXECUTE FUNCTION guard_package_version_item_snapshot()",20260715200000_cd006_011_backend_completion.sql,canonical+applied,
rls_enablement,public,package_version_item_snapshots__rls,rls_enabled=True; forced=False,20260715200000_cd006_011_backend_completion.sql,canonical+applied,
rls_policy,public,package_version_item_snapshots.package_version_item_snapshots_read,cmd=SELECT; roles={public}; permissive=PERMISSIVE,20260715200000_cd006_011_backend_completion.sql,canonical+applied,
table,public,package_versions,columns=12; pk_cols=1; fk_out=4; triggers=7; rls=enabled; policies=2,0001_foundation.sql,canonical+applied,
column,public,package_versions.id,type=uuid; nullable=NO; default=gen_random_uuid(); ordinal=1,0001_foundation.sql,canonical+applied,
column,public,package_versions.package_id,type=uuid; nullable=NO; default=None; ordinal=2,0001_foundation.sql,canonical+applied,
column,public,package_versions.version_label,type=text; nullable=NO; default=None; ordinal=3,0001_foundation.sql,canonical+applied,
column,public,package_versions.status,type=USER-DEFINED; nullable=NO; default='draft'::config_status; ordinal=4,0001_foundation.sql,canonical+applied,
column,public,package_versions.definition,type=jsonb; nullable=NO; default=None; ordinal=5,0001_foundation.sql,canonical+applied,
column,public,package_versions.published_at,type=timestamp with time zone; nullable=YES; default=None; ordinal=6,0001_foundation.sql,canonical+applied,
column,public,package_versions.created_by,type=uuid; nullable=YES; default=None; ordinal=7,0001_foundation.sql,canonical+applied,
column,public,package_versions.approved_by,type=uuid; nullable=YES; default=None; ordinal=8,0001_foundation.sql,canonical+applied,
column,public,package_versions.effective_from,type=date; nullable=YES; default=None; ordinal=9,0001_foundation.sql,canonical+applied,
column,public,package_versions.effective_to,type=date; nullable=YES; default=None; ordinal=10,0001_foundation.sql,canonical+applied,
column,public,package_versions.supersedes_id,type=uuid; nullable=YES; default=None; ordinal=11,0001_foundation.sql,canonical+applied,
column,public,package_versions.deactivation_reason,type=text; nullable=YES; default=None; ordinal=12,0001_foundation.sql,canonical+applied,
primary_key,public,package_versions_pkey,table=package_versions; columns=id,0001_foundation.sql,canonical+applied,
foreign_key,public,package_versions_created_by_fkey,package_versions.created_by -> profiles.user_id,0001_foundation.sql,canonical+applied,
foreign_key,public,package_versions_supersedes_id_fkey,package_versions.supersedes_id -> package_versions.id,0001_foundation.sql,canonical+applied,
foreign_key,public,package_versions_approved_by_fkey,package_versions.approved_by -> profiles.user_id,0001_foundation.sql,canonical+applied,
foreign_key,public,package_versions_package_id_fkey,package_versions.package_id -> packages.id,0001_foundation.sql,canonical+applied,
check,public,2200_17845_1_not_null,table=package_versions; columns=None,0001_foundation.sql,canonical+applied,
check,public,2200_17845_2_not_null,table=package_versions; columns=None,0001_foundation.sql,canonical+applied,
check,public,2200_17845_3_not_null,table=package_versions; columns=None,0001_foundation.sql,canonical+applied,
check,public,2200_17845_4_not_null,table=package_versions; columns=None,0001_foundation.sql,canonical+applied,
check,public,2200_17845_5_not_null,table=package_versions; columns=None,0001_foundation.sql,canonical+applied,
check,public,package_version_effective_window,table=package_versions; columns=None,0001_foundation.sql,canonical+applied,
unique,public,package_versions_package_id_version_label_key,"table=package_versions; columns=package_id,version_label",0001_foundation.sql,canonical+applied,
check,public,pkg_maker_checker,table=package_versions; columns=None,0001_foundation.sql,canonical+applied,
index,public,package_version_one_open_governed,"CREATE UNIQUE INDEX package_version_one_open_governed ON public.package_versions USING btree (package_id) WHERE ((status = ANY (ARRAY['published'::config_status, 'locked'::config_status])) AND (effect",0001_foundation.sql,canonical+applied,
index,public,package_versions_package_id_version_label_key,"CREATE UNIQUE INDEX package_versions_package_id_version_label_key ON public.package_versions USING btree (package_id, version_label)",0001_foundation.sql,canonical+applied,
index,public,package_versions_pkey,CREATE UNIQUE INDEX package_versions_pkey ON public.package_versions USING btree (id),0001_foundation.sql,canonical+applied,
trigger,public,trg_audit_package_versions,"table=package_versions; timing=AFTER; events=DELETE,INSERT,UPDATE; action=EXECUTE FUNCTION audit_row_change()",0001_foundation.sql,canonical+applied,
trigger,public,trg_guard_package_deactivation_reason,table=package_versions; timing=BEFORE; events=UPDATE; action=EXECUTE FUNCTION guard_package_deactivation_reason(),0001_foundation.sql,canonical+applied,
trigger,public,trg_guard_package_regulation_dependencies,"table=package_versions; timing=BEFORE; events=INSERT,UPDATE; action=EXECUTE FUNCTION guard_package_regulation_dependencies()",0001_foundation.sql,canonical+applied,
trigger,public,trg_guard_pkg,table=package_versions; timing=BEFORE; events=UPDATE; action=EXECUTE FUNCTION guard_published_package(),0001_foundation.sql,canonical+applied,
trigger,public,trg_mvp2_m2_05_semantic_package_versions,"table=package_versions; timing=AFTER; events=INSERT,UPDATE; action=EXECUTE FUNCTION emit_mvp2_m2_05_semantic_event()",0001_foundation.sql,canonical+applied,
trigger,public,trg_pkg_approver,"table=package_versions; timing=BEFORE; events=INSERT,UPDATE; action=EXECUTE FUNCTION guard_publish_requires_approver()",0001_foundation.sql,canonical+applied,
trigger,public,trg_validate_m09_package_definition,table=package_versions; timing=BEFORE; events=UPDATE; action=EXECUTE FUNCTION validate_m09_package_definition(),0001_foundation.sql,canonical+applied,
rls_enablement,public,package_versions__rls,rls_enabled=True; forced=False,0001_foundation.sql,canonical+applied,
rls_policy,public,package_versions.package_versions_admin,cmd=ALL; roles={public}; permissive=PERMISSIVE,0001_foundation.sql,canonical+applied,
rls_policy,public,package_versions.package_versions_read,cmd=SELECT; roles={public}; permissive=PERMISSIVE,0001_foundation.sql,canonical+applied,
table,public,packages,columns=5; pk_cols=1; fk_out=0; triggers=0; rls=enabled; policies=2,0001_foundation.sql,canonical+applied,
column,public,packages.id,type=uuid; nullable=NO; default=gen_random_uuid(); ordinal=1,0001_foundation.sql,canonical+applied,
column,public,packages.code,type=text; nullable=NO; default=None; ordinal=2,0001_foundation.sql,canonical+applied,
column,public,packages.title,type=text; nullable=NO; default=None; ordinal=3,0001_foundation.sql,canonical+applied,
column,public,packages.scope,type=text; nullable=YES; default=None; ordinal=4,0001_foundation.sql,canonical+applied,
column,public,packages.created_at,type=timestamp with time zone; nullable=NO; default=now(); ordinal=5,0001_foundation.sql,canonical+applied,
primary_key,public,packages_pkey,table=packages; columns=id,0001_foundation.sql,canonical+applied,
check,public,2200_17834_1_not_null,table=packages; columns=None,0001_foundation.sql,canonical+applied,
check,public,2200_17834_2_not_null,table=packages; columns=None,0001_foundation.sql,canonical+applied,
check,public,2200_17834_3_not_null,table=packages; columns=None,0001_foundation.sql,canonical+applied,
check,public,2200_17834_5_not_null,table=packages; columns=None,0001_foundation.sql,canonical+applied,
unique,public,packages_code_key,table=packages; columns=code,0001_foundation.sql,canonical+applied,
index,public,packages_code_key,CREATE UNIQUE INDEX packages_code_key ON public.packages USING btree (code),0001_foundation.sql,canonical+applied,
index,public,packages_pkey,CREATE UNIQUE INDEX packages_pkey ON public.packages USING btree (id),0001_foundation.sql,canonical+applied,
rls_enablement,public,packages__rls,rls_enabled=True; forced=False,0001_foundation.sql,canonical+applied,
rls_policy,public,packages.packages_admin,cmd=ALL; roles={public}; permissive=PERMISSIVE,0001_foundation.sql,canonical+applied,
rls_policy,public,packages.packages_read,cmd=SELECT; roles={public}; permissive=PERMISSIVE,0001_foundation.sql,canonical+applied,
table,public,penalty_mappings,columns=27; pk_cols=1; fk_out=5; triggers=3; rls=enabled; policies=2,0001_foundation.sql,canonical+applied,
column,public,penalty_mappings.id,type=uuid; nullable=NO; default=gen_random_uuid(); ordinal=1,0001_foundation.sql,canonical+applied,
column,public,penalty_mappings.violation_code_id,type=uuid; nullable=NO; default=None; ordinal=2,0001_foundation.sql,canonical+applied,
column,public,penalty_mappings.penalty_ref,type=text; nullable=NO; default=None; ordinal=3,0001_foundation.sql,canonical+applied,
column,public,penalty_mappings.penalty_range,type=jsonb; nullable=YES; default=None; ordinal=4,0001_foundation.sql,canonical+applied,
column,public,penalty_mappings.repeat_rule,type=jsonb; nullable=YES; default=None; ordinal=5,0001_foundation.sql,canonical+applied,
column,public,penalty_mappings.legal_basis,type=text; nullable=YES; default=None; ordinal=6,0001_foundation.sql,canonical+applied,
column,public,penalty_mappings.mapping_version,type=text; nullable=NO; default=None; ordinal=7,0001_foundation.sql,canonical+applied,
column,public,penalty_mappings.status,type=USER-DEFINED; nullable=NO; default='draft'::config_status; ordinal=8,0001_foundation.sql,canonical+applied,
column,public,penalty_mappings.effective_from,type=date; nullable=YES; default=None; ordinal=9,0001_foundation.sql,canonical+applied,
column,public,penalty_mappings.effective_to,type=date; nullable=YES; default=None; ordinal=10,0001_foundation.sql,canonical+applied,
column,public,penalty_mappings.created_by,type=uuid; nullable=YES; default=None; ordinal=11,0001_foundation.sql,canonical+applied,
column,public,penalty_mappings.approved_by,type=uuid; nullable=YES; default=None; ordinal=12,0001_foundation.sql,canonical+applied,
column,public,penalty_mappings.published_at,type=timestamp with time zone; nullable=YES; default=None; ordinal=13,0001_foundation.sql,canonical+applied,
column,public,penalty_mappings.supersedes_id,type=uuid; nullable=YES; default=None; ordinal=14,0001_foundation.sql,canonical+applied,
column,public,penalty_mappings.penalty_type,type=text; nullable=YES; default=None; ordinal=15,0001_foundation.sql,canonical+applied,
column,public,penalty_mappings.amount,type=numeric; nullable=YES; default=None; ordinal=16,0001_foundation.sql,canonical+applied,
column,public,penalty_mappings.grace_period_days,type=integer; nullable=YES; default=None; ordinal=17,0001_foundation.sql,canonical+applied,
column,public,penalty_mappings.due_period_days,type=integer; nullable=YES; default=None; ordinal=18,0001_foundation.sql,canonical+applied,
column,public,penalty_mappings.template_version_id,type=uuid; nullable=YES; default=None; ordinal=19,0001_foundation.sql,canonical+applied,
column,public,penalty_mappings.deactivation_reason,type=text; nullable=YES; default=None; ordinal=20,0001_foundation.sql,canonical+applied,
column,public,penalty_mappings.administrative_rules,type=text; nullable=YES; default=None; ordinal=21,0001_foundation.sql,canonical+applied,
column,public,penalty_mappings.technical_rules,type=text; nullable=YES; default=None; ordinal=22,0001_foundation.sql,canonical+applied,
column,public,penalty_mappings.penalty_types,type=ARRAY; nullable=NO; default='{}'::text[]; ordinal=23,0001_foundation.sql,canonical+applied,
column,public,penalty_mappings.financial_fine_enabled,type=boolean; nullable=NO; default=false; ordinal=24,0001_foundation.sql,canonical+applied,
column,public,penalty_mappings.fine_periodicity,type=text; nullable=YES; default=None; ordinal=25,0001_foundation.sql,canonical+applied,
column,public,penalty_mappings.fine_amount,type=numeric; nullable=YES; default=None; ordinal=26,0001_foundation.sql,canonical+applied,
column,public,penalty_mappings.maximum_fine_limit,type=numeric; nullable=YES; default=None; ordinal=27,0001_foundation.sql,canonical+applied,
primary_key,public,penalty_mappings_pkey,table=penalty_mappings; columns=id,0001_foundation.sql,canonical+applied,
foreign_key,public,penalty_mappings_template_version_id_fkey,penalty_mappings.template_version_id -> configuration_templates.id,0001_foundation.sql,canonical+applied,
foreign_key,public,penalty_mappings_created_by_fkey,penalty_mappings.created_by -> profiles.user_id,0001_foundation.sql,canonical+applied,
foreign_key,public,penalty_mappings_approved_by_fkey,penalty_mappings.approved_by -> profiles.user_id,0001_foundation.sql,canonical+applied,
foreign_key,public,penalty_mappings_supersedes_id_fkey,penalty_mappings.supersedes_id -> penalty_mappings.id,0001_foundation.sql,canonical+applied,
foreign_key,public,penalty_mappings_violation_code_id_fkey,penalty_mappings.violation_code_id -> violation_codes.id,0001_foundation.sql,canonical+applied,
check,public,2200_17876_1_not_null,table=penalty_mappings; columns=None,0001_foundation.sql,canonical+applied,
check,public,2200_17876_23_not_null,table=penalty_mappings; columns=None,0001_foundation.sql,canonical+applied,
check,public,2200_17876_24_not_null,table=penalty_mappings; columns=None,0001_foundation.sql,canonical+applied,
check,public,2200_17876_2_not_null,table=penalty_mappings; columns=None,0001_foundation.sql,canonical+applied,
check,public,2200_17876_3_not_null,table=penalty_mappings; columns=None,0001_foundation.sql,canonical+applied,
check,public,2200_17876_7_not_null,table=penalty_mappings; columns=None,0001_foundation.sql,canonical+applied,
check,public,2200_17876_8_not_null,table=penalty_mappings; columns=None,0001_foundation.sql,canonical+applied,
check,public,penalty_fine_configuration,table=penalty_mappings; columns=None,0001_foundation.sql,canonical+applied,
check,public,penalty_mapping_effective_window,table=penalty_mappings; columns=None,0001_foundation.sql,canonical+applied,
check,public,penalty_mapping_maker_checker,table=penalty_mappings; columns=None,0001_foundation.sql,canonical+applied,
check,public,penalty_mappings_amount_nonnegative,table=penalty_mappings; columns=None,0001_foundation.sql,canonical+applied,
check,public,penalty_mappings_periods_nonnegative,table=penalty_mappings; columns=None,0001_foundation.sql,canonical+applied,
index,public,penalty_mapping_one_active,"CREATE UNIQUE INDEX penalty_mapping_one_active ON public.penalty_mappings USING btree (violation_code_id) WHERE (status = ANY (ARRAY['published'::config_status, 'locked'::config_status]))",0001_foundation.sql,canonical+applied,
index,public,penalty_mapping_one_draft,CREATE UNIQUE INDEX penalty_mapping_one_draft ON public.penalty_mappings USING btree (violation_code_id) WHERE (status = 'draft'::config_status),0001_foundation.sql,canonical+applied,
index,public,penalty_mapping_version_unique,"CREATE UNIQUE INDEX penalty_mapping_version_unique ON public.penalty_mappings USING btree (violation_code_id, mapping_version)",0001_foundation.sql,canonical+applied,
index,public,penalty_mappings_pkey,CREATE UNIQUE INDEX penalty_mappings_pkey ON public.penalty_mappings USING btree (id),0001_foundation.sql,canonical+applied,
trigger,public,trg_audit_penalty_mappings,"table=penalty_mappings; timing=AFTER; events=DELETE,INSERT,UPDATE; action=EXECUTE FUNCTION audit_row_change()",0001_foundation.sql,canonical+applied,
trigger,public,trg_guard_governed_penalty_mapping,"table=penalty_mappings; timing=BEFORE; events=DELETE,UPDATE; action=EXECUTE FUNCTION guard_governed_penalty_mapping()",0001_foundation.sql,canonical+applied,
trigger,public,trg_guard_penalty_compliance_fields,table=penalty_mappings; timing=BEFORE; events=UPDATE; action=EXECUTE FUNCTION guard_penalty_compliance_fields(),0001_foundation.sql,canonical+applied,
rls_enablement,public,penalty_mappings__rls,rls_enabled=True; forced=False,0001_foundation.sql,canonical+applied,
rls_policy,public,penalty_mappings.penalty_mappings_admin,cmd=ALL; roles={public}; permissive=PERMISSIVE,0001_foundation.sql,canonical+applied,
rls_policy,public,penalty_mappings.penalty_mappings_read,cmd=SELECT; roles={public}; permissive=PERMISSIVE,0001_foundation.sql,canonical+applied,
table,public,penalty_notices,columns=10; pk_cols=1; fk_out=4; triggers=1; rls=enabled; policies=2,20260716210000_remaining_requirements_backend.sql,canonical+applied,
column,public,penalty_notices.id,type=uuid; nullable=NO; default=gen_random_uuid(); ordinal=1,20260716210000_remaining_requirements_backend.sql,canonical+applied,
column,public,penalty_notices.factory_id,type=uuid; nullable=NO; default=None; ordinal=2,20260716210000_remaining_requirements_backend.sql,canonical+applied,
column,public,penalty_notices.inspection_id,type=uuid; nullable=YES; default=None; ordinal=3,20260716210000_remaining_requirements_backend.sql,canonical+applied,
column,public,penalty_notices.violation_id,type=uuid; nullable=YES; default=None; ordinal=4,20260716210000_remaining_requirements_backend.sql,canonical+applied,
column,public,penalty_notices.notice_number,type=text; nullable=NO; default=None; ordinal=5,20260716210000_remaining_requirements_backend.sql,canonical+applied,
column,public,penalty_notices.status,type=text; nullable=NO; default=None; ordinal=6,20260716210000_remaining_requirements_backend.sql,canonical+applied,
column,public,penalty_notices.issued_at,type=timestamp with time zone; nullable=NO; default=None; ordinal=7,20260716210000_remaining_requirements_backend.sql,canonical+applied,
column,public,penalty_notices.issued_by,type=uuid; nullable=YES; default=None; ordinal=8,20260716210000_remaining_requirements_backend.sql,canonical+applied,
column,public,penalty_notices.document_path,type=text; nullable=YES; default=None; ordinal=9,20260716210000_remaining_requirements_backend.sql,canonical+applied,
column,public,penalty_notices.created_at,type=timestamp with time zone; nullable=NO; default=now(); ordinal=10,20260716210000_remaining_requirements_backend.sql,canonical+applied,
primary_key,public,penalty_notices_pkey,table=penalty_notices; columns=id,20260716210000_remaining_requirements_backend.sql,canonical+applied,
foreign_key,public,penalty_notices_violation_id_fkey,penalty_notices.violation_id -> violations.id,20260716210000_remaining_requirements_backend.sql,canonical+applied,
foreign_key,public,penalty_notices_factory_id_fkey,penalty_notices.factory_id -> factories.id,20260716210000_remaining_requirements_backend.sql,canonical+applied,
foreign_key,public,penalty_notices_inspection_id_fkey,penalty_notices.inspection_id -> inspections.id,20260716210000_remaining_requirements_backend.sql,canonical+applied,
foreign_key,public,penalty_notices_issued_by_fkey,penalty_notices.issued_by -> profiles.user_id,20260716210000_remaining_requirements_backend.sql,canonical+applied,
check,public,2200_19728_10_not_null,table=penalty_notices; columns=None,20260716210000_remaining_requirements_backend.sql,canonical+applied,
check,public,2200_19728_1_not_null,table=penalty_notices; columns=None,20260716210000_remaining_requirements_backend.sql,canonical+applied,
check,public,2200_19728_2_not_null,table=penalty_notices; columns=None,20260716210000_remaining_requirements_backend.sql,canonical+applied,
check,public,2200_19728_5_not_null,table=penalty_notices; columns=None,20260716210000_remaining_requirements_backend.sql,canonical+applied,
check,public,2200_19728_6_not_null,table=penalty_notices; columns=None,20260716210000_remaining_requirements_backend.sql,canonical+applied,
check,public,2200_19728_7_not_null,table=penalty_notices; columns=None,20260716210000_remaining_requirements_backend.sql,canonical+applied,
unique,public,penalty_notices_notice_number_key,table=penalty_notices; columns=notice_number,20260716210000_remaining_requirements_backend.sql,canonical+applied,
check,public,penalty_notices_status_check,table=penalty_notices; columns=None,20260716210000_remaining_requirements_backend.sql,canonical+applied,
index,public,penalty_notices_factory_issued_idx,"CREATE INDEX penalty_notices_factory_issued_idx ON public.penalty_notices USING btree (factory_id, issued_at DESC)",20260716210000_remaining_requirements_backend.sql,canonical+applied,
index,public,penalty_notices_inspection_idx,CREATE INDEX penalty_notices_inspection_idx ON public.penalty_notices USING btree (inspection_id) WHERE (inspection_id IS NOT NULL),20260716210000_remaining_requirements_backend.sql,canonical+applied,
index,public,penalty_notices_notice_number_key,CREATE UNIQUE INDEX penalty_notices_notice_number_key ON public.penalty_notices USING btree (notice_number),20260716210000_remaining_requirements_backend.sql,canonical+applied,
index,public,penalty_notices_pkey,CREATE UNIQUE INDEX penalty_notices_pkey ON public.penalty_notices USING btree (id),20260716210000_remaining_requirements_backend.sql,canonical+applied,
trigger,public,trg_audit_penalty_notices,table=penalty_notices; timing=AFTER; events=INSERT; action=EXECUTE FUNCTION audit_row_change(),20260716210000_remaining_requirements_backend.sql,canonical+applied,
rls_enablement,public,penalty_notices__rls,rls_enabled=True; forced=False,20260716210000_remaining_requirements_backend.sql,canonical+applied,
rls_policy,public,penalty_notices.penalty_notices_insert,cmd=INSERT; roles={authenticated}; permissive=PERMISSIVE,20260716210000_remaining_requirements_backend.sql,canonical+applied,
rls_policy,public,penalty_notices.penalty_notices_read,cmd=SELECT; roles={authenticated}; permissive=PERMISSIVE,20260716210000_remaining_requirements_backend.sql,canonical+applied,
table,public,permissions,columns=4; pk_cols=1; fk_out=0; triggers=1; rls=enabled; policies=1,20260720010000_factory360_v2_foundation.sql,canonical+applied,
column,public,permissions.permission_key,type=text; nullable=NO; default=None; ordinal=1,20260720010000_factory360_v2_foundation.sql,canonical+applied,
column,public,permissions.title,type=text; nullable=NO; default=None; ordinal=2,20260720010000_factory360_v2_foundation.sql,canonical+applied,
column,public,permissions.description,type=text; nullable=NO; default=None; ordinal=3,20260720010000_factory360_v2_foundation.sql,canonical+applied,
column,public,permissions.created_at,type=timestamp with time zone; nullable=NO; default=now(); ordinal=4,20260720010000_factory360_v2_foundation.sql,canonical+applied,
primary_key,public,permissions_pkey,table=permissions; columns=permission_key,20260720010000_factory360_v2_foundation.sql,canonical+applied,
check,public,2200_22263_1_not_null,table=permissions; columns=None,20260720010000_factory360_v2_foundation.sql,canonical+applied,
check,public,2200_22263_2_not_null,table=permissions; columns=None,20260720010000_factory360_v2_foundation.sql,canonical+applied,
check,public,2200_22263_3_not_null,table=permissions; columns=None,20260720010000_factory360_v2_foundation.sql,canonical+applied,
check,public,2200_22263_4_not_null,table=permissions; columns=None,20260720010000_factory360_v2_foundation.sql,canonical+applied,
index,public,permissions_pkey,CREATE UNIQUE INDEX permissions_pkey ON public.permissions USING btree (permission_key),20260720010000_factory360_v2_foundation.sql,canonical+applied,
trigger,public,trg_audit_permissions,"table=permissions; timing=AFTER; events=DELETE,INSERT,UPDATE; action=EXECUTE FUNCTION audit_row_change()",20260720010000_factory360_v2_foundation.sql,canonical+applied,
rls_enablement,public,permissions__rls,rls_enabled=True; forced=False,20260720010000_factory360_v2_foundation.sql,canonical+applied,
rls_policy,public,permissions.f360_permissions_read,cmd=SELECT; roles={authenticated}; permissive=PERMISSIVE,20260720010000_factory360_v2_foundation.sql,canonical+applied,
table,public,planning_expiry_rules,columns=12; pk_cols=1; fk_out=0; triggers=1; rls=enabled; policies=3,20260721030100_planning_canonical_structures.sql,canonical+applied,
column,public,planning_expiry_rules.id,type=uuid; nullable=NO; default=gen_random_uuid(); ordinal=1,20260721030100_planning_canonical_structures.sql,canonical+applied,
column,public,planning_expiry_rules.rule_type,type=text; nullable=NO; default=None; ordinal=2,20260721030100_planning_canonical_structures.sql,canonical+applied,
column,public,planning_expiry_rules.enabled,type=boolean; nullable=NO; default=true; ordinal=3,20260721030100_planning_canonical_structures.sql,canonical+applied,
column,public,planning_expiry_rules.scope,type=jsonb; nullable=NO; default='{}'::jsonb; ordinal=4,20260721030100_planning_canonical_structures.sql,canonical+applied,
column,public,planning_expiry_rules.offset_minutes,type=integer; nullable=NO; default=0; ordinal=5,20260721030100_planning_canonical_structures.sql,canonical+applied,
column,public,planning_expiry_rules.reason,type=text; nullable=YES; default=None; ordinal=6,20260721030100_planning_canonical_structures.sql,canonical+applied,
column,public,planning_expiry_rules.notify_plan_creator,type=boolean; nullable=NO; default=true; ordinal=7,20260721030100_planning_canonical_structures.sql,canonical+applied,
column,public,planning_expiry_rules.notify_inspector,type=boolean; nullable=NO; default=true; ordinal=8,20260721030100_planning_canonical_structures.sql,canonical+applied,
column,public,planning_expiry_rules.version,type=integer; nullable=NO; default=1; ordinal=9,20260721030100_planning_canonical_structures.sql,canonical+applied,
column,public,planning_expiry_rules.effective_from,type=timestamp with time zone; nullable=NO; default=now(); ordinal=10,20260721030100_planning_canonical_structures.sql,canonical+applied,
column,public,planning_expiry_rules.effective_to,type=timestamp with time zone; nullable=YES; default=None; ordinal=11,20260721030100_planning_canonical_structures.sql,canonical+applied,
column,public,planning_expiry_rules.created_at,type=timestamp with time zone; nullable=NO; default=now(); ordinal=12,20260721030100_planning_canonical_structures.sql,canonical+applied,
primary_key,public,planning_expiry_rules_pkey,table=planning_expiry_rules; columns=id,20260721030100_planning_canonical_structures.sql,canonical+applied,
check,public,2200_23051_10_not_null,table=planning_expiry_rules; columns=None,20260721030100_planning_canonical_structures.sql,canonical+applied,
check,public,2200_23051_12_not_null,table=planning_expiry_rules; columns=None,20260721030100_planning_canonical_structures.sql,canonical+applied,
check,public,2200_23051_1_not_null,table=planning_expiry_rules; columns=None,20260721030100_planning_canonical_structures.sql,canonical+applied,
check,public,2200_23051_2_not_null,table=planning_expiry_rules; columns=None,20260721030100_planning_canonical_structures.sql,canonical+applied,
check,public,2200_23051_3_not_null,table=planning_expiry_rules; columns=None,20260721030100_planning_canonical_structures.sql,canonical+applied,
check,public,2200_23051_4_not_null,table=planning_expiry_rules; columns=None,20260721030100_planning_canonical_structures.sql,canonical+applied,
check,public,2200_23051_5_not_null,table=planning_expiry_rules; columns=None,20260721030100_planning_canonical_structures.sql,canonical+applied,
check,public,2200_23051_7_not_null,table=planning_expiry_rules; columns=None,20260721030100_planning_canonical_structures.sql,canonical+applied,
check,public,2200_23051_8_not_null,table=planning_expiry_rules; columns=None,20260721030100_planning_canonical_structures.sql,canonical+applied,
check,public,2200_23051_9_not_null,table=planning_expiry_rules; columns=None,20260721030100_planning_canonical_structures.sql,canonical+applied,
check,public,planning_expiry_rules_rule_type_check,table=planning_expiry_rules; columns=None,20260721030100_planning_canonical_structures.sql,canonical+applied,
unique,public,planning_expiry_rules_rule_type_version_key,"table=planning_expiry_rules; columns=rule_type,version",20260721030100_planning_canonical_structures.sql,canonical+applied,
index,public,planning_expiry_rules_pkey,CREATE UNIQUE INDEX planning_expiry_rules_pkey ON public.planning_expiry_rules USING btree (id),20260721030100_planning_canonical_structures.sql,canonical+applied,
index,public,planning_expiry_rules_rule_type_version_key,"CREATE UNIQUE INDEX planning_expiry_rules_rule_type_version_key ON public.planning_expiry_rules USING btree (rule_type, version)",20260721030100_planning_canonical_structures.sql,canonical+applied,
trigger,public,trg_audit_planning_expiry_rules,"table=planning_expiry_rules; timing=AFTER; events=DELETE,INSERT,UPDATE; action=EXECUTE FUNCTION audit_row_change()",20260721030100_planning_canonical_structures.sql,canonical+applied,
rls_enablement,public,planning_expiry_rules__rls,rls_enabled=True; forced=False,20260721030100_planning_canonical_structures.sql,canonical+applied,
rls_policy,public,planning_expiry_rules.planning_expiry_rules_read,cmd=SELECT; roles={public}; permissive=PERMISSIVE,20260721030100_planning_canonical_structures.sql,canonical+applied,
rls_policy,public,planning_expiry_rules.planning_expiry_rules_update,cmd=UPDATE; roles={public}; permissive=PERMISSIVE,20260721030100_planning_canonical_structures.sql,canonical+applied,
rls_policy,public,planning_expiry_rules.planning_expiry_rules_write,cmd=INSERT; roles={public}; permissive=PERMISSIVE,20260721030100_planning_canonical_structures.sql,canonical+applied,
table,public,planning_lookups,columns=10; pk_cols=1; fk_out=0; triggers=2; rls=enabled; policies=3,20260721030100_planning_canonical_structures.sql,canonical+applied,
column,public,planning_lookups.id,type=uuid; nullable=NO; default=gen_random_uuid(); ordinal=1,20260721030100_planning_canonical_structures.sql,canonical+applied,
column,public,planning_lookups.kind,type=text; nullable=NO; default=None; ordinal=2,20260721030100_planning_canonical_structures.sql,canonical+applied,
column,public,planning_lookups.key,type=text; nullable=NO; default=None; ordinal=3,20260721030100_planning_canonical_structures.sql,canonical+applied,
column,public,planning_lookups.label_en,type=text; nullable=NO; default=None; ordinal=4,20260721030100_planning_canonical_structures.sql,canonical+applied,
column,public,planning_lookups.label_ar,type=text; nullable=YES; default=None; ordinal=5,20260721030100_planning_canonical_structures.sql,canonical+applied,
column,public,planning_lookups.is_active,type=boolean; nullable=NO; default=true; ordinal=6,20260721030100_planning_canonical_structures.sql,canonical+applied,
column,public,planning_lookups.sort_order,type=integer; nullable=NO; default=0; ordinal=7,20260721030100_planning_canonical_structures.sql,canonical+applied,
column,public,planning_lookups.metadata,type=jsonb; nullable=NO; default='{}'::jsonb; ordinal=8,20260721030100_planning_canonical_structures.sql,canonical+applied,
column,public,planning_lookups.created_at,type=timestamp with time zone; nullable=NO; default=now(); ordinal=9,20260721030100_planning_canonical_structures.sql,canonical+applied,
column,public,planning_lookups.updated_at,type=timestamp with time zone; nullable=NO; default=now(); ordinal=10,20260721030100_planning_canonical_structures.sql,canonical+applied,
primary_key,public,planning_lookups_pkey,table=planning_lookups; columns=id,20260721030100_planning_canonical_structures.sql,canonical+applied,
check,public,2200_23036_10_not_null,table=planning_lookups; columns=None,20260721030100_planning_canonical_structures.sql,canonical+applied,
check,public,2200_23036_1_not_null,table=planning_lookups; columns=None,20260721030100_planning_canonical_structures.sql,canonical+applied,
check,public,2200_23036_2_not_null,table=planning_lookups; columns=None,20260721030100_planning_canonical_structures.sql,canonical+applied,
check,public,2200_23036_3_not_null,table=planning_lookups; columns=None,20260721030100_planning_canonical_structures.sql,canonical+applied,
check,public,2200_23036_4_not_null,table=planning_lookups; columns=None,20260721030100_planning_canonical_structures.sql,canonical+applied,
check,public,2200_23036_6_not_null,table=planning_lookups; columns=None,20260721030100_planning_canonical_structures.sql,canonical+applied,
check,public,2200_23036_7_not_null,table=planning_lookups; columns=None,20260721030100_planning_canonical_structures.sql,canonical+applied,
check,public,2200_23036_8_not_null,table=planning_lookups; columns=None,20260721030100_planning_canonical_structures.sql,canonical+applied,
check,public,2200_23036_9_not_null,table=planning_lookups; columns=None,20260721030100_planning_canonical_structures.sql,canonical+applied,
unique,public,planning_lookups_kind_key_key,"table=planning_lookups; columns=kind,key",20260721030100_planning_canonical_structures.sql,canonical+applied,
index,public,planning_lookups_active_kind_idx,CREATE INDEX planning_lookups_active_kind_idx ON public.planning_lookups USING btree (kind) WHERE is_active,20260721030100_planning_canonical_structures.sql,canonical+applied,
index,public,planning_lookups_kind_key_key,"CREATE UNIQUE INDEX planning_lookups_kind_key_key ON public.planning_lookups USING btree (kind, key)",20260721030100_planning_canonical_structures.sql,canonical+applied,
index,public,planning_lookups_pkey,CREATE UNIQUE INDEX planning_lookups_pkey ON public.planning_lookups USING btree (id),20260721030100_planning_canonical_structures.sql,canonical+applied,
trigger,public,trg_audit_planning_lookups,"table=planning_lookups; timing=AFTER; events=DELETE,INSERT,UPDATE; action=EXECUTE FUNCTION audit_row_change()",20260721030100_planning_canonical_structures.sql,canonical+applied,
trigger,public,trg_planning_lookups_touch,table=planning_lookups; timing=BEFORE; events=UPDATE; action=EXECUTE FUNCTION planning_set_updated_at(),20260721030100_planning_canonical_structures.sql,canonical+applied,
rls_enablement,public,planning_lookups__rls,rls_enabled=True; forced=False,20260721030100_planning_canonical_structures.sql,canonical+applied,
rls_policy,public,planning_lookups.planning_lookups_read,cmd=SELECT; roles={public}; permissive=PERMISSIVE,20260721030100_planning_canonical_structures.sql,canonical+applied,
rls_policy,public,planning_lookups.planning_lookups_update,cmd=UPDATE; roles={public}; permissive=PERMISSIVE,20260721030100_planning_canonical_structures.sql,canonical+applied,
rls_policy,public,planning_lookups.planning_lookups_write,cmd=INSERT; roles={public}; permissive=PERMISSIVE,20260721030100_planning_canonical_structures.sql,canonical+applied,
table,public,plant_addresses,columns=27; pk_cols=1; fk_out=3; triggers=1; rls=enabled; policies=3,20260720010000_factory360_v2_foundation.sql,canonical+applied,
column,public,plant_addresses.id,type=uuid; nullable=NO; default=gen_random_uuid(); ordinal=1,20260720010000_factory360_v2_foundation.sql,canonical+applied,
column,public,plant_addresses.factory_id,type=uuid; nullable=NO; default=None; ordinal=2,20260720010000_factory360_v2_foundation.sql,canonical+applied,
column,public,plant_addresses.industrial_license_id,type=uuid; nullable=NO; default=None; ordinal=3,20260720010000_factory360_v2_foundation.sql,canonical+applied,
column,public,plant_addresses.version_number,type=integer; nullable=NO; default=1; ordinal=4,20260720010000_factory360_v2_foundation.sql,canonical+applied,
column,public,plant_addresses.external_address_id,type=text; nullable=YES; default=None; ordinal=5,20260720010000_factory360_v2_foundation.sql,canonical+applied,
column,public,plant_addresses.address_type_code,type=text; nullable=YES; default=None; ordinal=6,20260720010000_factory360_v2_foundation.sql,canonical+applied,
column,public,plant_addresses.address_line_1,type=text; nullable=YES; default=None; ordinal=7,20260720010000_factory360_v2_foundation.sql,canonical+applied,
column,public,plant_addresses.landmark,type=text; nullable=YES; default=None; ordinal=8,20260720010000_factory360_v2_foundation.sql,canonical+applied,
column,public,plant_addresses.district_en,type=text; nullable=YES; default=None; ordinal=9,20260720010000_factory360_v2_foundation.sql,canonical+applied,
column,public,plant_addresses.district_ar,type=text; nullable=YES; default=None; ordinal=10,20260720010000_factory360_v2_foundation.sql,canonical+applied,
column,public,plant_addresses.building_number,type=text; nullable=YES; default=None; ordinal=11,20260720010000_factory360_v2_foundation.sql,canonical+applied,
column,public,plant_addresses.additional_number,type=text; nullable=YES; default=None; ordinal=12,20260720010000_factory360_v2_foundation.sql,canonical+applied,
column,public,plant_addresses.postal_code,type=text; nullable=YES; default=None; ordinal=13,20260720010000_factory360_v2_foundation.sql,canonical+applied,
column,public,plant_addresses.unit_number,type=text; nullable=YES; default=None; ordinal=14,20260720010000_factory360_v2_foundation.sql,canonical+applied,
column,public,plant_addresses.street_name_en,type=text; nullable=YES; default=None; ordinal=15,20260720010000_factory360_v2_foundation.sql,canonical+applied,
column,public,plant_addresses.street_name_ar,type=text; nullable=YES; default=None; ordinal=16,20260720010000_factory360_v2_foundation.sql,canonical+applied,
column,public,plant_addresses.city_en,type=text; nullable=YES; default=None; ordinal=17,20260720010000_factory360_v2_foundation.sql,canonical+applied,
column,public,plant_addresses.city_ar,type=text; nullable=YES; default=None; ordinal=18,20260720010000_factory360_v2_foundation.sql,canonical+applied,
column,public,plant_addresses.region_en,type=text; nullable=YES; default=None; ordinal=19,20260720010000_factory360_v2_foundation.sql,canonical+applied,
column,public,plant_addresses.region_ar,type=text; nullable=YES; default=None; ordinal=20,20260720010000_factory360_v2_foundation.sql,canonical+applied,
column,public,plant_addresses.latitude,type=numeric; nullable=YES; default=None; ordinal=21,20260720010000_factory360_v2_foundation.sql,canonical+applied,
column,public,plant_addresses.longitude,type=numeric; nullable=YES; default=None; ordinal=22,20260720010000_factory360_v2_foundation.sql,canonical+applied,
column,public,plant_addresses.source_system,type=text; nullable=YES; default=None; ordinal=23,20260720010000_factory360_v2_foundation.sql,canonical+applied,
column,public,plant_addresses.source_snapshot_id,type=uuid; nullable=YES; default=None; ordinal=24,20260720010000_factory360_v2_foundation.sql,canonical+applied,
column,public,plant_addresses.effective_at,type=timestamp with time zone; nullable=NO; default=now(); ordinal=25,20260720010000_factory360_v2_foundation.sql,canonical+applied,
column,public,plant_addresses.superseded_at,type=timestamp with time zone; nullable=YES; default=None; ordinal=26,20260720010000_factory360_v2_foundation.sql,canonical+applied,
column,public,plant_addresses.is_current,type=boolean; nullable=NO; default=true; ordinal=27,20260720010000_factory360_v2_foundation.sql,canonical+applied,
primary_key,public,plant_addresses_pkey,table=plant_addresses; columns=id,20260720010000_factory360_v2_foundation.sql,canonical+applied,
foreign_key,public,plant_addresses_factory_id_fkey,plant_addresses.factory_id -> factories.id,20260720010000_factory360_v2_foundation.sql,canonical+applied,
foreign_key,public,plant_addresses_industrial_license_id_fkey,plant_addresses.industrial_license_id -> industrial_licenses.id,20260720010000_factory360_v2_foundation.sql,canonical+applied,
foreign_key,public,plant_addresses_source_snapshot_id_fkey,plant_addresses.source_snapshot_id -> senaei_raw_snapshots.id,20260720010000_factory360_v2_foundation.sql,canonical+applied,
check,public,2200_22495_1_not_null,table=plant_addresses; columns=None,20260720010000_factory360_v2_foundation.sql,canonical+applied,
check,public,2200_22495_25_not_null,table=plant_addresses; columns=None,20260720010000_factory360_v2_foundation.sql,canonical+applied,
check,public,2200_22495_27_not_null,table=plant_addresses; columns=None,20260720010000_factory360_v2_foundation.sql,canonical+applied,
check,public,2200_22495_2_not_null,table=plant_addresses; columns=None,20260720010000_factory360_v2_foundation.sql,canonical+applied,
check,public,2200_22495_3_not_null,table=plant_addresses; columns=None,20260720010000_factory360_v2_foundation.sql,canonical+applied,
check,public,2200_22495_4_not_null,table=plant_addresses; columns=None,20260720010000_factory360_v2_foundation.sql,canonical+applied,
check,public,plant_addresses_check,table=plant_addresses; columns=None,20260720010000_factory360_v2_foundation.sql,canonical+applied,
unique,public,plant_addresses_factory_id_version_number_key,"table=plant_addresses; columns=factory_id,version_number",20260720010000_factory360_v2_foundation.sql,canonical+applied,
check,public,plant_addresses_version_number_check,table=plant_addresses; columns=None,20260720010000_factory360_v2_foundation.sql,canonical+applied,
index,public,plant_addresses_factory_id_version_number_key,"CREATE UNIQUE INDEX plant_addresses_factory_id_version_number_key ON public.plant_addresses USING btree (factory_id, version_number)",20260720010000_factory360_v2_foundation.sql,canonical+applied,
index,public,plant_addresses_one_current_uq,CREATE UNIQUE INDEX plant_addresses_one_current_uq ON public.plant_addresses USING btree (factory_id) WHERE is_current,20260720010000_factory360_v2_foundation.sql,canonical+applied,
index,public,plant_addresses_pkey,CREATE UNIQUE INDEX plant_addresses_pkey ON public.plant_addresses USING btree (id),20260720010000_factory360_v2_foundation.sql,canonical+applied,
trigger,public,trg_audit_plant_addresses,"table=plant_addresses; timing=AFTER; events=DELETE,INSERT,UPDATE; action=EXECUTE FUNCTION audit_row_change()",20260720010000_factory360_v2_foundation.sql,canonical+applied,
rls_enablement,public,plant_addresses__rls,rls_enabled=True; forced=False,20260720010000_factory360_v2_foundation.sql,canonical+applied,
rls_policy,public,plant_addresses.f360_plant_addresses_admin,cmd=ALL; roles={authenticated}; permissive=PERMISSIVE,20260720010000_factory360_v2_foundation.sql,canonical+applied,
rls_policy,public,plant_addresses.f360_plant_addresses_gis_admin,cmd=ALL; roles={authenticated}; permissive=PERMISSIVE,20260720010000_factory360_v2_foundation.sql,canonical+applied,
rls_policy,public,plant_addresses.f360_plant_addresses_read,cmd=SELECT; roles={authenticated}; permissive=PERMISSIVE,20260720010000_factory360_v2_foundation.sql,canonical+applied,
table,public,plant_production_line_items,columns=38; pk_cols=1; fk_out=3; triggers=2; rls=enabled; policies=2,20260720010000_factory360_v2_foundation.sql,canonical+applied,
column,public,plant_production_line_items.id,type=uuid; nullable=NO; default=gen_random_uuid(); ordinal=1,20260720010000_factory360_v2_foundation.sql,canonical+applied,
column,public,plant_production_line_items.factory_id,type=uuid; nullable=NO; default=None; ordinal=2,20260720010000_factory360_v2_foundation.sql,canonical+applied,
column,public,plant_production_line_items.industrial_license_id,type=uuid; nullable=NO; default=None; ordinal=3,20260720010000_factory360_v2_foundation.sql,canonical+applied,
column,public,plant_production_line_items.item_type,type=text; nullable=NO; default=None; ordinal=4,20260720010000_factory360_v2_foundation.sql,canonical+applied,
column,public,plant_production_line_items.source_item_id,type=text; nullable=YES; default=None; ordinal=5,20260720010000_factory360_v2_foundation.sql,canonical+applied,
column,public,plant_production_line_items.external_product_id,type=text; nullable=YES; default=None; ordinal=6,20260720010000_factory360_v2_foundation.sql,canonical+applied,
column,public,plant_production_line_items.external_unit_id,type=text; nullable=YES; default=None; ordinal=7,20260720010000_factory360_v2_foundation.sql,canonical+applied,
column,public,plant_production_line_items.legacy_source_table,type=text; nullable=YES; default=None; ordinal=8,20260720010000_factory360_v2_foundation.sql,canonical+applied,
column,public,plant_production_line_items.legacy_source_id,type=uuid; nullable=YES; default=None; ordinal=9,20260720010000_factory360_v2_foundation.sql,canonical+applied,
column,public,plant_production_line_items.version_number,type=integer; nullable=NO; default=1; ordinal=10,20260720010000_factory360_v2_foundation.sql,canonical+applied,
column,public,plant_production_line_items.name_en,type=text; nullable=YES; default=None; ordinal=11,20260720010000_factory360_v2_foundation.sql,canonical+applied,
column,public,plant_production_line_items.name_ar,type=text; nullable=YES; default=None; ordinal=12,20260720010000_factory360_v2_foundation.sql,canonical+applied,
column,public,plant_production_line_items.hs_code,type=text; nullable=YES; default=None; ordinal=13,20260720010000_factory360_v2_foundation.sql,canonical+applied,
column,public,plant_production_line_items.activity_code,type=text; nullable=YES; default=None; ordinal=14,20260720010000_factory360_v2_foundation.sql,canonical+applied,
column,public,plant_production_line_items.quantity,type=numeric; nullable=YES; default=None; ordinal=15,20260720010000_factory360_v2_foundation.sql,canonical+applied,
column,public,plant_production_line_items.capacity,type=numeric; nullable=YES; default=None; ordinal=16,20260720010000_factory360_v2_foundation.sql,canonical+applied,
column,public,plant_production_line_items.real_production,type=numeric; nullable=YES; default=None; ordinal=17,20260720010000_factory360_v2_foundation.sql,canonical+applied,
column,public,plant_production_line_items.maximum_production,type=numeric; nullable=YES; default=None; ordinal=18,20260720010000_factory360_v2_foundation.sql,canonical+applied,
column,public,plant_production_line_items.price,type=numeric; nullable=YES; default=None; ordinal=19,20260720010000_factory360_v2_foundation.sql,canonical+applied,
column,public,plant_production_line_items.is_primary,type=boolean; nullable=YES; default=None; ordinal=20,20260720010000_factory360_v2_foundation.sql,canonical+applied,
column,public,plant_production_line_items.unit_code,type=text; nullable=YES; default=None; ordinal=21,20260720010000_factory360_v2_foundation.sql,canonical+applied,
column,public,plant_production_line_items.unit_name_en,type=text; nullable=YES; default=None; ordinal=22,20260720010000_factory360_v2_foundation.sql,canonical+applied,
column,public,plant_production_line_items.unit_name_ar,type=text; nullable=YES; default=None; ordinal=23,20260720010000_factory360_v2_foundation.sql,canonical+applied,
column,public,plant_production_line_items.hs_code_type,type=text; nullable=YES; default=None; ordinal=24,20260720010000_factory360_v2_foundation.sql,canonical+applied,
column,public,plant_production_line_items.activity_name_en,type=text; nullable=YES; default=None; ordinal=25,20260720010000_factory360_v2_foundation.sql,canonical+applied,
column,public,plant_production_line_items.activity_name_ar,type=text; nullable=YES; default=None; ordinal=26,20260720010000_factory360_v2_foundation.sql,canonical+applied,
column,public,plant_production_line_items.is_spare_part,type=boolean; nullable=YES; default=None; ordinal=27,20260720010000_factory360_v2_foundation.sql,canonical+applied,
column,public,plant_production_line_items.is_machine,type=boolean; nullable=YES; default=None; ordinal=28,20260720010000_factory360_v2_foundation.sql,canonical+applied,
column,public,plant_production_line_items.is_end_product,type=boolean; nullable=YES; default=None; ordinal=29,20260720010000_factory360_v2_foundation.sql,canonical+applied,
column,public,plant_production_line_items.is_raw_material,type=boolean; nullable=YES; default=None; ordinal=30,20260720010000_factory360_v2_foundation.sql,canonical+applied,
column,public,plant_production_line_items.source_created_at,type=timestamp with time zone; nullable=YES; default=None; ordinal=31,20260720010000_factory360_v2_foundation.sql,canonical+applied,
column,public,plant_production_line_items.source_updated_at,type=timestamp with time zone; nullable=YES; default=None; ordinal=32,20260720010000_factory360_v2_foundation.sql,canonical+applied,
column,public,plant_production_line_items.attributes,type=jsonb; nullable=NO; default='{}'::jsonb; ordinal=33,20260720010000_factory360_v2_foundation.sql,canonical+applied,
column,public,plant_production_line_items.source_system,type=text; nullable=YES; default=None; ordinal=34,20260720010000_factory360_v2_foundation.sql,canonical+applied,
column,public,plant_production_line_items.source_snapshot_id,type=uuid; nullable=YES; default=None; ordinal=35,20260720010000_factory360_v2_foundation.sql,canonical+applied,
column,public,plant_production_line_items.effective_at,type=timestamp with time zone; nullable=NO; default=now(); ordinal=36,20260720010000_factory360_v2_foundation.sql,canonical+applied,
column,public,plant_production_line_items.superseded_at,type=timestamp with time zone; nullable=YES; default=None; ordinal=37,20260720010000_factory360_v2_foundation.sql,canonical+applied,
column,public,plant_production_line_items.created_at,type=timestamp with time zone; nullable=NO; default=now(); ordinal=38,20260720010000_factory360_v2_foundation.sql,canonical+applied,
primary_key,public,plant_production_line_items_pkey,table=plant_production_line_items; columns=id,20260720010000_factory360_v2_foundation.sql,canonical+applied,
foreign_key,public,plant_production_line_items_source_snapshot_id_fkey,plant_production_line_items.source_snapshot_id -> senaei_raw_snapshots.id,20260720010000_factory360_v2_foundation.sql,canonical+applied,
foreign_key,public,plant_production_line_items_factory_id_fkey,plant_production_line_items.factory_id -> factories.id,20260720010000_factory360_v2_foundation.sql,canonical+applied,
foreign_key,public,plant_production_line_items_industrial_license_id_fkey,plant_production_line_items.industrial_license_id -> industrial_licenses.id,20260720010000_factory360_v2_foundation.sql,canonical+applied,
check,public,2200_22526_10_not_null,table=plant_production_line_items; columns=None,20260720010000_factory360_v2_foundation.sql,canonical+applied,
check,public,2200_22526_1_not_null,table=plant_production_line_items; columns=None,20260720010000_factory360_v2_foundation.sql,canonical+applied,
check,public,2200_22526_2_not_null,table=plant_production_line_items; columns=None,20260720010000_factory360_v2_foundation.sql,canonical+applied,
check,public,2200_22526_33_not_null,table=plant_production_line_items; columns=None,20260720010000_factory360_v2_foundation.sql,canonical+applied,
check,public,2200_22526_36_not_null,table=plant_production_line_items; columns=None,20260720010000_factory360_v2_foundation.sql,canonical+applied,
check,public,2200_22526_38_not_null,table=plant_production_line_items; columns=None,20260720010000_factory360_v2_foundation.sql,canonical+applied,
check,public,2200_22526_3_not_null,table=plant_production_line_items; columns=None,20260720010000_factory360_v2_foundation.sql,canonical+applied,
check,public,2200_22526_4_not_null,table=plant_production_line_items; columns=None,20260720010000_factory360_v2_foundation.sql,canonical+applied,
check,public,plant_production_line_items_attributes_check,table=plant_production_line_items; columns=None,20260720010000_factory360_v2_foundation.sql,canonical+applied,
check,public,plant_production_line_items_check,table=plant_production_line_items; columns=None,20260720010000_factory360_v2_foundation.sql,canonical+applied,
check,public,plant_production_line_items_check1,table=plant_production_line_items; columns=None,20260720010000_factory360_v2_foundation.sql,canonical+applied,
check,public,plant_production_line_items_check2,table=plant_production_line_items; columns=None,20260720010000_factory360_v2_foundation.sql,canonical+applied,
check,public,plant_production_line_items_item_type_check,table=plant_production_line_items; columns=None,20260720010000_factory360_v2_foundation.sql,canonical+applied,
check,public,plant_production_line_items_version_number_check,table=plant_production_line_items; columns=None,20260720010000_factory360_v2_foundation.sql,canonical+applied,
index,public,plant_line_factory_idx,"CREATE INDEX plant_line_factory_idx ON public.plant_production_line_items USING btree (factory_id, item_type, effective_at DESC)",20260720010000_factory360_v2_foundation.sql,canonical+applied,
index,public,plant_line_legacy_version_uq,"CREATE UNIQUE INDEX plant_line_legacy_version_uq ON public.plant_production_line_items USING btree (legacy_source_table, legacy_source_id, version_number) WHERE (legacy_source_id IS NOT NULL)",20260720010000_factory360_v2_foundation.sql,canonical+applied,
index,public,plant_line_source_version_uq,"CREATE UNIQUE INDEX plant_line_source_version_uq ON public.plant_production_line_items USING btree (industrial_license_id, item_type, source_item_id, version_number) WHERE (source_item_id IS NOT NULL)",20260720010000_factory360_v2_foundation.sql,canonical+applied,
index,public,plant_production_line_items_pkey,CREATE UNIQUE INDEX plant_production_line_items_pkey ON public.plant_production_line_items USING btree (id),20260720010000_factory360_v2_foundation.sql,canonical+applied,
trigger,public,trg_audit_plant_production_line_items,"table=plant_production_line_items; timing=AFTER; events=DELETE,INSERT,UPDATE; action=EXECUTE FUNCTION audit_row_change()",20260720010000_factory360_v2_foundation.sql,canonical+applied,
trigger,public,trg_f360_immutable_plant_production_line_items,"table=plant_production_line_items; timing=BEFORE; events=DELETE,UPDATE; action=EXECUTE FUNCTION block_factory360_immutable_mutation()",20260720010000_factory360_v2_foundation.sql,canonical+applied,
rls_enablement,public,plant_production_line_items__rls,rls_enabled=True; forced=False,20260720010000_factory360_v2_foundation.sql,canonical+applied,
rls_policy,public,plant_production_line_items.f360_plant_production_line_items_admin,cmd=ALL; roles={authenticated}; permissive=PERMISSIVE,20260720010000_factory360_v2_foundation.sql,canonical+applied,
rls_policy,public,plant_production_line_items.f360_plant_production_line_items_read,cmd=SELECT; roles={authenticated}; permissive=PERMISSIVE,20260720010000_factory360_v2_foundation.sql,canonical+applied,
table,public,profiles,columns=7; pk_cols=1; fk_out=0; triggers=0; rls=enabled; policies=1,0001_foundation.sql,canonical+applied,
column,public,profiles.user_id,type=uuid; nullable=NO; default=None; ordinal=1,0001_foundation.sql,canonical+applied,
column,public,profiles.full_name,type=text; nullable=NO; default=None; ordinal=2,0001_foundation.sql,canonical+applied,
column,public,profiles.email,type=text; nullable=YES; default=None; ordinal=3,0001_foundation.sql,canonical+applied,
column,public,profiles.region,type=text; nullable=YES; default=None; ordinal=4,0001_foundation.sql,canonical+applied,
column,public,profiles.org_scope,type=text; nullable=YES; default=None; ordinal=5,0001_foundation.sql,canonical+applied,
column,public,profiles.created_at,type=timestamp with time zone; nullable=NO; default=now(); ordinal=6,0001_foundation.sql,canonical+applied,
column,public,profiles.account_status,type=text; nullable=NO; default='active'::text; ordinal=7,0001_foundation.sql,canonical+applied,
primary_key,public,profiles_pkey,table=profiles; columns=user_id,0001_foundation.sql,canonical+applied,
check,public,2200_17725_1_not_null,table=profiles; columns=None,0001_foundation.sql,canonical+applied,
check,public,2200_17725_2_not_null,table=profiles; columns=None,0001_foundation.sql,canonical+applied,
check,public,2200_17725_6_not_null,table=profiles; columns=None,0001_foundation.sql,canonical+applied,
check,public,2200_17725_7_not_null,table=profiles; columns=None,0001_foundation.sql,canonical+applied,
check,public,profiles_account_status,table=profiles; columns=None,0001_foundation.sql,canonical+applied,
index,public,profiles_pkey,CREATE UNIQUE INDEX profiles_pkey ON public.profiles USING btree (user_id),0001_foundation.sql,canonical+applied,
rls_enablement,public,profiles__rls,rls_enabled=True; forced=False,0001_foundation.sql,canonical+applied,
rls_policy,public,profiles.profiles_self,cmd=SELECT; roles={public}; permissive=PERMISSIVE,0001_foundation.sql,canonical+applied,
table,public,push_subscriptions,columns=8; pk_cols=1; fk_out=1; triggers=0; rls=enabled; policies=3,20260718010000_mvp2_m2_02_push_subscriptions.sql,canonical+applied,
column,public,push_subscriptions.id,type=uuid; nullable=NO; default=gen_random_uuid(); ordinal=1,20260718010000_mvp2_m2_02_push_subscriptions.sql,canonical+applied,
column,public,push_subscriptions.user_id,type=uuid; nullable=NO; default=None; ordinal=2,20260718010000_mvp2_m2_02_push_subscriptions.sql,canonical+applied,
column,public,push_subscriptions.endpoint,type=text; nullable=NO; default=None; ordinal=3,20260718010000_mvp2_m2_02_push_subscriptions.sql,canonical+applied,
column,public,push_subscriptions.p256dh,type=text; nullable=NO; default=None; ordinal=4,20260718010000_mvp2_m2_02_push_subscriptions.sql,canonical+applied,
column,public,push_subscriptions.auth,type=text; nullable=NO; default=None; ordinal=5,20260718010000_mvp2_m2_02_push_subscriptions.sql,canonical+applied,
column,public,push_subscriptions.user_agent,type=text; nullable=YES; default=None; ordinal=6,20260718010000_mvp2_m2_02_push_subscriptions.sql,canonical+applied,
column,public,push_subscriptions.created_at,type=timestamp with time zone; nullable=NO; default=now(); ordinal=7,20260718010000_mvp2_m2_02_push_subscriptions.sql,canonical+applied,
column,public,push_subscriptions.last_used_at,type=timestamp with time zone; nullable=YES; default=None; ordinal=8,20260718010000_mvp2_m2_02_push_subscriptions.sql,canonical+applied,
primary_key,public,push_subscriptions_pkey,table=push_subscriptions; columns=id,20260718010000_mvp2_m2_02_push_subscriptions.sql,canonical+applied,
foreign_key,public,push_subscriptions_user_id_fkey,push_subscriptions.user_id -> profiles.user_id,20260718010000_mvp2_m2_02_push_subscriptions.sql,canonical+applied,
check,public,2200_21053_1_not_null,table=push_subscriptions; columns=None,20260718010000_mvp2_m2_02_push_subscriptions.sql,canonical+applied,
check,public,2200_21053_2_not_null,table=push_subscriptions; columns=None,20260718010000_mvp2_m2_02_push_subscriptions.sql,canonical+applied,
check,public,2200_21053_3_not_null,table=push_subscriptions; columns=None,20260718010000_mvp2_m2_02_push_subscriptions.sql,canonical+applied,
check,public,2200_21053_4_not_null,table=push_subscriptions; columns=None,20260718010000_mvp2_m2_02_push_subscriptions.sql,canonical+applied,
check,public,2200_21053_5_not_null,table=push_subscriptions; columns=None,20260718010000_mvp2_m2_02_push_subscriptions.sql,canonical+applied,
check,public,2200_21053_7_not_null,table=push_subscriptions; columns=None,20260718010000_mvp2_m2_02_push_subscriptions.sql,canonical+applied,
unique,public,push_subscriptions_endpoint_key,table=push_subscriptions; columns=endpoint,20260718010000_mvp2_m2_02_push_subscriptions.sql,canonical+applied,
index,public,push_subscriptions_endpoint_key,CREATE UNIQUE INDEX push_subscriptions_endpoint_key ON public.push_subscriptions USING btree (endpoint),20260718010000_mvp2_m2_02_push_subscriptions.sql,canonical+applied,
index,public,push_subscriptions_pkey,CREATE UNIQUE INDEX push_subscriptions_pkey ON public.push_subscriptions USING btree (id),20260718010000_mvp2_m2_02_push_subscriptions.sql,canonical+applied,
index,public,push_subscriptions_user_idx,CREATE INDEX push_subscriptions_user_idx ON public.push_subscriptions USING btree (user_id),20260718010000_mvp2_m2_02_push_subscriptions.sql,canonical+applied,
rls_enablement,public,push_subscriptions__rls,rls_enabled=True; forced=False,20260718010000_mvp2_m2_02_push_subscriptions.sql,canonical+applied,
rls_policy,public,push_subscriptions.push_subscriptions_own_delete,cmd=DELETE; roles={public}; permissive=PERMISSIVE,20260718010000_mvp2_m2_02_push_subscriptions.sql,canonical+applied,
rls_policy,public,push_subscriptions.push_subscriptions_own_insert,cmd=INSERT; roles={public}; permissive=PERMISSIVE,20260718010000_mvp2_m2_02_push_subscriptions.sql,canonical+applied,
rls_policy,public,push_subscriptions.push_subscriptions_own_select,cmd=SELECT; roles={public}; permissive=PERMISSIVE,20260718010000_mvp2_m2_02_push_subscriptions.sql,canonical+applied,
table,public,regulation_attachments,columns=8; pk_cols=1; fk_out=2; triggers=2; rls=enabled; policies=2,20260715200000_cd006_011_backend_completion.sql,canonical+applied,
column,public,regulation_attachments.id,type=uuid; nullable=NO; default=gen_random_uuid(); ordinal=1,20260715200000_cd006_011_backend_completion.sql,canonical+applied,
column,public,regulation_attachments.regulation_id,type=uuid; nullable=NO; default=None; ordinal=2,20260715200000_cd006_011_backend_completion.sql,canonical+applied,
column,public,regulation_attachments.file_name,type=text; nullable=NO; default=None; ordinal=3,20260715200000_cd006_011_backend_completion.sql,canonical+applied,
column,public,regulation_attachments.storage_path,type=text; nullable=NO; default=None; ordinal=4,20260715200000_cd006_011_backend_completion.sql,canonical+applied,
column,public,regulation_attachments.media_type,type=text; nullable=YES; default=None; ordinal=5,20260715200000_cd006_011_backend_completion.sql,canonical+applied,
column,public,regulation_attachments.sha256,type=text; nullable=YES; default=None; ordinal=6,20260715200000_cd006_011_backend_completion.sql,canonical+applied,
column,public,regulation_attachments.uploaded_by,type=uuid; nullable=NO; default=None; ordinal=7,20260715200000_cd006_011_backend_completion.sql,canonical+applied,
column,public,regulation_attachments.created_at,type=timestamp with time zone; nullable=NO; default=now(); ordinal=8,20260715200000_cd006_011_backend_completion.sql,canonical+applied,
primary_key,public,regulation_attachments_pkey,table=regulation_attachments; columns=id,20260715200000_cd006_011_backend_completion.sql,canonical+applied,
foreign_key,public,regulation_attachments_regulation_id_fkey,regulation_attachments.regulation_id -> regulations.id,20260715200000_cd006_011_backend_completion.sql,canonical+applied,
foreign_key,public,regulation_attachments_uploaded_by_fkey,regulation_attachments.uploaded_by -> profiles.user_id,20260715200000_cd006_011_backend_completion.sql,canonical+applied,
check,public,2200_19439_1_not_null,table=regulation_attachments; columns=None,20260715200000_cd006_011_backend_completion.sql,canonical+applied,
check,public,2200_19439_2_not_null,table=regulation_attachments; columns=None,20260715200000_cd006_011_backend_completion.sql,canonical+applied,
check,public,2200_19439_3_not_null,table=regulation_attachments; columns=None,20260715200000_cd006_011_backend_completion.sql,canonical+applied,
check,public,2200_19439_4_not_null,table=regulation_attachments; columns=None,20260715200000_cd006_011_backend_completion.sql,canonical+applied,
check,public,2200_19439_7_not_null,table=regulation_attachments; columns=None,20260715200000_cd006_011_backend_completion.sql,canonical+applied,
check,public,2200_19439_8_not_null,table=regulation_attachments; columns=None,20260715200000_cd006_011_backend_completion.sql,canonical+applied,
unique,public,regulation_attachments_regulation_id_storage_path_key,"table=regulation_attachments; columns=regulation_id,storage_path",20260715200000_cd006_011_backend_completion.sql,canonical+applied,
index,public,regulation_attachments_pkey,CREATE UNIQUE INDEX regulation_attachments_pkey ON public.regulation_attachments USING btree (id),20260715200000_cd006_011_backend_completion.sql,canonical+applied,
index,public,regulation_attachments_regulation_id_storage_path_key,"CREATE UNIQUE INDEX regulation_attachments_regulation_id_storage_path_key ON public.regulation_attachments USING btree (regulation_id, storage_path)",20260715200000_cd006_011_backend_completion.sql,canonical+applied,
trigger,public,trg_audit_regulation_attachments,"table=regulation_attachments; timing=AFTER; events=DELETE,INSERT,UPDATE; action=EXECUTE FUNCTION audit_row_change()",20260715200000_cd006_011_backend_completion.sql,canonical+applied,
trigger,public,trg_guard_regulation_attachments,"table=regulation_attachments; timing=BEFORE; events=DELETE,INSERT,UPDATE; action=EXECUTE FUNCTION guard_regulation_child_write()",20260715200000_cd006_011_backend_completion.sql,canonical+applied,
rls_enablement,public,regulation_attachments__rls,rls_enabled=True; forced=False,20260715200000_cd006_011_backend_completion.sql,canonical+applied,
rls_policy,public,regulation_attachments.regulation_attachments_admin,cmd=ALL; roles={public}; permissive=PERMISSIVE,20260715200000_cd006_011_backend_completion.sql,canonical+applied,
rls_policy,public,regulation_attachments.regulation_attachments_read,cmd=SELECT; roles={public}; permissive=PERMISSIVE,20260715200000_cd006_011_backend_completion.sql,canonical+applied,
table,public,regulation_clauses,columns=6; pk_cols=1; fk_out=1; triggers=2; rls=enabled; policies=2,0001_foundation.sql,canonical+applied,
column,public,regulation_clauses.id,type=uuid; nullable=NO; default=gen_random_uuid(); ordinal=1,0001_foundation.sql,canonical+applied,
column,public,regulation_clauses.regulation_id,type=uuid; nullable=NO; default=None; ordinal=2,0001_foundation.sql,canonical+applied,
column,public,regulation_clauses.clause_ref,type=text; nullable=NO; default=None; ordinal=3,0001_foundation.sql,canonical+applied,
column,public,regulation_clauses.title,type=text; nullable=YES; default=None; ordinal=4,0001_foundation.sql,canonical+applied,
column,public,regulation_clauses.applicability,type=text; nullable=YES; default=None; ordinal=5,0001_foundation.sql,canonical+applied,
column,public,regulation_clauses.legal_source,type=text; nullable=YES; default=None; ordinal=6,0001_foundation.sql,canonical+applied,
primary_key,public,regulation_clauses_pkey,table=regulation_clauses; columns=id,0001_foundation.sql,canonical+applied,
foreign_key,public,regulation_clauses_regulation_id_fkey,regulation_clauses.regulation_id -> regulations.id,0001_foundation.sql,canonical+applied,
check,public,2200_17803_1_not_null,table=regulation_clauses; columns=None,0001_foundation.sql,canonical+applied,
check,public,2200_17803_2_not_null,table=regulation_clauses; columns=None,0001_foundation.sql,canonical+applied,
check,public,2200_17803_3_not_null,table=regulation_clauses; columns=None,0001_foundation.sql,canonical+applied,
unique,public,regulation_clauses_regulation_id_clause_ref_key,"table=regulation_clauses; columns=regulation_id,clause_ref",0001_foundation.sql,canonical+applied,
index,public,regulation_clauses_pkey,CREATE UNIQUE INDEX regulation_clauses_pkey ON public.regulation_clauses USING btree (id),0001_foundation.sql,canonical+applied,
index,public,regulation_clauses_regulation_id_clause_ref_key,"CREATE UNIQUE INDEX regulation_clauses_regulation_id_clause_ref_key ON public.regulation_clauses USING btree (regulation_id, clause_ref)",0001_foundation.sql,canonical+applied,
trigger,public,trg_audit_regulation_clauses,"table=regulation_clauses; timing=AFTER; events=DELETE,INSERT,UPDATE; action=EXECUTE FUNCTION audit_row_change()",0001_foundation.sql,canonical+applied,
trigger,public,trg_guard_regulation_clauses,"table=regulation_clauses; timing=BEFORE; events=DELETE,INSERT,UPDATE; action=EXECUTE FUNCTION guard_regulation_child_write()",0001_foundation.sql,canonical+applied,
rls_enablement,public,regulation_clauses__rls,rls_enabled=True; forced=False,0001_foundation.sql,canonical+applied,
rls_policy,public,regulation_clauses.regulation_clauses_admin,cmd=ALL; roles={public}; permissive=PERMISSIVE,0001_foundation.sql,canonical+applied,
rls_policy,public,regulation_clauses.regulation_clauses_read,cmd=SELECT; roles={public}; permissive=PERMISSIVE,0001_foundation.sql,canonical+applied,
table,public,regulations,columns=16; pk_cols=1; fk_out=4; triggers=3; rls=enabled; policies=2,0001_foundation.sql,canonical+applied,
column,public,regulations.id,type=uuid; nullable=NO; default=gen_random_uuid(); ordinal=1,0001_foundation.sql,canonical+applied,
column,public,regulations.code,type=text; nullable=NO; default=None; ordinal=2,0001_foundation.sql,canonical+applied,
column,public,regulations.title,type=text; nullable=NO; default=None; ordinal=3,0001_foundation.sql,canonical+applied,
column,public,regulations.issuing_authority,type=text; nullable=YES; default=None; ordinal=4,0001_foundation.sql,canonical+applied,
column,public,regulations.status,type=USER-DEFINED; nullable=NO; default='draft'::config_status; ordinal=5,0001_foundation.sql,canonical+applied,
column,public,regulations.created_at,type=timestamp with time zone; nullable=NO; default=now(); ordinal=6,0001_foundation.sql,canonical+applied,
column,public,regulations.created_by,type=uuid; nullable=YES; default=None; ordinal=7,0001_foundation.sql,canonical+applied,
column,public,regulations.approved_by,type=uuid; nullable=YES; default=None; ordinal=8,0001_foundation.sql,canonical+applied,
column,public,regulations.published_at,type=timestamp with time zone; nullable=YES; default=None; ordinal=9,0001_foundation.sql,canonical+applied,
column,public,regulations.effective_from,type=date; nullable=YES; default=None; ordinal=10,0001_foundation.sql,canonical+applied,
column,public,regulations.deactivated_at,type=timestamp with time zone; nullable=YES; default=None; ordinal=11,0001_foundation.sql,canonical+applied,
column,public,regulations.deactivated_by,type=uuid; nullable=YES; default=None; ordinal=12,0001_foundation.sql,canonical+applied,
column,public,regulations.version_label,type=text; nullable=NO; default='v1'::text; ordinal=13,0001_foundation.sql,canonical+applied,
column,public,regulations.supersedes_id,type=uuid; nullable=YES; default=None; ordinal=14,0001_foundation.sql,canonical+applied,
column,public,regulations.effective_to,type=date; nullable=YES; default=None; ordinal=15,0001_foundation.sql,canonical+applied,
column,public,regulations.deactivation_reason,type=text; nullable=YES; default=None; ordinal=16,0001_foundation.sql,canonical+applied,
primary_key,public,regulations_pkey,table=regulations; columns=id,0001_foundation.sql,canonical+applied,
foreign_key,public,regulations_created_by_fkey,regulations.created_by -> profiles.user_id,0001_foundation.sql,canonical+applied,
foreign_key,public,regulations_approved_by_fkey,regulations.approved_by -> profiles.user_id,0001_foundation.sql,canonical+applied,
foreign_key,public,regulations_supersedes_id_fkey,regulations.supersedes_id -> regulations.id,0001_foundation.sql,canonical+applied,
foreign_key,public,regulations_deactivated_by_fkey,regulations.deactivated_by -> profiles.user_id,0001_foundation.sql,canonical+applied,
check,public,2200_17791_13_not_null,table=regulations; columns=None,0001_foundation.sql,canonical+applied,
check,public,2200_17791_1_not_null,table=regulations; columns=None,0001_foundation.sql,canonical+applied,
check,public,2200_17791_2_not_null,table=regulations; columns=None,0001_foundation.sql,canonical+applied,
check,public,2200_17791_3_not_null,table=regulations; columns=None,0001_foundation.sql,canonical+applied,
check,public,2200_17791_5_not_null,table=regulations; columns=None,0001_foundation.sql,canonical+applied,
check,public,2200_17791_6_not_null,table=regulations; columns=None,0001_foundation.sql,canonical+applied,
check,public,regulations_maker_checker,table=regulations; columns=None,0001_foundation.sql,canonical+applied,
index,public,regulations_code_version_unique,"CREATE UNIQUE INDEX regulations_code_version_unique ON public.regulations USING btree (code, version_label)",0001_foundation.sql,canonical+applied,
index,public,regulations_one_open_governed,"CREATE UNIQUE INDEX regulations_one_open_governed ON public.regulations USING btree (code) WHERE ((status = ANY (ARRAY['published'::config_status, 'locked'::config_status])) AND (effective_to IS NULL)",0001_foundation.sql,canonical+applied,
index,public,regulations_pkey,CREATE UNIQUE INDEX regulations_pkey ON public.regulations USING btree (id),0001_foundation.sql,canonical+applied,
trigger,public,trg_audit_regulations,"table=regulations; timing=AFTER; events=DELETE,INSERT,UPDATE; action=EXECUTE FUNCTION audit_row_change()",0001_foundation.sql,canonical+applied,
trigger,public,trg_guard_published_regulation,"table=regulations; timing=BEFORE; events=DELETE,UPDATE; action=EXECUTE FUNCTION guard_published_regulation()",0001_foundation.sql,canonical+applied,
trigger,public,trg_mvp2_m2_05_semantic_regulations,"table=regulations; timing=AFTER; events=INSERT,UPDATE; action=EXECUTE FUNCTION emit_mvp2_m2_05_semantic_event()",0001_foundation.sql,canonical+applied,
rls_enablement,public,regulations__rls,rls_enabled=True; forced=False,0001_foundation.sql,canonical+applied,
rls_policy,public,regulations.regulations_admin,cmd=ALL; roles={public}; permissive=PERMISSIVE,0001_foundation.sql,canonical+applied,
rls_policy,public,regulations.regulations_read,cmd=SELECT; roles={public}; permissive=PERMISSIVE,0001_foundation.sql,canonical+applied,
table,public,report_verifications,columns=7; pk_cols=1; fk_out=0; triggers=1; rls=enabled; policies=2,20260717200000_mvp2_m2_12_committee_signature.sql,canonical+applied,
column,public,report_verifications.id,type=uuid; nullable=NO; default=gen_random_uuid(); ordinal=1,20260717200000_mvp2_m2_12_committee_signature.sql,canonical+applied,
column,public,report_verifications.report_hash,type=text; nullable=NO; default=None; ordinal=2,20260717200000_mvp2_m2_12_committee_signature.sql,canonical+applied,
column,public,report_verifications.provider,type=text; nullable=YES; default=None; ordinal=3,20260717200000_mvp2_m2_12_committee_signature.sql,canonical+applied,
column,public,report_verifications.status,type=text; nullable=NO; default='unavailable'::text; ordinal=4,20260717200000_mvp2_m2_12_committee_signature.sql,canonical+applied,
column,public,report_verifications.detail,type=jsonb; nullable=NO; default='{}'::jsonb; ordinal=5,20260717200000_mvp2_m2_12_committee_signature.sql,canonical+applied,
column,public,report_verifications.checked_at,type=timestamp with time zone; nullable=YES; default=None; ordinal=6,20260717200000_mvp2_m2_12_committee_signature.sql,canonical+applied,
column,public,report_verifications.created_at,type=timestamp with time zone; nullable=NO; default=now(); ordinal=7,20260717200000_mvp2_m2_12_committee_signature.sql,canonical+applied,
primary_key,public,report_verifications_pkey,table=report_verifications; columns=id,20260717200000_mvp2_m2_12_committee_signature.sql,canonical+applied,
check,public,2200_20777_1_not_null,table=report_verifications; columns=None,20260717200000_mvp2_m2_12_committee_signature.sql,canonical+applied,
check,public,2200_20777_2_not_null,table=report_verifications; columns=None,20260717200000_mvp2_m2_12_committee_signature.sql,canonical+applied,
check,public,2200_20777_4_not_null,table=report_verifications; columns=None,20260717200000_mvp2_m2_12_committee_signature.sql,canonical+applied,
check,public,2200_20777_5_not_null,table=report_verifications; columns=None,20260717200000_mvp2_m2_12_committee_signature.sql,canonical+applied,
check,public,2200_20777_7_not_null,table=report_verifications; columns=None,20260717200000_mvp2_m2_12_committee_signature.sql,canonical+applied,
check,public,report_verifications_status_check,table=report_verifications; columns=None,20260717200000_mvp2_m2_12_committee_signature.sql,canonical+applied,
index,public,report_verifications_hash_idx,"CREATE INDEX report_verifications_hash_idx ON public.report_verifications USING btree (report_hash, created_at DESC)",20260717200000_mvp2_m2_12_committee_signature.sql,canonical+applied,
index,public,report_verifications_pkey,CREATE UNIQUE INDEX report_verifications_pkey ON public.report_verifications USING btree (id),20260717200000_mvp2_m2_12_committee_signature.sql,canonical+applied,
trigger,public,trg_report_verifications_append_only,"table=report_verifications; timing=BEFORE; events=DELETE,UPDATE; action=EXECUTE FUNCTION block_signature_mutation()",20260717200000_mvp2_m2_12_committee_signature.sql,canonical+applied,
rls_enablement,public,report_verifications__rls,rls_enabled=True; forced=False,20260717200000_mvp2_m2_12_committee_signature.sql,canonical+applied,
rls_policy,public,report_verifications.report_verifications_read,cmd=SELECT; roles={public}; permissive=PERMISSIVE,20260717200000_mvp2_m2_12_committee_signature.sql,canonical+applied,
rls_policy,public,report_verifications.report_verifications_write,cmd=INSERT; roles={public}; permissive=PERMISSIVE,20260717200000_mvp2_m2_12_committee_signature.sql,canonical+applied,
table,public,reviews,columns=9; pk_cols=1; fk_out=3; triggers=3; rls=enabled; policies=3,0001_foundation.sql,canonical+applied,
column,public,reviews.id,type=uuid; nullable=NO; default=gen_random_uuid(); ordinal=1,0001_foundation.sql,canonical+applied,
column,public,reviews.inspection_id,type=uuid; nullable=NO; default=None; ordinal=2,0001_foundation.sql,canonical+applied,
column,public,reviews.submission_version_id,type=uuid; nullable=NO; default=None; ordinal=3,0001_foundation.sql,canonical+applied,
column,public,reviews.reviewer_id,type=uuid; nullable=YES; default=None; ordinal=4,0001_foundation.sql,canonical+applied,
column,public,reviews.status,type=USER-DEFINED; nullable=NO; default='pending_review'::review_status; ordinal=5,0001_foundation.sql,canonical+applied,
column,public,reviews.decision,type=text; nullable=YES; default=None; ordinal=6,0001_foundation.sql,canonical+applied,
column,public,reviews.decision_reason,type=text; nullable=YES; default=None; ordinal=7,0001_foundation.sql,canonical+applied,
column,public,reviews.returned_sections,type=jsonb; nullable=YES; default=None; ordinal=8,0001_foundation.sql,canonical+applied,
column,public,reviews.decided_at,type=timestamp with time zone; nullable=YES; default=None; ordinal=9,0001_foundation.sql,canonical+applied,
primary_key,public,reviews_pkey,table=reviews; columns=id,0001_foundation.sql,canonical+applied,
foreign_key,public,reviews_inspection_id_fkey,reviews.inspection_id -> inspections.id,0001_foundation.sql,canonical+applied,
foreign_key,public,reviews_reviewer_id_fkey,reviews.reviewer_id -> profiles.user_id,0001_foundation.sql,canonical+applied,
foreign_key,public,reviews_submission_version_id_fkey,reviews.submission_version_id -> submission_versions.id,0001_foundation.sql,canonical+applied,
check,public,2200_18171_1_not_null,table=reviews; columns=None,0001_foundation.sql,canonical+applied,
check,public,2200_18171_2_not_null,table=reviews; columns=None,0001_foundation.sql,canonical+applied,
check,public,2200_18171_3_not_null,table=reviews; columns=None,0001_foundation.sql,canonical+applied,
check,public,2200_18171_5_not_null,table=reviews; columns=None,0001_foundation.sql,canonical+applied,
check,public,reviews_decision_reason_check,table=reviews; columns=None,0001_foundation.sql,canonical+applied,
index,public,reviews_inspection_decided_idx,"CREATE INDEX reviews_inspection_decided_idx ON public.reviews USING btree (inspection_id, decided_at DESC)",0001_foundation.sql,canonical+applied,
index,public,reviews_one_open_per_version,CREATE UNIQUE INDEX reviews_one_open_per_version ON public.reviews USING btree (submission_version_id) WHERE (decided_at IS NULL),0001_foundation.sql,canonical+applied,
index,public,reviews_pkey,CREATE UNIQUE INDEX reviews_pkey ON public.reviews USING btree (id),0001_foundation.sql,canonical+applied,
trigger,public,trg_audit_reviews,"table=reviews; timing=AFTER; events=DELETE,INSERT,UPDATE; action=EXECUTE FUNCTION audit_row_change()",0001_foundation.sql,canonical+applied,
trigger,public,trg_guard_review,table=reviews; timing=BEFORE; events=UPDATE; action=EXECUTE FUNCTION guard_decided_review(),0001_foundation.sql,canonical+applied,
trigger,public,trg_mvp2_m2_05_semantic_reviews,"table=reviews; timing=AFTER; events=INSERT,UPDATE; action=EXECUTE FUNCTION emit_mvp2_m2_05_semantic_event()",0001_foundation.sql,canonical+applied,
rls_enablement,public,reviews__rls,rls_enabled=True; forced=False,0001_foundation.sql,canonical+applied,
rls_policy,public,reviews.reviews_insert,cmd=INSERT; roles={public}; permissive=PERMISSIVE,0001_foundation.sql,canonical+applied,
rls_policy,public,reviews.reviews_read,cmd=SELECT; roles={public}; permissive=PERMISSIVE,0001_foundation.sql,canonical+applied,
rls_policy,public,reviews.reviews_update,cmd=UPDATE; roles={public}; permissive=PERMISSIVE,0001_foundation.sql,canonical+applied,
table,public,risk_exceptions,columns=9; pk_cols=1; fk_out=2; triggers=0; rls=enabled; policies=3,20260717170000_mvp2_m2_04_risk_workbench.sql,canonical+applied,
column,public,risk_exceptions.id,type=uuid; nullable=NO; default=gen_random_uuid(); ordinal=1,20260717170000_mvp2_m2_04_risk_workbench.sql,canonical+applied,
column,public,risk_exceptions.factory_id,type=uuid; nullable=YES; default=None; ordinal=2,20260717170000_mvp2_m2_04_risk_workbench.sql,canonical+applied,
column,public,risk_exceptions.run_id,type=uuid; nullable=YES; default=None; ordinal=3,20260717170000_mvp2_m2_04_risk_workbench.sql,canonical+applied,
column,public,risk_exceptions.status,type=text; nullable=NO; default='open'::text; ordinal=4,20260717170000_mvp2_m2_04_risk_workbench.sql,canonical+applied,
column,public,risk_exceptions.reason,type=text; nullable=YES; default=None; ordinal=5,20260717170000_mvp2_m2_04_risk_workbench.sql,canonical+applied,
column,public,risk_exceptions.evidence_ref,type=text; nullable=YES; default=None; ordinal=6,20260717170000_mvp2_m2_04_risk_workbench.sql,canonical+applied,
column,public,risk_exceptions.resolved_by,type=uuid; nullable=YES; default=None; ordinal=7,20260717170000_mvp2_m2_04_risk_workbench.sql,canonical+applied,
column,public,risk_exceptions.resolved_at,type=timestamp with time zone; nullable=YES; default=None; ordinal=8,20260717170000_mvp2_m2_04_risk_workbench.sql,canonical+applied,
column,public,risk_exceptions.created_at,type=timestamp with time zone; nullable=NO; default=now(); ordinal=9,20260717170000_mvp2_m2_04_risk_workbench.sql,canonical+applied,
primary_key,public,risk_exceptions_pkey,table=risk_exceptions; columns=id,20260717170000_mvp2_m2_04_risk_workbench.sql,canonical+applied,
foreign_key,public,risk_exceptions_resolved_by_fkey,risk_exceptions.resolved_by -> profiles.user_id,20260717170000_mvp2_m2_04_risk_workbench.sql,canonical+applied,
foreign_key,public,risk_exceptions_run_id_fkey,risk_exceptions.run_id -> risk_runs.id,20260717170000_mvp2_m2_04_risk_workbench.sql,canonical+applied,
check,public,2200_20525_1_not_null,table=risk_exceptions; columns=None,20260717170000_mvp2_m2_04_risk_workbench.sql,canonical+applied,
check,public,2200_20525_4_not_null,table=risk_exceptions; columns=None,20260717170000_mvp2_m2_04_risk_workbench.sql,canonical+applied,
check,public,2200_20525_9_not_null,table=risk_exceptions; columns=None,20260717170000_mvp2_m2_04_risk_workbench.sql,canonical+applied,
check,public,risk_exceptions_status_check,table=risk_exceptions; columns=None,20260717170000_mvp2_m2_04_risk_workbench.sql,canonical+applied,
index,public,risk_exceptions_pkey,CREATE UNIQUE INDEX risk_exceptions_pkey ON public.risk_exceptions USING btree (id),20260717170000_mvp2_m2_04_risk_workbench.sql,canonical+applied,
index,public,risk_exceptions_status_idx,"CREATE INDEX risk_exceptions_status_idx ON public.risk_exceptions USING btree (status, created_at DESC)",20260717170000_mvp2_m2_04_risk_workbench.sql,canonical+applied,
rls_enablement,public,risk_exceptions__rls,rls_enabled=True; forced=False,20260717170000_mvp2_m2_04_risk_workbench.sql,canonical+applied,
rls_policy,public,risk_exceptions.risk_exceptions_read,cmd=SELECT; roles={public}; permissive=PERMISSIVE,20260717170000_mvp2_m2_04_risk_workbench.sql,canonical+applied,
rls_policy,public,risk_exceptions.risk_exceptions_update,cmd=UPDATE; roles={public}; permissive=PERMISSIVE,20260717170000_mvp2_m2_04_risk_workbench.sql,canonical+applied,
rls_policy,public,risk_exceptions.risk_exceptions_write,cmd=INSERT; roles={public}; permissive=PERMISSIVE,20260717170000_mvp2_m2_04_risk_workbench.sql,canonical+applied,
table,public,risk_models,columns=13; pk_cols=1; fk_out=3; triggers=2; rls=enabled; policies=3,20260717170000_mvp2_m2_04_risk_workbench.sql,canonical+applied,
column,public,risk_models.id,type=uuid; nullable=NO; default=gen_random_uuid(); ordinal=1,20260717170000_mvp2_m2_04_risk_workbench.sql,canonical+applied,
column,public,risk_models.model_key,type=text; nullable=NO; default='risk'::text; ordinal=2,20260717170000_mvp2_m2_04_risk_workbench.sql,canonical+applied,
column,public,risk_models.version_label,type=text; nullable=NO; default=None; ordinal=3,20260717170000_mvp2_m2_04_risk_workbench.sql,canonical+applied,
column,public,risk_models.status,type=text; nullable=NO; default='draft'::text; ordinal=4,20260717170000_mvp2_m2_04_risk_workbench.sql,canonical+applied,
column,public,risk_models.payload,type=jsonb; nullable=NO; default='{}'::jsonb; ordinal=5,20260717170000_mvp2_m2_04_risk_workbench.sql,canonical+applied,
column,public,risk_models.row_version,type=integer; nullable=NO; default=1; ordinal=6,20260717170000_mvp2_m2_04_risk_workbench.sql,canonical+applied,
column,public,risk_models.rollback_of,type=uuid; nullable=YES; default=None; ordinal=7,20260717170000_mvp2_m2_04_risk_workbench.sql,canonical+applied,
column,public,risk_models.retire_reason,type=text; nullable=YES; default=None; ordinal=8,20260717170000_mvp2_m2_04_risk_workbench.sql,canonical+applied,
column,public,risk_models.created_by,type=uuid; nullable=YES; default=None; ordinal=9,20260717170000_mvp2_m2_04_risk_workbench.sql,canonical+applied,
column,public,risk_models.approved_by,type=uuid; nullable=YES; default=None; ordinal=10,20260717170000_mvp2_m2_04_risk_workbench.sql,canonical+applied,
column,public,risk_models.effective_from,type=timestamp with time zone; nullable=YES; default=None; ordinal=11,20260717170000_mvp2_m2_04_risk_workbench.sql,canonical+applied,
column,public,risk_models.created_at,type=timestamp with time zone; nullable=NO; default=now(); ordinal=12,20260717170000_mvp2_m2_04_risk_workbench.sql,canonical+applied,
column,public,risk_models.updated_at,type=timestamp with time zone; nullable=NO; default=now(); ordinal=13,20260717170000_mvp2_m2_04_risk_workbench.sql,canonical+applied,
primary_key,public,risk_models_pkey,table=risk_models; columns=id,20260717170000_mvp2_m2_04_risk_workbench.sql,canonical+applied,
foreign_key,public,risk_models_approved_by_fkey,risk_models.approved_by -> profiles.user_id,20260717170000_mvp2_m2_04_risk_workbench.sql,canonical+applied,
foreign_key,public,risk_models_rollback_of_fkey,risk_models.rollback_of -> risk_models.id,20260717170000_mvp2_m2_04_risk_workbench.sql,canonical+applied,
foreign_key,public,risk_models_created_by_fkey,risk_models.created_by -> profiles.user_id,20260717170000_mvp2_m2_04_risk_workbench.sql,canonical+applied,
check,public,2200_20454_12_not_null,table=risk_models; columns=None,20260717170000_mvp2_m2_04_risk_workbench.sql,canonical+applied,
check,public,2200_20454_13_not_null,table=risk_models; columns=None,20260717170000_mvp2_m2_04_risk_workbench.sql,canonical+applied,
check,public,2200_20454_1_not_null,table=risk_models; columns=None,20260717170000_mvp2_m2_04_risk_workbench.sql,canonical+applied,
check,public,2200_20454_2_not_null,table=risk_models; columns=None,20260717170000_mvp2_m2_04_risk_workbench.sql,canonical+applied,
check,public,2200_20454_3_not_null,table=risk_models; columns=None,20260717170000_mvp2_m2_04_risk_workbench.sql,canonical+applied,
check,public,2200_20454_4_not_null,table=risk_models; columns=None,20260717170000_mvp2_m2_04_risk_workbench.sql,canonical+applied,
check,public,2200_20454_5_not_null,table=risk_models; columns=None,20260717170000_mvp2_m2_04_risk_workbench.sql,canonical+applied,
check,public,2200_20454_6_not_null,table=risk_models; columns=None,20260717170000_mvp2_m2_04_risk_workbench.sql,canonical+applied,
check,public,risk_models_maker_checker,table=risk_models; columns=None,20260717170000_mvp2_m2_04_risk_workbench.sql,canonical+applied,
check,public,risk_models_status_check,table=risk_models; columns=None,20260717170000_mvp2_m2_04_risk_workbench.sql,canonical+applied,
index,public,risk_models_key_status_idx,"CREATE INDEX risk_models_key_status_idx ON public.risk_models USING btree (model_key, status)",20260717170000_mvp2_m2_04_risk_workbench.sql,canonical+applied,
index,public,risk_models_pkey,CREATE UNIQUE INDEX risk_models_pkey ON public.risk_models USING btree (id),20260717170000_mvp2_m2_04_risk_workbench.sql,canonical+applied,
trigger,public,trg_risk_models_bump,table=risk_models; timing=BEFORE; events=UPDATE; action=EXECUTE FUNCTION risk_models_bump_row_version(),20260717170000_mvp2_m2_04_risk_workbench.sql,canonical+applied,
trigger,public,trg_risk_models_immutable,"table=risk_models; timing=BEFORE; events=DELETE,UPDATE; action=EXECUTE FUNCTION block_published_risk_model_mutation()",20260717170000_mvp2_m2_04_risk_workbench.sql,canonical+applied,
rls_enablement,public,risk_models__rls,rls_enabled=True; forced=False,20260717170000_mvp2_m2_04_risk_workbench.sql,canonical+applied,
rls_policy,public,risk_models.risk_models_read,cmd=SELECT; roles={public}; permissive=PERMISSIVE,20260717170000_mvp2_m2_04_risk_workbench.sql,canonical+applied,
rls_policy,public,risk_models.risk_models_update,cmd=UPDATE; roles={public}; permissive=PERMISSIVE,20260717170000_mvp2_m2_04_risk_workbench.sql,canonical+applied,
rls_policy,public,risk_models.risk_models_write,cmd=INSERT; roles={public}; permissive=PERMISSIVE,20260717170000_mvp2_m2_04_risk_workbench.sql,canonical+applied,
table,public,risk_overrides,columns=10; pk_cols=1; fk_out=2; triggers=0; rls=enabled; policies=3,20260717170000_mvp2_m2_04_risk_workbench.sql,canonical+applied,
column,public,risk_overrides.id,type=uuid; nullable=NO; default=gen_random_uuid(); ordinal=1,20260717170000_mvp2_m2_04_risk_workbench.sql,canonical+applied,
column,public,risk_overrides.factory_id,type=uuid; nullable=NO; default=None; ordinal=2,20260717170000_mvp2_m2_04_risk_workbench.sql,canonical+applied,
column,public,risk_overrides.status,type=text; nullable=NO; default='requested'::text; ordinal=3,20260717170000_mvp2_m2_04_risk_workbench.sql,canonical+applied,
column,public,risk_overrides.sensitivity_class,type=text; nullable=YES; default=None; ordinal=4,20260717170000_mvp2_m2_04_risk_workbench.sql,canonical+applied,
column,public,risk_overrides.reason,type=text; nullable=NO; default=None; ordinal=5,20260717170000_mvp2_m2_04_risk_workbench.sql,canonical+applied,
column,public,risk_overrides.requested_by,type=uuid; nullable=YES; default=None; ordinal=6,20260717170000_mvp2_m2_04_risk_workbench.sql,canonical+applied,
column,public,risk_overrides.decided_by,type=uuid; nullable=YES; default=None; ordinal=7,20260717170000_mvp2_m2_04_risk_workbench.sql,canonical+applied,
column,public,risk_overrides.effective_from,type=timestamp with time zone; nullable=YES; default=None; ordinal=8,20260717170000_mvp2_m2_04_risk_workbench.sql,canonical+applied,
column,public,risk_overrides.ended_at,type=timestamp with time zone; nullable=YES; default=None; ordinal=9,20260717170000_mvp2_m2_04_risk_workbench.sql,canonical+applied,
column,public,risk_overrides.created_at,type=timestamp with time zone; nullable=NO; default=now(); ordinal=10,20260717170000_mvp2_m2_04_risk_workbench.sql,canonical+applied,
primary_key,public,risk_overrides_pkey,table=risk_overrides; columns=id,20260717170000_mvp2_m2_04_risk_workbench.sql,canonical+applied,
foreign_key,public,risk_overrides_decided_by_fkey,risk_overrides.decided_by -> profiles.user_id,20260717170000_mvp2_m2_04_risk_workbench.sql,canonical+applied,
foreign_key,public,risk_overrides_requested_by_fkey,risk_overrides.requested_by -> profiles.user_id,20260717170000_mvp2_m2_04_risk_workbench.sql,canonical+applied,
check,public,2200_20547_10_not_null,table=risk_overrides; columns=None,20260717170000_mvp2_m2_04_risk_workbench.sql,canonical+applied,
check,public,2200_20547_1_not_null,table=risk_overrides; columns=None,20260717170000_mvp2_m2_04_risk_workbench.sql,canonical+applied,
check,public,2200_20547_2_not_null,table=risk_overrides; columns=None,20260717170000_mvp2_m2_04_risk_workbench.sql,canonical+applied,
check,public,2200_20547_3_not_null,table=risk_overrides; columns=None,20260717170000_mvp2_m2_04_risk_workbench.sql,canonical+applied,
check,public,2200_20547_5_not_null,table=risk_overrides; columns=None,20260717170000_mvp2_m2_04_risk_workbench.sql,canonical+applied,
check,public,risk_overrides_maker_checker,table=risk_overrides; columns=None,20260717170000_mvp2_m2_04_risk_workbench.sql,canonical+applied,
check,public,risk_overrides_status_check,table=risk_overrides; columns=None,20260717170000_mvp2_m2_04_risk_workbench.sql,canonical+applied,
index,public,risk_overrides_factory_idx,"CREATE INDEX risk_overrides_factory_idx ON public.risk_overrides USING btree (factory_id, status)",20260717170000_mvp2_m2_04_risk_workbench.sql,canonical+applied,
index,public,risk_overrides_pkey,CREATE UNIQUE INDEX risk_overrides_pkey ON public.risk_overrides USING btree (id),20260717170000_mvp2_m2_04_risk_workbench.sql,canonical+applied,
rls_enablement,public,risk_overrides__rls,rls_enabled=True; forced=False,20260717170000_mvp2_m2_04_risk_workbench.sql,canonical+applied,
rls_policy,public,risk_overrides.risk_overrides_read,cmd=SELECT; roles={public}; permissive=PERMISSIVE,20260717170000_mvp2_m2_04_risk_workbench.sql,canonical+applied,
rls_policy,public,risk_overrides.risk_overrides_update,cmd=UPDATE; roles={public}; permissive=PERMISSIVE,20260717170000_mvp2_m2_04_risk_workbench.sql,canonical+applied,
rls_policy,public,risk_overrides.risk_overrides_write,cmd=INSERT; roles={public}; permissive=PERMISSIVE,20260717170000_mvp2_m2_04_risk_workbench.sql,canonical+applied,
table,public,risk_runs,columns=9; pk_cols=1; fk_out=1; triggers=0; rls=enabled; policies=3,20260717170000_mvp2_m2_04_risk_workbench.sql,canonical+applied,
column,public,risk_runs.id,type=uuid; nullable=NO; default=gen_random_uuid(); ordinal=1,20260717170000_mvp2_m2_04_risk_workbench.sql,canonical+applied,
column,public,risk_runs.model_version_label,type=text; nullable=NO; default=None; ordinal=2,20260717170000_mvp2_m2_04_risk_workbench.sql,canonical+applied,
column,public,risk_runs.status,type=text; nullable=NO; default='queued'::text; ordinal=3,20260717170000_mvp2_m2_04_risk_workbench.sql,canonical+applied,
column,public,risk_runs.reason,type=text; nullable=YES; default=None; ordinal=4,20260717170000_mvp2_m2_04_risk_workbench.sql,canonical+applied,
column,public,risk_runs.idempotency_key,type=text; nullable=YES; default=None; ordinal=5,20260717170000_mvp2_m2_04_risk_workbench.sql,canonical+applied,
column,public,risk_runs.requested_by,type=uuid; nullable=YES; default=None; ordinal=6,20260717170000_mvp2_m2_04_risk_workbench.sql,canonical+applied,
column,public,risk_runs.started_at,type=timestamp with time zone; nullable=YES; default=None; ordinal=7,20260717170000_mvp2_m2_04_risk_workbench.sql,canonical+applied,
column,public,risk_runs.finished_at,type=timestamp with time zone; nullable=YES; default=None; ordinal=8,20260717170000_mvp2_m2_04_risk_workbench.sql,canonical+applied,
column,public,risk_runs.created_at,type=timestamp with time zone; nullable=NO; default=now(); ordinal=9,20260717170000_mvp2_m2_04_risk_workbench.sql,canonical+applied,
primary_key,public,risk_runs_pkey,table=risk_runs; columns=id,20260717170000_mvp2_m2_04_risk_workbench.sql,canonical+applied,
foreign_key,public,risk_runs_requested_by_fkey,risk_runs.requested_by -> profiles.user_id,20260717170000_mvp2_m2_04_risk_workbench.sql,canonical+applied,
check,public,2200_20507_1_not_null,table=risk_runs; columns=None,20260717170000_mvp2_m2_04_risk_workbench.sql,canonical+applied,
check,public,2200_20507_2_not_null,table=risk_runs; columns=None,20260717170000_mvp2_m2_04_risk_workbench.sql,canonical+applied,
check,public,2200_20507_3_not_null,table=risk_runs; columns=None,20260717170000_mvp2_m2_04_risk_workbench.sql,canonical+applied,
check,public,2200_20507_9_not_null,table=risk_runs; columns=None,20260717170000_mvp2_m2_04_risk_workbench.sql,canonical+applied,
unique,public,risk_runs_idempotency_key_key,table=risk_runs; columns=idempotency_key,20260717170000_mvp2_m2_04_risk_workbench.sql,canonical+applied,
check,public,risk_runs_status_check,table=risk_runs; columns=None,20260717170000_mvp2_m2_04_risk_workbench.sql,canonical+applied,
index,public,risk_runs_idempotency_key_key,CREATE UNIQUE INDEX risk_runs_idempotency_key_key ON public.risk_runs USING btree (idempotency_key),20260717170000_mvp2_m2_04_risk_workbench.sql,canonical+applied,
index,public,risk_runs_pkey,CREATE UNIQUE INDEX risk_runs_pkey ON public.risk_runs USING btree (id),20260717170000_mvp2_m2_04_risk_workbench.sql,canonical+applied,
rls_enablement,public,risk_runs__rls,rls_enabled=True; forced=False,20260717170000_mvp2_m2_04_risk_workbench.sql,canonical+applied,
rls_policy,public,risk_runs.risk_runs_read,cmd=SELECT; roles={public}; permissive=PERMISSIVE,20260717170000_mvp2_m2_04_risk_workbench.sql,canonical+applied,
rls_policy,public,risk_runs.risk_runs_update,cmd=UPDATE; roles={public}; permissive=PERMISSIVE,20260717170000_mvp2_m2_04_risk_workbench.sql,canonical+applied,
rls_policy,public,risk_runs.risk_runs_write,cmd=INSERT; roles={public}; permissive=PERMISSIVE,20260717170000_mvp2_m2_04_risk_workbench.sql,canonical+applied,
table,public,risk_simulations,columns=6; pk_cols=1; fk_out=2; triggers=0; rls=enabled; policies=3,20260717170000_mvp2_m2_04_risk_workbench.sql,canonical+applied,
column,public,risk_simulations.id,type=uuid; nullable=NO; default=gen_random_uuid(); ordinal=1,20260717170000_mvp2_m2_04_risk_workbench.sql,canonical+applied,
column,public,risk_simulations.model_id,type=uuid; nullable=NO; default=None; ordinal=2,20260717170000_mvp2_m2_04_risk_workbench.sql,canonical+applied,
column,public,risk_simulations.input_ref,type=text; nullable=YES; default=None; ordinal=3,20260717170000_mvp2_m2_04_risk_workbench.sql,canonical+applied,
column,public,risk_simulations.result,type=jsonb; nullable=NO; default='{}'::jsonb; ordinal=4,20260717170000_mvp2_m2_04_risk_workbench.sql,canonical+applied,
column,public,risk_simulations.created_by,type=uuid; nullable=YES; default=None; ordinal=5,20260717170000_mvp2_m2_04_risk_workbench.sql,canonical+applied,
column,public,risk_simulations.created_at,type=timestamp with time zone; nullable=NO; default=now(); ordinal=6,20260717170000_mvp2_m2_04_risk_workbench.sql,canonical+applied,
primary_key,public,risk_simulations_pkey,table=risk_simulations; columns=id,20260717170000_mvp2_m2_04_risk_workbench.sql,canonical+applied,
foreign_key,public,risk_simulations_created_by_fkey,risk_simulations.created_by -> profiles.user_id,20260717170000_mvp2_m2_04_risk_workbench.sql,canonical+applied,
foreign_key,public,risk_simulations_model_id_fkey,risk_simulations.model_id -> risk_models.id,20260717170000_mvp2_m2_04_risk_workbench.sql,canonical+applied,
check,public,2200_20486_1_not_null,table=risk_simulations; columns=None,20260717170000_mvp2_m2_04_risk_workbench.sql,canonical+applied,
check,public,2200_20486_2_not_null,table=risk_simulations; columns=None,20260717170000_mvp2_m2_04_risk_workbench.sql,canonical+applied,
check,public,2200_20486_4_not_null,table=risk_simulations; columns=None,20260717170000_mvp2_m2_04_risk_workbench.sql,canonical+applied,
check,public,2200_20486_6_not_null,table=risk_simulations; columns=None,20260717170000_mvp2_m2_04_risk_workbench.sql,canonical+applied,
index,public,risk_simulations_model_idx,"CREATE INDEX risk_simulations_model_idx ON public.risk_simulations USING btree (model_id, created_at DESC)",20260717170000_mvp2_m2_04_risk_workbench.sql,canonical+applied,
index,public,risk_simulations_pkey,CREATE UNIQUE INDEX risk_simulations_pkey ON public.risk_simulations USING btree (id),20260717170000_mvp2_m2_04_risk_workbench.sql,canonical+applied,
rls_enablement,public,risk_simulations__rls,rls_enabled=True; forced=False,20260717170000_mvp2_m2_04_risk_workbench.sql,canonical+applied,
rls_policy,public,risk_simulations.risk_simulations_read,cmd=SELECT; roles={public}; permissive=PERMISSIVE,20260717170000_mvp2_m2_04_risk_workbench.sql,canonical+applied,
rls_policy,public,risk_simulations.risk_simulations_update,cmd=UPDATE; roles={public}; permissive=PERMISSIVE,20260717170000_mvp2_m2_04_risk_workbench.sql,canonical+applied,
rls_policy,public,risk_simulations.risk_simulations_write,cmd=INSERT; roles={public}; permissive=PERMISSIVE,20260717170000_mvp2_m2_04_risk_workbench.sql,canonical+applied,
table,public,risk_variables,columns=8; pk_cols=1; fk_out=1; triggers=0; rls=enabled; policies=3,20260717170000_mvp2_m2_04_risk_workbench.sql,canonical+applied,
column,public,risk_variables.id,type=uuid; nullable=NO; default=gen_random_uuid(); ordinal=1,20260717170000_mvp2_m2_04_risk_workbench.sql,canonical+applied,
column,public,risk_variables.var_key,type=text; nullable=NO; default=None; ordinal=2,20260717170000_mvp2_m2_04_risk_workbench.sql,canonical+applied,
column,public,risk_variables.label,type=text; nullable=NO; default=None; ordinal=3,20260717170000_mvp2_m2_04_risk_workbench.sql,canonical+applied,
column,public,risk_variables.data_type,type=text; nullable=NO; default=None; ordinal=4,20260717170000_mvp2_m2_04_risk_workbench.sql,canonical+applied,
column,public,risk_variables.source_ref,type=text; nullable=YES; default=None; ordinal=5,20260717170000_mvp2_m2_04_risk_workbench.sql,canonical+applied,
column,public,risk_variables.active,type=boolean; nullable=NO; default=true; ordinal=6,20260717170000_mvp2_m2_04_risk_workbench.sql,canonical+applied,
column,public,risk_variables.created_by,type=uuid; nullable=YES; default=None; ordinal=7,20260717170000_mvp2_m2_04_risk_workbench.sql,canonical+applied,
column,public,risk_variables.created_at,type=timestamp with time zone; nullable=NO; default=now(); ordinal=8,20260717170000_mvp2_m2_04_risk_workbench.sql,canonical+applied,
primary_key,public,risk_variables_pkey,table=risk_variables; columns=id,20260717170000_mvp2_m2_04_risk_workbench.sql,canonical+applied,
foreign_key,public,risk_variables_created_by_fkey,risk_variables.created_by -> profiles.user_id,20260717170000_mvp2_m2_04_risk_workbench.sql,canonical+applied,
check,public,2200_20436_1_not_null,table=risk_variables; columns=None,20260717170000_mvp2_m2_04_risk_workbench.sql,canonical+applied,
check,public,2200_20436_2_not_null,table=risk_variables; columns=None,20260717170000_mvp2_m2_04_risk_workbench.sql,canonical+applied,
check,public,2200_20436_3_not_null,table=risk_variables; columns=None,20260717170000_mvp2_m2_04_risk_workbench.sql,canonical+applied,
check,public,2200_20436_4_not_null,table=risk_variables; columns=None,20260717170000_mvp2_m2_04_risk_workbench.sql,canonical+applied,
check,public,2200_20436_6_not_null,table=risk_variables; columns=None,20260717170000_mvp2_m2_04_risk_workbench.sql,canonical+applied,
check,public,2200_20436_8_not_null,table=risk_variables; columns=None,20260717170000_mvp2_m2_04_risk_workbench.sql,canonical+applied,
check,public,risk_variables_data_type_check,table=risk_variables; columns=None,20260717170000_mvp2_m2_04_risk_workbench.sql,canonical+applied,
unique,public,risk_variables_var_key_key,table=risk_variables; columns=var_key,20260717170000_mvp2_m2_04_risk_workbench.sql,canonical+applied,
index,public,risk_variables_pkey,CREATE UNIQUE INDEX risk_variables_pkey ON public.risk_variables USING btree (id),20260717170000_mvp2_m2_04_risk_workbench.sql,canonical+applied,
index,public,risk_variables_var_key_key,CREATE UNIQUE INDEX risk_variables_var_key_key ON public.risk_variables USING btree (var_key),20260717170000_mvp2_m2_04_risk_workbench.sql,canonical+applied,
rls_enablement,public,risk_variables__rls,rls_enabled=True; forced=False,20260717170000_mvp2_m2_04_risk_workbench.sql,canonical+applied,
rls_policy,public,risk_variables.risk_variables_read,cmd=SELECT; roles={public}; permissive=PERMISSIVE,20260717170000_mvp2_m2_04_risk_workbench.sql,canonical+applied,
rls_policy,public,risk_variables.risk_variables_update,cmd=UPDATE; roles={public}; permissive=PERMISSIVE,20260717170000_mvp2_m2_04_risk_workbench.sql,canonical+applied,
rls_policy,public,risk_variables.risk_variables_write,cmd=INSERT; roles={public}; permissive=PERMISSIVE,20260717170000_mvp2_m2_04_risk_workbench.sql,canonical+applied,
table,public,role_capabilities,columns=2; pk_cols=2; fk_out=2; triggers=0; rls=enabled; policies=1,20260721093000_execution_canonical_contracts.sql,canonical+applied,
column,public,role_capabilities.role_key,type=text; nullable=NO; default=None; ordinal=1,20260721093000_execution_canonical_contracts.sql,canonical+applied,
column,public,role_capabilities.capability_key,type=text; nullable=NO; default=None; ordinal=2,20260721093000_execution_canonical_contracts.sql,canonical+applied,
primary_key,public,role_capabilities_pkey,"table=role_capabilities; columns=role_key,capability_key",20260721093000_execution_canonical_contracts.sql,canonical+applied,
foreign_key,public,role_capabilities_role_key_fkey,role_capabilities.role_key -> roles.role_key,20260721093000_execution_canonical_contracts.sql,canonical+applied,
foreign_key,public,role_capabilities_capability_key_fkey,role_capabilities.capability_key -> capabilities.capability_key,20260721093000_execution_canonical_contracts.sql,canonical+applied,
check,public,2200_23727_1_not_null,table=role_capabilities; columns=None,20260721093000_execution_canonical_contracts.sql,canonical+applied,
check,public,2200_23727_2_not_null,table=role_capabilities; columns=None,20260721093000_execution_canonical_contracts.sql,canonical+applied,
index,public,role_capabilities_pkey,"CREATE UNIQUE INDEX role_capabilities_pkey ON public.role_capabilities USING btree (role_key, capability_key)",20260721093000_execution_canonical_contracts.sql,canonical+applied,
rls_enablement,public,role_capabilities__rls,rls_enabled=True; forced=False,20260721093000_execution_canonical_contracts.sql,canonical+applied,
rls_policy,public,role_capabilities.role_capabilities_read,cmd=SELECT; roles={authenticated}; permissive=PERMISSIVE,20260721093000_execution_canonical_contracts.sql,canonical+applied,
table,public,role_permissions,columns=3; pk_cols=2; fk_out=2; triggers=1; rls=enabled; policies=2,20260720010000_factory360_v2_foundation.sql,canonical+applied,
column,public,role_permissions.role_key,type=text; nullable=NO; default=None; ordinal=1,20260720010000_factory360_v2_foundation.sql,canonical+applied,
column,public,role_permissions.permission_key,type=text; nullable=NO; default=None; ordinal=2,20260720010000_factory360_v2_foundation.sql,canonical+applied,
column,public,role_permissions.granted_at,type=timestamp with time zone; nullable=NO; default=now(); ordinal=3,20260720010000_factory360_v2_foundation.sql,canonical+applied,
primary_key,public,role_permissions_pkey,"table=role_permissions; columns=role_key,permission_key",20260720010000_factory360_v2_foundation.sql,canonical+applied,
foreign_key,public,role_permissions_permission_key_fkey,role_permissions.permission_key -> permissions.permission_key,20260720010000_factory360_v2_foundation.sql,canonical+applied,
foreign_key,public,role_permissions_role_key_fkey,role_permissions.role_key -> roles.role_key,20260720010000_factory360_v2_foundation.sql,canonical+applied,
check,public,2200_22271_1_not_null,table=role_permissions; columns=None,20260720010000_factory360_v2_foundation.sql,canonical+applied,
check,public,2200_22271_2_not_null,table=role_permissions; columns=None,20260720010000_factory360_v2_foundation.sql,canonical+applied,
check,public,2200_22271_3_not_null,table=role_permissions; columns=None,20260720010000_factory360_v2_foundation.sql,canonical+applied,
index,public,role_permissions_pkey,"CREATE UNIQUE INDEX role_permissions_pkey ON public.role_permissions USING btree (role_key, permission_key)",20260720010000_factory360_v2_foundation.sql,canonical+applied,
trigger,public,trg_audit_role_permissions,"table=role_permissions; timing=AFTER; events=DELETE,INSERT,UPDATE; action=EXECUTE FUNCTION audit_row_change()",20260720010000_factory360_v2_foundation.sql,canonical+applied,
rls_enablement,public,role_permissions__rls,rls_enabled=True; forced=False,20260720010000_factory360_v2_foundation.sql,canonical+applied,
rls_policy,public,role_permissions.f360_role_permissions_admin,cmd=ALL; roles={authenticated}; permissive=PERMISSIVE,20260720010000_factory360_v2_foundation.sql,canonical+applied,
rls_policy,public,role_permissions.f360_role_permissions_read,cmd=SELECT; roles={authenticated}; permissive=PERMISSIVE,20260720010000_factory360_v2_foundation.sql,canonical+applied,
table,public,roles,columns=3; pk_cols=1; fk_out=0; triggers=0; rls=enabled; policies=1,0001_foundation.sql,canonical+applied,
column,public,roles.role_key,type=text; nullable=NO; default=None; ordinal=1,0001_foundation.sql,canonical+applied,
column,public,roles.title,type=text; nullable=NO; default=None; ordinal=2,0001_foundation.sql,canonical+applied,
column,public,roles.is_admin,type=boolean; nullable=NO; default=false; ordinal=3,0001_foundation.sql,canonical+applied,
primary_key,public,roles_pkey,table=roles; columns=role_key,0001_foundation.sql,canonical+applied,
check,public,2200_17738_1_not_null,table=roles; columns=None,0001_foundation.sql,canonical+applied,
check,public,2200_17738_2_not_null,table=roles; columns=None,0001_foundation.sql,canonical+applied,
check,public,2200_17738_3_not_null,table=roles; columns=None,0001_foundation.sql,canonical+applied,
index,public,roles_pkey,CREATE UNIQUE INDEX roles_pkey ON public.roles USING btree (role_key),0001_foundation.sql,canonical+applied,
rls_enablement,public,roles__rls,rls_enabled=True; forced=False,0001_foundation.sql,canonical+applied,
rls_policy,public,roles.roles_read,cmd=SELECT; roles={public}; permissive=PERMISSIVE,0001_foundation.sql,canonical+applied,
table,public,route_snapshots,columns=5; pk_cols=1; fk_out=0; triggers=0; rls=enabled; policies=3,20260717220000_mvp2_m2_06_spatial_gis.sql,canonical+applied,
column,public,route_snapshots.id,type=uuid; nullable=NO; default=gen_random_uuid(); ordinal=1,20260717220000_mvp2_m2_06_spatial_gis.sql,canonical+applied,
column,public,route_snapshots.visit_id,type=uuid; nullable=YES; default=None; ordinal=2,20260717220000_mvp2_m2_06_spatial_gis.sql,canonical+applied,
column,public,route_snapshots.label,type=text; nullable=YES; default=None; ordinal=3,20260717220000_mvp2_m2_06_spatial_gis.sql,canonical+applied,
column,public,route_snapshots.geometry_ref,type=text; nullable=YES; default=None; ordinal=4,20260717220000_mvp2_m2_06_spatial_gis.sql,canonical+applied,
column,public,route_snapshots.captured_at,type=timestamp with time zone; nullable=NO; default=now(); ordinal=5,20260717220000_mvp2_m2_06_spatial_gis.sql,canonical+applied,
primary_key,public,route_snapshots_pkey,table=route_snapshots; columns=id,20260717220000_mvp2_m2_06_spatial_gis.sql,canonical+applied,
check,public,2200_20910_1_not_null,table=route_snapshots; columns=None,20260717220000_mvp2_m2_06_spatial_gis.sql,canonical+applied,
check,public,2200_20910_5_not_null,table=route_snapshots; columns=None,20260717220000_mvp2_m2_06_spatial_gis.sql,canonical+applied,
index,public,route_snapshots_pkey,CREATE UNIQUE INDEX route_snapshots_pkey ON public.route_snapshots USING btree (id),20260717220000_mvp2_m2_06_spatial_gis.sql,canonical+applied,
index,public,route_snapshots_visit_idx,"CREATE INDEX route_snapshots_visit_idx ON public.route_snapshots USING btree (visit_id, captured_at DESC)",20260717220000_mvp2_m2_06_spatial_gis.sql,canonical+applied,
rls_enablement,public,route_snapshots__rls,rls_enabled=True; forced=False,20260717220000_mvp2_m2_06_spatial_gis.sql,canonical+applied,
rls_policy,public,route_snapshots.route_snapshots_read,cmd=SELECT; roles={public}; permissive=PERMISSIVE,20260717220000_mvp2_m2_06_spatial_gis.sql,canonical+applied,
rls_policy,public,route_snapshots.route_snapshots_update,cmd=UPDATE; roles={public}; permissive=PERMISSIVE,20260717220000_mvp2_m2_06_spatial_gis.sql,canonical+applied,
rls_policy,public,route_snapshots.route_snapshots_write,cmd=INSERT; roles={public}; permissive=PERMISSIVE,20260717220000_mvp2_m2_06_spatial_gis.sql,canonical+applied,
table,public,self_assessments,columns=10; pk_cols=1; fk_out=3; triggers=0; rls=enabled; policies=3,20260717180000_mvp2_m2_08_external_portal.sql,canonical+applied,
column,public,self_assessments.id,type=uuid; nullable=NO; default=gen_random_uuid(); ordinal=1,20260717180000_mvp2_m2_08_external_portal.sql,canonical+applied,
column,public,self_assessments.factory_id,type=uuid; nullable=NO; default=None; ordinal=2,20260717180000_mvp2_m2_08_external_portal.sql,canonical+applied,
column,public,self_assessments.status,type=text; nullable=NO; default='draft'::text; ordinal=3,20260717180000_mvp2_m2_08_external_portal.sql,canonical+applied,
column,public,self_assessments.answers,type=jsonb; nullable=NO; default='{}'::jsonb; ordinal=4,20260717180000_mvp2_m2_08_external_portal.sql,canonical+applied,
column,public,self_assessments.risk_signal_emitted,type=boolean; nullable=NO; default=false; ordinal=5,20260717180000_mvp2_m2_08_external_portal.sql,canonical+applied,
column,public,self_assessments.submitted_by_rep,type=uuid; nullable=YES; default=None; ordinal=6,20260717180000_mvp2_m2_08_external_portal.sql,canonical+applied,
column,public,self_assessments.reviewed_by,type=uuid; nullable=YES; default=None; ordinal=7,20260717180000_mvp2_m2_08_external_portal.sql,canonical+applied,
column,public,self_assessments.reviewed_at,type=timestamp with time zone; nullable=YES; default=None; ordinal=8,20260717180000_mvp2_m2_08_external_portal.sql,canonical+applied,
column,public,self_assessments.created_at,type=timestamp with time zone; nullable=NO; default=now(); ordinal=9,20260717180000_mvp2_m2_08_external_portal.sql,canonical+applied,
column,public,self_assessments.updated_at,type=timestamp with time zone; nullable=NO; default=now(); ordinal=10,20260717180000_mvp2_m2_08_external_portal.sql,canonical+applied,
primary_key,public,self_assessments_pkey,table=self_assessments; columns=id,20260717180000_mvp2_m2_08_external_portal.sql,canonical+applied,
foreign_key,public,self_assessments_submitted_by_rep_fkey,self_assessments.submitted_by_rep -> factory_representatives.id,20260717180000_mvp2_m2_08_external_portal.sql,canonical+applied,
foreign_key,public,self_assessments_factory_id_fkey,self_assessments.factory_id -> factories.id,20260717180000_mvp2_m2_08_external_portal.sql,canonical+applied,
foreign_key,public,self_assessments_reviewed_by_fkey,self_assessments.reviewed_by -> profiles.user_id,20260717180000_mvp2_m2_08_external_portal.sql,canonical+applied,
check,public,2200_20622_10_not_null,table=self_assessments; columns=None,20260717180000_mvp2_m2_08_external_portal.sql,canonical+applied,
check,public,2200_20622_1_not_null,table=self_assessments; columns=None,20260717180000_mvp2_m2_08_external_portal.sql,canonical+applied,
check,public,2200_20622_2_not_null,table=self_assessments; columns=None,20260717180000_mvp2_m2_08_external_portal.sql,canonical+applied,
check,public,2200_20622_3_not_null,table=self_assessments; columns=None,20260717180000_mvp2_m2_08_external_portal.sql,canonical+applied,
check,public,2200_20622_4_not_null,table=self_assessments; columns=None,20260717180000_mvp2_m2_08_external_portal.sql,canonical+applied,
check,public,2200_20622_5_not_null,table=self_assessments; columns=None,20260717180000_mvp2_m2_08_external_portal.sql,canonical+applied,
check,public,2200_20622_9_not_null,table=self_assessments; columns=None,20260717180000_mvp2_m2_08_external_portal.sql,canonical+applied,
check,public,self_assessment_risk_only_when_accepted,table=self_assessments; columns=None,20260717180000_mvp2_m2_08_external_portal.sql,canonical+applied,
check,public,self_assessments_status_check,table=self_assessments; columns=None,20260717180000_mvp2_m2_08_external_portal.sql,canonical+applied,
index,public,self_assessments_factory_idx,"CREATE INDEX self_assessments_factory_idx ON public.self_assessments USING btree (factory_id, status)",20260717180000_mvp2_m2_08_external_portal.sql,canonical+applied,
index,public,self_assessments_pkey,CREATE UNIQUE INDEX self_assessments_pkey ON public.self_assessments USING btree (id),20260717180000_mvp2_m2_08_external_portal.sql,canonical+applied,
rls_enablement,public,self_assessments__rls,rls_enabled=True; forced=False,20260717180000_mvp2_m2_08_external_portal.sql,canonical+applied,
rls_policy,public,self_assessments.self_assessments_internal_read,cmd=SELECT; roles={public}; permissive=PERMISSIVE,20260717180000_mvp2_m2_08_external_portal.sql,canonical+applied,
rls_policy,public,self_assessments.self_assessments_internal_update,cmd=UPDATE; roles={public}; permissive=PERMISSIVE,20260717180000_mvp2_m2_08_external_portal.sql,canonical+applied,
rls_policy,public,self_assessments.self_assessments_internal_write,cmd=INSERT; roles={public}; permissive=PERMISSIVE,20260717180000_mvp2_m2_08_external_portal.sql,canonical+applied,
table,public,senaei_raw_snapshots,columns=8; pk_cols=1; fk_out=2; triggers=2; rls=enabled; policies=1,20260720010000_factory360_v2_foundation.sql,canonical+applied,
column,public,senaei_raw_snapshots.id,type=uuid; nullable=NO; default=gen_random_uuid(); ordinal=1,20260720010000_factory360_v2_foundation.sql,canonical+applied,
column,public,senaei_raw_snapshots.sync_run_id,type=uuid; nullable=NO; default=None; ordinal=2,20260720010000_factory360_v2_foundation.sql,canonical+applied,
column,public,senaei_raw_snapshots.sync_call_id,type=uuid; nullable=YES; default=None; ordinal=3,20260720010000_factory360_v2_foundation.sql,canonical+applied,
column,public,senaei_raw_snapshots.entity_type,type=text; nullable=NO; default=None; ordinal=4,20260720010000_factory360_v2_foundation.sql,canonical+applied,
column,public,senaei_raw_snapshots.external_id,type=text; nullable=YES; default=None; ordinal=5,20260720010000_factory360_v2_foundation.sql,canonical+applied,
column,public,senaei_raw_snapshots.payload,type=jsonb; nullable=NO; default=None; ordinal=6,20260720010000_factory360_v2_foundation.sql,canonical+applied,
column,public,senaei_raw_snapshots.payload_sha256,type=text; nullable=NO; default=None; ordinal=7,20260720010000_factory360_v2_foundation.sql,canonical+applied,
column,public,senaei_raw_snapshots.captured_at,type=timestamp with time zone; nullable=NO; default=now(); ordinal=8,20260720010000_factory360_v2_foundation.sql,canonical+applied,
primary_key,public,senaei_raw_snapshots_pkey,table=senaei_raw_snapshots; columns=id,20260720010000_factory360_v2_foundation.sql,canonical+applied,
foreign_key,public,senaei_raw_snapshots_sync_call_id_fkey,senaei_raw_snapshots.sync_call_id -> senaei_sync_calls.id,20260720010000_factory360_v2_foundation.sql,canonical+applied,
foreign_key,public,senaei_raw_snapshots_sync_run_id_fkey,senaei_raw_snapshots.sync_run_id -> senaei_sync_runs.id,20260720010000_factory360_v2_foundation.sql,canonical+applied,
check,public,2200_22361_1_not_null,table=senaei_raw_snapshots; columns=None,20260720010000_factory360_v2_foundation.sql,canonical+applied,
check,public,2200_22361_2_not_null,table=senaei_raw_snapshots; columns=None,20260720010000_factory360_v2_foundation.sql,canonical+applied,
check,public,2200_22361_4_not_null,table=senaei_raw_snapshots; columns=None,20260720010000_factory360_v2_foundation.sql,canonical+applied,
check,public,2200_22361_6_not_null,table=senaei_raw_snapshots; columns=None,20260720010000_factory360_v2_foundation.sql,canonical+applied,
check,public,2200_22361_7_not_null,table=senaei_raw_snapshots; columns=None,20260720010000_factory360_v2_foundation.sql,canonical+applied,
check,public,2200_22361_8_not_null,table=senaei_raw_snapshots; columns=None,20260720010000_factory360_v2_foundation.sql,canonical+applied,
check,public,senaei_raw_snapshots_payload_check,table=senaei_raw_snapshots; columns=None,20260720010000_factory360_v2_foundation.sql,canonical+applied,
check,public,senaei_raw_snapshots_payload_sha256_check,table=senaei_raw_snapshots; columns=None,20260720010000_factory360_v2_foundation.sql,canonical+applied,
unique,public,senaei_raw_snapshots_sync_run_id_entity_type_payload_sha256_key,"table=senaei_raw_snapshots; columns=sync_run_id,entity_type,payload_sha256",20260720010000_factory360_v2_foundation.sql,canonical+applied,
index,public,senaei_raw_snapshots_pkey,CREATE UNIQUE INDEX senaei_raw_snapshots_pkey ON public.senaei_raw_snapshots USING btree (id),20260720010000_factory360_v2_foundation.sql,canonical+applied,
index,public,senaei_raw_snapshots_sync_run_id_entity_type_payload_sha256_key,"CREATE UNIQUE INDEX senaei_raw_snapshots_sync_run_id_entity_type_payload_sha256_key ON public.senaei_raw_snapshots USING btree (sync_run_id, entity_type, payload_sha256)",20260720010000_factory360_v2_foundation.sql,canonical+applied,
trigger,public,trg_audit_senaei_raw_snapshots,"table=senaei_raw_snapshots; timing=AFTER; events=DELETE,INSERT,UPDATE; action=EXECUTE FUNCTION audit_row_change()",20260720010000_factory360_v2_foundation.sql,canonical+applied,
trigger,public,trg_f360_immutable_senaei_raw_snapshots,"table=senaei_raw_snapshots; timing=BEFORE; events=DELETE,UPDATE; action=EXECUTE FUNCTION block_factory360_immutable_mutation()",20260720010000_factory360_v2_foundation.sql,canonical+applied,
rls_enablement,public,senaei_raw_snapshots__rls,rls_enabled=True; forced=False,20260720010000_factory360_v2_foundation.sql,canonical+applied,
rls_policy,public,senaei_raw_snapshots.f360_senaei_raw_snapshots_admin,cmd=ALL; roles={authenticated}; permissive=PERMISSIVE,20260720010000_factory360_v2_foundation.sql,canonical+applied,
table,public,senaei_reconciliation_records,columns=12; pk_cols=1; fk_out=6; triggers=1; rls=enabled; policies=1,20260720010000_factory360_v2_foundation.sql,canonical+applied,
column,public,senaei_reconciliation_records.id,type=uuid; nullable=NO; default=gen_random_uuid(); ordinal=1,20260720010000_factory360_v2_foundation.sql,canonical+applied,
column,public,senaei_reconciliation_records.sync_run_id,type=uuid; nullable=NO; default=None; ordinal=2,20260720010000_factory360_v2_foundation.sql,canonical+applied,
column,public,senaei_reconciliation_records.raw_snapshot_id,type=uuid; nullable=YES; default=None; ordinal=3,20260720010000_factory360_v2_foundation.sql,canonical+applied,
column,public,senaei_reconciliation_records.entity_type,type=text; nullable=NO; default=None; ordinal=4,20260720010000_factory360_v2_foundation.sql,canonical+applied,
column,public,senaei_reconciliation_records.external_id,type=text; nullable=YES; default=None; ordinal=5,20260720010000_factory360_v2_foundation.sql,canonical+applied,
column,public,senaei_reconciliation_records.outcome,type=text; nullable=NO; default=None; ordinal=6,20260720010000_factory360_v2_foundation.sql,canonical+applied,
column,public,senaei_reconciliation_records.commercial_registration_id,type=uuid; nullable=YES; default=None; ordinal=7,20260720010000_factory360_v2_foundation.sql,canonical+applied,
column,public,senaei_reconciliation_records.industrial_license_id,type=uuid; nullable=YES; default=None; ordinal=8,20260720010000_factory360_v2_foundation.sql,canonical+applied,
column,public,senaei_reconciliation_records.factory_id,type=uuid; nullable=YES; default=None; ordinal=9,20260720010000_factory360_v2_foundation.sql,canonical+applied,
column,public,senaei_reconciliation_records.safe_reason_codes,type=ARRAY; nullable=NO; default='{}'::text[]; ordinal=10,20260720010000_factory360_v2_foundation.sql,canonical+applied,
column,public,senaei_reconciliation_records.reconciled_by,type=uuid; nullable=YES; default=auth.uid(); ordinal=11,20260720010000_factory360_v2_foundation.sql,canonical+applied,
column,public,senaei_reconciliation_records.reconciled_at,type=timestamp with time zone; nullable=NO; default=now(); ordinal=12,20260720010000_factory360_v2_foundation.sql,canonical+applied,
primary_key,public,senaei_reconciliation_records_pkey,table=senaei_reconciliation_records; columns=id,20260720010000_factory360_v2_foundation.sql,canonical+applied,
foreign_key,public,senaei_reconciliation_records_commercial_registration_id_fkey,senaei_reconciliation_records.commercial_registration_id -> commercial_registrations.id,20260720010000_factory360_v2_foundation.sql,canonical+applied,
foreign_key,public,senaei_reconciliation_records_industrial_license_id_fkey,senaei_reconciliation_records.industrial_license_id -> industrial_licenses.id,20260720010000_factory360_v2_foundation.sql,canonical+applied,
foreign_key,public,senaei_reconciliation_records_raw_snapshot_id_fkey,senaei_reconciliation_records.raw_snapshot_id -> senaei_raw_snapshots.id,20260720010000_factory360_v2_foundation.sql,canonical+applied,
foreign_key,public,senaei_reconciliation_records_sync_run_id_fkey,senaei_reconciliation_records.sync_run_id -> senaei_sync_runs.id,20260720010000_factory360_v2_foundation.sql,canonical+applied,
foreign_key,public,senaei_reconciliation_records_factory_id_fkey,senaei_reconciliation_records.factory_id -> factories.id,20260720010000_factory360_v2_foundation.sql,canonical+applied,
foreign_key,public,senaei_reconciliation_records_reconciled_by_fkey,senaei_reconciliation_records.reconciled_by -> profiles.user_id,20260720010000_factory360_v2_foundation.sql,canonical+applied,
check,public,2200_22677_10_not_null,table=senaei_reconciliation_records; columns=None,20260720010000_factory360_v2_foundation.sql,canonical+applied,
check,public,2200_22677_12_not_null,table=senaei_reconciliation_records; columns=None,20260720010000_factory360_v2_foundation.sql,canonical+applied,
check,public,2200_22677_1_not_null,table=senaei_reconciliation_records; columns=None,20260720010000_factory360_v2_foundation.sql,canonical+applied,
check,public,2200_22677_2_not_null,table=senaei_reconciliation_records; columns=None,20260720010000_factory360_v2_foundation.sql,canonical+applied,
check,public,2200_22677_4_not_null,table=senaei_reconciliation_records; columns=None,20260720010000_factory360_v2_foundation.sql,canonical+applied,
check,public,2200_22677_6_not_null,table=senaei_reconciliation_records; columns=None,20260720010000_factory360_v2_foundation.sql,canonical+applied,
check,public,senaei_reconciliation_records_check,table=senaei_reconciliation_records; columns=None,20260720010000_factory360_v2_foundation.sql,canonical+applied,
check,public,senaei_reconciliation_records_outcome_check,table=senaei_reconciliation_records; columns=None,20260720010000_factory360_v2_foundation.sql,canonical+applied,
index,public,senaei_reconciliation_records_pkey,CREATE UNIQUE INDEX senaei_reconciliation_records_pkey ON public.senaei_reconciliation_records USING btree (id),20260720010000_factory360_v2_foundation.sql,canonical+applied,
index,public,senaei_reconciliation_run_idx,"CREATE INDEX senaei_reconciliation_run_idx ON public.senaei_reconciliation_records USING btree (sync_run_id, reconciled_at)",20260720010000_factory360_v2_foundation.sql,canonical+applied,
trigger,public,trg_audit_senaei_reconciliation_records,"table=senaei_reconciliation_records; timing=AFTER; events=DELETE,INSERT,UPDATE; action=EXECUTE FUNCTION audit_row_change()",20260720010000_factory360_v2_foundation.sql,canonical+applied,
rls_enablement,public,senaei_reconciliation_records__rls,rls_enabled=True; forced=False,20260720010000_factory360_v2_foundation.sql,canonical+applied,
rls_policy,public,senaei_reconciliation_records.f360_senaei_reconciliation_records_admin,cmd=ALL; roles={authenticated}; permissive=PERMISSIVE,20260720010000_factory360_v2_foundation.sql,canonical+applied,
table,public,senaei_sync_calls,columns=10; pk_cols=1; fk_out=1; triggers=1; rls=enabled; policies=1,20260720010000_factory360_v2_foundation.sql,canonical+applied,
column,public,senaei_sync_calls.id,type=uuid; nullable=NO; default=gen_random_uuid(); ordinal=1,20260720010000_factory360_v2_foundation.sql,canonical+applied,
column,public,senaei_sync_calls.sync_run_id,type=uuid; nullable=NO; default=None; ordinal=2,20260720010000_factory360_v2_foundation.sql,canonical+applied,
column,public,senaei_sync_calls.endpoint_key,type=text; nullable=NO; default=None; ordinal=3,20260720010000_factory360_v2_foundation.sql,canonical+applied,
column,public,senaei_sync_calls.http_method,type=text; nullable=NO; default=None; ordinal=4,20260720010000_factory360_v2_foundation.sql,canonical+applied,
column,public,senaei_sync_calls.request_id,type=text; nullable=YES; default=None; ordinal=5,20260720010000_factory360_v2_foundation.sql,canonical+applied,
column,public,senaei_sync_calls.outcome,type=text; nullable=NO; default=None; ordinal=6,20260720010000_factory360_v2_foundation.sql,canonical+applied,
column,public,senaei_sync_calls.http_status,type=integer; nullable=YES; default=None; ordinal=7,20260720010000_factory360_v2_foundation.sql,canonical+applied,
column,public,senaei_sync_calls.safe_error_code,type=text; nullable=YES; default=None; ordinal=8,20260720010000_factory360_v2_foundation.sql,canonical+applied,
column,public,senaei_sync_calls.response_sha256,type=text; nullable=YES; default=None; ordinal=9,20260720010000_factory360_v2_foundation.sql,canonical+applied,
column,public,senaei_sync_calls.occurred_at,type=timestamp with time zone; nullable=NO; default=now(); ordinal=10,20260720010000_factory360_v2_foundation.sql,canonical+applied,
primary_key,public,senaei_sync_calls_pkey,table=senaei_sync_calls; columns=id,20260720010000_factory360_v2_foundation.sql,canonical+applied,
foreign_key,public,senaei_sync_calls_sync_run_id_fkey,senaei_sync_calls.sync_run_id -> senaei_sync_runs.id,20260720010000_factory360_v2_foundation.sql,canonical+applied,
check,public,2200_22341_10_not_null,table=senaei_sync_calls; columns=None,20260720010000_factory360_v2_foundation.sql,canonical+applied,
check,public,2200_22341_1_not_null,table=senaei_sync_calls; columns=None,20260720010000_factory360_v2_foundation.sql,canonical+applied,
check,public,2200_22341_2_not_null,table=senaei_sync_calls; columns=None,20260720010000_factory360_v2_foundation.sql,canonical+applied,
check,public,2200_22341_3_not_null,table=senaei_sync_calls; columns=None,20260720010000_factory360_v2_foundation.sql,canonical+applied,
check,public,2200_22341_4_not_null,table=senaei_sync_calls; columns=None,20260720010000_factory360_v2_foundation.sql,canonical+applied,
check,public,2200_22341_6_not_null,table=senaei_sync_calls; columns=None,20260720010000_factory360_v2_foundation.sql,canonical+applied,
check,public,senaei_sync_calls_http_method_check,table=senaei_sync_calls; columns=None,20260720010000_factory360_v2_foundation.sql,canonical+applied,
check,public,senaei_sync_calls_http_status_check,table=senaei_sync_calls; columns=None,20260720010000_factory360_v2_foundation.sql,canonical+applied,
check,public,senaei_sync_calls_outcome_check,table=senaei_sync_calls; columns=None,20260720010000_factory360_v2_foundation.sql,canonical+applied,
check,public,senaei_sync_calls_response_sha256_check,table=senaei_sync_calls; columns=None,20260720010000_factory360_v2_foundation.sql,canonical+applied,
unique,public,senaei_sync_calls_sync_run_id_endpoint_key_request_id_key,"table=senaei_sync_calls; columns=sync_run_id,endpoint_key,request_id",20260720010000_factory360_v2_foundation.sql,canonical+applied,
index,public,senaei_sync_calls_pkey,CREATE UNIQUE INDEX senaei_sync_calls_pkey ON public.senaei_sync_calls USING btree (id),20260720010000_factory360_v2_foundation.sql,canonical+applied,
index,public,senaei_sync_calls_sync_run_id_endpoint_key_request_id_key,"CREATE UNIQUE INDEX senaei_sync_calls_sync_run_id_endpoint_key_request_id_key ON public.senaei_sync_calls USING btree (sync_run_id, endpoint_key, request_id)",20260720010000_factory360_v2_foundation.sql,canonical+applied,
trigger,public,trg_audit_senaei_sync_calls,"table=senaei_sync_calls; timing=AFTER; events=DELETE,INSERT,UPDATE; action=EXECUTE FUNCTION audit_row_change()",20260720010000_factory360_v2_foundation.sql,canonical+applied,
rls_enablement,public,senaei_sync_calls__rls,rls_enabled=True; forced=False,20260720010000_factory360_v2_foundation.sql,canonical+applied,
rls_policy,public,senaei_sync_calls.f360_senaei_sync_calls_admin,cmd=ALL; roles={authenticated}; permissive=PERMISSIVE,20260720010000_factory360_v2_foundation.sql,canonical+applied,
table,public,senaei_sync_runs,columns=15; pk_cols=1; fk_out=2; triggers=1; rls=enabled; policies=1,20260720010000_factory360_v2_foundation.sql,canonical+applied,
column,public,senaei_sync_runs.id,type=uuid; nullable=NO; default=gen_random_uuid(); ordinal=1,20260720010000_factory360_v2_foundation.sql,canonical+applied,
column,public,senaei_sync_runs.connection_id,type=uuid; nullable=YES; default=None; ordinal=2,20260720010000_factory360_v2_foundation.sql,canonical+applied,
column,public,senaei_sync_runs.mode,type=text; nullable=NO; default=None; ordinal=3,20260720010000_factory360_v2_foundation.sql,canonical+applied,
column,public,senaei_sync_runs.status,type=text; nullable=NO; default='queued'::text; ordinal=4,20260720010000_factory360_v2_foundation.sql,canonical+applied,
column,public,senaei_sync_runs.correlation_id,type=uuid; nullable=NO; default=gen_random_uuid(); ordinal=5,20260720010000_factory360_v2_foundation.sql,canonical+applied,
column,public,senaei_sync_runs.contract_version,type=text; nullable=YES; default=None; ordinal=6,20260720010000_factory360_v2_foundation.sql,canonical+applied,
column,public,senaei_sync_runs.requested_by,type=uuid; nullable=YES; default=auth.uid(); ordinal=7,20260720010000_factory360_v2_foundation.sql,canonical+applied,
column,public,senaei_sync_runs.source_file_name,type=text; nullable=YES; default=None; ordinal=8,20260720010000_factory360_v2_foundation.sql,canonical+applied,
column,public,senaei_sync_runs.source_file_sha256,type=text; nullable=YES; default=None; ordinal=9,20260720010000_factory360_v2_foundation.sql,canonical+applied,
column,public,senaei_sync_runs.rows_received,type=integer; nullable=NO; default=0; ordinal=10,20260720010000_factory360_v2_foundation.sql,canonical+applied,
column,public,senaei_sync_runs.rows_accepted,type=integer; nullable=NO; default=0; ordinal=11,20260720010000_factory360_v2_foundation.sql,canonical+applied,
column,public,senaei_sync_runs.rows_rejected,type=integer; nullable=NO; default=0; ordinal=12,20260720010000_factory360_v2_foundation.sql,canonical+applied,
column,public,senaei_sync_runs.started_at,type=timestamp with time zone; nullable=YES; default=None; ordinal=13,20260720010000_factory360_v2_foundation.sql,canonical+applied,
column,public,senaei_sync_runs.completed_at,type=timestamp with time zone; nullable=YES; default=None; ordinal=14,20260720010000_factory360_v2_foundation.sql,canonical+applied,
column,public,senaei_sync_runs.created_at,type=timestamp with time zone; nullable=NO; default=now(); ordinal=15,20260720010000_factory360_v2_foundation.sql,canonical+applied,
primary_key,public,senaei_sync_runs_pkey,table=senaei_sync_runs; columns=id,20260720010000_factory360_v2_foundation.sql,canonical+applied,
foreign_key,public,senaei_sync_runs_connection_id_fkey,senaei_sync_runs.connection_id -> external_source_connections.id,20260720010000_factory360_v2_foundation.sql,canonical+applied,
foreign_key,public,senaei_sync_runs_requested_by_fkey,senaei_sync_runs.requested_by -> profiles.user_id,20260720010000_factory360_v2_foundation.sql,canonical+applied,
check,public,2200_22307_10_not_null,table=senaei_sync_runs; columns=None,20260720010000_factory360_v2_foundation.sql,canonical+applied,
check,public,2200_22307_11_not_null,table=senaei_sync_runs; columns=None,20260720010000_factory360_v2_foundation.sql,canonical+applied,
check,public,2200_22307_12_not_null,table=senaei_sync_runs; columns=None,20260720010000_factory360_v2_foundation.sql,canonical+applied,
check,public,2200_22307_15_not_null,table=senaei_sync_runs; columns=None,20260720010000_factory360_v2_foundation.sql,canonical+applied,
check,public,2200_22307_1_not_null,table=senaei_sync_runs; columns=None,20260720010000_factory360_v2_foundation.sql,canonical+applied,
check,public,2200_22307_3_not_null,table=senaei_sync_runs; columns=None,20260720010000_factory360_v2_foundation.sql,canonical+applied,
check,public,2200_22307_4_not_null,table=senaei_sync_runs; columns=None,20260720010000_factory360_v2_foundation.sql,canonical+applied,
check,public,2200_22307_5_not_null,table=senaei_sync_runs; columns=None,20260720010000_factory360_v2_foundation.sql,canonical+applied,
check,public,senaei_sync_runs_check,table=senaei_sync_runs; columns=None,20260720010000_factory360_v2_foundation.sql,canonical+applied,
check,public,senaei_sync_runs_check1,table=senaei_sync_runs; columns=None,20260720010000_factory360_v2_foundation.sql,canonical+applied,
check,public,senaei_sync_runs_mode_check,table=senaei_sync_runs; columns=None,20260720010000_factory360_v2_foundation.sql,canonical+applied,
check,public,senaei_sync_runs_rows_accepted_check,table=senaei_sync_runs; columns=None,20260720010000_factory360_v2_foundation.sql,canonical+applied,
check,public,senaei_sync_runs_rows_received_check,table=senaei_sync_runs; columns=None,20260720010000_factory360_v2_foundation.sql,canonical+applied,
check,public,senaei_sync_runs_rows_rejected_check,table=senaei_sync_runs; columns=None,20260720010000_factory360_v2_foundation.sql,canonical+applied,
check,public,senaei_sync_runs_source_file_sha256_check,table=senaei_sync_runs; columns=None,20260720010000_factory360_v2_foundation.sql,canonical+applied,
check,public,senaei_sync_runs_status_check,table=senaei_sync_runs; columns=None,20260720010000_factory360_v2_foundation.sql,canonical+applied,
index,public,senaei_sync_runs_correlation_uq,CREATE UNIQUE INDEX senaei_sync_runs_correlation_uq ON public.senaei_sync_runs USING btree (correlation_id),20260720010000_factory360_v2_foundation.sql,canonical+applied,
index,public,senaei_sync_runs_pkey,CREATE UNIQUE INDEX senaei_sync_runs_pkey ON public.senaei_sync_runs USING btree (id),20260720010000_factory360_v2_foundation.sql,canonical+applied,
trigger,public,trg_audit_senaei_sync_runs,"table=senaei_sync_runs; timing=AFTER; events=DELETE,INSERT,UPDATE; action=EXECUTE FUNCTION audit_row_change()",20260720010000_factory360_v2_foundation.sql,canonical+applied,
rls_enablement,public,senaei_sync_runs__rls,rls_enabled=True; forced=False,20260720010000_factory360_v2_foundation.sql,canonical+applied,
rls_policy,public,senaei_sync_runs.f360_senaei_sync_runs_admin,cmd=ALL; roles={authenticated}; permissive=PERMISSIVE,20260720010000_factory360_v2_foundation.sql,canonical+applied,
table,public,signature_acts,columns=10; pk_cols=1; fk_out=2; triggers=1; rls=enabled; policies=2,20260717200000_mvp2_m2_12_committee_signature.sql,canonical+applied,
column,public,signature_acts.id,type=uuid; nullable=NO; default=gen_random_uuid(); ordinal=1,20260717200000_mvp2_m2_12_committee_signature.sql,canonical+applied,
column,public,signature_acts.submission_version_id,type=uuid; nullable=YES; default=None; ordinal=2,20260717200000_mvp2_m2_12_committee_signature.sql,canonical+applied,
column,public,signature_acts.kind,type=text; nullable=NO; default=None; ordinal=3,20260717200000_mvp2_m2_12_committee_signature.sql,canonical+applied,
column,public,signature_acts.method,type=text; nullable=YES; default=None; ordinal=4,20260717200000_mvp2_m2_12_committee_signature.sql,canonical+applied,
column,public,signature_acts.outcome,type=text; nullable=NO; default=None; ordinal=5,20260717200000_mvp2_m2_12_committee_signature.sql,canonical+applied,
column,public,signature_acts.verification_status,type=text; nullable=NO; default='unverified'::text; ordinal=6,20260717200000_mvp2_m2_12_committee_signature.sql,canonical+applied,
column,public,signature_acts.report_hash,type=text; nullable=YES; default=None; ordinal=7,20260717200000_mvp2_m2_12_committee_signature.sql,canonical+applied,
column,public,signature_acts.actor_rep,type=uuid; nullable=YES; default=None; ordinal=8,20260717200000_mvp2_m2_12_committee_signature.sql,canonical+applied,
column,public,signature_acts.actor_user,type=uuid; nullable=YES; default=None; ordinal=9,20260717200000_mvp2_m2_12_committee_signature.sql,canonical+applied,
column,public,signature_acts.created_at,type=timestamp with time zone; nullable=NO; default=now(); ordinal=10,20260717200000_mvp2_m2_12_committee_signature.sql,canonical+applied,
primary_key,public,signature_acts_pkey,table=signature_acts; columns=id,20260717200000_mvp2_m2_12_committee_signature.sql,canonical+applied,
foreign_key,public,signature_acts_actor_user_fkey,signature_acts.actor_user -> profiles.user_id,20260717200000_mvp2_m2_12_committee_signature.sql,canonical+applied,
foreign_key,public,signature_acts_actor_rep_fkey,signature_acts.actor_rep -> factory_representatives.id,20260717200000_mvp2_m2_12_committee_signature.sql,canonical+applied,
check,public,2200_20753_10_not_null,table=signature_acts; columns=None,20260717200000_mvp2_m2_12_committee_signature.sql,canonical+applied,
check,public,2200_20753_1_not_null,table=signature_acts; columns=None,20260717200000_mvp2_m2_12_committee_signature.sql,canonical+applied,
check,public,2200_20753_3_not_null,table=signature_acts; columns=None,20260717200000_mvp2_m2_12_committee_signature.sql,canonical+applied,
check,public,2200_20753_5_not_null,table=signature_acts; columns=None,20260717200000_mvp2_m2_12_committee_signature.sql,canonical+applied,
check,public,2200_20753_6_not_null,table=signature_acts; columns=None,20260717200000_mvp2_m2_12_committee_signature.sql,canonical+applied,
check,public,signature_acts_kind_check,table=signature_acts; columns=None,20260717200000_mvp2_m2_12_committee_signature.sql,canonical+applied,
check,public,signature_acts_outcome_check,table=signature_acts; columns=None,20260717200000_mvp2_m2_12_committee_signature.sql,canonical+applied,
check,public,signature_acts_verification_status_check,table=signature_acts; columns=None,20260717200000_mvp2_m2_12_committee_signature.sql,canonical+applied,
index,public,signature_acts_pkey,CREATE UNIQUE INDEX signature_acts_pkey ON public.signature_acts USING btree (id),20260717200000_mvp2_m2_12_committee_signature.sql,canonical+applied,
index,public,signature_acts_submission_idx,"CREATE INDEX signature_acts_submission_idx ON public.signature_acts USING btree (submission_version_id, created_at DESC)",20260717200000_mvp2_m2_12_committee_signature.sql,canonical+applied,
trigger,public,trg_signature_acts_append_only,"table=signature_acts; timing=BEFORE; events=DELETE,UPDATE; action=EXECUTE FUNCTION block_signature_mutation()",20260717200000_mvp2_m2_12_committee_signature.sql,canonical+applied,
rls_enablement,public,signature_acts__rls,rls_enabled=True; forced=False,20260717200000_mvp2_m2_12_committee_signature.sql,canonical+applied,
rls_policy,public,signature_acts.signature_acts_read,cmd=SELECT; roles={public}; permissive=PERMISSIVE,20260717200000_mvp2_m2_12_committee_signature.sql,canonical+applied,
rls_policy,public,signature_acts.signature_acts_write,cmd=INSERT; roles={public}; permissive=PERMISSIVE,20260717200000_mvp2_m2_12_committee_signature.sql,canonical+applied,
table,public,sla_calendars,columns=11; pk_cols=1; fk_out=1; triggers=0; rls=enabled; policies=3,20260717040000_mvp2_m2_02_sla_timers.sql,canonical+applied,
column,public,sla_calendars.id,type=uuid; nullable=NO; default=gen_random_uuid(); ordinal=1,20260717040000_mvp2_m2_02_sla_timers.sql,canonical+applied,
column,public,sla_calendars.name,type=text; nullable=NO; default=None; ordinal=2,20260717040000_mvp2_m2_02_sla_timers.sql,canonical+applied,
column,public,sla_calendars.version_label,type=text; nullable=NO; default=None; ordinal=3,20260717040000_mvp2_m2_02_sla_timers.sql,canonical+applied,
column,public,sla_calendars.timezone,type=text; nullable=YES; default=None; ordinal=4,20260717040000_mvp2_m2_02_sla_timers.sql,canonical+applied,
column,public,sla_calendars.working_days,type=ARRAY; nullable=YES; default=None; ordinal=5,20260717040000_mvp2_m2_02_sla_timers.sql,canonical+applied,
column,public,sla_calendars.working_start,type=time without time zone; nullable=YES; default=None; ordinal=6,20260717040000_mvp2_m2_02_sla_timers.sql,canonical+applied,
column,public,sla_calendars.working_end,type=time without time zone; nullable=YES; default=None; ordinal=7,20260717040000_mvp2_m2_02_sla_timers.sql,canonical+applied,
column,public,sla_calendars.holidays,type=ARRAY; nullable=YES; default=None; ordinal=8,20260717040000_mvp2_m2_02_sla_timers.sql,canonical+applied,
column,public,sla_calendars.activation_authorized,type=boolean; nullable=NO; default=false; ordinal=9,20260717040000_mvp2_m2_02_sla_timers.sql,canonical+applied,
column,public,sla_calendars.created_by,type=uuid; nullable=YES; default=None; ordinal=10,20260717040000_mvp2_m2_02_sla_timers.sql,canonical+applied,
column,public,sla_calendars.created_at,type=timestamp with time zone; nullable=NO; default=now(); ordinal=11,20260717040000_mvp2_m2_02_sla_timers.sql,canonical+applied,
primary_key,public,sla_calendars_pkey,table=sla_calendars; columns=id,20260717040000_mvp2_m2_02_sla_timers.sql,canonical+applied,
foreign_key,public,sla_calendars_created_by_fkey,sla_calendars.created_by -> profiles.user_id,20260717040000_mvp2_m2_02_sla_timers.sql,canonical+applied,
check,public,2200_20202_11_not_null,table=sla_calendars; columns=None,20260717040000_mvp2_m2_02_sla_timers.sql,canonical+applied,
check,public,2200_20202_1_not_null,table=sla_calendars; columns=None,20260717040000_mvp2_m2_02_sla_timers.sql,canonical+applied,
check,public,2200_20202_2_not_null,table=sla_calendars; columns=None,20260717040000_mvp2_m2_02_sla_timers.sql,canonical+applied,
check,public,2200_20202_3_not_null,table=sla_calendars; columns=None,20260717040000_mvp2_m2_02_sla_timers.sql,canonical+applied,
check,public,2200_20202_9_not_null,table=sla_calendars; columns=None,20260717040000_mvp2_m2_02_sla_timers.sql,canonical+applied,
index,public,sla_calendars_pkey,CREATE UNIQUE INDEX sla_calendars_pkey ON public.sla_calendars USING btree (id),20260717040000_mvp2_m2_02_sla_timers.sql,canonical+applied,
rls_enablement,public,sla_calendars__rls,rls_enabled=True; forced=False,20260717040000_mvp2_m2_02_sla_timers.sql,canonical+applied,
rls_policy,public,sla_calendars.sla_calendars_read,cmd=SELECT; roles={public}; permissive=PERMISSIVE,20260717040000_mvp2_m2_02_sla_timers.sql,canonical+applied,
rls_policy,public,sla_calendars.sla_calendars_update,cmd=UPDATE; roles={public}; permissive=PERMISSIVE,20260717040000_mvp2_m2_02_sla_timers.sql,canonical+applied,
rls_policy,public,sla_calendars.sla_calendars_write,cmd=INSERT; roles={public}; permissive=PERMISSIVE,20260717040000_mvp2_m2_02_sla_timers.sql,canonical+applied,
table,public,sla_timers,columns=17; pk_cols=1; fk_out=2; triggers=2; rls=enabled; policies=3,20260717040000_mvp2_m2_02_sla_timers.sql,canonical+applied,
column,public,sla_timers.id,type=uuid; nullable=NO; default=gen_random_uuid(); ordinal=1,20260717040000_mvp2_m2_02_sla_timers.sql,canonical+applied,
column,public,sla_timers.object_type,type=text; nullable=NO; default=None; ordinal=2,20260717040000_mvp2_m2_02_sla_timers.sql,canonical+applied,
column,public,sla_timers.object_ref,type=uuid; nullable=NO; default=None; ordinal=3,20260717040000_mvp2_m2_02_sla_timers.sql,canonical+applied,
column,public,sla_timers.sla_key,type=text; nullable=NO; default=None; ordinal=4,20260717040000_mvp2_m2_02_sla_timers.sql,canonical+applied,
column,public,sla_timers.calendar_id,type=uuid; nullable=YES; default=None; ordinal=5,20260717040000_mvp2_m2_02_sla_timers.sql,canonical+applied,
column,public,sla_timers.duration_minutes,type=integer; nullable=YES; default=None; ordinal=6,20260717040000_mvp2_m2_02_sla_timers.sql,canonical+applied,
column,public,sla_timers.started_at,type=timestamp with time zone; nullable=YES; default=None; ordinal=7,20260717040000_mvp2_m2_02_sla_timers.sql,canonical+applied,
column,public,sla_timers.paused_at,type=timestamp with time zone; nullable=YES; default=None; ordinal=8,20260717040000_mvp2_m2_02_sla_timers.sql,canonical+applied,
column,public,sla_timers.accumulated_pause_minutes,type=integer; nullable=NO; default=0; ordinal=9,20260717040000_mvp2_m2_02_sla_timers.sql,canonical+applied,
column,public,sla_timers.due_at,type=timestamp with time zone; nullable=YES; default=None; ordinal=10,20260717040000_mvp2_m2_02_sla_timers.sql,canonical+applied,
column,public,sla_timers.warn_at,type=timestamp with time zone; nullable=YES; default=None; ordinal=11,20260717040000_mvp2_m2_02_sla_timers.sql,canonical+applied,
column,public,sla_timers.breach_at,type=timestamp with time zone; nullable=YES; default=None; ordinal=12,20260717040000_mvp2_m2_02_sla_timers.sql,canonical+applied,
column,public,sla_timers.escalation_role,type=text; nullable=YES; default=None; ordinal=13,20260717040000_mvp2_m2_02_sla_timers.sql,canonical+applied,
column,public,sla_timers.status,type=text; nullable=NO; default='pending_activation'::text; ordinal=14,20260717040000_mvp2_m2_02_sla_timers.sql,canonical+applied,
column,public,sla_timers.created_by,type=uuid; nullable=YES; default=None; ordinal=15,20260717040000_mvp2_m2_02_sla_timers.sql,canonical+applied,
column,public,sla_timers.created_at,type=timestamp with time zone; nullable=NO; default=now(); ordinal=16,20260717040000_mvp2_m2_02_sla_timers.sql,canonical+applied,
column,public,sla_timers.updated_at,type=timestamp with time zone; nullable=NO; default=now(); ordinal=17,20260717040000_mvp2_m2_02_sla_timers.sql,canonical+applied,
primary_key,public,sla_timers_pkey,table=sla_timers; columns=id,20260717040000_mvp2_m2_02_sla_timers.sql,canonical+applied,
foreign_key,public,sla_timers_calendar_id_fkey,sla_timers.calendar_id -> sla_calendars.id,20260717040000_mvp2_m2_02_sla_timers.sql,canonical+applied,
foreign_key,public,sla_timers_created_by_fkey,sla_timers.created_by -> profiles.user_id,20260717040000_mvp2_m2_02_sla_timers.sql,canonical+applied,
check,public,2200_20217_14_not_null,table=sla_timers; columns=None,20260717040000_mvp2_m2_02_sla_timers.sql,canonical+applied,
check,public,2200_20217_16_not_null,table=sla_timers; columns=None,20260717040000_mvp2_m2_02_sla_timers.sql,canonical+applied,
check,public,2200_20217_17_not_null,table=sla_timers; columns=None,20260717040000_mvp2_m2_02_sla_timers.sql,canonical+applied,
check,public,2200_20217_1_not_null,table=sla_timers; columns=None,20260717040000_mvp2_m2_02_sla_timers.sql,canonical+applied,
check,public,2200_20217_2_not_null,table=sla_timers; columns=None,20260717040000_mvp2_m2_02_sla_timers.sql,canonical+applied,
check,public,2200_20217_3_not_null,table=sla_timers; columns=None,20260717040000_mvp2_m2_02_sla_timers.sql,canonical+applied,
check,public,2200_20217_4_not_null,table=sla_timers; columns=None,20260717040000_mvp2_m2_02_sla_timers.sql,canonical+applied,
check,public,2200_20217_9_not_null,table=sla_timers; columns=None,20260717040000_mvp2_m2_02_sla_timers.sql,canonical+applied,
check,public,sla_timers_status_check,table=sla_timers; columns=None,20260717040000_mvp2_m2_02_sla_timers.sql,canonical+applied,
index,public,ix_sla_timers_object,"CREATE INDEX ix_sla_timers_object ON public.sla_timers USING btree (object_type, object_ref)",20260717040000_mvp2_m2_02_sla_timers.sql,canonical+applied,
index,public,ix_sla_timers_status,CREATE INDEX ix_sla_timers_status ON public.sla_timers USING btree (status),20260717040000_mvp2_m2_02_sla_timers.sql,canonical+applied,
index,public,sla_timers_pkey,CREATE UNIQUE INDEX sla_timers_pkey ON public.sla_timers USING btree (id),20260717040000_mvp2_m2_02_sla_timers.sql,canonical+applied,
trigger,public,trg_sla_timer_activation,"table=sla_timers; timing=BEFORE; events=INSERT,UPDATE; action=EXECUTE FUNCTION sla_timer_activation_guard()",20260717040000_mvp2_m2_02_sla_timers.sql,canonical+applied,
trigger,public,trg_sla_timers_touch,table=sla_timers; timing=BEFORE; events=UPDATE; action=EXECUTE FUNCTION sla_timers_touch(),20260717040000_mvp2_m2_02_sla_timers.sql,canonical+applied,
rls_enablement,public,sla_timers__rls,rls_enabled=True; forced=False,20260717040000_mvp2_m2_02_sla_timers.sql,canonical+applied,
rls_policy,public,sla_timers.sla_timers_read,cmd=SELECT; roles={public}; permissive=PERMISSIVE,20260717040000_mvp2_m2_02_sla_timers.sql,canonical+applied,
rls_policy,public,sla_timers.sla_timers_update,cmd=UPDATE; roles={public}; permissive=PERMISSIVE,20260717040000_mvp2_m2_02_sla_timers.sql,canonical+applied,
rls_policy,public,sla_timers.sla_timers_write,cmd=INSERT; roles={public}; permissive=PERMISSIVE,20260717040000_mvp2_m2_02_sla_timers.sql,canonical+applied,
table,public,submission_versions,columns=8; pk_cols=1; fk_out=2; triggers=4; rls=enabled; policies=2,0001_foundation.sql,canonical+applied,
column,public,submission_versions.id,type=uuid; nullable=NO; default=gen_random_uuid(); ordinal=1,0001_foundation.sql,canonical+applied,
column,public,submission_versions.inspection_id,type=uuid; nullable=NO; default=None; ordinal=2,0001_foundation.sql,canonical+applied,
column,public,submission_versions.version_number,type=integer; nullable=NO; default=None; ordinal=3,0001_foundation.sql,canonical+applied,
column,public,submission_versions.snapshot,type=jsonb; nullable=NO; default=None; ordinal=4,0001_foundation.sql,canonical+applied,
column,public,submission_versions.acknowledgement,type=jsonb; nullable=YES; default=None; ordinal=5,0001_foundation.sql,canonical+applied,
column,public,submission_versions.idempotency_key,type=text; nullable=YES; default=None; ordinal=6,0001_foundation.sql,canonical+applied,
column,public,submission_versions.submitted_by,type=uuid; nullable=YES; default=None; ordinal=7,0001_foundation.sql,canonical+applied,
column,public,submission_versions.submitted_at,type=timestamp with time zone; nullable=NO; default=now(); ordinal=8,0001_foundation.sql,canonical+applied,
primary_key,public,submission_versions_pkey,table=submission_versions; columns=id,0001_foundation.sql,canonical+applied,
foreign_key,public,submission_versions_inspection_id_fkey,submission_versions.inspection_id -> inspections.id,0001_foundation.sql,canonical+applied,
foreign_key,public,submission_versions_submitted_by_fkey,submission_versions.submitted_by -> profiles.user_id,0001_foundation.sql,canonical+applied,
check,public,2200_18147_1_not_null,table=submission_versions; columns=None,0001_foundation.sql,canonical+applied,
check,public,2200_18147_2_not_null,table=submission_versions; columns=None,0001_foundation.sql,canonical+applied,
check,public,2200_18147_3_not_null,table=submission_versions; columns=None,0001_foundation.sql,canonical+applied,
check,public,2200_18147_4_not_null,table=submission_versions; columns=None,0001_foundation.sql,canonical+applied,
check,public,2200_18147_8_not_null,table=submission_versions; columns=None,0001_foundation.sql,canonical+applied,
unique,public,submission_versions_idempotency_key_key,table=submission_versions; columns=idempotency_key,0001_foundation.sql,canonical+applied,
unique,public,submission_versions_inspection_id_version_number_key,"table=submission_versions; columns=inspection_id,version_number",0001_foundation.sql,canonical+applied,
check,public,submission_versions_version_number_check,table=submission_versions; columns=None,0001_foundation.sql,canonical+applied,
index,public,submission_versions_idempotency_key_key,CREATE UNIQUE INDEX submission_versions_idempotency_key_key ON public.submission_versions USING btree (idempotency_key),0001_foundation.sql,canonical+applied,
index,public,submission_versions_inspection_id_version_number_key,"CREATE UNIQUE INDEX submission_versions_inspection_id_version_number_key ON public.submission_versions USING btree (inspection_id, version_number)",0001_foundation.sql,canonical+applied,
index,public,submission_versions_pkey,CREATE UNIQUE INDEX submission_versions_pkey ON public.submission_versions USING btree (id),0001_foundation.sql,canonical+applied,
trigger,public,trg_audit_submission_versions,"table=submission_versions; timing=AFTER; events=DELETE,INSERT,UPDATE; action=EXECUTE FUNCTION audit_row_change()",0001_foundation.sql,canonical+applied,
trigger,public,trg_capture_inspection_factory_snapshot,table=submission_versions; timing=AFTER; events=INSERT; action=EXECUTE FUNCTION capture_inspection_factory_snapshot(),0001_foundation.sql,canonical+applied,
trigger,public,trg_mvp2_m2_05_semantic_submission_versions,"table=submission_versions; timing=AFTER; events=INSERT,UPDATE; action=EXECUTE FUNCTION emit_mvp2_m2_05_semantic_event()",0001_foundation.sql,canonical+applied,
trigger,public,trg_notify_submission,table=submission_versions; timing=AFTER; events=INSERT; action=EXECUTE FUNCTION notify_on_submission(),0001_foundation.sql,canonical+applied,
rls_enablement,public,submission_versions__rls,rls_enabled=True; forced=False,0001_foundation.sql,canonical+applied,
rls_policy,public,submission_versions.subs_insert,cmd=INSERT; roles={public}; permissive=PERMISSIVE,0001_foundation.sql,canonical+applied,
rls_policy,public,submission_versions.subs_read,cmd=SELECT; roles={public}; permissive=PERMISSIVE,0001_foundation.sql,canonical+applied,
table,public,ui_string_revisions,columns=9; pk_cols=1; fk_out=2; triggers=0; rls=enabled; policies=1,0014_ui_strings_history_sync.sql,canonical+applied,
column,public,ui_string_revisions.id,type=uuid; nullable=NO; default=gen_random_uuid(); ordinal=1,0014_ui_strings_history_sync.sql,canonical+applied,
column,public,ui_string_revisions.key,type=text; nullable=NO; default=None; ordinal=2,0014_ui_strings_history_sync.sql,canonical+applied,
column,public,ui_string_revisions.en,type=text; nullable=NO; default=None; ordinal=3,0014_ui_strings_history_sync.sql,canonical+applied,
column,public,ui_string_revisions.ar,type=text; nullable=YES; default=None; ordinal=4,0014_ui_strings_history_sync.sql,canonical+applied,
column,public,ui_string_revisions.status,type=text; nullable=NO; default=None; ordinal=5,0014_ui_strings_history_sync.sql,canonical+applied,
column,public,ui_string_revisions.orphaned,type=boolean; nullable=NO; default=false; ordinal=6,0014_ui_strings_history_sync.sql,canonical+applied,
column,public,ui_string_revisions.changed_by,type=uuid; nullable=YES; default=None; ordinal=7,0014_ui_strings_history_sync.sql,canonical+applied,
column,public,ui_string_revisions.change_source,type=text; nullable=NO; default='panel'::text; ordinal=8,0014_ui_strings_history_sync.sql,canonical+applied,
column,public,ui_string_revisions.changed_at,type=timestamp with time zone; nullable=NO; default=now(); ordinal=9,0014_ui_strings_history_sync.sql,canonical+applied,
primary_key,public,ui_string_revisions_pkey,table=ui_string_revisions; columns=id,0014_ui_strings_history_sync.sql,canonical+applied,
foreign_key,public,ui_string_revisions_key_fkey,ui_string_revisions.key -> ui_strings.key,0014_ui_strings_history_sync.sql,canonical+applied,
foreign_key,public,ui_string_revisions_changed_by_fkey,ui_string_revisions.changed_by -> profiles.user_id,0014_ui_strings_history_sync.sql,canonical+applied,
check,public,2200_18515_1_not_null,table=ui_string_revisions; columns=None,0014_ui_strings_history_sync.sql,canonical+applied,
check,public,2200_18515_2_not_null,table=ui_string_revisions; columns=None,0014_ui_strings_history_sync.sql,canonical+applied,
check,public,2200_18515_3_not_null,table=ui_string_revisions; columns=None,0014_ui_strings_history_sync.sql,canonical+applied,
check,public,2200_18515_5_not_null,table=ui_string_revisions; columns=None,0014_ui_strings_history_sync.sql,canonical+applied,
check,public,2200_18515_6_not_null,table=ui_string_revisions; columns=None,0014_ui_strings_history_sync.sql,canonical+applied,
check,public,2200_18515_8_not_null,table=ui_string_revisions; columns=None,0014_ui_strings_history_sync.sql,canonical+applied,
check,public,2200_18515_9_not_null,table=ui_string_revisions; columns=None,0014_ui_strings_history_sync.sql,canonical+applied,
index,public,idx_usr_key_time,"CREATE INDEX idx_usr_key_time ON public.ui_string_revisions USING btree (key, changed_at DESC)",0014_ui_strings_history_sync.sql,canonical+applied,
index,public,ui_string_revisions_pkey,CREATE UNIQUE INDEX ui_string_revisions_pkey ON public.ui_string_revisions USING btree (id),0014_ui_strings_history_sync.sql,canonical+applied,
rls_enablement,public,ui_string_revisions__rls,rls_enabled=True; forced=False,0014_ui_strings_history_sync.sql,canonical+applied,
rls_policy,public,ui_string_revisions.usr_read,cmd=SELECT; roles={public}; permissive=PERMISSIVE,0014_ui_strings_history_sync.sql,canonical+applied,
table,public,ui_strings,columns=8; pk_cols=1; fk_out=1; triggers=2; rls=enabled; policies=3,0013_ui_strings_localization.sql,canonical+applied,
column,public,ui_strings.key,type=text; nullable=NO; default=None; ordinal=1,0013_ui_strings_localization.sql,canonical+applied,
column,public,ui_strings.en,type=text; nullable=NO; default=None; ordinal=2,0013_ui_strings_localization.sql,canonical+applied,
column,public,ui_strings.ar,type=text; nullable=YES; default=None; ordinal=3,0013_ui_strings_localization.sql,canonical+applied,
column,public,ui_strings.status,type=text; nullable=NO; default='draft'::text; ordinal=4,0013_ui_strings_localization.sql,canonical+applied,
column,public,ui_strings.context,type=text; nullable=YES; default=None; ordinal=5,0013_ui_strings_localization.sql,canonical+applied,
column,public,ui_strings.updated_by,type=uuid; nullable=YES; default=None; ordinal=6,0013_ui_strings_localization.sql,canonical+applied,
column,public,ui_strings.updated_at,type=timestamp with time zone; nullable=NO; default=now(); ordinal=7,0013_ui_strings_localization.sql,canonical+applied,
column,public,ui_strings.orphaned,type=boolean; nullable=NO; default=false; ordinal=8,0013_ui_strings_localization.sql,canonical+applied,
primary_key,public,ui_strings_pkey,table=ui_strings; columns=key,0013_ui_strings_localization.sql,canonical+applied,
foreign_key,public,ui_strings_updated_by_fkey,ui_strings.updated_by -> profiles.user_id,0013_ui_strings_localization.sql,canonical+applied,
check,public,2200_18488_1_not_null,table=ui_strings; columns=None,0013_ui_strings_localization.sql,canonical+applied,
check,public,2200_18488_2_not_null,table=ui_strings; columns=None,0013_ui_strings_localization.sql,canonical+applied,
check,public,2200_18488_4_not_null,table=ui_strings; columns=None,0013_ui_strings_localization.sql,canonical+applied,
check,public,2200_18488_7_not_null,table=ui_strings; columns=None,0013_ui_strings_localization.sql,canonical+applied,
check,public,2200_18488_8_not_null,table=ui_strings; columns=None,0013_ui_strings_localization.sql,canonical+applied,
check,public,ui_strings_status_check,table=ui_strings; columns=None,0013_ui_strings_localization.sql,canonical+applied,
index,public,ui_strings_pkey,CREATE UNIQUE INDEX ui_strings_pkey ON public.ui_strings USING btree (key),0013_ui_strings_localization.sql,canonical+applied,
trigger,public,trg_ui_strings_touch,table=ui_strings; timing=BEFORE; events=UPDATE; action=EXECUTE FUNCTION touch_ui_string(),0013_ui_strings_localization.sql,canonical+applied,
trigger,public,trg_ui_strings_versioning,table=ui_strings; timing=BEFORE; events=UPDATE; action=EXECUTE FUNCTION ui_strings_versioning(),0013_ui_strings_localization.sql,canonical+applied,
rls_enablement,public,ui_strings__rls,rls_enabled=True; forced=False,0013_ui_strings_localization.sql,canonical+applied,
rls_policy,public,ui_strings.ui_strings_read,cmd=SELECT; roles={public}; permissive=PERMISSIVE,0013_ui_strings_localization.sql,canonical+applied,
rls_policy,public,ui_strings.ui_strings_update,cmd=UPDATE; roles={public}; permissive=PERMISSIVE,0013_ui_strings_localization.sql,canonical+applied,
rls_policy,public,ui_strings.ui_strings_write,cmd=INSERT; roles={public}; permissive=PERMISSIVE,0013_ui_strings_localization.sql,canonical+applied,
table,public,user_capability_grants,columns=4; pk_cols=2; fk_out=1; triggers=0; rls=enabled; policies=2,20260721110000_execution_access_grants.sql,canonical+applied,
column,public,user_capability_grants.user_id,type=uuid; nullable=NO; default=None; ordinal=1,20260721110000_execution_access_grants.sql,canonical+applied,
column,public,user_capability_grants.capability_key,type=text; nullable=NO; default=None; ordinal=2,20260721110000_execution_access_grants.sql,canonical+applied,
column,public,user_capability_grants.granted_by,type=uuid; nullable=YES; default=None; ordinal=3,20260721110000_execution_access_grants.sql,canonical+applied,
column,public,user_capability_grants.granted_at,type=timestamp with time zone; nullable=NO; default=now(); ordinal=4,20260721110000_execution_access_grants.sql,canonical+applied,
primary_key,public,user_capability_grants_pkey,"table=user_capability_grants; columns=user_id,capability_key",20260721110000_execution_access_grants.sql,canonical+applied,
foreign_key,public,user_capability_grants_capability_key_fkey,user_capability_grants.capability_key -> capabilities.capability_key,20260721110000_execution_access_grants.sql,canonical+applied,
check,public,2200_23748_1_not_null,table=user_capability_grants; columns=None,20260721110000_execution_access_grants.sql,canonical+applied,
check,public,2200_23748_2_not_null,table=user_capability_grants; columns=None,20260721110000_execution_access_grants.sql,canonical+applied,
check,public,2200_23748_4_not_null,table=user_capability_grants; columns=None,20260721110000_execution_access_grants.sql,canonical+applied,
index,public,user_capability_grants_pkey,"CREATE UNIQUE INDEX user_capability_grants_pkey ON public.user_capability_grants USING btree (user_id, capability_key)",20260721110000_execution_access_grants.sql,canonical+applied,
rls_enablement,public,user_capability_grants__rls,rls_enabled=True; forced=False,20260721110000_execution_access_grants.sql,canonical+applied,
rls_policy,public,user_capability_grants.user_capability_grants_read_admin,cmd=SELECT; roles={authenticated}; permissive=PERMISSIVE,20260721110000_execution_access_grants.sql,canonical+applied,
rls_policy,public,user_capability_grants.user_capability_grants_read_own,cmd=SELECT; roles={authenticated}; permissive=PERMISSIVE,20260721110000_execution_access_grants.sql,canonical+applied,
table,public,user_roles,columns=4; pk_cols=2; fk_out=3; triggers=1; rls=enabled; policies=2,0001_foundation.sql,canonical+applied,
column,public,user_roles.user_id,type=uuid; nullable=NO; default=None; ordinal=1,0001_foundation.sql,canonical+applied,
column,public,user_roles.role_key,type=text; nullable=NO; default=None; ordinal=2,0001_foundation.sql,canonical+applied,
column,public,user_roles.granted_by,type=uuid; nullable=YES; default=None; ordinal=3,0001_foundation.sql,canonical+applied,
column,public,user_roles.granted_at,type=timestamp with time zone; nullable=NO; default=now(); ordinal=4,0001_foundation.sql,canonical+applied,
primary_key,public,user_roles_pkey,"table=user_roles; columns=user_id,role_key",0001_foundation.sql,canonical+applied,
foreign_key,public,user_roles_role_key_fkey,user_roles.role_key -> roles.role_key,0001_foundation.sql,canonical+applied,
foreign_key,public,user_roles_user_id_fkey,user_roles.user_id -> profiles.user_id,0001_foundation.sql,canonical+applied,
foreign_key,public,user_roles_granted_by_fkey,user_roles.granted_by -> profiles.user_id,0001_foundation.sql,canonical+applied,
check,public,2200_17746_1_not_null,table=user_roles; columns=None,0001_foundation.sql,canonical+applied,
check,public,2200_17746_2_not_null,table=user_roles; columns=None,0001_foundation.sql,canonical+applied,
check,public,2200_17746_4_not_null,table=user_roles; columns=None,0001_foundation.sql,canonical+applied,
index,public,user_roles_pkey,"CREATE UNIQUE INDEX user_roles_pkey ON public.user_roles USING btree (user_id, role_key)",0001_foundation.sql,canonical+applied,
trigger,public,trg_audit_user_roles,"table=user_roles; timing=AFTER; events=DELETE,INSERT,UPDATE; action=EXECUTE FUNCTION audit_row_change()",0001_foundation.sql,canonical+applied,
rls_enablement,public,user_roles__rls,rls_enabled=True; forced=False,0001_foundation.sql,canonical+applied,
rls_policy,public,user_roles.user_roles_admin,cmd=INSERT; roles={public}; permissive=PERMISSIVE,0001_foundation.sql,canonical+applied,
rls_policy,public,user_roles.user_roles_read,cmd=SELECT; roles={public}; permissive=PERMISSIVE,0001_foundation.sql,canonical+applied,
table,public,violation_codes,columns=30; pk_cols=1; fk_out=5; triggers=3; rls=enabled; policies=2,0001_foundation.sql,canonical+applied,
column,public,violation_codes.id,type=uuid; nullable=NO; default=gen_random_uuid(); ordinal=1,0001_foundation.sql,canonical+applied,
column,public,violation_codes.code,type=text; nullable=NO; default=None; ordinal=2,0001_foundation.sql,canonical+applied,
column,public,violation_codes.title,type=text; nullable=NO; default=None; ordinal=3,0001_foundation.sql,canonical+applied,
column,public,violation_codes.level,type=text; nullable=NO; default=None; ordinal=4,0001_foundation.sql,canonical+applied,
column,public,violation_codes.clause_id,type=uuid; nullable=YES; default=None; ordinal=5,0001_foundation.sql,canonical+applied,
column,public,violation_codes.active_from,type=date; nullable=YES; default=None; ordinal=6,0001_foundation.sql,canonical+applied,
column,public,violation_codes.active_to,type=date; nullable=YES; default=None; ordinal=7,0001_foundation.sql,canonical+applied,
column,public,violation_codes.status,type=USER-DEFINED; nullable=NO; default='published'::config_status; ordinal=8,0001_foundation.sql,canonical+applied,
column,public,violation_codes.configuration_version,type=integer; nullable=NO; default=1; ordinal=9,0001_foundation.sql,canonical+applied,
column,public,violation_codes.corrective_action,type=text; nullable=YES; default=None; ordinal=10,0001_foundation.sql,canonical+applied,
column,public,violation_codes.grace_period_days,type=integer; nullable=YES; default=None; ordinal=11,0001_foundation.sql,canonical+applied,
column,public,violation_codes.category,type=text; nullable=YES; default=None; ordinal=12,0001_foundation.sql,canonical+applied,
column,public,violation_codes.applicability,type=text; nullable=YES; default=None; ordinal=13,0001_foundation.sql,canonical+applied,
column,public,violation_codes.created_by,type=uuid; nullable=YES; default=None; ordinal=14,0001_foundation.sql,canonical+applied,
column,public,violation_codes.approved_by,type=uuid; nullable=YES; default=None; ordinal=15,0001_foundation.sql,canonical+applied,
column,public,violation_codes.published_at,type=timestamp with time zone; nullable=YES; default=None; ordinal=16,0001_foundation.sql,canonical+applied,
column,public,violation_codes.supersedes_id,type=uuid; nullable=YES; default=None; ordinal=17,0001_foundation.sql,canonical+applied,
column,public,violation_codes.deactivation_reason,type=text; nullable=YES; default=None; ordinal=18,0001_foundation.sql,canonical+applied,
column,public,violation_codes.inspection_item_id,type=uuid; nullable=YES; default=None; ordinal=19,0001_foundation.sql,canonical+applied,
column,public,violation_codes.trigger_response,type=text; nullable=YES; default=None; ordinal=20,0001_foundation.sql,canonical+applied,
column,public,violation_codes.description,type=text; nullable=YES; default=None; ordinal=21,0001_foundation.sql,canonical+applied,
column,public,violation_codes.corrective_action_required,type=boolean; nullable=NO; default=false; ordinal=22,0001_foundation.sql,canonical+applied,
column,public,violation_codes.grace_period_required,type=boolean; nullable=NO; default=false; ordinal=23,0001_foundation.sql,canonical+applied,
column,public,violation_codes.grace_period_type,type=text; nullable=YES; default=None; ordinal=24,0001_foundation.sql,canonical+applied,
column,public,violation_codes.grace_period_value,type=numeric; nullable=YES; default=None; ordinal=25,0001_foundation.sql,canonical+applied,
column,public,violation_codes.exceptional_grace_period,type=text; nullable=YES; default=None; ordinal=26,0001_foundation.sql,canonical+applied,
column,public,violation_codes.action_form_required,type=boolean; nullable=NO; default=false; ordinal=27,0001_foundation.sql,canonical+applied,
column,public,violation_codes.action_form_reference,type=text; nullable=YES; default=None; ordinal=28,0001_foundation.sql,canonical+applied,
column,public,violation_codes.notify_entity,type=boolean; nullable=NO; default=false; ordinal=29,0001_foundation.sql,canonical+applied,
column,public,violation_codes.notes,type=text; nullable=YES; default=None; ordinal=30,0001_foundation.sql,canonical+applied,
primary_key,public,violation_codes_pkey,table=violation_codes; columns=id,0001_foundation.sql,canonical+applied,
foreign_key,public,violation_codes_created_by_fkey,violation_codes.created_by -> profiles.user_id,0001_foundation.sql,canonical+applied,
foreign_key,public,violation_codes_inspection_item_id_fkey,violation_codes.inspection_item_id -> inspection_items.id,0001_foundation.sql,canonical+applied,
foreign_key,public,violation_codes_supersedes_id_fkey,violation_codes.supersedes_id -> violation_codes.id,0001_foundation.sql,canonical+applied,
foreign_key,public,violation_codes_clause_id_fkey,violation_codes.clause_id -> regulation_clauses.id,0001_foundation.sql,canonical+applied,
foreign_key,public,violation_codes_approved_by_fkey,violation_codes.approved_by -> profiles.user_id,0001_foundation.sql,canonical+applied,
check,public,2200_17861_1_not_null,table=violation_codes; columns=None,0001_foundation.sql,canonical+applied,
check,public,2200_17861_22_not_null,table=violation_codes; columns=None,0001_foundation.sql,canonical+applied,
check,public,2200_17861_23_not_null,table=violation_codes; columns=None,0001_foundation.sql,canonical+applied,
check,public,2200_17861_27_not_null,table=violation_codes; columns=None,0001_foundation.sql,canonical+applied,
check,public,2200_17861_29_not_null,table=violation_codes; columns=None,0001_foundation.sql,canonical+applied,
check,public,2200_17861_2_not_null,table=violation_codes; columns=None,0001_foundation.sql,canonical+applied,
check,public,2200_17861_3_not_null,table=violation_codes; columns=None,0001_foundation.sql,canonical+applied,
check,public,2200_17861_4_not_null,table=violation_codes; columns=None,0001_foundation.sql,canonical+applied,
check,public,2200_17861_8_not_null,table=violation_codes; columns=None,0001_foundation.sql,canonical+applied,
check,public,2200_17861_9_not_null,table=violation_codes; columns=None,0001_foundation.sql,canonical+applied,
check,public,violation_action_form_fields,table=violation_codes; columns=None,0001_foundation.sql,canonical+applied,
check,public,violation_codes_active_window,table=violation_codes; columns=None,0001_foundation.sql,canonical+applied,
check,public,violation_codes_grace_nonnegative,table=violation_codes; columns=None,0001_foundation.sql,canonical+applied,
check,public,violation_codes_maker_checker,table=violation_codes; columns=None,0001_foundation.sql,canonical+applied,
check,public,violation_grace_fields,table=violation_codes; columns=None,0001_foundation.sql,canonical+applied,
unique,public,violation_item_trigger_unique,"table=violation_codes; columns=inspection_item_id,trigger_response",0001_foundation.sql,canonical+applied,
index,public,violation_codes_code_version_unique,"CREATE UNIQUE INDEX violation_codes_code_version_unique ON public.violation_codes USING btree (code, configuration_version)",0001_foundation.sql,canonical+applied,
index,public,violation_codes_one_open_governed,"CREATE UNIQUE INDEX violation_codes_one_open_governed ON public.violation_codes USING btree (code) WHERE ((status = ANY (ARRAY['published'::config_status, 'locked'::config_status])) AND (active_to IS ",0001_foundation.sql,canonical+applied,
index,public,violation_codes_pkey,CREATE UNIQUE INDEX violation_codes_pkey ON public.violation_codes USING btree (id),0001_foundation.sql,canonical+applied,
index,public,violation_item_trigger_unique,"CREATE UNIQUE INDEX violation_item_trigger_unique ON public.violation_codes USING btree (inspection_item_id, trigger_response)",0001_foundation.sql,canonical+applied,
trigger,public,trg_audit_violation_codes,"table=violation_codes; timing=AFTER; events=DELETE,INSERT,UPDATE; action=EXECUTE FUNCTION audit_row_change()",0001_foundation.sql,canonical+applied,
trigger,public,trg_guard_governed_violation_code,"table=violation_codes; timing=BEFORE; events=DELETE,UPDATE; action=EXECUTE FUNCTION guard_governed_violation_code()",0001_foundation.sql,canonical+applied,
trigger,public,trg_guard_violation_compliance_fields,table=violation_codes; timing=BEFORE; events=UPDATE; action=EXECUTE FUNCTION guard_violation_compliance_fields(),0001_foundation.sql,canonical+applied,
rls_enablement,public,violation_codes__rls,rls_enabled=True; forced=False,0001_foundation.sql,canonical+applied,
rls_policy,public,violation_codes.violation_codes_admin,cmd=ALL; roles={public}; permissive=PERMISSIVE,0001_foundation.sql,canonical+applied,
rls_policy,public,violation_codes.violation_codes_read,cmd=SELECT; roles={public}; permissive=PERMISSIVE,0001_foundation.sql,canonical+applied,
table,public,violations,columns=9; pk_cols=1; fk_out=4; triggers=3; rls=enabled; policies=3,0001_foundation.sql,canonical+applied,
column,public,violations.id,type=uuid; nullable=NO; default=gen_random_uuid(); ordinal=1,0001_foundation.sql,canonical+applied,
column,public,violations.inspection_id,type=uuid; nullable=NO; default=None; ordinal=2,0001_foundation.sql,canonical+applied,
column,public,violations.violation_code_id,type=uuid; nullable=NO; default=None; ordinal=3,0001_foundation.sql,canonical+applied,
column,public,violations.finding_id,type=uuid; nullable=YES; default=None; ordinal=4,0001_foundation.sql,canonical+applied,
column,public,violations.mapping_version,type=text; nullable=NO; default=None; ordinal=5,0001_foundation.sql,canonical+applied,
column,public,violations.triggered_by_response,type=uuid; nullable=YES; default=None; ordinal=6,0001_foundation.sql,canonical+applied,
column,public,violations.invalidated_at,type=timestamp with time zone; nullable=YES; default=None; ordinal=7,0001_foundation.sql,canonical+applied,
column,public,violations.invalidated_by,type=uuid; nullable=YES; default=None; ordinal=8,0001_foundation.sql,canonical+applied,
column,public,violations.invalidate_reason,type=text; nullable=YES; default=None; ordinal=9,0001_foundation.sql,canonical+applied,
primary_key,public,violations_pkey,table=violations; columns=id,0001_foundation.sql,canonical+applied,
foreign_key,public,violations_violation_code_id_fkey,violations.violation_code_id -> violation_codes.id,0001_foundation.sql,canonical+applied,
foreign_key,public,violations_inspection_id_fkey,violations.inspection_id -> inspections.id,0001_foundation.sql,canonical+applied,
foreign_key,public,violations_finding_id_fkey,violations.finding_id -> findings.id,0001_foundation.sql,canonical+applied,
foreign_key,public,violations_triggered_by_response_fkey,violations.triggered_by_response -> checklist_responses.id,0001_foundation.sql,canonical+applied,
check,public,2200_18098_1_not_null,table=violations; columns=None,0001_foundation.sql,canonical+applied,
check,public,2200_18098_2_not_null,table=violations; columns=None,0001_foundation.sql,canonical+applied,
check,public,2200_18098_3_not_null,table=violations; columns=None,0001_foundation.sql,canonical+applied,
check,public,2200_18098_5_not_null,table=violations; columns=None,0001_foundation.sql,canonical+applied,
index,public,violations_active_inspection_idx,CREATE INDEX violations_active_inspection_idx ON public.violations USING btree (inspection_id) WHERE (invalidated_at IS NULL),0001_foundation.sql,canonical+applied,
index,public,violations_inspection_idx,CREATE INDEX violations_inspection_idx ON public.violations USING btree (inspection_id),0001_foundation.sql,canonical+applied,
index,public,violations_pkey,CREATE UNIQUE INDEX violations_pkey ON public.violations USING btree (id),0001_foundation.sql,canonical+applied,
trigger,public,trg_audit_violations,"table=violations; timing=AFTER; events=DELETE,INSERT,UPDATE; action=EXECUTE FUNCTION audit_row_change()",0001_foundation.sql,canonical+applied,
trigger,public,trg_guard_violation_invalidate,table=violations; timing=BEFORE; events=UPDATE; action=EXECUTE FUNCTION guard_violation_invalidate(),0001_foundation.sql,canonical+applied,
trigger,public,trg_materialize_informational_penalty,table=violations; timing=AFTER; events=INSERT; action=EXECUTE FUNCTION materialize_informational_penalty(),0001_foundation.sql,canonical+applied,
rls_enablement,public,violations__rls,rls_enabled=True; forced=False,0001_foundation.sql,canonical+applied,
rls_policy,public,violations.violations_insert,cmd=INSERT; roles={public}; permissive=PERMISSIVE,0001_foundation.sql,canonical+applied,
rls_policy,public,violations.violations_invalidate,cmd=UPDATE; roles={authenticated}; permissive=PERMISSIVE,0001_foundation.sql,canonical+applied,
rls_policy,public,violations.violations_read,cmd=SELECT; roles={public}; permissive=PERMISSIVE,0001_foundation.sql,canonical+applied,
table,public,virtual_participants,columns=8; pk_cols=1; fk_out=1; triggers=1; rls=enabled; policies=1,0001_foundation.sql,canonical+applied,
column,public,virtual_participants.id,type=uuid; nullable=NO; default=gen_random_uuid(); ordinal=1,0001_foundation.sql,canonical+applied,
column,public,virtual_participants.session_id,type=uuid; nullable=NO; default=None; ordinal=2,0001_foundation.sql,canonical+applied,
column,public,virtual_participants.display_name,type=text; nullable=NO; default=None; ordinal=3,0001_foundation.sql,canonical+applied,
column,public,virtual_participants.role,type=text; nullable=NO; default=None; ordinal=4,0001_foundation.sql,canonical+applied,
column,public,virtual_participants.joined_at,type=timestamp with time zone; nullable=YES; default=None; ordinal=5,0001_foundation.sql,canonical+applied,
column,public,virtual_participants.verified_at,type=timestamp with time zone; nullable=YES; default=None; ordinal=6,0001_foundation.sql,canonical+applied,
column,public,virtual_participants.otp_attempts,type=integer; nullable=NO; default=0; ordinal=7,0001_foundation.sql,canonical+applied,
column,public,virtual_participants.verification_record,type=jsonb; nullable=YES; default=None; ordinal=8,0001_foundation.sql,canonical+applied,
primary_key,public,virtual_participants_pkey,table=virtual_participants; columns=id,0001_foundation.sql,canonical+applied,
foreign_key,public,virtual_participants_session_id_fkey,virtual_participants.session_id -> virtual_sessions.id,0001_foundation.sql,canonical+applied,
check,public,2200_18213_1_not_null,table=virtual_participants; columns=None,0001_foundation.sql,canonical+applied,
check,public,2200_18213_2_not_null,table=virtual_participants; columns=None,0001_foundation.sql,canonical+applied,
check,public,2200_18213_3_not_null,table=virtual_participants; columns=None,0001_foundation.sql,canonical+applied,
check,public,2200_18213_4_not_null,table=virtual_participants; columns=None,0001_foundation.sql,canonical+applied,
check,public,2200_18213_7_not_null,table=virtual_participants; columns=None,0001_foundation.sql,canonical+applied,
index,public,virtual_participants_pkey,CREATE UNIQUE INDEX virtual_participants_pkey ON public.virtual_participants USING btree (id),0001_foundation.sql,canonical+applied,
trigger,public,trg_audit_virtual_participants,"table=virtual_participants; timing=AFTER; events=DELETE,INSERT,UPDATE; action=EXECUTE FUNCTION audit_row_change()",0001_foundation.sql,canonical+applied,
rls_enablement,public,virtual_participants__rls,rls_enabled=True; forced=False,0001_foundation.sql,canonical+applied,
rls_policy,public,virtual_participants.vp_rw,cmd=ALL; roles={public}; permissive=PERMISSIVE,0001_foundation.sql,canonical+applied,
table,public,virtual_sessions,columns=5; pk_cols=1; fk_out=1; triggers=2; rls=enabled; policies=2,0001_foundation.sql,canonical+applied,
column,public,virtual_sessions.id,type=uuid; nullable=NO; default=gen_random_uuid(); ordinal=1,0001_foundation.sql,canonical+applied,
column,public,virtual_sessions.visit_id,type=uuid; nullable=NO; default=None; ordinal=2,0001_foundation.sql,canonical+applied,
column,public,virtual_sessions.state,type=USER-DEFINED; nullable=NO; default='scheduled'::virtual_state; ordinal=3,0001_foundation.sql,canonical+applied,
column,public,virtual_sessions.appointment_at,type=timestamp with time zone; nullable=NO; default=None; ordinal=4,0001_foundation.sql,canonical+applied,
column,public,virtual_sessions.timeline,type=jsonb; nullable=NO; default='[]'::jsonb; ordinal=5,0001_foundation.sql,canonical+applied,
primary_key,public,virtual_sessions_pkey,table=virtual_sessions; columns=id,0001_foundation.sql,canonical+applied,
foreign_key,public,virtual_sessions_visit_id_fkey,virtual_sessions.visit_id -> visits.id,0001_foundation.sql,canonical+applied,
check,public,2200_18196_1_not_null,table=virtual_sessions; columns=None,0001_foundation.sql,canonical+applied,
check,public,2200_18196_2_not_null,table=virtual_sessions; columns=None,0001_foundation.sql,canonical+applied,
check,public,2200_18196_3_not_null,table=virtual_sessions; columns=None,0001_foundation.sql,canonical+applied,
check,public,2200_18196_4_not_null,table=virtual_sessions; columns=None,0001_foundation.sql,canonical+applied,
check,public,2200_18196_5_not_null,table=virtual_sessions; columns=None,0001_foundation.sql,canonical+applied,
check,public,appointment_plausible_year,table=virtual_sessions; columns=None,0001_foundation.sql,canonical+applied,
unique,public,virtual_sessions_visit_id_key,table=virtual_sessions; columns=visit_id,0001_foundation.sql,canonical+applied,
index,public,virtual_sessions_pkey,CREATE UNIQUE INDEX virtual_sessions_pkey ON public.virtual_sessions USING btree (id),0001_foundation.sql,canonical+applied,
index,public,virtual_sessions_visit_id_key,CREATE UNIQUE INDEX virtual_sessions_visit_id_key ON public.virtual_sessions USING btree (visit_id),0001_foundation.sql,canonical+applied,
trigger,public,trg_audit_virtual_sessions,"table=virtual_sessions; timing=AFTER; events=DELETE,INSERT,UPDATE; action=EXECUTE FUNCTION audit_row_change()",0001_foundation.sql,canonical+applied,
trigger,public,trg_guard_virtual,table=virtual_sessions; timing=BEFORE; events=UPDATE; action=EXECUTE FUNCTION guard_virtual_transition(),0001_foundation.sql,canonical+applied,
rls_enablement,public,virtual_sessions__rls,rls_enabled=True; forced=False,0001_foundation.sql,canonical+applied,
rls_policy,public,virtual_sessions.vs_read,cmd=SELECT; roles={public}; permissive=PERMISSIVE,0001_foundation.sql,canonical+applied,
rls_policy,public,virtual_sessions.vs_write,cmd=ALL; roles={public}; permissive=PERMISSIVE,0001_foundation.sql,canonical+applied,
table,public,visit_attachments,columns=9; pk_cols=1; fk_out=3; triggers=1; rls=enabled; policies=3,0020_fix_plans_attachments.sql,canonical+applied,
column,public,visit_attachments.id,type=uuid; nullable=NO; default=gen_random_uuid(); ordinal=1,0020_fix_plans_attachments.sql,canonical+applied,
column,public,visit_attachments.visit_id,type=uuid; nullable=NO; default=None; ordinal=2,0020_fix_plans_attachments.sql,canonical+applied,
column,public,visit_attachments.name,type=text; nullable=NO; default=None; ordinal=3,0020_fix_plans_attachments.sql,canonical+applied,
column,public,visit_attachments.mime,type=text; nullable=NO; default=None; ordinal=4,0020_fix_plans_attachments.sql,canonical+applied,
column,public,visit_attachments.storage_path,type=text; nullable=NO; default=None; ordinal=5,0020_fix_plans_attachments.sql,canonical+applied,
column,public,visit_attachments.uploaded_by,type=uuid; nullable=YES; default=None; ordinal=6,0020_fix_plans_attachments.sql,canonical+applied,
column,public,visit_attachments.uploaded_at,type=timestamp with time zone; nullable=NO; default=now(); ordinal=7,0020_fix_plans_attachments.sql,canonical+applied,
column,public,visit_attachments.removed_at,type=timestamp with time zone; nullable=YES; default=None; ordinal=8,0020_fix_plans_attachments.sql,canonical+applied,
column,public,visit_attachments.removed_by,type=uuid; nullable=YES; default=None; ordinal=9,0020_fix_plans_attachments.sql,canonical+applied,
primary_key,public,visit_attachments_pkey,table=visit_attachments; columns=id,0020_fix_plans_attachments.sql,canonical+applied,
foreign_key,public,visit_attachments_visit_id_fkey,visit_attachments.visit_id -> visits.id,0020_fix_plans_attachments.sql,canonical+applied,
foreign_key,public,visit_attachments_uploaded_by_fkey,visit_attachments.uploaded_by -> profiles.user_id,0020_fix_plans_attachments.sql,canonical+applied,
foreign_key,public,visit_attachments_removed_by_fkey,visit_attachments.removed_by -> profiles.user_id,0020_fix_plans_attachments.sql,canonical+applied,
check,public,2200_18723_1_not_null,table=visit_attachments; columns=None,0020_fix_plans_attachments.sql,canonical+applied,
check,public,2200_18723_2_not_null,table=visit_attachments; columns=None,0020_fix_plans_attachments.sql,canonical+applied,
check,public,2200_18723_3_not_null,table=visit_attachments; columns=None,0020_fix_plans_attachments.sql,canonical+applied,
check,public,2200_18723_4_not_null,table=visit_attachments; columns=None,0020_fix_plans_attachments.sql,canonical+applied,
check,public,2200_18723_5_not_null,table=visit_attachments; columns=None,0020_fix_plans_attachments.sql,canonical+applied,
check,public,2200_18723_7_not_null,table=visit_attachments; columns=None,0020_fix_plans_attachments.sql,canonical+applied,
unique,public,visit_attachments_storage_path_key,table=visit_attachments; columns=storage_path,0020_fix_plans_attachments.sql,canonical+applied,
index,public,visit_attachments_pkey,CREATE UNIQUE INDEX visit_attachments_pkey ON public.visit_attachments USING btree (id),0020_fix_plans_attachments.sql,canonical+applied,
index,public,visit_attachments_storage_path_key,CREATE UNIQUE INDEX visit_attachments_storage_path_key ON public.visit_attachments USING btree (storage_path),0020_fix_plans_attachments.sql,canonical+applied,
index,public,visit_attachments_visit,CREATE INDEX visit_attachments_visit ON public.visit_attachments USING btree (visit_id),0020_fix_plans_attachments.sql,canonical+applied,
trigger,public,trg_audit_visit_attachments,"table=visit_attachments; timing=AFTER; events=DELETE,INSERT,UPDATE; action=EXECUTE FUNCTION audit_row_change()",0020_fix_plans_attachments.sql,canonical+applied,
rls_enablement,public,visit_attachments__rls,rls_enabled=True; forced=False,0020_fix_plans_attachments.sql,canonical+applied,
rls_policy,public,visit_attachments.va_insert,cmd=INSERT; roles={public}; permissive=PERMISSIVE,0020_fix_plans_attachments.sql,canonical+applied,
rls_policy,public,visit_attachments.va_read,cmd=SELECT; roles={public}; permissive=PERMISSIVE,0020_fix_plans_attachments.sql,canonical+applied,
rls_policy,public,visit_attachments.va_update,cmd=UPDATE; roles={public}; permissive=PERMISSIVE,0020_fix_plans_attachments.sql,canonical+applied,
table,public,visit_lifecycle_events,columns=8; pk_cols=1; fk_out=1; triggers=1; rls=enabled; policies=2,20260721030100_planning_canonical_structures.sql,canonical+applied,
column,public,visit_lifecycle_events.id,type=uuid; nullable=NO; default=gen_random_uuid(); ordinal=1,20260721030100_planning_canonical_structures.sql,canonical+applied,
column,public,visit_lifecycle_events.visit_id,type=uuid; nullable=NO; default=None; ordinal=2,20260721030100_planning_canonical_structures.sql,canonical+applied,
column,public,visit_lifecycle_events.event_type,type=text; nullable=NO; default=None; ordinal=3,20260721030100_planning_canonical_structures.sql,canonical+applied,
column,public,visit_lifecycle_events.reason_key,type=text; nullable=YES; default=None; ordinal=4,20260721030100_planning_canonical_structures.sql,canonical+applied,
column,public,visit_lifecycle_events.comments,type=text; nullable=YES; default=None; ordinal=5,20260721030100_planning_canonical_structures.sql,canonical+applied,
column,public,visit_lifecycle_events.actor,type=uuid; nullable=YES; default=None; ordinal=6,20260721030100_planning_canonical_structures.sql,canonical+applied,
column,public,visit_lifecycle_events.previous,type=jsonb; nullable=NO; default='{}'::jsonb; ordinal=7,20260721030100_planning_canonical_structures.sql,canonical+applied,
column,public,visit_lifecycle_events.created_at,type=timestamp with time zone; nullable=NO; default=now(); ordinal=8,20260721030100_planning_canonical_structures.sql,canonical+applied,
primary_key,public,visit_lifecycle_events_pkey,table=visit_lifecycle_events; columns=id,20260721030100_planning_canonical_structures.sql,canonical+applied,
foreign_key,public,visit_lifecycle_events_visit_id_fkey,visit_lifecycle_events.visit_id -> visits.id,20260721030100_planning_canonical_structures.sql,canonical+applied,
check,public,2200_23558_1_not_null,table=visit_lifecycle_events; columns=None,20260721030100_planning_canonical_structures.sql,canonical+applied,
check,public,2200_23558_2_not_null,table=visit_lifecycle_events; columns=None,20260721030100_planning_canonical_structures.sql,canonical+applied,
check,public,2200_23558_3_not_null,table=visit_lifecycle_events; columns=None,20260721030100_planning_canonical_structures.sql,canonical+applied,
check,public,2200_23558_7_not_null,table=visit_lifecycle_events; columns=None,20260721030100_planning_canonical_structures.sql,canonical+applied,
check,public,2200_23558_8_not_null,table=visit_lifecycle_events; columns=None,20260721030100_planning_canonical_structures.sql,canonical+applied,
check,public,visit_lifecycle_events_event_type_check,table=visit_lifecycle_events; columns=None,20260721030100_planning_canonical_structures.sql,canonical+applied,
index,public,visit_lifecycle_events_pkey,CREATE UNIQUE INDEX visit_lifecycle_events_pkey ON public.visit_lifecycle_events USING btree (id),20260721030100_planning_canonical_structures.sql,canonical+applied,
index,public,visit_lifecycle_events_visit_idx,CREATE INDEX visit_lifecycle_events_visit_idx ON public.visit_lifecycle_events USING btree (visit_id),20260721030100_planning_canonical_structures.sql,canonical+applied,
trigger,public,trg_audit_visit_lifecycle_events,"table=visit_lifecycle_events; timing=AFTER; events=DELETE,INSERT,UPDATE; action=EXECUTE FUNCTION audit_row_change()",20260721030100_planning_canonical_structures.sql,canonical+applied,
rls_enablement,public,visit_lifecycle_events__rls,rls_enabled=True; forced=False,20260721030100_planning_canonical_structures.sql,canonical+applied,
rls_policy,public,visit_lifecycle_events.visit_lifecycle_events_insert,cmd=INSERT; roles={public}; permissive=PERMISSIVE,20260721030100_planning_canonical_structures.sql,canonical+applied,
rls_policy,public,visit_lifecycle_events.visit_lifecycle_events_read,cmd=SELECT; roles={public}; permissive=PERMISSIVE,20260721030100_planning_canonical_structures.sql,canonical+applied,
table,public,visit_location_corrections,columns=11; pk_cols=1; fk_out=2; triggers=1; rls=enabled; policies=1,20260721140000_execution_journey_cancellation.sql,canonical+applied,
column,public,visit_location_corrections.id,type=uuid; nullable=NO; default=gen_random_uuid(); ordinal=1,20260721140000_execution_journey_cancellation.sql,canonical+applied,
column,public,visit_location_corrections.visit_id,type=uuid; nullable=NO; default=None; ordinal=2,20260721140000_execution_journey_cancellation.sql,canonical+applied,
column,public,visit_location_corrections.corrected_lat,type=numeric; nullable=NO; default=None; ordinal=3,20260721140000_execution_journey_cancellation.sql,canonical+applied,
column,public,visit_location_corrections.corrected_lng,type=numeric; nullable=NO; default=None; ordinal=4,20260721140000_execution_journey_cancellation.sql,canonical+applied,
column,public,visit_location_corrections.accuracy_m,type=numeric; nullable=YES; default=None; ordinal=5,20260721140000_execution_journey_cancellation.sql,canonical+applied,
column,public,visit_location_corrections.reason,type=text; nullable=NO; default=None; ordinal=6,20260721140000_execution_journey_cancellation.sql,canonical+applied,
column,public,visit_location_corrections.evidence_id,type=uuid; nullable=YES; default=None; ordinal=7,20260721140000_execution_journey_cancellation.sql,canonical+applied,
column,public,visit_location_corrections.source,type=text; nullable=NO; default='inspector_field'::text; ordinal=8,20260721140000_execution_journey_cancellation.sql,canonical+applied,
column,public,visit_location_corrections.corrected_by,type=uuid; nullable=NO; default=None; ordinal=9,20260721140000_execution_journey_cancellation.sql,canonical+applied,
column,public,visit_location_corrections.corrected_at,type=timestamp with time zone; nullable=NO; default=now(); ordinal=10,20260721140000_execution_journey_cancellation.sql,canonical+applied,
column,public,visit_location_corrections.capture_context,type=text; nullable=NO; default='online'::text; ordinal=11,20260721140000_execution_journey_cancellation.sql,canonical+applied,
primary_key,public,visit_location_corrections_pkey,table=visit_location_corrections; columns=id,20260721140000_execution_journey_cancellation.sql,canonical+applied,
foreign_key,public,visit_location_corrections_visit_id_fkey,visit_location_corrections.visit_id -> visits.id,20260721140000_execution_journey_cancellation.sql,canonical+applied,
foreign_key,public,visit_location_corrections_evidence_id_fkey,visit_location_corrections.evidence_id -> evidence.id,20260721140000_execution_journey_cancellation.sql,canonical+applied,
check,public,2200_23894_10_not_null,table=visit_location_corrections; columns=None,20260721140000_execution_journey_cancellation.sql,canonical+applied,
check,public,2200_23894_11_not_null,table=visit_location_corrections; columns=None,20260721140000_execution_journey_cancellation.sql,canonical+applied,
check,public,2200_23894_1_not_null,table=visit_location_corrections; columns=None,20260721140000_execution_journey_cancellation.sql,canonical+applied,
check,public,2200_23894_2_not_null,table=visit_location_corrections; columns=None,20260721140000_execution_journey_cancellation.sql,canonical+applied,
check,public,2200_23894_3_not_null,table=visit_location_corrections; columns=None,20260721140000_execution_journey_cancellation.sql,canonical+applied,
check,public,2200_23894_4_not_null,table=visit_location_corrections; columns=None,20260721140000_execution_journey_cancellation.sql,canonical+applied,
check,public,2200_23894_6_not_null,table=visit_location_corrections; columns=None,20260721140000_execution_journey_cancellation.sql,canonical+applied,
check,public,2200_23894_8_not_null,table=visit_location_corrections; columns=None,20260721140000_execution_journey_cancellation.sql,canonical+applied,
check,public,2200_23894_9_not_null,table=visit_location_corrections; columns=None,20260721140000_execution_journey_cancellation.sql,canonical+applied,
check,public,visit_location_corrections_capture_context_check,table=visit_location_corrections; columns=None,20260721140000_execution_journey_cancellation.sql,canonical+applied,
check,public,visit_location_corrections_source_check,table=visit_location_corrections; columns=None,20260721140000_execution_journey_cancellation.sql,canonical+applied,
index,public,visit_location_corrections_pkey,CREATE UNIQUE INDEX visit_location_corrections_pkey ON public.visit_location_corrections USING btree (id),20260721140000_execution_journey_cancellation.sql,canonical+applied,
index,public,visit_location_corrections_visit_idx,"CREATE INDEX visit_location_corrections_visit_idx ON public.visit_location_corrections USING btree (visit_id, corrected_at DESC)",20260721140000_execution_journey_cancellation.sql,canonical+applied,
trigger,public,trg_guard_visit_location_correction,"table=visit_location_corrections; timing=BEFORE; events=DELETE,UPDATE; action=EXECUTE FUNCTION guard_visit_location_correction()",20260721140000_execution_journey_cancellation.sql,canonical+applied,
rls_enablement,public,visit_location_corrections__rls,rls_enabled=True; forced=False,20260721140000_execution_journey_cancellation.sql,canonical+applied,
rls_policy,public,visit_location_corrections.visit_location_corrections_read,cmd=SELECT; roles={authenticated}; permissive=PERMISSIVE,20260721140000_execution_journey_cancellation.sql,canonical+applied,
table,public,visit_location_events,columns=8; pk_cols=1; fk_out=1; triggers=1; rls=enabled; policies=2,20260721030100_planning_canonical_structures.sql,canonical+applied,
column,public,visit_location_events.id,type=uuid; nullable=NO; default=gen_random_uuid(); ordinal=1,20260721030100_planning_canonical_structures.sql,canonical+applied,
column,public,visit_location_events.visit_id,type=uuid; nullable=NO; default=None; ordinal=2,20260721030100_planning_canonical_structures.sql,canonical+applied,
column,public,visit_location_events.lat,type=numeric; nullable=NO; default=None; ordinal=3,20260721030100_planning_canonical_structures.sql,canonical+applied,
column,public,visit_location_events.lng,type=numeric; nullable=NO; default=None; ordinal=4,20260721030100_planning_canonical_structures.sql,canonical+applied,
column,public,visit_location_events.source,type=text; nullable=NO; default=None; ordinal=5,20260721030100_planning_canonical_structures.sql,canonical+applied,
column,public,visit_location_events.actor,type=uuid; nullable=YES; default=None; ordinal=6,20260721030100_planning_canonical_structures.sql,canonical+applied,
column,public,visit_location_events.note,type=text; nullable=YES; default=None; ordinal=7,20260721030100_planning_canonical_structures.sql,canonical+applied,
column,public,visit_location_events.created_at,type=timestamp with time zone; nullable=NO; default=now(); ordinal=8,20260721030100_planning_canonical_structures.sql,canonical+applied,
primary_key,public,visit_location_events_pkey,table=visit_location_events; columns=id,20260721030100_planning_canonical_structures.sql,canonical+applied,
foreign_key,public,visit_location_events_visit_id_fkey,visit_location_events.visit_id -> visits.id,20260721030100_planning_canonical_structures.sql,canonical+applied,
check,public,2200_23574_1_not_null,table=visit_location_events; columns=None,20260721030100_planning_canonical_structures.sql,canonical+applied,
check,public,2200_23574_2_not_null,table=visit_location_events; columns=None,20260721030100_planning_canonical_structures.sql,canonical+applied,
check,public,2200_23574_3_not_null,table=visit_location_events; columns=None,20260721030100_planning_canonical_structures.sql,canonical+applied,
check,public,2200_23574_4_not_null,table=visit_location_events; columns=None,20260721030100_planning_canonical_structures.sql,canonical+applied,
check,public,2200_23574_5_not_null,table=visit_location_events; columns=None,20260721030100_planning_canonical_structures.sql,canonical+applied,
check,public,2200_23574_8_not_null,table=visit_location_events; columns=None,20260721030100_planning_canonical_structures.sql,canonical+applied,
check,public,visit_location_events_source_check,table=visit_location_events; columns=None,20260721030100_planning_canonical_structures.sql,canonical+applied,
index,public,visit_location_events_pkey,CREATE UNIQUE INDEX visit_location_events_pkey ON public.visit_location_events USING btree (id),20260721030100_planning_canonical_structures.sql,canonical+applied,
index,public,visit_location_events_visit_idx,CREATE INDEX visit_location_events_visit_idx ON public.visit_location_events USING btree (visit_id),20260721030100_planning_canonical_structures.sql,canonical+applied,
trigger,public,trg_audit_visit_location_events,"table=visit_location_events; timing=AFTER; events=DELETE,INSERT,UPDATE; action=EXECUTE FUNCTION audit_row_change()",20260721030100_planning_canonical_structures.sql,canonical+applied,
rls_enablement,public,visit_location_events__rls,rls_enabled=True; forced=False,20260721030100_planning_canonical_structures.sql,canonical+applied,
rls_policy,public,visit_location_events.visit_location_events_insert,cmd=INSERT; roles={public}; permissive=PERMISSIVE,20260721030100_planning_canonical_structures.sql,canonical+applied,
rls_policy,public,visit_location_events.visit_location_events_read,cmd=SELECT; roles={public}; permissive=PERMISSIVE,20260721030100_planning_canonical_structures.sql,canonical+applied,
table,public,visit_package_snapshots,columns=8; pk_cols=1; fk_out=2; triggers=1; rls=enabled; policies=1,20260721121000_execution_preparation.sql,canonical+applied,
column,public,visit_package_snapshots.id,type=uuid; nullable=NO; default=gen_random_uuid(); ordinal=1,20260721121000_execution_preparation.sql,canonical+applied,
column,public,visit_package_snapshots.visit_id,type=uuid; nullable=NO; default=None; ordinal=2,20260721121000_execution_preparation.sql,canonical+applied,
column,public,visit_package_snapshots.preparation_version,type=integer; nullable=NO; default=None; ordinal=3,20260721121000_execution_preparation.sql,canonical+applied,
column,public,visit_package_snapshots.package_version_id,type=uuid; nullable=NO; default=None; ordinal=4,20260721121000_execution_preparation.sql,canonical+applied,
column,public,visit_package_snapshots.definition,type=jsonb; nullable=NO; default=None; ordinal=5,20260721121000_execution_preparation.sql,canonical+applied,
column,public,visit_package_snapshots.checksum,type=text; nullable=NO; default=None; ordinal=6,20260721121000_execution_preparation.sql,canonical+applied,
column,public,visit_package_snapshots.created_by,type=uuid; nullable=YES; default=None; ordinal=7,20260721121000_execution_preparation.sql,canonical+applied,
column,public,visit_package_snapshots.created_at,type=timestamp with time zone; nullable=NO; default=now(); ordinal=8,20260721121000_execution_preparation.sql,canonical+applied,
primary_key,public,visit_package_snapshots_pkey,table=visit_package_snapshots; columns=id,20260721121000_execution_preparation.sql,canonical+applied,
foreign_key,public,visit_package_snapshots_visit_id_fkey,visit_package_snapshots.visit_id -> visits.id,20260721121000_execution_preparation.sql,canonical+applied,
foreign_key,public,visit_package_snapshots_package_version_id_fkey,visit_package_snapshots.package_version_id -> package_versions.id,20260721121000_execution_preparation.sql,canonical+applied,
check,public,2200_23804_1_not_null,table=visit_package_snapshots; columns=None,20260721121000_execution_preparation.sql,canonical+applied,
check,public,2200_23804_2_not_null,table=visit_package_snapshots; columns=None,20260721121000_execution_preparation.sql,canonical+applied,
check,public,2200_23804_3_not_null,table=visit_package_snapshots; columns=None,20260721121000_execution_preparation.sql,canonical+applied,
check,public,2200_23804_4_not_null,table=visit_package_snapshots; columns=None,20260721121000_execution_preparation.sql,canonical+applied,
check,public,2200_23804_5_not_null,table=visit_package_snapshots; columns=None,20260721121000_execution_preparation.sql,canonical+applied,
check,public,2200_23804_6_not_null,table=visit_package_snapshots; columns=None,20260721121000_execution_preparation.sql,canonical+applied,
check,public,2200_23804_8_not_null,table=visit_package_snapshots; columns=None,20260721121000_execution_preparation.sql,canonical+applied,
unique,public,visit_package_snapshots_visit_id_preparation_version_key,"table=visit_package_snapshots; columns=visit_id,preparation_version",20260721121000_execution_preparation.sql,canonical+applied,
index,public,visit_package_snapshots_pkey,CREATE UNIQUE INDEX visit_package_snapshots_pkey ON public.visit_package_snapshots USING btree (id),20260721121000_execution_preparation.sql,canonical+applied,
index,public,visit_package_snapshots_visit_id_preparation_version_key,"CREATE UNIQUE INDEX visit_package_snapshots_visit_id_preparation_version_key ON public.visit_package_snapshots USING btree (visit_id, preparation_version)",20260721121000_execution_preparation.sql,canonical+applied,
trigger,public,trg_guard_visit_package_snapshot,"table=visit_package_snapshots; timing=BEFORE; events=DELETE,UPDATE; action=EXECUTE FUNCTION guard_visit_package_snapshot()",20260721121000_execution_preparation.sql,canonical+applied,
rls_enablement,public,visit_package_snapshots__rls,rls_enabled=True; forced=False,20260721121000_execution_preparation.sql,canonical+applied,
rls_policy,public,visit_package_snapshots.visit_package_snapshots_read,cmd=SELECT; roles={authenticated}; permissive=PERMISSIVE,20260721121000_execution_preparation.sql,canonical+applied,
table,public,visit_packages,columns=6; pk_cols=1; fk_out=3; triggers=1; rls=enabled; policies=3,20260721030100_planning_canonical_structures.sql,canonical+applied,
column,public,visit_packages.id,type=uuid; nullable=NO; default=gen_random_uuid(); ordinal=1,20260721030100_planning_canonical_structures.sql,canonical+applied,
column,public,visit_packages.visit_id,type=uuid; nullable=NO; default=None; ordinal=2,20260721030100_planning_canonical_structures.sql,canonical+applied,
column,public,visit_packages.package_version_id,type=uuid; nullable=NO; default=None; ordinal=3,20260721030100_planning_canonical_structures.sql,canonical+applied,
column,public,visit_packages.snapshot,type=jsonb; nullable=YES; default=None; ordinal=4,20260721030100_planning_canonical_structures.sql,canonical+applied,
column,public,visit_packages.added_by,type=uuid; nullable=YES; default=None; ordinal=5,20260721030100_planning_canonical_structures.sql,canonical+applied,
column,public,visit_packages.added_at,type=timestamp with time zone; nullable=NO; default=now(); ordinal=6,20260721030100_planning_canonical_structures.sql,canonical+applied,
primary_key,public,visit_packages_pkey,table=visit_packages; columns=id,20260721030100_planning_canonical_structures.sql,canonical+applied,
foreign_key,public,visit_packages_package_version_id_fkey,visit_packages.package_version_id -> package_versions.id,20260721030100_planning_canonical_structures.sql,canonical+applied,
foreign_key,public,visit_packages_visit_id_fkey,visit_packages.visit_id -> visits.id,20260721030100_planning_canonical_structures.sql,canonical+applied,
foreign_key,public,visit_packages_added_by_fkey,visit_packages.added_by -> profiles.user_id,20260721030100_planning_canonical_structures.sql,canonical+applied,
check,public,2200_23532_1_not_null,table=visit_packages; columns=None,20260721030100_planning_canonical_structures.sql,canonical+applied,
check,public,2200_23532_2_not_null,table=visit_packages; columns=None,20260721030100_planning_canonical_structures.sql,canonical+applied,
check,public,2200_23532_3_not_null,table=visit_packages; columns=None,20260721030100_planning_canonical_structures.sql,canonical+applied,
check,public,2200_23532_6_not_null,table=visit_packages; columns=None,20260721030100_planning_canonical_structures.sql,canonical+applied,
unique,public,visit_packages_visit_id_package_version_id_key,"table=visit_packages; columns=visit_id,package_version_id",20260721030100_planning_canonical_structures.sql,canonical+applied,
index,public,visit_packages_pkey,CREATE UNIQUE INDEX visit_packages_pkey ON public.visit_packages USING btree (id),20260721030100_planning_canonical_structures.sql,canonical+applied,
index,public,visit_packages_visit_id_package_version_id_key,"CREATE UNIQUE INDEX visit_packages_visit_id_package_version_id_key ON public.visit_packages USING btree (visit_id, package_version_id)",20260721030100_planning_canonical_structures.sql,canonical+applied,
index,public,visit_packages_visit_idx,CREATE INDEX visit_packages_visit_idx ON public.visit_packages USING btree (visit_id),20260721030100_planning_canonical_structures.sql,canonical+applied,
trigger,public,trg_audit_visit_packages,"table=visit_packages; timing=AFTER; events=DELETE,INSERT,UPDATE; action=EXECUTE FUNCTION audit_row_change()",20260721030100_planning_canonical_structures.sql,canonical+applied,
rls_enablement,public,visit_packages__rls,rls_enabled=True; forced=False,20260721030100_planning_canonical_structures.sql,canonical+applied,
rls_policy,public,visit_packages.visit_packages_read,cmd=SELECT; roles={public}; permissive=PERMISSIVE,20260721030100_planning_canonical_structures.sql,canonical+applied,
rls_policy,public,visit_packages.visit_packages_update,cmd=UPDATE; roles={public}; permissive=PERMISSIVE,20260721030100_planning_canonical_structures.sql,canonical+applied,
rls_policy,public,visit_packages.visit_packages_write,cmd=INSERT; roles={public}; permissive=PERMISSIVE,20260721030100_planning_canonical_structures.sql,canonical+applied,
table,public,visit_plans,columns=12; pk_cols=1; fk_out=1; triggers=2; rls=enabled; policies=6,0001_foundation.sql,canonical+applied,
column,public,visit_plans.id,type=uuid; nullable=NO; default=gen_random_uuid(); ordinal=1,0001_foundation.sql,canonical+applied,
column,public,visit_plans.method,type=USER-DEFINED; nullable=NO; default=None; ordinal=2,0001_foundation.sql,canonical+applied,
column,public,visit_plans.criteria,type=jsonb; nullable=YES; default=None; ordinal=3,0001_foundation.sql,canonical+applied,
column,public,visit_plans.status,type=USER-DEFINED; nullable=NO; default='draft'::planning_status; ordinal=4,0001_foundation.sql,canonical+applied,
column,public,visit_plans.created_by,type=uuid; nullable=YES; default=None; ordinal=5,0001_foundation.sql,canonical+applied,
column,public,visit_plans.published_at,type=timestamp with time zone; nullable=YES; default=None; ordinal=6,0001_foundation.sql,canonical+applied,
column,public,visit_plans.created_at,type=timestamp with time zone; nullable=NO; default=now(); ordinal=7,0001_foundation.sql,canonical+applied,
column,public,visit_plans.draft_payload,type=jsonb; nullable=NO; default='{}'::jsonb; ordinal=8,0001_foundation.sql,canonical+applied,
column,public,visit_plans.draft_version,type=integer; nullable=NO; default=0; ordinal=9,0001_foundation.sql,canonical+applied,
column,public,visit_plans.source_channel,type=text; nullable=YES; default=None; ordinal=10,0001_foundation.sql,canonical+applied,
column,public,visit_plans.archived_at,type=timestamp with time zone; nullable=YES; default=None; ordinal=11,0001_foundation.sql,canonical+applied,
column,public,visit_plans.plan_reference,type=text; nullable=NO; default=('BP-'::text || nextval('plan_reference_seq'::regclass)); ordinal=12,0001_foundation.sql,canonical+applied,
primary_key,public,visit_plans_pkey,table=visit_plans; columns=id,0001_foundation.sql,canonical+applied,
foreign_key,public,visit_plans_created_by_fkey,visit_plans.created_by -> profiles.user_id,0001_foundation.sql,canonical+applied,
check,public,2200_17917_12_not_null,table=visit_plans; columns=None,0001_foundation.sql,canonical+applied,
check,public,2200_17917_1_not_null,table=visit_plans; columns=None,0001_foundation.sql,canonical+applied,
check,public,2200_17917_2_not_null,table=visit_plans; columns=None,0001_foundation.sql,canonical+applied,
check,public,2200_17917_4_not_null,table=visit_plans; columns=None,0001_foundation.sql,canonical+applied,
check,public,2200_17917_7_not_null,table=visit_plans; columns=None,0001_foundation.sql,canonical+applied,
check,public,2200_17917_8_not_null,table=visit_plans; columns=None,0001_foundation.sql,canonical+applied,
check,public,2200_17917_9_not_null,table=visit_plans; columns=None,0001_foundation.sql,canonical+applied,
index,public,visit_plans_active_status_idx,CREATE INDEX visit_plans_active_status_idx ON public.visit_plans USING btree (status) WHERE (archived_at IS NULL),0001_foundation.sql,canonical+applied,
index,public,visit_plans_pkey,CREATE UNIQUE INDEX visit_plans_pkey ON public.visit_plans USING btree (id),0001_foundation.sql,canonical+applied,
index,public,visit_plans_plan_reference_uq,CREATE UNIQUE INDEX visit_plans_plan_reference_uq ON public.visit_plans USING btree (plan_reference),0001_foundation.sql,canonical+applied,
trigger,public,trg_audit_visit_plans,"table=visit_plans; timing=AFTER; events=DELETE,INSERT,UPDATE; action=EXECUTE FUNCTION audit_row_change()",0001_foundation.sql,canonical+applied,
trigger,public,trg_mvp2_m2_05_semantic_visit_plans,"table=visit_plans; timing=AFTER; events=INSERT,UPDATE; action=EXECUTE FUNCTION emit_mvp2_m2_05_semantic_event()",0001_foundation.sql,canonical+applied,
rls_enablement,public,visit_plans__rls,rls_enabled=True; forced=False,0001_foundation.sql,canonical+applied,
rls_policy,public,visit_plans.plans_read,cmd=SELECT; roles={public}; permissive=PERMISSIVE,0001_foundation.sql,canonical+applied,
rls_policy,public,visit_plans.plans_read_capability,cmd=SELECT; roles={public}; permissive=PERMISSIVE,0001_foundation.sql,canonical+applied,
rls_policy,public,visit_plans.plans_update,cmd=UPDATE; roles={public}; permissive=PERMISSIVE,0001_foundation.sql,canonical+applied,
rls_policy,public,visit_plans.plans_update_capability,cmd=UPDATE; roles={public}; permissive=PERMISSIVE,0001_foundation.sql,canonical+applied,
rls_policy,public,visit_plans.plans_write,cmd=INSERT; roles={public}; permissive=PERMISSIVE,0001_foundation.sql,canonical+applied,
rls_policy,public,visit_plans.plans_write_capability,cmd=INSERT; roles={public}; permissive=PERMISSIVE,0001_foundation.sql,canonical+applied,
table,public,visit_preparations,columns=10; pk_cols=1; fk_out=2; triggers=0; rls=enabled; policies=3,20260721121000_execution_preparation.sql,canonical+applied,
column,public,visit_preparations.visit_id,type=uuid; nullable=NO; default=None; ordinal=1,20260721121000_execution_preparation.sql,canonical+applied,
column,public,visit_preparations.preparation_version,type=integer; nullable=NO; default=1; ordinal=2,20260721121000_execution_preparation.sql,canonical+applied,
column,public,visit_preparations.execution_date,type=date; nullable=YES; default=None; ordinal=3,20260721121000_execution_preparation.sql,canonical+applied,
column,public,visit_preparations.confirmed_mode,type=USER-DEFINED; nullable=YES; default=None; ordinal=4,20260721121000_execution_preparation.sql,canonical+applied,
column,public,visit_preparations.package_version_id,type=uuid; nullable=YES; default=None; ordinal=5,20260721121000_execution_preparation.sql,canonical+applied,
column,public,visit_preparations.form_config,type=jsonb; nullable=NO; default='{}'::jsonb; ordinal=6,20260721121000_execution_preparation.sql,canonical+applied,
column,public,visit_preparations.saved_by,type=uuid; nullable=YES; default=None; ordinal=7,20260721121000_execution_preparation.sql,canonical+applied,
column,public,visit_preparations.saved_at,type=timestamp with time zone; nullable=YES; default=None; ordinal=8,20260721121000_execution_preparation.sql,canonical+applied,
column,public,visit_preparations.confirmed_ready_at,type=timestamp with time zone; nullable=YES; default=None; ordinal=9,20260721121000_execution_preparation.sql,canonical+applied,
column,public,visit_preparations.reopened_at,type=timestamp with time zone; nullable=YES; default=None; ordinal=10,20260721121000_execution_preparation.sql,canonical+applied,
primary_key,public,visit_preparations_pkey,table=visit_preparations; columns=visit_id,20260721121000_execution_preparation.sql,canonical+applied,
foreign_key,public,visit_preparations_package_version_id_fkey,visit_preparations.package_version_id -> package_versions.id,20260721121000_execution_preparation.sql,canonical+applied,
foreign_key,public,visit_preparations_visit_id_fkey,visit_preparations.visit_id -> visits.id,20260721121000_execution_preparation.sql,canonical+applied,
check,public,2200_23777_1_not_null,table=visit_preparations; columns=None,20260721121000_execution_preparation.sql,canonical+applied,
check,public,2200_23777_2_not_null,table=visit_preparations; columns=None,20260721121000_execution_preparation.sql,canonical+applied,
check,public,2200_23777_6_not_null,table=visit_preparations; columns=None,20260721121000_execution_preparation.sql,canonical+applied,
index,public,visit_preparations_pkey,CREATE UNIQUE INDEX visit_preparations_pkey ON public.visit_preparations USING btree (visit_id),20260721121000_execution_preparation.sql,canonical+applied,
rls_enablement,public,visit_preparations__rls,rls_enabled=True; forced=False,20260721121000_execution_preparation.sql,canonical+applied,
rls_policy,public,visit_preparations.visit_preparations_inspector_insert,cmd=INSERT; roles={authenticated}; permissive=PERMISSIVE,20260721121000_execution_preparation.sql,canonical+applied,
rls_policy,public,visit_preparations.visit_preparations_inspector_update,cmd=UPDATE; roles={authenticated}; permissive=PERMISSIVE,20260721121000_execution_preparation.sql,canonical+applied,
rls_policy,public,visit_preparations.visit_preparations_read,cmd=SELECT; roles={authenticated}; permissive=PERMISSIVE,20260721121000_execution_preparation.sql,canonical+applied,
table,public,visits,columns=31; pk_cols=1; fk_out=5; triggers=2; rls=enabled; policies=7,0001_foundation.sql,canonical+applied,
column,public,visits.id,type=uuid; nullable=NO; default=gen_random_uuid(); ordinal=1,0001_foundation.sql,canonical+applied,
column,public,visits.visit_plan_id,type=uuid; nullable=YES; default=None; ordinal=2,0001_foundation.sql,canonical+applied,
column,public,visits.factory_id,type=uuid; nullable=NO; default=None; ordinal=3,0001_foundation.sql,canonical+applied,
column,public,visits.visit_type,type=text; nullable=NO; default=None; ordinal=4,0001_foundation.sql,canonical+applied,
column,public,visits.execution_mode,type=USER-DEFINED; nullable=NO; default=None; ordinal=5,0001_foundation.sql,canonical+applied,
column,public,visits.planning_status,type=USER-DEFINED; nullable=NO; default='draft'::planning_status; ordinal=6,0001_foundation.sql,canonical+applied,
column,public,visits.operational_state,type=USER-DEFINED; nullable=NO; default='new'::operational_state; ordinal=7,0001_foundation.sql,canonical+applied,
column,public,visits.window_start,type=timestamp with time zone; nullable=NO; default=None; ordinal=8,0001_foundation.sql,canonical+applied,
column,public,visits.window_end,type=timestamp with time zone; nullable=NO; default=None; ordinal=9,0001_foundation.sql,canonical+applied,
column,public,visits.priority,type=text; nullable=YES; default=None; ordinal=10,0001_foundation.sql,canonical+applied,
column,public,visits.notes,type=text; nullable=YES; default=None; ordinal=11,0001_foundation.sql,canonical+applied,
column,public,visits.planner_lat,type=numeric; nullable=YES; default=None; ordinal=12,0001_foundation.sql,canonical+applied,
column,public,visits.planner_lng,type=numeric; nullable=YES; default=None; ordinal=13,0001_foundation.sql,canonical+applied,
column,public,visits.cancellation_reason,type=text; nullable=YES; default=None; ordinal=14,0001_foundation.sql,canonical+applied,
column,public,visits.package_version_id,type=uuid; nullable=YES; default=None; ordinal=15,0001_foundation.sql,canonical+applied,
column,public,visits.created_at,type=timestamp with time zone; nullable=NO; default=now(); ordinal=16,0001_foundation.sql,canonical+applied,
column,public,visits.cancellation_requested,type=jsonb; nullable=YES; default=None; ordinal=17,0001_foundation.sql,canonical+applied,
column,public,visits.return_requested,type=jsonb; nullable=YES; default=None; ordinal=18,0001_foundation.sql,canonical+applied,
column,public,visits.reschedule_requested,type=jsonb; nullable=YES; default=None; ordinal=19,0001_foundation.sql,canonical+applied,
column,public,visits.created_by,type=uuid; nullable=YES; default=None; ordinal=20,0001_foundation.sql,canonical+applied,
column,public,visits.immediate_creator_role,type=text; nullable=YES; default=None; ordinal=21,0001_foundation.sql,canonical+applied,
column,public,visits.immediate_reason,type=text; nullable=YES; default=None; ordinal=22,0001_foundation.sql,canonical+applied,
column,public,visits.creation_request_id,type=uuid; nullable=YES; default=None; ordinal=23,0001_foundation.sql,canonical+applied,
column,public,visits.visit_location_source,type=text; nullable=YES; default=None; ordinal=24,0001_foundation.sql,canonical+applied,
column,public,visits.visit_reference,type=text; nullable=YES; default=('V-'::text || nextval('visit_reference_seq'::regclass)); ordinal=25,0001_foundation.sql,canonical+applied,
column,public,visits.source_channel,type=text; nullable=YES; default=None; ordinal=26,0001_foundation.sql,canonical+applied,
column,public,visits.internal_reference,type=text; nullable=YES; default=None; ordinal=27,0001_foundation.sql,canonical+applied,
column,public,visits.original_lat,type=numeric; nullable=YES; default=None; ordinal=28,0001_foundation.sql,canonical+applied,
column,public,visits.original_lng,type=numeric; nullable=YES; default=None; ordinal=29,0001_foundation.sql,canonical+applied,
column,public,visits.expired_by_rule_id,type=uuid; nullable=YES; default=None; ordinal=30,0001_foundation.sql,canonical+applied,
column,public,visits.execution_date,type=date; nullable=YES; default=None; ordinal=31,0001_foundation.sql,canonical+applied,
primary_key,public,visits_pkey,table=visits; columns=id,0001_foundation.sql,canonical+applied,
foreign_key,public,visits_package_version_id_fkey,visits.package_version_id -> package_versions.id,0001_foundation.sql,canonical+applied,
foreign_key,public,visits_expired_by_rule_id_fkey,visits.expired_by_rule_id -> planning_expiry_rules.id,0001_foundation.sql,canonical+applied,
foreign_key,public,visits_created_by_fkey,visits.created_by -> profiles.user_id,0001_foundation.sql,canonical+applied,
foreign_key,public,visits_visit_plan_id_fkey,visits.visit_plan_id -> visit_plans.id,0001_foundation.sql,canonical+applied,
foreign_key,public,visits_factory_id_fkey,visits.factory_id -> factories.id,0001_foundation.sql,canonical+applied,
check,public,2200_17932_16_not_null,table=visits; columns=None,0001_foundation.sql,canonical+applied,
check,public,2200_17932_1_not_null,table=visits; columns=None,0001_foundation.sql,canonical+applied,
check,public,2200_17932_3_not_null,table=visits; columns=None,0001_foundation.sql,canonical+applied,
check,public,2200_17932_4_not_null,table=visits; columns=None,0001_foundation.sql,canonical+applied,
check,public,2200_17932_5_not_null,table=visits; columns=None,0001_foundation.sql,canonical+applied,
check,public,2200_17932_6_not_null,table=visits; columns=None,0001_foundation.sql,canonical+applied,
check,public,2200_17932_7_not_null,table=visits; columns=None,0001_foundation.sql,canonical+applied,
check,public,2200_17932_8_not_null,table=visits; columns=None,0001_foundation.sql,canonical+applied,
check,public,2200_17932_9_not_null,table=visits; columns=None,0001_foundation.sql,canonical+applied,
check,public,visits_execution_date_in_window,table=visits; columns=None,0001_foundation.sql,canonical+applied,
check,public,visits_immediate_creator_role_check,table=visits; columns=None,0001_foundation.sql,canonical+applied,
check,public,visits_immediate_reason_contract,table=visits; columns=None,0001_foundation.sql,canonical+applied,
check,public,visits_location_source_check,table=visits; columns=None,0001_foundation.sql,canonical+applied,
check,public,window_order,table=visits; columns=None,0001_foundation.sql,canonical+applied,
check,public,window_plausible_years,table=visits; columns=None,0001_foundation.sql,canonical+applied,
index,public,visits_creation_request_unique,CREATE UNIQUE INDEX visits_creation_request_unique ON public.visits USING btree (creation_request_id) WHERE (creation_request_id IS NOT NULL),0001_foundation.sql,canonical+applied,
index,public,visits_execution_date_idx,CREATE INDEX visits_execution_date_idx ON public.visits USING btree (execution_date) WHERE (execution_date IS NOT NULL),0001_foundation.sql,canonical+applied,
index,public,visits_pkey,CREATE UNIQUE INDEX visits_pkey ON public.visits USING btree (id),0001_foundation.sql,canonical+applied,
index,public,visits_planning_status_idx,CREATE INDEX visits_planning_status_idx ON public.visits USING btree (planning_status),0001_foundation.sql,canonical+applied,
index,public,visits_published_window_end_idx,CREATE INDEX visits_published_window_end_idx ON public.visits USING btree (window_end) WHERE (planning_status = 'published'::planning_status),0001_foundation.sql,canonical+applied,
index,public,visits_visit_reference_uq,CREATE UNIQUE INDEX visits_visit_reference_uq ON public.visits USING btree (visit_reference),0001_foundation.sql,canonical+applied,
index,public,visits_window_start_idx,CREATE INDEX visits_window_start_idx ON public.visits USING btree (window_start),0001_foundation.sql,canonical+applied,
trigger,public,trg_audit_visits,"table=visits; timing=AFTER; events=DELETE,INSERT,UPDATE; action=EXECUTE FUNCTION audit_row_change()",0001_foundation.sql,canonical+applied,
trigger,public,trg_expire_pending_geo_overrides_on_visit_close,table=visits; timing=AFTER; events=UPDATE; action=EXECUTE FUNCTION expire_pending_geo_overrides_on_visit_close(),0001_foundation.sql,canonical+applied,
rls_enablement,public,visits__rls,rls_enabled=True; forced=False,0001_foundation.sql,canonical+applied,
rls_policy,public,visits.inspector_own_visits,cmd=SELECT; roles={public}; permissive=PERMISSIVE,0001_foundation.sql,canonical+applied,
rls_policy,public,visits.visits_insert_immediate_inspector,cmd=INSERT; roles={public}; permissive=PERMISSIVE,0001_foundation.sql,canonical+applied,
rls_policy,public,visits.visits_read_capability,cmd=SELECT; roles={public}; permissive=PERMISSIVE,0001_foundation.sql,canonical+applied,
rls_policy,public,visits.visits_update,cmd=UPDATE; roles={public}; permissive=PERMISSIVE,0001_foundation.sql,canonical+applied,
rls_policy,public,visits.visits_update_capability,cmd=UPDATE; roles={public}; permissive=PERMISSIVE,0001_foundation.sql,canonical+applied,
rls_policy,public,visits.visits_write,cmd=INSERT; roles={public}; permissive=PERMISSIVE,0001_foundation.sql,canonical+applied,
rls_policy,public,visits.visits_write_capability,cmd=INSERT; roles={public}; permissive=PERMISSIVE,0001_foundation.sql,canonical+applied,
table,public,workflow_outbox,columns=13; pk_cols=1; fk_out=1; triggers=0; rls=enabled; policies=3,20260717020000_mvp2_m2_02_workflow_outbox.sql,canonical+applied,
column,public,workflow_outbox.id,type=uuid; nullable=NO; default=gen_random_uuid(); ordinal=1,20260717020000_mvp2_m2_02_workflow_outbox.sql,canonical+applied,
column,public,workflow_outbox.idempotency_key,type=text; nullable=NO; default=None; ordinal=2,20260717020000_mvp2_m2_02_workflow_outbox.sql,canonical+applied,
column,public,workflow_outbox.aggregate_type,type=text; nullable=NO; default=None; ordinal=3,20260717020000_mvp2_m2_02_workflow_outbox.sql,canonical+applied,
column,public,workflow_outbox.aggregate_id,type=uuid; nullable=NO; default=None; ordinal=4,20260717020000_mvp2_m2_02_workflow_outbox.sql,canonical+applied,
column,public,workflow_outbox.aggregate_version,type=integer; nullable=NO; default=1; ordinal=5,20260717020000_mvp2_m2_02_workflow_outbox.sql,canonical+applied,
column,public,workflow_outbox.side_effect_kind,type=text; nullable=NO; default=None; ordinal=6,20260717020000_mvp2_m2_02_workflow_outbox.sql,canonical+applied,
column,public,workflow_outbox.payload,type=jsonb; nullable=NO; default='{}'::jsonb; ordinal=7,20260717020000_mvp2_m2_02_workflow_outbox.sql,canonical+applied,
column,public,workflow_outbox.status,type=text; nullable=NO; default='pending'::text; ordinal=8,20260717020000_mvp2_m2_02_workflow_outbox.sql,canonical+applied,
column,public,workflow_outbox.attempts,type=integer; nullable=NO; default=0; ordinal=9,20260717020000_mvp2_m2_02_workflow_outbox.sql,canonical+applied,
column,public,workflow_outbox.last_error,type=text; nullable=YES; default=None; ordinal=10,20260717020000_mvp2_m2_02_workflow_outbox.sql,canonical+applied,
column,public,workflow_outbox.created_by,type=uuid; nullable=YES; default=None; ordinal=11,20260717020000_mvp2_m2_02_workflow_outbox.sql,canonical+applied,
column,public,workflow_outbox.created_at,type=timestamp with time zone; nullable=NO; default=now(); ordinal=12,20260717020000_mvp2_m2_02_workflow_outbox.sql,canonical+applied,
column,public,workflow_outbox.dispatched_at,type=timestamp with time zone; nullable=YES; default=None; ordinal=13,20260717020000_mvp2_m2_02_workflow_outbox.sql,canonical+applied,
primary_key,public,workflow_outbox_pkey,table=workflow_outbox; columns=id,20260717020000_mvp2_m2_02_workflow_outbox.sql,canonical+applied,
foreign_key,public,workflow_outbox_created_by_fkey,workflow_outbox.created_by -> profiles.user_id,20260717020000_mvp2_m2_02_workflow_outbox.sql,canonical+applied,
check,public,2200_20145_12_not_null,table=workflow_outbox; columns=None,20260717020000_mvp2_m2_02_workflow_outbox.sql,canonical+applied,
check,public,2200_20145_1_not_null,table=workflow_outbox; columns=None,20260717020000_mvp2_m2_02_workflow_outbox.sql,canonical+applied,
check,public,2200_20145_2_not_null,table=workflow_outbox; columns=None,20260717020000_mvp2_m2_02_workflow_outbox.sql,canonical+applied,
check,public,2200_20145_3_not_null,table=workflow_outbox; columns=None,20260717020000_mvp2_m2_02_workflow_outbox.sql,canonical+applied,
check,public,2200_20145_4_not_null,table=workflow_outbox; columns=None,20260717020000_mvp2_m2_02_workflow_outbox.sql,canonical+applied,
check,public,2200_20145_5_not_null,table=workflow_outbox; columns=None,20260717020000_mvp2_m2_02_workflow_outbox.sql,canonical+applied,
check,public,2200_20145_6_not_null,table=workflow_outbox; columns=None,20260717020000_mvp2_m2_02_workflow_outbox.sql,canonical+applied,
check,public,2200_20145_7_not_null,table=workflow_outbox; columns=None,20260717020000_mvp2_m2_02_workflow_outbox.sql,canonical+applied,
check,public,2200_20145_8_not_null,table=workflow_outbox; columns=None,20260717020000_mvp2_m2_02_workflow_outbox.sql,canonical+applied,
check,public,2200_20145_9_not_null,table=workflow_outbox; columns=None,20260717020000_mvp2_m2_02_workflow_outbox.sql,canonical+applied,
check,public,workflow_outbox_status_check,table=workflow_outbox; columns=None,20260717020000_mvp2_m2_02_workflow_outbox.sql,canonical+applied,
index,public,ix_workflow_outbox_aggregate,"CREATE INDEX ix_workflow_outbox_aggregate ON public.workflow_outbox USING btree (aggregate_type, aggregate_id)",20260717020000_mvp2_m2_02_workflow_outbox.sql,canonical+applied,
index,public,ix_workflow_outbox_pending,"CREATE INDEX ix_workflow_outbox_pending ON public.workflow_outbox USING btree (status, created_at) WHERE (status = 'pending'::text)",20260717020000_mvp2_m2_02_workflow_outbox.sql,canonical+applied,
index,public,uq_workflow_outbox_idempotency,CREATE UNIQUE INDEX uq_workflow_outbox_idempotency ON public.workflow_outbox USING btree (idempotency_key),20260717020000_mvp2_m2_02_workflow_outbox.sql,canonical+applied,
index,public,workflow_outbox_pkey,CREATE UNIQUE INDEX workflow_outbox_pkey ON public.workflow_outbox USING btree (id),20260717020000_mvp2_m2_02_workflow_outbox.sql,canonical+applied,
rls_enablement,public,workflow_outbox__rls,rls_enabled=True; forced=False,20260717020000_mvp2_m2_02_workflow_outbox.sql,canonical+applied,
rls_policy,public,workflow_outbox.workflow_outbox_read,cmd=SELECT; roles={public}; permissive=PERMISSIVE,20260717020000_mvp2_m2_02_workflow_outbox.sql,canonical+applied,
rls_policy,public,workflow_outbox.workflow_outbox_update,cmd=UPDATE; roles={public}; permissive=PERMISSIVE,20260717020000_mvp2_m2_02_workflow_outbox.sql,canonical+applied,
rls_policy,public,workflow_outbox.workflow_outbox_write,cmd=INSERT; roles={public}; permissive=PERMISSIVE,20260717020000_mvp2_m2_02_workflow_outbox.sql,canonical+applied,
table,public,workflow_task_assignments,columns=13; pk_cols=1; fk_out=2; triggers=1; rls=enabled; policies=3,20260717030000_mvp2_m2_02_task_assignments.sql,canonical+applied,
column,public,workflow_task_assignments.id,type=uuid; nullable=NO; default=gen_random_uuid(); ordinal=1,20260717030000_mvp2_m2_02_task_assignments.sql,canonical+applied,
column,public,workflow_task_assignments.task_type,type=text; nullable=NO; default=None; ordinal=2,20260717030000_mvp2_m2_02_task_assignments.sql,canonical+applied,
column,public,workflow_task_assignments.task_ref,type=uuid; nullable=NO; default=None; ordinal=3,20260717030000_mvp2_m2_02_task_assignments.sql,canonical+applied,
column,public,workflow_task_assignments.assignee,type=uuid; nullable=YES; default=None; ordinal=4,20260717030000_mvp2_m2_02_task_assignments.sql,canonical+applied,
column,public,workflow_task_assignments.status,type=text; nullable=NO; default='new'::text; ordinal=5,20260717030000_mvp2_m2_02_task_assignments.sql,canonical+applied,
column,public,workflow_task_assignments.branch,type=text; nullable=YES; default=None; ordinal=6,20260717030000_mvp2_m2_02_task_assignments.sql,canonical+applied,
column,public,workflow_task_assignments.sector,type=text; nullable=YES; default=None; ordinal=7,20260717030000_mvp2_m2_02_task_assignments.sql,canonical+applied,
column,public,workflow_task_assignments.jurisdiction,type=text; nullable=YES; default=None; ordinal=8,20260717030000_mvp2_m2_02_task_assignments.sql,canonical+applied,
column,public,workflow_task_assignments.active,type=boolean; nullable=NO; default=true; ordinal=9,20260717030000_mvp2_m2_02_task_assignments.sql,canonical+applied,
column,public,workflow_task_assignments.reason,type=text; nullable=YES; default=None; ordinal=10,20260717030000_mvp2_m2_02_task_assignments.sql,canonical+applied,
column,public,workflow_task_assignments.created_by,type=uuid; nullable=YES; default=None; ordinal=11,20260717030000_mvp2_m2_02_task_assignments.sql,canonical+applied,
column,public,workflow_task_assignments.created_at,type=timestamp with time zone; nullable=NO; default=now(); ordinal=12,20260717030000_mvp2_m2_02_task_assignments.sql,canonical+applied,
column,public,workflow_task_assignments.updated_at,type=timestamp with time zone; nullable=NO; default=now(); ordinal=13,20260717030000_mvp2_m2_02_task_assignments.sql,canonical+applied,
primary_key,public,workflow_task_assignments_pkey,table=workflow_task_assignments; columns=id,20260717030000_mvp2_m2_02_task_assignments.sql,canonical+applied,
foreign_key,public,workflow_task_assignments_assignee_fkey,workflow_task_assignments.assignee -> profiles.user_id,20260717030000_mvp2_m2_02_task_assignments.sql,canonical+applied,
foreign_key,public,workflow_task_assignments_created_by_fkey,workflow_task_assignments.created_by -> profiles.user_id,20260717030000_mvp2_m2_02_task_assignments.sql,canonical+applied,
check,public,2200_20170_12_not_null,table=workflow_task_assignments; columns=None,20260717030000_mvp2_m2_02_task_assignments.sql,canonical+applied,
check,public,2200_20170_13_not_null,table=workflow_task_assignments; columns=None,20260717030000_mvp2_m2_02_task_assignments.sql,canonical+applied,
check,public,2200_20170_1_not_null,table=workflow_task_assignments; columns=None,20260717030000_mvp2_m2_02_task_assignments.sql,canonical+applied,
check,public,2200_20170_2_not_null,table=workflow_task_assignments; columns=None,20260717030000_mvp2_m2_02_task_assignments.sql,canonical+applied,
check,public,2200_20170_3_not_null,table=workflow_task_assignments; columns=None,20260717030000_mvp2_m2_02_task_assignments.sql,canonical+applied,
check,public,2200_20170_5_not_null,table=workflow_task_assignments; columns=None,20260717030000_mvp2_m2_02_task_assignments.sql,canonical+applied,
check,public,2200_20170_9_not_null,table=workflow_task_assignments; columns=None,20260717030000_mvp2_m2_02_task_assignments.sql,canonical+applied,
check,public,workflow_task_assignments_status_check,table=workflow_task_assignments; columns=None,20260717030000_mvp2_m2_02_task_assignments.sql,canonical+applied,
check,public,workflow_task_assignments_task_type_check,table=workflow_task_assignments; columns=None,20260717030000_mvp2_m2_02_task_assignments.sql,canonical+applied,
index,public,ix_workflow_task_assignee,CREATE INDEX ix_workflow_task_assignee ON public.workflow_task_assignments USING btree (assignee),20260717030000_mvp2_m2_02_task_assignments.sql,canonical+applied,
index,public,ix_workflow_task_scope,"CREATE INDEX ix_workflow_task_scope ON public.workflow_task_assignments USING btree (branch, sector)",20260717030000_mvp2_m2_02_task_assignments.sql,canonical+applied,
index,public,uq_workflow_task_active,"CREATE UNIQUE INDEX uq_workflow_task_active ON public.workflow_task_assignments USING btree (task_type, task_ref) WHERE (active AND (status <> ALL (ARRAY['completed'::text, 'cancelled'::text])))",20260717030000_mvp2_m2_02_task_assignments.sql,canonical+applied,
index,public,workflow_task_assignments_pkey,CREATE UNIQUE INDEX workflow_task_assignments_pkey ON public.workflow_task_assignments USING btree (id),20260717030000_mvp2_m2_02_task_assignments.sql,canonical+applied,
trigger,public,trg_workflow_task_touch,table=workflow_task_assignments; timing=BEFORE; events=UPDATE; action=EXECUTE FUNCTION workflow_task_assignments_touch(),20260717030000_mvp2_m2_02_task_assignments.sql,canonical+applied,
rls_enablement,public,workflow_task_assignments__rls,rls_enabled=True; forced=False,20260717030000_mvp2_m2_02_task_assignments.sql,canonical+applied,
rls_policy,public,workflow_task_assignments.workflow_task_read,cmd=SELECT; roles={public}; permissive=PERMISSIVE,20260717030000_mvp2_m2_02_task_assignments.sql,canonical+applied,
rls_policy,public,workflow_task_assignments.workflow_task_update,cmd=UPDATE; roles={public}; permissive=PERMISSIVE,20260717030000_mvp2_m2_02_task_assignments.sql,canonical+applied,
rls_policy,public,workflow_task_assignments.workflow_task_write,cmd=INSERT; roles={public}; permissive=PERMISSIVE,20260717030000_mvp2_m2_02_task_assignments.sql,canonical+applied,
enum,public,assignment_method,"values=(automatic,manual)",0001_foundation.sql,canonical+applied,
enum,public,config_status,"values=(draft,review,validated,approved,published,locked,deactivated,retired,rolled_back)",0001_foundation.sql,canonical+applied,
enum_value_addition,public,config_status,ALTER TYPE ADD VALUE in 20260717010000_mvp2_m2_02_workflow_version_model.sql,20260717010000_mvp2_m2_02_workflow_version_model.sql,canonical+applied,
enum_value_addition,public,config_status,ALTER TYPE ADD VALUE in 20260717010000_mvp2_m2_02_workflow_version_model.sql,20260717010000_mvp2_m2_02_workflow_version_model.sql,canonical+applied,
enum_value_addition,public,config_status,ALTER TYPE ADD VALUE in 20260717010000_mvp2_m2_02_workflow_version_model.sql,20260717010000_mvp2_m2_02_workflow_version_model.sql,canonical+applied,
enum,public,evidence_link,"values=(item,finding,action,inspection,factory_field,cancellation,arrival,geo_override)",0001_foundation.sql,canonical+applied,
enum_value_addition,public,evidence_link,ALTER TYPE ADD VALUE in 0020_fix_factory_verification.sql,0020_fix_factory_verification.sql,canonical+applied,
enum_value_addition,public,evidence_link,ALTER TYPE ADD VALUE in 0020_fix_field_journey.sql,0020_fix_field_journey.sql,canonical+applied,
enum_value_addition,public,evidence_link,ALTER TYPE ADD VALUE in 20260715180000_field_arrival_evidence.sql,20260715180000_field_arrival_evidence.sql,canonical+applied,
enum_value_addition,public,evidence_link,ALTER TYPE ADD VALUE in 20260716161604_add_geo_override_evidence_link.sql,20260716161604_add_geo_override_evidence_link.sql,canonical+applied,
enum,public,execution_mode,"values=(physical,virtual,administrative)",0001_foundation.sql,canonical+applied,
enum_value_addition,public,execution_mode,ALTER TYPE ADD VALUE in 20260719020000_dec_l_administrative_execution_mode.sql,20260719020000_dec_l_administrative_execution_mode.sql,canonical+applied,
enum,public,geofence_result,"values=(inside,outside,uncertain,override)",0001_foundation.sql,canonical+applied,
enum,public,operational_state,"values=(new,prepared,on_the_way,arrived,executing,submitted,under_review)",0001_foundation.sql,canonical+applied,
enum_value_addition,public,operational_state,ALTER TYPE ADD VALUE in 20260721093000_execution_canonical_contracts.sql,20260721093000_execution_canonical_contracts.sql,canonical+applied,
enum,public,planning_method,"values=(bulk,single,immediate)",0001_foundation.sql,canonical+applied,
enum,public,planning_status,"values=(draft,validated,published,returned,cancelled,expired)",0001_foundation.sql,canonical+applied,
enum_value_addition,public,planning_status,ALTER TYPE ADD VALUE in 20260714091726_plan_validated_state.sql,20260714091726_plan_validated_state.sql,canonical+applied,
enum,public,review_status,"values=(pending_review,under_review,approved,returned,rejected)",0001_foundation.sql,canonical+applied,
enum,public,sync_state,"values=(not_downloaded,verified_locked,synchronized,conflict)",0001_foundation.sql,canonical+applied,
enum,public,virtual_state,"values=(scheduled,waiting,joined,verified,in_progress,closed)",0001_foundation.sql,canonical+applied,
view,public,compliance_configuration_compatibility," SELECT h.entity_kind,     h.entity_id,     h.target_legacy_id,     h.current_version_id,     v.version_number,     v.value_snapshot,     v.dependency_versions,     v.published_at,     v.request_id,  ",20260719213000_compliance_configuration_request_engine.sql,canonical+applied,
function_rpc,public,_expire_lapsed_visits_core,args=(p_scope_sql text); returns=int4; security_definer=True; lang=plpgsql,0025_scheduled_visit_expiry.sql,canonical+applied,"multiple definitions across: 0025_scheduled_visit_expiry.sql,0030_cd023_inspector_immediate_expiry.sql,20260721030100_planning_canonical_structures.sql"
function_rpc,public,add_compliance_enforcement_component,"args=(p_request uuid, p_entity_kind text, p_target_entity_id uuid, p_current_snapshot jsonb, p_proposed_snapshot jsonb, p_comments text, p_parent_component_id uuid); returns=uuid; security_definer=False; lang=plpgsql","unknown (no CREATE FUNCTION match — may be defined via CREATE OR REPLACE in a file not captured, or built-in)",canonical+applied,
function_rpc,public,add_compliance_request_component,"args=(p_request uuid, p_entity_kind text, p_target_entity_id uuid, p_current_snapshot jsonb, p_proposed_snapshot jsonb, p_comments text); returns=uuid; security_definer=True; lang=plpgsql",20260719213000_compliance_configuration_request_engine.sql,canonical+applied,
function_rpc,public,add_compliance_request_dependency,"args=(p_request uuid, p_parent uuid, p_child uuid); returns=uuid; security_definer=True; lang=plpgsql",20260719213000_compliance_configuration_request_engine.sql,canonical+applied,
function_rpc,public,admin_assign_role,"args=(p_user uuid, p_role text); returns=void; security_definer=True; lang=plpgsql","unknown (no CREATE FUNCTION match — may be defined via CREATE OR REPLACE in a file not captured, or built-in)",canonical+applied,
function_rpc,public,admin_configuration_audit,"args=(p_object_type text, p_object_id uuid); returns=audit_events; security_definer=True; lang=plpgsql",20260715200000_cd006_011_backend_completion.sql,canonical+applied,
function_rpc,public,admin_grant_capability,"args=(p_user uuid, p_capability text); returns=void; security_definer=True; lang=plpgsql",20260721110000_execution_access_grants.sql,canonical+applied,
function_rpc,public,admin_grant_role,"args=(p_user uuid, p_role text); returns=void; security_definer=True; lang=plpgsql",20260721110000_execution_access_grants.sql,canonical+applied,
function_rpc,public,admin_notification_rule_audit,args=(p_object_id uuid); returns=audit_events; security_definer=True; lang=plpgsql,20260716222000_scr_adm_080_notification_rules.sql,canonical+applied,
function_rpc,public,admin_revoke_capability,"args=(p_user uuid, p_capability text); returns=void; security_definer=True; lang=plpgsql",20260721110000_execution_access_grants.sql,canonical+applied,
function_rpc,public,admin_revoke_role,"args=(p_user uuid, p_role text, p_reason text); returns=void; security_definer=True; lang=plpgsql",20260721110000_execution_access_grants.sql,canonical+applied,
function_rpc,public,admin_revoke_role,"args=(p_user uuid, p_role text); returns=void; security_definer=True; lang=plpgsql",20260721110000_execution_access_grants.sql,canonical+applied,
function_rpc,public,admin_set_user_status,"args=(p_user uuid, p_status text, p_reason text); returns=void; security_definer=True; lang=plpgsql","unknown (no CREATE FUNCTION match — may be defined via CREATE OR REPLACE in a file not captured, or built-in)",canonical+applied,
function_rpc,public,append_semantic_audit_event,"args=(p_event_type text, p_schema_version integer, p_occurred_at timestamp with time zone, p_aggregate_type text, p_aggregate_id uuid, p_aggregate_ref text, p_aggregate_version text, p_case_type text, p_case_ref text, p_correlation_id uuid, p_causation_id uuid, p_source_system text, p_source_action text, p_idempotency_key text, p_before_state jsonb, p_after_state jsonb, p_semantic_payload jsonb, p_field_provenance jsonb, p_evidence_refs text[], p_evidence_hashes text[], p_package_hash text, p_report_hash text, p_source_audit_event_id bigint, p_integrity_status text, p_chain_status text); returns=uuid; security_definer=True; lang=plpgsql",20260717150000_mvp2_m2_05_semantic_audit_replay.sql,canonical+applied,
function_rpc,public,archive_inspection_item_version,args=(); returns=trigger; security_definer=True; lang=plpgsql,20260715220000_m09_authoritative_contract_completion.sql,canonical+applied,
function_rpc,public,audit_item_state_change,args=(); returns=trigger; security_definer=True; lang=plpgsql,20260721150000_execution_item_lifecycle.sql,canonical+applied,
function_rpc,public,audit_replay_case,"args=(p_case_ref text, p_limit integer, p_before_occurred_at timestamp with time zone, p_before_id uuid); returns=audit_semantic_events; security_definer=False; lang=sql",20260717150000_mvp2_m2_05_semantic_audit_replay.sql,canonical+applied,
function_rpc,public,audit_row_change,args=(); returns=trigger; security_definer=True; lang=plpgsql,0002_rbac_audit.sql,canonical+applied,"multiple definitions across: 0002_rbac_audit.sql,0004_fix_audit_trigger.sql,20260716210000_m09_relationship_contract_hardening.sql"
function_rpc,public,block_ai_event_mutation,args=(); returns=trigger; security_definer=False; lang=plpgsql,20260717210000_mvp2_m2_11_assistive_ai.sql,canonical+applied,
function_rpc,public,block_audit_mutation,args=(); returns=trigger; security_definer=False; lang=plpgsql,0005_audit_absolute_immutability.sql,canonical+applied,
function_rpc,public,block_factory360_immutable_mutation,args=(); returns=trigger; security_definer=False; lang=plpgsql,20260720010000_factory360_v2_foundation.sql,canonical+applied,
function_rpc,public,block_published_risk_model_mutation,args=(); returns=trigger; security_definer=False; lang=plpgsql,20260717170000_mvp2_m2_04_risk_workbench.sql,canonical+applied,
function_rpc,public,block_semantic_audit_mutation,args=(); returns=trigger; security_definer=False; lang=plpgsql,20260717150000_mvp2_m2_05_semantic_audit_replay.sql,canonical+applied,
function_rpc,public,block_signature_mutation,args=(); returns=trigger; security_definer=False; lang=plpgsql,20260717200000_mvp2_m2_12_committee_signature.sql,canonical+applied,
function_rpc,public,calculate_penalty_fine,"args=(p_financial_enabled boolean, p_periodicity text, p_amount numeric, p_maximum numeric, p_days integer); returns=numeric; security_definer=False; lang=sql","unknown (no CREATE FUNCTION match — may be defined via CREATE OR REPLACE in a file not captured, or built-in)",canonical+applied,
function_rpc,public,can_read_evidence_object,args=(p_name text); returns=bool; security_definer=True; lang=plpgsql,20260716210000_remaining_requirements_backend.sql,canonical+applied,
function_rpc,public,can_read_semantic_audit_object,"args=(p_aggregate_type text, p_aggregate_id uuid, p_source_audit_event_id bigint); returns=bool; security_definer=False; lang=plpgsql",20260717150000_mvp2_m2_05_semantic_audit_replay.sql,canonical+applied,
function_rpc,public,can_write_evidence_object,args=(p_name text); returns=bool; security_definer=True; lang=plpgsql,20260716210000_remaining_requirements_backend.sql,canonical+applied,
function_rpc,public,cancel_compliance_request,"args=(p_request uuid, p_comments text); returns=void; security_definer=True; lang=plpgsql",20260719213000_compliance_configuration_request_engine.sql,canonical+applied,
function_rpc,public,capture_inspection_factory_snapshot,args=(); returns=trigger; security_definer=True; lang=plpgsql,20260720010000_factory360_v2_foundation.sql,canonical+applied,
function_rpc,public,ccr_append_audit,"args=(p_request uuid, p_action text, p_before jsonb, p_after jsonb, p_correlation uuid); returns=int8; security_definer=True; lang=plpgsql",20260719213000_compliance_configuration_request_engine.sql,canonical+applied,
function_rpc,public,ccr_block_immutable_rows,args=(); returns=trigger; security_definer=False; lang=plpgsql,20260719213000_compliance_configuration_request_engine.sql,canonical+applied,
function_rpc,public,ccr_can_read,args=(p_request uuid); returns=bool; security_definer=True; lang=sql,20260719213000_compliance_configuration_request_engine.sql,canonical+applied,
function_rpc,public,ccr_guard_component,args=(); returns=trigger; security_definer=False; lang=plpgsql,20260719213000_compliance_configuration_request_engine.sql,canonical+applied,
function_rpc,public,ccr_guard_dependency,args=(); returns=trigger; security_definer=False; lang=plpgsql,20260719213000_compliance_configuration_request_engine.sql,canonical+applied,
function_rpc,public,ccr_guard_revision,args=(); returns=trigger; security_definer=False; lang=plpgsql,20260719213000_compliance_configuration_request_engine.sql,canonical+applied,
function_rpc,public,ccr_is_reviewer,args=(); returns=bool; security_definer=True; lang=sql,20260719213000_compliance_configuration_request_engine.sql,canonical+applied,
function_rpc,public,ccr_is_writer,args=(); returns=bool; security_definer=True; lang=sql,20260719213000_compliance_configuration_request_engine.sql,canonical+applied,
function_rpc,public,ccr_notify_owner,"args=(p_request uuid, p_event text, p_payload jsonb); returns=void; security_definer=True; lang=sql",20260719213000_compliance_configuration_request_engine.sql,canonical+applied,
function_rpc,public,ccr_notify_reviewers,"args=(p_request uuid, p_event text, p_payload jsonb); returns=void; security_definer=True; lang=sql",20260719213000_compliance_configuration_request_engine.sql,canonical+applied,
function_rpc,public,ccr_recalculate_status,args=(p_request uuid); returns=text; security_definer=True; lang=plpgsql,20260719213000_compliance_configuration_request_engine.sql,canonical+applied,
function_rpc,public,config_versions_bump_row_version,args=(); returns=trigger; security_definer=False; lang=plpgsql,20260717010000_mvp2_m2_02_workflow_version_model.sql,canonical+applied,
function_rpc,public,confirm_arrival,"args=(p_visit uuid, p_observed_lat numeric, p_observed_lng numeric, p_accuracy_m numeric, p_device jsonb); returns=jsonb; security_definer=True; lang=plpgsql",20260721140000_execution_journey_cancellation.sql,canonical+applied,
function_rpc,public,confirm_visit_ready,args=(p_visit uuid); returns=jsonb; security_definer=True; lang=plpgsql,20260721121000_execution_preparation.sql,canonical+applied,
function_rpc,public,correct_visit_location,"args=(p_visit uuid, p_lat numeric, p_lng numeric, p_accuracy numeric, p_reason text, p_evidence_id uuid, p_capture_context text); returns=jsonb; security_definer=True; lang=plpgsql",20260721140000_execution_journey_cancellation.sql,canonical+applied,
function_rpc,public,create_compliance_lookup_value,"args=(p_type text, p_code text, p_label_en text, p_label_ar text, p_effective_from date, p_display_order integer, p_supersedes uuid); returns=uuid; security_definer=True; lang=plpgsql","unknown (no CREATE FUNCTION match — may be defined via CREATE OR REPLACE in a file not captured, or built-in)",canonical+applied,
function_rpc,public,create_compliance_request,"args=(p_title text, p_description text, p_request_type text, p_comments text); returns=uuid; security_definer=True; lang=plpgsql",20260719213000_compliance_configuration_request_engine.sql,canonical+applied,
function_rpc,public,create_immediate_visit,"args=(p_request_id uuid, p_actor_mode text, p_existing_factory_id uuid, p_manual_name text, p_manual_cr text, p_manual_license text, p_manual_activity text, p_manual_region text, p_manual_city text, p_lat numeric, p_lng numeric, p_location_source text, p_reason text, p_package_version_id uuid, p_visit_type text, p_priority text, p_notes text, p_window_start timestamp with time zone, p_window_end timestamp with time zone, p_inspector_id uuid, p_review_confirmed boolean); returns=jsonb; security_definer=False; lang=plpgsql",0027_cd023_immediate_visit_atomic.sql,canonical+applied,
function_rpc,public,dash_append_audit,"args=(p_action text, p_object uuid, p_before jsonb, p_after jsonb, p_correlation uuid); returns=int8; security_definer=True; lang=plpgsql",20260721010000_dashboard_kpi_admin_foundation.sql,canonical+applied,
function_rpc,public,dash_block_version_mutation,args=(); returns=trigger; security_definer=False; lang=plpgsql,20260721010000_dashboard_kpi_admin_foundation.sql,canonical+applied,
function_rpc,public,dash_create_config_draft,"args=(p_config_key text, p_title text, p_payload jsonb, p_effective_from timestamp with time zone); returns=uuid; security_definer=True; lang=plpgsql",20260721010000_dashboard_kpi_admin_foundation.sql,canonical+applied,
function_rpc,public,dash_is_config_reviewer,args=(); returns=bool; security_definer=True; lang=sql,20260721010000_dashboard_kpi_admin_foundation.sql,canonical+applied,
function_rpc,public,dash_is_config_writer,args=(); returns=bool; security_definer=True; lang=sql,20260721010000_dashboard_kpi_admin_foundation.sql,canonical+applied,
function_rpc,public,dash_publish_config,args=(p_id uuid); returns=uuid; security_definer=True; lang=plpgsql,20260721010000_dashboard_kpi_admin_foundation.sql,canonical+applied,
function_rpc,public,dash_return_config,"args=(p_id uuid, p_reason text); returns=void; security_definer=True; lang=plpgsql",20260721010000_dashboard_kpi_admin_foundation.sql,canonical+applied,
function_rpc,public,dash_submit_config,args=(p_id uuid); returns=void; security_definer=True; lang=plpgsql,20260721010000_dashboard_kpi_admin_foundation.sql,canonical+applied,
function_rpc,public,dash_update_config_draft,"args=(p_id uuid, p_payload jsonb, p_title text, p_effective_from timestamp with time zone); returns=void; security_definer=True; lang=plpgsql",20260721010000_dashboard_kpi_admin_foundation.sql,canonical+applied,
function_rpc,public,deactivate_compliance_lookup_value,"args=(p_id uuid, p_reason text, p_effective_to date); returns=void; security_definer=True; lang=plpgsql","unknown (no CREATE FUNCTION match — may be defined via CREATE OR REPLACE in a file not captured, or built-in)",canonical+applied,
function_rpc,public,deactivate_notification_rule,"args=(p_id uuid, p_reason text); returns=uuid; security_definer=True; lang=plpgsql",20260716222000_scr_adm_080_notification_rules.sql,canonical+applied,
function_rpc,public,decide_active_cancellation,"args=(p_request uuid, p_decision text, p_reason text); returns=jsonb; security_definer=True; lang=plpgsql",20260721140000_execution_journey_cancellation.sql,canonical+applied,
function_rpc,public,decide_compliance_request_component,"args=(p_component uuid, p_decision text, p_comments text); returns=text; security_definer=True; lang=plpgsql",20260719213000_compliance_configuration_request_engine.sql,canonical+applied,
function_rpc,public,decide_geo_override,"args=(p_request uuid, p_decision text, p_decision_reason text); returns=geo_override_requests; security_definer=True; lang=plpgsql",20260716161605_ipad_geo_override_approval_workflow.sql,canonical+applied,
function_rpc,public,emit_mvp2_m2_05_semantic_event,args=(); returns=trigger; security_definer=True; lang=plpgsql,20260717150000_mvp2_m2_05_semantic_audit_replay.sql,canonical+applied,"multiple definitions across: 20260717150000_mvp2_m2_05_semantic_audit_replay.sql,20260717240000_mvp2_m2_05_fix_emit_cross_table_colrefs.sql,20260717250000_mvp2_m2_05_fix_emit_visit_anchored_evidence.sql"
function_rpc,public,expire_lapsed_visits,args=(); returns=int4; security_definer=True; lang=sql,0015_w1_field_home.sql,canonical+applied,"multiple definitions across: 0015_w1_field_home.sql,0024_fix2_ops_planning_visits.sql,0025_scheduled_visit_expiry.sql"
function_rpc,public,expire_lapsed_visits_scheduled,args=(); returns=int4; security_definer=True; lang=sql,0025_scheduled_visit_expiry.sql,canonical+applied,
function_rpc,public,expire_pending_geo_overrides_on_visit_close,args=(); returns=trigger; security_definer=True; lang=plpgsql,20260716161605_ipad_geo_override_approval_workflow.sql,canonical+applied,
function_rpc,public,expire_stale_geo_override_requests,args=(); returns=int4; security_definer=True; lang=plpgsql,20260716161605_ipad_geo_override_approval_workflow.sql,canonical+applied,
function_rpc,public,get_push_subscriptions_for_user,args=(p_user_id uuid); returns=record; security_definer=True; lang=plpgsql,20260718010000_mvp2_m2_02_push_subscriptions.sql,canonical+applied,
function_rpc,public,guard_approved_requires_submission,args=(); returns=trigger; security_definer=False; lang=plpgsql,20260716220000_def_wf_006_approved_requires_submission.sql,canonical+applied,
function_rpc,public,guard_compliance_lookup_value,args=(); returns=trigger; security_definer=False; lang=plpgsql,"unknown (no CREATE FUNCTION match — may be defined via CREATE OR REPLACE in a file not captured, or built-in)",canonical+applied,
function_rpc,public,guard_decided_enforcement_recommendation,args=(); returns=trigger; security_definer=False; lang=plpgsql,20260719010000_dec_f_enforcement_recommendations.sql,canonical+applied,
function_rpc,public,guard_decided_review,args=(); returns=trigger; security_definer=False; lang=plpgsql,0002_rbac_audit.sql,canonical+applied,
function_rpc,public,guard_factory360_external_identifiers,args=(); returns=trigger; security_definer=False; lang=plpgsql,20260720010000_factory360_v2_foundation.sql,canonical+applied,
function_rpc,public,guard_governed_configuration_template,args=(); returns=trigger; security_definer=False; lang=plpgsql,20260715220000_m09_authoritative_contract_completion.sql,canonical+applied,
function_rpc,public,guard_governed_penalty_mapping,args=(); returns=trigger; security_definer=False; lang=plpgsql,20260715200000_cd006_011_backend_completion.sql,canonical+applied,"multiple definitions across: 20260715200000_cd006_011_backend_completion.sql,20260715220000_m09_authoritative_contract_completion.sql"
function_rpc,public,guard_governed_violation_code,args=(); returns=trigger; security_definer=False; lang=plpgsql,20260715220000_m09_authoritative_contract_completion.sql,canonical+applied,
function_rpc,public,guard_inspection_item_version,args=(); returns=trigger; security_definer=False; lang=plpgsql,20260715220000_m09_authoritative_contract_completion.sql,canonical+applied,
function_rpc,public,guard_inspection_penalty,args=(); returns=trigger; security_definer=False; lang=plpgsql,20260715220000_m09_authoritative_contract_completion.sql,canonical+applied,
function_rpc,public,guard_package_deactivation_reason,args=(); returns=trigger; security_definer=False; lang=plpgsql,20260715220000_m09_authoritative_contract_completion.sql,canonical+applied,
function_rpc,public,guard_package_regulation_dependencies,args=(); returns=trigger; security_definer=False; lang=plpgsql,20260715200000_cd006_011_backend_completion.sql,canonical+applied,
function_rpc,public,guard_package_version_dependency_snapshot,args=(); returns=trigger; security_definer=False; lang=plpgsql,20260715220000_m09_authoritative_contract_completion.sql,canonical+applied,
function_rpc,public,guard_package_version_item_snapshot,args=(); returns=trigger; security_definer=False; lang=plpgsql,20260715200000_cd006_011_backend_completion.sql,canonical+applied,
function_rpc,public,guard_penalty_compliance_fields,args=(); returns=trigger; security_definer=False; lang=plpgsql,"unknown (no CREATE FUNCTION match — may be defined via CREATE OR REPLACE in a file not captured, or built-in)",canonical+applied,
function_rpc,public,guard_publish_requires_approver,args=(); returns=trigger; security_definer=False; lang=plpgsql,0006_package_maker_checker.sql,canonical+applied,
function_rpc,public,guard_published_notification_rule,args=(); returns=trigger; security_definer=False; lang=plpgsql,20260716222000_scr_adm_080_notification_rules.sql,canonical+applied,
function_rpc,public,guard_published_package,args=(); returns=trigger; security_definer=False; lang=plpgsql,0002_rbac_audit.sql,canonical+applied,
function_rpc,public,guard_published_regulation,args=(); returns=trigger; security_definer=False; lang=plpgsql,20260715173000_admin_configuration_audit.sql,canonical+applied,"multiple definitions across: 20260715173000_admin_configuration_audit.sql,20260715200000_cd006_011_backend_completion.sql,20260715220000_m09_authoritative_contract_completion.sql"
function_rpc,public,guard_regulation_child_write,args=(); returns=trigger; security_definer=False; lang=plpgsql,20260715200000_cd006_011_backend_completion.sql,canonical+applied,
function_rpc,public,guard_submitted_inspection,args=(); returns=trigger; security_definer=False; lang=plpgsql,0002_rbac_audit.sql,canonical+applied,
function_rpc,public,guard_violation_compliance_fields,args=(); returns=trigger; security_definer=False; lang=plpgsql,"unknown (no CREATE FUNCTION match — may be defined via CREATE OR REPLACE in a file not captured, or built-in)",canonical+applied,
function_rpc,public,guard_violation_invalidate,args=(); returns=trigger; security_definer=False; lang=plpgsql,20260721150000_execution_item_lifecycle.sql,canonical+applied,
function_rpc,public,guard_virtual_transition,args=(); returns=trigger; security_definer=False; lang=plpgsql,0018_w4_notifications_reviews.sql,canonical+applied,
function_rpc,public,guard_visit_location_correction,args=(); returns=trigger; security_definer=False; lang=plpgsql,20260721140000_execution_journey_cancellation.sql,canonical+applied,
function_rpc,public,guard_visit_package_snapshot,args=(); returns=trigger; security_definer=False; lang=plpgsql,20260721121000_execution_preparation.sql,canonical+applied,
function_rpc,public,has_any_role,args=(rs text[]); returns=bool; security_definer=True; lang=sql,0002_rbac_audit.sql,canonical+applied,"multiple definitions across: 0002_rbac_audit.sql,20260721090000_perf_indexes_rls_initplan.sql"
function_rpc,public,has_capability,args=(p_capability text); returns=bool; security_definer=True; lang=sql,20260721093000_execution_canonical_contracts.sql,canonical+applied,"multiple definitions across: 20260721093000_execution_canonical_contracts.sql,20260721110000_execution_access_grants.sql"
function_rpc,public,has_permission,args=(p_permission_key text); returns=bool; security_definer=True; lang=sql,20260720010000_factory360_v2_foundation.sql,canonical+applied,
function_rpc,public,has_planning_capability,args=(p_capability text); returns=bool; security_definer=True; lang=sql,20260721030000_planning_capabilities.sql,canonical+applied,
function_rpc,public,has_role,args=(r text); returns=bool; security_definer=True; lang=sql,0001_foundation.sql,canonical+applied,"multiple definitions across: 0001_foundation.sql,20260721090000_perf_indexes_rls_initplan.sql"
function_rpc,public,inspection_item_usage,args=(p_code text); returns=jsonb; security_definer=True; lang=plpgsql,20260715200000_cd006_011_backend_completion.sql,canonical+applied,
function_rpc,public,inspection_item_versions_are_frozen,args=(p_code text); returns=bool; security_definer=True; lang=sql,20260715200000_cd006_011_backend_completion.sql,canonical+applied,
function_rpc,public,inspector_daily_capacity,"args=(p_inspector uuid, p_date date); returns=jsonb; security_definer=True; lang=plpgsql",20260721093000_execution_canonical_contracts.sql,canonical+applied,"multiple definitions across: 20260721093000_execution_canonical_contracts.sql,20260721121000_execution_preparation.sql"
function_rpc,public,inspector_window_capacity,"args=(p_inspector uuid, p_window_start date, p_window_end date); returns=jsonb; security_definer=True; lang=plpgsql",20260721121000_execution_preparation.sql,canonical+applied,"multiple definitions across: 20260721121000_execution_preparation.sql,20260723090100_planning_capacity_read_gate_convergence.sql"
function_rpc,public,inspects_same_factory,args=(v uuid); returns=bool; security_definer=True; lang=sql,0020_fix_media_records.sql,canonical+applied,
function_rpc,public,is_assigned_inspector,args=(v uuid); returns=bool; security_definer=True; lang=sql,0002_rbac_audit.sql,canonical+applied,"multiple definitions across: 0002_rbac_audit.sql,20260721090000_perf_indexes_rls_initplan.sql"
function_rpc,public,issue_bulk_violation,"args=(p_request_id uuid, p_factory_ids uuid[], p_violation_code text, p_notes text); returns=jsonb; security_definer=True; lang=plpgsql",20260719030000_dec_l_bulk_violation_issuance.sql,canonical+applied,
function_rpc,public,issue_penalties_after_approval,args=(); returns=trigger; security_definer=True; lang=plpgsql,20260715220000_m09_authoritative_contract_completion.sql,canonical+applied,
function_rpc,public,log_auth_event,"args=(p_email_hash text, p_action text); returns=void; security_definer=True; lang=plpgsql",0022_auth_audit_events.sql,canonical+applied,
function_rpc,public,materialize_informational_penalty,args=(); returns=trigger; security_definer=True; lang=plpgsql,20260715220000_m09_authoritative_contract_completion.sql,canonical+applied,
function_rpc,public,mvp3_block_append_only_mutation,args=(); returns=trigger; security_definer=False; lang=plpgsql,20260718150000_mvp3_enterprise_control_plane.sql,canonical+applied,
function_rpc,public,mvp3_compile_inspection_package,"args=(p_inspection_id uuid, p_package_version_id uuid, p_workflow_version_id uuid, p_manifest jsonb, p_expires_at timestamp with time zone); returns=mvp3_inspection_package_manifests; security_definer=True; lang=plpgsql",20260718150000_mvp3_enterprise_control_plane.sql,canonical+applied,
function_rpc,public,mvp3_decide_access_review,"args=(p_review_id uuid, p_decision text, p_reason text); returns=mvp3_access_reviews; security_definer=True; lang=plpgsql",20260718150000_mvp3_enterprise_control_plane.sql,canonical+applied,
function_rpc,public,mvp3_enforce_maker_checker,args=(); returns=trigger; security_definer=False; lang=plpgsql,20260718150000_mvp3_enterprise_control_plane.sql,canonical+applied,
function_rpc,public,mvp3_issue_device_command,"args=(p_device_id uuid, p_command text, p_reason text); returns=mvp3_device_commands; security_definer=True; lang=plpgsql",20260718150000_mvp3_enterprise_control_plane.sql,canonical+applied,
function_rpc,public,mvp3_open_inspection_package,"args=(p_manifest_id uuid, p_device_identifier text); returns=jsonb; security_definer=True; lang=plpgsql",20260718150000_mvp3_enterprise_control_plane.sql,canonical+applied,
function_rpc,public,mvp3_publish_feature_flag,args=(p_flag_id uuid); returns=mvp3_feature_flags; security_definer=True; lang=plpgsql,20260718150000_mvp3_enterprise_control_plane.sql,canonical+applied,
function_rpc,public,mvp3_record_signature_refusal,"args=(p_refusal_reason text, p_witness_name text, p_inspector_statement text, p_device_context jsonb, p_location_context jsonb, p_workflow_continuation text); returns=mvp3_signature_refusals; security_definer=True; lang=plpgsql",20260718150000_mvp3_enterprise_control_plane.sql,canonical+applied,
function_rpc,public,mvp3_request_error_retry,args=(p_error_id uuid); returns=mvp3_error_queue; security_definer=True; lang=plpgsql,20260718150000_mvp3_enterprise_control_plane.sql,canonical+applied,
function_rpc,public,next_compliance_violation_code,args=(); returns=text; security_definer=True; lang=plpgsql,"unknown (no CREATE FUNCTION match — may be defined via CREATE OR REPLACE in a file not captured, or built-in)",canonical+applied,
function_rpc,public,next_inspection_no,args=(); returns=text; security_definer=True; lang=sql,0020_fix_media_records.sql,canonical+applied,
function_rpc,public,notify_on_submission,args=(); returns=trigger; security_definer=True; lang=plpgsql,0018_w4_notifications_reviews.sql,canonical+applied,
function_rpc,public,notify_roles,"args=(p_roles text[], p_event text, p_payload jsonb); returns=void; security_definer=True; lang=sql",0020_fix_field_journey.sql,canonical+applied,
function_rpc,public,package_version_impact,args=(p_version_id uuid); returns=jsonb; security_definer=True; lang=plpgsql,0024_fix2_admin_package_impact.sql,canonical+applied,
function_rpc,public,planning_access_class,args=(); returns=text; security_definer=True; lang=sql,20260721030000_planning_capabilities.sql,canonical+applied,
function_rpc,public,planning_set_updated_at,args=(); returns=trigger; security_definer=False; lang=plpgsql,20260721030100_planning_canonical_structures.sql,canonical+applied,
function_rpc,public,publish_bulk_plan,"args=(p_factory_ids uuid[], p_package_version_id uuid, p_window_start timestamp with time zone, p_window_end timestamp with time zone, p_visit_type text, p_notes text, p_manual jsonb, p_auto_pool uuid[]); returns=uuid; security_definer=False; lang=plpgsql",0026_cd021_bulk_publish_atomic.sql,canonical+applied,"multiple definitions across: 0026_cd021_bulk_publish_atomic.sql,20260714091727_planning_publish_guards.sql,20260721121000_execution_preparation.sql,20260721180000_planning_publish_capability.sql,20260723090000_planning_publish_capability_convergence.sql"
function_rpc,public,publish_compliance_request,args=(p_request uuid); returns=jsonb; security_definer=True; lang=plpgsql,20260719213000_compliance_configuration_request_engine.sql,canonical+applied,
function_rpc,public,publish_configuration_template,args=(p_template_id uuid); returns=uuid; security_definer=True; lang=plpgsql,20260715220000_m09_authoritative_contract_completion.sql,canonical+applied,
function_rpc,public,publish_notification_rule,args=(p_id uuid); returns=uuid; security_definer=True; lang=plpgsql,20260716222000_scr_adm_080_notification_rules.sql,canonical+applied,
function_rpc,public,publish_package_version,"args=(p_version_id uuid, p_definition jsonb); returns=uuid; security_definer=True; lang=plpgsql",20260715200000_cd006_011_backend_completion.sql,canonical+applied,
function_rpc,public,publish_penalty_mapping,args=(p_mapping_id uuid); returns=uuid; security_definer=True; lang=plpgsql,20260715200000_cd006_011_backend_completion.sql,canonical+applied,"multiple definitions across: 20260715200000_cd006_011_backend_completion.sql,20260715220000_m09_authoritative_contract_completion.sql"
function_rpc,public,publish_regulation,args=(p_regulation_id uuid); returns=uuid; security_definer=True; lang=plpgsql,20260715220000_m09_authoritative_contract_completion.sql,canonical+applied,
function_rpc,public,publish_single_visit,"args=(p_factory_id uuid, p_package_version_id uuid, p_inspector_id uuid, p_visit_type text, p_execution_mode execution_mode, p_window_start timestamp with time zone, p_window_end timestamp with time zone, p_license_number text, p_location_confirmed boolean, p_planner_lat numeric, p_planner_lng numeric, p_notes text, p_resume_plan_id uuid); returns=uuid; security_definer=False; lang=plpgsql",20260714091727_planning_publish_guards.sql,canonical+applied,"multiple definitions across: 20260714091727_planning_publish_guards.sql,20260721121000_execution_preparation.sql,20260721180000_planning_publish_capability.sql,20260723090000_planning_publish_capability_convergence.sql"
function_rpc,public,publish_violation_code,args=(p_violation_id uuid); returns=uuid; security_definer=True; lang=plpgsql,20260715220000_m09_authoritative_contract_completion.sql,canonical+applied,
function_rpc,public,recalculate_factory_risk,"args=(p_factory uuid, p_driver_values jsonb); returns=factory_risk_snapshots; security_definer=True; lang=plpgsql",20260716210000_remaining_requirements_backend.sql,canonical+applied,
function_rpc,public,reject_compliance_request,"args=(p_request uuid, p_comments text); returns=void; security_definer=True; lang=plpgsql",20260719213000_compliance_configuration_request_engine.sql,canonical+applied,
function_rpc,public,reopen_visit_preparation,args=(p_visit uuid); returns=void; security_definer=True; lang=plpgsql,20260721121000_execution_preparation.sql,canonical+applied,
function_rpc,public,request_active_cancellation,"args=(p_visit uuid, p_reason_key text, p_comment text, p_evidence_id uuid, p_idempotency_key text); returns=jsonb; security_definer=True; lang=plpgsql",20260721140000_execution_journey_cancellation.sql,canonical+applied,
function_rpc,public,request_geo_override,"args=(p_request uuid, p_visit uuid, p_journey uuid, p_checkin_event uuid, p_reason_key text, p_explanation text, p_safety_security_exception boolean); returns=geo_override_requests; security_definer=True; lang=plpgsql",20260716161605_ipad_geo_override_approval_workflow.sql,canonical+applied,"multiple definitions across: 20260716161605_ipad_geo_override_approval_workflow.sql,20260718140105_fix_geo_override_dispatch_coordinates.sql"
function_rpc,public,request_visit_cancellation,"args=(p_visit uuid, p_reason_key text, p_comment text); returns=jsonb; security_definer=True; lang=plpgsql",0020_fix_field_journey.sql,canonical+applied,
function_rpc,public,request_visit_reschedule,"args=(p_visit uuid, p_start timestamp with time zone, p_end timestamp with time zone, p_reason text); returns=jsonb; security_definer=True; lang=plpgsql",0020_fix_field_journey.sql,canonical+applied,
function_rpc,public,request_visit_return,"args=(p_visit uuid, p_reason text); returns=jsonb; security_definer=True; lang=plpgsql",0020_fix_field_journey.sql,canonical+applied,
function_rpc,public,return_compliance_request,"args=(p_request uuid, p_comments text); returns=void; security_definer=True; lang=plpgsql",20260719213000_compliance_configuration_request_engine.sql,canonical+applied,
function_rpc,public,revise_compliance_request,"args=(p_request uuid, p_comments text); returns=int4; security_definer=True; lang=plpgsql",20260719213000_compliance_configuration_request_engine.sql,canonical+applied,
function_rpc,public,risk_model_transition,"args=(p_model_id uuid, p_to_status text, p_expected_row_version integer, p_reason text); returns=text; security_definer=True; lang=plpgsql",20260717170000_mvp2_m2_04_risk_workbench.sql,canonical+applied,
function_rpc,public,risk_models_bump_row_version,args=(); returns=trigger; security_definer=False; lang=plpgsql,20260717170000_mvp2_m2_04_risk_workbench.sql,canonical+applied,
function_rpc,public,save_visit_preparation,"args=(p_visit uuid, p_execution_date date, p_confirmed_mode text, p_package_version_id uuid, p_form_config jsonb); returns=void; security_definer=True; lang=plpgsql",20260721121000_execution_preparation.sql,canonical+applied,
function_rpc,public,set_operational_state,"args=(p_visit uuid, p_next operational_state); returns=operational_state; security_definer=True; lang=plpgsql",0015_w1_journey_state.sql,canonical+applied,"multiple definitions across: 0015_w1_journey_state.sql,20260721130000_execution_journey_readiness_guard.sql,20260721170000_execution_virtual_leg.sql"
function_rpc,public,sla_timer_activation_guard,args=(); returns=trigger; security_definer=False; lang=plpgsql,20260717040000_mvp2_m2_02_sla_timers.sql,canonical+applied,
function_rpc,public,sla_timers_touch,args=(); returns=trigger; security_definer=False; lang=plpgsql,20260717040000_mvp2_m2_02_sla_timers.sql,canonical+applied,
function_rpc,public,stamp_inspection_no,args=(); returns=trigger; security_definer=True; lang=plpgsql,0020_fix_media_records.sql,canonical+applied,
function_rpc,public,start_journey,"args=(p_visit uuid, p_device jsonb); returns=jsonb; security_definer=True; lang=plpgsql",20260721140000_execution_journey_cancellation.sql,canonical+applied,
function_rpc,public,submit_compliance_request,args=(p_request uuid); returns=void; security_definer=True; lang=plpgsql,20260719213000_compliance_configuration_request_engine.sql,canonical+applied,
function_rpc,public,submit_inspection,"args=(p_inspection uuid, p_snapshot jsonb, p_idempotency_key text, p_acknowledgement jsonb); returns=jsonb; security_definer=True; lang=plpgsql",20260721160000_execution_submission_review.sql,canonical+applied,
function_rpc,public,sync_inspection_lifecycle_status,args=(); returns=trigger; security_definer=False; lang=plpgsql,20260721093000_execution_canonical_contracts.sql,canonical+applied,
function_rpc,public,sync_review_operational_state,args=(); returns=trigger; security_definer=True; lang=plpgsql,20260721160000_execution_submission_review.sql,canonical+applied,
function_rpc,public,touch_ui_string,args=(); returns=trigger; security_definer=False; lang=plpgsql,0013_ui_strings_localization.sql,canonical+applied,
function_rpc,public,ui_strings_versioning,args=(); returns=trigger; security_definer=True; lang=plpgsql,0014_ui_strings_history_sync.sql,canonical+applied,
function_rpc,public,update_compliance_request_draft,"args=(p_request uuid, p_title text, p_description text, p_comments text); returns=void; security_definer=True; lang=plpgsql",20260719213000_compliance_configuration_request_engine.sql,canonical+applied,
function_rpc,public,validate_inspection_item_authoring,args=(); returns=trigger; security_definer=False; lang=plpgsql,20260716210000_m09_relationship_contract_hardening.sql,canonical+applied,
function_rpc,public,validate_m09_package_definition,args=(); returns=trigger; security_definer=False; lang=plpgsql,20260715220000_m09_authoritative_contract_completion.sql,canonical+applied,"multiple definitions across: 20260715220000_m09_authoritative_contract_completion.sql,20260716210000_m09_relationship_contract_hardening.sql"
function_rpc,public,violation_code_usage,args=(p_code text); returns=jsonb; security_definer=True; lang=plpgsql,20260715200000_cd006_011_backend_completion.sql,canonical+applied,
function_rpc,public,vp_otp_status,args=(p_participant uuid); returns=jsonb; security_definer=True; lang=plpgsql,0018_w4_notifications_reviews.sql,canonical+applied,"multiple definitions across: 0018_w4_notifications_reviews.sql,20260715180000_cd042_otp_status_authorization.sql"
function_rpc,public,vp_request_otp,args=(p_participant uuid); returns=jsonb; security_definer=True; lang=plpgsql,0009_virtual_otp.sql,canonical+applied,"multiple definitions across: 0009_virtual_otp.sql,0023_fix_otp_rpc_authorization.sql"
function_rpc,public,vp_verify_otp,"args=(p_participant uuid, p_code text); returns=jsonb; security_definer=True; lang=plpgsql",0009_virtual_otp.sql,canonical+applied,"multiple definitions across: 0009_virtual_otp.sql,0023_fix_otp_rpc_authorization.sql"
function_rpc,public,vs_append_event,"args=(p_session uuid, p_event text, p_detail jsonb); returns=void; security_definer=False; lang=sql",0018_w4_notifications_reviews.sql,canonical+applied,
function_rpc,public,vs_audit_trail,args=(p_session uuid); returns=jsonb; security_definer=True; lang=plpgsql,20260715190000_cd042_audit_read_seam.sql,canonical+applied,
function_rpc,public,vs_mark_session_verified,"args=(p_session uuid, p_participant uuid); returns=bool; security_definer=False; lang=plpgsql",20260715170000_cd041_verified_transition_guard.sql,canonical+applied,
function_rpc,public,workflow_task_assignments_touch,args=(); returns=trigger; security_definer=False; lang=plpgsql,20260717030000_mvp2_m2_02_task_assignments.sql,canonical+applied,
storage_bucket,storage,attachments,public=False; size_limit=None; mime=None,"unknown (buckets created via dashboard/API, not tracked in supabase/migrations SQL by default)",canonical+applied,
storage_bucket,storage,evidence,public=False; size_limit=52428800; mime=None,"unknown (buckets created via dashboard/API, not tracked in supabase/migrations SQL by default)",canonical+applied,
storage_bucket,storage,regulation-documents,public=False; size_limit=None; mime=None,"unknown (buckets created via dashboard/API, not tracked in supabase/migrations SQL by default)",canonical+applied,
storage_policy,storage,objects.attachments_objects_insert,cmd=INSERT; roles={public},unknown (storage policies applied via migrations or dashboard),canonical+applied,
storage_policy,storage,objects.attachments_objects_read,cmd=SELECT; roles={public},unknown (storage policies applied via migrations or dashboard),canonical+applied,
storage_policy,storage,objects.ev_read,cmd=SELECT; roles={authenticated},unknown (storage policies applied via migrations or dashboard),canonical+applied,
storage_policy,storage,objects.ev_upload,cmd=INSERT; roles={authenticated},unknown (storage policies applied via migrations or dashboard),canonical+applied,
storage_policy,storage,objects.evidence_objects_insert,cmd=INSERT; roles={authenticated},unknown (storage policies applied via migrations or dashboard),canonical+applied,
storage_policy,storage,objects.evidence_objects_read,cmd=SELECT; roles={authenticated},unknown (storage policies applied via migrations or dashboard),canonical+applied,
storage_policy,storage,objects.evidence_objects_update,cmd=UPDATE; roles={authenticated},unknown (storage policies applied via migrations or dashboard),canonical+applied,
storage_policy,storage,objects.regulation_documents_read,cmd=SELECT; roles={public},unknown (storage policies applied via migrations or dashboard),canonical+applied,
storage_policy,storage,objects.regulation_documents_remove_draft,cmd=DELETE; roles={public},unknown (storage policies applied via migrations or dashboard),canonical+applied,
storage_policy,storage,objects.regulation_documents_write,cmd=INSERT; roles={public},unknown (storage policies applied via migrations or dashboard),canonical+applied,
edge_function,n/a,(none deployed),GET /v1/projects/iiozvqntawxfwbgffzqu/functions returned []; no supabase/functions directory in repo,n/a,external,No Edge Functions exist live or in repo as of this discovery pass
auth_dependency_note,auth,auth.users,public tables with FK to auth.users: see foreign_key rows where ref_table=users (schema inferred auth),n/a,external,"auth schema is Supabase-managed (GoTrue), not part of supabase/migrations application SQL"
