mapping_id,endpoint_id,provider_family,direction,external_field_path,external_type,required_optional,enum_or_validation,canonical_entity,canonical_field,disposition,transformation,persistence_rule,history_version_rule,web_consumer,ipad_consumer,offline_inclusion,status,evidence
F360-XPC-MAP-0001,INSP-API-001,Inspection API,request,email,text,NOT_DOCUMENTED,NOT_DOCUMENTED,restricted_identity_snapshot,restricted_identity_snapshot,SENSITIVE_RESTRICTED,Typed adapter normalization where an existing adapter declares this field; otherwise preserve exact structural path.,Permission-filtered only; no offline inclusion without policy proof.,No platform history inferred.,Shared Factory 360 server projection or not consumed,Same shared server projection; no provider client,EXCLUDED_PENDING_POLICY,STRUCTURALLY_DOCUMENTED,FACTORY_360_API_FIELD_INVENTORY.csv
F360-XPC-MAP-0002,INSP-API-001,Inspection API,request,password,text,NOT_DOCUMENTED,NOT_DOCUMENTED,none,none,SENSITIVE_RESTRICTED,Typed adapter normalization where an existing adapter declares this field; otherwise preserve exact structural path.,Never persist; credential/session boundary only.,No platform history inferred.,Shared Factory 360 server projection or not consumed,Same shared server projection; no provider client,EXCLUDED_PENDING_POLICY,STRUCTURALLY_DOCUMENTED,FACTORY_360_API_FIELD_INVENTORY.csv
F360-XPC-MAP-0003,INSP-API-001,Inspection API,response,$.success,bool,NOT_DOCUMENTED,NOT_DOCUMENTED,provider_raw_snapshot,provider_raw_snapshot,RAW_SNAPSHOT_ONLY,Typed adapter normalization where an existing adapter declares this field; otherwise preserve exact structural path.,No canonical persistence is inferred beyond the verified structural snapshot.,No platform history inferred.,Shared Factory 360 server projection or not consumed,Same shared server projection; no provider client,CANONICAL_VERSION_ONLY,STRUCTURALLY_DOCUMENTED,FACTORY_360_API_FIELD_INVENTORY.csv
F360-XPC-MAP-0004,INSP-API-001,Inspection API,response,$.token,str,NOT_DOCUMENTED,NOT_DOCUMENTED,none,none,SENSITIVE_RESTRICTED,Typed adapter normalization where an existing adapter declares this field; otherwise preserve exact structural path.,Never persist; credential/session boundary only.,No platform history inferred.,Shared Factory 360 server projection or not consumed,Same shared server projection; no provider client,EXCLUDED_PENDING_POLICY,STRUCTURALLY_DOCUMENTED,FACTORY_360_API_FIELD_INVENTORY.csv
F360-XPC-MAP-0005,INSP-API-001,Inspection API,response,$.user,dict,NOT_DOCUMENTED,NOT_DOCUMENTED,provider_raw_snapshot,provider_raw_snapshot,RAW_SNAPSHOT_ONLY,Typed adapter normalization where an existing adapter declares this field; otherwise preserve exact structural path.,No canonical persistence is inferred beyond the verified structural snapshot.,No platform history inferred.,Shared Factory 360 server projection or not consumed,Same shared server projection; no provider client,CANONICAL_VERSION_ONLY,STRUCTURALLY_DOCUMENTED,FACTORY_360_API_FIELD_INVENTORY.csv
F360-XPC-MAP-0006,INSP-API-001,Inspection API,response,$.user.id,str,NOT_DOCUMENTED,NOT_DOCUMENTED,external_id,external_id,SOURCE_METADATA,Typed adapter normalization where an existing adapter declares this field; otherwise preserve exact structural path.,Retain provider ID with source and version metadata.,No platform history inferred.,Shared Factory 360 server projection or not consumed,Same shared server projection; no provider client,CANONICAL_VERSION_ONLY,STRUCTURALLY_DOCUMENTED,FACTORY_360_API_FIELD_INVENTORY.csv
F360-XPC-MAP-0007,INSP-API-001,Inspection API,response,$.user.old_id,NoneType,NOT_DOCUMENTED,NOT_DOCUMENTED,external_id,external_id,SOURCE_METADATA,Typed adapter normalization where an existing adapter declares this field; otherwise preserve exact structural path.,Retain provider ID with source and version metadata.,No platform history inferred.,Shared Factory 360 server projection or not consumed,Same shared server projection; no provider client,CANONICAL_VERSION_ONLY,STRUCTURALLY_DOCUMENTED,FACTORY_360_API_FIELD_INVENTORY.csv
F360-XPC-MAP-0008,INSP-API-001,Inspection API,response,$.user.username,str,NOT_DOCUMENTED,NOT_DOCUMENTED,provider_raw_snapshot,provider_raw_snapshot,RAW_SNAPSHOT_ONLY,Typed adapter normalization where an existing adapter declares this field; otherwise preserve exact structural path.,No canonical persistence is inferred beyond the verified structural snapshot.,No platform history inferred.,Shared Factory 360 server projection or not consumed,Same shared server projection; no provider client,CANONICAL_VERSION_ONLY,STRUCTURALLY_DOCUMENTED,FACTORY_360_API_FIELD_INVENTORY.csv
F360-XPC-MAP-0009,INSP-API-001,Inspection API,response,$.user.first_name,str,NOT_DOCUMENTED,NOT_DOCUMENTED,provider_raw_snapshot,provider_raw_snapshot,RAW_SNAPSHOT_ONLY,Typed adapter normalization where an existing adapter declares this field; otherwise preserve exact structural path.,No canonical persistence is inferred beyond the verified structural snapshot.,No platform history inferred.,Shared Factory 360 server projection or not consumed,Same shared server projection; no provider client,CANONICAL_VERSION_ONLY,STRUCTURALLY_DOCUMENTED,FACTORY_360_API_FIELD_INVENTORY.csv
F360-XPC-MAP-0010,INSP-API-001,Inspection API,response,$.user.last_name,str,NOT_DOCUMENTED,NOT_DOCUMENTED,provider_raw_snapshot,provider_raw_snapshot,RAW_SNAPSHOT_ONLY,Typed adapter normalization where an existing adapter declares this field; otherwise preserve exact structural path.,No canonical persistence is inferred beyond the verified structural snapshot.,No platform history inferred.,Shared Factory 360 server projection or not consumed,Same shared server projection; no provider client,CANONICAL_VERSION_ONLY,STRUCTURALLY_DOCUMENTED,FACTORY_360_API_FIELD_INVENTORY.csv
F360-XPC-MAP-0011,INSP-API-001,Inspection API,response,$.user.national_id,str,NOT_DOCUMENTED,NOT_DOCUMENTED,restricted_identity_snapshot,restricted_identity_snapshot,SENSITIVE_RESTRICTED,Typed adapter normalization where an existing adapter declares this field; otherwise preserve exact structural path.,Permission-filtered only; no offline inclusion without policy proof.,No platform history inferred.,Shared Factory 360 server projection or not consumed,Same shared server projection; no provider client,EXCLUDED_PENDING_POLICY,STRUCTURALLY_DOCUMENTED,FACTORY_360_API_FIELD_INVENTORY.csv
F360-XPC-MAP-0012,INSP-API-001,Inspection API,response,$.user.email,str,NOT_DOCUMENTED,NOT_DOCUMENTED,restricted_identity_snapshot,restricted_identity_snapshot,SENSITIVE_RESTRICTED,Typed adapter normalization where an existing adapter declares this field; otherwise preserve exact structural path.,Permission-filtered only; no offline inclusion without policy proof.,No platform history inferred.,Shared Factory 360 server projection or not consumed,Same shared server projection; no provider client,EXCLUDED_PENDING_POLICY,STRUCTURALLY_DOCUMENTED,FACTORY_360_API_FIELD_INVENTORY.csv
F360-XPC-MAP-0013,INSP-API-001,Inspection API,response,$.user.mobile,str,NOT_DOCUMENTED,NOT_DOCUMENTED,restricted_identity_snapshot,restricted_identity_snapshot,SENSITIVE_RESTRICTED,Typed adapter normalization where an existing adapter declares this field; otherwise preserve exact structural path.,Permission-filtered only; no offline inclusion without policy proof.,No platform history inferred.,Shared Factory 360 server projection or not consumed,Same shared server projection; no provider client,EXCLUDED_PENDING_POLICY,STRUCTURALLY_DOCUMENTED,FACTORY_360_API_FIELD_INVENTORY.csv
F360-XPC-MAP-0014,INSP-API-001,Inspection API,response,$.user.entity,str,NOT_DOCUMENTED,NOT_DOCUMENTED,provider_raw_snapshot,provider_raw_snapshot,RAW_SNAPSHOT_ONLY,Typed adapter normalization where an existing adapter declares this field; otherwise preserve exact structural path.,No canonical persistence is inferred beyond the verified structural snapshot.,No platform history inferred.,Shared Factory 360 server projection or not consumed,Same shared server projection; no provider client,CANONICAL_VERSION_ONLY,STRUCTURALLY_DOCUMENTED,FACTORY_360_API_FIELD_INVENTORY.csv
F360-XPC-MAP-0015,INSP-API-001,Inspection API,response,$.user.date_of_birth,str,NOT_DOCUMENTED,NOT_DOCUMENTED,restricted_identity_snapshot,restricted_identity_snapshot,SENSITIVE_RESTRICTED,Typed adapter normalization where an existing adapter declares this field; otherwise preserve exact structural path.,Permission-filtered only; no offline inclusion without policy proof.,No platform history inferred.,Shared Factory 360 server projection or not consumed,Same shared server projection; no provider client,EXCLUDED_PENDING_POLICY,STRUCTURALLY_DOCUMENTED,FACTORY_360_API_FIELD_INVENTORY.csv
F360-XPC-MAP-0016,INSP-API-001,Inspection API,response,$.user.language,str,NOT_DOCUMENTED,NOT_DOCUMENTED,provider_raw_snapshot,provider_raw_snapshot,RAW_SNAPSHOT_ONLY,Typed adapter normalization where an existing adapter declares this field; otherwise preserve exact structural path.,No canonical persistence is inferred beyond the verified structural snapshot.,No platform history inferred.,Shared Factory 360 server projection or not consumed,Same shared server projection; no provider client,CANONICAL_VERSION_ONLY,STRUCTURALLY_DOCUMENTED,FACTORY_360_API_FIELD_INVENTORY.csv
F360-XPC-MAP-0017,INSP-API-001,Inspection API,response,$.user.email_verified_at,str,NOT_DOCUMENTED,NOT_DOCUMENTED,restricted_identity_snapshot,restricted_identity_snapshot,SENSITIVE_RESTRICTED,Typed adapter normalization where an existing adapter declares this field; otherwise preserve exact structural path.,Permission-filtered only; no offline inclusion without policy proof.,No platform history inferred.,Shared Factory 360 server projection or not consumed,Same shared server projection; no provider client,EXCLUDED_PENDING_POLICY,STRUCTURALLY_DOCUMENTED,FACTORY_360_API_FIELD_INVENTORY.csv
F360-XPC-MAP-0018,INSP-API-001,Inspection API,response,$.user.mobile_verified_at,str,NOT_DOCUMENTED,NOT_DOCUMENTED,restricted_identity_snapshot,restricted_identity_snapshot,SENSITIVE_RESTRICTED,Typed adapter normalization where an existing adapter declares this field; otherwise preserve exact structural path.,Permission-filtered only; no offline inclusion without policy proof.,No platform history inferred.,Shared Factory 360 server projection or not consumed,Same shared server projection; no provider client,EXCLUDED_PENDING_POLICY,STRUCTURALLY_DOCUMENTED,FACTORY_360_API_FIELD_INVENTORY.csv
F360-XPC-MAP-0019,INSP-API-001,Inspection API,response,$.user.blocked_at,NoneType,NOT_DOCUMENTED,NOT_DOCUMENTED,provider_raw_snapshot,provider_raw_snapshot,RAW_SNAPSHOT_ONLY,Typed adapter normalization where an existing adapter declares this field; otherwise preserve exact structural path.,No canonical persistence is inferred beyond the verified structural snapshot.,No platform history inferred.,Shared Factory 360 server projection or not consumed,Same shared server projection; no provider client,CANONICAL_VERSION_ONLY,STRUCTURALLY_DOCUMENTED,FACTORY_360_API_FIELD_INVENTORY.csv
F360-XPC-MAP-0020,INSP-API-001,Inspection API,response,$.user.disabled_at,NoneType,NOT_DOCUMENTED,NOT_DOCUMENTED,provider_raw_snapshot,provider_raw_snapshot,RAW_SNAPSHOT_ONLY,Typed adapter normalization where an existing adapter declares this field; otherwise preserve exact structural path.,No canonical persistence is inferred beyond the verified structural snapshot.,No platform history inferred.,Shared Factory 360 server projection or not consumed,Same shared server projection; no provider client,CANONICAL_VERSION_ONLY,STRUCTURALLY_DOCUMENTED,FACTORY_360_API_FIELD_INVENTORY.csv
F360-XPC-MAP-0021,INSP-API-001,Inspection API,response,$.user.created_at,str,NOT_DOCUMENTED,NOT_DOCUMENTED,source_timestamp,source_timestamp,SOURCE_METADATA,Typed adapter normalization where an existing adapter declares this field; otherwise preserve exact structural path.,Preserve as provider timestamp; do not overwrite platform audit time.,No platform history inferred.,Shared Factory 360 server projection or not consumed,Same shared server projection; no provider client,CANONICAL_VERSION_ONLY,STRUCTURALLY_DOCUMENTED,FACTORY_360_API_FIELD_INVENTORY.csv
F360-XPC-MAP-0022,INSP-API-001,Inspection API,response,$.user.updated_at,str,NOT_DOCUMENTED,NOT_DOCUMENTED,source_timestamp,source_timestamp,SOURCE_METADATA,Typed adapter normalization where an existing adapter declares this field; otherwise preserve exact structural path.,Preserve as provider timestamp; do not overwrite platform audit time.,No platform history inferred.,Shared Factory 360 server projection or not consumed,Same shared server projection; no provider client,CANONICAL_VERSION_ONLY,STRUCTURALLY_DOCUMENTED,FACTORY_360_API_FIELD_INVENTORY.csv
F360-XPC-MAP-0023,INSP-API-001,Inspection API,response,$.user.last_login_at,str,NOT_DOCUMENTED,NOT_DOCUMENTED,provider_raw_snapshot,provider_raw_snapshot,RAW_SNAPSHOT_ONLY,Typed adapter normalization where an existing adapter declares this field; otherwise preserve exact structural path.,No canonical persistence is inferred beyond the verified structural snapshot.,No platform history inferred.,Shared Factory 360 server projection or not consumed,Same shared server projection; no provider client,CANONICAL_VERSION_ONLY,STRUCTURALLY_DOCUMENTED,FACTORY_360_API_FIELD_INVENTORY.csv
F360-XPC-MAP-0024,INSP-API-001,Inspection API,response,$.user.ndb_synched_at,NoneType,NOT_DOCUMENTED,NOT_DOCUMENTED,source_timestamp,source_timestamp,SOURCE_METADATA,Typed adapter normalization where an existing adapter declares this field; otherwise preserve exact structural path.,Preserve as provider timestamp; do not overwrite platform audit time.,No platform history inferred.,Shared Factory 360 server projection or not consumed,Same shared server projection; no provider client,CANONICAL_VERSION_ONLY,STRUCTURALLY_DOCUMENTED,FACTORY_360_API_FIELD_INVENTORY.csv
F360-XPC-MAP-0025,INSP-API-001,Inspection API,response,$.user.ndb_last_ops_at,NoneType,NOT_DOCUMENTED,NOT_DOCUMENTED,source_timestamp,source_timestamp,SOURCE_METADATA,Typed adapter normalization where an existing adapter declares this field; otherwise preserve exact structural path.,Preserve as provider timestamp; do not overwrite platform audit time.,No platform history inferred.,Shared Factory 360 server projection or not consumed,Same shared server projection; no provider client,CANONICAL_VERSION_ONLY,STRUCTURALLY_DOCUMENTED,FACTORY_360_API_FIELD_INVENTORY.csv
F360-XPC-MAP-0026,INSP-API-002,Inspection API,response,$.success,bool,NOT_DOCUMENTED,NOT_DOCUMENTED,provider_raw_snapshot,provider_raw_snapshot,RAW_SNAPSHOT_ONLY,Typed adapter normalization where an existing adapter declares this field; otherwise preserve exact structural path.,No canonical persistence is inferred beyond the verified structural snapshot.,No platform history inferred.,Shared Factory 360 server projection or not consumed,Same shared server projection; no provider client,CANONICAL_VERSION_ONLY,STRUCTURALLY_DOCUMENTED,FACTORY_360_API_FIELD_INVENTORY.csv
F360-XPC-MAP-0027,INSP-API-002,Inspection API,response,$.message,str,NOT_DOCUMENTED,NOT_DOCUMENTED,provider_raw_snapshot,provider_raw_snapshot,RAW_SNAPSHOT_ONLY,Typed adapter normalization where an existing adapter declares this field; otherwise preserve exact structural path.,No canonical persistence is inferred beyond the verified structural snapshot.,No platform history inferred.,Shared Factory 360 server projection or not consumed,Same shared server projection; no provider client,CANONICAL_VERSION_ONLY,STRUCTURALLY_DOCUMENTED,FACTORY_360_API_FIELD_INVENTORY.csv
F360-XPC-MAP-0028,INSP-API-003,Inspection API,response,$.user,dict,NOT_DOCUMENTED,NOT_DOCUMENTED,restricted_user_profile,restricted_user_profile,SENSITIVE_RESTRICTED,Typed adapter normalization where an existing adapter declares this field; otherwise preserve exact structural path.,Identity profile is not Factory 360 business master data.,No platform history inferred.,Shared Factory 360 server projection or not consumed,Same shared server projection; no provider client,EXCLUDED_PENDING_POLICY,STRUCTURALLY_DOCUMENTED,FACTORY_360_API_FIELD_INVENTORY.csv
F360-XPC-MAP-0029,INSP-API-003,Inspection API,response,$.user.id,str,NOT_DOCUMENTED,NOT_DOCUMENTED,external_id,external_id,SOURCE_METADATA,Typed adapter normalization where an existing adapter declares this field; otherwise preserve exact structural path.,Retain provider ID with source and version metadata.,No platform history inferred.,Shared Factory 360 server projection or not consumed,Same shared server projection; no provider client,CANONICAL_VERSION_ONLY,STRUCTURALLY_DOCUMENTED,FACTORY_360_API_FIELD_INVENTORY.csv
F360-XPC-MAP-0030,INSP-API-003,Inspection API,response,$.user.old_id,NoneType,NOT_DOCUMENTED,NOT_DOCUMENTED,external_id,external_id,SOURCE_METADATA,Typed adapter normalization where an existing adapter declares this field; otherwise preserve exact structural path.,Retain provider ID with source and version metadata.,No platform history inferred.,Shared Factory 360 server projection or not consumed,Same shared server projection; no provider client,CANONICAL_VERSION_ONLY,STRUCTURALLY_DOCUMENTED,FACTORY_360_API_FIELD_INVENTORY.csv
F360-XPC-MAP-0031,INSP-API-003,Inspection API,response,$.user.username,str,NOT_DOCUMENTED,NOT_DOCUMENTED,restricted_user_profile,restricted_user_profile,SENSITIVE_RESTRICTED,Typed adapter normalization where an existing adapter declares this field; otherwise preserve exact structural path.,Identity profile is not Factory 360 business master data.,No platform history inferred.,Shared Factory 360 server projection or not consumed,Same shared server projection; no provider client,EXCLUDED_PENDING_POLICY,STRUCTURALLY_DOCUMENTED,FACTORY_360_API_FIELD_INVENTORY.csv
F360-XPC-MAP-0032,INSP-API-003,Inspection API,response,$.user.first_name,str,NOT_DOCUMENTED,NOT_DOCUMENTED,restricted_user_profile,restricted_user_profile,SENSITIVE_RESTRICTED,Typed adapter normalization where an existing adapter declares this field; otherwise preserve exact structural path.,Identity profile is not Factory 360 business master data.,No platform history inferred.,Shared Factory 360 server projection or not consumed,Same shared server projection; no provider client,EXCLUDED_PENDING_POLICY,STRUCTURALLY_DOCUMENTED,FACTORY_360_API_FIELD_INVENTORY.csv
F360-XPC-MAP-0033,INSP-API-003,Inspection API,response,$.user.last_name,str,NOT_DOCUMENTED,NOT_DOCUMENTED,restricted_user_profile,restricted_user_profile,SENSITIVE_RESTRICTED,Typed adapter normalization where an existing adapter declares this field; otherwise preserve exact structural path.,Identity profile is not Factory 360 business master data.,No platform history inferred.,Shared Factory 360 server projection or not consumed,Same shared server projection; no provider client,EXCLUDED_PENDING_POLICY,STRUCTURALLY_DOCUMENTED,FACTORY_360_API_FIELD_INVENTORY.csv
F360-XPC-MAP-0034,INSP-API-003,Inspection API,response,$.user.national_id,str,NOT_DOCUMENTED,NOT_DOCUMENTED,restricted_identity_snapshot,restricted_identity_snapshot,SENSITIVE_RESTRICTED,Typed adapter normalization where an existing adapter declares this field; otherwise preserve exact structural path.,Permission-filtered only; no offline inclusion without policy proof.,No platform history inferred.,Shared Factory 360 server projection or not consumed,Same shared server projection; no provider client,EXCLUDED_PENDING_POLICY,STRUCTURALLY_DOCUMENTED,FACTORY_360_API_FIELD_INVENTORY.csv
F360-XPC-MAP-0035,INSP-API-003,Inspection API,response,$.user.email,str,NOT_DOCUMENTED,NOT_DOCUMENTED,restricted_identity_snapshot,restricted_identity_snapshot,SENSITIVE_RESTRICTED,Typed adapter normalization where an existing adapter declares this field; otherwise preserve exact structural path.,Permission-filtered only; no offline inclusion without policy proof.,No platform history inferred.,Shared Factory 360 server projection or not consumed,Same shared server projection; no provider client,EXCLUDED_PENDING_POLICY,STRUCTURALLY_DOCUMENTED,FACTORY_360_API_FIELD_INVENTORY.csv
F360-XPC-MAP-0036,INSP-API-003,Inspection API,response,$.user.mobile,str,NOT_DOCUMENTED,NOT_DOCUMENTED,restricted_identity_snapshot,restricted_identity_snapshot,SENSITIVE_RESTRICTED,Typed adapter normalization where an existing adapter declares this field; otherwise preserve exact structural path.,Permission-filtered only; no offline inclusion without policy proof.,No platform history inferred.,Shared Factory 360 server projection or not consumed,Same shared server projection; no provider client,EXCLUDED_PENDING_POLICY,STRUCTURALLY_DOCUMENTED,FACTORY_360_API_FIELD_INVENTORY.csv
F360-XPC-MAP-0037,INSP-API-003,Inspection API,response,$.user.entity,str,NOT_DOCUMENTED,NOT_DOCUMENTED,restricted_user_profile,restricted_user_profile,SENSITIVE_RESTRICTED,Typed adapter normalization where an existing adapter declares this field; otherwise preserve exact structural path.,Identity profile is not Factory 360 business master data.,No platform history inferred.,Shared Factory 360 server projection or not consumed,Same shared server projection; no provider client,EXCLUDED_PENDING_POLICY,STRUCTURALLY_DOCUMENTED,FACTORY_360_API_FIELD_INVENTORY.csv
F360-XPC-MAP-0038,INSP-API-003,Inspection API,response,$.user.date_of_birth,str,NOT_DOCUMENTED,NOT_DOCUMENTED,restricted_identity_snapshot,restricted_identity_snapshot,SENSITIVE_RESTRICTED,Typed adapter normalization where an existing adapter declares this field; otherwise preserve exact structural path.,Permission-filtered only; no offline inclusion without policy proof.,No platform history inferred.,Shared Factory 360 server projection or not consumed,Same shared server projection; no provider client,EXCLUDED_PENDING_POLICY,STRUCTURALLY_DOCUMENTED,FACTORY_360_API_FIELD_INVENTORY.csv
F360-XPC-MAP-0039,INSP-API-003,Inspection API,response,$.user.language,str,NOT_DOCUMENTED,NOT_DOCUMENTED,restricted_user_profile,restricted_user_profile,SENSITIVE_RESTRICTED,Typed adapter normalization where an existing adapter declares this field; otherwise preserve exact structural path.,Identity profile is not Factory 360 business master data.,No platform history inferred.,Shared Factory 360 server projection or not consumed,Same shared server projection; no provider client,EXCLUDED_PENDING_POLICY,STRUCTURALLY_DOCUMENTED,FACTORY_360_API_FIELD_INVENTORY.csv
F360-XPC-MAP-0040,INSP-API-003,Inspection API,response,$.user.email_verified_at,str,NOT_DOCUMENTED,NOT_DOCUMENTED,restricted_identity_snapshot,restricted_identity_snapshot,SENSITIVE_RESTRICTED,Typed adapter normalization where an existing adapter declares this field; otherwise preserve exact structural path.,Permission-filtered only; no offline inclusion without policy proof.,No platform history inferred.,Shared Factory 360 server projection or not consumed,Same shared server projection; no provider client,EXCLUDED_PENDING_POLICY,STRUCTURALLY_DOCUMENTED,FACTORY_360_API_FIELD_INVENTORY.csv
F360-XPC-MAP-0041,INSP-API-003,Inspection API,response,$.user.mobile_verified_at,str,NOT_DOCUMENTED,NOT_DOCUMENTED,restricted_identity_snapshot,restricted_identity_snapshot,SENSITIVE_RESTRICTED,Typed adapter normalization where an existing adapter declares this field; otherwise preserve exact structural path.,Permission-filtered only; no offline inclusion without policy proof.,No platform history inferred.,Shared Factory 360 server projection or not consumed,Same shared server projection; no provider client,EXCLUDED_PENDING_POLICY,STRUCTURALLY_DOCUMENTED,FACTORY_360_API_FIELD_INVENTORY.csv
F360-XPC-MAP-0042,INSP-API-003,Inspection API,response,$.user.blocked_at,NoneType,NOT_DOCUMENTED,NOT_DOCUMENTED,restricted_user_profile,restricted_user_profile,SENSITIVE_RESTRICTED,Typed adapter normalization where an existing adapter declares this field; otherwise preserve exact structural path.,Identity profile is not Factory 360 business master data.,No platform history inferred.,Shared Factory 360 server projection or not consumed,Same shared server projection; no provider client,EXCLUDED_PENDING_POLICY,STRUCTURALLY_DOCUMENTED,FACTORY_360_API_FIELD_INVENTORY.csv
F360-XPC-MAP-0043,INSP-API-003,Inspection API,response,$.user.disabled_at,NoneType,NOT_DOCUMENTED,NOT_DOCUMENTED,restricted_user_profile,restricted_user_profile,SENSITIVE_RESTRICTED,Typed adapter normalization where an existing adapter declares this field; otherwise preserve exact structural path.,Identity profile is not Factory 360 business master data.,No platform history inferred.,Shared Factory 360 server projection or not consumed,Same shared server projection; no provider client,EXCLUDED_PENDING_POLICY,STRUCTURALLY_DOCUMENTED,FACTORY_360_API_FIELD_INVENTORY.csv
F360-XPC-MAP-0044,INSP-API-003,Inspection API,response,$.user.created_at,str,NOT_DOCUMENTED,NOT_DOCUMENTED,source_timestamp,source_timestamp,SOURCE_METADATA,Typed adapter normalization where an existing adapter declares this field; otherwise preserve exact structural path.,Preserve as provider timestamp; do not overwrite platform audit time.,No platform history inferred.,Shared Factory 360 server projection or not consumed,Same shared server projection; no provider client,CANONICAL_VERSION_ONLY,STRUCTURALLY_DOCUMENTED,FACTORY_360_API_FIELD_INVENTORY.csv
F360-XPC-MAP-0045,INSP-API-003,Inspection API,response,$.user.updated_at,str,NOT_DOCUMENTED,NOT_DOCUMENTED,source_timestamp,source_timestamp,SOURCE_METADATA,Typed adapter normalization where an existing adapter declares this field; otherwise preserve exact structural path.,Preserve as provider timestamp; do not overwrite platform audit time.,No platform history inferred.,Shared Factory 360 server projection or not consumed,Same shared server projection; no provider client,CANONICAL_VERSION_ONLY,STRUCTURALLY_DOCUMENTED,FACTORY_360_API_FIELD_INVENTORY.csv
F360-XPC-MAP-0046,INSP-API-003,Inspection API,response,$.user.last_login_at,str,NOT_DOCUMENTED,NOT_DOCUMENTED,restricted_user_profile,restricted_user_profile,SENSITIVE_RESTRICTED,Typed adapter normalization where an existing adapter declares this field; otherwise preserve exact structural path.,Identity profile is not Factory 360 business master data.,No platform history inferred.,Shared Factory 360 server projection or not consumed,Same shared server projection; no provider client,EXCLUDED_PENDING_POLICY,STRUCTURALLY_DOCUMENTED,FACTORY_360_API_FIELD_INVENTORY.csv
F360-XPC-MAP-0047,INSP-API-003,Inspection API,response,$.user.ndb_synched_at,NoneType,NOT_DOCUMENTED,NOT_DOCUMENTED,source_timestamp,source_timestamp,SOURCE_METADATA,Typed adapter normalization where an existing adapter declares this field; otherwise preserve exact structural path.,Preserve as provider timestamp; do not overwrite platform audit time.,No platform history inferred.,Shared Factory 360 server projection or not consumed,Same shared server projection; no provider client,CANONICAL_VERSION_ONLY,STRUCTURALLY_DOCUMENTED,FACTORY_360_API_FIELD_INVENTORY.csv
F360-XPC-MAP-0048,INSP-API-003,Inspection API,response,$.user.ndb_last_ops_at,NoneType,NOT_DOCUMENTED,NOT_DOCUMENTED,source_timestamp,source_timestamp,SOURCE_METADATA,Typed adapter normalization where an existing adapter declares this field; otherwise preserve exact structural path.,Preserve as provider timestamp; do not overwrite platform audit time.,No platform history inferred.,Shared Factory 360 server projection or not consumed,Same shared server projection; no provider client,CANONICAL_VERSION_ONLY,STRUCTURALLY_DOCUMENTED,FACTORY_360_API_FIELD_INVENTORY.csv
F360-XPC-MAP-0049,INSP-API-004,Inspection API,request,email,text,NOT_DOCUMENTED,NOT_DOCUMENTED,restricted_identity_snapshot,restricted_identity_snapshot,SENSITIVE_RESTRICTED,Typed adapter normalization where an existing adapter declares this field; otherwise preserve exact structural path.,Permission-filtered only; no offline inclusion without policy proof.,No platform history inferred.,Shared Factory 360 server projection or not consumed,Same shared server projection; no provider client,EXCLUDED_PENDING_POLICY,STRUCTURALLY_DOCUMENTED,FACTORY_360_API_FIELD_INVENTORY.csv
F360-XPC-MAP-0050,INSP-API-004,Inspection API,response,$.success,bool,NOT_DOCUMENTED,NOT_DOCUMENTED,provider_raw_snapshot,provider_raw_snapshot,RAW_SNAPSHOT_ONLY,Typed adapter normalization where an existing adapter declares this field; otherwise preserve exact structural path.,No canonical persistence is inferred beyond the verified structural snapshot.,No platform history inferred.,Shared Factory 360 server projection or not consumed,Same shared server projection; no provider client,CANONICAL_VERSION_ONLY,STRUCTURALLY_DOCUMENTED,FACTORY_360_API_FIELD_INVENTORY.csv
F360-XPC-MAP-0051,INSP-API-004,Inspection API,response,$.message,str,NOT_DOCUMENTED,NOT_DOCUMENTED,provider_raw_snapshot,provider_raw_snapshot,RAW_SNAPSHOT_ONLY,Typed adapter normalization where an existing adapter declares this field; otherwise preserve exact structural path.,No canonical persistence is inferred beyond the verified structural snapshot.,No platform history inferred.,Shared Factory 360 server projection or not consumed,Same shared server projection; no provider client,CANONICAL_VERSION_ONLY,STRUCTURALLY_DOCUMENTED,FACTORY_360_API_FIELD_INVENTORY.csv
F360-XPC-MAP-0052,INSP-API-005,Inspection API,request,email,text,NOT_DOCUMENTED,NOT_DOCUMENTED,restricted_identity_snapshot,restricted_identity_snapshot,SENSITIVE_RESTRICTED,Typed adapter normalization where an existing adapter declares this field; otherwise preserve exact structural path.,Permission-filtered only; no offline inclusion without policy proof.,No platform history inferred.,Shared Factory 360 server projection or not consumed,Same shared server projection; no provider client,EXCLUDED_PENDING_POLICY,STRUCTURALLY_DOCUMENTED,FACTORY_360_API_FIELD_INVENTORY.csv
F360-XPC-MAP-0053,INSP-API-005,Inspection API,request,code,text,NOT_DOCUMENTED,NOT_DOCUMENTED,none,none,TRANSIENT_REQUEST_ONLY,Typed adapter normalization where an existing adapter declares this field; otherwise preserve exact structural path.,Validated only at the server-side request boundary.,No platform history inferred.,Shared Factory 360 server projection or not consumed,Same shared server projection; no provider client,NOT_APPLICABLE,STRUCTURALLY_DOCUMENTED,FACTORY_360_API_FIELD_INVENTORY.csv
F360-XPC-MAP-0054,INSP-API-005,Inspection API,request,password,text,NOT_DOCUMENTED,NOT_DOCUMENTED,none,none,SENSITIVE_RESTRICTED,Typed adapter normalization where an existing adapter declares this field; otherwise preserve exact structural path.,Never persist; credential/session boundary only.,No platform history inferred.,Shared Factory 360 server projection or not consumed,Same shared server projection; no provider client,EXCLUDED_PENDING_POLICY,STRUCTURALLY_DOCUMENTED,FACTORY_360_API_FIELD_INVENTORY.csv
F360-XPC-MAP-0055,INSP-API-005,Inspection API,request,password_confirmation,text,NOT_DOCUMENTED,NOT_DOCUMENTED,none,none,SENSITIVE_RESTRICTED,Typed adapter normalization where an existing adapter declares this field; otherwise preserve exact structural path.,Never persist; credential/session boundary only.,No platform history inferred.,Shared Factory 360 server projection or not consumed,Same shared server projection; no provider client,EXCLUDED_PENDING_POLICY,STRUCTURALLY_DOCUMENTED,FACTORY_360_API_FIELD_INVENTORY.csv
F360-XPC-MAP-0056,INSP-API-005,Inspection API,response,$.success,bool,NOT_DOCUMENTED,NOT_DOCUMENTED,provider_raw_snapshot,provider_raw_snapshot,RAW_SNAPSHOT_ONLY,Typed adapter normalization where an existing adapter declares this field; otherwise preserve exact structural path.,No canonical persistence is inferred beyond the verified structural snapshot.,No platform history inferred.,Shared Factory 360 server projection or not consumed,Same shared server projection; no provider client,CANONICAL_VERSION_ONLY,STRUCTURALLY_DOCUMENTED,FACTORY_360_API_FIELD_INVENTORY.csv
F360-XPC-MAP-0057,INSP-API-005,Inspection API,response,$.message,str,NOT_DOCUMENTED,NOT_DOCUMENTED,provider_raw_snapshot,provider_raw_snapshot,RAW_SNAPSHOT_ONLY,Typed adapter normalization where an existing adapter declares this field; otherwise preserve exact structural path.,No canonical persistence is inferred beyond the verified structural snapshot.,No platform history inferred.,Shared Factory 360 server projection or not consumed,Same shared server projection; no provider client,CANONICAL_VERSION_ONLY,STRUCTURALLY_DOCUMENTED,FACTORY_360_API_FIELD_INVENTORY.csv
F360-XPC-MAP-0058,INSP-API-006,Inspection API,response,$.data,list,NOT_DOCUMENTED,NOT_DOCUMENTED,regulations_or_inspection_items,regulations_or_inspection_items,CANONICAL_FIELD,Typed adapter normalization where an existing adapter declares this field; otherwise preserve exact structural path.,Typed regulation adapter owns the canonical projection.,Provider source/version retained; platform audit is separate.,Shared Factory 360 server projection or not consumed,Same shared server projection; no provider client,CANONICAL_VERSION_ONLY,STRUCTURALLY_DOCUMENTED,FACTORY_360_API_FIELD_INVENTORY.csv
F360-XPC-MAP-0059,INSP-API-006,Inspection API,response,$.data[].id,str,NOT_DOCUMENTED,NOT_DOCUMENTED,external_id,external_id,SOURCE_METADATA,Typed adapter normalization where an existing adapter declares this field; otherwise preserve exact structural path.,Retain provider ID with source and version metadata.,No platform history inferred.,Shared Factory 360 server projection or not consumed,Same shared server projection; no provider client,CANONICAL_VERSION_ONLY,STRUCTURALLY_DOCUMENTED,FACTORY_360_API_FIELD_INVENTORY.csv
F360-XPC-MAP-0060,INSP-API-006,Inspection API,response,$.data[].name,str,NOT_DOCUMENTED,NOT_DOCUMENTED,regulations_or_inspection_items,regulations_or_inspection_items,CANONICAL_FIELD,Typed adapter normalization where an existing adapter declares this field; otherwise preserve exact structural path.,Typed regulation adapter owns the canonical projection.,Provider source/version retained; platform audit is separate.,Shared Factory 360 server projection or not consumed,Same shared server projection; no provider client,CANONICAL_VERSION_ONLY,STRUCTURALLY_DOCUMENTED,FACTORY_360_API_FIELD_INVENTORY.csv
F360-XPC-MAP-0061,INSP-API-006,Inspection API,response,$.data[].number,str,NOT_DOCUMENTED,NOT_DOCUMENTED,regulations_or_inspection_items,regulations_or_inspection_items,CANONICAL_FIELD,Typed adapter normalization where an existing adapter declares this field; otherwise preserve exact structural path.,Typed regulation adapter owns the canonical projection.,Provider source/version retained; platform audit is separate.,Shared Factory 360 server projection or not consumed,Same shared server projection; no provider client,CANONICAL_VERSION_ONLY,STRUCTURALLY_DOCUMENTED,FACTORY_360_API_FIELD_INVENTORY.csv
F360-XPC-MAP-0062,INSP-API-006,Inspection API,response,$.data[].issue_date,str,NOT_DOCUMENTED,NOT_DOCUMENTED,regulations_or_inspection_items,regulations_or_inspection_items,CANONICAL_FIELD,Typed adapter normalization where an existing adapter declares this field; otherwise preserve exact structural path.,Typed regulation adapter owns the canonical projection.,Provider source/version retained; platform audit is separate.,Shared Factory 360 server projection or not consumed,Same shared server projection; no provider client,CANONICAL_VERSION_ONLY,STRUCTURALLY_DOCUMENTED,FACTORY_360_API_FIELD_INVENTORY.csv
F360-XPC-MAP-0063,INSP-API-006,Inspection API,response,$.data[].status,bool,NOT_DOCUMENTED,NOT_DOCUMENTED,regulations_or_inspection_items,regulations_or_inspection_items,CANONICAL_FIELD,Typed adapter normalization where an existing adapter declares this field; otherwise preserve exact structural path.,Typed regulation adapter owns the canonical projection.,Provider source/version retained; platform audit is separate.,Shared Factory 360 server projection or not consumed,Same shared server projection; no provider client,CANONICAL_VERSION_ONLY,STRUCTURALLY_DOCUMENTED,FACTORY_360_API_FIELD_INVENTORY.csv
F360-XPC-MAP-0064,INSP-API-006,Inspection API,response,$.data[].issuing_authorities,list,NOT_DOCUMENTED,NOT_DOCUMENTED,regulations_or_inspection_items,regulations_or_inspection_items,CANONICAL_FIELD,Typed adapter normalization where an existing adapter declares this field; otherwise preserve exact structural path.,Typed regulation adapter owns the canonical projection.,Provider source/version retained; platform audit is separate.,Shared Factory 360 server projection or not consumed,Same shared server projection; no provider client,CANONICAL_VERSION_ONLY,STRUCTURALLY_DOCUMENTED,FACTORY_360_API_FIELD_INVENTORY.csv
F360-XPC-MAP-0065,INSP-API-006,Inspection API,response,$.data[].issuing_authorities[].value,str,NOT_DOCUMENTED,NOT_DOCUMENTED,regulations_or_inspection_items,regulations_or_inspection_items,CANONICAL_FIELD,Typed adapter normalization where an existing adapter declares this field; otherwise preserve exact structural path.,Typed regulation adapter owns the canonical projection.,Provider source/version retained; platform audit is separate.,Shared Factory 360 server projection or not consumed,Same shared server projection; no provider client,CANONICAL_VERSION_ONLY,STRUCTURALLY_DOCUMENTED,FACTORY_360_API_FIELD_INVENTORY.csv
F360-XPC-MAP-0066,INSP-API-006,Inspection API,response,$.data[].issuing_authorities[].label,str,NOT_DOCUMENTED,NOT_DOCUMENTED,regulations_or_inspection_items,regulations_or_inspection_items,CANONICAL_FIELD,Typed adapter normalization where an existing adapter declares this field; otherwise preserve exact structural path.,Typed regulation adapter owns the canonical projection.,Provider source/version retained; platform audit is separate.,Shared Factory 360 server projection or not consumed,Same shared server projection; no provider client,CANONICAL_VERSION_ONLY,STRUCTURALLY_DOCUMENTED,FACTORY_360_API_FIELD_INVENTORY.csv
F360-XPC-MAP-0067,INSP-API-006,Inspection API,response,$.data[].documents,list,NOT_DOCUMENTED,NOT_DOCUMENTED,regulations_or_inspection_items,regulations_or_inspection_items,CANONICAL_FIELD,Typed adapter normalization where an existing adapter declares this field; otherwise preserve exact structural path.,Typed regulation adapter owns the canonical projection.,Provider source/version retained; platform audit is separate.,Shared Factory 360 server projection or not consumed,Same shared server projection; no provider client,CANONICAL_VERSION_ONLY,STRUCTURALLY_DOCUMENTED,FACTORY_360_API_FIELD_INVENTORY.csv
F360-XPC-MAP-0068,INSP-API-006,Inspection API,response,$.data[].items,list,NOT_DOCUMENTED,NOT_DOCUMENTED,regulations_or_inspection_items,regulations_or_inspection_items,CANONICAL_FIELD,Typed adapter normalization where an existing adapter declares this field; otherwise preserve exact structural path.,Typed regulation adapter owns the canonical projection.,Provider source/version retained; platform audit is separate.,Shared Factory 360 server projection or not consumed,Same shared server projection; no provider client,CANONICAL_VERSION_ONLY,STRUCTURALLY_DOCUMENTED,FACTORY_360_API_FIELD_INVENTORY.csv
F360-XPC-MAP-0069,INSP-API-006,Inspection API,response,$.data[].items[].id,str,NOT_DOCUMENTED,NOT_DOCUMENTED,external_id,external_id,SOURCE_METADATA,Typed adapter normalization where an existing adapter declares this field; otherwise preserve exact structural path.,Retain provider ID with source and version metadata.,No platform history inferred.,Shared Factory 360 server projection or not consumed,Same shared server projection; no provider client,CANONICAL_VERSION_ONLY,STRUCTURALLY_DOCUMENTED,FACTORY_360_API_FIELD_INVENTORY.csv
F360-XPC-MAP-0070,INSP-API-006,Inspection API,response,$.data[].items[].type,dict,NOT_DOCUMENTED,NOT_DOCUMENTED,regulations_or_inspection_items,regulations_or_inspection_items,CANONICAL_FIELD,Typed adapter normalization where an existing adapter declares this field; otherwise preserve exact structural path.,Typed regulation adapter owns the canonical projection.,Provider source/version retained; platform audit is separate.,Shared Factory 360 server projection or not consumed,Same shared server projection; no provider client,CANONICAL_VERSION_ONLY,STRUCTURALLY_DOCUMENTED,FACTORY_360_API_FIELD_INVENTORY.csv
F360-XPC-MAP-0071,INSP-API-006,Inspection API,response,$.data[].items[].type.value,str,NOT_DOCUMENTED,NOT_DOCUMENTED,regulations_or_inspection_items,regulations_or_inspection_items,CANONICAL_FIELD,Typed adapter normalization where an existing adapter declares this field; otherwise preserve exact structural path.,Typed regulation adapter owns the canonical projection.,Provider source/version retained; platform audit is separate.,Shared Factory 360 server projection or not consumed,Same shared server projection; no provider client,CANONICAL_VERSION_ONLY,STRUCTURALLY_DOCUMENTED,FACTORY_360_API_FIELD_INVENTORY.csv
F360-XPC-MAP-0072,INSP-API-006,Inspection API,response,$.data[].items[].type.label,str,NOT_DOCUMENTED,NOT_DOCUMENTED,regulations_or_inspection_items,regulations_or_inspection_items,CANONICAL_FIELD,Typed adapter normalization where an existing adapter declares this field; otherwise preserve exact structural path.,Typed regulation adapter owns the canonical projection.,Provider source/version retained; platform audit is separate.,Shared Factory 360 server projection or not consumed,Same shared server projection; no provider client,CANONICAL_VERSION_ONLY,STRUCTURALLY_DOCUMENTED,FACTORY_360_API_FIELD_INVENTORY.csv
F360-XPC-MAP-0073,INSP-API-006,Inspection API,response,$.data[].items[].entity_notification,bool,NOT_DOCUMENTED,NOT_DOCUMENTED,regulations_or_inspection_items,regulations_or_inspection_items,CANONICAL_FIELD,Typed adapter normalization where an existing adapter declares this field; otherwise preserve exact structural path.,Typed regulation adapter owns the canonical projection.,Provider source/version retained; platform audit is separate.,Shared Factory 360 server projection or not consumed,Same shared server projection; no provider client,CANONICAL_VERSION_ONLY,STRUCTURALLY_DOCUMENTED,FACTORY_360_API_FIELD_INVENTORY.csv
F360-XPC-MAP-0074,INSP-API-006,Inspection API,response,$.data[].items[].geographical_location,str,NOT_DOCUMENTED,NOT_DOCUMENTED,regulations_or_inspection_items,regulations_or_inspection_items,CANONICAL_FIELD,Typed adapter normalization where an existing adapter declares this field; otherwise preserve exact structural path.,Typed regulation adapter owns the canonical projection.,Provider source/version retained; platform audit is separate.,Shared Factory 360 server projection or not consumed,Same shared server projection; no provider client,CANONICAL_VERSION_ONLY,STRUCTURALLY_DOCUMENTED,FACTORY_360_API_FIELD_INVENTORY.csv
F360-XPC-MAP-0075,INSP-API-006,Inspection API,response,$.data[].items[].administrative_name,dict,NOT_DOCUMENTED,NOT_DOCUMENTED,regulations_or_inspection_items,regulations_or_inspection_items,CANONICAL_FIELD,Typed adapter normalization where an existing adapter declares this field; otherwise preserve exact structural path.,Typed regulation adapter owns the canonical projection.,Provider source/version retained; platform audit is separate.,Shared Factory 360 server projection or not consumed,Same shared server projection; no provider client,CANONICAL_VERSION_ONLY,STRUCTURALLY_DOCUMENTED,FACTORY_360_API_FIELD_INVENTORY.csv
F360-XPC-MAP-0076,INSP-API-006,Inspection API,response,$.data[].items[].administrative_name.value,str,NOT_DOCUMENTED,NOT_DOCUMENTED,regulations_or_inspection_items,regulations_or_inspection_items,CANONICAL_FIELD,Typed adapter normalization where an existing adapter declares this field; otherwise preserve exact structural path.,Typed regulation adapter owns the canonical projection.,Provider source/version retained; platform audit is separate.,Shared Factory 360 server projection or not consumed,Same shared server projection; no provider client,CANONICAL_VERSION_ONLY,STRUCTURALLY_DOCUMENTED,FACTORY_360_API_FIELD_INVENTORY.csv
F360-XPC-MAP-0077,INSP-API-006,Inspection API,response,$.data[].items[].administrative_name.label,str,NOT_DOCUMENTED,NOT_DOCUMENTED,regulations_or_inspection_items,regulations_or_inspection_items,CANONICAL_FIELD,Typed adapter normalization where an existing adapter declares this field; otherwise preserve exact structural path.,Typed regulation adapter owns the canonical projection.,Provider source/version retained; platform audit is separate.,Shared Factory 360 server projection or not consumed,Same shared server projection; no provider client,CANONICAL_VERSION_ONLY,STRUCTURALLY_DOCUMENTED,FACTORY_360_API_FIELD_INVENTORY.csv
F360-XPC-MAP-0078,INSP-API-006,Inspection API,response,$.data[].items[].name,str,NOT_DOCUMENTED,NOT_DOCUMENTED,regulations_or_inspection_items,regulations_or_inspection_items,CANONICAL_FIELD,Typed adapter normalization where an existing adapter declares this field; otherwise preserve exact structural path.,Typed regulation adapter owns the canonical projection.,Provider source/version retained; platform audit is separate.,Shared Factory 360 server projection or not consumed,Same shared server projection; no provider client,CANONICAL_VERSION_ONLY,STRUCTURALLY_DOCUMENTED,FACTORY_360_API_FIELD_INVENTORY.csv
F360-XPC-MAP-0079,INSP-API-006,Inspection API,response,$.data[].items[].appeared_in_self_assessment,bool,NOT_DOCUMENTED,NOT_DOCUMENTED,regulations_or_inspection_items,regulations_or_inspection_items,CANONICAL_FIELD,Typed adapter normalization where an existing adapter declares this field; otherwise preserve exact structural path.,Typed regulation adapter owns the canonical projection.,Provider source/version retained; platform audit is separate.,Shared Factory 360 server projection or not consumed,Same shared server projection; no provider client,CANONICAL_VERSION_ONLY,STRUCTURALLY_DOCUMENTED,FACTORY_360_API_FIELD_INVENTORY.csv
F360-XPC-MAP-0080,INSP-API-006,Inspection API,response,$.data[].items[].report_kind,dict,NOT_DOCUMENTED,NOT_DOCUMENTED,regulations_or_inspection_items,regulations_or_inspection_items,CANONICAL_FIELD,Typed adapter normalization where an existing adapter declares this field; otherwise preserve exact structural path.,Typed regulation adapter owns the canonical projection.,Provider source/version retained; platform audit is separate.,Shared Factory 360 server projection or not consumed,Same shared server projection; no provider client,CANONICAL_VERSION_ONLY,STRUCTURALLY_DOCUMENTED,FACTORY_360_API_FIELD_INVENTORY.csv
F360-XPC-MAP-0081,INSP-API-006,Inspection API,response,$.data[].items[].report_kind.value,str,NOT_DOCUMENTED,NOT_DOCUMENTED,regulations_or_inspection_items,regulations_or_inspection_items,CANONICAL_FIELD,Typed adapter normalization where an existing adapter declares this field; otherwise preserve exact structural path.,Typed regulation adapter owns the canonical projection.,Provider source/version retained; platform audit is separate.,Shared Factory 360 server projection or not consumed,Same shared server projection; no provider client,CANONICAL_VERSION_ONLY,STRUCTURALLY_DOCUMENTED,FACTORY_360_API_FIELD_INVENTORY.csv
F360-XPC-MAP-0082,INSP-API-006,Inspection API,response,$.data[].items[].report_kind.label,str,NOT_DOCUMENTED,NOT_DOCUMENTED,regulations_or_inspection_items,regulations_or_inspection_items,CANONICAL_FIELD,Typed adapter normalization where an existing adapter declares this field; otherwise preserve exact structural path.,Typed regulation adapter owns the canonical projection.,Provider source/version retained; platform audit is separate.,Shared Factory 360 server projection or not consumed,Same shared server projection; no provider client,CANONICAL_VERSION_ONLY,STRUCTURALLY_DOCUMENTED,FACTORY_360_API_FIELD_INVENTORY.csv
F360-XPC-MAP-0083,INSP-API-006,Inspection API,response,$.data[].items[].description,str,NOT_DOCUMENTED,NOT_DOCUMENTED,regulations_or_inspection_items,regulations_or_inspection_items,CANONICAL_FIELD,Typed adapter normalization where an existing adapter declares this field; otherwise preserve exact structural path.,Typed regulation adapter owns the canonical projection.,Provider source/version retained; platform audit is separate.,Shared Factory 360 server projection or not consumed,Same shared server projection; no provider client,CANONICAL_VERSION_ONLY,STRUCTURALLY_DOCUMENTED,FACTORY_360_API_FIELD_INVENTORY.csv
F360-XPC-MAP-0084,INSP-API-006,Inspection API,response,$.data[].items[].approval_option,dict,NOT_DOCUMENTED,NOT_DOCUMENTED,regulations_or_inspection_items,regulations_or_inspection_items,CANONICAL_FIELD,Typed adapter normalization where an existing adapter declares this field; otherwise preserve exact structural path.,Typed regulation adapter owns the canonical projection.,Provider source/version retained; platform audit is separate.,Shared Factory 360 server projection or not consumed,Same shared server projection; no provider client,CANONICAL_VERSION_ONLY,STRUCTURALLY_DOCUMENTED,FACTORY_360_API_FIELD_INVENTORY.csv
F360-XPC-MAP-0085,INSP-API-006,Inspection API,response,$.data[].items[].approval_option.value,str,NOT_DOCUMENTED,NOT_DOCUMENTED,regulations_or_inspection_items,regulations_or_inspection_items,CANONICAL_FIELD,Typed adapter normalization where an existing adapter declares this field; otherwise preserve exact structural path.,Typed regulation adapter owns the canonical projection.,Provider source/version retained; platform audit is separate.,Shared Factory 360 server projection or not consumed,Same shared server projection; no provider client,CANONICAL_VERSION_ONLY,STRUCTURALLY_DOCUMENTED,FACTORY_360_API_FIELD_INVENTORY.csv
F360-XPC-MAP-0086,INSP-API-006,Inspection API,response,$.data[].items[].approval_option.label,str,NOT_DOCUMENTED,NOT_DOCUMENTED,regulations_or_inspection_items,regulations_or_inspection_items,CANONICAL_FIELD,Typed adapter normalization where an existing adapter declares this field; otherwise preserve exact structural path.,Typed regulation adapter owns the canonical projection.,Provider source/version retained; platform audit is separate.,Shared Factory 360 server projection or not consumed,Same shared server projection; no provider client,CANONICAL_VERSION_ONLY,STRUCTURALLY_DOCUMENTED,FACTORY_360_API_FIELD_INVENTORY.csv
F360-XPC-MAP-0087,INSP-API-006,Inspection API,response,$.data[].items[].rejection_option,dict,NOT_DOCUMENTED,NOT_DOCUMENTED,regulations_or_inspection_items,regulations_or_inspection_items,CANONICAL_FIELD,Typed adapter normalization where an existing adapter declares this field; otherwise preserve exact structural path.,Typed regulation adapter owns the canonical projection.,Provider source/version retained; platform audit is separate.,Shared Factory 360 server projection or not consumed,Same shared server projection; no provider client,CANONICAL_VERSION_ONLY,STRUCTURALLY_DOCUMENTED,FACTORY_360_API_FIELD_INVENTORY.csv
F360-XPC-MAP-0088,INSP-API-006,Inspection API,response,$.data[].items[].rejection_option.value,str,NOT_DOCUMENTED,NOT_DOCUMENTED,regulations_or_inspection_items,regulations_or_inspection_items,CANONICAL_FIELD,Typed adapter normalization where an existing adapter declares this field; otherwise preserve exact structural path.,Typed regulation adapter owns the canonical projection.,Provider source/version retained; platform audit is separate.,Shared Factory 360 server projection or not consumed,Same shared server projection; no provider client,CANONICAL_VERSION_ONLY,STRUCTURALLY_DOCUMENTED,FACTORY_360_API_FIELD_INVENTORY.csv
F360-XPC-MAP-0089,INSP-API-006,Inspection API,response,$.data[].items[].rejection_option.label,str,NOT_DOCUMENTED,NOT_DOCUMENTED,regulations_or_inspection_items,regulations_or_inspection_items,CANONICAL_FIELD,Typed adapter normalization where an existing adapter declares this field; otherwise preserve exact structural path.,Typed regulation adapter owns the canonical projection.,Provider source/version retained; platform audit is separate.,Shared Factory 360 server projection or not consumed,Same shared server projection; no provider client,CANONICAL_VERSION_ONLY,STRUCTURALLY_DOCUMENTED,FACTORY_360_API_FIELD_INVENTORY.csv
F360-XPC-MAP-0090,INSP-API-006,Inspection API,response,$.data[].items[].status,dict,NOT_DOCUMENTED,NOT_DOCUMENTED,regulations_or_inspection_items,regulations_or_inspection_items,CANONICAL_FIELD,Typed adapter normalization where an existing adapter declares this field; otherwise preserve exact structural path.,Typed regulation adapter owns the canonical projection.,Provider source/version retained; platform audit is separate.,Shared Factory 360 server projection or not consumed,Same shared server projection; no provider client,CANONICAL_VERSION_ONLY,STRUCTURALLY_DOCUMENTED,FACTORY_360_API_FIELD_INVENTORY.csv
F360-XPC-MAP-0091,INSP-API-006,Inspection API,response,$.data[].items[].status.value,str,NOT_DOCUMENTED,NOT_DOCUMENTED,regulations_or_inspection_items,regulations_or_inspection_items,CANONICAL_FIELD,Typed adapter normalization where an existing adapter declares this field; otherwise preserve exact structural path.,Typed regulation adapter owns the canonical projection.,Provider source/version retained; platform audit is separate.,Shared Factory 360 server projection or not consumed,Same shared server projection; no provider client,CANONICAL_VERSION_ONLY,STRUCTURALLY_DOCUMENTED,FACTORY_360_API_FIELD_INVENTORY.csv
F360-XPC-MAP-0092,INSP-API-006,Inspection API,response,$.data[].items[].status.label,str,NOT_DOCUMENTED,NOT_DOCUMENTED,regulations_or_inspection_items,regulations_or_inspection_items,CANONICAL_FIELD,Typed adapter normalization where an existing adapter declares this field; otherwise preserve exact structural path.,Typed regulation adapter owns the canonical projection.,Provider source/version retained; platform audit is separate.,Shared Factory 360 server projection or not consumed,Same shared server projection; no provider client,CANONICAL_VERSION_ONLY,STRUCTURALLY_DOCUMENTED,FACTORY_360_API_FIELD_INVENTORY.csv
F360-XPC-MAP-0093,INSP-API-006,Inspection API,response,$.data[].items[].attachment_mode,dict,NOT_DOCUMENTED,NOT_DOCUMENTED,regulations_or_inspection_items,regulations_or_inspection_items,CANONICAL_FIELD,Typed adapter normalization where an existing adapter declares this field; otherwise preserve exact structural path.,Typed regulation adapter owns the canonical projection.,Provider source/version retained; platform audit is separate.,Shared Factory 360 server projection or not consumed,Same shared server projection; no provider client,CANONICAL_VERSION_ONLY,STRUCTURALLY_DOCUMENTED,FACTORY_360_API_FIELD_INVENTORY.csv
F360-XPC-MAP-0094,INSP-API-006,Inspection API,response,$.data[].items[].attachment_mode.value,str,NOT_DOCUMENTED,NOT_DOCUMENTED,regulations_or_inspection_items,regulations_or_inspection_items,CANONICAL_FIELD,Typed adapter normalization where an existing adapter declares this field; otherwise preserve exact structural path.,Typed regulation adapter owns the canonical projection.,Provider source/version retained; platform audit is separate.,Shared Factory 360 server projection or not consumed,Same shared server projection; no provider client,CANONICAL_VERSION_ONLY,STRUCTURALLY_DOCUMENTED,FACTORY_360_API_FIELD_INVENTORY.csv
F360-XPC-MAP-0095,INSP-API-006,Inspection API,response,$.data[].items[].attachment_mode.label,str,NOT_DOCUMENTED,NOT_DOCUMENTED,regulations_or_inspection_items,regulations_or_inspection_items,CANONICAL_FIELD,Typed adapter normalization where an existing adapter declares this field; otherwise preserve exact structural path.,Typed regulation adapter owns the canonical projection.,Provider source/version retained; platform audit is separate.,Shared Factory 360 server projection or not consumed,Same shared server projection; no provider client,CANONICAL_VERSION_ONLY,STRUCTURALLY_DOCUMENTED,FACTORY_360_API_FIELD_INVENTORY.csv
F360-XPC-MAP-0096,INSP-API-006,Inspection API,response,$.data[].items[].is_mandatory_for_inspector,bool,NOT_DOCUMENTED,NOT_DOCUMENTED,regulations_or_inspection_items,regulations_or_inspection_items,CANONICAL_FIELD,Typed adapter normalization where an existing adapter declares this field; otherwise preserve exact structural path.,Typed regulation adapter owns the canonical projection.,Provider source/version retained; platform audit is separate.,Shared Factory 360 server projection or not consumed,Same shared server projection; no provider client,CANONICAL_VERSION_ONLY,STRUCTURALLY_DOCUMENTED,FACTORY_360_API_FIELD_INVENTORY.csv
F360-XPC-MAP-0097,INSP-API-006,Inspection API,response,$.data[].items[].report_types,list,NOT_DOCUMENTED,NOT_DOCUMENTED,regulations_or_inspection_items,regulations_or_inspection_items,CANONICAL_FIELD,Typed adapter normalization where an existing adapter declares this field; otherwise preserve exact structural path.,Typed regulation adapter owns the canonical projection.,Provider source/version retained; platform audit is separate.,Shared Factory 360 server projection or not consumed,Same shared server projection; no provider client,CANONICAL_VERSION_ONLY,STRUCTURALLY_DOCUMENTED,FACTORY_360_API_FIELD_INVENTORY.csv
F360-XPC-MAP-0098,INSP-API-006,Inspection API,response,$.data[].items[].report_types[].value,str,NOT_DOCUMENTED,NOT_DOCUMENTED,regulations_or_inspection_items,regulations_or_inspection_items,CANONICAL_FIELD,Typed adapter normalization where an existing adapter declares this field; otherwise preserve exact structural path.,Typed regulation adapter owns the canonical projection.,Provider source/version retained; platform audit is separate.,Shared Factory 360 server projection or not consumed,Same shared server projection; no provider client,CANONICAL_VERSION_ONLY,STRUCTURALLY_DOCUMENTED,FACTORY_360_API_FIELD_INVENTORY.csv
F360-XPC-MAP-0099,INSP-API-006,Inspection API,response,$.data[].items[].report_types[].label,str,NOT_DOCUMENTED,NOT_DOCUMENTED,regulations_or_inspection_items,regulations_or_inspection_items,CANONICAL_FIELD,Typed adapter normalization where an existing adapter declares this field; otherwise preserve exact structural path.,Typed regulation adapter owns the canonical projection.,Provider source/version retained; platform audit is separate.,Shared Factory 360 server projection or not consumed,Same shared server projection; no provider client,CANONICAL_VERSION_ONLY,STRUCTURALLY_DOCUMENTED,FACTORY_360_API_FIELD_INVENTORY.csv
F360-XPC-MAP-0100,INSP-API-006,Inspection API,response,$.data[].items[].associated_reports,list,NOT_DOCUMENTED,NOT_DOCUMENTED,regulations_or_inspection_items,regulations_or_inspection_items,CANONICAL_FIELD,Typed adapter normalization where an existing adapter declares this field; otherwise preserve exact structural path.,Typed regulation adapter owns the canonical projection.,Provider source/version retained; platform audit is separate.,Shared Factory 360 server projection or not consumed,Same shared server projection; no provider client,CANONICAL_VERSION_ONLY,STRUCTURALLY_DOCUMENTED,FACTORY_360_API_FIELD_INVENTORY.csv
F360-XPC-MAP-0101,INSP-API-006,Inspection API,response,$.data[].items[].associated_reports[].value,str,NOT_DOCUMENTED,NOT_DOCUMENTED,regulations_or_inspection_items,regulations_or_inspection_items,CANONICAL_FIELD,Typed adapter normalization where an existing adapter declares this field; otherwise preserve exact structural path.,Typed regulation adapter owns the canonical projection.,Provider source/version retained; platform audit is separate.,Shared Factory 360 server projection or not consumed,Same shared server projection; no provider client,CANONICAL_VERSION_ONLY,STRUCTURALLY_DOCUMENTED,FACTORY_360_API_FIELD_INVENTORY.csv
F360-XPC-MAP-0102,INSP-API-006,Inspection API,response,$.data[].items[].associated_reports[].label,str,NOT_DOCUMENTED,NOT_DOCUMENTED,regulations_or_inspection_items,regulations_or_inspection_items,CANONICAL_FIELD,Typed adapter normalization where an existing adapter declares this field; otherwise preserve exact structural path.,Typed regulation adapter owns the canonical projection.,Provider source/version retained; platform audit is separate.,Shared Factory 360 server projection or not consumed,Same shared server projection; no provider client,CANONICAL_VERSION_ONLY,STRUCTURALLY_DOCUMENTED,FACTORY_360_API_FIELD_INVENTORY.csv
F360-XPC-MAP-0103,INSP-API-006,Inspection API,response,$.data[].items[].violations,list,NOT_DOCUMENTED,NOT_DOCUMENTED,regulations_or_inspection_items,regulations_or_inspection_items,CANONICAL_FIELD,Typed adapter normalization where an existing adapter declares this field; otherwise preserve exact structural path.,Typed regulation adapter owns the canonical projection.,Provider source/version retained; platform audit is separate.,Shared Factory 360 server projection or not consumed,Same shared server projection; no provider client,CANONICAL_VERSION_ONLY,STRUCTURALLY_DOCUMENTED,FACTORY_360_API_FIELD_INVENTORY.csv
F360-XPC-MAP-0104,INSP-API-006,Inspection API,response,$.data[].items[].created_at,str,NOT_DOCUMENTED,NOT_DOCUMENTED,source_timestamp,source_timestamp,SOURCE_METADATA,Typed adapter normalization where an existing adapter declares this field; otherwise preserve exact structural path.,Preserve as provider timestamp; do not overwrite platform audit time.,No platform history inferred.,Shared Factory 360 server projection or not consumed,Same shared server projection; no provider client,CANONICAL_VERSION_ONLY,STRUCTURALLY_DOCUMENTED,FACTORY_360_API_FIELD_INVENTORY.csv
F360-XPC-MAP-0105,INSP-API-006,Inspection API,response,$.data[].created_at,str,NOT_DOCUMENTED,NOT_DOCUMENTED,source_timestamp,source_timestamp,SOURCE_METADATA,Typed adapter normalization where an existing adapter declares this field; otherwise preserve exact structural path.,Preserve as provider timestamp; do not overwrite platform audit time.,No platform history inferred.,Shared Factory 360 server projection or not consumed,Same shared server projection; no provider client,CANONICAL_VERSION_ONLY,STRUCTURALLY_DOCUMENTED,FACTORY_360_API_FIELD_INVENTORY.csv
F360-XPC-MAP-0106,INSP-API-007,Inspection API,response,$.data,dict,NOT_DOCUMENTED,NOT_DOCUMENTED,regulations_or_inspection_items,regulations_or_inspection_items,CANONICAL_FIELD,Typed adapter normalization where an existing adapter declares this field; otherwise preserve exact structural path.,Typed regulation adapter owns the canonical projection.,Provider source/version retained; platform audit is separate.,Shared Factory 360 server projection or not consumed,Same shared server projection; no provider client,CANONICAL_VERSION_ONLY,STRUCTURALLY_DOCUMENTED,FACTORY_360_API_FIELD_INVENTORY.csv
F360-XPC-MAP-0107,INSP-API-007,Inspection API,response,$.data.id,str,NOT_DOCUMENTED,NOT_DOCUMENTED,external_id,external_id,SOURCE_METADATA,Typed adapter normalization where an existing adapter declares this field; otherwise preserve exact structural path.,Retain provider ID with source and version metadata.,No platform history inferred.,Shared Factory 360 server projection or not consumed,Same shared server projection; no provider client,CANONICAL_VERSION_ONLY,STRUCTURALLY_DOCUMENTED,FACTORY_360_API_FIELD_INVENTORY.csv
F360-XPC-MAP-0108,INSP-API-007,Inspection API,response,$.data.name,str,NOT_DOCUMENTED,NOT_DOCUMENTED,regulations_or_inspection_items,regulations_or_inspection_items,CANONICAL_FIELD,Typed adapter normalization where an existing adapter declares this field; otherwise preserve exact structural path.,Typed regulation adapter owns the canonical projection.,Provider source/version retained; platform audit is separate.,Shared Factory 360 server projection or not consumed,Same shared server projection; no provider client,CANONICAL_VERSION_ONLY,STRUCTURALLY_DOCUMENTED,FACTORY_360_API_FIELD_INVENTORY.csv
F360-XPC-MAP-0109,INSP-API-007,Inspection API,response,$.data.number,str,NOT_DOCUMENTED,NOT_DOCUMENTED,regulations_or_inspection_items,regulations_or_inspection_items,CANONICAL_FIELD,Typed adapter normalization where an existing adapter declares this field; otherwise preserve exact structural path.,Typed regulation adapter owns the canonical projection.,Provider source/version retained; platform audit is separate.,Shared Factory 360 server projection or not consumed,Same shared server projection; no provider client,CANONICAL_VERSION_ONLY,STRUCTURALLY_DOCUMENTED,FACTORY_360_API_FIELD_INVENTORY.csv
F360-XPC-MAP-0110,INSP-API-007,Inspection API,response,$.data.issue_date,str,NOT_DOCUMENTED,NOT_DOCUMENTED,regulations_or_inspection_items,regulations_or_inspection_items,CANONICAL_FIELD,Typed adapter normalization where an existing adapter declares this field; otherwise preserve exact structural path.,Typed regulation adapter owns the canonical projection.,Provider source/version retained; platform audit is separate.,Shared Factory 360 server projection or not consumed,Same shared server projection; no provider client,CANONICAL_VERSION_ONLY,STRUCTURALLY_DOCUMENTED,FACTORY_360_API_FIELD_INVENTORY.csv
F360-XPC-MAP-0111,INSP-API-007,Inspection API,response,$.data.status,bool,NOT_DOCUMENTED,NOT_DOCUMENTED,regulations_or_inspection_items,regulations_or_inspection_items,CANONICAL_FIELD,Typed adapter normalization where an existing adapter declares this field; otherwise preserve exact structural path.,Typed regulation adapter owns the canonical projection.,Provider source/version retained; platform audit is separate.,Shared Factory 360 server projection or not consumed,Same shared server projection; no provider client,CANONICAL_VERSION_ONLY,STRUCTURALLY_DOCUMENTED,FACTORY_360_API_FIELD_INVENTORY.csv
F360-XPC-MAP-0112,INSP-API-007,Inspection API,response,$.data.issuing_authorities,list,NOT_DOCUMENTED,NOT_DOCUMENTED,regulations_or_inspection_items,regulations_or_inspection_items,CANONICAL_FIELD,Typed adapter normalization where an existing adapter declares this field; otherwise preserve exact structural path.,Typed regulation adapter owns the canonical projection.,Provider source/version retained; platform audit is separate.,Shared Factory 360 server projection or not consumed,Same shared server projection; no provider client,CANONICAL_VERSION_ONLY,STRUCTURALLY_DOCUMENTED,FACTORY_360_API_FIELD_INVENTORY.csv
F360-XPC-MAP-0113,INSP-API-007,Inspection API,response,$.data.issuing_authorities[].value,str,NOT_DOCUMENTED,NOT_DOCUMENTED,regulations_or_inspection_items,regulations_or_inspection_items,CANONICAL_FIELD,Typed adapter normalization where an existing adapter declares this field; otherwise preserve exact structural path.,Typed regulation adapter owns the canonical projection.,Provider source/version retained; platform audit is separate.,Shared Factory 360 server projection or not consumed,Same shared server projection; no provider client,CANONICAL_VERSION_ONLY,STRUCTURALLY_DOCUMENTED,FACTORY_360_API_FIELD_INVENTORY.csv
F360-XPC-MAP-0114,INSP-API-007,Inspection API,response,$.data.issuing_authorities[].label,str,NOT_DOCUMENTED,NOT_DOCUMENTED,regulations_or_inspection_items,regulations_or_inspection_items,CANONICAL_FIELD,Typed adapter normalization where an existing adapter declares this field; otherwise preserve exact structural path.,Typed regulation adapter owns the canonical projection.,Provider source/version retained; platform audit is separate.,Shared Factory 360 server projection or not consumed,Same shared server projection; no provider client,CANONICAL_VERSION_ONLY,STRUCTURALLY_DOCUMENTED,FACTORY_360_API_FIELD_INVENTORY.csv
F360-XPC-MAP-0115,INSP-API-007,Inspection API,response,$.data.documents,list,NOT_DOCUMENTED,NOT_DOCUMENTED,regulations_or_inspection_items,regulations_or_inspection_items,CANONICAL_FIELD,Typed adapter normalization where an existing adapter declares this field; otherwise preserve exact structural path.,Typed regulation adapter owns the canonical projection.,Provider source/version retained; platform audit is separate.,Shared Factory 360 server projection or not consumed,Same shared server projection; no provider client,CANONICAL_VERSION_ONLY,STRUCTURALLY_DOCUMENTED,FACTORY_360_API_FIELD_INVENTORY.csv
F360-XPC-MAP-0116,INSP-API-007,Inspection API,response,$.data.items,list,NOT_DOCUMENTED,NOT_DOCUMENTED,regulations_or_inspection_items,regulations_or_inspection_items,CANONICAL_FIELD,Typed adapter normalization where an existing adapter declares this field; otherwise preserve exact structural path.,Typed regulation adapter owns the canonical projection.,Provider source/version retained; platform audit is separate.,Shared Factory 360 server projection or not consumed,Same shared server projection; no provider client,CANONICAL_VERSION_ONLY,STRUCTURALLY_DOCUMENTED,FACTORY_360_API_FIELD_INVENTORY.csv
F360-XPC-MAP-0117,INSP-API-007,Inspection API,response,$.data.items[].id,str,NOT_DOCUMENTED,NOT_DOCUMENTED,external_id,external_id,SOURCE_METADATA,Typed adapter normalization where an existing adapter declares this field; otherwise preserve exact structural path.,Retain provider ID with source and version metadata.,No platform history inferred.,Shared Factory 360 server projection or not consumed,Same shared server projection; no provider client,CANONICAL_VERSION_ONLY,STRUCTURALLY_DOCUMENTED,FACTORY_360_API_FIELD_INVENTORY.csv
F360-XPC-MAP-0118,INSP-API-007,Inspection API,response,$.data.items[].type,dict,NOT_DOCUMENTED,NOT_DOCUMENTED,regulations_or_inspection_items,regulations_or_inspection_items,CANONICAL_FIELD,Typed adapter normalization where an existing adapter declares this field; otherwise preserve exact structural path.,Typed regulation adapter owns the canonical projection.,Provider source/version retained; platform audit is separate.,Shared Factory 360 server projection or not consumed,Same shared server projection; no provider client,CANONICAL_VERSION_ONLY,STRUCTURALLY_DOCUMENTED,FACTORY_360_API_FIELD_INVENTORY.csv
F360-XPC-MAP-0119,INSP-API-007,Inspection API,response,$.data.items[].type.value,str,NOT_DOCUMENTED,NOT_DOCUMENTED,regulations_or_inspection_items,regulations_or_inspection_items,CANONICAL_FIELD,Typed adapter normalization where an existing adapter declares this field; otherwise preserve exact structural path.,Typed regulation adapter owns the canonical projection.,Provider source/version retained; platform audit is separate.,Shared Factory 360 server projection or not consumed,Same shared server projection; no provider client,CANONICAL_VERSION_ONLY,STRUCTURALLY_DOCUMENTED,FACTORY_360_API_FIELD_INVENTORY.csv
F360-XPC-MAP-0120,INSP-API-007,Inspection API,response,$.data.items[].type.label,str,NOT_DOCUMENTED,NOT_DOCUMENTED,regulations_or_inspection_items,regulations_or_inspection_items,CANONICAL_FIELD,Typed adapter normalization where an existing adapter declares this field; otherwise preserve exact structural path.,Typed regulation adapter owns the canonical projection.,Provider source/version retained; platform audit is separate.,Shared Factory 360 server projection or not consumed,Same shared server projection; no provider client,CANONICAL_VERSION_ONLY,STRUCTURALLY_DOCUMENTED,FACTORY_360_API_FIELD_INVENTORY.csv
F360-XPC-MAP-0121,INSP-API-007,Inspection API,response,$.data.items[].entity_notification,bool,NOT_DOCUMENTED,NOT_DOCUMENTED,regulations_or_inspection_items,regulations_or_inspection_items,CANONICAL_FIELD,Typed adapter normalization where an existing adapter declares this field; otherwise preserve exact structural path.,Typed regulation adapter owns the canonical projection.,Provider source/version retained; platform audit is separate.,Shared Factory 360 server projection or not consumed,Same shared server projection; no provider client,CANONICAL_VERSION_ONLY,STRUCTURALLY_DOCUMENTED,FACTORY_360_API_FIELD_INVENTORY.csv
F360-XPC-MAP-0122,INSP-API-007,Inspection API,response,$.data.items[].geographical_location,str,NOT_DOCUMENTED,NOT_DOCUMENTED,regulations_or_inspection_items,regulations_or_inspection_items,CANONICAL_FIELD,Typed adapter normalization where an existing adapter declares this field; otherwise preserve exact structural path.,Typed regulation adapter owns the canonical projection.,Provider source/version retained; platform audit is separate.,Shared Factory 360 server projection or not consumed,Same shared server projection; no provider client,CANONICAL_VERSION_ONLY,STRUCTURALLY_DOCUMENTED,FACTORY_360_API_FIELD_INVENTORY.csv
F360-XPC-MAP-0123,INSP-API-007,Inspection API,response,$.data.items[].administrative_name,dict,NOT_DOCUMENTED,NOT_DOCUMENTED,regulations_or_inspection_items,regulations_or_inspection_items,CANONICAL_FIELD,Typed adapter normalization where an existing adapter declares this field; otherwise preserve exact structural path.,Typed regulation adapter owns the canonical projection.,Provider source/version retained; platform audit is separate.,Shared Factory 360 server projection or not consumed,Same shared server projection; no provider client,CANONICAL_VERSION_ONLY,STRUCTURALLY_DOCUMENTED,FACTORY_360_API_FIELD_INVENTORY.csv
F360-XPC-MAP-0124,INSP-API-007,Inspection API,response,$.data.items[].administrative_name.value,str,NOT_DOCUMENTED,NOT_DOCUMENTED,regulations_or_inspection_items,regulations_or_inspection_items,CANONICAL_FIELD,Typed adapter normalization where an existing adapter declares this field; otherwise preserve exact structural path.,Typed regulation adapter owns the canonical projection.,Provider source/version retained; platform audit is separate.,Shared Factory 360 server projection or not consumed,Same shared server projection; no provider client,CANONICAL_VERSION_ONLY,STRUCTURALLY_DOCUMENTED,FACTORY_360_API_FIELD_INVENTORY.csv
F360-XPC-MAP-0125,INSP-API-007,Inspection API,response,$.data.items[].administrative_name.label,str,NOT_DOCUMENTED,NOT_DOCUMENTED,regulations_or_inspection_items,regulations_or_inspection_items,CANONICAL_FIELD,Typed adapter normalization where an existing adapter declares this field; otherwise preserve exact structural path.,Typed regulation adapter owns the canonical projection.,Provider source/version retained; platform audit is separate.,Shared Factory 360 server projection or not consumed,Same shared server projection; no provider client,CANONICAL_VERSION_ONLY,STRUCTURALLY_DOCUMENTED,FACTORY_360_API_FIELD_INVENTORY.csv
F360-XPC-MAP-0126,INSP-API-007,Inspection API,response,$.data.items[].name,str,NOT_DOCUMENTED,NOT_DOCUMENTED,regulations_or_inspection_items,regulations_or_inspection_items,CANONICAL_FIELD,Typed adapter normalization where an existing adapter declares this field; otherwise preserve exact structural path.,Typed regulation adapter owns the canonical projection.,Provider source/version retained; platform audit is separate.,Shared Factory 360 server projection or not consumed,Same shared server projection; no provider client,CANONICAL_VERSION_ONLY,STRUCTURALLY_DOCUMENTED,FACTORY_360_API_FIELD_INVENTORY.csv
F360-XPC-MAP-0127,INSP-API-007,Inspection API,response,$.data.items[].appeared_in_self_assessment,bool,NOT_DOCUMENTED,NOT_DOCUMENTED,regulations_or_inspection_items,regulations_or_inspection_items,CANONICAL_FIELD,Typed adapter normalization where an existing adapter declares this field; otherwise preserve exact structural path.,Typed regulation adapter owns the canonical projection.,Provider source/version retained; platform audit is separate.,Shared Factory 360 server projection or not consumed,Same shared server projection; no provider client,CANONICAL_VERSION_ONLY,STRUCTURALLY_DOCUMENTED,FACTORY_360_API_FIELD_INVENTORY.csv
F360-XPC-MAP-0128,INSP-API-007,Inspection API,response,$.data.items[].report_kind,dict,NOT_DOCUMENTED,NOT_DOCUMENTED,regulations_or_inspection_items,regulations_or_inspection_items,CANONICAL_FIELD,Typed adapter normalization where an existing adapter declares this field; otherwise preserve exact structural path.,Typed regulation adapter owns the canonical projection.,Provider source/version retained; platform audit is separate.,Shared Factory 360 server projection or not consumed,Same shared server projection; no provider client,CANONICAL_VERSION_ONLY,STRUCTURALLY_DOCUMENTED,FACTORY_360_API_FIELD_INVENTORY.csv
F360-XPC-MAP-0129,INSP-API-007,Inspection API,response,$.data.items[].report_kind.value,str,NOT_DOCUMENTED,NOT_DOCUMENTED,regulations_or_inspection_items,regulations_or_inspection_items,CANONICAL_FIELD,Typed adapter normalization where an existing adapter declares this field; otherwise preserve exact structural path.,Typed regulation adapter owns the canonical projection.,Provider source/version retained; platform audit is separate.,Shared Factory 360 server projection or not consumed,Same shared server projection; no provider client,CANONICAL_VERSION_ONLY,STRUCTURALLY_DOCUMENTED,FACTORY_360_API_FIELD_INVENTORY.csv
F360-XPC-MAP-0130,INSP-API-007,Inspection API,response,$.data.items[].report_kind.label,str,NOT_DOCUMENTED,NOT_DOCUMENTED,regulations_or_inspection_items,regulations_or_inspection_items,CANONICAL_FIELD,Typed adapter normalization where an existing adapter declares this field; otherwise preserve exact structural path.,Typed regulation adapter owns the canonical projection.,Provider source/version retained; platform audit is separate.,Shared Factory 360 server projection or not consumed,Same shared server projection; no provider client,CANONICAL_VERSION_ONLY,STRUCTURALLY_DOCUMENTED,FACTORY_360_API_FIELD_INVENTORY.csv
F360-XPC-MAP-0131,INSP-API-007,Inspection API,response,$.data.items[].description,str,NOT_DOCUMENTED,NOT_DOCUMENTED,regulations_or_inspection_items,regulations_or_inspection_items,CANONICAL_FIELD,Typed adapter normalization where an existing adapter declares this field; otherwise preserve exact structural path.,Typed regulation adapter owns the canonical projection.,Provider source/version retained; platform audit is separate.,Shared Factory 360 server projection or not consumed,Same shared server projection; no provider client,CANONICAL_VERSION_ONLY,STRUCTURALLY_DOCUMENTED,FACTORY_360_API_FIELD_INVENTORY.csv
F360-XPC-MAP-0132,INSP-API-007,Inspection API,response,$.data.items[].approval_option,dict,NOT_DOCUMENTED,NOT_DOCUMENTED,regulations_or_inspection_items,regulations_or_inspection_items,CANONICAL_FIELD,Typed adapter normalization where an existing adapter declares this field; otherwise preserve exact structural path.,Typed regulation adapter owns the canonical projection.,Provider source/version retained; platform audit is separate.,Shared Factory 360 server projection or not consumed,Same shared server projection; no provider client,CANONICAL_VERSION_ONLY,STRUCTURALLY_DOCUMENTED,FACTORY_360_API_FIELD_INVENTORY.csv
F360-XPC-MAP-0133,INSP-API-007,Inspection API,response,$.data.items[].approval_option.value,str,NOT_DOCUMENTED,NOT_DOCUMENTED,regulations_or_inspection_items,regulations_or_inspection_items,CANONICAL_FIELD,Typed adapter normalization where an existing adapter declares this field; otherwise preserve exact structural path.,Typed regulation adapter owns the canonical projection.,Provider source/version retained; platform audit is separate.,Shared Factory 360 server projection or not consumed,Same shared server projection; no provider client,CANONICAL_VERSION_ONLY,STRUCTURALLY_DOCUMENTED,FACTORY_360_API_FIELD_INVENTORY.csv
F360-XPC-MAP-0134,INSP-API-007,Inspection API,response,$.data.items[].approval_option.label,str,NOT_DOCUMENTED,NOT_DOCUMENTED,regulations_or_inspection_items,regulations_or_inspection_items,CANONICAL_FIELD,Typed adapter normalization where an existing adapter declares this field; otherwise preserve exact structural path.,Typed regulation adapter owns the canonical projection.,Provider source/version retained; platform audit is separate.,Shared Factory 360 server projection or not consumed,Same shared server projection; no provider client,CANONICAL_VERSION_ONLY,STRUCTURALLY_DOCUMENTED,FACTORY_360_API_FIELD_INVENTORY.csv
F360-XPC-MAP-0135,INSP-API-007,Inspection API,response,$.data.items[].rejection_option,dict,NOT_DOCUMENTED,NOT_DOCUMENTED,regulations_or_inspection_items,regulations_or_inspection_items,CANONICAL_FIELD,Typed adapter normalization where an existing adapter declares this field; otherwise preserve exact structural path.,Typed regulation adapter owns the canonical projection.,Provider source/version retained; platform audit is separate.,Shared Factory 360 server projection or not consumed,Same shared server projection; no provider client,CANONICAL_VERSION_ONLY,STRUCTURALLY_DOCUMENTED,FACTORY_360_API_FIELD_INVENTORY.csv
F360-XPC-MAP-0136,INSP-API-007,Inspection API,response,$.data.items[].rejection_option.value,str,NOT_DOCUMENTED,NOT_DOCUMENTED,regulations_or_inspection_items,regulations_or_inspection_items,CANONICAL_FIELD,Typed adapter normalization where an existing adapter declares this field; otherwise preserve exact structural path.,Typed regulation adapter owns the canonical projection.,Provider source/version retained; platform audit is separate.,Shared Factory 360 server projection or not consumed,Same shared server projection; no provider client,CANONICAL_VERSION_ONLY,STRUCTURALLY_DOCUMENTED,FACTORY_360_API_FIELD_INVENTORY.csv
F360-XPC-MAP-0137,INSP-API-007,Inspection API,response,$.data.items[].rejection_option.label,str,NOT_DOCUMENTED,NOT_DOCUMENTED,regulations_or_inspection_items,regulations_or_inspection_items,CANONICAL_FIELD,Typed adapter normalization where an existing adapter declares this field; otherwise preserve exact structural path.,Typed regulation adapter owns the canonical projection.,Provider source/version retained; platform audit is separate.,Shared Factory 360 server projection or not consumed,Same shared server projection; no provider client,CANONICAL_VERSION_ONLY,STRUCTURALLY_DOCUMENTED,FACTORY_360_API_FIELD_INVENTORY.csv
F360-XPC-MAP-0138,INSP-API-007,Inspection API,response,$.data.items[].status,dict,NOT_DOCUMENTED,NOT_DOCUMENTED,regulations_or_inspection_items,regulations_or_inspection_items,CANONICAL_FIELD,Typed adapter normalization where an existing adapter declares this field; otherwise preserve exact structural path.,Typed regulation adapter owns the canonical projection.,Provider source/version retained; platform audit is separate.,Shared Factory 360 server projection or not consumed,Same shared server projection; no provider client,CANONICAL_VERSION_ONLY,STRUCTURALLY_DOCUMENTED,FACTORY_360_API_FIELD_INVENTORY.csv
F360-XPC-MAP-0139,INSP-API-007,Inspection API,response,$.data.items[].status.value,str,NOT_DOCUMENTED,NOT_DOCUMENTED,regulations_or_inspection_items,regulations_or_inspection_items,CANONICAL_FIELD,Typed adapter normalization where an existing adapter declares this field; otherwise preserve exact structural path.,Typed regulation adapter owns the canonical projection.,Provider source/version retained; platform audit is separate.,Shared Factory 360 server projection or not consumed,Same shared server projection; no provider client,CANONICAL_VERSION_ONLY,STRUCTURALLY_DOCUMENTED,FACTORY_360_API_FIELD_INVENTORY.csv
F360-XPC-MAP-0140,INSP-API-007,Inspection API,response,$.data.items[].status.label,str,NOT_DOCUMENTED,NOT_DOCUMENTED,regulations_or_inspection_items,regulations_or_inspection_items,CANONICAL_FIELD,Typed adapter normalization where an existing adapter declares this field; otherwise preserve exact structural path.,Typed regulation adapter owns the canonical projection.,Provider source/version retained; platform audit is separate.,Shared Factory 360 server projection or not consumed,Same shared server projection; no provider client,CANONICAL_VERSION_ONLY,STRUCTURALLY_DOCUMENTED,FACTORY_360_API_FIELD_INVENTORY.csv
F360-XPC-MAP-0141,INSP-API-007,Inspection API,response,$.data.items[].attachment_mode,dict,NOT_DOCUMENTED,NOT_DOCUMENTED,regulations_or_inspection_items,regulations_or_inspection_items,CANONICAL_FIELD,Typed adapter normalization where an existing adapter declares this field; otherwise preserve exact structural path.,Typed regulation adapter owns the canonical projection.,Provider source/version retained; platform audit is separate.,Shared Factory 360 server projection or not consumed,Same shared server projection; no provider client,CANONICAL_VERSION_ONLY,STRUCTURALLY_DOCUMENTED,FACTORY_360_API_FIELD_INVENTORY.csv
F360-XPC-MAP-0142,INSP-API-007,Inspection API,response,$.data.items[].attachment_mode.value,str,NOT_DOCUMENTED,NOT_DOCUMENTED,regulations_or_inspection_items,regulations_or_inspection_items,CANONICAL_FIELD,Typed adapter normalization where an existing adapter declares this field; otherwise preserve exact structural path.,Typed regulation adapter owns the canonical projection.,Provider source/version retained; platform audit is separate.,Shared Factory 360 server projection or not consumed,Same shared server projection; no provider client,CANONICAL_VERSION_ONLY,STRUCTURALLY_DOCUMENTED,FACTORY_360_API_FIELD_INVENTORY.csv
F360-XPC-MAP-0143,INSP-API-007,Inspection API,response,$.data.items[].attachment_mode.label,str,NOT_DOCUMENTED,NOT_DOCUMENTED,regulations_or_inspection_items,regulations_or_inspection_items,CANONICAL_FIELD,Typed adapter normalization where an existing adapter declares this field; otherwise preserve exact structural path.,Typed regulation adapter owns the canonical projection.,Provider source/version retained; platform audit is separate.,Shared Factory 360 server projection or not consumed,Same shared server projection; no provider client,CANONICAL_VERSION_ONLY,STRUCTURALLY_DOCUMENTED,FACTORY_360_API_FIELD_INVENTORY.csv
F360-XPC-MAP-0144,INSP-API-007,Inspection API,response,$.data.items[].is_mandatory_for_inspector,bool,NOT_DOCUMENTED,NOT_DOCUMENTED,regulations_or_inspection_items,regulations_or_inspection_items,CANONICAL_FIELD,Typed adapter normalization where an existing adapter declares this field; otherwise preserve exact structural path.,Typed regulation adapter owns the canonical projection.,Provider source/version retained; platform audit is separate.,Shared Factory 360 server projection or not consumed,Same shared server projection; no provider client,CANONICAL_VERSION_ONLY,STRUCTURALLY_DOCUMENTED,FACTORY_360_API_FIELD_INVENTORY.csv
F360-XPC-MAP-0145,INSP-API-007,Inspection API,response,$.data.items[].report_types,list,NOT_DOCUMENTED,NOT_DOCUMENTED,regulations_or_inspection_items,regulations_or_inspection_items,CANONICAL_FIELD,Typed adapter normalization where an existing adapter declares this field; otherwise preserve exact structural path.,Typed regulation adapter owns the canonical projection.,Provider source/version retained; platform audit is separate.,Shared Factory 360 server projection or not consumed,Same shared server projection; no provider client,CANONICAL_VERSION_ONLY,STRUCTURALLY_DOCUMENTED,FACTORY_360_API_FIELD_INVENTORY.csv
F360-XPC-MAP-0146,INSP-API-007,Inspection API,response,$.data.items[].report_types[].value,str,NOT_DOCUMENTED,NOT_DOCUMENTED,regulations_or_inspection_items,regulations_or_inspection_items,CANONICAL_FIELD,Typed adapter normalization where an existing adapter declares this field; otherwise preserve exact structural path.,Typed regulation adapter owns the canonical projection.,Provider source/version retained; platform audit is separate.,Shared Factory 360 server projection or not consumed,Same shared server projection; no provider client,CANONICAL_VERSION_ONLY,STRUCTURALLY_DOCUMENTED,FACTORY_360_API_FIELD_INVENTORY.csv
F360-XPC-MAP-0147,INSP-API-007,Inspection API,response,$.data.items[].report_types[].label,str,NOT_DOCUMENTED,NOT_DOCUMENTED,regulations_or_inspection_items,regulations_or_inspection_items,CANONICAL_FIELD,Typed adapter normalization where an existing adapter declares this field; otherwise preserve exact structural path.,Typed regulation adapter owns the canonical projection.,Provider source/version retained; platform audit is separate.,Shared Factory 360 server projection or not consumed,Same shared server projection; no provider client,CANONICAL_VERSION_ONLY,STRUCTURALLY_DOCUMENTED,FACTORY_360_API_FIELD_INVENTORY.csv
F360-XPC-MAP-0148,INSP-API-007,Inspection API,response,$.data.items[].associated_reports,list,NOT_DOCUMENTED,NOT_DOCUMENTED,regulations_or_inspection_items,regulations_or_inspection_items,CANONICAL_FIELD,Typed adapter normalization where an existing adapter declares this field; otherwise preserve exact structural path.,Typed regulation adapter owns the canonical projection.,Provider source/version retained; platform audit is separate.,Shared Factory 360 server projection or not consumed,Same shared server projection; no provider client,CANONICAL_VERSION_ONLY,STRUCTURALLY_DOCUMENTED,FACTORY_360_API_FIELD_INVENTORY.csv
F360-XPC-MAP-0149,INSP-API-007,Inspection API,response,$.data.items[].associated_reports[].value,str,NOT_DOCUMENTED,NOT_DOCUMENTED,regulations_or_inspection_items,regulations_or_inspection_items,CANONICAL_FIELD,Typed adapter normalization where an existing adapter declares this field; otherwise preserve exact structural path.,Typed regulation adapter owns the canonical projection.,Provider source/version retained; platform audit is separate.,Shared Factory 360 server projection or not consumed,Same shared server projection; no provider client,CANONICAL_VERSION_ONLY,STRUCTURALLY_DOCUMENTED,FACTORY_360_API_FIELD_INVENTORY.csv
F360-XPC-MAP-0150,INSP-API-007,Inspection API,response,$.data.items[].associated_reports[].label,str,NOT_DOCUMENTED,NOT_DOCUMENTED,regulations_or_inspection_items,regulations_or_inspection_items,CANONICAL_FIELD,Typed adapter normalization where an existing adapter declares this field; otherwise preserve exact structural path.,Typed regulation adapter owns the canonical projection.,Provider source/version retained; platform audit is separate.,Shared Factory 360 server projection or not consumed,Same shared server projection; no provider client,CANONICAL_VERSION_ONLY,STRUCTURALLY_DOCUMENTED,FACTORY_360_API_FIELD_INVENTORY.csv
F360-XPC-MAP-0151,INSP-API-007,Inspection API,response,$.data.items[].violations,list,NOT_DOCUMENTED,NOT_DOCUMENTED,regulations_or_inspection_items,regulations_or_inspection_items,CANONICAL_FIELD,Typed adapter normalization where an existing adapter declares this field; otherwise preserve exact structural path.,Typed regulation adapter owns the canonical projection.,Provider source/version retained; platform audit is separate.,Shared Factory 360 server projection or not consumed,Same shared server projection; no provider client,CANONICAL_VERSION_ONLY,STRUCTURALLY_DOCUMENTED,FACTORY_360_API_FIELD_INVENTORY.csv
F360-XPC-MAP-0152,INSP-API-007,Inspection API,response,$.data.items[].created_at,str,NOT_DOCUMENTED,NOT_DOCUMENTED,source_timestamp,source_timestamp,SOURCE_METADATA,Typed adapter normalization where an existing adapter declares this field; otherwise preserve exact structural path.,Preserve as provider timestamp; do not overwrite platform audit time.,No platform history inferred.,Shared Factory 360 server projection or not consumed,Same shared server projection; no provider client,CANONICAL_VERSION_ONLY,STRUCTURALLY_DOCUMENTED,FACTORY_360_API_FIELD_INVENTORY.csv
F360-XPC-MAP-0153,INSP-API-007,Inspection API,response,$.data.created_at,str,NOT_DOCUMENTED,NOT_DOCUMENTED,source_timestamp,source_timestamp,SOURCE_METADATA,Typed adapter normalization where an existing adapter declares this field; otherwise preserve exact structural path.,Preserve as provider timestamp; do not overwrite platform audit time.,No platform history inferred.,Shared Factory 360 server projection or not consumed,Same shared server projection; no provider client,CANONICAL_VERSION_ONLY,STRUCTURALLY_DOCUMENTED,FACTORY_360_API_FIELD_INVENTORY.csv
F360-XPC-MAP-0154,INSP-API-008,Inspection API,response,$.data,list,NOT_DOCUMENTED,NOT_DOCUMENTED,inspection_tasks_or_observed_fact,inspection_tasks_or_observed_fact,CANONICAL_FIELD,Typed adapter normalization where an existing adapter declares this field; otherwise preserve exact structural path.,Task detail is context/observed fact; immutable report remains authoritative for compliance.,Provider source/version retained; platform audit is separate.,Shared Factory 360 server projection or not consumed,Same shared server projection; no provider client,CANONICAL_VERSION_ONLY,STRUCTURALLY_DOCUMENTED,FACTORY_360_API_FIELD_INVENTORY.csv
F360-XPC-MAP-0155,INSP-API-008,Inspection API,response,$.data[].id,str,NOT_DOCUMENTED,NOT_DOCUMENTED,external_id,external_id,SOURCE_METADATA,Typed adapter normalization where an existing adapter declares this field; otherwise preserve exact structural path.,Retain provider ID with source and version metadata.,No platform history inferred.,Shared Factory 360 server projection or not consumed,Same shared server projection; no provider client,CANONICAL_VERSION_ONLY,STRUCTURALLY_DOCUMENTED,FACTORY_360_API_FIELD_INVENTORY.csv
F360-XPC-MAP-0156,INSP-API-008,Inspection API,response,$.data[].number,str,NOT_DOCUMENTED,NOT_DOCUMENTED,inspection_tasks_or_observed_fact,inspection_tasks_or_observed_fact,CANONICAL_FIELD,Typed adapter normalization where an existing adapter declares this field; otherwise preserve exact structural path.,Task detail is context/observed fact; immutable report remains authoritative for compliance.,Provider source/version retained; platform audit is separate.,Shared Factory 360 server projection or not consumed,Same shared server projection; no provider client,CANONICAL_VERSION_ONLY,STRUCTURALLY_DOCUMENTED,FACTORY_360_API_FIELD_INVENTORY.csv
F360-XPC-MAP-0157,INSP-API-008,Inspection API,response,$.data[].workflow,str,NOT_DOCUMENTED,NOT_DOCUMENTED,inspection_tasks_or_observed_fact,inspection_tasks_or_observed_fact,CANONICAL_FIELD,Typed adapter normalization where an existing adapter declares this field; otherwise preserve exact structural path.,Task detail is context/observed fact; immutable report remains authoritative for compliance.,Provider source/version retained; platform audit is separate.,Shared Factory 360 server projection or not consumed,Same shared server projection; no provider client,CANONICAL_VERSION_ONLY,STRUCTURALLY_DOCUMENTED,FACTORY_360_API_FIELD_INVENTORY.csv
F360-XPC-MAP-0158,INSP-API-008,Inspection API,response,$.data[].status,str,NOT_DOCUMENTED,NOT_DOCUMENTED,inspection_tasks_or_observed_fact,inspection_tasks_or_observed_fact,CANONICAL_FIELD,Typed adapter normalization where an existing adapter declares this field; otherwise preserve exact structural path.,Task detail is context/observed fact; immutable report remains authoritative for compliance.,Provider source/version retained; platform audit is separate.,Shared Factory 360 server projection or not consumed,Same shared server projection; no provider client,CANONICAL_VERSION_ONLY,STRUCTURALLY_DOCUMENTED,FACTORY_360_API_FIELD_INVENTORY.csv
F360-XPC-MAP-0159,INSP-API-008,Inspection API,response,$.data[].created_at,str,NOT_DOCUMENTED,NOT_DOCUMENTED,source_timestamp,source_timestamp,SOURCE_METADATA,Typed adapter normalization where an existing adapter declares this field; otherwise preserve exact structural path.,Preserve as provider timestamp; do not overwrite platform audit time.,No platform history inferred.,Shared Factory 360 server projection or not consumed,Same shared server projection; no provider client,CANONICAL_VERSION_ONLY,STRUCTURALLY_DOCUMENTED,FACTORY_360_API_FIELD_INVENTORY.csv
F360-XPC-MAP-0160,INSP-API-008,Inspection API,response,$.data[].visit,dict,NOT_DOCUMENTED,NOT_DOCUMENTED,inspection_tasks_or_observed_fact,inspection_tasks_or_observed_fact,CANONICAL_FIELD,Typed adapter normalization where an existing adapter declares this field; otherwise preserve exact structural path.,Task detail is context/observed fact; immutable report remains authoritative for compliance.,Provider source/version retained; platform audit is separate.,Shared Factory 360 server projection or not consumed,Same shared server projection; no provider client,CANONICAL_VERSION_ONLY,STRUCTURALLY_DOCUMENTED,FACTORY_360_API_FIELD_INVENTORY.csv
F360-XPC-MAP-0161,INSP-API-008,Inspection API,response,$.data[].visit.id,str,NOT_DOCUMENTED,NOT_DOCUMENTED,external_id,external_id,SOURCE_METADATA,Typed adapter normalization where an existing adapter declares this field; otherwise preserve exact structural path.,Retain provider ID with source and version metadata.,No platform history inferred.,Shared Factory 360 server projection or not consumed,Same shared server projection; no provider client,CANONICAL_VERSION_ONLY,STRUCTURALLY_DOCUMENTED,FACTORY_360_API_FIELD_INVENTORY.csv
F360-XPC-MAP-0162,INSP-API-008,Inspection API,response,$.data[].visit.type,dict,NOT_DOCUMENTED,NOT_DOCUMENTED,inspection_tasks_or_observed_fact,inspection_tasks_or_observed_fact,CANONICAL_FIELD,Typed adapter normalization where an existing adapter declares this field; otherwise preserve exact structural path.,Task detail is context/observed fact; immutable report remains authoritative for compliance.,Provider source/version retained; platform audit is separate.,Shared Factory 360 server projection or not consumed,Same shared server projection; no provider client,CANONICAL_VERSION_ONLY,STRUCTURALLY_DOCUMENTED,FACTORY_360_API_FIELD_INVENTORY.csv
F360-XPC-MAP-0163,INSP-API-008,Inspection API,response,$.data[].visit.type.value,str,NOT_DOCUMENTED,NOT_DOCUMENTED,inspection_tasks_or_observed_fact,inspection_tasks_or_observed_fact,CANONICAL_FIELD,Typed adapter normalization where an existing adapter declares this field; otherwise preserve exact structural path.,Task detail is context/observed fact; immutable report remains authoritative for compliance.,Provider source/version retained; platform audit is separate.,Shared Factory 360 server projection or not consumed,Same shared server projection; no provider client,CANONICAL_VERSION_ONLY,STRUCTURALLY_DOCUMENTED,FACTORY_360_API_FIELD_INVENTORY.csv
F360-XPC-MAP-0164,INSP-API-008,Inspection API,response,$.data[].visit.type.label,str,NOT_DOCUMENTED,NOT_DOCUMENTED,inspection_tasks_or_observed_fact,inspection_tasks_or_observed_fact,CANONICAL_FIELD,Typed adapter normalization where an existing adapter declares this field; otherwise preserve exact structural path.,Task detail is context/observed fact; immutable report remains authoritative for compliance.,Provider source/version retained; platform audit is separate.,Shared Factory 360 server projection or not consumed,Same shared server projection; no provider client,CANONICAL_VERSION_ONLY,STRUCTURALLY_DOCUMENTED,FACTORY_360_API_FIELD_INVENTORY.csv
F360-XPC-MAP-0165,INSP-API-008,Inspection API,response,$.data[].visit.method,dict,NOT_DOCUMENTED,NOT_DOCUMENTED,inspection_tasks_or_observed_fact,inspection_tasks_or_observed_fact,CANONICAL_FIELD,Typed adapter normalization where an existing adapter declares this field; otherwise preserve exact structural path.,Task detail is context/observed fact; immutable report remains authoritative for compliance.,Provider source/version retained; platform audit is separate.,Shared Factory 360 server projection or not consumed,Same shared server projection; no provider client,CANONICAL_VERSION_ONLY,STRUCTURALLY_DOCUMENTED,FACTORY_360_API_FIELD_INVENTORY.csv
F360-XPC-MAP-0166,INSP-API-008,Inspection API,response,$.data[].visit.method.value,str,NOT_DOCUMENTED,NOT_DOCUMENTED,inspection_tasks_or_observed_fact,inspection_tasks_or_observed_fact,CANONICAL_FIELD,Typed adapter normalization where an existing adapter declares this field; otherwise preserve exact structural path.,Task detail is context/observed fact; immutable report remains authoritative for compliance.,Provider source/version retained; platform audit is separate.,Shared Factory 360 server projection or not consumed,Same shared server projection; no provider client,CANONICAL_VERSION_ONLY,STRUCTURALLY_DOCUMENTED,FACTORY_360_API_FIELD_INVENTORY.csv
F360-XPC-MAP-0167,INSP-API-008,Inspection API,response,$.data[].visit.method.label,str,NOT_DOCUMENTED,NOT_DOCUMENTED,inspection_tasks_or_observed_fact,inspection_tasks_or_observed_fact,CANONICAL_FIELD,Typed adapter normalization where an existing adapter declares this field; otherwise preserve exact structural path.,Task detail is context/observed fact; immutable report remains authoritative for compliance.,Provider source/version retained; platform audit is separate.,Shared Factory 360 server projection or not consumed,Same shared server projection; no provider client,CANONICAL_VERSION_ONLY,STRUCTURALLY_DOCUMENTED,FACTORY_360_API_FIELD_INVENTORY.csv
F360-XPC-MAP-0168,INSP-API-008,Inspection API,response,$.data[].visit.visit_date,str,NOT_DOCUMENTED,NOT_DOCUMENTED,inspection_tasks_or_observed_fact,inspection_tasks_or_observed_fact,CANONICAL_FIELD,Typed adapter normalization where an existing adapter declares this field; otherwise preserve exact structural path.,Task detail is context/observed fact; immutable report remains authoritative for compliance.,Provider source/version retained; platform audit is separate.,Shared Factory 360 server projection or not consumed,Same shared server projection; no provider client,CANONICAL_VERSION_ONLY,STRUCTURALLY_DOCUMENTED,FACTORY_360_API_FIELD_INVENTORY.csv
F360-XPC-MAP-0169,INSP-API-008,Inspection API,response,$.data[].visit.facility_name,str,NOT_DOCUMENTED,NOT_DOCUMENTED,inspection_tasks_or_observed_fact,inspection_tasks_or_observed_fact,CANONICAL_FIELD,Typed adapter normalization where an existing adapter declares this field; otherwise preserve exact structural path.,Task detail is context/observed fact; immutable report remains authoritative for compliance.,Provider source/version retained; platform audit is separate.,Shared Factory 360 server projection or not consumed,Same shared server projection; no provider client,CANONICAL_VERSION_ONLY,STRUCTURALLY_DOCUMENTED,FACTORY_360_API_FIELD_INVENTORY.csv
F360-XPC-MAP-0170,INSP-API-008,Inspection API,response,$.data[].visit.cr_number,str,NOT_DOCUMENTED,NOT_DOCUMENTED,inspection_tasks_or_observed_fact,inspection_tasks_or_observed_fact,CANONICAL_FIELD,Typed adapter normalization where an existing adapter declares this field; otherwise preserve exact structural path.,Task detail is context/observed fact; immutable report remains authoritative for compliance.,Provider source/version retained; platform audit is separate.,Shared Factory 360 server projection or not consumed,Same shared server projection; no provider client,CANONICAL_VERSION_ONLY,STRUCTURALLY_DOCUMENTED,FACTORY_360_API_FIELD_INVENTORY.csv
F360-XPC-MAP-0171,INSP-API-008,Inspection API,response,$.data[].visit.notes,str,NOT_DOCUMENTED,NOT_DOCUMENTED,inspection_tasks_or_observed_fact,inspection_tasks_or_observed_fact,CANONICAL_FIELD,Typed adapter normalization where an existing adapter declares this field; otherwise preserve exact structural path.,Task detail is context/observed fact; immutable report remains authoritative for compliance.,Provider source/version retained; platform audit is separate.,Shared Factory 360 server projection or not consumed,Same shared server projection; no provider client,CANONICAL_VERSION_ONLY,STRUCTURALLY_DOCUMENTED,FACTORY_360_API_FIELD_INVENTORY.csv
F360-XPC-MAP-0172,INSP-API-008,Inspection API,response,$.data[].visit.third_parties,NoneType,NOT_DOCUMENTED,NOT_DOCUMENTED,inspection_tasks_or_observed_fact,inspection_tasks_or_observed_fact,CANONICAL_FIELD,Typed adapter normalization where an existing adapter declares this field; otherwise preserve exact structural path.,Task detail is context/observed fact; immutable report remains authoritative for compliance.,Provider source/version retained; platform audit is separate.,Shared Factory 360 server projection or not consumed,Same shared server projection; no provider client,CANONICAL_VERSION_ONLY,STRUCTURALLY_DOCUMENTED,FACTORY_360_API_FIELD_INVENTORY.csv
F360-XPC-MAP-0173,INSP-API-008,Inspection API,response,$.data[].visit.inspector,dict,NOT_DOCUMENTED,NOT_DOCUMENTED,inspection_tasks_or_observed_fact,inspection_tasks_or_observed_fact,CANONICAL_FIELD,Typed adapter normalization where an existing adapter declares this field; otherwise preserve exact structural path.,Task detail is context/observed fact; immutable report remains authoritative for compliance.,Provider source/version retained; platform audit is separate.,Shared Factory 360 server projection or not consumed,Same shared server projection; no provider client,CANONICAL_VERSION_ONLY,STRUCTURALLY_DOCUMENTED,FACTORY_360_API_FIELD_INVENTORY.csv
F360-XPC-MAP-0174,INSP-API-008,Inspection API,response,$.data[].visit.inspector.id,str,NOT_DOCUMENTED,NOT_DOCUMENTED,external_id,external_id,SOURCE_METADATA,Typed adapter normalization where an existing adapter declares this field; otherwise preserve exact structural path.,Retain provider ID with source and version metadata.,No platform history inferred.,Shared Factory 360 server projection or not consumed,Same shared server projection; no provider client,CANONICAL_VERSION_ONLY,STRUCTURALLY_DOCUMENTED,FACTORY_360_API_FIELD_INVENTORY.csv
F360-XPC-MAP-0175,INSP-API-008,Inspection API,response,$.data[].visit.inspector.name,str,NOT_DOCUMENTED,NOT_DOCUMENTED,inspection_tasks_or_observed_fact,inspection_tasks_or_observed_fact,CANONICAL_FIELD,Typed adapter normalization where an existing adapter declares this field; otherwise preserve exact structural path.,Task detail is context/observed fact; immutable report remains authoritative for compliance.,Provider source/version retained; platform audit is separate.,Shared Factory 360 server projection or not consumed,Same shared server projection; no provider client,CANONICAL_VERSION_ONLY,STRUCTURALLY_DOCUMENTED,FACTORY_360_API_FIELD_INVENTORY.csv
F360-XPC-MAP-0176,INSP-API-009,Inspection API,response,$.data,dict,NOT_DOCUMENTED,NOT_DOCUMENTED,inspection_tasks_or_observed_fact,inspection_tasks_or_observed_fact,CANONICAL_FIELD,Typed adapter normalization where an existing adapter declares this field; otherwise preserve exact structural path.,Task detail is context/observed fact; immutable report remains authoritative for compliance.,Provider source/version retained; platform audit is separate.,Shared Factory 360 server projection or not consumed,Same shared server projection; no provider client,CANONICAL_VERSION_ONLY,STRUCTURALLY_DOCUMENTED,FACTORY_360_API_FIELD_INVENTORY.csv
F360-XPC-MAP-0177,INSP-API-009,Inspection API,response,$.data.id,str,NOT_DOCUMENTED,NOT_DOCUMENTED,external_id,external_id,SOURCE_METADATA,Typed adapter normalization where an existing adapter declares this field; otherwise preserve exact structural path.,Retain provider ID with source and version metadata.,No platform history inferred.,Shared Factory 360 server projection or not consumed,Same shared server projection; no provider client,CANONICAL_VERSION_ONLY,STRUCTURALLY_DOCUMENTED,FACTORY_360_API_FIELD_INVENTORY.csv
F360-XPC-MAP-0178,INSP-API-009,Inspection API,response,$.data.number,str,NOT_DOCUMENTED,NOT_DOCUMENTED,inspection_tasks_or_observed_fact,inspection_tasks_or_observed_fact,CANONICAL_FIELD,Typed adapter normalization where an existing adapter declares this field; otherwise preserve exact structural path.,Task detail is context/observed fact; immutable report remains authoritative for compliance.,Provider source/version retained; platform audit is separate.,Shared Factory 360 server projection or not consumed,Same shared server projection; no provider client,CANONICAL_VERSION_ONLY,STRUCTURALLY_DOCUMENTED,FACTORY_360_API_FIELD_INVENTORY.csv
F360-XPC-MAP-0179,INSP-API-009,Inspection API,response,$.data.workflow,str,NOT_DOCUMENTED,NOT_DOCUMENTED,inspection_tasks_or_observed_fact,inspection_tasks_or_observed_fact,CANONICAL_FIELD,Typed adapter normalization where an existing adapter declares this field; otherwise preserve exact structural path.,Task detail is context/observed fact; immutable report remains authoritative for compliance.,Provider source/version retained; platform audit is separate.,Shared Factory 360 server projection or not consumed,Same shared server projection; no provider client,CANONICAL_VERSION_ONLY,STRUCTURALLY_DOCUMENTED,FACTORY_360_API_FIELD_INVENTORY.csv
F360-XPC-MAP-0180,INSP-API-009,Inspection API,response,$.data.status,str,NOT_DOCUMENTED,NOT_DOCUMENTED,inspection_tasks_or_observed_fact,inspection_tasks_or_observed_fact,CANONICAL_FIELD,Typed adapter normalization where an existing adapter declares this field; otherwise preserve exact structural path.,Task detail is context/observed fact; immutable report remains authoritative for compliance.,Provider source/version retained; platform audit is separate.,Shared Factory 360 server projection or not consumed,Same shared server projection; no provider client,CANONICAL_VERSION_ONLY,STRUCTURALLY_DOCUMENTED,FACTORY_360_API_FIELD_INVENTORY.csv
F360-XPC-MAP-0181,INSP-API-009,Inspection API,response,$.data.created_at,str,NOT_DOCUMENTED,NOT_DOCUMENTED,source_timestamp,source_timestamp,SOURCE_METADATA,Typed adapter normalization where an existing adapter declares this field; otherwise preserve exact structural path.,Preserve as provider timestamp; do not overwrite platform audit time.,No platform history inferred.,Shared Factory 360 server projection or not consumed,Same shared server projection; no provider client,CANONICAL_VERSION_ONLY,STRUCTURALLY_DOCUMENTED,FACTORY_360_API_FIELD_INVENTORY.csv
F360-XPC-MAP-0182,INSP-API-009,Inspection API,response,$.data.license,dict,NOT_DOCUMENTED,NOT_DOCUMENTED,inspection_tasks_or_observed_fact,inspection_tasks_or_observed_fact,CANONICAL_FIELD,Typed adapter normalization where an existing adapter declares this field; otherwise preserve exact structural path.,Task detail is context/observed fact; immutable report remains authoritative for compliance.,Provider source/version retained; platform audit is separate.,Shared Factory 360 server projection or not consumed,Same shared server projection; no provider client,CANONICAL_VERSION_ONLY,STRUCTURALLY_DOCUMENTED,FACTORY_360_API_FIELD_INVENTORY.csv
F360-XPC-MAP-0183,INSP-API-009,Inspection API,response,$.data.license.id,str,NOT_DOCUMENTED,NOT_DOCUMENTED,external_id,external_id,SOURCE_METADATA,Typed adapter normalization where an existing adapter declares this field; otherwise preserve exact structural path.,Retain provider ID with source and version metadata.,No platform history inferred.,Shared Factory 360 server projection or not consumed,Same shared server projection; no provider client,CANONICAL_VERSION_ONLY,STRUCTURALLY_DOCUMENTED,FACTORY_360_API_FIELD_INVENTORY.csv
F360-XPC-MAP-0184,INSP-API-009,Inspection API,response,$.data.license.license_number,str,NOT_DOCUMENTED,NOT_DOCUMENTED,inspection_tasks_or_observed_fact,inspection_tasks_or_observed_fact,CANONICAL_FIELD,Typed adapter normalization where an existing adapter declares this field; otherwise preserve exact structural path.,Task detail is context/observed fact; immutable report remains authoritative for compliance.,Provider source/version retained; platform audit is separate.,Shared Factory 360 server projection or not consumed,Same shared server projection; no provider client,CANONICAL_VERSION_ONLY,STRUCTURALLY_DOCUMENTED,FACTORY_360_API_FIELD_INVENTORY.csv
F360-XPC-MAP-0185,INSP-API-009,Inspection API,response,$.data.license.license_type,dict,NOT_DOCUMENTED,NOT_DOCUMENTED,inspection_tasks_or_observed_fact,inspection_tasks_or_observed_fact,CANONICAL_FIELD,Typed adapter normalization where an existing adapter declares this field; otherwise preserve exact structural path.,Task detail is context/observed fact; immutable report remains authoritative for compliance.,Provider source/version retained; platform audit is separate.,Shared Factory 360 server projection or not consumed,Same shared server projection; no provider client,CANONICAL_VERSION_ONLY,STRUCTURALLY_DOCUMENTED,FACTORY_360_API_FIELD_INVENTORY.csv
F360-XPC-MAP-0186,INSP-API-009,Inspection API,response,$.data.license.license_type.value,str,NOT_DOCUMENTED,NOT_DOCUMENTED,inspection_tasks_or_observed_fact,inspection_tasks_or_observed_fact,CANONICAL_FIELD,Typed adapter normalization where an existing adapter declares this field; otherwise preserve exact structural path.,Task detail is context/observed fact; immutable report remains authoritative for compliance.,Provider source/version retained; platform audit is separate.,Shared Factory 360 server projection or not consumed,Same shared server projection; no provider client,CANONICAL_VERSION_ONLY,STRUCTURALLY_DOCUMENTED,FACTORY_360_API_FIELD_INVENTORY.csv
F360-XPC-MAP-0187,INSP-API-009,Inspection API,response,$.data.license.license_type.label,str,NOT_DOCUMENTED,NOT_DOCUMENTED,inspection_tasks_or_observed_fact,inspection_tasks_or_observed_fact,CANONICAL_FIELD,Typed adapter normalization where an existing adapter declares this field; otherwise preserve exact structural path.,Task detail is context/observed fact; immutable report remains authoritative for compliance.,Provider source/version retained; platform audit is separate.,Shared Factory 360 server projection or not consumed,Same shared server projection; no provider client,CANONICAL_VERSION_ONLY,STRUCTURALLY_DOCUMENTED,FACTORY_360_API_FIELD_INVENTORY.csv
F360-XPC-MAP-0188,INSP-API-009,Inspection API,response,$.data.license.status,dict,NOT_DOCUMENTED,NOT_DOCUMENTED,inspection_tasks_or_observed_fact,inspection_tasks_or_observed_fact,CANONICAL_FIELD,Typed adapter normalization where an existing adapter declares this field; otherwise preserve exact structural path.,Task detail is context/observed fact; immutable report remains authoritative for compliance.,Provider source/version retained; platform audit is separate.,Shared Factory 360 server projection or not consumed,Same shared server projection; no provider client,CANONICAL_VERSION_ONLY,STRUCTURALLY_DOCUMENTED,FACTORY_360_API_FIELD_INVENTORY.csv
F360-XPC-MAP-0189,INSP-API-009,Inspection API,response,$.data.license.status.value,str,NOT_DOCUMENTED,NOT_DOCUMENTED,inspection_tasks_or_observed_fact,inspection_tasks_or_observed_fact,CANONICAL_FIELD,Typed adapter normalization where an existing adapter declares this field; otherwise preserve exact structural path.,Task detail is context/observed fact; immutable report remains authoritative for compliance.,Provider source/version retained; platform audit is separate.,Shared Factory 360 server projection or not consumed,Same shared server projection; no provider client,CANONICAL_VERSION_ONLY,STRUCTURALLY_DOCUMENTED,FACTORY_360_API_FIELD_INVENTORY.csv
F360-XPC-MAP-0190,INSP-API-009,Inspection API,response,$.data.license.status.label,str,NOT_DOCUMENTED,NOT_DOCUMENTED,inspection_tasks_or_observed_fact,inspection_tasks_or_observed_fact,CANONICAL_FIELD,Typed adapter normalization where an existing adapter declares this field; otherwise preserve exact structural path.,Task detail is context/observed fact; immutable report remains authoritative for compliance.,Provider source/version retained; platform audit is separate.,Shared Factory 360 server projection or not consumed,Same shared server projection; no provider client,CANONICAL_VERSION_ONLY,STRUCTURALLY_DOCUMENTED,FACTORY_360_API_FIELD_INVENTORY.csv
F360-XPC-MAP-0191,INSP-API-009,Inspection API,response,$.data.license.investment_type,dict,NOT_DOCUMENTED,NOT_DOCUMENTED,inspection_tasks_or_observed_fact,inspection_tasks_or_observed_fact,CANONICAL_FIELD,Typed adapter normalization where an existing adapter declares this field; otherwise preserve exact structural path.,Task detail is context/observed fact; immutable report remains authoritative for compliance.,Provider source/version retained; platform audit is separate.,Shared Factory 360 server projection or not consumed,Same shared server projection; no provider client,CANONICAL_VERSION_ONLY,STRUCTURALLY_DOCUMENTED,FACTORY_360_API_FIELD_INVENTORY.csv
F360-XPC-MAP-0192,INSP-API-009,Inspection API,response,$.data.license.investment_type.value,str,NOT_DOCUMENTED,NOT_DOCUMENTED,inspection_tasks_or_observed_fact,inspection_tasks_or_observed_fact,CANONICAL_FIELD,Typed adapter normalization where an existing adapter declares this field; otherwise preserve exact structural path.,Task detail is context/observed fact; immutable report remains authoritative for compliance.,Provider source/version retained; platform audit is separate.,Shared Factory 360 server projection or not consumed,Same shared server projection; no provider client,CANONICAL_VERSION_ONLY,STRUCTURALLY_DOCUMENTED,FACTORY_360_API_FIELD_INVENTORY.csv
F360-XPC-MAP-0193,INSP-API-009,Inspection API,response,$.data.license.investment_type.label,str,NOT_DOCUMENTED,NOT_DOCUMENTED,inspection_tasks_or_observed_fact,inspection_tasks_or_observed_fact,CANONICAL_FIELD,Typed adapter normalization where an existing adapter declares this field; otherwise preserve exact structural path.,Task detail is context/observed fact; immutable report remains authoritative for compliance.,Provider source/version retained; platform audit is separate.,Shared Factory 360 server projection or not consumed,Same shared server projection; no provider client,CANONICAL_VERSION_ONLY,STRUCTURALLY_DOCUMENTED,FACTORY_360_API_FIELD_INVENTORY.csv
F360-XPC-MAP-0194,INSP-API-009,Inspection API,response,$.data.license.investment_size,int,NOT_DOCUMENTED,NOT_DOCUMENTED,inspection_tasks_or_observed_fact,inspection_tasks_or_observed_fact,CANONICAL_FIELD,Typed adapter normalization where an existing adapter declares this field; otherwise preserve exact structural path.,Task detail is context/observed fact; immutable report remains authoritative for compliance.,Provider source/version retained; platform audit is separate.,Shared Factory 360 server projection or not consumed,Same shared server projection; no provider client,CANONICAL_VERSION_ONLY,STRUCTURALLY_DOCUMENTED,FACTORY_360_API_FIELD_INVENTORY.csv
F360-XPC-MAP-0195,INSP-API-009,Inspection API,response,$.data.visit,dict,NOT_DOCUMENTED,NOT_DOCUMENTED,inspection_tasks_or_observed_fact,inspection_tasks_or_observed_fact,CANONICAL_FIELD,Typed adapter normalization where an existing adapter declares this field; otherwise preserve exact structural path.,Task detail is context/observed fact; immutable report remains authoritative for compliance.,Provider source/version retained; platform audit is separate.,Shared Factory 360 server projection or not consumed,Same shared server projection; no provider client,CANONICAL_VERSION_ONLY,STRUCTURALLY_DOCUMENTED,FACTORY_360_API_FIELD_INVENTORY.csv
F360-XPC-MAP-0196,INSP-API-009,Inspection API,response,$.data.visit.id,str,NOT_DOCUMENTED,NOT_DOCUMENTED,external_id,external_id,SOURCE_METADATA,Typed adapter normalization where an existing adapter declares this field; otherwise preserve exact structural path.,Retain provider ID with source and version metadata.,No platform history inferred.,Shared Factory 360 server projection or not consumed,Same shared server projection; no provider client,CANONICAL_VERSION_ONLY,STRUCTURALLY_DOCUMENTED,FACTORY_360_API_FIELD_INVENTORY.csv
F360-XPC-MAP-0197,INSP-API-009,Inspection API,response,$.data.visit.type,dict,NOT_DOCUMENTED,NOT_DOCUMENTED,inspection_tasks_or_observed_fact,inspection_tasks_or_observed_fact,CANONICAL_FIELD,Typed adapter normalization where an existing adapter declares this field; otherwise preserve exact structural path.,Task detail is context/observed fact; immutable report remains authoritative for compliance.,Provider source/version retained; platform audit is separate.,Shared Factory 360 server projection or not consumed,Same shared server projection; no provider client,CANONICAL_VERSION_ONLY,STRUCTURALLY_DOCUMENTED,FACTORY_360_API_FIELD_INVENTORY.csv
F360-XPC-MAP-0198,INSP-API-009,Inspection API,response,$.data.visit.type.value,str,NOT_DOCUMENTED,NOT_DOCUMENTED,inspection_tasks_or_observed_fact,inspection_tasks_or_observed_fact,CANONICAL_FIELD,Typed adapter normalization where an existing adapter declares this field; otherwise preserve exact structural path.,Task detail is context/observed fact; immutable report remains authoritative for compliance.,Provider source/version retained; platform audit is separate.,Shared Factory 360 server projection or not consumed,Same shared server projection; no provider client,CANONICAL_VERSION_ONLY,STRUCTURALLY_DOCUMENTED,FACTORY_360_API_FIELD_INVENTORY.csv
F360-XPC-MAP-0199,INSP-API-009,Inspection API,response,$.data.visit.type.label,str,NOT_DOCUMENTED,NOT_DOCUMENTED,inspection_tasks_or_observed_fact,inspection_tasks_or_observed_fact,CANONICAL_FIELD,Typed adapter normalization where an existing adapter declares this field; otherwise preserve exact structural path.,Task detail is context/observed fact; immutable report remains authoritative for compliance.,Provider source/version retained; platform audit is separate.,Shared Factory 360 server projection or not consumed,Same shared server projection; no provider client,CANONICAL_VERSION_ONLY,STRUCTURALLY_DOCUMENTED,FACTORY_360_API_FIELD_INVENTORY.csv
F360-XPC-MAP-0200,INSP-API-009,Inspection API,response,$.data.visit.method,dict,NOT_DOCUMENTED,NOT_DOCUMENTED,inspection_tasks_or_observed_fact,inspection_tasks_or_observed_fact,CANONICAL_FIELD,Typed adapter normalization where an existing adapter declares this field; otherwise preserve exact structural path.,Task detail is context/observed fact; immutable report remains authoritative for compliance.,Provider source/version retained; platform audit is separate.,Shared Factory 360 server projection or not consumed,Same shared server projection; no provider client,CANONICAL_VERSION_ONLY,STRUCTURALLY_DOCUMENTED,FACTORY_360_API_FIELD_INVENTORY.csv
F360-XPC-MAP-0201,INSP-API-009,Inspection API,response,$.data.visit.method.value,str,NOT_DOCUMENTED,NOT_DOCUMENTED,inspection_tasks_or_observed_fact,inspection_tasks_or_observed_fact,CANONICAL_FIELD,Typed adapter normalization where an existing adapter declares this field; otherwise preserve exact structural path.,Task detail is context/observed fact; immutable report remains authoritative for compliance.,Provider source/version retained; platform audit is separate.,Shared Factory 360 server projection or not consumed,Same shared server projection; no provider client,CANONICAL_VERSION_ONLY,STRUCTURALLY_DOCUMENTED,FACTORY_360_API_FIELD_INVENTORY.csv
F360-XPC-MAP-0202,INSP-API-009,Inspection API,response,$.data.visit.method.label,str,NOT_DOCUMENTED,NOT_DOCUMENTED,inspection_tasks_or_observed_fact,inspection_tasks_or_observed_fact,CANONICAL_FIELD,Typed adapter normalization where an existing adapter declares this field; otherwise preserve exact structural path.,Task detail is context/observed fact; immutable report remains authoritative for compliance.,Provider source/version retained; platform audit is separate.,Shared Factory 360 server projection or not consumed,Same shared server projection; no provider client,CANONICAL_VERSION_ONLY,STRUCTURALLY_DOCUMENTED,FACTORY_360_API_FIELD_INVENTORY.csv
F360-XPC-MAP-0203,INSP-API-009,Inspection API,response,$.data.visit.visit_date,str,NOT_DOCUMENTED,NOT_DOCUMENTED,inspection_tasks_or_observed_fact,inspection_tasks_or_observed_fact,CANONICAL_FIELD,Typed adapter normalization where an existing adapter declares this field; otherwise preserve exact structural path.,Task detail is context/observed fact; immutable report remains authoritative for compliance.,Provider source/version retained; platform audit is separate.,Shared Factory 360 server projection or not consumed,Same shared server projection; no provider client,CANONICAL_VERSION_ONLY,STRUCTURALLY_DOCUMENTED,FACTORY_360_API_FIELD_INVENTORY.csv
F360-XPC-MAP-0204,INSP-API-009,Inspection API,response,$.data.visit.cr_number,str,NOT_DOCUMENTED,NOT_DOCUMENTED,inspection_tasks_or_observed_fact,inspection_tasks_or_observed_fact,CANONICAL_FIELD,Typed adapter normalization where an existing adapter declares this field; otherwise preserve exact structural path.,Task detail is context/observed fact; immutable report remains authoritative for compliance.,Provider source/version retained; platform audit is separate.,Shared Factory 360 server projection or not consumed,Same shared server projection; no provider client,CANONICAL_VERSION_ONLY,STRUCTURALLY_DOCUMENTED,FACTORY_360_API_FIELD_INVENTORY.csv
F360-XPC-MAP-0205,INSP-API-009,Inspection API,response,$.data.visit.notes,str,NOT_DOCUMENTED,NOT_DOCUMENTED,inspection_tasks_or_observed_fact,inspection_tasks_or_observed_fact,CANONICAL_FIELD,Typed adapter normalization where an existing adapter declares this field; otherwise preserve exact structural path.,Task detail is context/observed fact; immutable report remains authoritative for compliance.,Provider source/version retained; platform audit is separate.,Shared Factory 360 server projection or not consumed,Same shared server projection; no provider client,CANONICAL_VERSION_ONLY,STRUCTURALLY_DOCUMENTED,FACTORY_360_API_FIELD_INVENTORY.csv
F360-XPC-MAP-0206,INSP-API-009,Inspection API,response,$.data.visit.third_parties,NoneType,NOT_DOCUMENTED,NOT_DOCUMENTED,inspection_tasks_or_observed_fact,inspection_tasks_or_observed_fact,CANONICAL_FIELD,Typed adapter normalization where an existing adapter declares this field; otherwise preserve exact structural path.,Task detail is context/observed fact; immutable report remains authoritative for compliance.,Provider source/version retained; platform audit is separate.,Shared Factory 360 server projection or not consumed,Same shared server projection; no provider client,CANONICAL_VERSION_ONLY,STRUCTURALLY_DOCUMENTED,FACTORY_360_API_FIELD_INVENTORY.csv
F360-XPC-MAP-0207,INSP-API-009,Inspection API,response,$.data.visit.inspector,dict,NOT_DOCUMENTED,NOT_DOCUMENTED,inspection_tasks_or_observed_fact,inspection_tasks_or_observed_fact,CANONICAL_FIELD,Typed adapter normalization where an existing adapter declares this field; otherwise preserve exact structural path.,Task detail is context/observed fact; immutable report remains authoritative for compliance.,Provider source/version retained; platform audit is separate.,Shared Factory 360 server projection or not consumed,Same shared server projection; no provider client,CANONICAL_VERSION_ONLY,STRUCTURALLY_DOCUMENTED,FACTORY_360_API_FIELD_INVENTORY.csv
F360-XPC-MAP-0208,INSP-API-009,Inspection API,response,$.data.visit.inspector.id,str,NOT_DOCUMENTED,NOT_DOCUMENTED,external_id,external_id,SOURCE_METADATA,Typed adapter normalization where an existing adapter declares this field; otherwise preserve exact structural path.,Retain provider ID with source and version metadata.,No platform history inferred.,Shared Factory 360 server projection or not consumed,Same shared server projection; no provider client,CANONICAL_VERSION_ONLY,STRUCTURALLY_DOCUMENTED,FACTORY_360_API_FIELD_INVENTORY.csv
F360-XPC-MAP-0209,INSP-API-009,Inspection API,response,$.data.visit.inspector.name,str,NOT_DOCUMENTED,NOT_DOCUMENTED,inspection_tasks_or_observed_fact,inspection_tasks_or_observed_fact,CANONICAL_FIELD,Typed adapter normalization where an existing adapter declares this field; otherwise preserve exact structural path.,Task detail is context/observed fact; immutable report remains authoritative for compliance.,Provider source/version retained; platform audit is separate.,Shared Factory 360 server projection or not consumed,Same shared server projection; no provider client,CANONICAL_VERSION_ONLY,STRUCTURALLY_DOCUMENTED,FACTORY_360_API_FIELD_INVENTORY.csv
F360-XPC-MAP-0210,INSP-API-009,Inspection API,response,$.data.visit.plant,dict,NOT_DOCUMENTED,NOT_DOCUMENTED,inspection_tasks_or_observed_fact,inspection_tasks_or_observed_fact,CANONICAL_FIELD,Typed adapter normalization where an existing adapter declares this field; otherwise preserve exact structural path.,Task detail is context/observed fact; immutable report remains authoritative for compliance.,Provider source/version retained; platform audit is separate.,Shared Factory 360 server projection or not consumed,Same shared server projection; no provider client,CANONICAL_VERSION_ONLY,STRUCTURALLY_DOCUMENTED,FACTORY_360_API_FIELD_INVENTORY.csv
F360-XPC-MAP-0211,INSP-API-009,Inspection API,response,$.data.visit.plant.id,str,NOT_DOCUMENTED,NOT_DOCUMENTED,external_id,external_id,SOURCE_METADATA,Typed adapter normalization where an existing adapter declares this field; otherwise preserve exact structural path.,Retain provider ID with source and version metadata.,No platform history inferred.,Shared Factory 360 server projection or not consumed,Same shared server projection; no provider client,CANONICAL_VERSION_ONLY,STRUCTURALLY_DOCUMENTED,FACTORY_360_API_FIELD_INVENTORY.csv
F360-XPC-MAP-0212,INSP-API-009,Inspection API,response,$.data.visit.plant.plant_number,int,NOT_DOCUMENTED,NOT_DOCUMENTED,inspection_tasks_or_observed_fact,inspection_tasks_or_observed_fact,CANONICAL_FIELD,Typed adapter normalization where an existing adapter declares this field; otherwise preserve exact structural path.,Task detail is context/observed fact; immutable report remains authoritative for compliance.,Provider source/version retained; platform audit is separate.,Shared Factory 360 server projection or not consumed,Same shared server projection; no provider client,CANONICAL_VERSION_ONLY,STRUCTURALLY_DOCUMENTED,FACTORY_360_API_FIELD_INVENTORY.csv
F360-XPC-MAP-0213,INSP-API-009,Inspection API,response,$.data.visit.plant.state,dict,NOT_DOCUMENTED,NOT_DOCUMENTED,inspection_tasks_or_observed_fact,inspection_tasks_or_observed_fact,CANONICAL_FIELD,Typed adapter normalization where an existing adapter declares this field; otherwise preserve exact structural path.,Task detail is context/observed fact; immutable report remains authoritative for compliance.,Provider source/version retained; platform audit is separate.,Shared Factory 360 server projection or not consumed,Same shared server projection; no provider client,CANONICAL_VERSION_ONLY,STRUCTURALLY_DOCUMENTED,FACTORY_360_API_FIELD_INVENTORY.csv
F360-XPC-MAP-0214,INSP-API-009,Inspection API,response,$.data.visit.plant.state.value,str,NOT_DOCUMENTED,NOT_DOCUMENTED,inspection_tasks_or_observed_fact,inspection_tasks_or_observed_fact,CANONICAL_FIELD,Typed adapter normalization where an existing adapter declares this field; otherwise preserve exact structural path.,Task detail is context/observed fact; immutable report remains authoritative for compliance.,Provider source/version retained; platform audit is separate.,Shared Factory 360 server projection or not consumed,Same shared server projection; no provider client,CANONICAL_VERSION_ONLY,STRUCTURALLY_DOCUMENTED,FACTORY_360_API_FIELD_INVENTORY.csv
F360-XPC-MAP-0215,INSP-API-009,Inspection API,response,$.data.visit.plant.state.label,str,NOT_DOCUMENTED,NOT_DOCUMENTED,inspection_tasks_or_observed_fact,inspection_tasks_or_observed_fact,CANONICAL_FIELD,Typed adapter normalization where an existing adapter declares this field; otherwise preserve exact structural path.,Task detail is context/observed fact; immutable report remains authoritative for compliance.,Provider source/version retained; platform audit is separate.,Shared Factory 360 server projection or not consumed,Same shared server projection; no provider client,CANONICAL_VERSION_ONLY,STRUCTURALLY_DOCUMENTED,FACTORY_360_API_FIELD_INVENTORY.csv
F360-XPC-MAP-0216,INSP-API-009,Inspection API,response,$.data.visit.plant.main_activity_code_l2,NoneType,NOT_DOCUMENTED,NOT_DOCUMENTED,inspection_tasks_or_observed_fact,inspection_tasks_or_observed_fact,CANONICAL_FIELD,Typed adapter normalization where an existing adapter declares this field; otherwise preserve exact structural path.,Task detail is context/observed fact; immutable report remains authoritative for compliance.,Provider source/version retained; platform audit is separate.,Shared Factory 360 server projection or not consumed,Same shared server projection; no provider client,CANONICAL_VERSION_ONLY,STRUCTURALLY_DOCUMENTED,FACTORY_360_API_FIELD_INVENTORY.csv
F360-XPC-MAP-0217,INSP-API-009,Inspection API,response,$.data.visit.plant.main_activity_code_l4,NoneType,NOT_DOCUMENTED,NOT_DOCUMENTED,inspection_tasks_or_observed_fact,inspection_tasks_or_observed_fact,CANONICAL_FIELD,Typed adapter normalization where an existing adapter declares this field; otherwise preserve exact structural path.,Task detail is context/observed fact; immutable report remains authoritative for compliance.,Provider source/version retained; platform audit is separate.,Shared Factory 360 server projection or not consumed,Same shared server projection; no provider client,CANONICAL_VERSION_ONLY,STRUCTURALLY_DOCUMENTED,FACTORY_360_API_FIELD_INVENTORY.csv
F360-XPC-MAP-0218,INSP-API-009,Inspection API,response,$.data.visit.plant.has_approved_manpower,NoneType,NOT_DOCUMENTED,NOT_DOCUMENTED,inspection_tasks_or_observed_fact,inspection_tasks_or_observed_fact,CANONICAL_FIELD,Typed adapter normalization where an existing adapter declares this field; otherwise preserve exact structural path.,Task detail is context/observed fact; immutable report remains authoritative for compliance.,Provider source/version retained; platform audit is separate.,Shared Factory 360 server projection or not consumed,Same shared server projection; no provider client,CANONICAL_VERSION_ONLY,STRUCTURALLY_DOCUMENTED,FACTORY_360_API_FIELD_INVENTORY.csv
F360-XPC-MAP-0219,INSP-API-009,Inspection API,response,$.data.visit.plant.inside_industrial_city,NoneType,NOT_DOCUMENTED,NOT_DOCUMENTED,inspection_tasks_or_observed_fact,inspection_tasks_or_observed_fact,CANONICAL_FIELD,Typed adapter normalization where an existing adapter declares this field; otherwise preserve exact structural path.,Task detail is context/observed fact; immutable report remains authoritative for compliance.,Provider source/version retained; platform audit is separate.,Shared Factory 360 server projection or not consumed,Same shared server projection; no provider client,CANONICAL_VERSION_ONLY,STRUCTURALLY_DOCUMENTED,FACTORY_360_API_FIELD_INVENTORY.csv
F360-XPC-MAP-0220,INSP-API-009,Inspection API,response,$.data.visit.plant.started_production_at,NoneType,NOT_DOCUMENTED,NOT_DOCUMENTED,inspection_tasks_or_observed_fact,inspection_tasks_or_observed_fact,CANONICAL_FIELD,Typed adapter normalization where an existing adapter declares this field; otherwise preserve exact structural path.,Task detail is context/observed fact; immutable report remains authoritative for compliance.,Provider source/version retained; platform audit is separate.,Shared Factory 360 server projection or not consumed,Same shared server projection; no provider client,CANONICAL_VERSION_ONLY,STRUCTURALLY_DOCUMENTED,FACTORY_360_API_FIELD_INVENTORY.csv
F360-XPC-MAP-0221,INSP-API-009,Inspection API,response,$.data.visit.plant.closed_at,NoneType,NOT_DOCUMENTED,NOT_DOCUMENTED,inspection_tasks_or_observed_fact,inspection_tasks_or_observed_fact,CANONICAL_FIELD,Typed adapter normalization where an existing adapter declares this field; otherwise preserve exact structural path.,Task detail is context/observed fact; immutable report remains authoritative for compliance.,Provider source/version retained; platform audit is separate.,Shared Factory 360 server projection or not consumed,Same shared server projection; no provider client,CANONICAL_VERSION_ONLY,STRUCTURALLY_DOCUMENTED,FACTORY_360_API_FIELD_INVENTORY.csv
F360-XPC-MAP-0222,INSP-API-009,Inspection API,response,$.data.visit.plant.established_at,NoneType,NOT_DOCUMENTED,NOT_DOCUMENTED,inspection_tasks_or_observed_fact,inspection_tasks_or_observed_fact,CANONICAL_FIELD,Typed adapter normalization where an existing adapter declares this field; otherwise preserve exact structural path.,Task detail is context/observed fact; immutable report remains authoritative for compliance.,Provider source/version retained; platform audit is separate.,Shared Factory 360 server projection or not consumed,Same shared server projection; no provider client,CANONICAL_VERSION_ONLY,STRUCTURALLY_DOCUMENTED,FACTORY_360_API_FIELD_INVENTORY.csv
F360-XPC-MAP-0223,INSP-API-009,Inspection API,response,$.data.visit.plant.canceled_at,NoneType,NOT_DOCUMENTED,NOT_DOCUMENTED,inspection_tasks_or_observed_fact,inspection_tasks_or_observed_fact,CANONICAL_FIELD,Typed adapter normalization where an existing adapter declares this field; otherwise preserve exact structural path.,Task detail is context/observed fact; immutable report remains authoritative for compliance.,Provider source/version retained; platform audit is separate.,Shared Factory 360 server projection or not consumed,Same shared server projection; no provider client,CANONICAL_VERSION_ONLY,STRUCTURALLY_DOCUMENTED,FACTORY_360_API_FIELD_INVENTORY.csv
F360-XPC-MAP-0224,INSP-API-009,Inspection API,response,$.data.visit.plant.address,dict,NOT_DOCUMENTED,NOT_DOCUMENTED,inspection_tasks_or_observed_fact,inspection_tasks_or_observed_fact,CANONICAL_FIELD,Typed adapter normalization where an existing adapter declares this field; otherwise preserve exact structural path.,Task detail is context/observed fact; immutable report remains authoritative for compliance.,Provider source/version retained; platform audit is separate.,Shared Factory 360 server projection or not consumed,Same shared server projection; no provider client,CANONICAL_VERSION_ONLY,STRUCTURALLY_DOCUMENTED,FACTORY_360_API_FIELD_INVENTORY.csv
F360-XPC-MAP-0225,INSP-API-009,Inspection API,response,$.data.visit.plant.address.address_id,str,NOT_DOCUMENTED,NOT_DOCUMENTED,external_id,external_id,SOURCE_METADATA,Typed adapter normalization where an existing adapter declares this field; otherwise preserve exact structural path.,Retain provider ID with source and version metadata.,No platform history inferred.,Shared Factory 360 server projection or not consumed,Same shared server projection; no provider client,CANONICAL_VERSION_ONLY,STRUCTURALLY_DOCUMENTED,FACTORY_360_API_FIELD_INVENTORY.csv
F360-XPC-MAP-0226,INSP-API-009,Inspection API,response,$.data.visit.plant.address.type_code,NoneType,NOT_DOCUMENTED,NOT_DOCUMENTED,inspection_tasks_or_observed_fact,inspection_tasks_or_observed_fact,CANONICAL_FIELD,Typed adapter normalization where an existing adapter declares this field; otherwise preserve exact structural path.,Task detail is context/observed fact; immutable report remains authoritative for compliance.,Provider source/version retained; platform audit is separate.,Shared Factory 360 server projection or not consumed,Same shared server projection; no provider client,CANONICAL_VERSION_ONLY,STRUCTURALLY_DOCUMENTED,FACTORY_360_API_FIELD_INVENTORY.csv
F360-XPC-MAP-0227,INSP-API-009,Inspection API,response,$.data.visit.plant.address.address_line_1,NoneType,NOT_DOCUMENTED,NOT_DOCUMENTED,inspection_tasks_or_observed_fact,inspection_tasks_or_observed_fact,CANONICAL_FIELD,Typed adapter normalization where an existing adapter declares this field; otherwise preserve exact structural path.,Task detail is context/observed fact; immutable report remains authoritative for compliance.,Provider source/version retained; platform audit is separate.,Shared Factory 360 server projection or not consumed,Same shared server projection; no provider client,CANONICAL_VERSION_ONLY,STRUCTURALLY_DOCUMENTED,FACTORY_360_API_FIELD_INVENTORY.csv
F360-XPC-MAP-0228,INSP-API-009,Inspection API,response,$.data.visit.plant.address.land_mark,NoneType,NOT_DOCUMENTED,NOT_DOCUMENTED,inspection_tasks_or_observed_fact,inspection_tasks_or_observed_fact,CANONICAL_FIELD,Typed adapter normalization where an existing adapter declares this field; otherwise preserve exact structural path.,Task detail is context/observed fact; immutable report remains authoritative for compliance.,Provider source/version retained; platform audit is separate.,Shared Factory 360 server projection or not consumed,Same shared server projection; no provider client,CANONICAL_VERSION_ONLY,STRUCTURALLY_DOCUMENTED,FACTORY_360_API_FIELD_INVENTORY.csv
F360-XPC-MAP-0229,INSP-API-009,Inspection API,response,$.data.visit.plant.address.district_en,NoneType,NOT_DOCUMENTED,NOT_DOCUMENTED,inspection_tasks_or_observed_fact,inspection_tasks_or_observed_fact,CANONICAL_FIELD,Typed adapter normalization where an existing adapter declares this field; otherwise preserve exact structural path.,Task detail is context/observed fact; immutable report remains authoritative for compliance.,Provider source/version retained; platform audit is separate.,Shared Factory 360 server projection or not consumed,Same shared server projection; no provider client,CANONICAL_VERSION_ONLY,STRUCTURALLY_DOCUMENTED,FACTORY_360_API_FIELD_INVENTORY.csv
F360-XPC-MAP-0230,INSP-API-009,Inspection API,response,$.data.visit.plant.address.district_ar,NoneType,NOT_DOCUMENTED,NOT_DOCUMENTED,inspection_tasks_or_observed_fact,inspection_tasks_or_observed_fact,CANONICAL_FIELD,Typed adapter normalization where an existing adapter declares this field; otherwise preserve exact structural path.,Task detail is context/observed fact; immutable report remains authoritative for compliance.,Provider source/version retained; platform audit is separate.,Shared Factory 360 server projection or not consumed,Same shared server projection; no provider client,CANONICAL_VERSION_ONLY,STRUCTURALLY_DOCUMENTED,FACTORY_360_API_FIELD_INVENTORY.csv
F360-XPC-MAP-0231,INSP-API-009,Inspection API,response,$.data.visit.plant.address.building_number,NoneType,NOT_DOCUMENTED,NOT_DOCUMENTED,inspection_tasks_or_observed_fact,inspection_tasks_or_observed_fact,CANONICAL_FIELD,Typed adapter normalization where an existing adapter declares this field; otherwise preserve exact structural path.,Task detail is context/observed fact; immutable report remains authoritative for compliance.,Provider source/version retained; platform audit is separate.,Shared Factory 360 server projection or not consumed,Same shared server projection; no provider client,CANONICAL_VERSION_ONLY,STRUCTURALLY_DOCUMENTED,FACTORY_360_API_FIELD_INVENTORY.csv
F360-XPC-MAP-0232,INSP-API-009,Inspection API,response,$.data.visit.plant.address.additional_number,NoneType,NOT_DOCUMENTED,NOT_DOCUMENTED,inspection_tasks_or_observed_fact,inspection_tasks_or_observed_fact,CANONICAL_FIELD,Typed adapter normalization where an existing adapter declares this field; otherwise preserve exact structural path.,Task detail is context/observed fact; immutable report remains authoritative for compliance.,Provider source/version retained; platform audit is separate.,Shared Factory 360 server projection or not consumed,Same shared server projection; no provider client,CANONICAL_VERSION_ONLY,STRUCTURALLY_DOCUMENTED,FACTORY_360_API_FIELD_INVENTORY.csv
F360-XPC-MAP-0233,INSP-API-009,Inspection API,response,$.data.visit.plant.address.zip_code,NoneType,NOT_DOCUMENTED,NOT_DOCUMENTED,inspection_tasks_or_observed_fact,inspection_tasks_or_observed_fact,CANONICAL_FIELD,Typed adapter normalization where an existing adapter declares this field; otherwise preserve exact structural path.,Task detail is context/observed fact; immutable report remains authoritative for compliance.,Provider source/version retained; platform audit is separate.,Shared Factory 360 server projection or not consumed,Same shared server projection; no provider client,CANONICAL_VERSION_ONLY,STRUCTURALLY_DOCUMENTED,FACTORY_360_API_FIELD_INVENTORY.csv
F360-XPC-MAP-0234,INSP-API-009,Inspection API,response,$.data.visit.plant.address.unit_no,NoneType,NOT_DOCUMENTED,NOT_DOCUMENTED,inspection_tasks_or_observed_fact,inspection_tasks_or_observed_fact,CANONICAL_FIELD,Typed adapter normalization where an existing adapter declares this field; otherwise preserve exact structural path.,Task detail is context/observed fact; immutable report remains authoritative for compliance.,Provider source/version retained; platform audit is separate.,Shared Factory 360 server projection or not consumed,Same shared server projection; no provider client,CANONICAL_VERSION_ONLY,STRUCTURALLY_DOCUMENTED,FACTORY_360_API_FIELD_INVENTORY.csv
F360-XPC-MAP-0235,INSP-API-009,Inspection API,response,$.data.visit.plant.address.street_name_ar,NoneType,NOT_DOCUMENTED,NOT_DOCUMENTED,inspection_tasks_or_observed_fact,inspection_tasks_or_observed_fact,CANONICAL_FIELD,Typed adapter normalization where an existing adapter declares this field; otherwise preserve exact structural path.,Task detail is context/observed fact; immutable report remains authoritative for compliance.,Provider source/version retained; platform audit is separate.,Shared Factory 360 server projection or not consumed,Same shared server projection; no provider client,CANONICAL_VERSION_ONLY,STRUCTURALLY_DOCUMENTED,FACTORY_360_API_FIELD_INVENTORY.csv
F360-XPC-MAP-0236,INSP-API-009,Inspection API,response,$.data.visit.plant.address.street_name_en,NoneType,NOT_DOCUMENTED,NOT_DOCUMENTED,inspection_tasks_or_observed_fact,inspection_tasks_or_observed_fact,CANONICAL_FIELD,Typed adapter normalization where an existing adapter declares this field; otherwise preserve exact structural path.,Task detail is context/observed fact; immutable report remains authoritative for compliance.,Provider source/version retained; platform audit is separate.,Shared Factory 360 server projection or not consumed,Same shared server projection; no provider client,CANONICAL_VERSION_ONLY,STRUCTURALLY_DOCUMENTED,FACTORY_360_API_FIELD_INVENTORY.csv
F360-XPC-MAP-0237,INSP-API-009,Inspection API,response,$.data.visit.plant.address.latitude,NoneType,NOT_DOCUMENTED,NOT_DOCUMENTED,inspection_tasks_or_observed_fact,inspection_tasks_or_observed_fact,CANONICAL_FIELD,Typed adapter normalization where an existing adapter declares this field; otherwise preserve exact structural path.,Task detail is context/observed fact; immutable report remains authoritative for compliance.,Provider source/version retained; platform audit is separate.,Shared Factory 360 server projection or not consumed,Same shared server projection; no provider client,CANONICAL_VERSION_ONLY,STRUCTURALLY_DOCUMENTED,FACTORY_360_API_FIELD_INVENTORY.csv
F360-XPC-MAP-0238,INSP-API-009,Inspection API,response,$.data.visit.plant.address.longitude,NoneType,NOT_DOCUMENTED,NOT_DOCUMENTED,inspection_tasks_or_observed_fact,inspection_tasks_or_observed_fact,CANONICAL_FIELD,Typed adapter normalization where an existing adapter declares this field; otherwise preserve exact structural path.,Task detail is context/observed fact; immutable report remains authoritative for compliance.,Provider source/version retained; platform audit is separate.,Shared Factory 360 server projection or not consumed,Same shared server projection; no provider client,CANONICAL_VERSION_ONLY,STRUCTURALLY_DOCUMENTED,FACTORY_360_API_FIELD_INVENTORY.csv
F360-XPC-MAP-0239,INSP-API-009,Inspection API,response,$.data.visit.plant.address.city,dict,NOT_DOCUMENTED,NOT_DOCUMENTED,inspection_tasks_or_observed_fact,inspection_tasks_or_observed_fact,CANONICAL_FIELD,Typed adapter normalization where an existing adapter declares this field; otherwise preserve exact structural path.,Task detail is context/observed fact; immutable report remains authoritative for compliance.,Provider source/version retained; platform audit is separate.,Shared Factory 360 server projection or not consumed,Same shared server projection; no provider client,CANONICAL_VERSION_ONLY,STRUCTURALLY_DOCUMENTED,FACTORY_360_API_FIELD_INVENTORY.csv
F360-XPC-MAP-0240,INSP-API-009,Inspection API,response,$.data.visit.plant.address.city.name_en,str,NOT_DOCUMENTED,NOT_DOCUMENTED,inspection_tasks_or_observed_fact,inspection_tasks_or_observed_fact,CANONICAL_FIELD,Typed adapter normalization where an existing adapter declares this field; otherwise preserve exact structural path.,Task detail is context/observed fact; immutable report remains authoritative for compliance.,Provider source/version retained; platform audit is separate.,Shared Factory 360 server projection or not consumed,Same shared server projection; no provider client,CANONICAL_VERSION_ONLY,STRUCTURALLY_DOCUMENTED,FACTORY_360_API_FIELD_INVENTORY.csv
F360-XPC-MAP-0241,INSP-API-009,Inspection API,response,$.data.visit.plant.address.city.name_ar,str,NOT_DOCUMENTED,NOT_DOCUMENTED,inspection_tasks_or_observed_fact,inspection_tasks_or_observed_fact,CANONICAL_FIELD,Typed adapter normalization where an existing adapter declares this field; otherwise preserve exact structural path.,Task detail is context/observed fact; immutable report remains authoritative for compliance.,Provider source/version retained; platform audit is separate.,Shared Factory 360 server projection or not consumed,Same shared server projection; no provider client,CANONICAL_VERSION_ONLY,STRUCTURALLY_DOCUMENTED,FACTORY_360_API_FIELD_INVENTORY.csv
F360-XPC-MAP-0242,INSP-API-009,Inspection API,response,$.data.visit.plant.address.region,dict,NOT_DOCUMENTED,NOT_DOCUMENTED,inspection_tasks_or_observed_fact,inspection_tasks_or_observed_fact,CANONICAL_FIELD,Typed adapter normalization where an existing adapter declares this field; otherwise preserve exact structural path.,Task detail is context/observed fact; immutable report remains authoritative for compliance.,Provider source/version retained; platform audit is separate.,Shared Factory 360 server projection or not consumed,Same shared server projection; no provider client,CANONICAL_VERSION_ONLY,STRUCTURALLY_DOCUMENTED,FACTORY_360_API_FIELD_INVENTORY.csv
F360-XPC-MAP-0243,INSP-API-009,Inspection API,response,$.data.visit.plant.address.region.name_en,str,NOT_DOCUMENTED,NOT_DOCUMENTED,inspection_tasks_or_observed_fact,inspection_tasks_or_observed_fact,CANONICAL_FIELD,Typed adapter normalization where an existing adapter declares this field; otherwise preserve exact structural path.,Task detail is context/observed fact; immutable report remains authoritative for compliance.,Provider source/version retained; platform audit is separate.,Shared Factory 360 server projection or not consumed,Same shared server projection; no provider client,CANONICAL_VERSION_ONLY,STRUCTURALLY_DOCUMENTED,FACTORY_360_API_FIELD_INVENTORY.csv
F360-XPC-MAP-0244,INSP-API-009,Inspection API,response,$.data.visit.plant.address.region.name_ar,str,NOT_DOCUMENTED,NOT_DOCUMENTED,inspection_tasks_or_observed_fact,inspection_tasks_or_observed_fact,CANONICAL_FIELD,Typed adapter normalization where an existing adapter declares this field; otherwise preserve exact structural path.,Task detail is context/observed fact; immutable report remains authoritative for compliance.,Provider source/version retained; platform audit is separate.,Shared Factory 360 server projection or not consumed,Same shared server projection; no provider client,CANONICAL_VERSION_ONLY,STRUCTURALLY_DOCUMENTED,FACTORY_360_API_FIELD_INVENTORY.csv
F360-XPC-MAP-0245,INSP-API-009,Inspection API,response,$.data.visit.plant.land_provider,NoneType,NOT_DOCUMENTED,NOT_DOCUMENTED,inspection_tasks_or_observed_fact,inspection_tasks_or_observed_fact,CANONICAL_FIELD,Typed adapter normalization where an existing adapter declares this field; otherwise preserve exact structural path.,Task detail is context/observed fact; immutable report remains authoritative for compliance.,Provider source/version retained; platform audit is separate.,Shared Factory 360 server projection or not consumed,Same shared server projection; no provider client,CANONICAL_VERSION_ONLY,STRUCTURALLY_DOCUMENTED,FACTORY_360_API_FIELD_INVENTORY.csv
F360-XPC-MAP-0246,INSP-API-009,Inspection API,response,$.data.visit.plant.industrial_city,NoneType,NOT_DOCUMENTED,NOT_DOCUMENTED,inspection_tasks_or_observed_fact,inspection_tasks_or_observed_fact,CANONICAL_FIELD,Typed adapter normalization where an existing adapter declares this field; otherwise preserve exact structural path.,Task detail is context/observed fact; immutable report remains authoritative for compliance.,Provider source/version retained; platform audit is separate.,Shared Factory 360 server projection or not consumed,Same shared server projection; no provider client,CANONICAL_VERSION_ONLY,STRUCTURALLY_DOCUMENTED,FACTORY_360_API_FIELD_INVENTORY.csv
F360-XPC-MAP-0247,INSP-API-009,Inspection API,response,$.data.visit.plant.license_number,str,NOT_DOCUMENTED,NOT_DOCUMENTED,inspection_tasks_or_observed_fact,inspection_tasks_or_observed_fact,CANONICAL_FIELD,Typed adapter normalization where an existing adapter declares this field; otherwise preserve exact structural path.,Task detail is context/observed fact; immutable report remains authoritative for compliance.,Provider source/version retained; platform audit is separate.,Shared Factory 360 server projection or not consumed,Same shared server projection; no provider client,CANONICAL_VERSION_ONLY,STRUCTURALLY_DOCUMENTED,FACTORY_360_API_FIELD_INVENTORY.csv
F360-XPC-MAP-0248,INSP-API-009,Inspection API,response,$.data.visit.plant.hs_12_confirmed_at,str,NOT_DOCUMENTED,NOT_DOCUMENTED,inspection_tasks_or_observed_fact,inspection_tasks_or_observed_fact,CANONICAL_FIELD,Typed adapter normalization where an existing adapter declares this field; otherwise preserve exact structural path.,Task detail is context/observed fact; immutable report remains authoritative for compliance.,Provider source/version retained; platform audit is separate.,Shared Factory 360 server projection or not consumed,Same shared server projection; no provider client,CANONICAL_VERSION_ONLY,STRUCTURALLY_DOCUMENTED,FACTORY_360_API_FIELD_INVENTORY.csv
F360-XPC-MAP-0249,INSP-API-009,Inspection API,response,$.data.visit.plant.city,dict,NOT_DOCUMENTED,NOT_DOCUMENTED,inspection_tasks_or_observed_fact,inspection_tasks_or_observed_fact,CANONICAL_FIELD,Typed adapter normalization where an existing adapter declares this field; otherwise preserve exact structural path.,Task detail is context/observed fact; immutable report remains authoritative for compliance.,Provider source/version retained; platform audit is separate.,Shared Factory 360 server projection or not consumed,Same shared server projection; no provider client,CANONICAL_VERSION_ONLY,STRUCTURALLY_DOCUMENTED,FACTORY_360_API_FIELD_INVENTORY.csv
F360-XPC-MAP-0250,INSP-API-009,Inspection API,response,$.data.visit.plant.city.id,str,NOT_DOCUMENTED,NOT_DOCUMENTED,external_id,external_id,SOURCE_METADATA,Typed adapter normalization where an existing adapter declares this field; otherwise preserve exact structural path.,Retain provider ID with source and version metadata.,No platform history inferred.,Shared Factory 360 server projection or not consumed,Same shared server projection; no provider client,CANONICAL_VERSION_ONLY,STRUCTURALLY_DOCUMENTED,FACTORY_360_API_FIELD_INVENTORY.csv
F360-XPC-MAP-0251,INSP-API-009,Inspection API,response,$.data.visit.plant.city.name_en,str,NOT_DOCUMENTED,NOT_DOCUMENTED,inspection_tasks_or_observed_fact,inspection_tasks_or_observed_fact,CANONICAL_FIELD,Typed adapter normalization where an existing adapter declares this field; otherwise preserve exact structural path.,Task detail is context/observed fact; immutable report remains authoritative for compliance.,Provider source/version retained; platform audit is separate.,Shared Factory 360 server projection or not consumed,Same shared server projection; no provider client,CANONICAL_VERSION_ONLY,STRUCTURALLY_DOCUMENTED,FACTORY_360_API_FIELD_INVENTORY.csv
F360-XPC-MAP-0252,INSP-API-009,Inspection API,response,$.data.visit.plant.city.name_ar,str,NOT_DOCUMENTED,NOT_DOCUMENTED,inspection_tasks_or_observed_fact,inspection_tasks_or_observed_fact,CANONICAL_FIELD,Typed adapter normalization where an existing adapter declares this field; otherwise preserve exact structural path.,Task detail is context/observed fact; immutable report remains authoritative for compliance.,Provider source/version retained; platform audit is separate.,Shared Factory 360 server projection or not consumed,Same shared server projection; no provider client,CANONICAL_VERSION_ONLY,STRUCTURALLY_DOCUMENTED,FACTORY_360_API_FIELD_INVENTORY.csv
F360-XPC-MAP-0253,INSP-API-009,Inspection API,response,$.data.visit.plant.commercial_entity,dict,NOT_DOCUMENTED,NOT_DOCUMENTED,inspection_tasks_or_observed_fact,inspection_tasks_or_observed_fact,CANONICAL_FIELD,Typed adapter normalization where an existing adapter declares this field; otherwise preserve exact structural path.,Task detail is context/observed fact; immutable report remains authoritative for compliance.,Provider source/version retained; platform audit is separate.,Shared Factory 360 server projection or not consumed,Same shared server projection; no provider client,CANONICAL_VERSION_ONLY,STRUCTURALLY_DOCUMENTED,FACTORY_360_API_FIELD_INVENTORY.csv
F360-XPC-MAP-0254,INSP-API-009,Inspection API,response,$.data.visit.plant.commercial_entity.number,str,NOT_DOCUMENTED,NOT_DOCUMENTED,inspection_tasks_or_observed_fact,inspection_tasks_or_observed_fact,CANONICAL_FIELD,Typed adapter normalization where an existing adapter declares this field; otherwise preserve exact structural path.,Task detail is context/observed fact; immutable report remains authoritative for compliance.,Provider source/version retained; platform audit is separate.,Shared Factory 360 server projection or not consumed,Same shared server projection; no provider client,CANONICAL_VERSION_ONLY,STRUCTURALLY_DOCUMENTED,FACTORY_360_API_FIELD_INVENTORY.csv
F360-XPC-MAP-0255,INSP-API-009,Inspection API,response,$.data.visit.plant.commercial_entity.unified_number,str,NOT_DOCUMENTED,NOT_DOCUMENTED,inspection_tasks_or_observed_fact,inspection_tasks_or_observed_fact,CANONICAL_FIELD,Typed adapter normalization where an existing adapter declares this field; otherwise preserve exact structural path.,Task detail is context/observed fact; immutable report remains authoritative for compliance.,Provider source/version retained; platform audit is separate.,Shared Factory 360 server projection or not consumed,Same shared server projection; no provider client,CANONICAL_VERSION_ONLY,STRUCTURALLY_DOCUMENTED,FACTORY_360_API_FIELD_INVENTORY.csv
F360-XPC-MAP-0256,INSP-API-009,Inspection API,response,$.data.visit.plant.commercial_entity.name_en,NoneType,NOT_DOCUMENTED,NOT_DOCUMENTED,inspection_tasks_or_observed_fact,inspection_tasks_or_observed_fact,CANONICAL_FIELD,Typed adapter normalization where an existing adapter declares this field; otherwise preserve exact structural path.,Task detail is context/observed fact; immutable report remains authoritative for compliance.,Provider source/version retained; platform audit is separate.,Shared Factory 360 server projection or not consumed,Same shared server projection; no provider client,CANONICAL_VERSION_ONLY,STRUCTURALLY_DOCUMENTED,FACTORY_360_API_FIELD_INVENTORY.csv
F360-XPC-MAP-0257,INSP-API-009,Inspection API,response,$.data.visit.plant.commercial_entity.name_ar,str,NOT_DOCUMENTED,NOT_DOCUMENTED,inspection_tasks_or_observed_fact,inspection_tasks_or_observed_fact,CANONICAL_FIELD,Typed adapter normalization where an existing adapter declares this field; otherwise preserve exact structural path.,Task detail is context/observed fact; immutable report remains authoritative for compliance.,Provider source/version retained; platform audit is separate.,Shared Factory 360 server projection or not consumed,Same shared server projection; no provider client,CANONICAL_VERSION_ONLY,STRUCTURALLY_DOCUMENTED,FACTORY_360_API_FIELD_INVENTORY.csv
F360-XPC-MAP-0258,INSP-API-009,Inspection API,response,$.data.visit.city,dict,NOT_DOCUMENTED,NOT_DOCUMENTED,inspection_tasks_or_observed_fact,inspection_tasks_or_observed_fact,CANONICAL_FIELD,Typed adapter normalization where an existing adapter declares this field; otherwise preserve exact structural path.,Task detail is context/observed fact; immutable report remains authoritative for compliance.,Provider source/version retained; platform audit is separate.,Shared Factory 360 server projection or not consumed,Same shared server projection; no provider client,CANONICAL_VERSION_ONLY,STRUCTURALLY_DOCUMENTED,FACTORY_360_API_FIELD_INVENTORY.csv
F360-XPC-MAP-0259,INSP-API-009,Inspection API,response,$.data.visit.city.id,str,NOT_DOCUMENTED,NOT_DOCUMENTED,external_id,external_id,SOURCE_METADATA,Typed adapter normalization where an existing adapter declares this field; otherwise preserve exact structural path.,Retain provider ID with source and version metadata.,No platform history inferred.,Shared Factory 360 server projection or not consumed,Same shared server projection; no provider client,CANONICAL_VERSION_ONLY,STRUCTURALLY_DOCUMENTED,FACTORY_360_API_FIELD_INVENTORY.csv
F360-XPC-MAP-0260,INSP-API-009,Inspection API,response,$.data.visit.city.code,int,NOT_DOCUMENTED,NOT_DOCUMENTED,inspection_tasks_or_observed_fact,inspection_tasks_or_observed_fact,CANONICAL_FIELD,Typed adapter normalization where an existing adapter declares this field; otherwise preserve exact structural path.,Task detail is context/observed fact; immutable report remains authoritative for compliance.,Provider source/version retained; platform audit is separate.,Shared Factory 360 server projection or not consumed,Same shared server projection; no provider client,CANONICAL_VERSION_ONLY,STRUCTURALLY_DOCUMENTED,FACTORY_360_API_FIELD_INVENTORY.csv
F360-XPC-MAP-0261,INSP-API-009,Inspection API,response,$.data.visit.city.name_en,str,NOT_DOCUMENTED,NOT_DOCUMENTED,inspection_tasks_or_observed_fact,inspection_tasks_or_observed_fact,CANONICAL_FIELD,Typed adapter normalization where an existing adapter declares this field; otherwise preserve exact structural path.,Task detail is context/observed fact; immutable report remains authoritative for compliance.,Provider source/version retained; platform audit is separate.,Shared Factory 360 server projection or not consumed,Same shared server projection; no provider client,CANONICAL_VERSION_ONLY,STRUCTURALLY_DOCUMENTED,FACTORY_360_API_FIELD_INVENTORY.csv
F360-XPC-MAP-0262,INSP-API-009,Inspection API,response,$.data.visit.city.name_ar,str,NOT_DOCUMENTED,NOT_DOCUMENTED,inspection_tasks_or_observed_fact,inspection_tasks_or_observed_fact,CANONICAL_FIELD,Typed adapter normalization where an existing adapter declares this field; otherwise preserve exact structural path.,Task detail is context/observed fact; immutable report remains authoritative for compliance.,Provider source/version retained; platform audit is separate.,Shared Factory 360 server projection or not consumed,Same shared server projection; no provider client,CANONICAL_VERSION_ONLY,STRUCTURALLY_DOCUMENTED,FACTORY_360_API_FIELD_INVENTORY.csv
F360-XPC-MAP-0263,INSP-API-009,Inspection API,response,$.data.visit.city.region_id,str,NOT_DOCUMENTED,NOT_DOCUMENTED,external_id,external_id,SOURCE_METADATA,Typed adapter normalization where an existing adapter declares this field; otherwise preserve exact structural path.,Retain provider ID with source and version metadata.,No platform history inferred.,Shared Factory 360 server projection or not consumed,Same shared server projection; no provider client,CANONICAL_VERSION_ONLY,STRUCTURALLY_DOCUMENTED,FACTORY_360_API_FIELD_INVENTORY.csv
F360-XPC-MAP-0264,INSP-API-009,Inspection API,response,$.data.visit.region,dict,NOT_DOCUMENTED,NOT_DOCUMENTED,inspection_tasks_or_observed_fact,inspection_tasks_or_observed_fact,CANONICAL_FIELD,Typed adapter normalization where an existing adapter declares this field; otherwise preserve exact structural path.,Task detail is context/observed fact; immutable report remains authoritative for compliance.,Provider source/version retained; platform audit is separate.,Shared Factory 360 server projection or not consumed,Same shared server projection; no provider client,CANONICAL_VERSION_ONLY,STRUCTURALLY_DOCUMENTED,FACTORY_360_API_FIELD_INVENTORY.csv
F360-XPC-MAP-0265,INSP-API-009,Inspection API,response,$.data.visit.region.id,str,NOT_DOCUMENTED,NOT_DOCUMENTED,external_id,external_id,SOURCE_METADATA,Typed adapter normalization where an existing adapter declares this field; otherwise preserve exact structural path.,Retain provider ID with source and version metadata.,No platform history inferred.,Shared Factory 360 server projection or not consumed,Same shared server projection; no provider client,CANONICAL_VERSION_ONLY,STRUCTURALLY_DOCUMENTED,FACTORY_360_API_FIELD_INVENTORY.csv
F360-XPC-MAP-0266,INSP-API-009,Inspection API,response,$.data.visit.region.name_en,str,NOT_DOCUMENTED,NOT_DOCUMENTED,inspection_tasks_or_observed_fact,inspection_tasks_or_observed_fact,CANONICAL_FIELD,Typed adapter normalization where an existing adapter declares this field; otherwise preserve exact structural path.,Task detail is context/observed fact; immutable report remains authoritative for compliance.,Provider source/version retained; platform audit is separate.,Shared Factory 360 server projection or not consumed,Same shared server projection; no provider client,CANONICAL_VERSION_ONLY,STRUCTURALLY_DOCUMENTED,FACTORY_360_API_FIELD_INVENTORY.csv
F360-XPC-MAP-0267,INSP-API-009,Inspection API,response,$.data.visit.region.name_ar,str,NOT_DOCUMENTED,NOT_DOCUMENTED,inspection_tasks_or_observed_fact,inspection_tasks_or_observed_fact,CANONICAL_FIELD,Typed adapter normalization where an existing adapter declares this field; otherwise preserve exact structural path.,Task detail is context/observed fact; immutable report remains authoritative for compliance.,Provider source/version retained; platform audit is separate.,Shared Factory 360 server projection or not consumed,Same shared server projection; no provider client,CANONICAL_VERSION_ONLY,STRUCTURALLY_DOCUMENTED,FACTORY_360_API_FIELD_INVENTORY.csv
F360-XPC-MAP-0268,INSP-API-009,Inspection API,response,$.data.visit.region.code,int,NOT_DOCUMENTED,NOT_DOCUMENTED,inspection_tasks_or_observed_fact,inspection_tasks_or_observed_fact,CANONICAL_FIELD,Typed adapter normalization where an existing adapter declares this field; otherwise preserve exact structural path.,Task detail is context/observed fact; immutable report remains authoritative for compliance.,Provider source/version retained; platform audit is separate.,Shared Factory 360 server projection or not consumed,Same shared server projection; no provider client,CANONICAL_VERSION_ONLY,STRUCTURALLY_DOCUMENTED,FACTORY_360_API_FIELD_INVENTORY.csv
F360-XPC-MAP-0269,INSP-API-010,Inspection API,response,$.current_page,int,NOT_DOCUMENTED,NOT_DOCUMENTED,plant_production_line_items,plant_production_line_items,CANONICAL_FIELD,Typed adapter normalization where an existing adapter declares this field; otherwise preserve exact structural path.,Typed production-line adapter owns the canonical projection.,Provider source/version retained; platform audit is separate.,Shared Factory 360 server projection or not consumed,Same shared server projection; no provider client,CANONICAL_VERSION_ONLY,STRUCTURALLY_DOCUMENTED,FACTORY_360_API_FIELD_INVENTORY.csv
F360-XPC-MAP-0270,INSP-API-010,Inspection API,response,$.data,list,NOT_DOCUMENTED,NOT_DOCUMENTED,plant_production_line_items,plant_production_line_items,CANONICAL_FIELD,Typed adapter normalization where an existing adapter declares this field; otherwise preserve exact structural path.,Typed production-line adapter owns the canonical projection.,Provider source/version retained; platform audit is separate.,Shared Factory 360 server projection or not consumed,Same shared server projection; no provider client,CANONICAL_VERSION_ONLY,STRUCTURALLY_DOCUMENTED,FACTORY_360_API_FIELD_INVENTORY.csv
F360-XPC-MAP-0271,INSP-API-010,Inspection API,response,$.data[].id,str,NOT_DOCUMENTED,NOT_DOCUMENTED,external_id,external_id,SOURCE_METADATA,Typed adapter normalization where an existing adapter declares this field; otherwise preserve exact structural path.,Retain provider ID with source and version metadata.,No platform history inferred.,Shared Factory 360 server projection or not consumed,Same shared server projection; no provider client,CANONICAL_VERSION_ONLY,STRUCTURALLY_DOCUMENTED,FACTORY_360_API_FIELD_INVENTORY.csv
F360-XPC-MAP-0272,INSP-API-010,Inspection API,response,$.data[].old_id,NoneType,NOT_DOCUMENTED,NOT_DOCUMENTED,external_id,external_id,SOURCE_METADATA,Typed adapter normalization where an existing adapter declares this field; otherwise preserve exact structural path.,Retain provider ID with source and version metadata.,No platform history inferred.,Shared Factory 360 server projection or not consumed,Same shared server projection; no provider client,CANONICAL_VERSION_ONLY,STRUCTURALLY_DOCUMENTED,FACTORY_360_API_FIELD_INVENTORY.csv
F360-XPC-MAP-0273,INSP-API-010,Inspection API,response,$.data[].plant_id,str,NOT_DOCUMENTED,NOT_DOCUMENTED,external_id,external_id,SOURCE_METADATA,Typed adapter normalization where an existing adapter declares this field; otherwise preserve exact structural path.,Retain provider ID with source and version metadata.,No platform history inferred.,Shared Factory 360 server projection or not consumed,Same shared server projection; no provider client,CANONICAL_VERSION_ONLY,STRUCTURALLY_DOCUMENTED,FACTORY_360_API_FIELD_INVENTORY.csv
F360-XPC-MAP-0274,INSP-API-010,Inspection API,response,$.data[].product_id,str,NOT_DOCUMENTED,NOT_DOCUMENTED,external_id,external_id,SOURCE_METADATA,Typed adapter normalization where an existing adapter declares this field; otherwise preserve exact structural path.,Retain provider ID with source and version metadata.,No platform history inferred.,Shared Factory 360 server projection or not consumed,Same shared server projection; no provider client,CANONICAL_VERSION_ONLY,STRUCTURALLY_DOCUMENTED,FACTORY_360_API_FIELD_INVENTORY.csv
F360-XPC-MAP-0275,INSP-API-010,Inspection API,response,$.data[].unit_id,str,NOT_DOCUMENTED,NOT_DOCUMENTED,external_id,external_id,SOURCE_METADATA,Typed adapter normalization where an existing adapter declares this field; otherwise preserve exact structural path.,Retain provider ID with source and version metadata.,No platform history inferred.,Shared Factory 360 server projection or not consumed,Same shared server projection; no provider client,CANONICAL_VERSION_ONLY,STRUCTURALLY_DOCUMENTED,FACTORY_360_API_FIELD_INVENTORY.csv
F360-XPC-MAP-0276,INSP-API-010,Inspection API,response,$.data[].quantity,int,NOT_DOCUMENTED,NOT_DOCUMENTED,plant_production_line_items,plant_production_line_items,CANONICAL_FIELD,Typed adapter normalization where an existing adapter declares this field; otherwise preserve exact structural path.,Typed production-line adapter owns the canonical projection.,Provider source/version retained; platform audit is separate.,Shared Factory 360 server projection or not consumed,Same shared server projection; no provider client,CANONICAL_VERSION_ONLY,STRUCTURALLY_DOCUMENTED,FACTORY_360_API_FIELD_INVENTORY.csv
F360-XPC-MAP-0277,INSP-API-010,Inspection API,response,$.data[].is_primary,int,NOT_DOCUMENTED,NOT_DOCUMENTED,plant_production_line_items,plant_production_line_items,CANONICAL_FIELD,Typed adapter normalization where an existing adapter declares this field; otherwise preserve exact structural path.,Typed production-line adapter owns the canonical projection.,Provider source/version retained; platform audit is separate.,Shared Factory 360 server projection or not consumed,Same shared server projection; no provider client,CANONICAL_VERSION_ONLY,STRUCTURALLY_DOCUMENTED,FACTORY_360_API_FIELD_INVENTORY.csv
F360-XPC-MAP-0278,INSP-API-010,Inspection API,response,$.data[].real_production,str,NOT_DOCUMENTED,NOT_DOCUMENTED,plant_production_line_items,plant_production_line_items,CANONICAL_FIELD,Typed adapter normalization where an existing adapter declares this field; otherwise preserve exact structural path.,Typed production-line adapter owns the canonical projection.,Provider source/version retained; platform audit is separate.,Shared Factory 360 server projection or not consumed,Same shared server projection; no provider client,CANONICAL_VERSION_ONLY,STRUCTURALLY_DOCUMENTED,FACTORY_360_API_FIELD_INVENTORY.csv
F360-XPC-MAP-0279,INSP-API-010,Inspection API,response,$.data[].maximum_production,str,NOT_DOCUMENTED,NOT_DOCUMENTED,plant_production_line_items,plant_production_line_items,CANONICAL_FIELD,Typed adapter normalization where an existing adapter declares this field; otherwise preserve exact structural path.,Typed production-line adapter owns the canonical projection.,Provider source/version retained; platform audit is separate.,Shared Factory 360 server projection or not consumed,Same shared server projection; no provider client,CANONICAL_VERSION_ONLY,STRUCTURALLY_DOCUMENTED,FACTORY_360_API_FIELD_INVENTORY.csv
F360-XPC-MAP-0280,INSP-API-010,Inspection API,response,$.data[].price,str,NOT_DOCUMENTED,NOT_DOCUMENTED,plant_production_line_items,plant_production_line_items,CANONICAL_FIELD,Typed adapter normalization where an existing adapter declares this field; otherwise preserve exact structural path.,Typed production-line adapter owns the canonical projection.,Provider source/version retained; platform audit is separate.,Shared Factory 360 server projection or not consumed,Same shared server projection; no provider client,CANONICAL_VERSION_ONLY,STRUCTURALLY_DOCUMENTED,FACTORY_360_API_FIELD_INVENTORY.csv
F360-XPC-MAP-0281,INSP-API-010,Inspection API,response,$.data[].created_at,str,NOT_DOCUMENTED,NOT_DOCUMENTED,source_timestamp,source_timestamp,SOURCE_METADATA,Typed adapter normalization where an existing adapter declares this field; otherwise preserve exact structural path.,Preserve as provider timestamp; do not overwrite platform audit time.,No platform history inferred.,Shared Factory 360 server projection or not consumed,Same shared server projection; no provider client,CANONICAL_VERSION_ONLY,STRUCTURALLY_DOCUMENTED,FACTORY_360_API_FIELD_INVENTORY.csv
F360-XPC-MAP-0282,INSP-API-010,Inspection API,response,$.data[].updated_at,str,NOT_DOCUMENTED,NOT_DOCUMENTED,source_timestamp,source_timestamp,SOURCE_METADATA,Typed adapter normalization where an existing adapter declares this field; otherwise preserve exact structural path.,Preserve as provider timestamp; do not overwrite platform audit time.,No platform history inferred.,Shared Factory 360 server projection or not consumed,Same shared server projection; no provider client,CANONICAL_VERSION_ONLY,STRUCTURALLY_DOCUMENTED,FACTORY_360_API_FIELD_INVENTORY.csv
F360-XPC-MAP-0283,INSP-API-010,Inspection API,response,$.data[].deleted_at,NoneType,NOT_DOCUMENTED,NOT_DOCUMENTED,plant_production_line_items,plant_production_line_items,CANONICAL_FIELD,Typed adapter normalization where an existing adapter declares this field; otherwise preserve exact structural path.,Typed production-line adapter owns the canonical projection.,Provider source/version retained; platform audit is separate.,Shared Factory 360 server projection or not consumed,Same shared server projection; no provider client,CANONICAL_VERSION_ONLY,STRUCTURALLY_DOCUMENTED,FACTORY_360_API_FIELD_INVENTORY.csv
F360-XPC-MAP-0284,INSP-API-010,Inspection API,response,$.data[].meta,NoneType,NOT_DOCUMENTED,NOT_DOCUMENTED,plant_production_line_items,plant_production_line_items,CANONICAL_FIELD,Typed adapter normalization where an existing adapter declares this field; otherwise preserve exact structural path.,Typed production-line adapter owns the canonical projection.,Provider source/version retained; platform audit is separate.,Shared Factory 360 server projection or not consumed,Same shared server projection; no provider client,CANONICAL_VERSION_ONLY,STRUCTURALLY_DOCUMENTED,FACTORY_360_API_FIELD_INVENTORY.csv
F360-XPC-MAP-0285,INSP-API-010,Inspection API,response,$.data[].hs10_product_id,NoneType,NOT_DOCUMENTED,NOT_DOCUMENTED,external_id,external_id,SOURCE_METADATA,Typed adapter normalization where an existing adapter declares this field; otherwise preserve exact structural path.,Retain provider ID with source and version metadata.,No platform history inferred.,Shared Factory 360 server projection or not consumed,Same shared server projection; no provider client,CANONICAL_VERSION_ONLY,STRUCTURALLY_DOCUMENTED,FACTORY_360_API_FIELD_INVENTORY.csv
F360-XPC-MAP-0286,INSP-API-010,Inspection API,response,$.data[].ndb_synched_at,NoneType,NOT_DOCUMENTED,NOT_DOCUMENTED,source_timestamp,source_timestamp,SOURCE_METADATA,Typed adapter normalization where an existing adapter declares this field; otherwise preserve exact structural path.,Preserve as provider timestamp; do not overwrite platform audit time.,No platform history inferred.,Shared Factory 360 server projection or not consumed,Same shared server projection; no provider client,CANONICAL_VERSION_ONLY,STRUCTURALLY_DOCUMENTED,FACTORY_360_API_FIELD_INVENTORY.csv
F360-XPC-MAP-0287,INSP-API-010,Inspection API,response,$.data[].ndb_last_ops_at,NoneType,NOT_DOCUMENTED,NOT_DOCUMENTED,source_timestamp,source_timestamp,SOURCE_METADATA,Typed adapter normalization where an existing adapter declares this field; otherwise preserve exact structural path.,Preserve as provider timestamp; do not overwrite platform audit time.,No platform history inferred.,Shared Factory 360 server projection or not consumed,Same shared server projection; no provider client,CANONICAL_VERSION_ONLY,STRUCTURALLY_DOCUMENTED,FACTORY_360_API_FIELD_INVENTORY.csv
F360-XPC-MAP-0288,INSP-API-010,Inspection API,response,$.data[].plant,dict,NOT_DOCUMENTED,NOT_DOCUMENTED,plant_production_line_items,plant_production_line_items,CANONICAL_FIELD,Typed adapter normalization where an existing adapter declares this field; otherwise preserve exact structural path.,Typed production-line adapter owns the canonical projection.,Provider source/version retained; platform audit is separate.,Shared Factory 360 server projection or not consumed,Same shared server projection; no provider client,CANONICAL_VERSION_ONLY,STRUCTURALLY_DOCUMENTED,FACTORY_360_API_FIELD_INVENTORY.csv
F360-XPC-MAP-0289,INSP-API-010,Inspection API,response,$.data[].plant.id,str,NOT_DOCUMENTED,NOT_DOCUMENTED,external_id,external_id,SOURCE_METADATA,Typed adapter normalization where an existing adapter declares this field; otherwise preserve exact structural path.,Retain provider ID with source and version metadata.,No platform history inferred.,Shared Factory 360 server projection or not consumed,Same shared server projection; no provider client,CANONICAL_VERSION_ONLY,STRUCTURALLY_DOCUMENTED,FACTORY_360_API_FIELD_INVENTORY.csv
F360-XPC-MAP-0290,INSP-API-010,Inspection API,response,$.data[].plant.number,int,NOT_DOCUMENTED,NOT_DOCUMENTED,plant_production_line_items,plant_production_line_items,CANONICAL_FIELD,Typed adapter normalization where an existing adapter declares this field; otherwise preserve exact structural path.,Typed production-line adapter owns the canonical projection.,Provider source/version retained; platform audit is separate.,Shared Factory 360 server projection or not consumed,Same shared server projection; no provider client,CANONICAL_VERSION_ONLY,STRUCTURALLY_DOCUMENTED,FACTORY_360_API_FIELD_INVENTORY.csv
F360-XPC-MAP-0291,INSP-API-010,Inspection API,response,$.data[].plant.license,NoneType,NOT_DOCUMENTED,NOT_DOCUMENTED,plant_production_line_items,plant_production_line_items,CANONICAL_FIELD,Typed adapter normalization where an existing adapter declares this field; otherwise preserve exact structural path.,Typed production-line adapter owns the canonical projection.,Provider source/version retained; platform audit is separate.,Shared Factory 360 server projection or not consumed,Same shared server projection; no provider client,CANONICAL_VERSION_ONLY,STRUCTURALLY_DOCUMENTED,FACTORY_360_API_FIELD_INVENTORY.csv
F360-XPC-MAP-0292,INSP-API-010,Inspection API,response,$.data[].plant.address,NoneType,NOT_DOCUMENTED,NOT_DOCUMENTED,plant_production_line_items,plant_production_line_items,CANONICAL_FIELD,Typed adapter normalization where an existing adapter declares this field; otherwise preserve exact structural path.,Typed production-line adapter owns the canonical projection.,Provider source/version retained; platform audit is separate.,Shared Factory 360 server projection or not consumed,Same shared server projection; no provider client,CANONICAL_VERSION_ONLY,STRUCTURALLY_DOCUMENTED,FACTORY_360_API_FIELD_INVENTORY.csv
F360-XPC-MAP-0293,INSP-API-010,Inspection API,response,$.data[].plant.industrial_city,NoneType,NOT_DOCUMENTED,NOT_DOCUMENTED,plant_production_line_items,plant_production_line_items,CANONICAL_FIELD,Typed adapter normalization where an existing adapter declares this field; otherwise preserve exact structural path.,Typed production-line adapter owns the canonical projection.,Provider source/version retained; platform audit is separate.,Shared Factory 360 server projection or not consumed,Same shared server projection; no provider client,CANONICAL_VERSION_ONLY,STRUCTURALLY_DOCUMENTED,FACTORY_360_API_FIELD_INVENTORY.csv
F360-XPC-MAP-0294,INSP-API-010,Inspection API,response,$.data[].product,dict,NOT_DOCUMENTED,NOT_DOCUMENTED,plant_production_line_items,plant_production_line_items,CANONICAL_FIELD,Typed adapter normalization where an existing adapter declares this field; otherwise preserve exact structural path.,Typed production-line adapter owns the canonical projection.,Provider source/version retained; platform audit is separate.,Shared Factory 360 server projection or not consumed,Same shared server projection; no provider client,CANONICAL_VERSION_ONLY,STRUCTURALLY_DOCUMENTED,FACTORY_360_API_FIELD_INVENTORY.csv
F360-XPC-MAP-0295,INSP-API-010,Inspection API,response,$.data[].product.id,str,NOT_DOCUMENTED,NOT_DOCUMENTED,external_id,external_id,SOURCE_METADATA,Typed adapter normalization where an existing adapter declares this field; otherwise preserve exact structural path.,Retain provider ID with source and version metadata.,No platform history inferred.,Shared Factory 360 server projection or not consumed,Same shared server projection; no provider client,CANONICAL_VERSION_ONLY,STRUCTURALLY_DOCUMENTED,FACTORY_360_API_FIELD_INVENTORY.csv
F360-XPC-MAP-0296,INSP-API-010,Inspection API,response,$.data[].product.old_id,int,NOT_DOCUMENTED,NOT_DOCUMENTED,external_id,external_id,SOURCE_METADATA,Typed adapter normalization where an existing adapter declares this field; otherwise preserve exact structural path.,Retain provider ID with source and version metadata.,No platform history inferred.,Shared Factory 360 server projection or not consumed,Same shared server projection; no provider client,CANONICAL_VERSION_ONLY,STRUCTURALLY_DOCUMENTED,FACTORY_360_API_FIELD_INVENTORY.csv
F360-XPC-MAP-0297,INSP-API-010,Inspection API,response,$.data[].product.activity_id,str,NOT_DOCUMENTED,NOT_DOCUMENTED,external_id,external_id,SOURCE_METADATA,Typed adapter normalization where an existing adapter declares this field; otherwise preserve exact structural path.,Retain provider ID with source and version metadata.,No platform history inferred.,Shared Factory 360 server projection or not consumed,Same shared server projection; no provider client,CANONICAL_VERSION_ONLY,STRUCTURALLY_DOCUMENTED,FACTORY_360_API_FIELD_INVENTORY.csv
F360-XPC-MAP-0298,INSP-API-010,Inspection API,response,$.data[].product.product_class_id,NoneType,NOT_DOCUMENTED,NOT_DOCUMENTED,external_id,external_id,SOURCE_METADATA,Typed adapter normalization where an existing adapter declares this field; otherwise preserve exact structural path.,Retain provider ID with source and version metadata.,No platform history inferred.,Shared Factory 360 server projection or not consumed,Same shared server projection; no provider client,CANONICAL_VERSION_ONLY,STRUCTURALLY_DOCUMENTED,FACTORY_360_API_FIELD_INVENTORY.csv
F360-XPC-MAP-0299,INSP-API-010,Inspection API,response,$.data[].product.parent_id,NoneType,NOT_DOCUMENTED,NOT_DOCUMENTED,external_id,external_id,SOURCE_METADATA,Typed adapter normalization where an existing adapter declares this field; otherwise preserve exact structural path.,Retain provider ID with source and version metadata.,No platform history inferred.,Shared Factory 360 server projection or not consumed,Same shared server projection; no provider client,CANONICAL_VERSION_ONLY,STRUCTURALLY_DOCUMENTED,FACTORY_360_API_FIELD_INVENTORY.csv
F360-XPC-MAP-0300,INSP-API-010,Inspection API,response,$.data[].product.hs_code,str,NOT_DOCUMENTED,NOT_DOCUMENTED,plant_production_line_items,plant_production_line_items,CANONICAL_FIELD,Typed adapter normalization where an existing adapter declares this field; otherwise preserve exact structural path.,Typed production-line adapter owns the canonical projection.,Provider source/version retained; platform audit is separate.,Shared Factory 360 server projection or not consumed,Same shared server projection; no provider client,CANONICAL_VERSION_ONLY,STRUCTURALLY_DOCUMENTED,FACTORY_360_API_FIELD_INVENTORY.csv
F360-XPC-MAP-0301,INSP-API-010,Inspection API,response,$.data[].product.name_en,str,NOT_DOCUMENTED,NOT_DOCUMENTED,plant_production_line_items,plant_production_line_items,CANONICAL_FIELD,Typed adapter normalization where an existing adapter declares this field; otherwise preserve exact structural path.,Typed production-line adapter owns the canonical projection.,Provider source/version retained; platform audit is separate.,Shared Factory 360 server projection or not consumed,Same shared server projection; no provider client,CANONICAL_VERSION_ONLY,STRUCTURALLY_DOCUMENTED,FACTORY_360_API_FIELD_INVENTORY.csv
F360-XPC-MAP-0302,INSP-API-010,Inspection API,response,$.data[].product.name_ar,str,NOT_DOCUMENTED,NOT_DOCUMENTED,plant_production_line_items,plant_production_line_items,CANONICAL_FIELD,Typed adapter normalization where an existing adapter declares this field; otherwise preserve exact structural path.,Typed production-line adapter owns the canonical projection.,Provider source/version retained; platform audit is separate.,Shared Factory 360 server projection or not consumed,Same shared server projection; no provider client,CANONICAL_VERSION_ONLY,STRUCTURALLY_DOCUMENTED,FACTORY_360_API_FIELD_INVENTORY.csv
F360-XPC-MAP-0303,INSP-API-010,Inspection API,response,$.data[].product.quantity,NoneType,NOT_DOCUMENTED,NOT_DOCUMENTED,plant_production_line_items,plant_production_line_items,CANONICAL_FIELD,Typed adapter normalization where an existing adapter declares this field; otherwise preserve exact structural path.,Typed production-line adapter owns the canonical projection.,Provider source/version retained; platform audit is separate.,Shared Factory 360 server projection or not consumed,Same shared server projection; no provider client,CANONICAL_VERSION_ONLY,STRUCTURALLY_DOCUMENTED,FACTORY_360_API_FIELD_INVENTORY.csv
F360-XPC-MAP-0304,INSP-API-010,Inspection API,response,$.data[].product.hs_code_type,str,NOT_DOCUMENTED,NOT_DOCUMENTED,plant_production_line_items,plant_production_line_items,CANONICAL_FIELD,Typed adapter normalization where an existing adapter declares this field; otherwise preserve exact structural path.,Typed production-line adapter owns the canonical projection.,Provider source/version retained; platform audit is separate.,Shared Factory 360 server projection or not consumed,Same shared server projection; no provider client,CANONICAL_VERSION_ONLY,STRUCTURALLY_DOCUMENTED,FACTORY_360_API_FIELD_INVENTORY.csv
F360-XPC-MAP-0305,INSP-API-010,Inspection API,response,$.data[].product.standard_unit_id,NoneType,NOT_DOCUMENTED,NOT_DOCUMENTED,external_id,external_id,SOURCE_METADATA,Typed adapter normalization where an existing adapter declares this field; otherwise preserve exact structural path.,Retain provider ID with source and version metadata.,No platform history inferred.,Shared Factory 360 server projection or not consumed,Same shared server projection; no provider client,CANONICAL_VERSION_ONLY,STRUCTURALLY_DOCUMENTED,FACTORY_360_API_FIELD_INVENTORY.csv
F360-XPC-MAP-0306,INSP-API-010,Inspection API,response,$.data[].product.unit_price,NoneType,NOT_DOCUMENTED,NOT_DOCUMENTED,plant_production_line_items,plant_production_line_items,CANONICAL_FIELD,Typed adapter normalization where an existing adapter declares this field; otherwise preserve exact structural path.,Typed production-line adapter owns the canonical projection.,Provider source/version retained; platform audit is separate.,Shared Factory 360 server projection or not consumed,Same shared server projection; no provider client,CANONICAL_VERSION_ONLY,STRUCTURALLY_DOCUMENTED,FACTORY_360_API_FIELD_INVENTORY.csv
F360-XPC-MAP-0307,INSP-API-010,Inspection API,response,$.data[].product.active,int,NOT_DOCUMENTED,NOT_DOCUMENTED,plant_production_line_items,plant_production_line_items,CANONICAL_FIELD,Typed adapter normalization where an existing adapter declares this field; otherwise preserve exact structural path.,Typed production-line adapter owns the canonical projection.,Provider source/version retained; platform audit is separate.,Shared Factory 360 server projection or not consumed,Same shared server projection; no provider client,CANONICAL_VERSION_ONLY,STRUCTURALLY_DOCUMENTED,FACTORY_360_API_FIELD_INVENTORY.csv
F360-XPC-MAP-0308,INSP-API-010,Inspection API,response,$.data[].product.is_export_category_active,bool,NOT_DOCUMENTED,NOT_DOCUMENTED,plant_production_line_items,plant_production_line_items,CANONICAL_FIELD,Typed adapter normalization where an existing adapter declares this field; otherwise preserve exact structural path.,Typed production-line adapter owns the canonical projection.,Provider source/version retained; platform audit is separate.,Shared Factory 360 server projection or not consumed,Same shared server projection; no provider client,CANONICAL_VERSION_ONLY,STRUCTURALLY_DOCUMENTED,FACTORY_360_API_FIELD_INVENTORY.csv
F360-XPC-MAP-0309,INSP-API-010,Inspection API,response,$.data[].product.export_category,NoneType,NOT_DOCUMENTED,NOT_DOCUMENTED,plant_production_line_items,plant_production_line_items,CANONICAL_FIELD,Typed adapter normalization where an existing adapter declares this field; otherwise preserve exact structural path.,Typed production-line adapter owns the canonical projection.,Provider source/version retained; platform audit is separate.,Shared Factory 360 server projection or not consumed,Same shared server projection; no provider client,CANONICAL_VERSION_ONLY,STRUCTURALLY_DOCUMENTED,FACTORY_360_API_FIELD_INVENTORY.csv
F360-XPC-MAP-0310,INSP-API-010,Inspection API,response,$.data[].product.last_updated_by,NoneType,NOT_DOCUMENTED,NOT_DOCUMENTED,plant_production_line_items,plant_production_line_items,CANONICAL_FIELD,Typed adapter normalization where an existing adapter declares this field; otherwise preserve exact structural path.,Typed production-line adapter owns the canonical projection.,Provider source/version retained; platform audit is separate.,Shared Factory 360 server projection or not consumed,Same shared server projection; no provider client,CANONICAL_VERSION_ONLY,STRUCTURALLY_DOCUMENTED,FACTORY_360_API_FIELD_INVENTORY.csv
F360-XPC-MAP-0311,INSP-API-010,Inspection API,response,$.data[].product.is_allowed,bool,NOT_DOCUMENTED,NOT_DOCUMENTED,plant_production_line_items,plant_production_line_items,CANONICAL_FIELD,Typed adapter normalization where an existing adapter declares this field; otherwise preserve exact structural path.,Typed production-line adapter owns the canonical projection.,Provider source/version retained; platform audit is separate.,Shared Factory 360 server projection or not consumed,Same shared server projection; no provider client,CANONICAL_VERSION_ONLY,STRUCTURALLY_DOCUMENTED,FACTORY_360_API_FIELD_INVENTORY.csv
F360-XPC-MAP-0312,INSP-API-010,Inspection API,response,$.data[].product.is_fully_manufactured,bool,NOT_DOCUMENTED,NOT_DOCUMENTED,plant_production_line_items,plant_production_line_items,CANONICAL_FIELD,Typed adapter normalization where an existing adapter declares this field; otherwise preserve exact structural path.,Typed production-line adapter owns the canonical projection.,Provider source/version retained; platform audit is separate.,Shared Factory 360 server projection or not consumed,Same shared server projection; no provider client,CANONICAL_VERSION_ONLY,STRUCTURALLY_DOCUMENTED,FACTORY_360_API_FIELD_INVENTORY.csv
F360-XPC-MAP-0313,INSP-API-010,Inspection API,response,$.data[].product.is_license_restricted,bool,NOT_DOCUMENTED,NOT_DOCUMENTED,plant_production_line_items,plant_production_line_items,CANONICAL_FIELD,Typed adapter normalization where an existing adapter declares this field; otherwise preserve exact structural path.,Typed production-line adapter owns the canonical projection.,Provider source/version retained; platform audit is separate.,Shared Factory 360 server projection or not consumed,Same shared server projection; no provider client,CANONICAL_VERSION_ONLY,STRUCTURALLY_DOCUMENTED,FACTORY_360_API_FIELD_INVENTORY.csv
F360-XPC-MAP-0314,INSP-API-010,Inspection API,response,$.data[].product.remark,NoneType,NOT_DOCUMENTED,NOT_DOCUMENTED,plant_production_line_items,plant_production_line_items,CANONICAL_FIELD,Typed adapter normalization where an existing adapter declares this field; otherwise preserve exact structural path.,Typed production-line adapter owns the canonical projection.,Provider source/version retained; platform audit is separate.,Shared Factory 360 server projection or not consumed,Same shared server projection; no provider client,CANONICAL_VERSION_ONLY,STRUCTURALLY_DOCUMENTED,FACTORY_360_API_FIELD_INVENTORY.csv
F360-XPC-MAP-0315,INSP-API-010,Inspection API,response,$.data[].product.is_spare_part,bool,NOT_DOCUMENTED,NOT_DOCUMENTED,plant_production_line_items,plant_production_line_items,CANONICAL_FIELD,Typed adapter normalization where an existing adapter declares this field; otherwise preserve exact structural path.,Typed production-line adapter owns the canonical projection.,Provider source/version retained; platform audit is separate.,Shared Factory 360 server projection or not consumed,Same shared server projection; no provider client,CANONICAL_VERSION_ONLY,STRUCTURALLY_DOCUMENTED,FACTORY_360_API_FIELD_INVENTORY.csv
F360-XPC-MAP-0316,INSP-API-010,Inspection API,response,$.data[].product.is_machine,int,NOT_DOCUMENTED,NOT_DOCUMENTED,plant_production_line_items,plant_production_line_items,CANONICAL_FIELD,Typed adapter normalization where an existing adapter declares this field; otherwise preserve exact structural path.,Typed production-line adapter owns the canonical projection.,Provider source/version retained; platform audit is separate.,Shared Factory 360 server projection or not consumed,Same shared server projection; no provider client,CANONICAL_VERSION_ONLY,STRUCTURALLY_DOCUMENTED,FACTORY_360_API_FIELD_INVENTORY.csv
F360-XPC-MAP-0317,INSP-API-010,Inspection API,response,$.data[].product.is_end_product,bool,NOT_DOCUMENTED,NOT_DOCUMENTED,plant_production_line_items,plant_production_line_items,CANONICAL_FIELD,Typed adapter normalization where an existing adapter declares this field; otherwise preserve exact structural path.,Typed production-line adapter owns the canonical projection.,Provider source/version retained; platform audit is separate.,Shared Factory 360 server projection or not consumed,Same shared server projection; no provider client,CANONICAL_VERSION_ONLY,STRUCTURALLY_DOCUMENTED,FACTORY_360_API_FIELD_INVENTORY.csv
F360-XPC-MAP-0318,INSP-API-010,Inspection API,response,$.data[].product.is_raw_material,bool,NOT_DOCUMENTED,NOT_DOCUMENTED,plant_production_line_items,plant_production_line_items,CANONICAL_FIELD,Typed adapter normalization where an existing adapter declares this field; otherwise preserve exact structural path.,Typed production-line adapter owns the canonical projection.,Provider source/version retained; platform audit is separate.,Shared Factory 360 server projection or not consumed,Same shared server projection; no provider client,CANONICAL_VERSION_ONLY,STRUCTURALLY_DOCUMENTED,FACTORY_360_API_FIELD_INVENTORY.csv
F360-XPC-MAP-0319,INSP-API-010,Inspection API,response,$.data[].product.is_industrial_auditing_product,int,NOT_DOCUMENTED,NOT_DOCUMENTED,plant_production_line_items,plant_production_line_items,CANONICAL_FIELD,Typed adapter normalization where an existing adapter declares this field; otherwise preserve exact structural path.,Typed production-line adapter owns the canonical projection.,Provider source/version retained; platform audit is separate.,Shared Factory 360 server projection or not consumed,Same shared server projection; no provider client,CANONICAL_VERSION_ONLY,STRUCTURALLY_DOCUMENTED,FACTORY_360_API_FIELD_INVENTORY.csv
F360-XPC-MAP-0320,INSP-API-010,Inspection API,response,$.data[].product.none_industrial_product,int,NOT_DOCUMENTED,NOT_DOCUMENTED,plant_production_line_items,plant_production_line_items,CANONICAL_FIELD,Typed adapter normalization where an existing adapter declares this field; otherwise preserve exact structural path.,Typed production-line adapter owns the canonical projection.,Provider source/version retained; platform audit is separate.,Shared Factory 360 server projection or not consumed,Same shared server projection; no provider client,CANONICAL_VERSION_ONLY,STRUCTURALLY_DOCUMENTED,FACTORY_360_API_FIELD_INVENTORY.csv
F360-XPC-MAP-0321,INSP-API-010,Inspection API,response,$.data[].product.exempted_percentage,int,NOT_DOCUMENTED,NOT_DOCUMENTED,plant_production_line_items,plant_production_line_items,CANONICAL_FIELD,Typed adapter normalization where an existing adapter declares this field; otherwise preserve exact structural path.,Typed production-line adapter owns the canonical projection.,Provider source/version retained; platform audit is separate.,Shared Factory 360 server projection or not consumed,Same shared server projection; no provider client,CANONICAL_VERSION_ONLY,STRUCTURALLY_DOCUMENTED,FACTORY_360_API_FIELD_INVENTORY.csv
F360-XPC-MAP-0322,INSP-API-010,Inspection API,response,$.data[].product.created_at,str,NOT_DOCUMENTED,NOT_DOCUMENTED,source_timestamp,source_timestamp,SOURCE_METADATA,Typed adapter normalization where an existing adapter declares this field; otherwise preserve exact structural path.,Preserve as provider timestamp; do not overwrite platform audit time.,No platform history inferred.,Shared Factory 360 server projection or not consumed,Same shared server projection; no provider client,CANONICAL_VERSION_ONLY,STRUCTURALLY_DOCUMENTED,FACTORY_360_API_FIELD_INVENTORY.csv
F360-XPC-MAP-0323,INSP-API-010,Inspection API,response,$.data[].product.updated_at,str,NOT_DOCUMENTED,NOT_DOCUMENTED,source_timestamp,source_timestamp,SOURCE_METADATA,Typed adapter normalization where an existing adapter declares this field; otherwise preserve exact structural path.,Preserve as provider timestamp; do not overwrite platform audit time.,No platform history inferred.,Shared Factory 360 server projection or not consumed,Same shared server projection; no provider client,CANONICAL_VERSION_ONLY,STRUCTURALLY_DOCUMENTED,FACTORY_360_API_FIELD_INVENTORY.csv
F360-XPC-MAP-0324,INSP-API-010,Inspection API,response,$.data[].product.deleted_at,NoneType,NOT_DOCUMENTED,NOT_DOCUMENTED,plant_production_line_items,plant_production_line_items,CANONICAL_FIELD,Typed adapter normalization where an existing adapter declares this field; otherwise preserve exact structural path.,Typed production-line adapter owns the canonical projection.,Provider source/version retained; platform audit is separate.,Shared Factory 360 server projection or not consumed,Same shared server projection; no provider client,CANONICAL_VERSION_ONLY,STRUCTURALLY_DOCUMENTED,FACTORY_360_API_FIELD_INVENTORY.csv
F360-XPC-MAP-0325,INSP-API-010,Inspection API,response,$.data[].product.hs12_product_id,NoneType,NOT_DOCUMENTED,NOT_DOCUMENTED,external_id,external_id,SOURCE_METADATA,Typed adapter normalization where an existing adapter declares this field; otherwise preserve exact structural path.,Retain provider ID with source and version metadata.,No platform history inferred.,Shared Factory 360 server projection or not consumed,Same shared server projection; no provider client,CANONICAL_VERSION_ONLY,STRUCTURALLY_DOCUMENTED,FACTORY_360_API_FIELD_INVENTORY.csv
F360-XPC-MAP-0326,INSP-API-010,Inspection API,response,$.data[].product.ndb_synched_at,NoneType,NOT_DOCUMENTED,NOT_DOCUMENTED,source_timestamp,source_timestamp,SOURCE_METADATA,Typed adapter normalization where an existing adapter declares this field; otherwise preserve exact structural path.,Preserve as provider timestamp; do not overwrite platform audit time.,No platform history inferred.,Shared Factory 360 server projection or not consumed,Same shared server projection; no provider client,CANONICAL_VERSION_ONLY,STRUCTURALLY_DOCUMENTED,FACTORY_360_API_FIELD_INVENTORY.csv
F360-XPC-MAP-0327,INSP-API-010,Inspection API,response,$.data[].product.ndb_last_ops_at,NoneType,NOT_DOCUMENTED,NOT_DOCUMENTED,source_timestamp,source_timestamp,SOURCE_METADATA,Typed adapter normalization where an existing adapter declares this field; otherwise preserve exact structural path.,Preserve as provider timestamp; do not overwrite platform audit time.,No platform history inferred.,Shared Factory 360 server projection or not consumed,Same shared server projection; no provider client,CANONICAL_VERSION_ONLY,STRUCTURALLY_DOCUMENTED,FACTORY_360_API_FIELD_INVENTORY.csv
F360-XPC-MAP-0328,INSP-API-010,Inspection API,response,$.data[].product.name,str,NOT_DOCUMENTED,NOT_DOCUMENTED,plant_production_line_items,plant_production_line_items,CANONICAL_FIELD,Typed adapter normalization where an existing adapter declares this field; otherwise preserve exact structural path.,Typed production-line adapter owns the canonical projection.,Provider source/version retained; platform audit is separate.,Shared Factory 360 server projection or not consumed,Same shared server projection; no provider client,CANONICAL_VERSION_ONLY,STRUCTURALLY_DOCUMENTED,FACTORY_360_API_FIELD_INVENTORY.csv
F360-XPC-MAP-0329,INSP-API-010,Inspection API,response,$.data[].product.product_class,NoneType,NOT_DOCUMENTED,NOT_DOCUMENTED,plant_production_line_items,plant_production_line_items,CANONICAL_FIELD,Typed adapter normalization where an existing adapter declares this field; otherwise preserve exact structural path.,Typed production-line adapter owns the canonical projection.,Provider source/version retained; platform audit is separate.,Shared Factory 360 server projection or not consumed,Same shared server projection; no provider client,CANONICAL_VERSION_ONLY,STRUCTURALLY_DOCUMENTED,FACTORY_360_API_FIELD_INVENTORY.csv
F360-XPC-MAP-0330,INSP-API-010,Inspection API,response,$.data[].product.activity,dict,NOT_DOCUMENTED,NOT_DOCUMENTED,plant_production_line_items,plant_production_line_items,CANONICAL_FIELD,Typed adapter normalization where an existing adapter declares this field; otherwise preserve exact structural path.,Typed production-line adapter owns the canonical projection.,Provider source/version retained; platform audit is separate.,Shared Factory 360 server projection or not consumed,Same shared server projection; no provider client,CANONICAL_VERSION_ONLY,STRUCTURALLY_DOCUMENTED,FACTORY_360_API_FIELD_INVENTORY.csv
F360-XPC-MAP-0331,INSP-API-010,Inspection API,response,$.data[].product.activity.id,str,NOT_DOCUMENTED,NOT_DOCUMENTED,external_id,external_id,SOURCE_METADATA,Typed adapter normalization where an existing adapter declares this field; otherwise preserve exact structural path.,Retain provider ID with source and version metadata.,No platform history inferred.,Shared Factory 360 server projection or not consumed,Same shared server projection; no provider client,CANONICAL_VERSION_ONLY,STRUCTURALLY_DOCUMENTED,FACTORY_360_API_FIELD_INVENTORY.csv
F360-XPC-MAP-0332,INSP-API-010,Inspection API,response,$.data[].product.activity.old_id,int,NOT_DOCUMENTED,NOT_DOCUMENTED,external_id,external_id,SOURCE_METADATA,Typed adapter normalization where an existing adapter declares this field; otherwise preserve exact structural path.,Retain provider ID with source and version metadata.,No platform history inferred.,Shared Factory 360 server projection or not consumed,Same shared server projection; no provider client,CANONICAL_VERSION_ONLY,STRUCTURALLY_DOCUMENTED,FACTORY_360_API_FIELD_INVENTORY.csv
F360-XPC-MAP-0333,INSP-API-010,Inspection API,response,$.data[].product.activity.parent_id,str,NOT_DOCUMENTED,NOT_DOCUMENTED,external_id,external_id,SOURCE_METADATA,Typed adapter normalization where an existing adapter declares this field; otherwise preserve exact structural path.,Retain provider ID with source and version metadata.,No platform history inferred.,Shared Factory 360 server projection or not consumed,Same shared server projection; no provider client,CANONICAL_VERSION_ONLY,STRUCTURALLY_DOCUMENTED,FACTORY_360_API_FIELD_INVENTORY.csv
F360-XPC-MAP-0334,INSP-API-010,Inspection API,response,$.data[].product.activity.isic_code,str,NOT_DOCUMENTED,NOT_DOCUMENTED,plant_production_line_items,plant_production_line_items,CANONICAL_FIELD,Typed adapter normalization where an existing adapter declares this field; otherwise preserve exact structural path.,Typed production-line adapter owns the canonical projection.,Provider source/version retained; platform audit is separate.,Shared Factory 360 server projection or not consumed,Same shared server projection; no provider client,CANONICAL_VERSION_ONLY,STRUCTURALLY_DOCUMENTED,FACTORY_360_API_FIELD_INVENTORY.csv
F360-XPC-MAP-0335,INSP-API-010,Inspection API,response,$.data[].product.activity.name_en,str,NOT_DOCUMENTED,NOT_DOCUMENTED,plant_production_line_items,plant_production_line_items,CANONICAL_FIELD,Typed adapter normalization where an existing adapter declares this field; otherwise preserve exact structural path.,Typed production-line adapter owns the canonical projection.,Provider source/version retained; platform audit is separate.,Shared Factory 360 server projection or not consumed,Same shared server projection; no provider client,CANONICAL_VERSION_ONLY,STRUCTURALLY_DOCUMENTED,FACTORY_360_API_FIELD_INVENTORY.csv
F360-XPC-MAP-0336,INSP-API-010,Inspection API,response,$.data[].product.activity.name_ar,str,NOT_DOCUMENTED,NOT_DOCUMENTED,plant_production_line_items,plant_production_line_items,CANONICAL_FIELD,Typed adapter normalization where an existing adapter declares this field; otherwise preserve exact structural path.,Typed production-line adapter owns the canonical projection.,Provider source/version retained; platform audit is separate.,Shared Factory 360 server projection or not consumed,Same shared server projection; no provider client,CANONICAL_VERSION_ONLY,STRUCTURALLY_DOCUMENTED,FACTORY_360_API_FIELD_INVENTORY.csv
F360-XPC-MAP-0337,INSP-API-010,Inspection API,response,$.data[].product.activity.is_industrial,bool,NOT_DOCUMENTED,NOT_DOCUMENTED,plant_production_line_items,plant_production_line_items,CANONICAL_FIELD,Typed adapter normalization where an existing adapter declares this field; otherwise preserve exact structural path.,Typed production-line adapter owns the canonical projection.,Provider source/version retained; platform audit is separate.,Shared Factory 360 server projection or not consumed,Same shared server projection; no provider client,CANONICAL_VERSION_ONLY,STRUCTURALLY_DOCUMENTED,FACTORY_360_API_FIELD_INVENTORY.csv
F360-XPC-MAP-0338,INSP-API-010,Inspection API,response,$.data[].product.activity.is_medical,bool,NOT_DOCUMENTED,NOT_DOCUMENTED,plant_production_line_items,plant_production_line_items,CANONICAL_FIELD,Typed adapter normalization where an existing adapter declares this field; otherwise preserve exact structural path.,Typed production-line adapter owns the canonical projection.,Provider source/version retained; platform audit is separate.,Shared Factory 360 server projection or not consumed,Same shared server projection; no provider client,CANONICAL_VERSION_ONLY,STRUCTURALLY_DOCUMENTED,FACTORY_360_API_FIELD_INVENTORY.csv
F360-XPC-MAP-0339,INSP-API-010,Inspection API,response,$.data[].product.activity.is_military,bool,NOT_DOCUMENTED,NOT_DOCUMENTED,plant_production_line_items,plant_production_line_items,CANONICAL_FIELD,Typed adapter normalization where an existing adapter declares this field; otherwise preserve exact structural path.,Typed production-line adapter owns the canonical projection.,Provider source/version retained; platform audit is separate.,Shared Factory 360 server projection or not consumed,Same shared server projection; no provider client,CANONICAL_VERSION_ONLY,STRUCTURALLY_DOCUMENTED,FACTORY_360_API_FIELD_INVENTORY.csv
F360-XPC-MAP-0340,INSP-API-010,Inspection API,response,$.data[].product.activity.is_restricted,bool,NOT_DOCUMENTED,NOT_DOCUMENTED,plant_production_line_items,plant_production_line_items,CANONICAL_FIELD,Typed adapter normalization where an existing adapter declares this field; otherwise preserve exact structural path.,Typed production-line adapter owns the canonical projection.,Provider source/version retained; platform audit is separate.,Shared Factory 360 server projection or not consumed,Same shared server projection; no provider client,CANONICAL_VERSION_ONLY,STRUCTURALLY_DOCUMENTED,FACTORY_360_API_FIELD_INVENTORY.csv
F360-XPC-MAP-0341,INSP-API-010,Inspection API,response,$.data[].product.activity.is_gold,bool,NOT_DOCUMENTED,NOT_DOCUMENTED,plant_production_line_items,plant_production_line_items,CANONICAL_FIELD,Typed adapter normalization where an existing adapter declares this field; otherwise preserve exact structural path.,Typed production-line adapter owns the canonical projection.,Provider source/version retained; platform audit is separate.,Shared Factory 360 server projection or not consumed,Same shared server projection; no provider client,CANONICAL_VERSION_ONLY,STRUCTURALLY_DOCUMENTED,FACTORY_360_API_FIELD_INVENTORY.csv
F360-XPC-MAP-0342,INSP-API-010,Inspection API,response,$.data[].product.activity.show_warning_message,int,NOT_DOCUMENTED,NOT_DOCUMENTED,plant_production_line_items,plant_production_line_items,CANONICAL_FIELD,Typed adapter normalization where an existing adapter declares this field; otherwise preserve exact structural path.,Typed production-line adapter owns the canonical projection.,Provider source/version retained; platform audit is separate.,Shared Factory 360 server projection or not consumed,Same shared server projection; no provider client,CANONICAL_VERSION_ONLY,STRUCTURALLY_DOCUMENTED,FACTORY_360_API_FIELD_INVENTORY.csv
F360-XPC-MAP-0343,INSP-API-010,Inspection API,response,$.data[].product.activity.warning_message,NoneType,NOT_DOCUMENTED,NOT_DOCUMENTED,plant_production_line_items,plant_production_line_items,CANONICAL_FIELD,Typed adapter normalization where an existing adapter declares this field; otherwise preserve exact structural path.,Typed production-line adapter owns the canonical projection.,Provider source/version retained; platform audit is separate.,Shared Factory 360 server projection or not consumed,Same shared server projection; no provider client,CANONICAL_VERSION_ONLY,STRUCTURALLY_DOCUMENTED,FACTORY_360_API_FIELD_INVENTORY.csv
F360-XPC-MAP-0344,INSP-API-010,Inspection API,response,$.data[].product.activity.created_at,str,NOT_DOCUMENTED,NOT_DOCUMENTED,source_timestamp,source_timestamp,SOURCE_METADATA,Typed adapter normalization where an existing adapter declares this field; otherwise preserve exact structural path.,Preserve as provider timestamp; do not overwrite platform audit time.,No platform history inferred.,Shared Factory 360 server projection or not consumed,Same shared server projection; no provider client,CANONICAL_VERSION_ONLY,STRUCTURALLY_DOCUMENTED,FACTORY_360_API_FIELD_INVENTORY.csv
F360-XPC-MAP-0345,INSP-API-010,Inspection API,response,$.data[].product.activity.updated_at,str,NOT_DOCUMENTED,NOT_DOCUMENTED,source_timestamp,source_timestamp,SOURCE_METADATA,Typed adapter normalization where an existing adapter declares this field; otherwise preserve exact structural path.,Preserve as provider timestamp; do not overwrite platform audit time.,No platform history inferred.,Shared Factory 360 server projection or not consumed,Same shared server projection; no provider client,CANONICAL_VERSION_ONLY,STRUCTURALLY_DOCUMENTED,FACTORY_360_API_FIELD_INVENTORY.csv
F360-XPC-MAP-0346,INSP-API-010,Inspection API,response,$.data[].product.activity.deleted_at,NoneType,NOT_DOCUMENTED,NOT_DOCUMENTED,plant_production_line_items,plant_production_line_items,CANONICAL_FIELD,Typed adapter normalization where an existing adapter declares this field; otherwise preserve exact structural path.,Typed production-line adapter owns the canonical projection.,Provider source/version retained; platform audit is separate.,Shared Factory 360 server projection or not consumed,Same shared server projection; no provider client,CANONICAL_VERSION_ONLY,STRUCTURALLY_DOCUMENTED,FACTORY_360_API_FIELD_INVENTORY.csv
F360-XPC-MAP-0347,INSP-API-010,Inspection API,response,$.data[].product.activity.ndb_synched_at,NoneType,NOT_DOCUMENTED,NOT_DOCUMENTED,source_timestamp,source_timestamp,SOURCE_METADATA,Typed adapter normalization where an existing adapter declares this field; otherwise preserve exact structural path.,Preserve as provider timestamp; do not overwrite platform audit time.,No platform history inferred.,Shared Factory 360 server projection or not consumed,Same shared server projection; no provider client,CANONICAL_VERSION_ONLY,STRUCTURALLY_DOCUMENTED,FACTORY_360_API_FIELD_INVENTORY.csv
F360-XPC-MAP-0348,INSP-API-010,Inspection API,response,$.data[].product.activity.ndb_last_ops_at,NoneType,NOT_DOCUMENTED,NOT_DOCUMENTED,source_timestamp,source_timestamp,SOURCE_METADATA,Typed adapter normalization where an existing adapter declares this field; otherwise preserve exact structural path.,Preserve as provider timestamp; do not overwrite platform audit time.,No platform history inferred.,Shared Factory 360 server projection or not consumed,Same shared server projection; no provider client,CANONICAL_VERSION_ONLY,STRUCTURALLY_DOCUMENTED,FACTORY_360_API_FIELD_INVENTORY.csv
F360-XPC-MAP-0349,INSP-API-010,Inspection API,response,$.data[].product.activity.industrial_sector_id,NoneType,NOT_DOCUMENTED,NOT_DOCUMENTED,external_id,external_id,SOURCE_METADATA,Typed adapter normalization where an existing adapter declares this field; otherwise preserve exact structural path.,Retain provider ID with source and version metadata.,No platform history inferred.,Shared Factory 360 server projection or not consumed,Same shared server projection; no provider client,CANONICAL_VERSION_ONLY,STRUCTURALLY_DOCUMENTED,FACTORY_360_API_FIELD_INVENTORY.csv
F360-XPC-MAP-0350,INSP-API-010,Inspection API,response,$.data[].product.activity.name,str,NOT_DOCUMENTED,NOT_DOCUMENTED,plant_production_line_items,plant_production_line_items,CANONICAL_FIELD,Typed adapter normalization where an existing adapter declares this field; otherwise preserve exact structural path.,Typed production-line adapter owns the canonical projection.,Provider source/version retained; platform audit is separate.,Shared Factory 360 server projection or not consumed,Same shared server projection; no provider client,CANONICAL_VERSION_ONLY,STRUCTURALLY_DOCUMENTED,FACTORY_360_API_FIELD_INVENTORY.csv
F360-XPC-MAP-0351,INSP-API-010,Inspection API,response,$.data[].unit,dict,NOT_DOCUMENTED,NOT_DOCUMENTED,plant_production_line_items,plant_production_line_items,CANONICAL_FIELD,Typed adapter normalization where an existing adapter declares this field; otherwise preserve exact structural path.,Typed production-line adapter owns the canonical projection.,Provider source/version retained; platform audit is separate.,Shared Factory 360 server projection or not consumed,Same shared server projection; no provider client,CANONICAL_VERSION_ONLY,STRUCTURALLY_DOCUMENTED,FACTORY_360_API_FIELD_INVENTORY.csv
F360-XPC-MAP-0352,INSP-API-010,Inspection API,response,$.data[].unit.id,str,NOT_DOCUMENTED,NOT_DOCUMENTED,external_id,external_id,SOURCE_METADATA,Typed adapter normalization where an existing adapter declares this field; otherwise preserve exact structural path.,Retain provider ID with source and version metadata.,No platform history inferred.,Shared Factory 360 server projection or not consumed,Same shared server projection; no provider client,CANONICAL_VERSION_ONLY,STRUCTURALLY_DOCUMENTED,FACTORY_360_API_FIELD_INVENTORY.csv
F360-XPC-MAP-0353,INSP-API-010,Inspection API,response,$.data[].unit.parent_id,NoneType,NOT_DOCUMENTED,NOT_DOCUMENTED,external_id,external_id,SOURCE_METADATA,Typed adapter normalization where an existing adapter declares this field; otherwise preserve exact structural path.,Retain provider ID with source and version metadata.,No platform history inferred.,Shared Factory 360 server projection or not consumed,Same shared server projection; no provider client,CANONICAL_VERSION_ONLY,STRUCTURALLY_DOCUMENTED,FACTORY_360_API_FIELD_INVENTORY.csv
F360-XPC-MAP-0354,INSP-API-010,Inspection API,response,$.data[].unit.code,str,NOT_DOCUMENTED,NOT_DOCUMENTED,plant_production_line_items,plant_production_line_items,CANONICAL_FIELD,Typed adapter normalization where an existing adapter declares this field; otherwise preserve exact structural path.,Typed production-line adapter owns the canonical projection.,Provider source/version retained; platform audit is separate.,Shared Factory 360 server projection or not consumed,Same shared server projection; no provider client,CANONICAL_VERSION_ONLY,STRUCTURALLY_DOCUMENTED,FACTORY_360_API_FIELD_INVENTORY.csv
F360-XPC-MAP-0355,INSP-API-010,Inspection API,response,$.data[].unit.name_en,str,NOT_DOCUMENTED,NOT_DOCUMENTED,plant_production_line_items,plant_production_line_items,CANONICAL_FIELD,Typed adapter normalization where an existing adapter declares this field; otherwise preserve exact structural path.,Typed production-line adapter owns the canonical projection.,Provider source/version retained; platform audit is separate.,Shared Factory 360 server projection or not consumed,Same shared server projection; no provider client,CANONICAL_VERSION_ONLY,STRUCTURALLY_DOCUMENTED,FACTORY_360_API_FIELD_INVENTORY.csv
F360-XPC-MAP-0356,INSP-API-010,Inspection API,response,$.data[].unit.name_ar,str,NOT_DOCUMENTED,NOT_DOCUMENTED,plant_production_line_items,plant_production_line_items,CANONICAL_FIELD,Typed adapter normalization where an existing adapter declares this field; otherwise preserve exact structural path.,Typed production-line adapter owns the canonical projection.,Provider source/version retained; platform audit is separate.,Shared Factory 360 server projection or not consumed,Same shared server projection; no provider client,CANONICAL_VERSION_ONLY,STRUCTURALLY_DOCUMENTED,FACTORY_360_API_FIELD_INVENTORY.csv
F360-XPC-MAP-0357,INSP-API-010,Inspection API,response,$.data[].unit.is_thermal,int,NOT_DOCUMENTED,NOT_DOCUMENTED,plant_production_line_items,plant_production_line_items,CANONICAL_FIELD,Typed adapter normalization where an existing adapter declares this field; otherwise preserve exact structural path.,Typed production-line adapter owns the canonical projection.,Provider source/version retained; platform audit is separate.,Shared Factory 360 server projection or not consumed,Same shared server projection; no provider client,CANONICAL_VERSION_ONLY,STRUCTURALLY_DOCUMENTED,FACTORY_360_API_FIELD_INVENTORY.csv
F360-XPC-MAP-0358,INSP-API-010,Inspection API,response,$.data[].unit.is_scanning,int,NOT_DOCUMENTED,NOT_DOCUMENTED,plant_production_line_items,plant_production_line_items,CANONICAL_FIELD,Typed adapter normalization where an existing adapter declares this field; otherwise preserve exact structural path.,Typed production-line adapter owns the canonical projection.,Provider source/version retained; platform audit is separate.,Shared Factory 360 server projection or not consumed,Same shared server projection; no provider client,CANONICAL_VERSION_ONLY,STRUCTURALLY_DOCUMENTED,FACTORY_360_API_FIELD_INVENTORY.csv
F360-XPC-MAP-0359,INSP-API-010,Inspection API,response,$.data[].unit.is_for_gold_activity,int,NOT_DOCUMENTED,NOT_DOCUMENTED,plant_production_line_items,plant_production_line_items,CANONICAL_FIELD,Typed adapter normalization where an existing adapter declares this field; otherwise preserve exact structural path.,Typed production-line adapter owns the canonical projection.,Provider source/version retained; platform audit is separate.,Shared Factory 360 server projection or not consumed,Same shared server projection; no provider client,CANONICAL_VERSION_ONLY,STRUCTURALLY_DOCUMENTED,FACTORY_360_API_FIELD_INVENTORY.csv
F360-XPC-MAP-0360,INSP-API-010,Inspection API,response,$.data[].unit.is_diesel,int,NOT_DOCUMENTED,NOT_DOCUMENTED,plant_production_line_items,plant_production_line_items,CANONICAL_FIELD,Typed adapter normalization where an existing adapter declares this field; otherwise preserve exact structural path.,Typed production-line adapter owns the canonical projection.,Provider source/version retained; platform audit is separate.,Shared Factory 360 server projection or not consumed,Same shared server projection; no provider client,CANONICAL_VERSION_ONLY,STRUCTURALLY_DOCUMENTED,FACTORY_360_API_FIELD_INVENTORY.csv
F360-XPC-MAP-0361,INSP-API-010,Inspection API,response,$.data[].unit.is_natural_gas,int,NOT_DOCUMENTED,NOT_DOCUMENTED,plant_production_line_items,plant_production_line_items,CANONICAL_FIELD,Typed adapter normalization where an existing adapter declares this field; otherwise preserve exact structural path.,Typed production-line adapter owns the canonical projection.,Provider source/version retained; platform audit is separate.,Shared Factory 360 server projection or not consumed,Same shared server projection; no provider client,CANONICAL_VERSION_ONLY,STRUCTURALLY_DOCUMENTED,FACTORY_360_API_FIELD_INVENTORY.csv
F360-XPC-MAP-0362,INSP-API-010,Inspection API,response,$.data[].unit.created_at,NoneType,NOT_DOCUMENTED,NOT_DOCUMENTED,source_timestamp,source_timestamp,SOURCE_METADATA,Typed adapter normalization where an existing adapter declares this field; otherwise preserve exact structural path.,Preserve as provider timestamp; do not overwrite platform audit time.,No platform history inferred.,Shared Factory 360 server projection or not consumed,Same shared server projection; no provider client,CANONICAL_VERSION_ONLY,STRUCTURALLY_DOCUMENTED,FACTORY_360_API_FIELD_INVENTORY.csv
F360-XPC-MAP-0363,INSP-API-010,Inspection API,response,$.data[].unit.updated_at,NoneType,NOT_DOCUMENTED,NOT_DOCUMENTED,source_timestamp,source_timestamp,SOURCE_METADATA,Typed adapter normalization where an existing adapter declares this field; otherwise preserve exact structural path.,Preserve as provider timestamp; do not overwrite platform audit time.,No platform history inferred.,Shared Factory 360 server projection or not consumed,Same shared server projection; no provider client,CANONICAL_VERSION_ONLY,STRUCTURALLY_DOCUMENTED,FACTORY_360_API_FIELD_INVENTORY.csv
F360-XPC-MAP-0364,INSP-API-010,Inspection API,response,$.data[].unit.ndb_synched_at,NoneType,NOT_DOCUMENTED,NOT_DOCUMENTED,source_timestamp,source_timestamp,SOURCE_METADATA,Typed adapter normalization where an existing adapter declares this field; otherwise preserve exact structural path.,Preserve as provider timestamp; do not overwrite platform audit time.,No platform history inferred.,Shared Factory 360 server projection or not consumed,Same shared server projection; no provider client,CANONICAL_VERSION_ONLY,STRUCTURALLY_DOCUMENTED,FACTORY_360_API_FIELD_INVENTORY.csv
F360-XPC-MAP-0365,INSP-API-010,Inspection API,response,$.data[].unit.ndb_last_ops_at,NoneType,NOT_DOCUMENTED,NOT_DOCUMENTED,source_timestamp,source_timestamp,SOURCE_METADATA,Typed adapter normalization where an existing adapter declares this field; otherwise preserve exact structural path.,Preserve as provider timestamp; do not overwrite platform audit time.,No platform history inferred.,Shared Factory 360 server projection or not consumed,Same shared server projection; no provider client,CANONICAL_VERSION_ONLY,STRUCTURALLY_DOCUMENTED,FACTORY_360_API_FIELD_INVENTORY.csv
F360-XPC-MAP-0366,INSP-API-010,Inspection API,response,$.data[].unit.name,str,NOT_DOCUMENTED,NOT_DOCUMENTED,plant_production_line_items,plant_production_line_items,CANONICAL_FIELD,Typed adapter normalization where an existing adapter declares this field; otherwise preserve exact structural path.,Typed production-line adapter owns the canonical projection.,Provider source/version retained; platform audit is separate.,Shared Factory 360 server projection or not consumed,Same shared server projection; no provider client,CANONICAL_VERSION_ONLY,STRUCTURALLY_DOCUMENTED,FACTORY_360_API_FIELD_INVENTORY.csv
F360-XPC-MAP-0367,INSP-API-010,Inspection API,response,$.data[].unit.mapped_unit,dict,NOT_DOCUMENTED,NOT_DOCUMENTED,plant_production_line_items,plant_production_line_items,CANONICAL_FIELD,Typed adapter normalization where an existing adapter declares this field; otherwise preserve exact structural path.,Typed production-line adapter owns the canonical projection.,Provider source/version retained; platform audit is separate.,Shared Factory 360 server projection or not consumed,Same shared server projection; no provider client,CANONICAL_VERSION_ONLY,STRUCTURALLY_DOCUMENTED,FACTORY_360_API_FIELD_INVENTORY.csv
F360-XPC-MAP-0368,INSP-API-010,Inspection API,response,$.data[].unit.mapped_unit.id,int,NOT_DOCUMENTED,NOT_DOCUMENTED,external_id,external_id,SOURCE_METADATA,Typed adapter normalization where an existing adapter declares this field; otherwise preserve exact structural path.,Retain provider ID with source and version metadata.,No platform history inferred.,Shared Factory 360 server projection or not consumed,Same shared server projection; no provider client,CANONICAL_VERSION_ONLY,STRUCTURALLY_DOCUMENTED,FACTORY_360_API_FIELD_INVENTORY.csv
F360-XPC-MAP-0369,INSP-API-010,Inspection API,response,$.data[].unit.mapped_unit.system,str,NOT_DOCUMENTED,NOT_DOCUMENTED,plant_production_line_items,plant_production_line_items,CANONICAL_FIELD,Typed adapter normalization where an existing adapter declares this field; otherwise preserve exact structural path.,Typed production-line adapter owns the canonical projection.,Provider source/version retained; platform audit is separate.,Shared Factory 360 server projection or not consumed,Same shared server projection; no provider client,CANONICAL_VERSION_ONLY,STRUCTURALLY_DOCUMENTED,FACTORY_360_API_FIELD_INVENTORY.csv
F360-XPC-MAP-0370,INSP-API-010,Inspection API,response,$.data[].unit.mapped_unit.map_key,str,NOT_DOCUMENTED,NOT_DOCUMENTED,plant_production_line_items,plant_production_line_items,CANONICAL_FIELD,Typed adapter normalization where an existing adapter declares this field; otherwise preserve exact structural path.,Typed production-line adapter owns the canonical projection.,Provider source/version retained; platform audit is separate.,Shared Factory 360 server projection or not consumed,Same shared server projection; no provider client,CANONICAL_VERSION_ONLY,STRUCTURALLY_DOCUMENTED,FACTORY_360_API_FIELD_INVENTORY.csv
F360-XPC-MAP-0371,INSP-API-010,Inspection API,response,$.data[].unit.mapped_unit.source_code,int,NOT_DOCUMENTED,NOT_DOCUMENTED,plant_production_line_items,plant_production_line_items,CANONICAL_FIELD,Typed adapter normalization where an existing adapter declares this field; otherwise preserve exact structural path.,Typed production-line adapter owns the canonical projection.,Provider source/version retained; platform audit is separate.,Shared Factory 360 server projection or not consumed,Same shared server projection; no provider client,CANONICAL_VERSION_ONLY,STRUCTURALLY_DOCUMENTED,FACTORY_360_API_FIELD_INVENTORY.csv
F360-XPC-MAP-0372,INSP-API-010,Inspection API,response,$.data[].unit.mapped_unit.target_code,int,NOT_DOCUMENTED,NOT_DOCUMENTED,plant_production_line_items,plant_production_line_items,CANONICAL_FIELD,Typed adapter normalization where an existing adapter declares this field; otherwise preserve exact structural path.,Typed production-line adapter owns the canonical projection.,Provider source/version retained; platform audit is separate.,Shared Factory 360 server projection or not consumed,Same shared server projection; no provider client,CANONICAL_VERSION_ONLY,STRUCTURALLY_DOCUMENTED,FACTORY_360_API_FIELD_INVENTORY.csv
F360-XPC-MAP-0373,INSP-API-010,Inspection API,response,$.data[].unit.mapped_unit.created_at,str,NOT_DOCUMENTED,NOT_DOCUMENTED,source_timestamp,source_timestamp,SOURCE_METADATA,Typed adapter normalization where an existing adapter declares this field; otherwise preserve exact structural path.,Preserve as provider timestamp; do not overwrite platform audit time.,No platform history inferred.,Shared Factory 360 server projection or not consumed,Same shared server projection; no provider client,CANONICAL_VERSION_ONLY,STRUCTURALLY_DOCUMENTED,FACTORY_360_API_FIELD_INVENTORY.csv
F360-XPC-MAP-0374,INSP-API-010,Inspection API,response,$.data[].unit.mapped_unit.updated_at,str,NOT_DOCUMENTED,NOT_DOCUMENTED,source_timestamp,source_timestamp,SOURCE_METADATA,Typed adapter normalization where an existing adapter declares this field; otherwise preserve exact structural path.,Preserve as provider timestamp; do not overwrite platform audit time.,No platform history inferred.,Shared Factory 360 server projection or not consumed,Same shared server projection; no provider client,CANONICAL_VERSION_ONLY,STRUCTURALLY_DOCUMENTED,FACTORY_360_API_FIELD_INVENTORY.csv
F360-XPC-MAP-0375,INSP-API-010,Inspection API,response,$.data[].unit.mapped_unit.ndb_synched_at,NoneType,NOT_DOCUMENTED,NOT_DOCUMENTED,source_timestamp,source_timestamp,SOURCE_METADATA,Typed adapter normalization where an existing adapter declares this field; otherwise preserve exact structural path.,Preserve as provider timestamp; do not overwrite platform audit time.,No platform history inferred.,Shared Factory 360 server projection or not consumed,Same shared server projection; no provider client,CANONICAL_VERSION_ONLY,STRUCTURALLY_DOCUMENTED,FACTORY_360_API_FIELD_INVENTORY.csv
F360-XPC-MAP-0376,INSP-API-010,Inspection API,response,$.data[].unit.mapped_unit.ndb_last_ops_at,NoneType,NOT_DOCUMENTED,NOT_DOCUMENTED,source_timestamp,source_timestamp,SOURCE_METADATA,Typed adapter normalization where an existing adapter declares this field; otherwise preserve exact structural path.,Preserve as provider timestamp; do not overwrite platform audit time.,No platform history inferred.,Shared Factory 360 server projection or not consumed,Same shared server projection; no provider client,CANONICAL_VERSION_ONLY,STRUCTURALLY_DOCUMENTED,FACTORY_360_API_FIELD_INVENTORY.csv
F360-XPC-MAP-0377,INSP-API-010,Inspection API,response,$.first_page_url,str,NOT_DOCUMENTED,NOT_DOCUMENTED,plant_production_line_items,plant_production_line_items,CANONICAL_FIELD,Typed adapter normalization where an existing adapter declares this field; otherwise preserve exact structural path.,Typed production-line adapter owns the canonical projection.,Provider source/version retained; platform audit is separate.,Shared Factory 360 server projection or not consumed,Same shared server projection; no provider client,CANONICAL_VERSION_ONLY,STRUCTURALLY_DOCUMENTED,FACTORY_360_API_FIELD_INVENTORY.csv
F360-XPC-MAP-0378,INSP-API-010,Inspection API,response,$.from,int,NOT_DOCUMENTED,NOT_DOCUMENTED,plant_production_line_items,plant_production_line_items,CANONICAL_FIELD,Typed adapter normalization where an existing adapter declares this field; otherwise preserve exact structural path.,Typed production-line adapter owns the canonical projection.,Provider source/version retained; platform audit is separate.,Shared Factory 360 server projection or not consumed,Same shared server projection; no provider client,CANONICAL_VERSION_ONLY,STRUCTURALLY_DOCUMENTED,FACTORY_360_API_FIELD_INVENTORY.csv
F360-XPC-MAP-0379,INSP-API-010,Inspection API,response,$.last_page,int,NOT_DOCUMENTED,NOT_DOCUMENTED,plant_production_line_items,plant_production_line_items,CANONICAL_FIELD,Typed adapter normalization where an existing adapter declares this field; otherwise preserve exact structural path.,Typed production-line adapter owns the canonical projection.,Provider source/version retained; platform audit is separate.,Shared Factory 360 server projection or not consumed,Same shared server projection; no provider client,CANONICAL_VERSION_ONLY,STRUCTURALLY_DOCUMENTED,FACTORY_360_API_FIELD_INVENTORY.csv
F360-XPC-MAP-0380,INSP-API-010,Inspection API,response,$.last_page_url,str,NOT_DOCUMENTED,NOT_DOCUMENTED,plant_production_line_items,plant_production_line_items,CANONICAL_FIELD,Typed adapter normalization where an existing adapter declares this field; otherwise preserve exact structural path.,Typed production-line adapter owns the canonical projection.,Provider source/version retained; platform audit is separate.,Shared Factory 360 server projection or not consumed,Same shared server projection; no provider client,CANONICAL_VERSION_ONLY,STRUCTURALLY_DOCUMENTED,FACTORY_360_API_FIELD_INVENTORY.csv
F360-XPC-MAP-0381,INSP-API-010,Inspection API,response,$.links,list,NOT_DOCUMENTED,NOT_DOCUMENTED,plant_production_line_items,plant_production_line_items,CANONICAL_FIELD,Typed adapter normalization where an existing adapter declares this field; otherwise preserve exact structural path.,Typed production-line adapter owns the canonical projection.,Provider source/version retained; platform audit is separate.,Shared Factory 360 server projection or not consumed,Same shared server projection; no provider client,CANONICAL_VERSION_ONLY,STRUCTURALLY_DOCUMENTED,FACTORY_360_API_FIELD_INVENTORY.csv
F360-XPC-MAP-0382,INSP-API-010,Inspection API,response,$.links[].url,NoneType,NOT_DOCUMENTED,NOT_DOCUMENTED,plant_production_line_items,plant_production_line_items,CANONICAL_FIELD,Typed adapter normalization where an existing adapter declares this field; otherwise preserve exact structural path.,Typed production-line adapter owns the canonical projection.,Provider source/version retained; platform audit is separate.,Shared Factory 360 server projection or not consumed,Same shared server projection; no provider client,CANONICAL_VERSION_ONLY,STRUCTURALLY_DOCUMENTED,FACTORY_360_API_FIELD_INVENTORY.csv
F360-XPC-MAP-0383,INSP-API-010,Inspection API,response,$.links[].label,str,NOT_DOCUMENTED,NOT_DOCUMENTED,plant_production_line_items,plant_production_line_items,CANONICAL_FIELD,Typed adapter normalization where an existing adapter declares this field; otherwise preserve exact structural path.,Typed production-line adapter owns the canonical projection.,Provider source/version retained; platform audit is separate.,Shared Factory 360 server projection or not consumed,Same shared server projection; no provider client,CANONICAL_VERSION_ONLY,STRUCTURALLY_DOCUMENTED,FACTORY_360_API_FIELD_INVENTORY.csv
F360-XPC-MAP-0384,INSP-API-010,Inspection API,response,$.links[].active,bool,NOT_DOCUMENTED,NOT_DOCUMENTED,plant_production_line_items,plant_production_line_items,CANONICAL_FIELD,Typed adapter normalization where an existing adapter declares this field; otherwise preserve exact structural path.,Typed production-line adapter owns the canonical projection.,Provider source/version retained; platform audit is separate.,Shared Factory 360 server projection or not consumed,Same shared server projection; no provider client,CANONICAL_VERSION_ONLY,STRUCTURALLY_DOCUMENTED,FACTORY_360_API_FIELD_INVENTORY.csv
F360-XPC-MAP-0385,INSP-API-010,Inspection API,response,$.next_page_url,NoneType,NOT_DOCUMENTED,NOT_DOCUMENTED,plant_production_line_items,plant_production_line_items,CANONICAL_FIELD,Typed adapter normalization where an existing adapter declares this field; otherwise preserve exact structural path.,Typed production-line adapter owns the canonical projection.,Provider source/version retained; platform audit is separate.,Shared Factory 360 server projection or not consumed,Same shared server projection; no provider client,CANONICAL_VERSION_ONLY,STRUCTURALLY_DOCUMENTED,FACTORY_360_API_FIELD_INVENTORY.csv
F360-XPC-MAP-0386,INSP-API-010,Inspection API,response,$.path,str,NOT_DOCUMENTED,NOT_DOCUMENTED,plant_production_line_items,plant_production_line_items,CANONICAL_FIELD,Typed adapter normalization where an existing adapter declares this field; otherwise preserve exact structural path.,Typed production-line adapter owns the canonical projection.,Provider source/version retained; platform audit is separate.,Shared Factory 360 server projection or not consumed,Same shared server projection; no provider client,CANONICAL_VERSION_ONLY,STRUCTURALLY_DOCUMENTED,FACTORY_360_API_FIELD_INVENTORY.csv
F360-XPC-MAP-0387,INSP-API-010,Inspection API,response,$.per_page,int,NOT_DOCUMENTED,NOT_DOCUMENTED,plant_production_line_items,plant_production_line_items,CANONICAL_FIELD,Typed adapter normalization where an existing adapter declares this field; otherwise preserve exact structural path.,Typed production-line adapter owns the canonical projection.,Provider source/version retained; platform audit is separate.,Shared Factory 360 server projection or not consumed,Same shared server projection; no provider client,CANONICAL_VERSION_ONLY,STRUCTURALLY_DOCUMENTED,FACTORY_360_API_FIELD_INVENTORY.csv
F360-XPC-MAP-0388,INSP-API-010,Inspection API,response,$.prev_page_url,NoneType,NOT_DOCUMENTED,NOT_DOCUMENTED,plant_production_line_items,plant_production_line_items,CANONICAL_FIELD,Typed adapter normalization where an existing adapter declares this field; otherwise preserve exact structural path.,Typed production-line adapter owns the canonical projection.,Provider source/version retained; platform audit is separate.,Shared Factory 360 server projection or not consumed,Same shared server projection; no provider client,CANONICAL_VERSION_ONLY,STRUCTURALLY_DOCUMENTED,FACTORY_360_API_FIELD_INVENTORY.csv
F360-XPC-MAP-0389,INSP-API-010,Inspection API,response,$.to,int,NOT_DOCUMENTED,NOT_DOCUMENTED,plant_production_line_items,plant_production_line_items,CANONICAL_FIELD,Typed adapter normalization where an existing adapter declares this field; otherwise preserve exact structural path.,Typed production-line adapter owns the canonical projection.,Provider source/version retained; platform audit is separate.,Shared Factory 360 server projection or not consumed,Same shared server projection; no provider client,CANONICAL_VERSION_ONLY,STRUCTURALLY_DOCUMENTED,FACTORY_360_API_FIELD_INVENTORY.csv
F360-XPC-MAP-0390,INSP-API-010,Inspection API,response,$.total,int,NOT_DOCUMENTED,NOT_DOCUMENTED,plant_production_line_items,plant_production_line_items,CANONICAL_FIELD,Typed adapter normalization where an existing adapter declares this field; otherwise preserve exact structural path.,Typed production-line adapter owns the canonical projection.,Provider source/version retained; platform audit is separate.,Shared Factory 360 server projection or not consumed,Same shared server projection; no provider client,CANONICAL_VERSION_ONLY,STRUCTURALLY_DOCUMENTED,FACTORY_360_API_FIELD_INVENTORY.csv
F360-XPC-MAP-0391,INSP-API-011,Inspection API,request,inspection_type,text,NOT_DOCUMENTED,NOT_DOCUMENTED,none,none,TRANSIENT_REQUEST_ONLY,Typed adapter normalization where an existing adapter declares this field; otherwise preserve exact structural path.,Validated only at the server-side request boundary.,No platform history inferred.,Shared Factory 360 server projection or not consumed,Same shared server projection; no provider client,NOT_APPLICABLE,STRUCTURALLY_DOCUMENTED,FACTORY_360_API_FIELD_INVENTORY.csv
F360-XPC-MAP-0392,INSP-API-011,Inspection API,request,is_distrupted,text,NOT_DOCUMENTED,NOT_DOCUMENTED,none,none,TRANSIENT_REQUEST_ONLY,Typed adapter normalization where an existing adapter declares this field; otherwise preserve exact structural path.,Validated only at the server-side request boundary.,No platform history inferred.,Shared Factory 360 server projection or not consumed,Same shared server projection; no provider client,NOT_APPLICABLE,STRUCTURALLY_DOCUMENTED,FACTORY_360_API_FIELD_INVENTORY.csv
F360-XPC-MAP-0393,INSP-API-011,Inspection API,request,distrubtion_reason,text,NOT_DOCUMENTED,NOT_DOCUMENTED,none,none,TRANSIENT_REQUEST_ONLY,Typed adapter normalization where an existing adapter declares this field; otherwise preserve exact structural path.,Validated only at the server-side request boundary.,No platform history inferred.,Shared Factory 360 server projection or not consumed,Same shared server projection; no provider client,NOT_APPLICABLE,STRUCTURALLY_DOCUMENTED,FACTORY_360_API_FIELD_INVENTORY.csv
F360-XPC-MAP-0394,INSP-API-011,Inspection API,request,other_distrubtion_reason,text,NOT_DOCUMENTED,NOT_DOCUMENTED,none,none,TRANSIENT_REQUEST_ONLY,Typed adapter normalization where an existing adapter declares this field; otherwise preserve exact structural path.,Validated only at the server-side request boundary.,No platform history inferred.,Shared Factory 360 server projection or not consumed,Same shared server projection; no provider client,NOT_APPLICABLE,STRUCTURALLY_DOCUMENTED,FACTORY_360_API_FIELD_INVENTORY.csv
F360-XPC-MAP-0395,INSP-API-011,Inspection API,request,factory_front_image[],file,NOT_DOCUMENTED,NOT_DOCUMENTED,none,none,TRANSIENT_REQUEST_ONLY,Typed adapter normalization where an existing adapter declares this field; otherwise preserve exact structural path.,Validated only at the server-side request boundary.,No platform history inferred.,Shared Factory 360 server projection or not consumed,Same shared server projection; no provider client,NOT_APPLICABLE,STRUCTURALLY_DOCUMENTED,FACTORY_360_API_FIELD_INVENTORY.csv
F360-XPC-MAP-0396,INSP-API-011,Inspection API,request,distrubtion_report[],file,NOT_DOCUMENTED,NOT_DOCUMENTED,none,none,TRANSIENT_REQUEST_ONLY,Typed adapter normalization where an existing adapter declares this field; otherwise preserve exact structural path.,Validated only at the server-side request boundary.,No platform history inferred.,Shared Factory 360 server projection or not consumed,Same shared server projection; no provider client,NOT_APPLICABLE,STRUCTURALLY_DOCUMENTED,FACTORY_360_API_FIELD_INVENTORY.csv
F360-XPC-MAP-0397,INSP-API-011,Inspection API,request,factory_condition,text,NOT_DOCUMENTED,NOT_DOCUMENTED,none,none,TRANSIENT_REQUEST_ONLY,Typed adapter normalization where an existing adapter declares this field; otherwise preserve exact structural path.,Validated only at the server-side request boundary.,No platform history inferred.,Shared Factory 360 server projection or not consumed,Same shared server projection; no provider client,NOT_APPLICABLE,STRUCTURALLY_DOCUMENTED,FACTORY_360_API_FIELD_INVENTORY.csv
F360-XPC-MAP-0398,INSP-API-011,Inspection API,request,used_fuel_type[],text,NOT_DOCUMENTED,NOT_DOCUMENTED,none,none,TRANSIENT_REQUEST_ONLY,Typed adapter normalization where an existing adapter declares this field; otherwise preserve exact structural path.,Validated only at the server-side request boundary.,No platform history inferred.,Shared Factory 360 server projection or not consumed,Same shared server projection; no provider client,NOT_APPLICABLE,STRUCTURALLY_DOCUMENTED,FACTORY_360_API_FIELD_INVENTORY.csv
F360-XPC-MAP-0399,INSP-API-011,Inspection API,request,factory_stop_reason,text,NOT_DOCUMENTED,NOT_DOCUMENTED,none,none,TRANSIENT_REQUEST_ONLY,Typed adapter normalization where an existing adapter declares this field; otherwise preserve exact structural path.,Validated only at the server-side request boundary.,No platform history inferred.,Shared Factory 360 server projection or not consumed,Same shared server projection; no provider client,NOT_APPLICABLE,STRUCTURALLY_DOCUMENTED,FACTORY_360_API_FIELD_INVENTORY.csv
F360-XPC-MAP-0400,INSP-API-011,Inspection API,request,production_date,text,NOT_DOCUMENTED,NOT_DOCUMENTED,none,none,TRANSIENT_REQUEST_ONLY,Typed adapter normalization where an existing adapter declares this field; otherwise preserve exact structural path.,Validated only at the server-side request boundary.,No platform history inferred.,Shared Factory 360 server projection or not consumed,Same shared server projection; no provider client,NOT_APPLICABLE,STRUCTURALLY_DOCUMENTED,FACTORY_360_API_FIELD_INVENTORY.csv
F360-XPC-MAP-0401,INSP-API-011,Inspection API,request,<redacted-sensitive-value>istrators_number,text,NOT_DOCUMENTED,NOT_DOCUMENTED,none,none,TRANSIENT_REQUEST_ONLY,Typed adapter normalization where an existing adapter declares this field; otherwise preserve exact structural path.,Validated only at the server-side request boundary.,No platform history inferred.,Shared Factory 360 server projection or not consumed,Same shared server projection; no provider client,NOT_APPLICABLE,STRUCTURALLY_DOCUMENTED,FACTORY_360_API_FIELD_INVENTORY.csv
F360-XPC-MAP-0402,INSP-API-011,Inspection API,request,specialized_professions_number,text,NOT_DOCUMENTED,NOT_DOCUMENTED,none,none,TRANSIENT_REQUEST_ONLY,Typed adapter normalization where an existing adapter declares this field; otherwise preserve exact structural path.,Validated only at the server-side request boundary.,No platform history inferred.,Shared Factory 360 server projection or not consumed,Same shared server projection; no provider client,NOT_APPLICABLE,STRUCTURALLY_DOCUMENTED,FACTORY_360_API_FIELD_INVENTORY.csv
F360-XPC-MAP-0403,INSP-API-011,Inspection API,request,technicians_number,text,NOT_DOCUMENTED,NOT_DOCUMENTED,none,none,TRANSIENT_REQUEST_ONLY,Typed adapter normalization where an existing adapter declares this field; otherwise preserve exact structural path.,Validated only at the server-side request boundary.,No platform history inferred.,Shared Factory 360 server projection or not consumed,Same shared server projection; no provider client,NOT_APPLICABLE,STRUCTURALLY_DOCUMENTED,FACTORY_360_API_FIELD_INVENTORY.csv
F360-XPC-MAP-0404,INSP-API-011,Inspection API,request,other_team_number,text,NOT_DOCUMENTED,NOT_DOCUMENTED,none,none,TRANSIENT_REQUEST_ONLY,Typed adapter normalization where an existing adapter declares this field; otherwise preserve exact structural path.,Validated only at the server-side request boundary.,No platform history inferred.,Shared Factory 360 server projection or not consumed,Same shared server projection; no provider client,NOT_APPLICABLE,STRUCTURALLY_DOCUMENTED,FACTORY_360_API_FIELD_INVENTORY.csv
F360-XPC-MAP-0405,INSP-API-011,Inspection API,request,shifts_number,text,NOT_DOCUMENTED,NOT_DOCUMENTED,none,none,TRANSIENT_REQUEST_ONLY,Typed adapter normalization where an existing adapter declares this field; otherwise preserve exact structural path.,Validated only at the server-side request boundary.,No platform history inferred.,Shared Factory 360 server projection or not consumed,Same shared server projection; no provider client,NOT_APPLICABLE,STRUCTURALLY_DOCUMENTED,FACTORY_360_API_FIELD_INVENTORY.csv
F360-XPC-MAP-0406,INSP-API-011,Inspection API,request,factory_operation_mechanism,text,NOT_DOCUMENTED,NOT_DOCUMENTED,none,none,TRANSIENT_REQUEST_ONLY,Typed adapter normalization where an existing adapter declares this field; otherwise preserve exact structural path.,Validated only at the server-side request boundary.,No platform history inferred.,Shared Factory 360 server projection or not consumed,Same shared server projection; no provider client,NOT_APPLICABLE,STRUCTURALLY_DOCUMENTED,FACTORY_360_API_FIELD_INVENTORY.csv
F360-XPC-MAP-0407,INSP-API-011,Inspection API,request,production_lines_number,text,NOT_DOCUMENTED,NOT_DOCUMENTED,none,none,TRANSIENT_REQUEST_ONLY,Typed adapter normalization where an existing adapter declares this field; otherwise preserve exact structural path.,Validated only at the server-side request boundary.,No platform history inferred.,Shared Factory 360 server projection or not consumed,Same shared server projection; no provider client,NOT_APPLICABLE,STRUCTURALLY_DOCUMENTED,FACTORY_360_API_FIELD_INVENTORY.csv
F360-XPC-MAP-0408,INSP-API-011,Inspection API,request,licensed_products_number,text,NOT_DOCUMENTED,NOT_DOCUMENTED,none,none,TRANSIENT_REQUEST_ONLY,Typed adapter normalization where an existing adapter declares this field; otherwise preserve exact structural path.,Validated only at the server-side request boundary.,No platform history inferred.,Shared Factory 360 server projection or not consumed,Same shared server projection; no provider client,NOT_APPLICABLE,STRUCTURALLY_DOCUMENTED,FACTORY_360_API_FIELD_INVENTORY.csv
F360-XPC-MAP-0409,INSP-API-011,Inspection API,request,un_licensed_products_number,text,NOT_DOCUMENTED,NOT_DOCUMENTED,none,none,TRANSIENT_REQUEST_ONLY,Typed adapter normalization where an existing adapter declares this field; otherwise preserve exact structural path.,Validated only at the server-side request boundary.,No platform history inferred.,Shared Factory 360 server projection or not consumed,Same shared server projection; no provider client,NOT_APPLICABLE,STRUCTURALLY_DOCUMENTED,FACTORY_360_API_FIELD_INVENTORY.csv
F360-XPC-MAP-0410,INSP-API-011,Inspection API,request,actual_products_number,text,NOT_DOCUMENTED,NOT_DOCUMENTED,none,none,TRANSIENT_REQUEST_ONLY,Typed adapter normalization where an existing adapter declares this field; otherwise preserve exact structural path.,Validated only at the server-side request boundary.,No platform history inferred.,Shared Factory 360 server projection or not consumed,Same shared server projection; no provider client,NOT_APPLICABLE,STRUCTURALLY_DOCUMENTED,FACTORY_360_API_FIELD_INVENTORY.csv
F360-XPC-MAP-0411,INSP-API-011,Inspection API,request,is_exporting,text,NOT_DOCUMENTED,NOT_DOCUMENTED,none,none,TRANSIENT_REQUEST_ONLY,Typed adapter normalization where an existing adapter declares this field; otherwise preserve exact structural path.,Validated only at the server-side request boundary.,No platform history inferred.,Shared Factory 360 server projection or not consumed,Same shared server projection; no provider client,NOT_APPLICABLE,STRUCTURALLY_DOCUMENTED,FACTORY_360_API_FIELD_INVENTORY.csv
F360-XPC-MAP-0412,INSP-API-011,Inspection API,request,exported_products_number,text,NOT_DOCUMENTED,NOT_DOCUMENTED,none,none,TRANSIENT_REQUEST_ONLY,Typed adapter normalization where an existing adapter declares this field; otherwise preserve exact structural path.,Validated only at the server-side request boundary.,No platform history inferred.,Shared Factory 360 server projection or not consumed,Same shared server projection; no provider client,NOT_APPLICABLE,STRUCTURALLY_DOCUMENTED,FACTORY_360_API_FIELD_INVENTORY.csv
F360-XPC-MAP-0413,INSP-API-011,Inspection API,request,tools_and_equipments_number,text,NOT_DOCUMENTED,NOT_DOCUMENTED,none,none,TRANSIENT_REQUEST_ONLY,Typed adapter normalization where an existing adapter declares this field; otherwise preserve exact structural path.,Validated only at the server-side request boundary.,No platform history inferred.,Shared Factory 360 server projection or not consumed,Same shared server projection; no provider client,NOT_APPLICABLE,STRUCTURALLY_DOCUMENTED,FACTORY_360_API_FIELD_INVENTORY.csv
F360-XPC-MAP-0414,INSP-API-011,Inspection API,request,is_exmpted,text,NOT_DOCUMENTED,NOT_DOCUMENTED,none,none,TRANSIENT_REQUEST_ONLY,Typed adapter normalization where an existing adapter declares this field; otherwise preserve exact structural path.,Validated only at the server-side request boundary.,No platform history inferred.,Shared Factory 360 server projection or not consumed,Same shared server projection; no provider client,NOT_APPLICABLE,STRUCTURALLY_DOCUMENTED,FACTORY_360_API_FIELD_INVENTORY.csv
F360-XPC-MAP-0415,INSP-API-011,Inspection API,request,notes,text,NOT_DOCUMENTED,NOT_DOCUMENTED,none,none,TRANSIENT_REQUEST_ONLY,Typed adapter normalization where an existing adapter declares this field; otherwise preserve exact structural path.,Validated only at the server-side request boundary.,No platform history inferred.,Shared Factory 360 server projection or not consumed,Same shared server projection; no provider client,NOT_APPLICABLE,STRUCTURALLY_DOCUMENTED,FACTORY_360_API_FIELD_INVENTORY.csv
F360-XPC-MAP-0416,INSP-API-011,Inspection API,request,checklist_items[01ktw7637s3bc407yq3wheepj1][applies],text,NOT_DOCUMENTED,NOT_DOCUMENTED,none,none,TRANSIENT_REQUEST_ONLY,Typed adapter normalization where an existing adapter declares this field; otherwise preserve exact structural path.,Validated only at the server-side request boundary.,No platform history inferred.,Shared Factory 360 server projection or not consumed,Same shared server projection; no provider client,NOT_APPLICABLE,STRUCTURALLY_DOCUMENTED,FACTORY_360_API_FIELD_INVENTORY.csv
F360-XPC-MAP-0417,INSP-API-011,Inspection API,request,checklist_items[01ktw7637s3bc407yq3wheepj1][remarks],text,NOT_DOCUMENTED,NOT_DOCUMENTED,none,none,TRANSIENT_REQUEST_ONLY,Typed adapter normalization where an existing adapter declares this field; otherwise preserve exact structural path.,Validated only at the server-side request boundary.,No platform history inferred.,Shared Factory 360 server projection or not consumed,Same shared server projection; no provider client,NOT_APPLICABLE,STRUCTURALLY_DOCUMENTED,FACTORY_360_API_FIELD_INVENTORY.csv
F360-XPC-MAP-0418,INSP-API-011,Inspection API,request,checklist_items[01ktw7637s3bc407yq3wheepj1][response_attachments][],file,NOT_DOCUMENTED,NOT_DOCUMENTED,none,none,TRANSIENT_REQUEST_ONLY,Typed adapter normalization where an existing adapter declares this field; otherwise preserve exact structural path.,Validated only at the server-side request boundary.,No platform history inferred.,Shared Factory 360 server projection or not consumed,Same shared server projection; no provider client,NOT_APPLICABLE,STRUCTURALLY_DOCUMENTED,FACTORY_360_API_FIELD_INVENTORY.csv
F360-XPC-MAP-0419,INSP-API-011,Inspection API,request,selected_products[0][id],text,NOT_DOCUMENTED,NOT_DOCUMENTED,none,none,TRANSIENT_REQUEST_ONLY,Typed adapter normalization where an existing adapter declares this field; otherwise preserve exact structural path.,Validated only at the server-side request boundary.,No platform history inferred.,Shared Factory 360 server projection or not consumed,Same shared server projection; no provider client,NOT_APPLICABLE,STRUCTURALLY_DOCUMENTED,FACTORY_360_API_FIELD_INVENTORY.csv
F360-XPC-MAP-0420,INSP-API-011,Inspection API,request,selected_products[0][name],text,NOT_DOCUMENTED,NOT_DOCUMENTED,none,none,TRANSIENT_REQUEST_ONLY,Typed adapter normalization where an existing adapter declares this field; otherwise preserve exact structural path.,Validated only at the server-side request boundary.,No platform history inferred.,Shared Factory 360 server projection or not consumed,Same shared server projection; no provider client,NOT_APPLICABLE,STRUCTURALLY_DOCUMENTED,FACTORY_360_API_FIELD_INVENTORY.csv
F360-XPC-MAP-0421,INSP-API-011,Inspection API,request,selected_products[0][hs_code],text,NOT_DOCUMENTED,NOT_DOCUMENTED,none,none,TRANSIENT_REQUEST_ONLY,Typed adapter normalization where an existing adapter declares this field; otherwise preserve exact structural path.,Validated only at the server-side request boundary.,No platform history inferred.,Shared Factory 360 server projection or not consumed,Same shared server projection; no provider client,NOT_APPLICABLE,STRUCTURALLY_DOCUMENTED,FACTORY_360_API_FIELD_INVENTORY.csv
F360-XPC-MAP-0422,INSP-API-011,Inspection API,request,selected_products[0][is_regulated],text,NOT_DOCUMENTED,NOT_DOCUMENTED,none,none,TRANSIENT_REQUEST_ONLY,Typed adapter normalization where an existing adapter declares this field; otherwise preserve exact structural path.,Validated only at the server-side request boundary.,No platform history inferred.,Shared Factory 360 server projection or not consumed,Same shared server projection; no provider client,NOT_APPLICABLE,STRUCTURALLY_DOCUMENTED,FACTORY_360_API_FIELD_INVENTORY.csv
F360-XPC-MAP-0423,INSP-API-011,Inspection API,request,selected_products[1][id],text,NOT_DOCUMENTED,NOT_DOCUMENTED,none,none,TRANSIENT_REQUEST_ONLY,Typed adapter normalization where an existing adapter declares this field; otherwise preserve exact structural path.,Validated only at the server-side request boundary.,No platform history inferred.,Shared Factory 360 server projection or not consumed,Same shared server projection; no provider client,NOT_APPLICABLE,STRUCTURALLY_DOCUMENTED,FACTORY_360_API_FIELD_INVENTORY.csv
F360-XPC-MAP-0424,INSP-API-011,Inspection API,request,selected_products[1][name],text,NOT_DOCUMENTED,NOT_DOCUMENTED,none,none,TRANSIENT_REQUEST_ONLY,Typed adapter normalization where an existing adapter declares this field; otherwise preserve exact structural path.,Validated only at the server-side request boundary.,No platform history inferred.,Shared Factory 360 server projection or not consumed,Same shared server projection; no provider client,NOT_APPLICABLE,STRUCTURALLY_DOCUMENTED,FACTORY_360_API_FIELD_INVENTORY.csv
F360-XPC-MAP-0425,INSP-API-011,Inspection API,request,selected_products[1][hs_code],text,NOT_DOCUMENTED,NOT_DOCUMENTED,none,none,TRANSIENT_REQUEST_ONLY,Typed adapter normalization where an existing adapter declares this field; otherwise preserve exact structural path.,Validated only at the server-side request boundary.,No platform history inferred.,Shared Factory 360 server projection or not consumed,Same shared server projection; no provider client,NOT_APPLICABLE,STRUCTURALLY_DOCUMENTED,FACTORY_360_API_FIELD_INVENTORY.csv
F360-XPC-MAP-0426,INSP-API-011,Inspection API,request,selected_products[1][is_regulated],text,NOT_DOCUMENTED,NOT_DOCUMENTED,none,none,TRANSIENT_REQUEST_ONLY,Typed adapter normalization where an existing adapter declares this field; otherwise preserve exact structural path.,Validated only at the server-side request boundary.,No platform history inferred.,Shared Factory 360 server projection or not consumed,Same shared server projection; no provider client,NOT_APPLICABLE,STRUCTURALLY_DOCUMENTED,FACTORY_360_API_FIELD_INVENTORY.csv
F360-XPC-MAP-0427,INSP-API-011,Inspection API,request,products_images[],file,NOT_DOCUMENTED,NOT_DOCUMENTED,none,none,TRANSIENT_REQUEST_ONLY,Typed adapter normalization where an existing adapter declares this field; otherwise preserve exact structural path.,Validated only at the server-side request boundary.,No platform history inferred.,Shared Factory 360 server projection or not consumed,Same shared server projection; no provider client,NOT_APPLICABLE,STRUCTURALLY_DOCUMENTED,FACTORY_360_API_FIELD_INVENTORY.csv
F360-XPC-MAP-0428,INSP-API-011,Inspection API,request,selected_tools[0][id],text,NOT_DOCUMENTED,NOT_DOCUMENTED,none,none,TRANSIENT_REQUEST_ONLY,Typed adapter normalization where an existing adapter declares this field; otherwise preserve exact structural path.,Validated only at the server-side request boundary.,No platform history inferred.,Shared Factory 360 server projection or not consumed,Same shared server projection; no provider client,NOT_APPLICABLE,STRUCTURALLY_DOCUMENTED,FACTORY_360_API_FIELD_INVENTORY.csv
F360-XPC-MAP-0429,INSP-API-011,Inspection API,request,selected_tools[0][name],text,NOT_DOCUMENTED,NOT_DOCUMENTED,none,none,TRANSIENT_REQUEST_ONLY,Typed adapter normalization where an existing adapter declares this field; otherwise preserve exact structural path.,Validated only at the server-side request boundary.,No platform history inferred.,Shared Factory 360 server projection or not consumed,Same shared server projection; no provider client,NOT_APPLICABLE,STRUCTURALLY_DOCUMENTED,FACTORY_360_API_FIELD_INVENTORY.csv
F360-XPC-MAP-0430,INSP-API-011,Inspection API,request,selected_tools[0][is_passed],text,NOT_DOCUMENTED,NOT_DOCUMENTED,none,none,TRANSIENT_REQUEST_ONLY,Typed adapter normalization where an existing adapter declares this field; otherwise preserve exact structural path.,Validated only at the server-side request boundary.,No platform history inferred.,Shared Factory 360 server projection or not consumed,Same shared server projection; no provider client,NOT_APPLICABLE,STRUCTURALLY_DOCUMENTED,FACTORY_360_API_FIELD_INVENTORY.csv
F360-XPC-MAP-0431,INSP-API-011,Inspection API,request,tools_images[],file,NOT_DOCUMENTED,NOT_DOCUMENTED,none,none,TRANSIENT_REQUEST_ONLY,Typed adapter normalization where an existing adapter declares this field; otherwise preserve exact structural path.,Validated only at the server-side request boundary.,No platform history inferred.,Shared Factory 360 server projection or not consumed,Same shared server projection; no provider client,NOT_APPLICABLE,STRUCTURALLY_DOCUMENTED,FACTORY_360_API_FIELD_INVENTORY.csv
F360-XPC-MAP-0432,INSP-API-011,Inspection API,request,selected_raw_materials[0][id],text,NOT_DOCUMENTED,NOT_DOCUMENTED,none,none,TRANSIENT_REQUEST_ONLY,Typed adapter normalization where an existing adapter declares this field; otherwise preserve exact structural path.,Validated only at the server-side request boundary.,No platform history inferred.,Shared Factory 360 server projection or not consumed,Same shared server projection; no provider client,NOT_APPLICABLE,STRUCTURALLY_DOCUMENTED,FACTORY_360_API_FIELD_INVENTORY.csv
F360-XPC-MAP-0433,INSP-API-011,Inspection API,request,selected_raw_materials[0][name],text,NOT_DOCUMENTED,NOT_DOCUMENTED,none,none,TRANSIENT_REQUEST_ONLY,Typed adapter normalization where an existing adapter declares this field; otherwise preserve exact structural path.,Validated only at the server-side request boundary.,No platform history inferred.,Shared Factory 360 server projection or not consumed,Same shared server projection; no provider client,NOT_APPLICABLE,STRUCTURALLY_DOCUMENTED,FACTORY_360_API_FIELD_INVENTORY.csv
F360-XPC-MAP-0434,INSP-API-011,Inspection API,request,selected_raw_materials[0][quantity],text,NOT_DOCUMENTED,NOT_DOCUMENTED,none,none,TRANSIENT_REQUEST_ONLY,Typed adapter normalization where an existing adapter declares this field; otherwise preserve exact structural path.,Validated only at the server-side request boundary.,No platform history inferred.,Shared Factory 360 server projection or not consumed,Same shared server projection; no provider client,NOT_APPLICABLE,STRUCTURALLY_DOCUMENTED,FACTORY_360_API_FIELD_INVENTORY.csv
F360-XPC-MAP-0435,INSP-API-011,Inspection API,request,selected_raw_materials[0][is_beneficiary],text,NOT_DOCUMENTED,NOT_DOCUMENTED,none,none,TRANSIENT_REQUEST_ONLY,Typed adapter normalization where an existing adapter declares this field; otherwise preserve exact structural path.,Validated only at the server-side request boundary.,No platform history inferred.,Shared Factory 360 server projection or not consumed,Same shared server projection; no provider client,NOT_APPLICABLE,STRUCTURALLY_DOCUMENTED,FACTORY_360_API_FIELD_INVENTORY.csv
F360-XPC-MAP-0436,INSP-API-011,Inspection API,request,selected_raw_materials[0][is_in_factory],text,NOT_DOCUMENTED,NOT_DOCUMENTED,none,none,TRANSIENT_REQUEST_ONLY,Typed adapter normalization where an existing adapter declares this field; otherwise preserve exact structural path.,Validated only at the server-side request boundary.,No platform history inferred.,Shared Factory 360 server projection or not consumed,Same shared server projection; no provider client,NOT_APPLICABLE,STRUCTURALLY_DOCUMENTED,FACTORY_360_API_FIELD_INVENTORY.csv
F360-XPC-MAP-0437,INSP-API-011,Inspection API,response,$.success,bool,NOT_DOCUMENTED,NOT_DOCUMENTED,inspection_tasks_or_observed_fact,inspection_tasks_or_observed_fact,CANONICAL_FIELD,Typed adapter normalization where an existing adapter declares this field; otherwise preserve exact structural path.,Task detail is context/observed fact; immutable report remains authoritative for compliance.,Provider source/version retained; platform audit is separate.,Shared Factory 360 server projection or not consumed,Same shared server projection; no provider client,CANONICAL_VERSION_ONLY,STRUCTURALLY_DOCUMENTED,FACTORY_360_API_FIELD_INVENTORY.csv
F360-XPC-MAP-0438,INSP-API-011,Inspection API,response,$.message,str,NOT_DOCUMENTED,NOT_DOCUMENTED,inspection_tasks_or_observed_fact,inspection_tasks_or_observed_fact,CANONICAL_FIELD,Typed adapter normalization where an existing adapter declares this field; otherwise preserve exact structural path.,Task detail is context/observed fact; immutable report remains authoritative for compliance.,Provider source/version retained; platform audit is separate.,Shared Factory 360 server projection or not consumed,Same shared server projection; no provider client,CANONICAL_VERSION_ONLY,STRUCTURALLY_DOCUMENTED,FACTORY_360_API_FIELD_INVENTORY.csv
