requirement_id,screen_id,score,tier,classification,module,had_module_signal
REQ-R0C-00001,SCR-WEB-100,10,STRONG,USER_ACTION,"visit planning-planning",True
REQ-R0C-00002,SCR-WEB-100,8,STRONG,SYSTEM_BEHAVIOR,"visit planning-planning",True
REQ-R0C-00003,SCR-WEB-100,14,STRONG,BUSINESS_RULE,"visit planning-planning",True
REQ-R0C-00004,SCR-WEB-100,8,STRONG,ACCEPTANCE_CRITERION,"visit planning-planning",True
REQ-R0C-00005,SCR-WEB-110,18,STRONG,USER_ACTION,"visit planning-planning",True
REQ-R0C-00006,SCR-WEB-130,14,STRONG,SYSTEM_BEHAVIOR,"visit planning-planning",True
REQ-R0C-00007,SCR-WEB-120,10,STRONG,BUSINESS_RULE,"visit planning-planning",True
REQ-R0C-00008,SCR-WEB-150,11,STRONG,ACCEPTANCE_CRITERION,"visit planning-planning",True
REQ-R0C-00009,SCR-WEB-120,14,STRONG,DATA_REQUIREMENT,"visit planning-planning",True
REQ-R0C-00010,SCR-WEB-150,10,STRONG,DATA_REQUIREMENT,"visit planning-planning",True
REQ-R0C-00011,SCR-WEB-110,8,STRONG,USER_ACTION,"visit planning-planning",True
REQ-R0C-00012,SCR-WEB-110,12,STRONG,SYSTEM_BEHAVIOR,"visit planning-planning",True
REQ-R0C-00013,SCR-WEB-200,2,WEAK,BUSINESS_RULE,"visit planning-planning",True
REQ-R0C-00014,SCR-WEB-110,13,STRONG,ACCEPTANCE_CRITERION,"visit planning-planning",True
REQ-R0C-00015,SCR-WEB-110,4,WEAK,SYSTEM_BEHAVIOR,"visit planning-planning",True
REQ-R0C-00016,SCR-WEB-110,10,STRONG,BUSINESS_RULE,"visit planning-planning",True
REQ-R0C-00017,SCR-WEB-110,10,STRONG,USER_ACTION,"visit planning-planning",True
REQ-R0C-00018,SCR-WEB-120,8,STRONG,SYSTEM_BEHAVIOR,"visit planning-planning",True
REQ-R0C-00019,SCR-WEB-110,3,WEAK,BUSINESS_RULE,"visit planning-planning",True
REQ-R0C-00020,SCR-WEB-140,16,STRONG,USER_ACTION,"visit planning-planning",True
REQ-R0C-00021,SCR-WEB-210,3,WEAK,SYSTEM_BEHAVIOR,"visit planning-planning",True
REQ-R0C-00022,SCR-WEB-140,12,STRONG,BUSINESS_RULE,"visit planning-planning",True
REQ-R0C-00023,SCR-WEB-140,16,STRONG,DATA_REQUIREMENT,"visit planning-planning",True
REQ-R0C-00024,SCR-WEB-140,8,STRONG,USER_ACTION,"visit planning-planning",True
REQ-R0C-00025,SCR-WEB-140,8,STRONG,SYSTEM_BEHAVIOR,"visit planning-planning",True
REQ-R0C-00026,SCR-WEB-140,6,STRONG,BUSINESS_RULE,"visit planning-planning",True
REQ-R0C-00027,SCR-WEB-110,4,WEAK,USER_ACTION,"visit planning-planning",True
REQ-R0C-00028,SCR-WEB-130,3,WEAK,SYSTEM_BEHAVIOR,"visit planning-planning",True
REQ-R0C-00030,SCR-WEB-140,8,STRONG,USER_ACTION,"visit planning-planning",True
REQ-R0C-00031,SCR-WEB-130,2,WEAK,SYSTEM_BEHAVIOR,"visit planning-planning",True
REQ-R0C-00033,SCR-WEB-120,9,STRONG,ACCEPTANCE_CRITERION,"visit planning-planning",True
REQ-R0C-00034,SCR-WEB-130,13,STRONG,SYSTEM_BEHAVIOR,"visit planning-planning",True
REQ-R0C-00035,SCR-WEB-120,8,STRONG,BUSINESS_RULE,"visit planning-planning",True
REQ-R0C-00036,SCR-WEB-110,8,STRONG,USER_ACTION,"visit planning-planning",True
REQ-R0C-00037,SCR-WEB-100,8,STRONG,SYSTEM_BEHAVIOR,"visit planning-planning",True
REQ-R0C-00038,SCR-WEB-100,10,STRONG,BUSINESS_RULE,"visit planning-planning",True
REQ-R0C-00039,SCR-WEB-200,4,WEAK,USER_ACTION,"visit planning-planning",True
REQ-R0C-00040,SCR-WEB-110,2,WEAK,BUSINESS_RULE,"visit planning-planning",True
REQ-R0C-00041,SCR-WEB-110,11,STRONG,ACCEPTANCE_CRITERION,"visit planning-planning",True
REQ-R0C-00043,SCR-WEB-110,4,WEAK,SYSTEM_BEHAVIOR,"visit planning-planning",True
REQ-R0C-00044,SCR-WEB-110,2,WEAK,BUSINESS_RULE,"visit planning-planning",True
REQ-R0C-00045,SCR-WEB-210,8,STRONG,USER_ACTION,"visit planning-planning",True
REQ-R0C-00046,SCR-WEB-120,6,STRONG,SYSTEM_BEHAVIOR,"visit planning-planning",True
REQ-R0C-00047,SCR-WEB-150,4,WEAK,BUSINESS_RULE,"visit planning-planning",True
REQ-R0C-00048,SCR-WEB-110,6,STRONG,USER_ACTION,"visit planning-planning",True
REQ-R0C-00049,SCR-WEB-110,2,WEAK,SYSTEM_BEHAVIOR,"visit planning-planning",True
REQ-R0C-00050,SCR-WEB-110,2,WEAK,BUSINESS_RULE,"visit planning-planning",True
REQ-R0C-00051,SCR-WEB-150,2,WEAK,SYSTEM_BEHAVIOR,"visit planning-planning",True
REQ-R0C-00052,SCR-WEB-140,16,STRONG,USER_ACTION,"visit planning-planning",True
REQ-R0C-00053,SCR-WEB-210,3,WEAK,SYSTEM_BEHAVIOR,"visit planning-planning",True
REQ-R0C-00054,SCR-WEB-150,4,WEAK,BUSINESS_RULE,"visit planning-planning",True
REQ-R0C-00055,SCR-WEB-130,9,STRONG,BUSINESS_RULE,"visit planning-planning",True
REQ-R0C-00056,SCR-WEB-110,4,WEAK,USER_ACTION,"visit planning-planning",True
REQ-R0C-00057,SCR-WEB-140,10,STRONG,BUSINESS_RULE,"visit planning-planning",True
REQ-R0C-00058,SCR-WEB-130,14,STRONG,SYSTEM_BEHAVIOR,"visit planning-planning",True
REQ-R0C-00059,SCR-WEB-150,4,WEAK,BUSINESS_RULE,"visit planning-planning",True
REQ-R0C-00060,SCR-WEB-110,12,STRONG,USER_ACTION,"visit planning-planning",True
REQ-R0C-00061,SCR-WEB-100,10,STRONG,SYSTEM_BEHAVIOR,"visit planning-planning",True
REQ-R0C-00062,SCR-WEB-100,11,STRONG,BUSINESS_RULE,"visit planning-planning",True
REQ-R0C-00063,SCR-WEB-200,4,WEAK,USER_ACTION,"visit planning-planning",True
REQ-R0C-00064,SCR-WEB-200,4,WEAK,SYSTEM_BEHAVIOR,"visit planning-planning",True
REQ-R0C-00065,SCR-WEB-200,2,WEAK,BUSINESS_RULE,"visit planning-planning",True
REQ-R0C-00066,SCR-WEB-110,13,STRONG,ACCEPTANCE_CRITERION,"visit planning-planning",True
REQ-R0C-00067,SCR-WEB-120,6,STRONG,DATA_REQUIREMENT,"visit planning-planning",True
REQ-R0C-00068,SCR-WEB-110,6,STRONG,SYSTEM_BEHAVIOR,"visit planning-planning",True
REQ-R0C-00069,SCR-WEB-110,10,STRONG,BUSINESS_RULE,"visit planning-planning",True
REQ-R0C-00070,SCR-WEB-210,10,STRONG,USER_ACTION,"visit planning-planning",True
REQ-R0C-00071,SCR-WEB-210,7,STRONG,SYSTEM_BEHAVIOR,"visit planning-planning",True
REQ-R0C-00072,SCR-WEB-150,8,STRONG,BUSINESS_RULE,"visit planning-planning",True
REQ-R0C-00073,SCR-WEB-110,6,STRONG,USER_ACTION,"visit planning-planning",True
REQ-R0C-00074,SCR-WEB-110,2,WEAK,SYSTEM_BEHAVIOR,"visit planning-planning",True
REQ-R0C-00075,SCR-WEB-100,8,STRONG,BUSINESS_RULE,"visit planning-planning",True
REQ-R0C-00076,SCR-WEB-150,2,WEAK,SYSTEM_BEHAVIOR,"visit planning-planning",True
REQ-R0C-00077,SCR-WEB-150,6,STRONG,BUSINESS_RULE,"visit planning-planning",True
REQ-R0C-00078,SCR-WEB-140,16,STRONG,USER_ACTION,"visit planning-planning",True
REQ-R0C-00079,SCR-WEB-130,2,WEAK,SYSTEM_BEHAVIOR,"visit planning-planning",True
REQ-R0C-00080,SCR-WEB-140,12,STRONG,BUSINESS_RULE,"visit planning-planning",True
REQ-R0C-00081,SCR-WEB-140,20,STRONG,DATA_REQUIREMENT,"visit planning-planning",True
REQ-R0C-00082,SCR-WEB-140,8,STRONG,USER_ACTION,"visit planning-planning",True
REQ-R0C-00083,SCR-WEB-120,2,WEAK,SYSTEM_BEHAVIOR,"visit planning-planning",True
REQ-R0C-00084,SCR-WEB-120,10,STRONG,BUSINESS_RULE,"visit planning-planning",True
REQ-R0C-00085,SCR-WEB-150,6,STRONG,ACCEPTANCE_CRITERION,"visit planning-planning",True
REQ-R0C-00086,SCR-WEB-110,4,WEAK,USER_ACTION,"visit planning-planning",True
REQ-R0C-00087,SCR-WEB-140,6,STRONG,SYSTEM_BEHAVIOR,"visit planning-planning",True
REQ-R0C-00088,SCR-WEB-140,8,STRONG,BUSINESS_RULE,"visit planning-planning",True
REQ-R0C-00089,SCR-WEB-140,14,STRONG,USER_ACTION,"visit planning-planning",True
REQ-R0C-00090,SCR-WEB-150,8,STRONG,SYSTEM_BEHAVIOR,"visit planning-planning",True
REQ-R0C-00092,SCR-WEB-130,13,STRONG,SYSTEM_BEHAVIOR,"visit planning-planning",True
REQ-R0C-00093,SCR-WEB-150,10,STRONG,BUSINESS_RULE,"visit planning-planning",True
REQ-R0C-00094,SCR-WEB-150,10,STRONG,DATA_REQUIREMENT,"visit planning-planning",True
REQ-R0C-00095,SCR-WEB-210,4,WEAK,USER_ACTION,"visit planning-planning",True
REQ-R0C-00096,SCR-WEB-150,6,STRONG,SYSTEM_BEHAVIOR,"visit planning-planning",True
REQ-R0C-00097,SCR-WEB-210,12,STRONG,BUSINESS_RULE,"visit planning-planning",True
REQ-R0C-00098,SCR-WEB-140,16,STRONG,DATA_REQUIREMENT,"visit planning-planning",True
REQ-R0C-00099,SCR-WEB-110,4,WEAK,USER_ACTION,"visit planning-planning",True
REQ-R0C-00100,SCR-WEB-150,4,WEAK,SYSTEM_BEHAVIOR,"visit planning-planning",True
REQ-R0C-00101,SCR-WEB-150,4,WEAK,BUSINESS_RULE,"visit planning-planning",True
REQ-R0C-00102,SCR-WEB-150,4,WEAK,DATA_REQUIREMENT,"visit planning-planning",True
REQ-R0C-00103,SCR-WEB-100,10,STRONG,USER_ACTION,"visit planning-planning",True
REQ-R0C-00104,SCR-WEB-100,10,STRONG,SYSTEM_BEHAVIOR,"visit planning-planning",True
REQ-R0C-00105,SCR-WEB-120,20,STRONG,BUSINESS_RULE,"visit planning-planning",True
REQ-R0C-00106,SCR-WEB-200,4,WEAK,USER_ACTION,"visit planning-planning",True
REQ-R0C-00107,SCR-WEB-110,4,WEAK,SYSTEM_BEHAVIOR,"visit planning-planning",True
REQ-R0C-00108,SCR-WEB-110,2,WEAK,BUSINESS_RULE,"visit planning-planning",True
REQ-R0C-00110,SCR-WEB-110,4,WEAK,USER_ACTION,"visit planning-planning",True
REQ-R0C-00111,SCR-WEB-110,2,WEAK,SYSTEM_BEHAVIOR,"visit planning-planning",True
REQ-R0C-00112,SCR-WEB-120,2,WEAK,BUSINESS_RULE,"visit planning-planning",True
REQ-R0C-00113,SCR-WEB-210,7,STRONG,SYSTEM_BEHAVIOR,"visit planning-planning",True
REQ-R0C-00114,SCR-WEB-120,6,STRONG,BUSINESS_RULE,"visit planning-planning",True
REQ-R0C-00115,SCR-WEB-200,4,WEAK,USER_ACTION,"visit planning-planning",True
REQ-R0C-00116,SCR-WEB-110,2,WEAK,SYSTEM_BEHAVIOR,"visit planning-planning",True
REQ-R0C-00117,SCR-WEB-130,5,WEAK,BUSINESS_RULE,"visit planning-planning",True
REQ-R0C-00118,SCR-WEB-130,2,WEAK,DATA_REQUIREMENT,"visit planning-planning",True
REQ-R0C-00119,SCR-WEB-140,16,STRONG,USER_ACTION,"visit planning-planning",True
REQ-R0C-00120,SCR-WEB-210,3,WEAK,SYSTEM_BEHAVIOR,"visit planning-planning",True
REQ-R0C-00121,SCR-WEB-140,12,STRONG,BUSINESS_RULE,"visit planning-planning",True
REQ-R0C-00122,SCR-WEB-210,3,WEAK,ACCEPTANCE_CRITERION,"visit planning-planning",True
REQ-R0C-00123,SCR-WEB-140,16,STRONG,DATA_REQUIREMENT,"visit planning-planning",True
REQ-R0C-00124,SCR-WEB-140,10,STRONG,USER_ACTION,"visit planning-planning",True
REQ-R0C-00125,SCR-WEB-130,3,WEAK,SYSTEM_BEHAVIOR,"visit planning-planning",True
REQ-R0C-00126,SCR-WEB-120,10,STRONG,BUSINESS_RULE,"visit planning-planning",True
REQ-R0C-00127,SCR-WEB-140,20,STRONG,USER_ACTION,"visit planning-planning",True
REQ-R0C-00128,SCR-WEB-100,8,STRONG,SYSTEM_BEHAVIOR,"visit planning-planning",True
REQ-R0C-00129,SCR-WEB-150,2,WEAK,BUSINESS_RULE,"visit planning-planning",True
REQ-R0C-00130,SCR-WEB-120,10,STRONG,SYSTEM_BEHAVIOR,"visit planning-planning",True
REQ-R0C-00131,SCR-WEB-120,14,STRONG,BUSINESS_RULE,"visit planning-planning",True
REQ-R0C-00132,SCR-WEB-130,12,STRONG,USER_ACTION,"visit planning-planning",True
REQ-R0C-00133,SCR-WEB-130,12,STRONG,SYSTEM_BEHAVIOR,"visit planning-planning",True
REQ-R0C-00134,SCR-WEB-130,16,STRONG,BUSINESS_RULE,"visit planning-planning",True
REQ-R0C-00135,SCR-WEB-200,4,WEAK,USER_ACTION,"visit planning-planning",True
REQ-R0C-00136,SCR-WEB-120,6,STRONG,SYSTEM_BEHAVIOR,"visit planning-planning",True
REQ-R0C-00137,SCR-WEB-120,8,STRONG,BUSINESS_RULE,"visit planning-planning",True
REQ-R0C-00139,SCR-WEB-120,6,STRONG,USER_ACTION,"visit planning-planning",True
REQ-R0C-00140,SCR-WEB-120,8,STRONG,SYSTEM_BEHAVIOR,"visit planning-planning",True
REQ-R0C-00141,SCR-WEB-120,8,STRONG,BUSINESS_RULE,"visit planning-planning",True
REQ-R0C-00142,SCR-WEB-200,4,WEAK,USER_ACTION,"visit planning-planning",True
REQ-R0C-00143,SCR-WEB-130,10,STRONG,SYSTEM_BEHAVIOR,"visit planning-planning",True
REQ-R0C-00144,SCR-WEB-130,14,STRONG,BUSINESS_RULE,"visit planning-planning",True
REQ-R0C-00145,SCR-WEB-130,2,WEAK,DATA_REQUIREMENT,"visit planning-planning",True
REQ-R0C-00146,SCR-WEB-120,11,STRONG,USER_ACTION,"visit planning-planning",True
REQ-R0C-00147,SCR-WEB-130,2,WEAK,SYSTEM_BEHAVIOR,"visit planning-planning",True
REQ-R0C-00148,SCR-WEB-130,14,STRONG,BUSINESS_RULE,"visit planning-planning",True
REQ-R0C-00150,SCR-WEB-130,10,STRONG,DATA_REQUIREMENT,"visit planning-planning",True
REQ-R0C-00151,SCR-WEB-140,10,STRONG,USER_ACTION,"visit planning-planning",True
REQ-R0C-00152,SCR-WEB-140,8,STRONG,SYSTEM_BEHAVIOR,"visit planning-planning",True
REQ-R0C-00153,SCR-WEB-130,7,STRONG,BUSINESS_RULE,"visit planning-planning",True
REQ-R0C-00154,SCR-WEB-120,16,STRONG,USER_ACTION,"visit planning-planning",True
REQ-R0C-00155,SCR-WEB-150,6,STRONG,SYSTEM_BEHAVIOR,"visit planning-planning",True
REQ-R0C-00156,SCR-WEB-150,9,STRONG,BUSINESS_RULE,"visit planning-planning",True
REQ-R0C-00157,SCR-WEB-130,12,STRONG,SYSTEM_BEHAVIOR,"visit planning-planning",True
REQ-R0C-00158,SCR-WEB-130,12,STRONG,BUSINESS_RULE,"visit planning-planning",True
REQ-R0C-00159,SCR-WEB-100,2,WEAK,USER_ACTION,"visit planning-planning",True
REQ-R0C-00160,SCR-WEB-210,9,STRONG,SYSTEM_BEHAVIOR,"visit planning-planning",True
REQ-R0C-00161,SCR-WEB-130,13,STRONG,BUSINESS_RULE,"visit planning-planning",True
REQ-R0C-00162,SCR-WEB-200,2,WEAK,SYSTEM_BEHAVIOR,"visit planning-planning",True
REQ-R0C-00163,SCR-WEB-130,9,STRONG,BUSINESS_RULE,"visit planning-planning",True
REQ-R0C-00164,SCR-WEB-200,12,STRONG,USER_ACTION,"visit planning- mangment",True
REQ-R0C-00165,SCR-WEB-120,10,STRONG,SYSTEM_BEHAVIOR,"visit planning- mangment",True
REQ-R0C-00166,SCR-WEB-100,8,STRONG,BUSINESS_RULE,"visit planning- mangment",True
REQ-R0C-00167,SCR-WEB-150,5,WEAK,ACCEPTANCE_CRITERION,"visit planning- mangment",True
REQ-R0C-00168,SCR-WEB-120,8,STRONG,SYSTEM_BEHAVIOR,"visit planning- mangment",True
REQ-R0C-00169,SCR-WEB-100,8,STRONG,BUSINESS_RULE,"visit planning- mangment",True
REQ-R0C-00170,SCR-WEB-120,16,STRONG,USER_ACTION,"visit planning- mangment",True
REQ-R0C-00172,SCR-WEB-200,4,WEAK,USER_ACTION,"visit planning- mangment",True
REQ-R0C-00173,SCR-WEB-200,2,WEAK,BUSINESS_RULE,"visit planning- mangment",True
REQ-R0C-00174,SCR-WEB-130,11,STRONG,DATA_REQUIREMENT,"visit planning- mangment",True
REQ-R0C-00175,SCR-WEB-210,19,STRONG,SYSTEM_BEHAVIOR,"visit planning- mangment",True
REQ-R0C-00176,SCR-WEB-210,3,WEAK,BUSINESS_RULE,"visit planning- mangment",True
REQ-R0C-00177,SCR-WEB-120,9,STRONG,ACCEPTANCE_CRITERION,"visit planning- mangment",True
REQ-R0C-00178,SCR-WEB-120,14,STRONG,USER_ACTION,"visit planning- mangment",True
REQ-R0C-00179,SCR-WEB-110,2,WEAK,SYSTEM_BEHAVIOR,"visit planning- mangment",True
REQ-R0C-00180,SCR-WEB-210,4,WEAK,BUSINESS_RULE,"visit planning- mangment",True
REQ-R0C-00181,SCR-WEB-150,6,STRONG,USER_ACTION,"visit planning- mangment",True
REQ-R0C-00182,SCR-WEB-150,4,WEAK,SYSTEM_BEHAVIOR,"visit planning- mangment",True
REQ-R0C-00183,SCR-WEB-150,12,STRONG,BUSINESS_RULE,"visit planning- mangment",True
REQ-R0C-00184,SCR-WEB-130,13,STRONG,DATA_REQUIREMENT,"visit planning- mangment",True
REQ-R0C-00185,SCR-WEB-200,12,STRONG,USER_ACTION,"visit planning- mangment",True
REQ-R0C-00186,SCR-WEB-130,2,WEAK,SYSTEM_BEHAVIOR,"visit planning- mangment",True
REQ-R0C-00187,SCR-WEB-100,12,STRONG,BUSINESS_RULE,"visit planning- mangment",True
REQ-R0C-00188,SCR-WEB-210,4,WEAK,SYSTEM_BEHAVIOR,"visit planning- mangment",True
REQ-R0C-00189,SCR-WEB-120,8,STRONG,BUSINESS_RULE,"visit planning- mangment",True
REQ-R0C-00190,SCR-WEB-130,2,WEAK,USER_ACTION,"visit planning- mangment",True
REQ-R0C-00191,SCR-WEB-210,4,WEAK,SYSTEM_BEHAVIOR,"visit planning- mangment",True
REQ-R0C-00192,SCR-WEB-210,2,WEAK,BUSINESS_RULE,"visit planning- mangment",True
REQ-R0C-00193,SCR-WEB-110,4,WEAK,USER_ACTION,"visit planning- mangment",True
REQ-R0C-00194,SCR-WEB-150,4,WEAK,SYSTEM_BEHAVIOR,"visit planning- mangment",True
REQ-R0C-00195,SCR-WEB-150,4,WEAK,BUSINESS_RULE,"visit planning- mangment",True
REQ-R0C-00196,SCR-WEB-150,4,WEAK,DATA_REQUIREMENT,"visit planning- mangment",True
REQ-R0C-00197,SCR-WEB-120,6,STRONG,SYSTEM_BEHAVIOR,"visit planning- mangment",True
REQ-R0C-00198,SCR-WEB-150,4,WEAK,BUSINESS_RULE,"visit planning- mangment",True
REQ-R0C-00199,SCR-WEB-120,8,STRONG,SYSTEM_BEHAVIOR,"visit planning- mangment",True
REQ-R0C-00200,SCR-WEB-210,4,WEAK,BUSINESS_RULE,"visit planning- mangment",True
REQ-R0C-00201,SCR-WEB-210,12,STRONG,ACCEPTANCE_CRITERION,"visit planning- mangment",True
REQ-R0C-00203,SCR-WEB-100,8,STRONG,BUSINESS_RULE,"visit planning- mangment",True
REQ-R0C-00205,SCR-WEB-100,10,STRONG,BUSINESS_RULE,"visit planning- mangment",True
REQ-R0C-00206,SCR-WEB-210,9,STRONG,SYSTEM_BEHAVIOR,"visit planning- mangment",True
REQ-R0C-00207,SCR-WEB-210,8,STRONG,BUSINESS_RULE,"visit planning- mangment",True
REQ-R0C-00208,SCR-WEB-100,10,STRONG,USER_ACTION,"visit planning- mangment",True
REQ-R0C-00209,SCR-WEB-150,10,STRONG,SYSTEM_BEHAVIOR,"visit planning- mangment",True
REQ-R0C-00210,SCR-WEB-200,9,STRONG,BUSINESS_RULE,"visit planning- mangment",True
REQ-R0C-00211,SCR-WEB-210,5,WEAK,USER_ACTION,"visit planning- mangment",True
REQ-R0C-00212,SCR-WEB-150,4,WEAK,SYSTEM_BEHAVIOR,"visit planning- mangment",True
REQ-R0C-00213,SCR-WEB-100,8,STRONG,BUSINESS_RULE,"visit planning- mangment",True
REQ-R0C-00214,SCR-WEB-120,11,STRONG,SYSTEM_BEHAVIOR,"visit planning- mangment",True
REQ-R0C-00215,SCR-WEB-210,4,WEAK,USER_ACTION,"visit planning- mangment",True
REQ-R0C-00216,SCR-WEB-100,8,STRONG,SYSTEM_BEHAVIOR,"visit planning- mangment",True
REQ-R0C-00217,SCR-WEB-120,16,STRONG,USER_ACTION,"visit planning- mangment",True
REQ-R0C-00218,SCR-WEB-120,10,STRONG,ACCEPTANCE_CRITERION,"visit planning- mangment",True
REQ-R0C-00219,SCR-WEB-200,4,WEAK,USER_ACTION,"visit planning- mangment",True
REQ-R0C-00220,SCR-WEB-130,11,STRONG,DATA_REQUIREMENT,"visit planning- mangment",True
REQ-R0C-00221,SCR-WEB-200,6,STRONG,USER_ACTION,"visit planning- mangment",True
REQ-R0C-00222,SCR-WEB-120,8,STRONG,SYSTEM_BEHAVIOR,"visit planning- mangment",True
REQ-R0C-00223,SCR-WEB-210,10,STRONG,USER_ACTION,"visit planning- mangment",True
REQ-R0C-00224,SCR-WEB-210,13,STRONG,SYSTEM_BEHAVIOR,"visit planning- mangment",True
REQ-R0C-00225,SCR-WEB-210,4,WEAK,USER_ACTION,"visit planning- mangment",True
REQ-R0C-00226,SCR-WEB-110,2,WEAK,SYSTEM_BEHAVIOR,"visit planning- mangment",True
REQ-R0C-00227,SCR-WEB-130,13,STRONG,DATA_REQUIREMENT,"visit planning- mangment",True
REQ-R0C-00228,SCR-WEB-110,4,WEAK,USER_ACTION,"visit planning- mangment",True
REQ-R0C-00229,SCR-WEB-140,6,STRONG,SYSTEM_BEHAVIOR,"visit planning- mangment",True
REQ-R0C-00230,SCR-WEB-120,10,STRONG,USER_ACTION,"visit planning- mangment",True
REQ-R0C-00231,SCR-WEB-100,8,STRONG,SYSTEM_BEHAVIOR,"visit planning- mangment",True
REQ-R0C-00232,SCR-WEB-130,2,WEAK,USER_ACTION,"visit planning- mangment",True
REQ-R0C-00233,SCR-WEB-210,10,STRONG,SYSTEM_BEHAVIOR,"visit planning- mangment",True
REQ-R0C-00234,SCR-WEB-100,8,STRONG,USER_ACTION,"visit planning- mangment",True
REQ-R0C-00235,SCR-WEB-130,2,WEAK,SYSTEM_BEHAVIOR,"visit planning- mangment",True
REQ-R0C-00237,SCR-WEB-130,3,WEAK,SYSTEM_BEHAVIOR,"visit planning- mangment",True
REQ-R0C-00238,SCR-WEB-200,2,WEAK,USER_ACTION,"visit planning- mangment",True
REQ-R0C-00239,SCR-WEB-150,4,WEAK,SYSTEM_BEHAVIOR,"visit planning- mangment",True
REQ-R0C-00240,SCR-WEB-130,13,STRONG,DATA_REQUIREMENT,"visit planning- mangment",True
REQ-R0C-00241,SCR-WEB-150,2,WEAK,SYSTEM_BEHAVIOR,"visit planning- mangment",True
REQ-R0C-00242,SCR-WEB-120,10,STRONG,USER_ACTION,"visit planning- mangment",True
REQ-R0C-00243,SCR-WEB-150,6,STRONG,SYSTEM_BEHAVIOR,"visit planning- mangment",True
REQ-R0C-00244,SCR-WEB-110,4,WEAK,USER_ACTION,"visit planning- mangment",True
REQ-R0C-00245,SCR-WEB-150,4,WEAK,SYSTEM_BEHAVIOR,"visit planning- mangment",True
REQ-R0C-00246,SCR-WEB-150,8,STRONG,USER_ACTION,"visit planning- mangment",True
REQ-R0C-00248,SCR-WEB-150,6,STRONG,SYSTEM_BEHAVIOR,"visit planning- mangment",True
REQ-R0C-00249,SCR-WEB-150,4,WEAK,USER_ACTION,"visit planning- mangment",True
REQ-R0C-00250,SCR-WEB-150,2,WEAK,SYSTEM_BEHAVIOR,"visit planning- mangment",True
REQ-R0C-00251,SCR-WEB-200,4,WEAK,USER_ACTION,"visit planning- mangment",True
REQ-R0C-00252,SCR-WEB-150,4,WEAK,SYSTEM_BEHAVIOR,"visit planning- mangment",True
REQ-R0C-00253,SCR-WEB-210,12,STRONG,USER_ACTION,"visit planning- mangment",True
REQ-R0C-00254,SCR-WEB-120,6,STRONG,SYSTEM_BEHAVIOR,"visit planning- mangment",True
REQ-R0C-00255,SCR-WEB-150,6,STRONG,SYSTEM_BEHAVIOR,"visit planning- mangment",True
REQ-R0C-00256,SCR-WEB-150,12,STRONG,SYSTEM_BEHAVIOR,"visit planning- mangment",True
REQ-R0C-00257,SCR-WEB-200,2,WEAK,USER_ACTION,"visit planning- mangment",True
REQ-R0C-00259,SCR-WEB-200,4,WEAK,USER_ACTION,"visit planning- mangment",True
REQ-R0C-00260,SCR-WEB-110,2,WEAK,SYSTEM_BEHAVIOR,"visit planning- mangment",True
REQ-R0C-00261,SCR-WEB-100,8,STRONG,SYSTEM_BEHAVIOR,"visit planning- mangment",True
REQ-R0C-00263,SCR-WEB-210,10,STRONG,SYSTEM_BEHAVIOR,"visit planning- mangment",True
REQ-R0C-00264,SCR-ADM-051,6,STRONG,USER_ACTION,"inspection execution - prestart",True
REQ-R0C-00265,SCR-ADM-001,2,WEAK,SYSTEM_BEHAVIOR,"inspection execution - prestart",True
REQ-R0C-00266,SCR-ADM-001,2,WEAK,BUSINESS_RULE,"inspection execution - prestart",True
REQ-R0C-00267,SCR-ADM-031,4,WEAK,ACCEPTANCE_CRITERION,"inspection execution - prestart",True
REQ-R0C-00268,SCR-WEB-200,12,STRONG,USER_ACTION,"inspection execution - prestart",True
REQ-R0C-00269,SCR-WEB-150,4,WEAK,SYSTEM_BEHAVIOR,"inspection execution - prestart",True
REQ-R0C-00270,SCR-WEB-150,4,WEAK,BUSINESS_RULE,"inspection execution - prestart",True
REQ-R0C-00271,SCR-ADM-031,4,WEAK,ACCEPTANCE_CRITERION,"inspection execution - prestart",True
REQ-R0C-00272,SCR-WEB-200,6,STRONG,USER_ACTION,"inspection execution - prestart",True
REQ-R0C-00273,SCR-WEB-210,3,WEAK,SYSTEM_BEHAVIOR,"inspection execution - prestart",True
REQ-R0C-00274,SCR-WEB-140,6,STRONG,BUSINESS_RULE,"inspection execution - prestart",True
REQ-R0C-00275,SCR-WEB-200,6,STRONG,USER_ACTION,"inspection execution - prestart",True
REQ-R0C-00276,SCR-ADM-010,2,WEAK,SYSTEM_BEHAVIOR,"inspection execution - prestart",True
REQ-R0C-00277,SCR-WEB-150,4,WEAK,BUSINESS_RULE,"inspection execution - prestart",True
REQ-R0C-00278,SCR-ADM-010,2,WEAK,ACCEPTANCE_CRITERION,"inspection execution - prestart",True
REQ-R0C-00279,SCR-ADM-051,4,WEAK,USER_ACTION,"inspection execution - prestart",True
REQ-R0C-00280,SCR-WEB-210,3,WEAK,SYSTEM_BEHAVIOR,"inspection execution - prestart",True
REQ-R0C-00281,SCR-WEB-100,8,STRONG,BUSINESS_RULE,"inspection execution - prestart",True
REQ-R0C-00282,SCR-ADM-051,4,WEAK,USER_ACTION,"inspection execution - prestart",True
REQ-R0C-00283,SCR-WEB-140,7,STRONG,SYSTEM_BEHAVIOR,"inspection execution - prestart",True
REQ-R0C-00284,SCR-ADM-020,2,WEAK,BUSINESS_RULE,"inspection execution - prestart",True
REQ-R0C-00285,SCR-WEB-120,8,STRONG,SYSTEM_BEHAVIOR,"inspection execution - prestart",True
REQ-R0C-00286,SCR-WEB-120,8,STRONG,BUSINESS_RULE,"inspection execution - prestart",True
REQ-R0C-00287,SCR-WEB-400,16,STRONG,USER_ACTION,"inspection execution - prestart",True
REQ-R0C-00288,SCR-WEB-400,14,STRONG,SYSTEM_BEHAVIOR,"inspection execution - prestart",True
REQ-R0C-00289,SCR-WEB-120,6,STRONG,BUSINESS_RULE,"inspection execution - prestart",True
REQ-R0C-00291,SCR-ADM-020,2,WEAK,BUSINESS_RULE,"inspection execution - prestart",True
REQ-R0C-00292,SCR-WEB-400,10,STRONG,USER_ACTION,"inspection execution - prestart",True
REQ-R0C-00293,SCR-ADM-030,12,STRONG,SYSTEM_BEHAVIOR,"inspection execution - prestart",True
REQ-R0C-00294,SCR-ADM-020,8,STRONG,BUSINESS_RULE,"inspection execution - prestart",True
REQ-R0C-00295,SCR-WEB-140,6,STRONG,DATA_REQUIREMENT,"inspection execution - prestart",True
REQ-R0C-00296,SCR-ADM-051,4,WEAK,USER_ACTION,"inspection execution - prestart",True
REQ-R0C-00297,SCR-ADM-020,2,WEAK,BUSINESS_RULE,"inspection execution - prestart",True
REQ-R0C-00298,SCR-WEB-400,10,STRONG,DATA_REQUIREMENT,"inspection execution - prestart",True
REQ-R0C-00299,SCR-ADM-031,21,STRONG,SYSTEM_BEHAVIOR,"inspection execution - prestart",True
REQ-R0C-00300,SCR-ADM-030,8,STRONG,BUSINESS_RULE,"inspection execution - prestart",True
REQ-R0C-00301,SCR-WEB-140,6,STRONG,DATA_REQUIREMENT,"inspection execution - prestart",True
REQ-R0C-00302,SCR-ADM-080,6,STRONG,SYSTEM_BEHAVIOR,"inspection execution - prestart",True
REQ-R0C-00303,SCR-VIR-700,12,STRONG,BUSINESS_RULE,"inspection execution - prestart",True
REQ-R0C-00304,SCR-WEB-310,8,STRONG,USER_ACTION,"inspection execution - prestart",True
REQ-R0C-00305,SCR-WEB-120,6,STRONG,SYSTEM_BEHAVIOR,"inspection execution - prestart",True
REQ-R0C-00306,SCR-VIR-700,14,STRONG,BUSINESS_RULE,"inspection execution - prestart",True
REQ-R0C-00307,SCR-VIR-700,6,STRONG,DATA_REQUIREMENT,"inspection execution - prestart",True
REQ-R0C-00308,SCR-ADM-010,2,WEAK,SYSTEM_BEHAVIOR,"inspection execution - prestart",True
REQ-R0C-00309,SCR-ADM-080,5,WEAK,BUSINESS_RULE,"inspection execution - prestart",True
REQ-R0C-00324,SCR-VIR-720,7,STRONG,SYSTEM_BEHAVIOR,"inspection excution-start jou",True
REQ-R0C-00325,SCR-VIR-720,6,STRONG,BUSINESS_RULE,"inspection excution-start jou",True
REQ-R0C-00327,SCR-VIR-720,6,STRONG,BUSINESS_RULE,"inspection excution-start jou",True
REQ-R0C-00329,SCR-VIR-720,6,STRONG,BUSINESS_RULE,"inspection excution-start jou",True
REQ-R0C-00330,SCR-VIR-720,4,WEAK,SYSTEM_BEHAVIOR,"inspection excution-start jou",True
REQ-R0C-00332,SCR-VIR-720,4,WEAK,SYSTEM_BEHAVIOR,"inspection excution-start jou",True
REQ-R0C-00334,SCR-VIR-720,4,WEAK,SYSTEM_BEHAVIOR,"inspection excution-start jou",True
REQ-R0C-00335,SCR-VIR-720,6,STRONG,BUSINESS_RULE,"inspection excution-start jou",True
REQ-R0C-00336,SCR-VIR-720,4,WEAK,SYSTEM_BEHAVIOR,"inspection excution-start jou",True
REQ-R0C-00338,SCR-VIR-720,4,WEAK,SYSTEM_BEHAVIOR,"inspection excution-start jou",True
REQ-R0C-00339,SCR-VIR-720,6,STRONG,BUSINESS_RULE,"inspection excution-start jou",True
REQ-R0C-00340,SCR-VIR-720,6,STRONG,SYSTEM_BEHAVIOR,"inspection excution-start jou",True
REQ-R0C-00343,SCR-VIR-720,6,STRONG,BUSINESS_RULE,"inspection excution-start jou",True
REQ-R0C-00351,SCR-VIR-720,8,STRONG,BUSINESS_RULE,"inspection excution-start jou",True
REQ-R0C-00352,SCR-VIR-720,4,WEAK,SYSTEM_BEHAVIOR,"inspection excution-start jou",True
REQ-R0C-00356,SCR-VIR-720,4,WEAK,BUSINESS_RULE,"inspection excution-start jou",True
REQ-R0C-00359,SCR-VIR-720,4,WEAK,SYSTEM_BEHAVIOR,"inspection excution-start jou",True
REQ-R0C-00360,SCR-VIR-720,4,WEAK,BUSINESS_RULE,"inspection excution-start jou",True
REQ-R0C-00377,SCR-VIR-720,6,STRONG,BUSINESS_RULE,"inspection excution-start jou",True
REQ-R0C-00385,SCR-VIR-720,2,WEAK,SYSTEM_BEHAVIOR,"inspection excution-start jou",True
REQ-R0C-00387,SCR-VIR-720,4,WEAK,BUSINESS_RULE,"inspection excution-start jou",True
REQ-R0C-00388,SCR-VIR-720,2,WEAK,SYSTEM_BEHAVIOR,"inspection excution-start jou",True
REQ-R0C-00393,SCR-VIR-720,10,STRONG,SYSTEM_BEHAVIOR,"inspection excution-start jou",True
REQ-R0C-00406,SCR-VIR-720,6,STRONG,SYSTEM_BEHAVIOR,"inspection excution-start jou",True
REQ-R0C-00407,SCR-VIR-720,6,STRONG,BUSINESS_RULE,"inspection excution-start jou",True
REQ-R0C-00408,SCR-VIR-720,4,WEAK,USER_ACTION,"inspection excution-start jou",True
REQ-R0C-00409,SCR-VIR-720,6,STRONG,SYSTEM_BEHAVIOR,"inspection excution-start jou",True
REQ-R0C-00410,SCR-VIR-720,6,STRONG,BUSINESS_RULE,"inspection excution-start jou",True
REQ-R0C-00411,SCR-VIR-720,6,STRONG,ACCEPTANCE_CRITERION,"inspection excution-start jou",True
REQ-R0C-00412,SCR-VIR-720,2,WEAK,SYSTEM_BEHAVIOR,"inspection excution-start jou",True
REQ-R0C-00413,SCR-VIR-720,8,STRONG,BUSINESS_RULE,"inspection excution-start jou",True
REQ-R0C-00414,SCR-VIR-720,6,STRONG,SYSTEM_BEHAVIOR,"inspection excution-start jou",True
REQ-R0C-00416,SCR-VIR-720,6,STRONG,SYSTEM_BEHAVIOR,"inspection excution-start jou",True
REQ-R0C-00420,SCR-VIR-720,10,STRONG,SYSTEM_BEHAVIOR,"inspection excution-start jou",True
REQ-R0C-00425,SCR-VIR-720,3,WEAK,USER_ACTION,"inspection excution-start jou",True
REQ-R0C-00426,SCR-VIR-720,3,WEAK,SYSTEM_BEHAVIOR,"inspection excution-start jou",True
REQ-R0C-00428,SCR-VIR-720,2,WEAK,USER_ACTION,"inspection excution-start jou",True
REQ-R0C-00437,SCR-VIR-720,6,STRONG,USER_ACTION,"inspection excution-start jou",True
REQ-R0C-00438,SCR-VIR-720,12,STRONG,SYSTEM_BEHAVIOR,"inspection excution-start jou",True
REQ-R0C-00439,SCR-VIR-720,6,STRONG,BUSINESS_RULE,"inspection excution-start jou",True
REQ-R0C-00442,SCR-VIR-720,6,STRONG,BUSINESS_RULE,"inspection excution-start jou",True
REQ-R0C-00446,SCR-VIR-720,2,WEAK,USER_ACTION,"inspection excution-start jou",True
REQ-R0C-00447,SCR-VIR-720,6,STRONG,SYSTEM_BEHAVIOR,"inspection excution-start jou",True
REQ-R0C-00448,SCR-VIR-720,6,STRONG,BUSINESS_RULE,"inspection excution-start jou",True
REQ-R0C-00449,SCR-VIR-720,4,WEAK,SYSTEM_BEHAVIOR,"inspection excution-start jou",True
REQ-R0C-00451,SCR-VIR-720,13,STRONG,SYSTEM_BEHAVIOR,"inspection excution-start jou",True
REQ-R0C-00454,SCR-VIR-720,10,STRONG,SYSTEM_BEHAVIOR,"inspection excution-start jou",True
REQ-R0C-00456,SCR-VIR-720,6,STRONG,USER_ACTION,"inspection excution-start jou",True
REQ-R0C-00457,SCR-VIR-720,12,STRONG,SYSTEM_BEHAVIOR,"inspection excution-start jou",True
REQ-R0C-00458,SCR-VIR-720,10,STRONG,BUSINESS_RULE,"inspection excution-start jou",True
REQ-R0C-00460,SCR-VIR-720,7,STRONG,SYSTEM_BEHAVIOR,"inspection excution-start jou",True
REQ-R0C-00461,SCR-VIR-720,6,STRONG,BUSINESS_RULE,"inspection excution-start jou",True
REQ-R0C-00465,SCR-VIR-720,6,STRONG,BUSINESS_RULE,"inspection excution-start jou",True
REQ-R0C-00466,SCR-VIR-720,7,STRONG,SYSTEM_BEHAVIOR,"inspection excution-start jou",True
REQ-R0C-00475,SCR-VIR-720,6,STRONG,SYSTEM_BEHAVIOR,"inspection excution-start jou",True
REQ-R0C-00481,SCR-VIR-720,6,STRONG,SYSTEM_BEHAVIOR,"inspection excution-start jou",True
REQ-R0C-00482,SCR-VIR-720,6,STRONG,BUSINESS_RULE,"inspection excution-start jou",True
REQ-R0C-00483,SCR-VIR-720,4,WEAK,SYSTEM_BEHAVIOR,"inspection excution-start jou",True
REQ-R0C-00486,SCR-VIR-720,6,STRONG,BUSINESS_RULE,"inspection excution-start jou",True
REQ-R0C-00487,SCR-VIR-720,4,WEAK,SYSTEM_BEHAVIOR,"inspection excution-start jou",True
REQ-R0C-00488,SCR-VIR-720,10,STRONG,BUSINESS_RULE,"inspection excution-start jou",True
REQ-R0C-00491,SCR-VIR-720,2,WEAK,USER_ACTION,"inspection excution-start jou",True
REQ-R0C-00498,SCR-VIR-720,7,STRONG,SYSTEM_BEHAVIOR,"inspection excution-start jou",True
REQ-R0C-00505,SCR-VIR-720,6,STRONG,SYSTEM_BEHAVIOR,"inspection excution-start jou",True
REQ-R0C-00509,SCR-VIR-720,2,WEAK,USER_ACTION,"inspection excution-start jou",True
REQ-R0C-00510,SCR-VIR-720,7,STRONG,SYSTEM_BEHAVIOR,"inspection excution-start jou",True
REQ-R0C-00514,SCR-VIR-720,6,STRONG,SYSTEM_BEHAVIOR,"inspection excution-start jou",True
REQ-R0C-00517,SCR-VIR-720,6,STRONG,SYSTEM_BEHAVIOR,"inspection excution-start jou",True
REQ-R0C-00521,SCR-VIR-720,2,WEAK,USER_ACTION,"inspection excution-start jou",True
REQ-R0C-00533,SCR-VIR-720,10,STRONG,BUSINESS_RULE,"inspection excution-start jou",True
REQ-R0C-00537,SCR-VIR-720,2,WEAK,SYSTEM_BEHAVIOR,"inspection excution-start jou",True
REQ-R0C-00539,SCR-VIR-720,3,WEAK,SYSTEM_BEHAVIOR,"inspection excution-start jou",True
REQ-R0C-00546,SCR-VIR-720,6,STRONG,BUSINESS_RULE,"inspection excution-start jou",True
REQ-R0C-00553,SCR-VIR-720,2,WEAK,SYSTEM_BEHAVIOR,"inspection excution-start jou",True
REQ-R0C-00556,SCR-VIR-720,2,WEAK,SYSTEM_BEHAVIOR,"inspection excution-start jou",True
REQ-R0C-00562,SCR-VIR-720,2,WEAK,USER_ACTION,"inspection excution-start jou",True
REQ-R0C-00563,SCR-VIR-720,6,STRONG,SYSTEM_BEHAVIOR,"inspection excution-start jou",True
REQ-R0C-00564,SCR-VIR-720,6,STRONG,BUSINESS_RULE,"inspection excution-start jou",True
REQ-R0C-00566,SCR-VIR-720,6,STRONG,BUSINESS_RULE,"inspection excution-start jou",True
REQ-R0C-00568,SCR-VIR-720,6,STRONG,SYSTEM_BEHAVIOR,"inspection excution-start jou",True
REQ-R0C-00569,SCR-VIR-720,6,STRONG,SYSTEM_BEHAVIOR,"inspection excution-start jou",True
REQ-R0C-00571,SCR-VIR-720,6,STRONG,SYSTEM_BEHAVIOR,"inspection excution-start jou",True
REQ-R0C-00574,SCR-VIR-720,6,STRONG,SYSTEM_BEHAVIOR,"inspection excution-start jou",True
REQ-R0C-00577,SCR-VIR-720,6,STRONG,SYSTEM_BEHAVIOR,"inspection excution-start jou",True
REQ-R0C-00578,SCR-VIR-720,6,STRONG,BUSINESS_RULE,"inspection excution-start jou",True
REQ-R0C-00580,SCR-VIR-720,6,STRONG,SYSTEM_BEHAVIOR,"inspection excution-start jou",True
REQ-R0C-00594,SCR-VIR-720,10,STRONG,SYSTEM_BEHAVIOR,"inspection excution-start jou",True
REQ-R0C-00595,SCR-VIR-720,6,STRONG,BUSINESS_RULE,"inspection excution-start jou",True
REQ-R0C-00596,SCR-VIR-720,2,WEAK,USER_ACTION,"inspection excution-start jou",True
REQ-R0C-00597,SCR-VIR-720,6,STRONG,SYSTEM_BEHAVIOR,"inspection excution-start jou",True
REQ-R0C-00598,SCR-VIR-720,6,STRONG,BUSINESS_RULE,"inspection excution-start jou",True
REQ-R0C-00601,SCR-VIR-720,6,STRONG,SYSTEM_BEHAVIOR,"inspection excution-start jou",True
REQ-R0C-00606,SCR-VIR-720,6,STRONG,BUSINESS_RULE,"inspection excution-start jou",True
REQ-R0C-00607,SCR-VIR-720,6,STRONG,SYSTEM_BEHAVIOR,"inspection excution-start jou",True
REQ-R0C-00611,SCR-VIR-720,6,STRONG,SYSTEM_BEHAVIOR,"inspection excution-start jou",True
REQ-R0C-00613,SCR-VIR-720,6,STRONG,SYSTEM_BEHAVIOR,"inspection excution-start jou",True
REQ-R0C-00614,SCR-VIR-720,6,STRONG,BUSINESS_RULE,"inspection excution-start jou",True
REQ-R0C-00615,SCR-VIR-720,2,WEAK,USER_ACTION,"inspection excution-start jou",True
REQ-R0C-00616,SCR-VIR-720,6,STRONG,SYSTEM_BEHAVIOR,"inspection excution-start jou",True
REQ-R0C-00617,SCR-VIR-720,8,STRONG,BUSINESS_RULE,"inspection excution-start jou",True
REQ-R0C-00619,SCR-VIR-720,2,WEAK,SYSTEM_BEHAVIOR,"inspection excution-start jou",True
REQ-R0C-00627,SCR-VIR-720,6,STRONG,SYSTEM_BEHAVIOR,"inspection excution-start jou",True
REQ-R0C-00628,SCR-VIR-720,6,STRONG,BUSINESS_RULE,"inspection excution-start jou",True
REQ-R0C-00629,SCR-VIR-720,8,STRONG,SYSTEM_BEHAVIOR,"inspection excution-start jou",True
REQ-R0C-00631,SCR-VIR-720,7,STRONG,ACCEPTANCE_CRITERION,"inspection excution-start jou",True
REQ-R0C-00632,SCR-VIR-720,6,STRONG,SYSTEM_BEHAVIOR,"inspection excution-start jou",True
REQ-R0C-00640,SCR-VIR-720,6,STRONG,BUSINESS_RULE,"inspection excution-start jou",True
REQ-R0C-00643,SCR-VIR-720,7,STRONG,SYSTEM_BEHAVIOR,"inspection excution-start jou",True
REQ-R0C-00645,SCR-VIR-720,2,WEAK,USER_ACTION,"inspection excution-start jou",True
REQ-R0C-00646,SCR-VIR-720,12,STRONG,SYSTEM_BEHAVIOR,"inspection excution-start jou",True
REQ-R0C-00647,SCR-VIR-720,12,STRONG,BUSINESS_RULE,"inspection excution-start jou",True
REQ-R0C-00649,SCR-VIR-720,6,STRONG,BUSINESS_RULE,"inspection excution-start jou",True
REQ-R0C-00651,SCR-VIR-720,6,STRONG,BUSINESS_RULE,"inspection excution-start jou",True
REQ-R0C-00652,SCR-VIR-720,6,STRONG,SYSTEM_BEHAVIOR,"inspection excution-start jou",True
REQ-R0C-00653,SCR-VIR-720,6,STRONG,SYSTEM_BEHAVIOR,"inspection excution-start jou",True
REQ-R0C-00655,SCR-VIR-720,2,WEAK,SYSTEM_BEHAVIOR,"inspection excution-start jou",True
REQ-R0C-00656,SCR-VIR-720,2,WEAK,BUSINESS_RULE,"inspection excution-start jou",True
REQ-R0C-00657,SCR-VIR-720,6,STRONG,SYSTEM_BEHAVIOR,"inspection excution-start jou",True
REQ-R0C-00658,SCR-VIR-720,2,WEAK,BUSINESS_RULE,"inspection excution-start jou",True
REQ-R0C-00659,SCR-VIR-720,6,STRONG,SYSTEM_BEHAVIOR,"inspection excution-start jou",True
REQ-R0C-00660,SCR-VIR-720,2,WEAK,BUSINESS_RULE,"inspection excution-start jou",True
REQ-R0C-00661,SCR-VIR-720,2,WEAK,USER_ACTION,"inspection excution-start jou",True
REQ-R0C-00662,SCR-VIR-720,16,STRONG,SYSTEM_BEHAVIOR,"inspection excution-start jou",True
REQ-R0C-00663,SCR-VIR-720,6,STRONG,BUSINESS_RULE,"inspection excution-start jou",True
REQ-R0C-00665,SCR-VIR-720,6,STRONG,SYSTEM_BEHAVIOR,"inspection excution-start jou",True
REQ-R0C-00667,SCR-VIR-720,4,WEAK,SYSTEM_BEHAVIOR,"inspection excution-start jou",True
REQ-R0C-00668,SCR-VIR-720,6,STRONG,SYSTEM_BEHAVIOR,"inspection excution-start jou",True
REQ-R0C-00672,SCR-VIR-720,6,STRONG,SYSTEM_BEHAVIOR,"inspection excution-start jou",True
REQ-R0C-00674,SCR-VIR-720,6,STRONG,BUSINESS_RULE,"inspection excution-start jou",True
REQ-R0C-00675,SCR-VIR-720,13,STRONG,SYSTEM_BEHAVIOR,"inspection excution-start jou",True
REQ-R0C-00676,SCR-VIR-720,6,STRONG,BUSINESS_RULE,"inspection excution-start jou",True
REQ-R0C-00678,SCR-VIR-720,6,STRONG,BUSINESS_RULE,"inspection excution-start jou",True
REQ-R0C-00681,SCR-VIR-720,12,STRONG,SYSTEM_BEHAVIOR,"inspection excution-start jou",True
REQ-R0C-00683,SCR-VIR-720,6,STRONG,SYSTEM_BEHAVIOR,"inspection excution-start jou",True
REQ-R0C-00684,SCR-VIR-720,6,STRONG,BUSINESS_RULE,"inspection excution-start jou",True
REQ-R0C-00687,SCR-VIR-720,6,STRONG,SYSTEM_BEHAVIOR,"inspection excution-start jou",True
REQ-R0C-00688,SCR-VIR-720,6,STRONG,BUSINESS_RULE,"inspection excution-start jou",True
REQ-R0C-00689,SCR-VIR-720,6,STRONG,SYSTEM_BEHAVIOR,"inspection excution-start jou",True
REQ-R0C-00692,SCR-VIR-720,6,STRONG,BUSINESS_RULE,"inspection excution-start jou",True
REQ-R0C-00693,SCR-VIR-720,6,STRONG,ACCEPTANCE_CRITERION,"inspection excution-start jou",True
REQ-R0C-00694,SCR-VIR-720,6,STRONG,SYSTEM_BEHAVIOR,"inspection excution-start jou",True
REQ-R0C-00695,SCR-VIR-720,6,STRONG,BUSINESS_RULE,"inspection excution-start jou",True
REQ-R0C-00696,SCR-VIR-720,6,STRONG,SYSTEM_BEHAVIOR,"inspection excution-start jou",True
REQ-R0C-00699,SCR-VIR-720,6,STRONG,BUSINESS_RULE,"inspection excution-start jou",True
REQ-R0C-00712,SCR-VIR-720,10,STRONG,SYSTEM_BEHAVIOR,"inspection excution-start jou",True
REQ-R0C-00714,SCR-VIR-720,6,STRONG,SYSTEM_BEHAVIOR,"inspection excution-start jou",True
REQ-R0C-00715,SCR-VIR-720,6,STRONG,BUSINESS_RULE,"inspection excution-start jou",True
REQ-R0C-00716,SCR-VIR-720,7,STRONG,SYSTEM_BEHAVIOR,"inspection excution-start jou",True
REQ-R0C-00719,SCR-VIR-720,6,STRONG,SYSTEM_BEHAVIOR,"inspection excution-start jou",True
REQ-R0C-00725,SCR-VIR-720,6,STRONG,SYSTEM_BEHAVIOR,"inspection excution-start jou",True
REQ-R0C-00726,SCR-VIR-720,8,STRONG,SYSTEM_BEHAVIOR,"inspection excution-start jou",True
REQ-R0C-00730,SCR-VIR-720,6,STRONG,SYSTEM_BEHAVIOR,"inspection excution-start jou",True
REQ-R0C-00736,SCR-VIR-720,8,STRONG,SYSTEM_BEHAVIOR,"inspection excution-start jou",True
REQ-R0C-00741,SCR-VIR-720,2,WEAK,BUSINESS_RULE,"inspection excution-start jou",True
REQ-R0C-00742,SCR-VIR-720,2,WEAK,SYSTEM_BEHAVIOR,"inspection excution-start jou",True
REQ-R0C-00746,SCR-VIR-720,8,STRONG,SYSTEM_BEHAVIOR,"inspection excution-start jou",True
REQ-R0C-00748,SCR-VIR-720,9,STRONG,SYSTEM_BEHAVIOR,"inspection excution-start jou",True
REQ-R0C-00749,SCR-VIR-720,6,STRONG,BUSINESS_RULE,"inspection excution-start jou",True
REQ-R0C-00750,SCR-VIR-720,3,WEAK,SYSTEM_BEHAVIOR,"inspection excution-start jou",True
REQ-R0C-00752,SCR-VIR-720,9,STRONG,SYSTEM_BEHAVIOR,"inspection excution-start jou",True
REQ-R0C-00754,SCR-VIR-720,8,STRONG,SYSTEM_BEHAVIOR,"inspection excution-start jou",True
REQ-R0C-00764,SCR-VIR-720,6,STRONG,SYSTEM_BEHAVIOR,"inspection excution-start jou",True
REQ-R0C-00766,SCR-VIR-720,6,STRONG,SYSTEM_BEHAVIOR,"inspection excution-start jou",True
REQ-R0C-00768,SCR-VIR-720,6,STRONG,ACCEPTANCE_CRITERION,"inspection excution-start jou",True
REQ-R0C-00771,SCR-VIR-720,6,STRONG,SYSTEM_BEHAVIOR,"inspection excution-start jou",True
REQ-R0C-00772,SCR-VIR-720,6,STRONG,BUSINESS_RULE,"inspection excution-start jou",True
REQ-R0C-00773,SCR-VIR-720,6,STRONG,USER_ACTION,"inspection excution-start jou",True
REQ-R0C-00776,SCR-VIR-720,8,STRONG,SYSTEM_BEHAVIOR,"inspection excution-start jou",True
REQ-R0C-00778,SCR-VIR-720,6,STRONG,SYSTEM_BEHAVIOR,"inspection excution-start jou",True
REQ-R0C-00779,SCR-VIR-720,6,STRONG,BUSINESS_RULE,"inspection excution-start jou",True
REQ-R0C-00780,SCR-VIR-720,9,STRONG,SYSTEM_BEHAVIOR,"inspection excution-start jou",True
REQ-R0C-00782,SCR-VIR-720,6,STRONG,SYSTEM_BEHAVIOR,"inspection excution-start jou",True
REQ-R0C-00783,SCR-VIR-720,6,STRONG,BUSINESS_RULE,"inspection excution-start jou",True
REQ-R0C-00784,SCR-VIR-720,6,STRONG,SYSTEM_BEHAVIOR,"inspection excution-start jou",True
REQ-R0C-00785,SCR-VIR-720,6,STRONG,BUSINESS_RULE,"inspection excution-start jou",True
REQ-R0C-00788,SCR-VIR-720,6,STRONG,SYSTEM_BEHAVIOR,"inspection excution-start jou",True
REQ-R0C-00789,SCR-VIR-720,6,STRONG,BUSINESS_RULE,"inspection excution-start jou",True
REQ-R0C-00790,SCR-VIR-720,16,STRONG,SYSTEM_BEHAVIOR,"inspection excution-start jou",True
REQ-R0C-00791,SCR-VIR-720,6,STRONG,BUSINESS_RULE,"inspection excution-start jou",True
REQ-R0C-00792,SCR-VIR-720,2,WEAK,SYSTEM_BEHAVIOR,"inspection excution-start jou",True
REQ-R0C-00803,SCR-VIR-720,7,STRONG,BUSINESS_RULE,"inspection excution-start jou",True
REQ-R0C-00804,SCR-VIR-720,8,STRONG,SYSTEM_BEHAVIOR,"inspection excution-start jou",True
REQ-R0C-00807,SCR-VIR-720,6,STRONG,SYSTEM_BEHAVIOR,"inspection excution-start jou",True
REQ-R0C-00809,SCR-VIR-700,8,STRONG,SYSTEM_BEHAVIOR,"inspection excution - virtual",True
REQ-R0C-00810,SCR-VIR-700,6,STRONG,BUSINESS_RULE,"inspection excution - virtual",True
REQ-R0C-00811,SCR-VIR-710,4,WEAK,USER_ACTION,"inspection excution - virtual",True
REQ-R0C-00812,SCR-VIR-720,12,STRONG,SYSTEM_BEHAVIOR,"inspection excution - virtual",True
REQ-R0C-00813,SCR-VIR-720,4,WEAK,BUSINESS_RULE,"inspection excution - virtual",True
REQ-R0C-00814,SCR-VIR-720,12,STRONG,SYSTEM_BEHAVIOR,"inspection excution - virtual",True
REQ-R0C-00816,SCR-VIR-720,6,STRONG,SYSTEM_BEHAVIOR,"inspection excution - virtual",True
REQ-R0C-00817,SCR-VIR-720,8,STRONG,BUSINESS_RULE,"inspection excution - virtual",True
REQ-R0C-00819,SCR-VIR-720,6,STRONG,BUSINESS_RULE,"inspection excution - virtual",True
REQ-R0C-00821,SCR-VIR-710,5,WEAK,SYSTEM_BEHAVIOR,"inspection excution - virtual",True
REQ-R0C-00823,SCR-VIR-700,6,STRONG,USER_ACTION,"inspection excution - virtual",True
REQ-R0C-00824,SCR-VIR-710,2,WEAK,SYSTEM_BEHAVIOR,"inspection excution - virtual",True
REQ-R0C-00826,SCR-VIR-720,7,STRONG,BUSINESS_RULE,"inspection excution - virtual",True
REQ-R0C-00827,SCR-VIR-700,9,STRONG,SYSTEM_BEHAVIOR,"inspection excution - virtual",True
REQ-R0C-00828,SCR-VIR-700,6,STRONG,BUSINESS_RULE,"inspection excution - virtual",True
REQ-R0C-00829,SCR-VIR-720,4,WEAK,SYSTEM_BEHAVIOR,"inspection excution - virtual",True
REQ-R0C-00831,SCR-VIR-700,6,STRONG,SYSTEM_BEHAVIOR,"inspection excution - virtual",True
REQ-R0C-00832,SCR-VIR-720,4,WEAK,BUSINESS_RULE,"inspection excution - virtual",True
REQ-R0C-00833,SCR-VIR-710,2,WEAK,ACCEPTANCE_CRITERION,"inspection excution - virtual",True
REQ-R0C-00834,SCR-VIR-710,12,STRONG,USER_ACTION,"inspection excution - virtual",True
REQ-R0C-00835,SCR-VIR-710,5,WEAK,SYSTEM_BEHAVIOR,"inspection excution - virtual",True
REQ-R0C-00836,SCR-VIR-720,6,STRONG,BUSINESS_RULE,"inspection excution - virtual",True
REQ-R0C-00837,SCR-VIR-710,10,STRONG,USER_ACTION,"inspection excution - virtual",True
REQ-R0C-00838,SCR-VIR-710,10,STRONG,SYSTEM_BEHAVIOR,"inspection excution - virtual",True
REQ-R0C-00840,SCR-VIR-720,6,STRONG,SYSTEM_BEHAVIOR,"inspection excution - virtual",True
REQ-R0C-00841,SCR-VIR-720,6,STRONG,BUSINESS_RULE,"inspection excution - virtual",True
REQ-R0C-00842,SCR-VIR-710,8,STRONG,SYSTEM_BEHAVIOR,"inspection excution - virtual",True
REQ-R0C-00843,SCR-VIR-710,6,STRONG,BUSINESS_RULE,"inspection excution - virtual",True
REQ-R0C-00844,SCR-VIR-710,11,STRONG,SYSTEM_BEHAVIOR,"inspection excution - virtual",True
REQ-R0C-00845,SCR-VIR-720,6,STRONG,USER_ACTION,"inspection excution - virtual",True
REQ-R0C-00846,SCR-VIR-720,12,STRONG,SYSTEM_BEHAVIOR,"inspection excution - virtual",True
REQ-R0C-00847,SCR-VIR-710,10,STRONG,BUSINESS_RULE,"inspection excution - virtual",True
REQ-R0C-00848,SCR-VIR-720,7,STRONG,SYSTEM_BEHAVIOR,"inspection excution - virtual",True
REQ-R0C-00849,SCR-VIR-700,6,STRONG,BUSINESS_RULE,"inspection excution - virtual",True
REQ-R0C-00850,SCR-WEB-310,6,STRONG,USER_ACTION,"inspection excution-level2flow",True
REQ-R0C-00851,SCR-WEB-300,3,WEAK,SYSTEM_BEHAVIOR,"inspection excution-level2flow",True
REQ-R0C-00852,SCR-WEB-310,14,STRONG,BUSINESS_RULE,"inspection excution-level2flow",True
REQ-R0C-00853,SCR-WEB-320,3,WEAK,DATA_REQUIREMENT,"inspection excution-level2flow",True
REQ-R0C-00854,SCR-WEB-310,8,STRONG,USER_ACTION,"inspection excution-level2flow",True
REQ-R0C-00855,SCR-WEB-320,8,STRONG,SYSTEM_BEHAVIOR,"inspection excution-level2flow",True
REQ-R0C-00857,SCR-WEB-310,2,WEAK,DATA_REQUIREMENT,"inspection excution-level2flow",True
REQ-R0C-00859,SCR-WEB-310,5,WEAK,BUSINESS_RULE,"inspection excution-level2flow",True
REQ-R0C-00860,SCR-WEB-310,2,WEAK,DATA_REQUIREMENT,"inspection excution-level2flow",True
REQ-R0C-00861,SCR-WEB-310,2,WEAK,USER_ACTION,"inspection excution-level2flow",True
REQ-R0C-00862,SCR-WEB-320,6,STRONG,SYSTEM_BEHAVIOR,"inspection excution-level2flow",True
REQ-R0C-00863,SCR-WEB-310,4,WEAK,BUSINESS_RULE,"inspection excution-level2flow",True
REQ-R0C-00864,SCR-WEB-320,6,STRONG,USER_ACTION,"inspection excution-level2flow",True
REQ-R0C-00865,SCR-WEB-320,8,STRONG,SYSTEM_BEHAVIOR,"inspection excution-level2flow",True
REQ-R0C-00866,SCR-WEB-310,3,WEAK,BUSINESS_RULE,"inspection excution-level2flow",True
REQ-R0C-00867,SCR-WEB-300,2,WEAK,ACCEPTANCE_CRITERION,"inspection excution-level2flow",True
REQ-R0C-00868,SCR-WEB-320,6,STRONG,DATA_REQUIREMENT,"inspection excution-level2flow",True
REQ-R0C-00869,SCR-WEB-320,8,STRONG,SYSTEM_BEHAVIOR,"inspection excution-level2flow",True
REQ-R0C-00870,SCR-WEB-320,8,STRONG,BUSINESS_RULE,"inspection excution-level2flow",True
REQ-R0C-00871,SCR-WEB-320,2,WEAK,ACCEPTANCE_CRITERION,"inspection excution-level2flow",True
REQ-R0C-00872,SCR-WEB-310,4,WEAK,USER_ACTION,"inspection excution-level2flow",True
REQ-R0C-00873,SCR-WEB-310,4,WEAK,SYSTEM_BEHAVIOR,"inspection excution-level2flow",True
REQ-R0C-00874,SCR-WEB-310,2,WEAK,BUSINESS_RULE,"inspection excution-level2flow",True
REQ-R0C-00875,SCR-WEB-310,2,WEAK,ACCEPTANCE_CRITERION,"inspection excution-level2flow",True
REQ-R0C-00876,SCR-WEB-300,2,WEAK,SYSTEM_BEHAVIOR,"inspection excution-level2flow",True
REQ-R0C-00877,SCR-WEB-300,2,WEAK,BUSINESS_RULE,"inspection excution-level2flow",True
REQ-R0C-00878,SCR-WEB-320,11,STRONG,SYSTEM_BEHAVIOR,"inspection excution-level2flow",True
REQ-R0C-00879,SCR-WEB-310,6,STRONG,BUSINESS_RULE,"inspection excution-level2flow",True
REQ-R0C-00880,SCR-WEB-310,2,WEAK,ACCEPTANCE_CRITERION,"inspection excution-level2flow",True
REQ-R0C-00881,SCR-WEB-310,6,STRONG,SYSTEM_BEHAVIOR,"inspection excution-level2flow",True
REQ-R0C-00882,SCR-WEB-320,2,WEAK,USER_ACTION,"inspection excution-level2flow",True
REQ-R0C-00883,SCR-WEB-320,6,STRONG,SYSTEM_BEHAVIOR,"inspection excution-level2flow",True
REQ-R0C-00884,SCR-WEB-300,8,STRONG,BUSINESS_RULE,"inspection excution-level2flow",True
REQ-R0C-00885,SCR-WEB-320,5,WEAK,ACCEPTANCE_CRITERION,"inspection excution-level2flow",True
REQ-R0C-00886,SCR-WEB-310,6,STRONG,SYSTEM_BEHAVIOR,"inspection excution-level2flow",True
REQ-R0C-00887,SCR-WEB-310,3,WEAK,BUSINESS_RULE,"inspection excution-level2flow",True
REQ-R0C-00888,SCR-WEB-300,12,STRONG,USER_ACTION,"inspection excution-level2flow",True
REQ-R0C-00889,SCR-WEB-300,11,STRONG,SYSTEM_BEHAVIOR,"inspection excution-level2flow",True
REQ-R0C-00890,SCR-WEB-300,3,WEAK,BUSINESS_RULE,"inspection excution-level2flow",True
REQ-R0C-00892,SCR-WEB-300,10,STRONG,SYSTEM_BEHAVIOR,"inspection excution-level2flow",True
REQ-R0C-00893,SCR-WEB-300,2,WEAK,BUSINESS_RULE,"inspection excution-level2flow",True
REQ-R0C-00894,SCR-WEB-310,8,STRONG,SYSTEM_BEHAVIOR,"inspection excution-level2flow",True
REQ-R0C-00895,SCR-WEB-320,6,STRONG,BUSINESS_RULE,"inspection excution-level2flow",True
REQ-R0C-00896,SCR-WEB-310,6,STRONG,SYSTEM_BEHAVIOR,"inspection excution-level2flow",True
REQ-R0C-00897,SCR-WEB-320,6,STRONG,SYSTEM_BEHAVIOR,"inspection excution-level2flow",True
REQ-R0C-00899,SCR-WEB-310,4,WEAK,SYSTEM_BEHAVIOR,"inspection excution-level2flow",True
REQ-R0C-00900,SCR-WEB-310,4,WEAK,SYSTEM_BEHAVIOR,"inspection excution-level2flow",True
REQ-R0C-00903,SCR-WEB-300,2,WEAK,USER_ACTION,"inspection excution-level2flow",True
REQ-R0C-00906,SCR-WEB-310,2,WEAK,SYSTEM_BEHAVIOR,"inspection excution-level2flow",True
REQ-R0C-00907,SCR-WEB-320,2,WEAK,SYSTEM_BEHAVIOR,"inspection excution-level2flow",True
REQ-R0C-00908,SCR-WEB-300,2,WEAK,BUSINESS_RULE,"inspection excution-level2flow",True
REQ-R0C-00909,SCR-WEB-310,2,WEAK,SYSTEM_BEHAVIOR,"inspection excution-level2flow",True
REQ-R0C-00910,SCR-WEB-310,2,WEAK,BUSINESS_RULE,"inspection excution-level2flow",True
REQ-R0C-00911,SCR-WEB-320,6,STRONG,SYSTEM_BEHAVIOR,"inspection excution-level2flow",True
REQ-R0C-00912,SCR-WEB-310,4,WEAK,BUSINESS_RULE,"inspection excution-level2flow",True
REQ-R0C-00913,SCR-WEB-310,2,WEAK,SYSTEM_BEHAVIOR,"inspection excution-level2flow",True
REQ-R0C-00915,SCR-WEB-310,12,STRONG,SYSTEM_BEHAVIOR,"inspection excution-level2flow",True
REQ-R0C-00917,SCR-WEB-310,6,STRONG,SYSTEM_BEHAVIOR,"inspection excution-level2flow",True
REQ-R0C-00918,SCR-WEB-310,6,STRONG,BUSINESS_RULE,"inspection excution-level2flow",True
REQ-R0C-00919,SCR-WEB-300,10,STRONG,USER_ACTION,"inspection excution-level2flow",True
REQ-R0C-00920,SCR-WEB-300,9,STRONG,SYSTEM_BEHAVIOR,"inspection excution-level2flow",True
REQ-R0C-00921,SCR-WEB-300,3,WEAK,BUSINESS_RULE,"inspection excution-level2flow",True
REQ-R0C-00922,SCR-WEB-300,6,STRONG,USER_ACTION,"inspection excution-level2flow",True
REQ-R0C-00923,SCR-WEB-300,4,WEAK,SYSTEM_BEHAVIOR,"inspection excution-level2flow",True
REQ-R0C-00924,SCR-WEB-300,2,WEAK,BUSINESS_RULE,"inspection excution-level2flow",True
REQ-R0C-00925,SCR-WEB-300,2,WEAK,ACCEPTANCE_CRITERION,"inspection excution-level2flow",True
REQ-R0C-00926,SCR-WEB-300,8,STRONG,USER_ACTION,"inspection excution-level2flow",True
REQ-R0C-00927,SCR-WEB-300,15,STRONG,SYSTEM_BEHAVIOR,"inspection excution-level2flow",True
REQ-R0C-00928,SCR-WEB-300,4,WEAK,BUSINESS_RULE,"inspection excution-level2flow",True
REQ-R0C-00929,SCR-WEB-300,8,STRONG,ACCEPTANCE_CRITERION,"inspection excution-level2flow",True
REQ-R0C-00931,SCR-WEB-320,8,STRONG,SYSTEM_BEHAVIOR,"inspection excution-level2flow",True
REQ-R0C-00932,SCR-WEB-320,6,STRONG,BUSINESS_RULE,"inspection excution-level2flow",True
REQ-R0C-00933,SCR-WEB-310,10,STRONG,SYSTEM_BEHAVIOR,"inspection excution-level2flow",True
REQ-R0C-00934,SCR-WEB-300,3,WEAK,BUSINESS_RULE,"inspection excution-level2flow",True
REQ-R0C-00935,SCR-WEB-310,4,WEAK,ACCEPTANCE_CRITERION,"inspection excution-level2flow",True
REQ-R0C-00936,SCR-WEB-310,2,WEAK,USER_ACTION,"inspection excution-level2flow",True
REQ-R0C-00937,SCR-WEB-300,2,WEAK,SYSTEM_BEHAVIOR,"inspection excution-level2flow",True
REQ-R0C-00939,SCR-WEB-310,2,WEAK,USER_ACTION,"inspection excution-level2flow",True
REQ-R0C-00940,SCR-WEB-320,8,STRONG,SYSTEM_BEHAVIOR,"inspection excution-level2flow",True
REQ-R0C-00941,SCR-WEB-310,3,WEAK,BUSINESS_RULE,"inspection excution-level2flow",True
REQ-R0C-00942,SCR-WEB-310,6,STRONG,USER_ACTION,"inspection excution-level2flow",True
REQ-R0C-00943,SCR-WEB-310,2,WEAK,SYSTEM_BEHAVIOR,"inspection excution-level2flow",True
REQ-R0C-00946,SCR-WEB-310,4,WEAK,SYSTEM_BEHAVIOR,"inspection excution-level2flow",True
REQ-R0C-00947,SCR-WEB-310,8,STRONG,BUSINESS_RULE,"inspection excution-level2flow",True
REQ-R0C-00948,SCR-WEB-300,2,WEAK,USER_ACTION,"inspection excution-level2flow",True
REQ-R0C-00950,SCR-WEB-310,4,WEAK,BUSINESS_RULE,"inspection excution-level2flow",True
REQ-R0C-00952,SCR-WEB-310,2,WEAK,USER_ACTION,"inspection excution-level2flow",True
REQ-R0C-00953,SCR-WEB-310,8,STRONG,SYSTEM_BEHAVIOR,"inspection excution-level2flow",True
REQ-R0C-00954,SCR-WEB-310,2,WEAK,BUSINESS_RULE,"inspection excution-level2flow",True
REQ-R0C-00955,SCR-WEB-300,2,WEAK,SYSTEM_BEHAVIOR,"inspection excution-level2flow",True
REQ-R0C-00956,SCR-WEB-320,6,STRONG,BUSINESS_RULE,"inspection excution-level2flow",True
REQ-R0C-00957,SCR-WEB-320,3,WEAK,ACCEPTANCE_CRITERION,"inspection excution-level2flow",True
REQ-R0C-00958,SCR-WEB-300,2,WEAK,USER_ACTION,"inspection excution-level2flow",True
REQ-R0C-00959,SCR-WEB-320,2,WEAK,SYSTEM_BEHAVIOR,"inspection excution-level2flow",True
REQ-R0C-00960,SCR-WEB-310,2,WEAK,BUSINESS_RULE,"inspection excution-level2flow",True
REQ-R0C-00961,SCR-WEB-310,8,STRONG,USER_ACTION,"inspection excution-level2flow",True
REQ-R0C-00962,SCR-WEB-320,7,STRONG,SYSTEM_BEHAVIOR,"inspection excution-level2flow",True
REQ-R0C-00963,SCR-WEB-310,2,WEAK,BUSINESS_RULE,"inspection excution-level2flow",True
REQ-R0C-00965,SCR-WEB-320,4,WEAK,USER_ACTION,"inspection excution-level2flow",True
REQ-R0C-00966,SCR-WEB-310,4,WEAK,SYSTEM_BEHAVIOR,"inspection excution-level2flow",True
REQ-R0C-00967,SCR-WEB-320,4,WEAK,BUSINESS_RULE,"inspection excution-level2flow",True
REQ-R0C-00968,SCR-WEB-320,6,STRONG,SYSTEM_BEHAVIOR,"inspection excution-level2flow",True
REQ-R0C-00969,SCR-WEB-320,4,WEAK,BUSINESS_RULE,"inspection excution-level2flow",True
REQ-R0C-00970,SCR-WEB-320,11,STRONG,SYSTEM_BEHAVIOR,"inspection excution-level2flow",True
REQ-R0C-00971,SCR-WEB-320,6,STRONG,BUSINESS_RULE,"inspection excution-level2flow",True
REQ-R0C-00972,SCR-WEB-320,2,WEAK,USER_ACTION,"inspection excution-level2flow",True
REQ-R0C-00973,SCR-WEB-320,10,STRONG,SYSTEM_BEHAVIOR,"inspection excution-level2flow",True
REQ-R0C-00974,SCR-WEB-320,7,STRONG,BUSINESS_RULE,"inspection excution-level2flow",True
REQ-R0C-00975,SCR-WEB-320,8,STRONG,DATA_REQUIREMENT,"inspection excution-level2flow",True
REQ-R0C-00976,SCR-WEB-310,14,STRONG,SYSTEM_BEHAVIOR,"inspection excution-level2flow",True
REQ-R0C-00977,SCR-WEB-300,2,WEAK,BUSINESS_RULE,"inspection excution-level2flow",True
REQ-R0C-00978,SCR-WEB-320,7,STRONG,SYSTEM_BEHAVIOR,"inspection excution-level2flow",True
REQ-R0C-00979,SCR-WEB-300,8,STRONG,BUSINESS_RULE,"inspection excution-level2flow",True
REQ-R0C-00980,SCR-WEB-310,5,WEAK,SYSTEM_BEHAVIOR,"inspection excution-level2flow",True
REQ-R0C-00981,SCR-WEB-310,4,WEAK,BUSINESS_RULE,"inspection excution-level2flow",True
REQ-R0C-00982,SCR-WEB-320,8,STRONG,SYSTEM_BEHAVIOR,"inspection excution-level2flow",True
REQ-R0C-00983,SCR-WEB-320,8,STRONG,BUSINESS_RULE,"inspection excution-level2flow",True
REQ-R0C-00984,SCR-WEB-310,8,STRONG,SYSTEM_BEHAVIOR,"inspection excution-level2flow",True
REQ-R0C-00985,SCR-WEB-310,2,WEAK,BUSINESS_RULE,"inspection excution-level2flow",True
REQ-R0C-00986,SCR-WEB-310,2,WEAK,USER_ACTION,"inspection excution-level2flow",True
REQ-R0C-00987,SCR-WEB-310,7,STRONG,SYSTEM_BEHAVIOR,"inspection excution-level2flow",True
REQ-R0C-00988,SCR-WEB-310,4,WEAK,BUSINESS_RULE,"inspection excution-level2flow",True
REQ-R0C-00989,SCR-WEB-320,6,STRONG,SYSTEM_BEHAVIOR,"inspection excution-level2flow",True
REQ-R0C-00990,SCR-WEB-320,5,WEAK,ACCEPTANCE_CRITERION,"inspection excution-level2flow",True
REQ-R0C-00991,SCR-WEB-400,12,STRONG,USER_ACTION,"factory 360",True
REQ-R0C-00992,SCR-WEB-400,12,STRONG,SYSTEM_BEHAVIOR,"factory 360",True
REQ-R0C-00993,SCR-WEB-400,8,STRONG,BUSINESS_RULE,"factory 360",True
REQ-R0C-00994,SCR-WEB-400,10,STRONG,ACCEPTANCE_CRITERION,"factory 360",True
REQ-R0C-00995,SCR-WEB-400,8,STRONG,DATA_REQUIREMENT,"factory 360",True
REQ-R0C-00996,SCR-WEB-400,8,STRONG,SYSTEM_BEHAVIOR,"factory 360",True
REQ-R0C-00998,SCR-WEB-400,4,WEAK,USER_ACTION,"factory 360",True
REQ-R0C-00999,SCR-WEB-400,2,WEAK,SYSTEM_BEHAVIOR,"factory 360",True
REQ-R0C-01000,SCR-WEB-400,9,STRONG,BUSINESS_RULE,"factory 360",True
REQ-R0C-01001,SCR-WEB-400,2,WEAK,ACCEPTANCE_CRITERION,"factory 360",True
REQ-R0C-01002,SCR-WEB-400,2,WEAK,USER_ACTION,"factory 360",True
REQ-R0C-01006,SCR-WEB-400,4,WEAK,USER_ACTION,"factory 360",True
REQ-R0C-01007,SCR-WEB-400,9,STRONG,SYSTEM_BEHAVIOR,"factory 360",True
REQ-R0C-01008,SCR-WEB-400,5,WEAK,BUSINESS_RULE,"factory 360",True
REQ-R0C-01009,SCR-WEB-400,2,WEAK,ACCEPTANCE_CRITERION,"factory 360",True
REQ-R0C-01010,SCR-WEB-400,2,WEAK,USER_ACTION,"factory 360",True
REQ-R0C-01013,SCR-WEB-400,2,WEAK,USER_ACTION,"factory 360",True
REQ-R0C-01014,SCR-WEB-500,2,WEAK,SYSTEM_BEHAVIOR,"factory 360",True
REQ-R0C-01016,SCR-WEB-400,2,WEAK,USER_ACTION,"factory 360",True
REQ-R0C-01020,SCR-WEB-500,6,STRONG,USER_ACTION,"factory 360",True
REQ-R0C-01021,SCR-WEB-500,2,WEAK,SYSTEM_BEHAVIOR,"factory 360",True
REQ-R0C-01022,SCR-WEB-500,2,WEAK,BUSINESS_RULE,"factory 360",True
REQ-R0C-01023,SCR-WEB-400,6,STRONG,ACCEPTANCE_CRITERION,"factory 360",True
REQ-R0C-01026,SCR-WEB-400,4,WEAK,SYSTEM_BEHAVIOR,"factory 360",True
REQ-R0C-01029,SCR-WEB-400,2,WEAK,USER_ACTION,"factory 360",True
REQ-R0C-01030,SCR-WEB-400,2,WEAK,SYSTEM_BEHAVIOR,"factory 360",True
REQ-R0C-01031,SCR-WEB-400,2,WEAK,BUSINESS_RULE,"factory 360",True
REQ-R0C-01032,SCR-WEB-400,2,WEAK,ACCEPTANCE_CRITERION,"factory 360",True
REQ-R0C-01033,SCR-WEB-400,2,WEAK,USER_ACTION,"factory 360",True
REQ-R0C-01034,SCR-WEB-400,6,STRONG,SYSTEM_BEHAVIOR,"factory 360",True
REQ-R0C-01035,SCR-WEB-400,2,WEAK,BUSINESS_RULE,"factory 360",True
REQ-R0C-01036,SCR-WEB-400,6,STRONG,ACCEPTANCE_CRITERION,"factory 360",True
REQ-R0C-01037,SCR-WEB-400,6,STRONG,USER_ACTION,"factory 360",True
REQ-R0C-01038,SCR-WEB-400,8,STRONG,SYSTEM_BEHAVIOR,"factory 360",True
REQ-R0C-01039,SCR-WEB-400,3,WEAK,BUSINESS_RULE,"factory 360",True
REQ-R0C-01042,SCR-WEB-400,2,WEAK,ACCEPTANCE_CRITERION,"factory 360",True
REQ-R0C-01043,SCR-WEB-500,2,WEAK,SYSTEM_BEHAVIOR,"factory 360",True
REQ-R0C-01044,SCR-WEB-400,2,WEAK,BUSINESS_RULE,"factory 360",True
REQ-R0C-01045,SCR-WEB-400,10,STRONG,USER_ACTION,"factory 360",True
REQ-R0C-01046,SCR-WEB-400,6,STRONG,SYSTEM_BEHAVIOR,"factory 360",True
REQ-R0C-01047,SCR-WEB-400,6,STRONG,BUSINESS_RULE,"factory 360",True
REQ-R0C-01048,SCR-WEB-400,6,STRONG,BUSINESS_RULE,"factory 360",True
REQ-R0C-01049,SCR-WEB-400,2,WEAK,USER_ACTION,"factory 360",True
REQ-R0C-01050,SCR-WEB-400,2,WEAK,SYSTEM_BEHAVIOR,"factory 360",True
REQ-R0C-01052,SCR-WEB-400,2,WEAK,USER_ACTION,"factory 360",True
REQ-R0C-01054,SCR-WEB-400,8,STRONG,BUSINESS_RULE,"factory 360",True
REQ-R0C-01055,SCR-WEB-400,2,WEAK,DATA_REQUIREMENT,"factory 360",True
REQ-R0C-01056,SCR-WEB-500,7,STRONG,USER_ACTION,"ops center",True
REQ-R0C-01057,SCR-WEB-500,10,STRONG,SYSTEM_BEHAVIOR,"ops center",True
REQ-R0C-01058,SCR-WEB-500,11,STRONG,BUSINESS_RULE,"ops center",True
REQ-R0C-01059,SCR-WEB-400,6,STRONG,USER_ACTION,"ops center",True
REQ-R0C-01060,SCR-WEB-400,7,STRONG,SYSTEM_BEHAVIOR,"ops center",True
REQ-R0C-01061,SCR-WEB-400,2,WEAK,BUSINESS_RULE,"ops center",True
REQ-R0C-01062,SCR-WEB-400,6,STRONG,DATA_REQUIREMENT,"ops center",True
REQ-R0C-01063,SCR-WEB-500,2,WEAK,SYSTEM_BEHAVIOR,"ops center",True
REQ-R0C-01065,SCR-WEB-500,2,WEAK,ACCEPTANCE_CRITERION,"ops center",True
REQ-R0C-01066,SCR-WEB-400,5,WEAK,USER_ACTION,"ops center",True
REQ-R0C-01067,SCR-WEB-500,8,STRONG,SYSTEM_BEHAVIOR,"ops center",True
REQ-R0C-01068,SCR-WEB-400,3,WEAK,BUSINESS_RULE,"ops center",True
REQ-R0C-01069,SCR-WEB-400,2,WEAK,USER_ACTION,"ops center",True
REQ-R0C-01070,SCR-WEB-500,2,WEAK,SYSTEM_BEHAVIOR,"ops center",True
REQ-R0C-01071,SCR-WEB-500,2,WEAK,BUSINESS_RULE,"ops center",True
REQ-R0C-01072,SCR-WEB-500,2,WEAK,ACCEPTANCE_CRITERION,"ops center",True
REQ-R0C-01073,SCR-WEB-400,6,STRONG,USER_ACTION,"ops center",True
REQ-R0C-01074,SCR-WEB-400,2,WEAK,SYSTEM_BEHAVIOR,"ops center",True
REQ-R0C-01075,SCR-WEB-400,3,WEAK,BUSINESS_RULE,"ops center",True
REQ-R0C-01076,SCR-WEB-400,4,WEAK,USER_ACTION,"ops center",True
REQ-R0C-01077,SCR-WEB-500,8,STRONG,SYSTEM_BEHAVIOR,"ops center",True
REQ-R0C-01078,SCR-WEB-500,2,WEAK,BUSINESS_RULE,"ops center",True
REQ-R0C-01079,SCR-WEB-400,11,STRONG,SYSTEM_BEHAVIOR,"ops center",True
REQ-R0C-01080,SCR-WEB-400,3,WEAK,BUSINESS_RULE,"ops center",True
REQ-R0C-01081,SCR-WEB-400,8,STRONG,SYSTEM_BEHAVIOR,"ops center",True
REQ-R0C-01082,SCR-WEB-400,6,STRONG,BUSINESS_RULE,"ops center",True
REQ-R0C-01083,SCR-WEB-500,4,WEAK,SYSTEM_BEHAVIOR,"ops center",True
REQ-R0C-01085,SCR-WEB-500,2,WEAK,SYSTEM_BEHAVIOR,"ops center",True
REQ-R0C-01086,SCR-WEB-500,6,STRONG,BUSINESS_RULE,"ops center",True
REQ-R0C-01087,SCR-WEB-500,4,WEAK,ACCEPTANCE_CRITERION,"ops center",True
REQ-R0C-01088,SCR-WEB-400,7,STRONG,SYSTEM_BEHAVIOR,"ops center",True
REQ-R0C-01090,SCR-WEB-400,2,WEAK,USER_ACTION,"ops center",True
REQ-R0C-01091,SCR-WEB-400,3,WEAK,SYSTEM_BEHAVIOR,"ops center",True
REQ-R0C-01092,SCR-WEB-500,2,WEAK,BUSINESS_RULE,"ops center",True
REQ-R0C-01093,SCR-WEB-400,8,STRONG,USER_ACTION,"ops center",True
REQ-R0C-01094,SCR-WEB-400,2,WEAK,SYSTEM_BEHAVIOR,"ops center",True
REQ-R0C-01095,SCR-WEB-400,6,STRONG,BUSINESS_RULE,"ops center",True
REQ-R0C-01097,SCR-WEB-400,2,WEAK,BUSINESS_RULE,"ops center",True
REQ-R0C-01098,SCR-WEB-500,4,WEAK,SYSTEM_BEHAVIOR,"ops center",True
REQ-R0C-01100,SCR-WEB-500,10,STRONG,SYSTEM_BEHAVIOR,"ops center",True
REQ-R0C-01101,SCR-WEB-500,2,WEAK,BUSINESS_RULE,"ops center",True
REQ-R0C-01102,SCR-WEB-500,3,WEAK,ACCEPTANCE_CRITERION,"ops center",True
REQ-R0C-01103,SCR-WEB-400,2,WEAK,USER_ACTION,"ops center",True
REQ-R0C-01108,SCR-WEB-500,9,STRONG,BUSINESS_RULE,"ops center",True
REQ-R0C-01109,SCR-ADM-010,12,STRONG,USER_ACTION,"complince",True
REQ-R0C-01110,SCR-ADM-010,16,STRONG,SYSTEM_BEHAVIOR,"complince",True
REQ-R0C-01111,SCR-ADM-010,8,STRONG,BUSINESS_RULE,"complince",True
REQ-R0C-01112,SCR-ADM-010,13,STRONG,ACCEPTANCE_CRITERION,"complince",True
REQ-R0C-01113,SCR-ADM-020,22,STRONG,USER_ACTION,"complince",True
REQ-R0C-01114,SCR-ADM-020,6,STRONG,SYSTEM_BEHAVIOR,"complince",True
REQ-R0C-01115,SCR-ADM-010,8,STRONG,BUSINESS_RULE,"complince",True
REQ-R0C-01116,SCR-ADM-040,10,STRONG,USER_ACTION,"complince",True
REQ-R0C-01117,SCR-ADM-020,10,STRONG,SYSTEM_BEHAVIOR,"complince",True
REQ-R0C-01118,SCR-ADM-040,8,STRONG,BUSINESS_RULE,"complince",True
REQ-R0C-01119,SCR-ADM-041,10,STRONG,USER_ACTION,"complince",True
REQ-R0C-01120,SCR-ADM-041,12,STRONG,SYSTEM_BEHAVIOR,"complince",True
REQ-R0C-01121,SCR-ADM-041,14,STRONG,BUSINESS_RULE,"complince",True
REQ-R0C-01122,SCR-ADM-020,6,STRONG,USER_ACTION,"complince",True
REQ-R0C-01123,SCR-ADM-020,6,STRONG,SYSTEM_BEHAVIOR,"complince",True
REQ-R0C-01124,SCR-ADM-020,14,STRONG,BUSINESS_RULE,"complince",True
REQ-R0C-01125,SCR-ADM-030,15,STRONG,USER_ACTION,"complince",True
REQ-R0C-01126,SCR-ADM-030,8,STRONG,SYSTEM_BEHAVIOR,"complince",True
REQ-R0C-01127,SCR-ADM-030,12,STRONG,BUSINESS_RULE,"complince",True
REQ-R0C-01128,SCR-ADM-020,6,STRONG,USER_ACTION,"complince",True
REQ-R0C-01129,SCR-ADM-030,8,STRONG,SYSTEM_BEHAVIOR,"complince",True
REQ-R0C-01130,SCR-ADM-020,12,STRONG,BUSINESS_RULE,"complince",True
REQ-R0C-01131,SCR-ADM-030,8,STRONG,DATA_REQUIREMENT,"complince",True
REQ-R0C-01132,SCR-ADM-031,9,STRONG,USER_ACTION,"complince",True
REQ-R0C-01133,SCR-ADM-011,6,STRONG,SYSTEM_BEHAVIOR,"complince",True
REQ-R0C-01134,SCR-ADM-060,5,WEAK,BUSINESS_RULE,"complince",True
REQ-R0C-01135,SCR-ADM-041,10,STRONG,USER_ACTION,"complince",True
REQ-R0C-01136,SCR-ADM-031,9,STRONG,SYSTEM_BEHAVIOR,"complince",True
REQ-R0C-01137,SCR-ADM-020,6,STRONG,BUSINESS_RULE,"complince",True
REQ-R0C-01138,SCR-ADM-010,12,STRONG,SYSTEM_BEHAVIOR,"complince",True
REQ-R0C-01139,SCR-WEB-320,8,STRONG,BUSINESS_RULE,"complince",True
REQ-R0C-01140,SCR-ADM-051,8,STRONG,USER_ACTION,"complince",True
REQ-R0C-01141,SCR-ADM-011,6,STRONG,SYSTEM_BEHAVIOR,"complince",True
REQ-R0C-01142,SCR-ADM-020,8,STRONG,BUSINESS_RULE,"complince",True
REQ-R0C-01143,SCR-ADM-020,10,STRONG,SYSTEM_BEHAVIOR,"complince",True
REQ-R0C-01144,SCR-ADM-030,10,STRONG,BUSINESS_RULE,"complince",True
REQ-R0C-01145,SCR-ADM-031,4,WEAK,USER_ACTION,"complince",True
REQ-R0C-01146,SCR-ADM-030,4,WEAK,SYSTEM_BEHAVIOR,"complince",True
REQ-R0C-01147,SCR-ADM-001,2,WEAK,BUSINESS_RULE,"complince",True
REQ-R0C-01149,SCR-ADM-020,2,WEAK,BUSINESS_RULE,"complince",True
REQ-R0C-01150,SCR-ADM-020,10,STRONG,SYSTEM_BEHAVIOR,"complince",True
REQ-R0C-01151,SCR-ADM-060,4,WEAK,BUSINESS_RULE,"complince",True
REQ-R0C-01152,SCR-ADM-020,6,STRONG,USER_ACTION,"complince",True
REQ-R0C-01153,SCR-ADM-031,2,WEAK,SYSTEM_BEHAVIOR,"complince",True
REQ-R0C-01154,SCR-ADM-031,10,STRONG,BUSINESS_RULE,"complince",True
REQ-R0C-01155,SCR-ADM-031,4,WEAK,DATA_REQUIREMENT,"complince",True
REQ-R0C-01156,SCR-ADM-031,4,WEAK,SYSTEM_BEHAVIOR,"complince",True
REQ-R0C-01157,SCR-ADM-030,8,STRONG,BUSINESS_RULE,"complince",True
REQ-R0C-01158,SCR-ADM-031,4,WEAK,ACCEPTANCE_CRITERION,"complince",True
REQ-R0C-01159,SCR-ADM-051,4,WEAK,USER_ACTION,"complince",True
REQ-R0C-01160,SCR-ADM-020,2,WEAK,SYSTEM_BEHAVIOR,"complince",True
REQ-R0C-01161,SCR-ADM-020,6,STRONG,BUSINESS_RULE,"complince",True
REQ-R0C-01162,SCR-ADM-020,2,WEAK,ACCEPTANCE_CRITERION,"complince",True
REQ-R0C-01163,SCR-ADM-020,7,STRONG,USER_ACTION,"complince",True
REQ-R0C-01164,SCR-ADM-041,6,STRONG,SYSTEM_BEHAVIOR,"complince",True
REQ-R0C-01165,SCR-ADM-020,6,STRONG,BUSINESS_RULE,"complince",True
REQ-R0C-01166,SCR-WEB-310,6,STRONG,USER_ACTION,"complince",True
REQ-R0C-01167,SCR-ADM-020,4,WEAK,SYSTEM_BEHAVIOR,"complince",True
REQ-R0C-01168,SCR-ADM-040,8,STRONG,BUSINESS_RULE,"complince",True
REQ-R0C-01169,SCR-ADM-020,4,WEAK,SYSTEM_BEHAVIOR,"complince",True
REQ-R0C-01170,SCR-ADM-020,4,WEAK,BUSINESS_RULE,"complince",True
REQ-R0C-01171,SCR-ADM-020,6,STRONG,DATA_REQUIREMENT,"complince",True
REQ-R0C-01172,SCR-ADM-020,8,STRONG,USER_ACTION,"complince",True
REQ-R0C-01173,SCR-ADM-020,2,WEAK,SYSTEM_BEHAVIOR,"complince",True
REQ-R0C-01174,SCR-ADM-020,4,WEAK,BUSINESS_RULE,"complince",True
REQ-R0C-01175,SCR-ADM-060,7,STRONG,SYSTEM_BEHAVIOR,"complince",True
REQ-R0C-01176,SCR-ADM-040,8,STRONG,BUSINESS_RULE,"complince",True
REQ-R0C-01177,SCR-ADM-020,6,STRONG,SYSTEM_BEHAVIOR,"complince",True
REQ-R0C-01178,SCR-ADM-020,4,WEAK,BUSINESS_RULE,"complince",True
REQ-R0C-01179,SCR-ADM-020,10,STRONG,USER_ACTION,"complince",True
REQ-R0C-01180,SCR-ADM-020,2,WEAK,SYSTEM_BEHAVIOR,"complince",True
REQ-R0C-01181,SCR-ADM-020,8,STRONG,BUSINESS_RULE,"complince",True
REQ-R0C-01182,SCR-ADM-020,8,STRONG,BUSINESS_RULE,"complince",True
REQ-R0C-01183,SCR-ADM-040,8,STRONG,USER_ACTION,"complince",True
REQ-R0C-01184,SCR-ADM-040,8,STRONG,SYSTEM_BEHAVIOR,"complince",True
REQ-R0C-01185,SCR-ADM-040,8,STRONG,BUSINESS_RULE,"complince",True
REQ-R0C-01186,SCR-ADM-031,9,STRONG,USER_ACTION,"complince",True
REQ-R0C-01188,SCR-ADM-020,2,WEAK,BUSINESS_RULE,"complince",True
REQ-R0C-01189,SCR-ADM-031,9,STRONG,ACCEPTANCE_CRITERION,"complince",True
REQ-R0C-01190,SCR-ADM-030,8,STRONG,SYSTEM_BEHAVIOR,"complince",True
REQ-R0C-01191,SCR-ADM-001,6,STRONG,BUSINESS_RULE,"complince",True
REQ-R0C-01192,SCR-ADM-041,10,STRONG,SYSTEM_BEHAVIOR,"complince",True
REQ-R0C-01193,SCR-ADM-030,10,STRONG,BUSINESS_RULE,"complince",True
REQ-R0C-01194,SCR-ADM-001,11,STRONG,ACCEPTANCE_CRITERION,"complince",True
REQ-R0C-01195,SCR-ADM-030,10,STRONG,SYSTEM_BEHAVIOR,"complince",True
REQ-R0C-01196,SCR-ADM-030,4,WEAK,BUSINESS_RULE,"complince",True
REQ-R0C-01198,SCR-WEB-400,2,WEAK,DATA_REQUIREMENT,"stratgic view",True
REQ-R0C-01201,SCR-WEB-400,2,WEAK,DATA_REQUIREMENT,"stratgic view",True
REQ-R0C-01206,SCR-WEB-400,2,WEAK,DATA_REQUIREMENT,"stratgic view",True
REQ-R0C-01212,SCR-WEB-400,2,WEAK,DATA_REQUIREMENT,"stratgic view",True
REQ-R0C-01213,SCR-WEB-400,2,WEAK,DATA_REQUIREMENT,"stratgic view",True
REQ-R0C-01214,SCR-WEB-400,2,WEAK,DATA_REQUIREMENT,"stratgic view",True
REQ-R0C-01221,SCR-WEB-500,2,WEAK,DATA_REQUIREMENT,"ops view",True
REQ-R0C-01227,SCR-WEB-500,2,WEAK,DATA_REQUIREMENT,"ops view",True
REQ-R0C-01228,SCR-WEB-500,2,WEAK,DATA_REQUIREMENT,"ops view",True
REQ-R0C-01233,SCR-WEB-400,2,WEAK,DATA_REQUIREMENT,"ops view",True
REQ-R0C-01234,SCR-WEB-400,2,WEAK,DATA_REQUIREMENT,"ops view",True
REQ-R0C-01235,SCR-WEB-400,2,WEAK,DATA_REQUIREMENT,"ops view",True
REQ-R0C-01241,SCR-VIR-720,6,STRONG,BUSINESS_REQUIREMENT,"ipad scope",True
REQ-R0C-01244,SCR-VIR-720,7,STRONG,SYSTEM_BEHAVIOR,"ipad scope",True
REQ-R0C-01246,SCR-WEB-320,2,WEAK,BUSINESS_REQUIREMENT,"ipad scope",True
REQ-R0C-01250,SCR-WEB-320,4,WEAK,BUSINESS_REQUIREMENT,"ipad scope",True
REQ-R0C-01253,SCR-VIR-720,12,STRONG,BUSINESS_REQUIREMENT,"ipad scope",True
REQ-R0C-01254,SCR-WEB-320,2,WEAK,BUSINESS_REQUIREMENT,"ipad scope",True
REQ-R0C-01265,SCR-WEB-320,2,WEAK,BUSINESS_REQUIREMENT,"ipad scope",True
REQ-R0C-01266,SCR-VIR-720,6,STRONG,BUSINESS_REQUIREMENT,"ipad scope",True
REQ-R0C-01267,SCR-VIR-720,10,STRONG,BUSINESS_REQUIREMENT,"ipad scope",True
REQ-R0C-01269,SCR-WEB-400,3,WEAK,BUSINESS_REQUIREMENT,"dashboard req",True
REQ-R0C-01270,SCR-WEB-400,2,WEAK,BUSINESS_REQUIREMENT,"dashboard req",True
REQ-R0C-01271,SCR-WEB-400,8,STRONG,BUSINESS_REQUIREMENT,"dashboard req",True
REQ-R0C-01272,SCR-WEB-400,2,WEAK,BUSINESS_REQUIREMENT,"dashboard req",True
REQ-R0C-01273,SCR-WEB-400,5,WEAK,BUSINESS_REQUIREMENT,"dashboard req",True
REQ-R0C-01274,SCR-WEB-400,2,WEAK,BUSINESS_REQUIREMENT,"dashboard req",True
REQ-R0C-01275,SCR-WEB-400,5,WEAK,BUSINESS_REQUIREMENT,"dashboard req",True
REQ-R0C-01276,SCR-WEB-400,2,WEAK,BUSINESS_REQUIREMENT,"dashboard req",True
REQ-R0C-01277,SCR-WEB-400,2,WEAK,BUSINESS_REQUIREMENT,"dashboard req",True
REQ-R0C-01278,SCR-WEB-400,2,WEAK,BUSINESS_REQUIREMENT,"dashboard req",True
REQ-R0C-01279,SCR-WEB-400,2,WEAK,BUSINESS_REQUIREMENT,"dashboard req",True
REQ-R0C-01280,SCR-WEB-400,2,WEAK,BUSINESS_REQUIREMENT,"dashboard req",True
REQ-R0C-01281,SCR-ADM-051,4,WEAK,USER_ACTION,"sheet1",False
REQ-R0C-01282,SCR-ADM-051,4,WEAK,USER_ACTION,"sheet1",False
REQ-R0C-01283,SCR-WEB-130,11,STRONG,USER_ACTION,"sheet1",False
REQ-R0C-01284,SCR-ADM-031,4,WEAK,USER_ACTION,"sheet1",False
REQ-R0C-01285,SCR-WEB-210,10,STRONG,USER_ACTION,"sheet1",False
REQ-R0C-01286,SCR-WEB-400,10,STRONG,USER_ACTION,"sheet1",False
REQ-R0C-01287,SCR-ADM-030,2,WEAK,SYSTEM_BEHAVIOR,"sheet1",False
REQ-R0C-01288,SCR-WEB-130,3,WEAK,SYSTEM_BEHAVIOR,"sheet1",False
REQ-R0C-01289,SCR-WEB-400,8,STRONG,SYSTEM_BEHAVIOR,"sheet1",False
REQ-R0C-01290,SCR-WEB-210,4,WEAK,SYSTEM_BEHAVIOR,"sheet1",False
REQ-R0C-01291,SCR-WEB-120,8,STRONG,SYSTEM_BEHAVIOR,"sheet1",False
REQ-R0C-01292,SCR-WEB-120,14,STRONG,SYSTEM_BEHAVIOR,"sheet1",False
REQ-R0C-01293,SCR-ADM-020,4,WEAK,BUSINESS_RULE,"sheet1",False
REQ-R0C-01294,SCR-WEB-130,9,STRONG,BUSINESS_RULE,"sheet1",False
REQ-R0C-01295,SCR-WEB-120,6,STRONG,BUSINESS_RULE,"sheet1",False
REQ-R0C-01296,SCR-WEB-320,4,WEAK,BUSINESS_RULE,"sheet1",False
REQ-R0C-01297,SCR-ADM-051,4,WEAK,BUSINESS_RULE,"sheet1",False
REQ-R0C-01298,SCR-ADM-020,2,WEAK,BUSINESS_RULE,"sheet1",False
REQ-R0C-01299,SCR-ADM-020,2,WEAK,BUSINESS_RULE,"sheet1",False
REQ-R0C-01300,SCR-ADM-020,6,STRONG,BUSINESS_RULE,"sheet1",False
REQ-R0C-01301,SCR-ADM-020,2,WEAK,BUSINESS_RULE,"sheet1",False
REQ-R0C-01302,SCR-WEB-300,9,STRONG,BUSINESS_RULE,"sheet1",False
REQ-R0C-01303,SCR-WEB-120,8,STRONG,BUSINESS_RULE,"sheet1",False
REQ-R0C-01304,SCR-WEB-400,8,STRONG,BUSINESS_RULE,"sheet1",False
REQ-R0C-01305,SCR-ADM-051,4,WEAK,USER_ACTION,"sheet1",False
REQ-R0C-01306,SCR-ADM-051,4,WEAK,USER_ACTION,"sheet1",False
REQ-R0C-01307,SCR-WEB-400,8,STRONG,USER_ACTION,"sheet1",False
REQ-R0C-01308,SCR-WEB-400,10,STRONG,USER_ACTION,"sheet1",False
REQ-R0C-01314,SCR-WEB-120,6,STRONG,SYSTEM_BEHAVIOR,"sheet1",False
REQ-R0C-01315,SCR-WEB-400,8,STRONG,SYSTEM_BEHAVIOR,"sheet1",False
REQ-R0C-01316,SCR-WEB-120,6,STRONG,SYSTEM_BEHAVIOR,"sheet1",False
REQ-R0C-01317,SCR-WEB-300,7,STRONG,BUSINESS_RULE,"sheet1",False
REQ-R0C-01318,SCR-ADM-020,4,WEAK,BUSINESS_RULE,"sheet1",False
REQ-R0C-01319,SCR-ADM-020,2,WEAK,BUSINESS_RULE,"sheet1",False
REQ-R0C-01320,SCR-ADM-060,4,WEAK,BUSINESS_RULE,"sheet1",False
REQ-R0C-01321,SCR-ADM-020,2,WEAK,BUSINESS_RULE,"sheet1",False
REQ-R0C-01322,SCR-WEB-400,8,STRONG,BUSINESS_RULE,"sheet1",False
REQ-R0C-01323,SCR-WEB-400,10,STRONG,BUSINESS_RULE,"sheet1",False
REQ-R0C-01324,SCR-WEB-120,6,STRONG,BUSINESS_RULE,"sheet1",False
REQ-R0C-01325,SCR-ADM-020,9,STRONG,BUSINESS_RULE,"sheet1",False
REQ-R0C-01326,SCR-WEB-120,6,STRONG,BUSINESS_RULE,"sheet1",False
REQ-R0C-01327,SCR-ADM-011,2,WEAK,ACCEPTANCE_CRITERION,"sheet1",False
REQ-R0C-01328,SCR-WEB-120,6,STRONG,ACCEPTANCE_CRITERION,"sheet1",False
REQ-R0C-01329,SCR-ADM-020,2,WEAK,DATA_REQUIREMENT,"sheet1",False
REQ-R0C-01330,SCR-ADM-051,4,WEAK,USER_ACTION,"sheet1",False
REQ-R0C-01331,SCR-ADM-051,4,WEAK,USER_ACTION,"sheet1",False
REQ-R0C-01332,SCR-ADM-051,4,WEAK,USER_ACTION,"sheet1",False
REQ-R0C-01333,SCR-ADM-031,2,WEAK,SYSTEM_BEHAVIOR,"sheet1",False
REQ-R0C-01336,SCR-WEB-320,2,WEAK,SYSTEM_BEHAVIOR,"sheet1",False
REQ-R0C-01337,SCR-ADM-080,5,WEAK,BUSINESS_RULE,"sheet1",False
REQ-R0C-01338,SCR-ADM-020,2,WEAK,BUSINESS_RULE,"sheet1",False
REQ-R0C-01339,SCR-ADM-020,4,WEAK,BUSINESS_RULE,"sheet1",False
REQ-R0C-01340,SCR-WEB-120,4,WEAK,BUSINESS_RULE,"sheet1",False
REQ-R0C-01341,SCR-ADM-020,2,WEAK,BUSINESS_RULE,"sheet1",False
REQ-R0C-01342,SCR-WEB-120,10,STRONG,BUSINESS_RULE,"sheet1",False
REQ-R0C-01343,SCR-ADM-020,2,WEAK,BUSINESS_RULE,"sheet1",False
REQ-R0C-01344,SCR-ADM-031,2,WEAK,ACCEPTANCE_CRITERION,"sheet1",False
REQ-R0C-01345,SCR-WEB-100,9,STRONG,USER_ACTION,"paragraph 5",False
REQ-R0C-01346,SCR-ADM-090,14,STRONG,BUSINESS_REQUIREMENT,"paragraph 8",False
REQ-R0C-01347,SCR-WEB-100,12,STRONG,BUSINESS_REQUIREMENT,"paragraph 16",False
REQ-R0C-01348,SCR-ADM-010,2,WEAK,BUSINESS_REQUIREMENT,"paragraph 34",False
REQ-R0C-01349,SCR-WEB-200,9,STRONG,USER_ACTION,"paragraph 35",False
REQ-R0C-01350,SCR-WEB-100,10,STRONG,BUSINESS_REQUIREMENT,"paragraph 39",False
REQ-R0C-01351,SCR-ADM-040,2,WEAK,BUSINESS_REQUIREMENT,"paragraph 42",False
REQ-R0C-01352,SCR-ADM-040,2,WEAK,BUSINESS_REQUIREMENT,"paragraph 46",False
REQ-R0C-01353,SCR-ADM-040,2,WEAK,BUSINESS_REQUIREMENT,"paragraph 47",False
REQ-R0C-01354,SCR-WEB-400,8,STRONG,USER_ACTION,"paragraph 49",False
REQ-R0C-01355,SCR-WEB-130,14,STRONG,BUSINESS_REQUIREMENT,"paragraph 50",False
REQ-R0C-01356,SCR-WEB-120,14,STRONG,BUSINESS_RULE,"paragraph 51",False
REQ-R0C-01357,SCR-ADM-020,2,WEAK,BUSINESS_REQUIREMENT,"paragraph 56",False
REQ-R0C-01358,SCR-WEB-110,17,STRONG,USER_ACTION,"paragraph 63",False
REQ-R0C-01359,SCR-WEB-110,14,STRONG,BUSINESS_REQUIREMENT,"paragraph 64",False
REQ-R0C-01360,SCR-WEB-200,8,STRONG,BUSINESS_RULE,"paragraph 68",False
REQ-R0C-01361,SCR-WEB-120,9,STRONG,BUSINESS_RULE,"paragraph 69",False
REQ-R0C-01362,SCR-WEB-110,3,WEAK,BUSINESS_REQUIREMENT,"paragraph 71",False
REQ-R0C-01363,SCR-ADM-031,2,WEAK,BUSINESS_REQUIREMENT,"paragraph 89",False
REQ-R0C-01364,SCR-WEB-400,8,STRONG,BUSINESS_REQUIREMENT,"paragraph 106",False
REQ-R0C-01365,SCR-WEB-120,14,STRONG,BUSINESS_REQUIREMENT,"paragraph 117",False
REQ-R0C-01366,SCR-WEB-120,8,STRONG,BUSINESS_RULE,"paragraph 121",False
REQ-R0C-01367,SCR-WEB-400,10,STRONG,USER_ACTION,"paragraph 132",False
REQ-R0C-01368,SCR-WEB-400,10,STRONG,USER_ACTION,"paragraph 133",False
REQ-R0C-01369,SCR-WEB-400,8,STRONG,USER_ACTION,"paragraph 135",False
REQ-R0C-01370,SCR-WEB-310,6,STRONG,BUSINESS_REQUIREMENT,"paragraph 136",False
REQ-R0C-01371,SCR-ADM-040,2,WEAK,BUSINESS_REQUIREMENT,"paragraph 137",False
REQ-R0C-01372,SCR-ADM-040,2,WEAK,BUSINESS_REQUIREMENT,"paragraph 138",False
REQ-R0C-01373,SCR-WEB-400,8,STRONG,USER_ACTION,"paragraph 140",False
REQ-R0C-01374,SCR-ADM-060,4,WEAK,BUSINESS_REQUIREMENT,"paragraph 142",False
REQ-R0C-01375,SCR-WEB-400,8,STRONG,BUSINESS_REQUIREMENT,"paragraph 145",False
REQ-R0C-01376,SCR-WEB-130,3,WEAK,BUSINESS_REQUIREMENT,"paragraph 156",False
REQ-R0C-01377,SCR-WEB-400,8,STRONG,BUSINESS_REQUIREMENT,"paragraph 157",False
REQ-R0C-01378,SCR-ADM-020,2,WEAK,BUSINESS_RULE,"paragraph 159",False
REQ-R0C-01379,SCR-WEB-130,3,WEAK,BUSINESS_REQUIREMENT,"paragraph 161",False
REQ-R0C-01380,SCR-WEB-100,8,STRONG,BUSINESS_RULE,"paragraph 163",False
REQ-R0C-01381,SCR-WEB-400,5,WEAK,BUSINESS_REQUIREMENT,"paragraph 166",False
REQ-R0C-01382,SCR-VIR-720,6,STRONG,USER_ACTION,"paragraph 167",False
REQ-R0C-01383,SCR-WEB-130,3,WEAK,BUSINESS_REQUIREMENT,"paragraph 170",False
REQ-R0C-01384,SCR-ADM-070,4,WEAK,BUSINESS_REQUIREMENT,"paragraph 171",False
REQ-R0C-01385,SCR-WEB-130,4,WEAK,BUSINESS_REQUIREMENT,"paragraph 180",False
REQ-R0C-01386,SCR-ADM-040,2,WEAK,BUSINESS_REQUIREMENT,"paragraph 182",False
REQ-R0C-01387,SCR-ADM-001,4,WEAK,BUSINESS_REQUIREMENT,"paragraph 184",False
REQ-R0C-01388,SCR-WEB-150,4,WEAK,BUSINESS_REQUIREMENT,"paragraph 188",False
REQ-R0C-01389,SCR-WEB-120,8,STRONG,BUSINESS_REQUIREMENT,"paragraph 189",False
REQ-R0C-01390,SCR-WEB-130,11,STRONG,BUSINESS_REQUIREMENT,"paragraph 197",False
REQ-R0C-01391,SCR-WEB-130,3,WEAK,BUSINESS_REQUIREMENT,"paragraph 198",False
REQ-R0C-01392,SCR-WEB-130,11,STRONG,BUSINESS_REQUIREMENT,"paragraph 201",False
REQ-R0C-01393,SCR-WEB-130,11,STRONG,BUSINESS_REQUIREMENT,"paragraph 204",False
REQ-R0C-01394,SCR-WEB-120,8,STRONG,BUSINESS_RULE,"paragraph 205",False
REQ-R0C-01395,SCR-WEB-120,10,STRONG,USER_ACTION,"paragraph 210",False
REQ-R0C-01396,SCR-WEB-100,6,STRONG,BUSINESS_REQUIREMENT,"paragraph 211",False
REQ-R0C-01397,SCR-ADM-031,4,WEAK,BUSINESS_REQUIREMENT,"paragraph 213",False
REQ-R0C-01398,SCR-ADM-031,4,WEAK,USER_ACTION,"paragraph 218",False
REQ-R0C-01399,SCR-ADM-020,4,WEAK,BUSINESS_REQUIREMENT,"paragraph 219",False
REQ-R0C-01400,SCR-WEB-130,10,STRONG,BUSINESS_REQUIREMENT,"paragraph 220",False
REQ-R0C-01401,SCR-ADM-031,4,WEAK,BUSINESS_REQUIREMENT,"paragraph 223",False
REQ-R0C-01402,SCR-ADM-031,4,WEAK,USER_ACTION,"paragraph 228",False
REQ-R0C-01403,SCR-ADM-020,4,WEAK,BUSINESS_REQUIREMENT,"paragraph 229",False
REQ-R0C-01404,SCR-WEB-130,10,STRONG,BUSINESS_REQUIREMENT,"paragraph 230",False
REQ-R0C-01405,SCR-WEB-400,10,STRONG,BUSINESS_REQUIREMENT,"paragraph 237",False
REQ-R0C-01406,SCR-WEB-130,12,STRONG,BUSINESS_REQUIREMENT,"paragraph 238",False
REQ-R0C-01407,SCR-ADM-020,2,WEAK,BUSINESS_REQUIREMENT,"paragraph 243",False
REQ-R0C-01408,SCR-WEB-150,8,STRONG,BUSINESS_REQUIREMENT,"paragraph 247",False
REQ-R0C-01409,SCR-ADM-051,4,WEAK,USER_ACTION,"paragraph 248",False
REQ-R0C-01410,SCR-WEB-150,8,STRONG,BUSINESS_REQUIREMENT,"paragraph 259",False
REQ-R0C-01411,SCR-ADM-051,4,WEAK,USER_ACTION,"paragraph 272",False
REQ-R0C-01412,SCR-WEB-130,4,WEAK,BUSINESS_REQUIREMENT,"paragraph 294",False
REQ-R0C-01413,SCR-WEB-130,11,STRONG,BUSINESS_REQUIREMENT,"paragraph 297",False
REQ-R0C-01414,SCR-WEB-400,5,WEAK,BUSINESS_REQUIREMENT,"paragraph 298",False
REQ-R0C-01415,SCR-WEB-130,11,STRONG,BUSINESS_REQUIREMENT,"paragraph 299",False
REQ-R0C-01416,SCR-WEB-400,8,STRONG,BUSINESS_REQUIREMENT,"paragraph 301",False
REQ-R0C-01417,SCR-WEB-130,11,STRONG,BUSINESS_REQUIREMENT,"paragraph 303",False
REQ-R0C-01418,SCR-ADM-040,2,WEAK,BUSINESS_REQUIREMENT,"paragraph 307",False
REQ-R0C-01419,SCR-WEB-130,3,WEAK,BUSINESS_REQUIREMENT,"paragraph 328",False
REQ-R0C-01420,SCR-WEB-130,10,STRONG,BUSINESS_REQUIREMENT,"paragraph 341",False
REQ-R0C-01421,SCR-WEB-130,11,STRONG,BUSINESS_REQUIREMENT,"paragraph 356",False
REQ-R0C-01422,SCR-WEB-100,12,STRONG,BUSINESS_REQUIREMENT,"paragraph 357",False
REQ-R0C-01423,SCR-WEB-100,10,STRONG,BUSINESS_REQUIREMENT,"paragraph 358",False
REQ-R0C-01424,SCR-WEB-200,6,STRONG,BUSINESS_REQUIREMENT,"paragraph 362",False
REQ-R0C-01425,SCR-WEB-200,8,STRONG,USER_ACTION,"paragraph 363",False
REQ-R0C-01426,SCR-WEB-110,8,STRONG,BUSINESS_RULE,"paragraph 364",False
REQ-R0C-01427,SCR-ADM-040,2,WEAK,BUSINESS_REQUIREMENT,"paragraph 365",False
REQ-R0C-01428,SCR-WEB-100,8,STRONG,BUSINESS_RULE,"paragraph 366",False
REQ-R0C-01429,SCR-WEB-130,10,STRONG,BUSINESS_REQUIREMENT,"paragraph 369",False
REQ-R0C-01430,SCR-WEB-130,3,WEAK,BUSINESS_REQUIREMENT,"paragraph 370",False
REQ-R0C-01431,SCR-WEB-300,4,WEAK,BUSINESS_REQUIREMENT,"paragraph 371",False
REQ-R0C-01432,SCR-WEB-150,6,STRONG,BUSINESS_REQUIREMENT,"paragraph 374",False
REQ-R0C-01433,SCR-WEB-150,4,WEAK,BUSINESS_RULE,"paragraph 378",False
REQ-R0C-01434,SCR-ADM-040,2,WEAK,BUSINESS_REQUIREMENT,"paragraph 379",False
REQ-R0C-01435,SCR-ADM-001,4,WEAK,BUSINESS_REQUIREMENT,"paragraph 383",False
REQ-R0C-01436,SCR-WEB-200,6,STRONG,BUSINESS_REQUIREMENT,"paragraph 385",False
REQ-R0C-01437,SCR-WEB-130,10,STRONG,BUSINESS_REQUIREMENT,"paragraph 387",False
REQ-R0C-01438,SCR-WEB-400,4,WEAK,BUSINESS_REQUIREMENT,"paragraph 389",False
REQ-R0C-01439,SCR-WEB-110,4,WEAK,BUSINESS_REQUIREMENT,"paragraph 396",False
REQ-R0C-01440,SCR-WEB-100,8,STRONG,BUSINESS_REQUIREMENT,"paragraph 408",False
REQ-R0C-01441,SCR-WEB-130,11,STRONG,BUSINESS_REQUIREMENT,"paragraph 415",False
REQ-R0C-01442,SCR-ADM-040,2,WEAK,BUSINESS_REQUIREMENT,"paragraph 431",False
REQ-R0C-01443,SCR-WEB-130,3,WEAK,BUSINESS_REQUIREMENT,"paragraph 452",False
REQ-R0C-01444,SCR-ADM-040,2,WEAK,BUSINESS_REQUIREMENT,"paragraph 459",False
REQ-R0C-01445,SCR-WEB-210,13,STRONG,USER_ACTION,"paragraph 476",False
REQ-R0C-01446,SCR-WEB-130,18,STRONG,BUSINESS_REQUIREMENT,"table 1, row 3, cell 1",False
REQ-R0C-01447,SCR-WEB-130,12,STRONG,USER_ACTION,"table 1, row 3, cell 2",False
REQ-R0C-01448,SCR-WEB-120,14,STRONG,BUSINESS_REQUIREMENT,"table 1, row 4, cell 1",False
REQ-R0C-01449,SCR-WEB-120,14,STRONG,BUSINESS_REQUIREMENT,"table 1, row 5, cell 1",False
REQ-R0C-01450,SCR-WEB-120,8,STRONG,USER_ACTION,"table 1, row 6, cell 2",False
REQ-R0C-01451,SCR-WEB-150,4,WEAK,BUSINESS_REQUIREMENT,"table 2, row 2, cell 2",False
REQ-R0C-01452,SCR-WEB-120,30,STRONG,BUSINESS_RULE,"table 4, row 4, cell 1",False
REQ-R0C-01453,SCR-ADM-040,2,WEAK,BUSINESS_REQUIREMENT,"table 6, row 12, cell 2",False
REQ-R0C-01454,SCR-ADM-040,2,WEAK,BUSINESS_REQUIREMENT,"table 6, row 13, cell 2",False
REQ-R0C-01455,SCR-ADM-030,2,WEAK,BUSINESS_REQUIREMENT,"table 7, row 3, cell 5",False
REQ-R0C-01456,SCR-WEB-400,8,STRONG,BUSINESS_REQUIREMENT,"table 7, row 7, cell 5",False
REQ-R0C-01457,SCR-WEB-130,12,STRONG,BUSINESS_REQUIREMENT,"table 7, row 15, cell 5",False
REQ-R0C-01458,SCR-VIR-720,6,STRONG,BUSINESS_REQUIREMENT,"table 8, row 13, cell 4",False
REQ-R0C-01459,SCR-VIR-720,6,STRONG,BUSINESS_REQUIREMENT,"table 8, row 14, cell 4",False
REQ-R0C-01460,SCR-WEB-400,4,WEAK,BUSINESS_REQUIREMENT,"table 8, row 15, cell 4",False
REQ-R0C-01461,SCR-ADM-010,2,WEAK,BUSINESS_REQUIREMENT,"table 9, row 7, cell 2",False
REQ-R0C-01462,SCR-WEB-400,8,STRONG,BUSINESS_REQUIREMENT,"table 14, row 8, cell 2",False
REQ-R0C-01463,SCR-WEB-120,14,STRONG,BUSINESS_REQUIREMENT,"table 15, row 3, cell 2",False
REQ-R0C-01464,SCR-WEB-130,14,STRONG,BUSINESS_REQUIREMENT,"table 15, row 7, cell 2",False
REQ-R0C-01465,SCR-WEB-130,9,STRONG,USER_ACTION,"table 16, row 3, cell 3",False
REQ-R0C-01466,SCR-ADM-030,8,STRONG,USER_ACTION,"table 17, row 2, cell 4",False
REQ-R0C-01467,SCR-ADM-010,13,STRONG,BUSINESS_REQUIREMENT,"paragraph 14",False
REQ-R0C-01468,SCR-WEB-210,17,STRONG,BUSINESS_REQUIREMENT,"paragraph 22",False
REQ-R0C-01469,SCR-WEB-130,9,STRONG,USER_ACTION,"paragraph 23",False
REQ-R0C-01470,SCR-WEB-120,19,STRONG,USER_ACTION,"paragraph 25",False
REQ-R0C-01471,SCR-WEB-130,7,STRONG,BUSINESS_REQUIREMENT,"paragraph 32",False
REQ-R0C-01472,SCR-ADM-030,12,STRONG,USER_ACTION,"paragraph 33",False
REQ-R0C-01473,SCR-WEB-140,6,STRONG,BUSINESS_REQUIREMENT,"paragraph 35",False
REQ-R0C-01474,SCR-WEB-150,18,STRONG,USER_ACTION,"paragraph 44",False
REQ-R0C-01475,SCR-VIR-720,8,STRONG,BUSINESS_REQUIREMENT,"paragraph 50",False
REQ-R0C-01476,SCR-WEB-400,22,STRONG,BUSINESS_REQUIREMENT,"paragraph 57",False
REQ-R0C-01477,SCR-WEB-130,14,STRONG,BUSINESS_REQUIREMENT,"paragraph 66",False
REQ-R0C-01478,SCR-ADM-051,4,WEAK,BUSINESS_REQUIREMENT,"paragraph 67",False
REQ-R0C-01479,SCR-WEB-130,3,WEAK,BUSINESS_REQUIREMENT,"paragraph 69",False
REQ-R0C-01480,SCR-ADM-001,4,WEAK,BUSINESS_REQUIREMENT,"paragraph 70",False
REQ-R0C-01481,SCR-ADM-030,8,STRONG,BUSINESS_REQUIREMENT,"paragraph 81",False
REQ-R0C-01482,SCR-ADM-031,4,WEAK,BUSINESS_REQUIREMENT,"paragraph 82",False
REQ-R0C-01483,SCR-ADM-031,21,STRONG,BUSINESS_REQUIREMENT,"paragraph 89",False
REQ-R0C-01484,SCR-WEB-130,6,STRONG,BUSINESS_REQUIREMENT,"paragraph 96",False
REQ-R0C-01485,SCR-WEB-500,9,STRONG,USER_ACTION,"paragraph 100",False
REQ-R0C-01486,SCR-WEB-120,14,STRONG,BUSINESS_REQUIREMENT,"paragraph 108",False
REQ-R0C-01487,SCR-ADM-001,4,WEAK,BUSINESS_REQUIREMENT,"paragraph 111",False
REQ-R0C-01488,SCR-WEB-500,11,STRONG,USER_ACTION,"paragraph 112",False
REQ-R0C-01489,SCR-WEB-130,4,WEAK,BUSINESS_REQUIREMENT,"paragraph 113",False
REQ-R0C-01490,SCR-WEB-130,10,STRONG,BUSINESS_REQUIREMENT,"paragraph 119",False
REQ-R0C-01491,SCR-ADM-020,2,WEAK,BUSINESS_RULE,"paragraph 121",False
REQ-R0C-01492,SCR-WEB-120,18,STRONG,USER_ACTION,"paragraph 129",False
REQ-R0C-01493,SCR-ADM-070,4,WEAK,BUSINESS_REQUIREMENT,"paragraph 136",False
REQ-R0C-01494,SCR-WEB-500,9,STRONG,USER_ACTION,"paragraph 138",False
REQ-R0C-01495,SCR-ADM-020,6,STRONG,BUSINESS_REQUIREMENT,"paragraph 139",False
REQ-R0C-01496,SCR-WEB-130,3,WEAK,BUSINESS_REQUIREMENT,"paragraph 143",False
REQ-R0C-01497,SCR-WEB-120,10,STRONG,BUSINESS_REQUIREMENT,"paragraph 144",False
REQ-R0C-01498,SCR-WEB-400,11,STRONG,BUSINESS_RULE,"paragraph 146",False
REQ-R0C-01499,SCR-VIR-720,9,STRONG,USER_ACTION,"paragraph 147",False
REQ-R0C-01500,SCR-VIR-720,10,STRONG,BUSINESS_REQUIREMENT,"paragraph 155",False
REQ-R0C-01501,SCR-WEB-500,9,STRONG,USER_ACTION,"paragraph 159",False
REQ-R0C-01502,SCR-WEB-400,8,STRONG,BUSINESS_REQUIREMENT,"paragraph 165",False
REQ-R0C-01503,SCR-ADM-031,13,STRONG,USER_ACTION,"paragraph 171",False
REQ-R0C-01504,SCR-WEB-120,14,STRONG,BUSINESS_RULE,"paragraph 173",False
REQ-R0C-01505,SCR-ADM-020,10,STRONG,BUSINESS_REQUIREMENT,"paragraph 177",False
REQ-R0C-01506,SCR-ADM-010,15,STRONG,USER_ACTION,"paragraph 178",False
REQ-R0C-01507,SCR-ADM-020,20,STRONG,BUSINESS_REQUIREMENT,"paragraph 180",False
REQ-R0C-01508,SCR-ADM-020,17,STRONG,BUSINESS_REQUIREMENT,"paragraph 186",False
REQ-R0C-01509,SCR-VIR-720,13,STRONG,BUSINESS_REQUIREMENT,"paragraph 190",False
REQ-R0C-01510,SCR-VIR-720,13,STRONG,BUSINESS_REQUIREMENT,"paragraph 194",False
REQ-R0C-01511,SCR-ADM-020,17,STRONG,BUSINESS_RULE,"paragraph 196",False
REQ-R0C-01512,SCR-ADM-020,6,STRONG,BUSINESS_REQUIREMENT,"paragraph 198",False
REQ-R0C-01513,SCR-VIR-720,6,STRONG,BUSINESS_REQUIREMENT,"paragraph 199",False
REQ-R0C-01514,SCR-VIR-720,12,STRONG,BUSINESS_REQUIREMENT,"paragraph 203",False
REQ-R0C-01515,SCR-VIR-720,13,STRONG,BUSINESS_RULE,"paragraph 207",False
REQ-R0C-01516,SCR-ADM-041,14,STRONG,BUSINESS_RULE,"paragraph 214",False
REQ-R0C-01517,SCR-ADM-031,15,STRONG,USER_ACTION,"paragraph 224",False
REQ-R0C-01518,SCR-ADM-031,21,STRONG,USER_ACTION,"paragraph 230",False
REQ-R0C-01519,SCR-VIR-720,12,STRONG,BUSINESS_RULE,"paragraph 232",False
REQ-R0C-01520,SCR-ADM-031,19,STRONG,USER_ACTION,"paragraph 241",False
REQ-R0C-01521,SCR-ADM-001,2,WEAK,BUSINESS_REQUIREMENT,"paragraph 244",False
REQ-R0C-01522,SCR-VIR-720,10,STRONG,BUSINESS_REQUIREMENT,"paragraph 246",False
REQ-R0C-01523,SCR-ADM-030,13,STRONG,BUSINESS_REQUIREMENT,"paragraph 248",False
REQ-R0C-01524,SCR-WEB-400,9,STRONG,USER_ACTION,"paragraph 251",False
REQ-R0C-01525,SCR-WEB-130,7,STRONG,BUSINESS_REQUIREMENT,"paragraph 252",False
REQ-R0C-01526,SCR-ADM-031,4,WEAK,USER_ACTION,"paragraph 254",False
REQ-R0C-01527,SCR-WEB-400,11,STRONG,BUSINESS_REQUIREMENT,"paragraph 256",False
REQ-R0C-01528,SCR-VIR-720,13,STRONG,BUSINESS_RULE,"paragraph 259",False
REQ-R0C-01529,SCR-WEB-310,12,STRONG,BUSINESS_REQUIREMENT,"paragraph 261",False
REQ-R0C-01530,SCR-WEB-200,8,STRONG,USER_ACTION,"paragraph 266",False
REQ-R0C-01531,SCR-WEB-210,21,STRONG,USER_ACTION,"paragraph 268",False
REQ-R0C-01532,SCR-VIR-720,12,STRONG,BUSINESS_RULE,"paragraph 270",False
REQ-R0C-01533,SCR-ADM-041,21,STRONG,BUSINESS_RULE,"paragraph 272",False
REQ-R0C-01534,SCR-ADM-020,6,STRONG,USER_ACTION,"paragraph 278",False
REQ-R0C-01535,SCR-ADM-011,4,WEAK,BUSINESS_REQUIREMENT,"paragraph 281",False
REQ-R0C-01536,SCR-ADM-050,9,STRONG,BUSINESS_REQUIREMENT,"paragraph 287",False
REQ-R0C-01537,SCR-VIR-720,19,STRONG,BUSINESS_REQUIREMENT,"paragraph 297",False
REQ-R0C-01538,SCR-WEB-400,9,STRONG,BUSINESS_REQUIREMENT,"paragraph 301",False
REQ-R0C-01539,SCR-VIR-720,10,STRONG,BUSINESS_RULE,"paragraph 303",False
REQ-R0C-01540,SCR-WEB-140,20,STRONG,BUSINESS_REQUIREMENT,"paragraph 305",False
REQ-R0C-01541,SCR-VIR-720,10,STRONG,BUSINESS_REQUIREMENT,"paragraph 307",False
REQ-R0C-01542,SCR-ADM-030,12,STRONG,BUSINESS_REQUIREMENT,"paragraph 309",False
REQ-R0C-01543,SCR-WEB-500,9,STRONG,USER_ACTION,"paragraph 310",False
REQ-R0C-01544,SCR-VIR-720,27,STRONG,BUSINESS_REQUIREMENT,"paragraph 312",False
REQ-R0C-01545,SCR-ADM-020,10,STRONG,BUSINESS_RULE,"paragraph 313",False
REQ-R0C-01546,SCR-VIR-720,12,STRONG,BUSINESS_RULE,"paragraph 315",False
REQ-R0C-01547,SCR-VIR-700,16,STRONG,BUSINESS_REQUIREMENT,"paragraph 317",False
REQ-R0C-01548,SCR-WEB-130,19,STRONG,BUSINESS_REQUIREMENT,"paragraph 319",False
REQ-R0C-01549,SCR-ADM-030,14,STRONG,USER_ACTION,"paragraph 321",False
REQ-R0C-01550,SCR-ADM-060,10,STRONG,BUSINESS_REQUIREMENT,"paragraph 326",False
REQ-R0C-01551,SCR-ADM-011,5,WEAK,BUSINESS_REQUIREMENT,"paragraph 327",False
REQ-R0C-01552,SCR-WEB-150,18,STRONG,USER_ACTION,"paragraph 333",False
REQ-R0C-01553,SCR-VIR-720,11,STRONG,BUSINESS_REQUIREMENT,"paragraph 339",False
REQ-R0C-01554,SCR-VIR-720,7,STRONG,BUSINESS_REQUIREMENT,"table 2, row 9, cell 4",False
REQ-R0C-01555,SCR-WEB-130,10,STRONG,BUSINESS_REQUIREMENT,"table 4, row 2, cell 2",False
REQ-R0C-01556,SCR-ADM-031,4,WEAK,USER_ACTION,"table 4, row 5, cell 2",False
REQ-R0C-01557,SCR-ADM-030,13,STRONG,BUSINESS_REQUIREMENT,"table 5, row 2, cell 2",False
REQ-R0C-01558,SCR-ADM-031,13,STRONG,BUSINESS_RULE,"table 5, row 5, cell 2",False
REQ-R0C-01559,SCR-ADM-030,10,STRONG,USER_ACTION,"table 5, row 8, cell 2",False
REQ-R0C-01560,SCR-WEB-120,14,STRONG,BUSINESS_REQUIREMENT,"table 6, row 4, cell 1",False
REQ-R0C-01561,SCR-ADM-020,2,WEAK,BUSINESS_RULE,"table 8, row 2, cell 2",False
REQ-R0C-01562,SCR-ADM-020,4,WEAK,BUSINESS_RULE,"table 8, row 3, cell 2",False
REQ-R0C-01563,SCR-VIR-720,10,STRONG,BUSINESS_RULE,"table 8, row 6, cell 2",False
REQ-R0C-01564,SCR-VIR-720,7,STRONG,BUSINESS_REQUIREMENT,"table 10, row 5, cell 2",False
REQ-R0C-01565,SCR-ADM-020,6,STRONG,BUSINESS_RULE,"table 11, row 3, cell 2",False
REQ-R0C-01566,SCR-WEB-120,8,STRONG,BUSINESS_RULE,"table 11, row 4, cell 2",False
REQ-R0C-01567,SCR-WEB-120,18,STRONG,BUSINESS_RULE,"table 13, row 2, cell 2",False
REQ-R0C-01568,SCR-ADM-030,6,STRONG,BUSINESS_REQUIREMENT,"table 13, row 4, cell 2",False
REQ-R0C-01569,SCR-WEB-310,6,STRONG,BUSINESS_REQUIREMENT,"table 13, row 5, cell 2",False
REQ-R0C-01570,SCR-ADM-040,3,WEAK,BUSINESS_REQUIREMENT,"table 14, row 4, cell 2",False
REQ-R0C-01571,SCR-ADM-020,13,STRONG,USER_ACTION,"table 15, row 4, cell 2",False
REQ-R0C-01572,SCR-WEB-400,10,STRONG,USER_ACTION,"table 15, row 5, cell 2",False
REQ-R0C-01573,SCR-WEB-130,3,WEAK,BUSINESS_REQUIREMENT,"table 18, row 4, cell 2",False
REQ-R0C-01574,SCR-ADM-020,2,WEAK,BUSINESS_REQUIREMENT,"table 18, row 5, cell 2",False
REQ-R0C-01575,SCR-WEB-130,11,STRONG,BUSINESS_REQUIREMENT,"table 18, row 7, cell 2",False
REQ-R0C-01576,SCR-ADM-031,4,WEAK,USER_ACTION,"table 18, row 8, cell 2",False
REQ-R0C-01577,SCR-WEB-120,8,STRONG,BUSINESS_RULE,"table 18, row 12, cell 2",False
REQ-R0C-01578,SCR-WEB-400,12,STRONG,USER_ACTION,"table 21, row 10, cell 6",False
REQ-R0C-01579,SCR-WEB-400,10,STRONG,BUSINESS_REQUIREMENT,"paragraph 6",False
REQ-R0C-01580,SCR-WEB-400,4,WEAK,BUSINESS_REQUIREMENT,"paragraph 9",False
REQ-R0C-01581,SCR-ADM-020,6,STRONG,BUSINESS_REQUIREMENT,"paragraph 12",False
REQ-R0C-01582,SCR-WEB-400,18,STRONG,BUSINESS_REQUIREMENT,"paragraph 14",False
REQ-R0C-01583,SCR-WEB-400,10,STRONG,BUSINESS_REQUIREMENT,"paragraph 31",False
REQ-R0C-01584,SCR-WEB-400,10,STRONG,USER_ACTION,"paragraph 58",False
REQ-R0C-01585,SCR-VIR-720,13,STRONG,BUSINESS_RULE,"paragraph 66",False
REQ-R0C-01586,SCR-WEB-130,7,STRONG,BUSINESS_REQUIREMENT,"paragraph 74",False
REQ-R0C-01587,SCR-WEB-210,10,STRONG,USER_ACTION,"paragraph 78",False
REQ-R0C-01588,SCR-WEB-400,8,STRONG,USER_ACTION,"paragraph 84",False
REQ-R0C-01589,SCR-VIR-720,6,STRONG,BUSINESS_REQUIREMENT,"paragraph 98",False
REQ-R0C-01590,SCR-WEB-120,6,STRONG,BUSINESS_RULE,"paragraph 104",False
REQ-R0C-01591,SCR-WEB-400,7,STRONG,USER_ACTION,"paragraph 107",False
REQ-R0C-01592,SCR-ADM-020,2,WEAK,BUSINESS_RULE,"paragraph 111",False
REQ-R0C-01593,SCR-ADM-051,4,WEAK,BUSINESS_REQUIREMENT,"paragraph 113",False
REQ-R0C-01594,SCR-WEB-120,6,STRONG,BUSINESS_RULE,"paragraph 116",False
REQ-R0C-01595,SCR-ADM-051,4,WEAK,BUSINESS_REQUIREMENT,"paragraph 125",False
REQ-R0C-01596,SCR-ADM-060,9,STRONG,BUSINESS_REQUIREMENT,"table 1, row 6, cell 2",False
REQ-R0C-01597,SCR-ADM-040,5,WEAK,BUSINESS_REQUIREMENT,"table 1, row 7, cell 2",False
REQ-R0C-01598,SCR-ADM-001,2,WEAK,BUSINESS_RULE,"table 1, row 9, cell 2",False
REQ-R0C-01599,SCR-ADM-041,4,WEAK,BUSINESS_RULE,"table 1, row 13, cell 2",False
REQ-R0C-01600,SCR-WEB-400,6,STRONG,USER_ACTION,"table 2, row 2, cell 2",False
REQ-R0C-01601,SCR-WEB-400,8,STRONG,BUSINESS_REQUIREMENT,"table 4, row 2, cell 1",False
REQ-R0C-01602,SCR-WEB-400,8,STRONG,BUSINESS_REQUIREMENT,"table 4, row 2, cell 2",False
REQ-R0C-01603,SCR-WEB-400,10,STRONG,BUSINESS_REQUIREMENT,"table 4, row 3, cell 2",False
REQ-R0C-01604,SCR-ADM-040,2,WEAK,BUSINESS_REQUIREMENT,"table 4, row 5, cell 1",False
REQ-R0C-01605,SCR-ADM-060,9,STRONG,BUSINESS_REQUIREMENT,"table 4, row 5, cell 2",False
REQ-R0C-01606,SCR-ADM-040,2,WEAK,BUSINESS_REQUIREMENT,"table 5, row 7, cell 5",False
REQ-R0C-01607,SCR-ADM-040,2,WEAK,BUSINESS_REQUIREMENT,"table 5, row 10, cell 6",False
REQ-R0C-01608,SCR-WEB-400,8,STRONG,BUSINESS_REQUIREMENT,"table 7, row 2, cell 2",False
REQ-R0C-01609,SCR-ADM-060,9,STRONG,BUSINESS_REQUIREMENT,"table 7, row 3, cell 1",False
REQ-R0C-01610,SCR-ADM-060,9,STRONG,BUSINESS_REQUIREMENT,"table 7, row 3, cell 2",False
REQ-R0C-01611,SCR-WEB-400,10,STRONG,BUSINESS_REQUIREMENT,"table 7, row 4, cell 2",False
REQ-R0C-01612,SCR-WEB-400,6,STRONG,BUSINESS_REQUIREMENT,"table 7, row 6, cell 3",False
REQ-R0C-01613,SCR-ADM-040,2,WEAK,BUSINESS_REQUIREMENT,"table 8, row 2, cell 5",False
REQ-R0C-01614,SCR-ADM-040,2,WEAK,BUSINESS_REQUIREMENT,"table 12, row 2, cell 5",False
REQ-R0C-01615,SCR-ADM-040,4,WEAK,BUSINESS_REQUIREMENT,"table 12, row 3, cell 5",False
REQ-R0C-01616,SCR-ADM-040,2,WEAK,BUSINESS_REQUIREMENT,"table 12, row 4, cell 5",False
REQ-R0C-01617,SCR-ADM-040,2,WEAK,BUSINESS_REQUIREMENT,"table 15, row 2, cell 1",False
REQ-R0C-01618,SCR-WEB-400,8,STRONG,BUSINESS_REQUIREMENT,"table 15, row 2, cell 2",False
REQ-R0C-01619,SCR-WEB-400,10,STRONG,BUSINESS_REQUIREMENT,"table 15, row 3, cell 2",False
REQ-R0C-01620,SCR-ADM-040,2,WEAK,BUSINESS_REQUIREMENT,"table 15, row 5, cell 1",False
REQ-R0C-01621,SCR-WEB-400,8,STRONG,BUSINESS_REQUIREMENT,"table 15, row 5, cell 2",False
REQ-R0C-01622,SCR-ADM-060,7,STRONG,BUSINESS_REQUIREMENT,"paragraph 1",False
REQ-R0C-01623,SCR-ADM-010,17,STRONG,BUSINESS_REQUIREMENT,"paragraph 3",False
REQ-R0C-01624,SCR-WEB-130,3,WEAK,BUSINESS_REQUIREMENT,"paragraph 4",False
REQ-R0C-01625,SCR-ADM-010,11,STRONG,BUSINESS_REQUIREMENT,"paragraph 7",False
REQ-R0C-01626,SCR-ADM-010,10,STRONG,BUSINESS_REQUIREMENT,"paragraph 12",False
REQ-R0C-01627,SCR-ADM-010,10,STRONG,BUSINESS_RULE,"paragraph 14",False
REQ-R0C-01628,SCR-ADM-010,8,STRONG,BUSINESS_REQUIREMENT,"paragraph 21",False
REQ-R0C-01629,SCR-ADM-010,9,STRONG,BUSINESS_REQUIREMENT,"paragraph 22",False
REQ-R0C-01630,SCR-ADM-010,10,STRONG,BUSINESS_REQUIREMENT,"paragraph 29",False
REQ-R0C-01631,SCR-ADM-010,8,STRONG,BUSINESS_REQUIREMENT,"paragraph 35",False
REQ-R0C-01632,SCR-ADM-060,7,STRONG,BUSINESS_REQUIREMENT,"paragraph 43",False
REQ-R0C-01633,SCR-ADM-010,17,STRONG,BUSINESS_REQUIREMENT,"paragraph 45",False
REQ-R0C-01634,SCR-ADM-060,7,STRONG,BUSINESS_REQUIREMENT,"paragraph 46",False
REQ-R0C-01635,SCR-ADM-010,10,STRONG,BUSINESS_REQUIREMENT,"paragraph 55",False
REQ-R0C-01636,SCR-ADM-010,11,STRONG,BUSINESS_REQUIREMENT,"paragraph 56",False
REQ-R0C-01637,SCR-ADM-010,12,STRONG,BUSINESS_REQUIREMENT,"paragraph 61",False
REQ-R0C-01638,SCR-ADM-060,8,STRONG,BUSINESS_REQUIREMENT,"paragraph 62",False
REQ-R0C-01639,SCR-ADM-020,9,STRONG,BUSINESS_RULE,"paragraph 63",False
REQ-R0C-01640,SCR-ADM-010,10,STRONG,BUSINESS_REQUIREMENT,"paragraph 66",False
REQ-R0C-01641,SCR-ADM-010,13,STRONG,BUSINESS_REQUIREMENT,"paragraph 69",False
REQ-R0C-01642,SCR-ADM-010,10,STRONG,BUSINESS_REQUIREMENT,"paragraph 70",False
REQ-R0C-01643,SCR-ADM-010,10,STRONG,BUSINESS_RULE,"paragraph 71",False
REQ-R0C-01644,SCR-ADM-010,12,STRONG,BUSINESS_REQUIREMENT,"paragraph 72",False
REQ-R0C-01645,SCR-ADM-010,8,STRONG,BUSINESS_REQUIREMENT,"paragraph 84",False
REQ-R0C-01646,SCR-ADM-010,13,STRONG,BUSINESS_REQUIREMENT,"paragraph 85",False
REQ-R0C-01647,SCR-ADM-010,10,STRONG,BUSINESS_REQUIREMENT,"paragraph 88",False
REQ-R0C-01648,SCR-ADM-010,12,STRONG,BUSINESS_REQUIREMENT,"paragraph 89",False
REQ-R0C-01649,SCR-ADM-010,2,WEAK,BUSINESS_REQUIREMENT,"paragraph 90",False
REQ-R0C-01650,SCR-ADM-020,2,WEAK,BUSINESS_RULE,"paragraph 91",False
REQ-R0C-01651,SCR-ADM-010,8,STRONG,BUSINESS_REQUIREMENT,"paragraph 94",False
REQ-R0C-01652,SCR-ADM-030,2,WEAK,BUSINESS_REQUIREMENT,"paragraph 95",False
REQ-R0C-01653,SCR-ADM-020,8,STRONG,BUSINESS_REQUIREMENT,"paragraph 96",False
REQ-R0C-01654,SCR-ADM-010,8,STRONG,BUSINESS_REQUIREMENT,"paragraph 99",False
REQ-R0C-01655,SCR-ADM-060,8,STRONG,BUSINESS_REQUIREMENT,"paragraph 104",False
REQ-R0C-01656,SCR-ADM-010,8,STRONG,BUSINESS_RULE,"paragraph 105",False
REQ-R0C-01657,SCR-ADM-010,10,STRONG,BUSINESS_REQUIREMENT,"paragraph 107",False
REQ-R0C-01658,SCR-ADM-010,8,STRONG,BUSINESS_REQUIREMENT,"paragraph 117",False
REQ-R0C-01659,SCR-ADM-020,9,STRONG,BUSINESS_REQUIREMENT,"paragraph 125",False
REQ-R0C-01660,SCR-ADM-020,11,STRONG,BUSINESS_REQUIREMENT,"paragraph 126",False
REQ-R0C-01661,SCR-ADM-040,2,WEAK,BUSINESS_REQUIREMENT,"paragraph 128",False
REQ-R0C-01662,SCR-VIR-720,6,STRONG,BUSINESS_REQUIREMENT,"paragraph 131",False
REQ-R0C-01663,SCR-ADM-020,8,STRONG,BUSINESS_REQUIREMENT,"paragraph 132",False
REQ-R0C-01664,SCR-VIR-720,6,STRONG,BUSINESS_REQUIREMENT,"paragraph 133",False
REQ-R0C-01665,SCR-ADM-020,10,STRONG,BUSINESS_RULE,"paragraph 136",False
REQ-R0C-01666,SCR-ADM-060,7,STRONG,BUSINESS_REQUIREMENT,"paragraph 137",False
REQ-R0C-01667,SCR-WEB-130,3,WEAK,BUSINESS_REQUIREMENT,"paragraph 138",False
REQ-R0C-01668,SCR-ADM-020,15,STRONG,USER_ACTION,"paragraph 140",False
REQ-R0C-01669,SCR-ADM-020,13,STRONG,BUSINESS_REQUIREMENT,"paragraph 141",False
REQ-R0C-01670,SCR-ADM-020,13,STRONG,BUSINESS_REQUIREMENT,"paragraph 145",False
REQ-R0C-01671,SCR-ADM-020,11,STRONG,BUSINESS_REQUIREMENT,"paragraph 147",False
REQ-R0C-01672,SCR-ADM-020,10,STRONG,BUSINESS_REQUIREMENT,"paragraph 148",False
REQ-R0C-01673,SCR-ADM-060,8,STRONG,BUSINESS_REQUIREMENT,"paragraph 149",False
REQ-R0C-01674,SCR-ADM-020,12,STRONG,BUSINESS_REQUIREMENT,"paragraph 160",False
REQ-R0C-01675,SCR-ADM-020,17,STRONG,BUSINESS_RULE,"paragraph 161",False
REQ-R0C-01676,SCR-ADM-020,6,STRONG,BUSINESS_REQUIREMENT,"paragraph 164",False
REQ-R0C-01677,SCR-VIR-720,12,STRONG,BUSINESS_REQUIREMENT,"paragraph 165",False
REQ-R0C-01678,SCR-ADM-020,12,STRONG,USER_ACTION,"paragraph 166",False
REQ-R0C-01679,SCR-ADM-040,7,STRONG,BUSINESS_REQUIREMENT,"paragraph 171",False
REQ-R0C-01680,SCR-ADM-020,14,STRONG,USER_ACTION,"paragraph 172",False
REQ-R0C-01681,SCR-ADM-040,10,STRONG,BUSINESS_REQUIREMENT,"paragraph 177",False
REQ-R0C-01682,SCR-WEB-400,4,WEAK,BUSINESS_REQUIREMENT,"paragraph 178",False
REQ-R0C-01683,SCR-ADM-031,9,STRONG,BUSINESS_REQUIREMENT,"paragraph 181",False
REQ-R0C-01684,SCR-ADM-060,7,STRONG,BUSINESS_REQUIREMENT,"paragraph 182",False
REQ-R0C-01685,SCR-WEB-130,3,WEAK,BUSINESS_REQUIREMENT,"paragraph 183",False
REQ-R0C-01686,SCR-ADM-020,16,STRONG,BUSINESS_REQUIREMENT,"paragraph 184",False
REQ-R0C-01687,SCR-ADM-020,18,STRONG,BUSINESS_RULE,"paragraph 197",False
REQ-R0C-01688,SCR-ADM-040,13,STRONG,BUSINESS_REQUIREMENT,"paragraph 199",False
REQ-R0C-01689,SCR-ADM-040,11,STRONG,BUSINESS_REQUIREMENT,"paragraph 211",False
REQ-R0C-01690,SCR-ADM-040,11,STRONG,BUSINESS_REQUIREMENT,"paragraph 212",False
REQ-R0C-01691,SCR-ADM-040,12,STRONG,BUSINESS_REQUIREMENT,"paragraph 213",False
REQ-R0C-01692,SCR-ADM-040,10,STRONG,BUSINESS_REQUIREMENT,"paragraph 225",False
REQ-R0C-01693,SCR-ADM-040,11,STRONG,BUSINESS_REQUIREMENT,"paragraph 244",False
REQ-R0C-01694,SCR-ADM-040,12,STRONG,BUSINESS_REQUIREMENT,"paragraph 245",False
REQ-R0C-01695,SCR-ADM-040,10,STRONG,BUSINESS_REQUIREMENT,"paragraph 257",False
REQ-R0C-01696,SCR-ADM-040,12,STRONG,BUSINESS_REQUIREMENT,"paragraph 277",False
REQ-R0C-01697,SCR-ADM-040,13,STRONG,BUSINESS_REQUIREMENT,"paragraph 278",False
REQ-R0C-01698,SCR-ADM-031,9,STRONG,BUSINESS_REQUIREMENT,"paragraph 289",False
REQ-R0C-01699,SCR-ADM-020,8,STRONG,BUSINESS_REQUIREMENT,"paragraph 300",False
REQ-R0C-01700,SCR-WEB-400,10,STRONG,BUSINESS_REQUIREMENT,"paragraph 320",False
REQ-R0C-01701,SCR-ADM-040,10,STRONG,BUSINESS_REQUIREMENT,"paragraph 331",False
REQ-R0C-01702,SCR-ADM-040,13,STRONG,BUSINESS_REQUIREMENT,"paragraph 352",False
REQ-R0C-01703,SCR-ADM-031,9,STRONG,BUSINESS_REQUIREMENT,"paragraph 360",False
REQ-R0C-01704,SCR-ADM-001,6,STRONG,BUSINESS_REQUIREMENT,"paragraph 363",False
REQ-R0C-01705,SCR-ADM-040,10,STRONG,BUSINESS_REQUIREMENT,"paragraph 385",False
REQ-R0C-01706,SCR-ADM-041,11,STRONG,BUSINESS_REQUIREMENT,"paragraph 395",False
REQ-R0C-01707,SCR-ADM-040,10,STRONG,BUSINESS_REQUIREMENT,"paragraph 397",False
REQ-R0C-01708,SCR-ADM-040,8,STRONG,USER_ACTION,"paragraph 404",False
REQ-R0C-01709,SCR-ADM-060,7,STRONG,BUSINESS_REQUIREMENT,"paragraph 415",False
REQ-R0C-01710,SCR-ADM-041,8,STRONG,BUSINESS_REQUIREMENT,"paragraph 416",False
REQ-R0C-01711,SCR-ADM-040,10,STRONG,BUSINESS_REQUIREMENT,"paragraph 417",False
REQ-R0C-01712,SCR-ADM-041,10,STRONG,BUSINESS_REQUIREMENT,"paragraph 420",False
REQ-R0C-01713,SCR-ADM-051,4,WEAK,BUSINESS_REQUIREMENT,"paragraph 422",False
REQ-R0C-01714,SCR-ADM-020,2,WEAK,BUSINESS_REQUIREMENT,"paragraph 423",False
REQ-R0C-01715,SCR-ADM-020,2,WEAK,BUSINESS_REQUIREMENT,"paragraph 424",False
REQ-R0C-01716,SCR-ADM-041,11,STRONG,BUSINESS_REQUIREMENT,"paragraph 426",False
REQ-R0C-01717,SCR-ADM-041,10,STRONG,BUSINESS_REQUIREMENT,"paragraph 429",False
REQ-R0C-01718,SCR-ADM-080,5,WEAK,BUSINESS_REQUIREMENT,"paragraph 432",False
REQ-R0C-01719,SCR-ADM-041,10,STRONG,USER_ACTION,"paragraph 433",False
REQ-R0C-01720,SCR-ADM-051,4,WEAK,USER_ACTION,"paragraph 434",False
REQ-R0C-01721,SCR-WEB-130,4,WEAK,BUSINESS_REQUIREMENT,"paragraph 435",False
REQ-R0C-01722,SCR-ADM-041,9,STRONG,BUSINESS_REQUIREMENT,"paragraph 436",False
REQ-R0C-01723,SCR-ADM-041,9,STRONG,BUSINESS_REQUIREMENT,"paragraph 438",False
REQ-R0C-01724,SCR-ADM-041,8,STRONG,BUSINESS_REQUIREMENT,"paragraph 439",False
REQ-R0C-01725,SCR-ADM-041,8,STRONG,BUSINESS_REQUIREMENT,"paragraph 440",False
REQ-R0C-01726,SCR-ADM-041,12,STRONG,BUSINESS_REQUIREMENT,"paragraph 448",False
REQ-R0C-01727,SCR-ADM-040,7,STRONG,BUSINESS_REQUIREMENT,"paragraph 453",False
REQ-R0C-01728,SCR-ADM-020,14,STRONG,USER_ACTION,"paragraph 454",False
REQ-R0C-01729,SCR-ADM-040,10,STRONG,BUSINESS_REQUIREMENT,"paragraph 459",False
REQ-R0C-01730,SCR-WEB-400,4,WEAK,BUSINESS_REQUIREMENT,"paragraph 460",False
REQ-R0C-01731,SCR-ADM-031,9,STRONG,BUSINESS_REQUIREMENT,"paragraph 463",False
REQ-R0C-01732,SCR-ADM-060,7,STRONG,BUSINESS_REQUIREMENT,"paragraph 464",False
REQ-R0C-01733,SCR-WEB-130,3,WEAK,BUSINESS_REQUIREMENT,"paragraph 465",False
REQ-R0C-01734,SCR-ADM-020,16,STRONG,BUSINESS_REQUIREMENT,"paragraph 468",False
REQ-R0C-01735,SCR-ADM-020,18,STRONG,BUSINESS_RULE,"paragraph 481",False
REQ-R0C-01736,SCR-ADM-040,13,STRONG,BUSINESS_REQUIREMENT,"paragraph 484",False
REQ-R0C-01737,SCR-ADM-040,11,STRONG,BUSINESS_REQUIREMENT,"paragraph 495",False
REQ-R0C-01738,SCR-ADM-040,11,STRONG,BUSINESS_REQUIREMENT,"paragraph 498",False
REQ-R0C-01739,SCR-ADM-040,12,STRONG,BUSINESS_REQUIREMENT,"paragraph 499",False
REQ-R0C-01740,SCR-ADM-040,10,STRONG,BUSINESS_REQUIREMENT,"paragraph 511",False
REQ-R0C-01741,SCR-ADM-040,12,STRONG,BUSINESS_REQUIREMENT,"paragraph 531",False
REQ-R0C-01742,SCR-ADM-040,13,STRONG,BUSINESS_REQUIREMENT,"paragraph 532",False
REQ-R0C-01743,SCR-ADM-031,9,STRONG,BUSINESS_REQUIREMENT,"paragraph 543",False
REQ-R0C-01744,SCR-ADM-020,8,STRONG,BUSINESS_REQUIREMENT,"paragraph 548",False
REQ-R0C-01745,SCR-WEB-400,10,STRONG,BUSINESS_REQUIREMENT,"paragraph 568",False
REQ-R0C-01746,SCR-ADM-040,10,STRONG,BUSINESS_REQUIREMENT,"paragraph 579",False
REQ-R0C-01747,SCR-ADM-040,13,STRONG,BUSINESS_REQUIREMENT,"paragraph 600",False
REQ-R0C-01748,SCR-ADM-031,9,STRONG,BUSINESS_REQUIREMENT,"paragraph 608",False
REQ-R0C-01749,SCR-ADM-001,6,STRONG,BUSINESS_REQUIREMENT,"paragraph 611",False
REQ-R0C-01750,SCR-ADM-040,12,STRONG,BUSINESS_REQUIREMENT,"paragraph 612",False
REQ-R0C-01751,SCR-ADM-040,11,STRONG,BUSINESS_REQUIREMENT,"paragraph 647",False
REQ-R0C-01752,SCR-ADM-040,10,STRONG,BUSINESS_REQUIREMENT,"paragraph 669",False
REQ-R0C-01753,SCR-ADM-040,10,STRONG,BUSINESS_REQUIREMENT,"paragraph 711",False
REQ-R0C-01754,SCR-ADM-041,12,STRONG,BUSINESS_REQUIREMENT,"paragraph 721",False
REQ-R0C-01755,SCR-ADM-040,10,STRONG,BUSINESS_REQUIREMENT,"paragraph 773",False
REQ-R0C-01756,SCR-ADM-040,10,STRONG,BUSINESS_REQUIREMENT,"paragraph 779",False
REQ-R0C-01757,SCR-ADM-020,2,WEAK,BUSINESS_REQUIREMENT,"paragraph 781",False
REQ-R0C-01758,SCR-ADM-031,9,STRONG,BUSINESS_REQUIREMENT,"paragraph 783",False
REQ-R0C-01759,SCR-ADM-040,10,STRONG,BUSINESS_REQUIREMENT,"paragraph 784",False
REQ-R0C-01760,SCR-ADM-040,10,STRONG,BUSINESS_REQUIREMENT,"paragraph 789",False
REQ-R0C-01761,SCR-ADM-041,8,STRONG,BUSINESS_REQUIREMENT,"paragraph 807",False
REQ-R0C-01762,SCR-ADM-041,8,STRONG,BUSINESS_REQUIREMENT,"paragraph 817",False
REQ-R0C-01763,SCR-WEB-130,6,STRONG,BUSINESS_REQUIREMENT,"paragraph 853",False
REQ-R0C-01764,SCR-WEB-400,10,STRONG,BUSINESS_REQUIREMENT,"paragraph 857",False
REQ-R0C-01765,SCR-ADM-041,11,STRONG,BUSINESS_REQUIREMENT,"paragraph 877",False
REQ-R0C-01766,SCR-ADM-040,10,STRONG,BUSINESS_REQUIREMENT,"paragraph 879",False
REQ-R0C-01767,SCR-ADM-040,8,STRONG,USER_ACTION,"paragraph 886",False
REQ-R0C-01768,SCR-ADM-060,7,STRONG,BUSINESS_REQUIREMENT,"paragraph 897",False
REQ-R0C-01769,SCR-ADM-041,8,STRONG,BUSINESS_REQUIREMENT,"paragraph 898",False
REQ-R0C-01770,SCR-ADM-040,10,STRONG,BUSINESS_REQUIREMENT,"paragraph 901",False
REQ-R0C-01771,SCR-ADM-041,10,STRONG,BUSINESS_REQUIREMENT,"paragraph 904",False
REQ-R0C-01772,SCR-ADM-051,4,WEAK,BUSINESS_REQUIREMENT,"paragraph 906",False
REQ-R0C-01773,SCR-ADM-020,2,WEAK,BUSINESS_REQUIREMENT,"paragraph 907",False
REQ-R0C-01774,SCR-ADM-020,2,WEAK,BUSINESS_REQUIREMENT,"paragraph 908",False
REQ-R0C-01775,SCR-ADM-041,11,STRONG,BUSINESS_REQUIREMENT,"paragraph 911",False
REQ-R0C-01776,SCR-ADM-041,10,STRONG,BUSINESS_REQUIREMENT,"paragraph 914",False
REQ-R0C-01777,SCR-ADM-080,5,WEAK,BUSINESS_REQUIREMENT,"paragraph 917",False
REQ-R0C-01778,SCR-ADM-041,10,STRONG,USER_ACTION,"paragraph 918",False
REQ-R0C-01779,SCR-ADM-051,4,WEAK,USER_ACTION,"paragraph 919",False
REQ-R0C-01780,SCR-WEB-130,4,WEAK,BUSINESS_REQUIREMENT,"paragraph 920",False
REQ-R0C-01781,SCR-ADM-041,9,STRONG,BUSINESS_REQUIREMENT,"paragraph 921",False
REQ-R0C-01782,SCR-ADM-041,9,STRONG,BUSINESS_REQUIREMENT,"paragraph 924",False
REQ-R0C-01783,SCR-ADM-041,8,STRONG,BUSINESS_REQUIREMENT,"paragraph 925",False
REQ-R0C-01784,SCR-ADM-041,8,STRONG,BUSINESS_REQUIREMENT,"paragraph 926",False
REQ-R0C-01785,SCR-ADM-041,12,STRONG,BUSINESS_REQUIREMENT,"paragraph 934",False
REQ-R0C-01786,SCR-ADM-020,14,STRONG,USER_ACTION,"paragraph 948",False
REQ-R0C-01787,SCR-ADM-041,8,STRONG,BUSINESS_REQUIREMENT,"paragraph 949",False
REQ-R0C-01788,SCR-ADM-041,9,STRONG,BUSINESS_REQUIREMENT,"paragraph 950",False
REQ-R0C-01789,SCR-WEB-400,8,STRONG,BUSINESS_REQUIREMENT,"paragraph 955",False
REQ-R0C-01790,SCR-ADM-041,8,STRONG,BUSINESS_REQUIREMENT,"paragraph 965",False
REQ-R0C-01791,SCR-ADM-041,10,STRONG,USER_ACTION,"paragraph 971",False
REQ-R0C-01792,SCR-ADM-040,2,WEAK,BUSINESS_REQUIREMENT,"paragraph 979",False
REQ-R0C-01793,SCR-ADM-040,2,WEAK,BUSINESS_REQUIREMENT,"paragraph 991",False
REQ-R0C-01794,SCR-ADM-040,2,WEAK,BUSINESS_REQUIREMENT,"paragraph 992",False
REQ-R0C-01795,SCR-ADM-040,4,WEAK,BUSINESS_REQUIREMENT,"paragraph 1008",False
REQ-R0C-01796,SCR-ADM-040,10,STRONG,USER_ACTION,"paragraph 1017",False
REQ-R0C-01797,SCR-ADM-041,10,STRONG,BUSINESS_RULE,"paragraph 1043",False
REQ-R0C-01798,SCR-ADM-041,8,STRONG,BUSINESS_REQUIREMENT,"paragraph 1044",False
REQ-R0C-01799,SCR-ADM-041,8,STRONG,BUSINESS_REQUIREMENT,"paragraph 1047",False
REQ-R0C-01800,SCR-ADM-041,12,STRONG,USER_ACTION,"paragraph 1066",False
REQ-R0C-01801,SCR-ADM-031,6,STRONG,USER_ACTION,"paragraph 1069",False
REQ-R0C-01802,SCR-ADM-041,10,STRONG,USER_ACTION,"paragraph 1070",False
REQ-R0C-01803,SCR-VIR-720,8,STRONG,BUSINESS_REQUIREMENT,"paragraph 1082",False
REQ-R0C-01804,SCR-WEB-140,6,STRONG,BUSINESS_RULE,"paragraph 1088",False
REQ-R0C-01805,SCR-ADM-010,13,STRONG,BUSINESS_REQUIREMENT,"paragraph 1089",False
REQ-R0C-01806,SCR-WEB-310,6,STRONG,BUSINESS_REQUIREMENT,"paragraph 1096",False
REQ-R0C-01807,SCR-ADM-060,4,WEAK,BUSINESS_REQUIREMENT,"paragraph 1102",False
REQ-R0C-01808,SCR-ADM-001,2,WEAK,BUSINESS_RULE,"paragraph 1103",False
REQ-R0C-01809,SCR-WEB-320,4,WEAK,BUSINESS_REQUIREMENT,"paragraph 1104",False
REQ-R0C-01810,SCR-WEB-130,6,STRONG,BUSINESS_REQUIREMENT,"paragraph 1106",False
REQ-R0C-01811,SCR-ADM-060,4,WEAK,BUSINESS_REQUIREMENT,"paragraph 1109",False
REQ-R0C-01812,SCR-ADM-040,2,WEAK,BUSINESS_REQUIREMENT,"paragraph 1110",False
REQ-R0C-01813,SCR-ADM-040,2,WEAK,BUSINESS_REQUIREMENT,"paragraph 1111",False
REQ-R0C-01814,SCR-WEB-150,8,STRONG,BUSINESS_REQUIREMENT,"paragraph 1112",False
REQ-R0C-01815,SCR-ADM-040,4,WEAK,BUSINESS_REQUIREMENT,"paragraph 1114",False
REQ-R0C-01816,SCR-WEB-300,5,WEAK,BUSINESS_REQUIREMENT,"paragraph 1115",False
REQ-R0C-01817,SCR-ADM-040,6,STRONG,BUSINESS_REQUIREMENT,"paragraph 1201",False
REQ-R0C-01818,SCR-ADM-010,10,STRONG,USER_ACTION,"paragraph 1209",False
REQ-R0C-01819,SCR-ADM-010,8,STRONG,BUSINESS_REQUIREMENT,"paragraph 1211",False
REQ-R0C-01820,SCR-ADM-010,10,STRONG,BUSINESS_REQUIREMENT,"paragraph 1212",False
REQ-R0C-01821,SCR-ADM-010,8,STRONG,BUSINESS_RULE,"paragraph 1213",False
REQ-R0C-01822,SCR-ADM-020,6,STRONG,BUSINESS_REQUIREMENT,"paragraph 1214",False
REQ-R0C-01823,SCR-VIR-720,8,STRONG,BUSINESS_REQUIREMENT,"paragraph 1215",False
REQ-R0C-01824,SCR-ADM-041,6,STRONG,USER_ACTION,"paragraph 1227",False
REQ-R0C-01825,SCR-ADM-020,14,STRONG,BUSINESS_REQUIREMENT,"paragraph 1229",False
REQ-R0C-01826,SCR-ADM-020,14,STRONG,BUSINESS_REQUIREMENT,"paragraph 1230",False
REQ-R0C-01827,SCR-ADM-020,12,STRONG,BUSINESS_REQUIREMENT,"paragraph 1233",False
REQ-R0C-01828,SCR-ADM-020,4,WEAK,BUSINESS_REQUIREMENT,"paragraph 1240",False
REQ-R0C-01829,SCR-ADM-041,12,STRONG,BUSINESS_RULE,"paragraph 1254",False
REQ-R0C-01830,SCR-ADM-040,10,STRONG,BUSINESS_REQUIREMENT,"paragraph 1255",False
REQ-R0C-01831,SCR-ADM-040,12,STRONG,BUSINESS_REQUIREMENT,"paragraph 1257",False
REQ-R0C-01832,SCR-ADM-020,16,STRONG,BUSINESS_RULE,"paragraph 1272",False
REQ-R0C-01833,SCR-ADM-031,4,WEAK,BUSINESS_REQUIREMENT,"paragraph 1275",False
REQ-R0C-01834,SCR-WEB-130,4,WEAK,BUSINESS_REQUIREMENT,"paragraph 1281",False
REQ-R0C-01835,SCR-ADM-051,4,WEAK,USER_ACTION,"paragraph 1284",False
REQ-R0C-01836,SCR-ADM-040,2,WEAK,BUSINESS_REQUIREMENT,"paragraph 1285",False
REQ-R0C-01837,SCR-ADM-031,2,WEAK,BUSINESS_REQUIREMENT,"paragraph 1288",False
REQ-R0C-01838,SCR-ADM-040,2,WEAK,BUSINESS_REQUIREMENT,"paragraph 1289",False
REQ-R0C-01839,SCR-WEB-130,6,STRONG,BUSINESS_REQUIREMENT,"paragraph 1290",False
REQ-R0C-01840,SCR-ADM-010,2,WEAK,BUSINESS_REQUIREMENT,"paragraph 1292",False
REQ-R0C-01841,SCR-ADM-040,2,WEAK,BUSINESS_REQUIREMENT,"paragraph 1293",False
REQ-R0C-01842,SCR-ADM-040,2,WEAK,BUSINESS_REQUIREMENT,"paragraph 1295",False
REQ-R0C-01843,SCR-ADM-040,2,WEAK,BUSINESS_REQUIREMENT,"paragraph 1296",False
REQ-R0C-01844,SCR-ADM-060,9,STRONG,BUSINESS_REQUIREMENT,"paragraph 1297",False
REQ-R0C-01845,SCR-WEB-310,4,WEAK,BUSINESS_REQUIREMENT,"paragraph 1303",False
REQ-R0C-01846,SCR-ADM-060,4,WEAK,BUSINESS_REQUIREMENT,"paragraph 1318",False
REQ-R0C-01847,SCR-ADM-060,4,WEAK,BUSINESS_REQUIREMENT,"paragraph 1346",False
REQ-R0C-01848,SCR-ADM-020,6,STRONG,BUSINESS_REQUIREMENT,"paragraph 1351",False
REQ-R0C-01849,SCR-ADM-040,2,WEAK,BUSINESS_REQUIREMENT,"paragraph 1352",False
REQ-R0C-01850,SCR-ADM-040,2,WEAK,BUSINESS_REQUIREMENT,"paragraph 1353",False
REQ-R0C-01851,SCR-ADM-010,8,STRONG,BUSINESS_RULE,"paragraph 1356",False
REQ-R0C-01852,SCR-ADM-020,12,STRONG,BUSINESS_RULE,"paragraph 1359",False
REQ-R0C-01853,SCR-ADM-040,2,WEAK,BUSINESS_REQUIREMENT,"paragraph 1360",False
REQ-R0C-01854,SCR-ADM-040,2,WEAK,BUSINESS_REQUIREMENT,"paragraph 1361",False
REQ-R0C-01855,SCR-ADM-040,8,STRONG,BUSINESS_RULE,"paragraph 1364",False
REQ-R0C-01856,SCR-ADM-040,2,WEAK,BUSINESS_REQUIREMENT,"paragraph 1365",False
REQ-R0C-01857,SCR-ADM-041,8,STRONG,BUSINESS_REQUIREMENT,"paragraph 1369",False
REQ-R0C-01858,SCR-WEB-310,4,WEAK,BUSINESS_REQUIREMENT,"paragraph 1373",False
REQ-R0C-01859,SCR-ADM-001,2,WEAK,BUSINESS_REQUIREMENT,"paragraph 1378",False
REQ-R0C-01860,SCR-ADM-040,2,WEAK,BUSINESS_REQUIREMENT,"paragraph 1379",False
REQ-R0C-01861,SCR-ADM-040,2,WEAK,BUSINESS_REQUIREMENT,"paragraph 1380",False
REQ-R0C-01862,SCR-ADM-040,2,WEAK,BUSINESS_REQUIREMENT,"paragraph 1381",False
REQ-R0C-01863,SCR-ADM-060,6,STRONG,BUSINESS_REQUIREMENT,"paragraph 1382",False
REQ-R0C-01864,SCR-ADM-040,2,WEAK,BUSINESS_REQUIREMENT,"paragraph 1383",False
REQ-R0C-01865,SCR-ADM-051,4,WEAK,USER_ACTION,"paragraph 1392",False
REQ-R0C-01866,SCR-WEB-130,6,STRONG,BUSINESS_REQUIREMENT,"paragraph 1394",False
REQ-R0C-01867,SCR-ADM-011,2,WEAK,BUSINESS_REQUIREMENT,"paragraph 1399",False
REQ-R0C-01868,SCR-ADM-060,4,WEAK,BUSINESS_REQUIREMENT,"paragraph 1412",False
REQ-R0C-01869,SCR-ADM-060,4,WEAK,BUSINESS_REQUIREMENT,"paragraph 1413",False
REQ-R0C-01870,SCR-WEB-130,6,STRONG,BUSINESS_REQUIREMENT,"paragraph 1414",False
REQ-R0C-01871,SCR-WEB-150,8,STRONG,BUSINESS_REQUIREMENT,"paragraph 1415",False
REQ-R0C-01872,SCR-ADM-060,4,WEAK,BUSINESS_REQUIREMENT,"paragraph 1418",False
REQ-R0C-01873,SCR-ADM-040,2,WEAK,BUSINESS_REQUIREMENT,"paragraph 1419",False
REQ-R0C-01874,SCR-WEB-300,5,WEAK,BUSINESS_REQUIREMENT,"paragraph 1420",False
REQ-R0C-01875,SCR-ADM-060,4,WEAK,BUSINESS_REQUIREMENT,"paragraph 1422",False
REQ-R0C-01876,SCR-ADM-001,2,WEAK,BUSINESS_RULE,"paragraph 1423",False
REQ-R0C-01877,SCR-ADM-041,4,WEAK,BUSINESS_RULE,"paragraph 1424",False
REQ-R0C-01878,SCR-ADM-040,2,WEAK,BUSINESS_REQUIREMENT,"paragraph 1425",False
REQ-R0C-01879,SCR-ADM-060,4,WEAK,BUSINESS_REQUIREMENT,"paragraph 1431",False
REQ-R0C-01880,SCR-ADM-060,4,WEAK,BUSINESS_REQUIREMENT,"paragraph 1432",False
REQ-R0C-01881,SCR-ADM-010,8,STRONG,BUSINESS_REQUIREMENT,"paragraph 1433",False
REQ-R0C-01882,SCR-ADM-001,2,WEAK,BUSINESS_REQUIREMENT,"paragraph 1434",False
REQ-R0C-01883,SCR-ADM-010,5,WEAK,BUSINESS_REQUIREMENT,"paragraph 1437",False
REQ-R0C-01884,SCR-WEB-130,6,STRONG,BUSINESS_REQUIREMENT,"paragraph 1450",False
REQ-R0C-01885,SCR-WEB-400,4,WEAK,BUSINESS_REQUIREMENT,"paragraph 1451",False
REQ-R0C-01886,SCR-ADM-040,2,WEAK,BUSINESS_REQUIREMENT,"paragraph 1452",False
REQ-R0C-01887,SCR-WEB-150,8,STRONG,BUSINESS_REQUIREMENT,"paragraph 1453",False
REQ-R0C-01888,SCR-ADM-041,10,STRONG,BUSINESS_RULE,"paragraph 1482",False
REQ-R0C-01889,SCR-VIR-720,6,STRONG,BUSINESS_REQUIREMENT,"paragraph 1483",False
REQ-R0C-01890,SCR-ADM-010,10,STRONG,BUSINESS_REQUIREMENT,"paragraph 1489",False
REQ-R0C-01891,SCR-ADM-060,6,STRONG,BUSINESS_REQUIREMENT,"paragraph 1490",False
REQ-R0C-01892,SCR-ADM-060,4,WEAK,BUSINESS_REQUIREMENT,"paragraph 1492",False
REQ-R0C-01893,SCR-ADM-040,10,STRONG,BUSINESS_REQUIREMENT,"paragraph 1496",False
REQ-R0C-01894,SCR-ADM-060,4,WEAK,BUSINESS_REQUIREMENT,"paragraph 1498",False
REQ-R0C-01895,SCR-ADM-060,8,STRONG,BUSINESS_REQUIREMENT,"paragraph 1504",False
REQ-R0C-01896,SCR-WEB-130,6,STRONG,BUSINESS_REQUIREMENT,"paragraph 1505",False
REQ-R0C-01897,SCR-ADM-051,4,WEAK,USER_ACTION,"table 1, row 2, cell 7",False
REQ-R0C-01898,SCR-ADM-060,4,WEAK,BUSINESS_REQUIREMENT,"table 3, row 6, cell 1",False
REQ-R0C-01899,SCR-ADM-060,4,WEAK,BUSINESS_REQUIREMENT,"table 3, row 7, cell 1",False
REQ-R0C-01900,SCR-ADM-010,10,STRONG,BUSINESS_REQUIREMENT,"table 3, row 7, cell 2",False
REQ-R0C-01901,SCR-ADM-020,6,STRONG,BUSINESS_REQUIREMENT,"table 3, row 8, cell 2",False
REQ-R0C-01902,SCR-ADM-010,10,STRONG,BUSINESS_REQUIREMENT,"table 3, row 9, cell 2",False
REQ-R0C-01903,SCR-ADM-010,9,STRONG,BUSINESS_REQUIREMENT,"table 4, row 2, cell 2",False
REQ-R0C-01904,SCR-ADM-010,8,STRONG,BUSINESS_REQUIREMENT,"table 4, row 3, cell 2",False
REQ-R0C-01905,SCR-ADM-030,6,STRONG,BUSINESS_REQUIREMENT,"table 4, row 4, cell 2",False
REQ-R0C-01906,SCR-ADM-010,10,STRONG,BUSINESS_REQUIREMENT,"table 4, row 5, cell 2",False
REQ-R0C-01907,SCR-ADM-010,10,STRONG,BUSINESS_RULE,"table 4, row 6, cell 2",False
REQ-R0C-01908,SCR-ADM-010,8,STRONG,BUSINESS_REQUIREMENT,"table 4, row 7, cell 2",False
REQ-R0C-01909,SCR-ADM-010,8,STRONG,BUSINESS_RULE,"table 4, row 8, cell 2",False
REQ-R0C-01910,SCR-ADM-040,6,STRONG,BUSINESS_REQUIREMENT,"table 4, row 10, cell 2",False
REQ-R0C-01911,SCR-ADM-040,6,STRONG,BUSINESS_REQUIREMENT,"table 5, row 2, cell 2",False
REQ-R0C-01912,SCR-ADM-051,4,WEAK,USER_ACTION,"table 7, row 2, cell 7",False
REQ-R0C-01913,SCR-ADM-060,4,WEAK,BUSINESS_REQUIREMENT,"table 9, row 7, cell 1",False
REQ-R0C-01914,SCR-ADM-060,4,WEAK,BUSINESS_REQUIREMENT,"table 9, row 8, cell 1",False
REQ-R0C-01915,SCR-ADM-010,17,STRONG,BUSINESS_REQUIREMENT,"table 9, row 8, cell 2",False
REQ-R0C-01916,SCR-ADM-010,9,STRONG,BUSINESS_REQUIREMENT,"table 10, row 2, cell 2",False
REQ-R0C-01917,SCR-ADM-010,8,STRONG,USER_ACTION,"table 10, row 3, cell 2",False
REQ-R0C-01918,SCR-ADM-030,6,STRONG,BUSINESS_REQUIREMENT,"table 10, row 4, cell 2",False
REQ-R0C-01919,SCR-ADM-010,10,STRONG,BUSINESS_REQUIREMENT,"table 10, row 5, cell 2",False
REQ-R0C-01920,SCR-ADM-010,12,STRONG,BUSINESS_REQUIREMENT,"table 10, row 6, cell 2",False
REQ-R0C-01921,SCR-ADM-010,8,STRONG,BUSINESS_REQUIREMENT,"table 10, row 7, cell 2",False
REQ-R0C-01922,SCR-ADM-010,8,STRONG,BUSINESS_RULE,"table 10, row 8, cell 2",False
REQ-R0C-01923,SCR-ADM-010,10,STRONG,BUSINESS_REQUIREMENT,"table 10, row 10, cell 2",False
REQ-R0C-01924,SCR-ADM-040,6,STRONG,BUSINESS_REQUIREMENT,"table 10, row 11, cell 2",False
REQ-R0C-01925,SCR-ADM-040,6,STRONG,BUSINESS_REQUIREMENT,"table 11, row 2, cell 2",False
REQ-R0C-01926,SCR-ADM-020,10,STRONG,USER_ACTION,"table 13, row 3, cell 8",False
REQ-R0C-01927,SCR-ADM-040,2,WEAK,BUSINESS_REQUIREMENT,"table 13, row 4, cell 7",False
REQ-R0C-01928,SCR-ADM-020,10,STRONG,BUSINESS_REQUIREMENT,"table 13, row 6, cell 6",False
REQ-R0C-01929,SCR-ADM-020,10,STRONG,BUSINESS_REQUIREMENT,"table 13, row 6, cell 7",False
REQ-R0C-01930,SCR-ADM-010,10,STRONG,USER_ACTION,"table 13, row 7, cell 8",False
REQ-R0C-01931,SCR-ADM-040,2,WEAK,BUSINESS_REQUIREMENT,"table 13, row 8, cell 7",False
REQ-R0C-01932,SCR-ADM-020,10,STRONG,BUSINESS_REQUIREMENT,"table 13, row 9, cell 6",False
REQ-R0C-01933,SCR-ADM-020,12,STRONG,BUSINESS_RULE,"table 13, row 9, cell 8",False
REQ-R0C-01934,SCR-ADM-040,2,WEAK,BUSINESS_REQUIREMENT,"table 13, row 10, cell 1",False
REQ-R0C-01935,SCR-ADM-040,2,WEAK,BUSINESS_REQUIREMENT,"table 13, row 10, cell 3",False
REQ-R0C-01936,SCR-ADM-020,10,STRONG,BUSINESS_REQUIREMENT,"table 13, row 10, cell 7",False
REQ-R0C-01937,SCR-ADM-020,6,STRONG,BUSINESS_REQUIREMENT,"table 13, row 10, cell 8",False
REQ-R0C-01938,SCR-ADM-030,2,WEAK,BUSINESS_REQUIREMENT,"table 13, row 12, cell 7",False
REQ-R0C-01939,SCR-VIR-720,6,STRONG,BUSINESS_REQUIREMENT,"table 13, row 13, cell 6",False
REQ-R0C-01940,SCR-ADM-020,12,STRONG,BUSINESS_REQUIREMENT,"table 13, row 13, cell 7",False
REQ-R0C-01941,SCR-ADM-020,18,STRONG,BUSINESS_RULE,"table 13, row 13, cell 8",False
REQ-R0C-01942,SCR-VIR-720,10,STRONG,BUSINESS_REQUIREMENT,"table 14, row 2, cell 7",False
REQ-R0C-01943,SCR-VIR-720,12,STRONG,USER_ACTION,"table 14, row 2, cell 8",False
REQ-R0C-01944,SCR-VIR-720,12,STRONG,BUSINESS_REQUIREMENT,"table 14, row 3, cell 7",False
REQ-R0C-01945,SCR-ADM-020,10,STRONG,BUSINESS_REQUIREMENT,"table 14, row 3, cell 8",False
REQ-R0C-01946,SCR-ADM-020,2,WEAK,BUSINESS_REQUIREMENT,"table 14, row 4, cell 8",False
REQ-R0C-01947,SCR-ADM-040,2,WEAK,BUSINESS_REQUIREMENT,"table 14, row 5, cell 7",False
REQ-R0C-01948,SCR-ADM-020,10,STRONG,USER_ACTION,"table 14, row 5, cell 8",False
REQ-R0C-01949,SCR-ADM-020,10,STRONG,BUSINESS_REQUIREMENT,"table 15, row 2, cell 2",False
REQ-R0C-01950,SCR-ADM-020,10,STRONG,USER_ACTION,"table 15, row 4, cell 2",False
REQ-R0C-01951,SCR-ADM-020,14,STRONG,BUSINESS_REQUIREMENT,"table 15, row 5, cell 2",False
REQ-R0C-01952,SCR-ADM-020,18,STRONG,BUSINESS_RULE,"table 15, row 6, cell 2",False
REQ-R0C-01953,SCR-ADM-020,4,WEAK,USER_ACTION,"table 15, row 7, cell 2",False
REQ-R0C-01954,SCR-ADM-020,6,STRONG,USER_ACTION,"table 15, row 8, cell 2",False
REQ-R0C-01955,SCR-ADM-020,6,STRONG,BUSINESS_REQUIREMENT,"table 15, row 9, cell 2",False
REQ-R0C-01956,SCR-ADM-020,6,STRONG,BUSINESS_REQUIREMENT,"table 15, row 10, cell 2",False
REQ-R0C-01957,SCR-VIR-720,6,STRONG,USER_ACTION,"table 15, row 11, cell 2",False
REQ-R0C-01958,SCR-ADM-010,8,STRONG,BUSINESS_REQUIREMENT,"table 15, row 12, cell 2",False
REQ-R0C-01959,SCR-ADM-020,10,STRONG,BUSINESS_REQUIREMENT,"table 15, row 13, cell 2",False
REQ-R0C-01960,SCR-ADM-020,10,STRONG,BUSINESS_RULE,"table 15, row 14, cell 2",False
REQ-R0C-01961,SCR-ADM-040,10,STRONG,BUSINESS_REQUIREMENT,"table 15, row 15, cell 2",False
REQ-R0C-01962,SCR-ADM-040,6,STRONG,BUSINESS_REQUIREMENT,"table 15, row 16, cell 2",False
REQ-R0C-01963,SCR-ADM-020,8,STRONG,BUSINESS_REQUIREMENT,"table 16, row 2, cell 5",False
REQ-R0C-01964,SCR-ADM-020,6,STRONG,BUSINESS_REQUIREMENT,"table 16, row 3, cell 5",False
REQ-R0C-01965,SCR-WEB-130,4,WEAK,BUSINESS_REQUIREMENT,"table 16, row 4, cell 5",False
REQ-R0C-01966,SCR-ADM-020,12,STRONG,BUSINESS_REQUIREMENT,"table 16, row 5, cell 5",False
REQ-R0C-01967,SCR-ADM-010,8,STRONG,USER_ACTION,"table 16, row 6, cell 2",False
REQ-R0C-01968,SCR-ADM-010,8,STRONG,USER_ACTION,"table 16, row 6, cell 3",False
REQ-R0C-01969,SCR-ADM-020,6,STRONG,BUSINESS_REQUIREMENT,"table 16, row 7, cell 5",False
REQ-R0C-01970,SCR-VIR-720,6,STRONG,BUSINESS_REQUIREMENT,"table 16, row 9, cell 2",False
REQ-R0C-01971,SCR-VIR-720,6,STRONG,BUSINESS_REQUIREMENT,"table 16, row 9, cell 3",False
REQ-R0C-01972,SCR-ADM-040,10,STRONG,BUSINESS_REQUIREMENT,"table 16, row 13, cell 3",False
REQ-R0C-01973,SCR-ADM-040,10,STRONG,BUSINESS_REQUIREMENT,"table 16, row 13, cell 4",False
REQ-R0C-01974,SCR-ADM-040,10,STRONG,BUSINESS_REQUIREMENT,"table 16, row 13, cell 5",False
REQ-R0C-01975,SCR-ADM-020,10,STRONG,BUSINESS_REQUIREMENT,"table 16, row 14, cell 3",False
REQ-R0C-01976,SCR-ADM-020,10,STRONG,BUSINESS_REQUIREMENT,"table 16, row 14, cell 4",False
REQ-R0C-01977,SCR-ADM-020,10,STRONG,BUSINESS_REQUIREMENT,"table 16, row 14, cell 5",False
REQ-R0C-01978,SCR-ADM-020,10,STRONG,USER_ACTION,"table 16, row 16, cell 3",False
REQ-R0C-01979,SCR-ADM-020,10,STRONG,USER_ACTION,"table 16, row 16, cell 4",False
REQ-R0C-01980,SCR-ADM-020,10,STRONG,USER_ACTION,"table 16, row 16, cell 5",False
REQ-R0C-01981,SCR-ADM-041,6,STRONG,BUSINESS_REQUIREMENT,"table 16, row 17, cell 3",False
REQ-R0C-01982,SCR-ADM-041,6,STRONG,BUSINESS_REQUIREMENT,"table 16, row 17, cell 4",False
REQ-R0C-01983,SCR-ADM-041,6,STRONG,BUSINESS_REQUIREMENT,"table 16, row 17, cell 5",False
REQ-R0C-01984,SCR-VIR-720,6,STRONG,BUSINESS_REQUIREMENT,"table 16, row 18, cell 1",False
REQ-R0C-01985,SCR-VIR-720,6,STRONG,BUSINESS_REQUIREMENT,"table 16, row 18, cell 2",False
REQ-R0C-01986,SCR-VIR-720,6,STRONG,BUSINESS_REQUIREMENT,"table 16, row 18, cell 3",False
REQ-R0C-01987,SCR-VIR-720,6,STRONG,BUSINESS_REQUIREMENT,"table 16, row 18, cell 4",False
REQ-R0C-01988,SCR-VIR-720,6,STRONG,BUSINESS_REQUIREMENT,"table 16, row 18, cell 5",False
REQ-R0C-01989,SCR-VIR-720,6,STRONG,BUSINESS_REQUIREMENT,"table 16, row 19, cell 1",False
REQ-R0C-01990,SCR-VIR-720,6,STRONG,BUSINESS_REQUIREMENT,"table 16, row 19, cell 2",False
REQ-R0C-01991,SCR-ADM-020,8,STRONG,BUSINESS_REQUIREMENT,"table 16, row 22, cell 3",False
REQ-R0C-01992,SCR-ADM-020,8,STRONG,BUSINESS_REQUIREMENT,"table 16, row 22, cell 4",False
REQ-R0C-01993,SCR-ADM-020,8,STRONG,BUSINESS_REQUIREMENT,"table 16, row 22, cell 5",False
REQ-R0C-01994,SCR-ADM-020,10,STRONG,USER_ACTION,"table 17, row 2, cell 8",False
REQ-R0C-01995,SCR-ADM-020,16,STRONG,USER_ACTION,"table 17, row 3, cell 8",False
REQ-R0C-01996,SCR-ADM-040,10,STRONG,BUSINESS_REQUIREMENT,"table 17, row 5, cell 7",False
REQ-R0C-01997,SCR-ADM-020,14,STRONG,USER_ACTION,"table 17, row 5, cell 8",False
REQ-R0C-01998,SCR-ADM-040,10,STRONG,BUSINESS_REQUIREMENT,"table 17, row 6, cell 8",False
REQ-R0C-01999,SCR-ADM-060,9,STRONG,BUSINESS_REQUIREMENT,"table 17, row 9, cell 8",False
REQ-R0C-02000,SCR-WEB-400,4,WEAK,BUSINESS_REQUIREMENT,"table 17, row 10, cell 6",False
REQ-R0C-02001,SCR-ADM-040,10,STRONG,BUSINESS_REQUIREMENT,"table 17, row 10, cell 7",False
REQ-R0C-02002,SCR-WEB-400,4,WEAK,BUSINESS_REQUIREMENT,"table 17, row 11, cell 6",False
REQ-R0C-02003,SCR-ADM-040,10,STRONG,BUSINESS_REQUIREMENT,"table 17, row 11, cell 7",False
REQ-R0C-02004,SCR-WEB-130,10,STRONG,BUSINESS_REQUIREMENT,"table 17, row 11, cell 8",False
REQ-R0C-02005,SCR-ADM-080,4,WEAK,BUSINESS_REQUIREMENT,"table 17, row 12, cell 7",False
REQ-R0C-02006,SCR-WEB-130,4,WEAK,BUSINESS_REQUIREMENT,"table 17, row 12, cell 8",False
REQ-R0C-02007,SCR-WEB-130,4,WEAK,BUSINESS_REQUIREMENT,"table 17, row 13, cell 6",False
REQ-R0C-02008,SCR-ADM-020,2,WEAK,BUSINESS_REQUIREMENT,"table 17, row 13, cell 8",False
REQ-R0C-02009,SCR-ADM-020,6,STRONG,BUSINESS_REQUIREMENT,"table 17, row 14, cell 8",False
REQ-R0C-02010,SCR-WEB-130,5,WEAK,BUSINESS_REQUIREMENT,"table 17, row 15, cell 8",False
REQ-R0C-02011,SCR-ADM-041,12,STRONG,USER_ACTION,"table 17, row 16, cell 8",False
REQ-R0C-02012,SCR-ADM-040,10,STRONG,BUSINESS_REQUIREMENT,"table 17, row 17, cell 6",False
REQ-R0C-02013,SCR-ADM-031,9,STRONG,BUSINESS_REQUIREMENT,"table 17, row 17, cell 7",False
REQ-R0C-02014,SCR-ADM-031,9,STRONG,USER_ACTION,"table 17, row 17, cell 8",False
REQ-R0C-02015,SCR-ADM-040,10,STRONG,BUSINESS_REQUIREMENT,"table 17, row 18, cell 6",False
REQ-R0C-02016,SCR-ADM-031,9,STRONG,USER_ACTION,"table 17, row 18, cell 8",False
REQ-R0C-02017,SCR-ADM-031,9,STRONG,BUSINESS_REQUIREMENT,"table 17, row 19, cell 7",False
REQ-R0C-02018,SCR-ADM-040,10,STRONG,BUSINESS_REQUIREMENT,"table 17, row 20, cell 6",False
REQ-R0C-02019,SCR-ADM-040,10,STRONG,BUSINESS_REQUIREMENT,"table 17, row 20, cell 7",False
REQ-R0C-02020,SCR-ADM-040,10,STRONG,BUSINESS_REQUIREMENT,"table 17, row 20, cell 8",False
REQ-R0C-02021,SCR-ADM-040,10,STRONG,BUSINESS_REQUIREMENT,"table 17, row 21, cell 7",False
REQ-R0C-02022,SCR-WEB-150,3,WEAK,BUSINESS_RULE,"table 17, row 21, cell 8",False
REQ-R0C-02023,SCR-ADM-040,10,STRONG,BUSINESS_REQUIREMENT,"table 19, row 2, cell 2",False
REQ-R0C-02024,SCR-ADM-020,10,STRONG,BUSINESS_REQUIREMENT,"table 19, row 3, cell 2",False
REQ-R0C-02025,SCR-ADM-040,10,STRONG,BUSINESS_REQUIREMENT,"table 19, row 5, cell 2",False
REQ-R0C-02026,SCR-ADM-020,4,WEAK,BUSINESS_REQUIREMENT,"table 19, row 6, cell 2",False
REQ-R0C-02027,SCR-ADM-040,8,STRONG,BUSINESS_RULE,"table 19, row 7, cell 2",False
REQ-R0C-02028,SCR-ADM-040,10,STRONG,BUSINESS_RULE,"table 19, row 8, cell 2",False
REQ-R0C-02029,SCR-ADM-020,16,STRONG,BUSINESS_RULE,"table 19, row 9, cell 2",False
REQ-R0C-02030,SCR-ADM-041,12,STRONG,BUSINESS_REQUIREMENT,"table 19, row 10, cell 2",False
REQ-R0C-02031,SCR-ADM-031,9,STRONG,USER_ACTION,"table 19, row 12, cell 2",False
REQ-R0C-02032,SCR-ADM-031,9,STRONG,BUSINESS_REQUIREMENT,"table 19, row 14, cell 2",False
REQ-R0C-02033,SCR-WEB-400,4,WEAK,BUSINESS_REQUIREMENT,"table 19, row 15, cell 2",False
REQ-R0C-02034,SCR-WEB-130,4,WEAK,BUSINESS_REQUIREMENT,"table 19, row 16, cell 2",False
REQ-R0C-02035,SCR-ADM-051,4,WEAK,USER_ACTION,"table 19, row 17, cell 2",False
REQ-R0C-02036,SCR-ADM-051,4,WEAK,USER_ACTION,"table 19, row 18, cell 2",False
REQ-R0C-02037,SCR-ADM-030,6,STRONG,BUSINESS_REQUIREMENT,"table 19, row 19, cell 2",False
REQ-R0C-02038,SCR-ADM-040,8,STRONG,BUSINESS_RULE,"table 19, row 20, cell 2",False
REQ-R0C-02039,SCR-ADM-010,8,STRONG,BUSINESS_REQUIREMENT,"table 19, row 21, cell 2",False
REQ-R0C-02040,SCR-ADM-020,10,STRONG,BUSINESS_REQUIREMENT,"table 19, row 22, cell 2",False
REQ-R0C-02041,SCR-ADM-040,15,STRONG,BUSINESS_RULE,"table 19, row 23, cell 2",False
REQ-R0C-02042,SCR-ADM-040,10,STRONG,BUSINESS_REQUIREMENT,"table 19, row 24, cell 2",False
REQ-R0C-02043,SCR-ADM-040,6,STRONG,BUSINESS_REQUIREMENT,"table 19, row 25, cell 2",False
REQ-R0C-02044,SCR-ADM-010,8,STRONG,BUSINESS_REQUIREMENT,"table 20, row 2, cell 4",False
REQ-R0C-02045,SCR-ADM-020,12,STRONG,BUSINESS_REQUIREMENT,"table 20, row 3, cell 4",False
REQ-R0C-02046,SCR-ADM-040,10,STRONG,BUSINESS_REQUIREMENT,"table 20, row 4, cell 2",False
REQ-R0C-02047,SCR-ADM-020,6,STRONG,BUSINESS_REQUIREMENT,"table 20, row 5, cell 4",False
REQ-R0C-02048,SCR-ADM-040,2,WEAK,BUSINESS_REQUIREMENT,"table 20, row 6, cell 2",False
REQ-R0C-02049,SCR-ADM-020,4,WEAK,BUSINESS_REQUIREMENT,"table 20, row 6, cell 4",False
REQ-R0C-02050,SCR-ADM-040,10,STRONG,BUSINESS_RULE,"table 20, row 7, cell 2",False
REQ-R0C-02051,SCR-ADM-040,10,STRONG,BUSINESS_REQUIREMENT,"table 20, row 8, cell 4",False
REQ-R0C-02052,SCR-ADM-010,8,STRONG,USER_ACTION,"table 20, row 9, cell 2",False
REQ-R0C-02053,SCR-WEB-400,4,WEAK,BUSINESS_REQUIREMENT,"table 20, row 11, cell 2",False
REQ-R0C-02054,SCR-WEB-400,4,WEAK,BUSINESS_REQUIREMENT,"table 20, row 11, cell 4",False
REQ-R0C-02055,SCR-ADM-020,2,WEAK,BUSINESS_REQUIREMENT,"table 20, row 12, cell 2",False
REQ-R0C-02056,SCR-WEB-130,4,WEAK,BUSINESS_REQUIREMENT,"table 20, row 12, cell 4",False
REQ-R0C-02057,SCR-ADM-020,2,WEAK,BUSINESS_REQUIREMENT,"table 20, row 13, cell 2",False
REQ-R0C-02058,SCR-ADM-040,4,WEAK,BUSINESS_REQUIREMENT,"table 20, row 15, cell 2",False
REQ-R0C-02059,SCR-ADM-031,9,STRONG,BUSINESS_REQUIREMENT,"table 20, row 16, cell 2",False
REQ-R0C-02060,SCR-ADM-031,9,STRONG,BUSINESS_REQUIREMENT,"table 20, row 16, cell 4",False
REQ-R0C-02061,SCR-ADM-040,4,WEAK,BUSINESS_REQUIREMENT,"table 20, row 17, cell 2",False
REQ-R0C-02062,SCR-ADM-031,9,STRONG,BUSINESS_REQUIREMENT,"table 20, row 18, cell 2",False
REQ-R0C-02063,SCR-ADM-031,9,STRONG,BUSINESS_REQUIREMENT,"table 20, row 18, cell 4",False
REQ-R0C-02064,SCR-ADM-010,8,STRONG,USER_ACTION,"table 21, row 2, cell 2",False
REQ-R0C-02065,SCR-ADM-040,10,STRONG,BUSINESS_REQUIREMENT,"table 21, row 4, cell 2",False
REQ-R0C-02066,SCR-ADM-020,4,WEAK,BUSINESS_REQUIREMENT,"table 21, row 5, cell 2",False
REQ-R0C-02067,SCR-WEB-140,6,STRONG,USER_ACTION,"table 21, row 6, cell 2",False
REQ-R0C-02068,SCR-WEB-400,4,WEAK,BUSINESS_REQUIREMENT,"table 21, row 7, cell 1",False
REQ-R0C-02069,SCR-WEB-400,4,WEAK,BUSINESS_REQUIREMENT,"table 21, row 7, cell 2",False
REQ-R0C-02070,SCR-WEB-400,4,WEAK,BUSINESS_REQUIREMENT,"table 21, row 8, cell 1",False
REQ-R0C-02071,SCR-WEB-130,4,WEAK,BUSINESS_REQUIREMENT,"table 21, row 9, cell 2",False
REQ-R0C-02072,SCR-ADM-031,9,STRONG,BUSINESS_REQUIREMENT,"table 21, row 11, cell 1",False
REQ-R0C-02073,SCR-ADM-031,9,STRONG,BUSINESS_REQUIREMENT,"table 21, row 11, cell 2",False
REQ-R0C-02074,SCR-ADM-031,9,STRONG,BUSINESS_REQUIREMENT,"table 21, row 12, cell 1",False
REQ-R0C-02075,SCR-ADM-031,9,STRONG,USER_ACTION,"table 21, row 13, cell 2",False
REQ-R0C-02076,SCR-ADM-020,12,STRONG,BUSINESS_REQUIREMENT,"table 21, row 14, cell 2",False
REQ-R0C-02077,SCR-ADM-040,10,STRONG,BUSINESS_REQUIREMENT,"table 21, row 16, cell 1",False
REQ-R0C-02078,SCR-ADM-040,4,WEAK,BUSINESS_REQUIREMENT,"table 21, row 20, cell 2",False
REQ-R0C-02079,SCR-ADM-040,10,STRONG,BUSINESS_REQUIREMENT,"table 21, row 21, cell 2",False
REQ-R0C-02080,SCR-ADM-040,2,WEAK,BUSINESS_REQUIREMENT,"table 23, row 2, cell 2",False
REQ-R0C-02081,SCR-WEB-400,4,WEAK,BUSINESS_REQUIREMENT,"table 23, row 10, cell 2",False
REQ-R0C-02082,SCR-ADM-031,9,STRONG,BUSINESS_REQUIREMENT,"table 23, row 12, cell 2",False
REQ-R0C-02083,SCR-ADM-040,2,WEAK,BUSINESS_REQUIREMENT,"table 23, row 15, cell 2",False
REQ-R0C-02084,SCR-ADM-020,10,STRONG,USER_ACTION,"table 24, row 2, cell 8",False
REQ-R0C-02085,SCR-ADM-020,16,STRONG,USER_ACTION,"table 24, row 3, cell 8",False
REQ-R0C-02086,SCR-ADM-040,10,STRONG,BUSINESS_REQUIREMENT,"table 24, row 5, cell 7",False
REQ-R0C-02087,SCR-ADM-020,14,STRONG,USER_ACTION,"table 24, row 5, cell 8",False
REQ-R0C-02088,SCR-ADM-040,10,STRONG,BUSINESS_REQUIREMENT,"table 24, row 6, cell 8",False
REQ-R0C-02089,SCR-ADM-060,9,STRONG,BUSINESS_REQUIREMENT,"table 24, row 9, cell 8",False
REQ-R0C-02090,SCR-WEB-400,4,WEAK,BUSINESS_REQUIREMENT,"table 24, row 10, cell 6",False
REQ-R0C-02091,SCR-ADM-040,10,STRONG,BUSINESS_REQUIREMENT,"table 24, row 10, cell 7",False
REQ-R0C-02092,SCR-WEB-400,4,WEAK,BUSINESS_REQUIREMENT,"table 24, row 11, cell 6",False
REQ-R0C-02093,SCR-ADM-040,10,STRONG,BUSINESS_REQUIREMENT,"table 24, row 11, cell 7",False
REQ-R0C-02094,SCR-WEB-130,10,STRONG,BUSINESS_REQUIREMENT,"table 24, row 11, cell 8",False
REQ-R0C-02095,SCR-ADM-080,4,WEAK,BUSINESS_REQUIREMENT,"table 24, row 12, cell 7",False
REQ-R0C-02096,SCR-WEB-130,4,WEAK,BUSINESS_REQUIREMENT,"table 24, row 12, cell 8",False
REQ-R0C-02097,SCR-WEB-130,4,WEAK,BUSINESS_REQUIREMENT,"table 24, row 13, cell 6",False
REQ-R0C-02098,SCR-ADM-020,2,WEAK,BUSINESS_REQUIREMENT,"table 24, row 13, cell 8",False
REQ-R0C-02099,SCR-ADM-020,6,STRONG,BUSINESS_REQUIREMENT,"table 24, row 14, cell 8",False
REQ-R0C-02100,SCR-WEB-130,5,WEAK,BUSINESS_REQUIREMENT,"table 24, row 15, cell 8",False
REQ-R0C-02101,SCR-ADM-041,12,STRONG,USER_ACTION,"table 24, row 16, cell 8",False
REQ-R0C-02102,SCR-ADM-040,10,STRONG,BUSINESS_REQUIREMENT,"table 24, row 17, cell 6",False
REQ-R0C-02103,SCR-ADM-031,9,STRONG,BUSINESS_REQUIREMENT,"table 24, row 17, cell 7",False
REQ-R0C-02104,SCR-ADM-031,9,STRONG,USER_ACTION,"table 24, row 17, cell 8",False
REQ-R0C-02105,SCR-ADM-040,10,STRONG,BUSINESS_REQUIREMENT,"table 24, row 18, cell 6",False
REQ-R0C-02106,SCR-ADM-031,9,STRONG,USER_ACTION,"table 24, row 18, cell 8",False
REQ-R0C-02107,SCR-ADM-031,9,STRONG,BUSINESS_REQUIREMENT,"table 24, row 19, cell 7",False
REQ-R0C-02108,SCR-ADM-040,10,STRONG,BUSINESS_REQUIREMENT,"table 24, row 20, cell 6",False
REQ-R0C-02109,SCR-ADM-040,10,STRONG,BUSINESS_REQUIREMENT,"table 24, row 20, cell 7",False
REQ-R0C-02110,SCR-ADM-040,10,STRONG,BUSINESS_REQUIREMENT,"table 24, row 20, cell 8",False
REQ-R0C-02111,SCR-ADM-040,10,STRONG,BUSINESS_REQUIREMENT,"table 24, row 21, cell 7",False
REQ-R0C-02112,SCR-WEB-150,3,WEAK,BUSINESS_RULE,"table 24, row 21, cell 8",False
REQ-R0C-02113,SCR-ADM-040,10,STRONG,BUSINESS_REQUIREMENT,"table 26, row 2, cell 2",False
REQ-R0C-02114,SCR-ADM-020,10,STRONG,BUSINESS_REQUIREMENT,"table 26, row 3, cell 2",False
REQ-R0C-02115,SCR-ADM-040,10,STRONG,BUSINESS_REQUIREMENT,"table 26, row 5, cell 2",False
REQ-R0C-02116,SCR-ADM-020,4,WEAK,BUSINESS_REQUIREMENT,"table 26, row 6, cell 2",False
REQ-R0C-02117,SCR-ADM-040,8,STRONG,BUSINESS_RULE,"table 26, row 7, cell 2",False
REQ-R0C-02118,SCR-ADM-040,10,STRONG,BUSINESS_RULE,"table 26, row 8, cell 2",False
REQ-R0C-02119,SCR-ADM-020,16,STRONG,BUSINESS_RULE,"table 26, row 9, cell 2",False
REQ-R0C-02120,SCR-ADM-041,12,STRONG,BUSINESS_REQUIREMENT,"table 26, row 10, cell 2",False
REQ-R0C-02121,SCR-ADM-031,9,STRONG,USER_ACTION,"table 26, row 12, cell 2",False
REQ-R0C-02122,SCR-ADM-031,9,STRONG,BUSINESS_REQUIREMENT,"table 26, row 14, cell 2",False
REQ-R0C-02123,SCR-WEB-400,4,WEAK,BUSINESS_REQUIREMENT,"table 26, row 15, cell 2",False
REQ-R0C-02124,SCR-WEB-130,4,WEAK,BUSINESS_REQUIREMENT,"table 26, row 16, cell 2",False
REQ-R0C-02125,SCR-ADM-051,4,WEAK,USER_ACTION,"table 26, row 17, cell 2",False
REQ-R0C-02126,SCR-ADM-051,4,WEAK,USER_ACTION,"table 26, row 18, cell 2",False
REQ-R0C-02127,SCR-ADM-030,6,STRONG,BUSINESS_REQUIREMENT,"table 26, row 19, cell 2",False
REQ-R0C-02128,SCR-ADM-040,8,STRONG,BUSINESS_RULE,"table 26, row 20, cell 2",False
REQ-R0C-02129,SCR-ADM-010,8,STRONG,BUSINESS_REQUIREMENT,"table 26, row 21, cell 2",False
REQ-R0C-02130,SCR-ADM-020,10,STRONG,BUSINESS_REQUIREMENT,"table 26, row 22, cell 2",False
REQ-R0C-02131,SCR-ADM-040,15,STRONG,BUSINESS_RULE,"table 26, row 23, cell 2",False
REQ-R0C-02132,SCR-ADM-040,10,STRONG,BUSINESS_REQUIREMENT,"table 26, row 24, cell 2",False
REQ-R0C-02133,SCR-ADM-040,6,STRONG,BUSINESS_REQUIREMENT,"table 26, row 25, cell 2",False
REQ-R0C-02134,SCR-ADM-010,8,STRONG,BUSINESS_REQUIREMENT,"table 27, row 2, cell 4",False
REQ-R0C-02135,SCR-ADM-020,12,STRONG,BUSINESS_REQUIREMENT,"table 27, row 3, cell 4",False
REQ-R0C-02136,SCR-ADM-040,10,STRONG,BUSINESS_REQUIREMENT,"table 27, row 4, cell 2",False
REQ-R0C-02137,SCR-ADM-020,6,STRONG,BUSINESS_REQUIREMENT,"table 27, row 5, cell 4",False
REQ-R0C-02138,SCR-ADM-040,2,WEAK,BUSINESS_REQUIREMENT,"table 27, row 6, cell 2",False
REQ-R0C-02139,SCR-ADM-020,4,WEAK,BUSINESS_REQUIREMENT,"table 27, row 6, cell 4",False
REQ-R0C-02140,SCR-ADM-040,10,STRONG,BUSINESS_RULE,"table 27, row 7, cell 2",False
REQ-R0C-02141,SCR-ADM-040,10,STRONG,BUSINESS_REQUIREMENT,"table 27, row 8, cell 4",False
REQ-R0C-02142,SCR-ADM-010,8,STRONG,USER_ACTION,"table 27, row 9, cell 2",False
REQ-R0C-02143,SCR-WEB-400,4,WEAK,BUSINESS_REQUIREMENT,"table 27, row 11, cell 2",False
REQ-R0C-02144,SCR-WEB-400,4,WEAK,BUSINESS_REQUIREMENT,"table 27, row 11, cell 4",False
REQ-R0C-02145,SCR-ADM-020,2,WEAK,BUSINESS_REQUIREMENT,"table 27, row 12, cell 2",False
REQ-R0C-02146,SCR-WEB-130,4,WEAK,BUSINESS_REQUIREMENT,"table 27, row 12, cell 4",False
REQ-R0C-02147,SCR-ADM-020,2,WEAK,BUSINESS_REQUIREMENT,"table 27, row 13, cell 2",False
REQ-R0C-02148,SCR-ADM-040,4,WEAK,BUSINESS_REQUIREMENT,"table 27, row 15, cell 2",False
REQ-R0C-02149,SCR-ADM-031,9,STRONG,BUSINESS_REQUIREMENT,"table 27, row 16, cell 2",False
REQ-R0C-02150,SCR-ADM-031,9,STRONG,BUSINESS_REQUIREMENT,"table 27, row 16, cell 4",False
REQ-R0C-02151,SCR-ADM-040,4,WEAK,BUSINESS_REQUIREMENT,"table 27, row 17, cell 2",False
REQ-R0C-02152,SCR-ADM-031,9,STRONG,BUSINESS_REQUIREMENT,"table 27, row 18, cell 2",False
REQ-R0C-02153,SCR-ADM-031,9,STRONG,BUSINESS_REQUIREMENT,"table 27, row 18, cell 4",False
REQ-R0C-02154,SCR-ADM-010,8,STRONG,USER_ACTION,"table 28, row 2, cell 2",False
REQ-R0C-02155,SCR-ADM-040,10,STRONG,BUSINESS_REQUIREMENT,"table 28, row 4, cell 2",False
REQ-R0C-02156,SCR-ADM-020,4,WEAK,BUSINESS_REQUIREMENT,"table 28, row 5, cell 2",False
REQ-R0C-02157,SCR-WEB-140,6,STRONG,USER_ACTION,"table 28, row 6, cell 2",False
REQ-R0C-02158,SCR-WEB-400,4,WEAK,BUSINESS_REQUIREMENT,"table 28, row 7, cell 1",False
REQ-R0C-02159,SCR-WEB-400,4,WEAK,BUSINESS_REQUIREMENT,"table 28, row 7, cell 2",False
REQ-R0C-02160,SCR-WEB-400,4,WEAK,BUSINESS_REQUIREMENT,"table 28, row 8, cell 1",False
REQ-R0C-02161,SCR-WEB-130,4,WEAK,BUSINESS_REQUIREMENT,"table 28, row 9, cell 2",False
REQ-R0C-02162,SCR-ADM-031,9,STRONG,BUSINESS_REQUIREMENT,"table 28, row 11, cell 1",False
REQ-R0C-02163,SCR-ADM-031,9,STRONG,BUSINESS_REQUIREMENT,"table 28, row 11, cell 2",False
REQ-R0C-02164,SCR-ADM-031,9,STRONG,BUSINESS_REQUIREMENT,"table 28, row 12, cell 1",False
REQ-R0C-02165,SCR-ADM-031,9,STRONG,USER_ACTION,"table 28, row 13, cell 2",False
REQ-R0C-02166,SCR-ADM-020,12,STRONG,BUSINESS_REQUIREMENT,"table 28, row 14, cell 2",False
REQ-R0C-02167,SCR-ADM-040,10,STRONG,BUSINESS_REQUIREMENT,"table 28, row 16, cell 1",False
REQ-R0C-02168,SCR-ADM-040,4,WEAK,BUSINESS_REQUIREMENT,"table 28, row 20, cell 2",False
REQ-R0C-02169,SCR-ADM-040,10,STRONG,BUSINESS_REQUIREMENT,"table 28, row 21, cell 2",False
REQ-R0C-02170,SCR-ADM-040,2,WEAK,BUSINESS_REQUIREMENT,"table 30, row 2, cell 2",False
REQ-R0C-02171,SCR-WEB-400,4,WEAK,BUSINESS_REQUIREMENT,"table 30, row 11, cell 2",False
REQ-R0C-02172,SCR-ADM-031,9,STRONG,BUSINESS_REQUIREMENT,"table 30, row 13, cell 2",False
REQ-R0C-02173,SCR-ADM-040,2,WEAK,BUSINESS_REQUIREMENT,"table 30, row 16, cell 2",False
REQ-R0C-02174,SCR-ADM-040,2,WEAK,BUSINESS_REQUIREMENT,"table 33, row 2, cell 2",False
REQ-R0C-02175,SCR-WEB-400,4,WEAK,BUSINESS_REQUIREMENT,"table 33, row 4, cell 2",False
REQ-R0C-02176,SCR-ADM-041,12,STRONG,BUSINESS_RULE,"table 35, row 2, cell 8",False
REQ-R0C-02177,SCR-ADM-040,10,STRONG,BUSINESS_REQUIREMENT,"table 35, row 4, cell 6",False
REQ-R0C-02178,SCR-ADM-020,14,STRONG,USER_ACTION,"table 35, row 4, cell 8",False
REQ-R0C-02179,SCR-ADM-041,8,STRONG,BUSINESS_REQUIREMENT,"table 35, row 5, cell 7",False
REQ-R0C-02180,SCR-ADM-041,8,STRONG,BUSINESS_REQUIREMENT,"table 35, row 5, cell 8",False
REQ-R0C-02181,SCR-ADM-041,8,STRONG,USER_ACTION,"table 35, row 6, cell 8",False
REQ-R0C-02182,SCR-ADM-040,2,WEAK,BUSINESS_REQUIREMENT,"table 35, row 7, cell 7",False
REQ-R0C-02183,SCR-ADM-051,4,WEAK,USER_ACTION,"table 35, row 7, cell 8",False
REQ-R0C-02184,SCR-ADM-040,2,WEAK,BUSINESS_REQUIREMENT,"table 35, row 9, cell 8",False
REQ-R0C-02185,SCR-ADM-040,2,WEAK,BUSINESS_REQUIREMENT,"table 36, row 4, cell 3",False
REQ-R0C-02186,SCR-ADM-040,2,WEAK,BUSINESS_REQUIREMENT,"table 36, row 5, cell 3",False
REQ-R0C-02187,SCR-WEB-400,8,STRONG,BUSINESS_REQUIREMENT,"table 36, row 6, cell 3",False
REQ-R0C-02188,SCR-WEB-400,4,WEAK,BUSINESS_REQUIREMENT,"table 36, row 7, cell 3",False
REQ-R0C-02189,SCR-WEB-400,4,WEAK,BUSINESS_REQUIREMENT,"table 36, row 8, cell 3",False
REQ-R0C-02190,SCR-ADM-040,2,WEAK,BUSINESS_REQUIREMENT,"table 36, row 9, cell 3",False
REQ-R0C-02191,SCR-ADM-041,12,STRONG,BUSINESS_RULE,"table 38, row 2, cell 2",False
REQ-R0C-02192,SCR-ADM-010,8,STRONG,USER_ACTION,"table 38, row 4, cell 2",False
REQ-R0C-02193,SCR-ADM-020,10,STRONG,USER_ACTION,"table 38, row 5, cell 2",False
REQ-R0C-02194,SCR-ADM-020,16,STRONG,BUSINESS_RULE,"table 38, row 6, cell 2",False
REQ-R0C-02195,SCR-ADM-041,10,STRONG,USER_ACTION,"table 38, row 7, cell 2",False
REQ-R0C-02196,SCR-ADM-041,8,STRONG,BUSINESS_REQUIREMENT,"table 38, row 8, cell 2",False
REQ-R0C-02197,SCR-ADM-041,8,STRONG,BUSINESS_REQUIREMENT,"table 38, row 9, cell 2",False
REQ-R0C-02198,SCR-ADM-051,4,WEAK,USER_ACTION,"table 38, row 10, cell 2",False
REQ-R0C-02199,SCR-ADM-051,4,WEAK,USER_ACTION,"table 38, row 11, cell 2",False
REQ-R0C-02200,SCR-ADM-051,4,WEAK,USER_ACTION,"table 38, row 12, cell 2",False
REQ-R0C-02201,SCR-ADM-040,2,WEAK,BUSINESS_REQUIREMENT,"table 38, row 13, cell 2",False
REQ-R0C-02202,SCR-ADM-040,2,WEAK,BUSINESS_REQUIREMENT,"table 38, row 14, cell 2",False
REQ-R0C-02203,SCR-ADM-020,2,WEAK,BUSINESS_RULE,"table 38, row 15, cell 2",False
REQ-R0C-02204,SCR-ADM-020,2,WEAK,BUSINESS_RULE,"table 38, row 16, cell 2",False
REQ-R0C-02205,SCR-ADM-041,10,STRONG,BUSINESS_REQUIREMENT,"table 38, row 18, cell 2",False
REQ-R0C-02206,SCR-ADM-040,10,STRONG,BUSINESS_REQUIREMENT,"table 38, row 19, cell 2",False
REQ-R0C-02207,SCR-ADM-010,8,STRONG,BUSINESS_REQUIREMENT,"table 38, row 20, cell 2",False
REQ-R0C-02208,SCR-ADM-041,11,STRONG,BUSINESS_REQUIREMENT,"table 38, row 21, cell 2",False
REQ-R0C-02209,SCR-ADM-041,8,STRONG,BUSINESS_REQUIREMENT,"table 38, row 22, cell 2",False
REQ-R0C-02210,SCR-ADM-041,12,STRONG,BUSINESS_REQUIREMENT,"table 38, row 23, cell 2",False
REQ-R0C-02211,SCR-ADM-041,8,STRONG,BUSINESS_REQUIREMENT,"table 38, row 24, cell 2",False
REQ-R0C-02212,SCR-ADM-040,8,STRONG,USER_ACTION,"table 39, row 3, cell 4",False
REQ-R0C-02213,SCR-ADM-010,8,STRONG,BUSINESS_REQUIREMENT,"table 39, row 4, cell 2",False
REQ-R0C-02214,SCR-ADM-080,5,WEAK,BUSINESS_REQUIREMENT,"table 39, row 5, cell 4",False
REQ-R0C-02215,SCR-ADM-051,4,WEAK,USER_ACTION,"table 39, row 6, cell 2",False
REQ-R0C-02216,SCR-ADM-051,4,WEAK,USER_ACTION,"table 39, row 7, cell 2",False
REQ-R0C-02217,SCR-ADM-020,2,WEAK,BUSINESS_REQUIREMENT,"table 39, row 7, cell 4",False
REQ-R0C-02218,SCR-ADM-051,4,WEAK,USER_ACTION,"table 39, row 8, cell 2",False
REQ-R0C-02219,SCR-ADM-020,2,WEAK,BUSINESS_REQUIREMENT,"table 39, row 8, cell 4",False
REQ-R0C-02220,SCR-ADM-040,2,WEAK,BUSINESS_REQUIREMENT,"table 39, row 9, cell 2",False
REQ-R0C-02221,SCR-ADM-040,2,WEAK,BUSINESS_REQUIREMENT,"table 39, row 9, cell 4",False
REQ-R0C-02222,SCR-ADM-020,2,WEAK,BUSINESS_REQUIREMENT,"table 39, row 10, cell 2",False
REQ-R0C-02223,SCR-ADM-020,2,WEAK,BUSINESS_REQUIREMENT,"table 39, row 10, cell 4",False
REQ-R0C-02224,SCR-ADM-040,2,WEAK,BUSINESS_REQUIREMENT,"table 39, row 11, cell 2",False
REQ-R0C-02225,SCR-ADM-040,2,WEAK,BUSINESS_REQUIREMENT,"table 39, row 11, cell 4",False
REQ-R0C-02226,SCR-ADM-040,2,WEAK,BUSINESS_REQUIREMENT,"table 39, row 12, cell 2",False
REQ-R0C-02227,SCR-ADM-040,2,WEAK,BUSINESS_REQUIREMENT,"table 39, row 12, cell 4",False
REQ-R0C-02228,SCR-ADM-020,14,STRONG,BUSINESS_REQUIREMENT,"table 40, row 2, cell 2",False
REQ-R0C-02229,SCR-ADM-040,2,WEAK,BUSINESS_REQUIREMENT,"table 40, row 5, cell 2",False
REQ-R0C-02230,SCR-ADM-040,2,WEAK,BUSINESS_REQUIREMENT,"table 40, row 7, cell 2",False
REQ-R0C-02231,SCR-ADM-040,2,WEAK,BUSINESS_REQUIREMENT,"table 40, row 8, cell 2",False
REQ-R0C-02232,SCR-WEB-130,4,WEAK,BUSINESS_REQUIREMENT,"table 40, row 9, cell 2",False
REQ-R0C-02233,SCR-WEB-130,4,WEAK,BUSINESS_REQUIREMENT,"table 40, row 10, cell 2",False
REQ-R0C-02234,SCR-ADM-041,12,STRONG,BUSINESS_REQUIREMENT,"table 40, row 15, cell 2",False
REQ-R0C-02235,SCR-ADM-011,8,STRONG,USER_ACTION,"table 43, row 2, cell 3",False
REQ-R0C-02236,SCR-WEB-310,12,STRONG,BUSINESS_REQUIREMENT,"table 43, row 3, cell 3",False
REQ-R0C-02237,SCR-ADM-011,6,STRONG,USER_ACTION,"table 43, row 4, cell 3",False
REQ-R0C-02238,SCR-ADM-040,6,STRONG,BUSINESS_REQUIREMENT,"table 43, row 5, cell 3",False
REQ-R0C-02239,SCR-WEB-130,6,STRONG,BUSINESS_REQUIREMENT,"table 43, row 6, cell 3",False
REQ-R0C-02240,SCR-VIR-720,4,WEAK,BUSINESS_REQUIREMENT,"table 43, row 7, cell 3",False
REQ-R0C-02241,SCR-ADM-010,10,STRONG,BUSINESS_REQUIREMENT,"table 44, row 2, cell 1",False
REQ-R0C-02242,SCR-WEB-150,8,STRONG,BUSINESS_REQUIREMENT,"table 48, row 2, cell 3",False
REQ-R0C-02243,SCR-WEB-150,8,STRONG,BUSINESS_REQUIREMENT,"table 48, row 3, cell 3",False
REQ-R0C-02244,SCR-WEB-150,8,STRONG,BUSINESS_REQUIREMENT,"table 48, row 4, cell 3",False
REQ-R0C-02245,SCR-ADM-051,4,WEAK,USER_ACTION,"table 49, row 2, cell 2",False
REQ-R0C-02246,SCR-WEB-130,6,STRONG,BUSINESS_REQUIREMENT,"table 49, row 2, cell 3",False
REQ-R0C-02247,SCR-ADM-010,10,STRONG,BUSINESS_REQUIREMENT,"table 49, row 3, cell 2",False
REQ-R0C-02248,SCR-ADM-020,6,STRONG,BUSINESS_REQUIREMENT,"table 49, row 4, cell 1",False
REQ-R0C-02249,SCR-VIR-720,8,STRONG,BUSINESS_REQUIREMENT,"table 49, row 4, cell 2",False
REQ-R0C-02250,SCR-ADM-040,2,WEAK,BUSINESS_REQUIREMENT,"table 49, row 5, cell 3",False
REQ-R0C-02251,SCR-ADM-030,6,STRONG,BUSINESS_REQUIREMENT,"table 49, row 7, cell 3",False
REQ-R0C-02252,SCR-ADM-040,2,WEAK,BUSINESS_REQUIREMENT,"table 49, row 7, cell 5",False
REQ-R0C-02253,SCR-ADM-001,2,WEAK,BUSINESS_REQUIREMENT,"table 49, row 8, cell 3",False
REQ-R0C-02254,SCR-WEB-310,6,STRONG,BUSINESS_REQUIREMENT,"table 49, row 9, cell 2",False
REQ-R0C-02255,SCR-ADM-011,2,WEAK,BUSINESS_REQUIREMENT,"table 49, row 9, cell 3",False
REQ-R0C-02256,SCR-WEB-310,6,STRONG,BUSINESS_REQUIREMENT,"table 49, row 9, cell 5",False
REQ-R0C-02257,SCR-ADM-040,10,STRONG,BUSINESS_REQUIREMENT,"table 49, row 10, cell 2",False
REQ-R0C-02258,SCR-ADM-040,2,WEAK,BUSINESS_REQUIREMENT,"table 49, row 11, cell 2",False
REQ-R0C-02259,SCR-WEB-150,8,STRONG,BUSINESS_REQUIREMENT,"table 49, row 11, cell 3",False
REQ-R0C-02260,SCR-WEB-130,6,STRONG,BUSINESS_REQUIREMENT,"table 49, row 12, cell 3",False
REQ-R0C-02261,SCR-VIR-720,4,WEAK,BUSINESS_REQUIREMENT,"table 49, row 13, cell 3",False
REQ-R0C-02262,SCR-WEB-150,8,STRONG,BUSINESS_REQUIREMENT,"table 49, row 14, cell 3",False
REQ-R0C-02263,SCR-ADM-040,4,WEAK,BUSINESS_REQUIREMENT,"table 49, row 15, cell 5",False
